cycle,t,joint_id,motor_q,motor_dq,motor_tau,motor_kp,motor_kd,tau_applied,tau_dist,tau_total,disturbance_scale,q_ref_shaped,dq_ref_shaped,q_actual,dq_actual,q_error_raw,dq_error_raw,u_star,u_feedback,u_t,eta_q,eta_dq,x_hat_q,x_hat_dq,rho_q,rho_dq,x_bar_q,q_ref_shaped_next,dq_ref_shaped_next,x_bar_dq,r_d_q,r_d_dq,e_q,e_dq,observer_qacc,observer_tau_applied,u_raw,q_ref_raw,dq_ref_raw,q_error_raw2,dq_error_raw2,q_error_shaped,dq_error_shaped,eta_u,flags,joint_flags
0,0,1,-0.523079991341,0,-0.20000000298,0,0,-0.20000000298,0,-0.20000000298,0,-0.52308,0,-0.52308,0,0,-0.00999015786695,-5.42478918133,0,-0.2,0,0,-0.52308,0,-3.44444472944e-11,8.61110413534e-09,-0.52308,-0.523080000026,-3.89471557514e-08,0,-0.568208228891,-0.00188034287048,-0.0451282288915,-0.00188034287048,5.19833872031,-0.2,-5.42478918133,-0.52308,-0.00999015786695,0,-0.00999015786695,0,0,0,4,0
0,0,2,0.778850018978,0,0.20000000298,0,0,0.20000000298,0,0.20000000298,0,0.77885,0,0.77885,0,0,0.0124876860709,1.4189218201,0,0.2,0,0,0.77885,0,4.30554480957e-11,-1.07638747847e-08,0.77885,0.778850000033,4.86839007806e-08,0,0.790653855696,0.00049182732066,0.0118038556958,0.00049182732066,-4.87277582942,0.2,1.4189218201,0.77885,0.0124876860709,0,0.0124876860709,0,0,0,4,0
5,0.01,1,-0.523193240166,0,-1.20000004768,0,0,-1.20000004768,0,-1.20000004768,0,-0.52308000236,-5.48642301782e-07,-0.523193269573,-0.0241772431982,4.22994913079e-05,0.0218595265731,-5.42479100303,-0.139221888357,-1.2,-9.24878307521e-05,-0.00819896072734,-0.522953557827,0.0352278288954,-1.41717748647e-11,3.54292988584e-09,-0.523046045658,-0.523080003509,-5.84984019702e-07,0.027028868168,-0.568130807393,-0.00187766551867,-0.0450847617354,-0.0289065336867,4.17599922832,-1.2,-5.55470407669,-0.523150970081,-0.00231771662513,4.22994913079e-05,0.0218595265731,0.000113267212382,0.0241766945559,-0.00930881469637,4,0
5,0.01,2,0.779066026211,0,1.20000004768,0,0,1.20000004768,0,1.20000004768,0,0.778850002951,6.85802258695e-07,0.779065998194,0.0460685486947,-0.000127285672186,-0.0431714055263,1.41892290397,0.0422811949458,1.2,0.000100214915255,0.00889686923469,0.77880540864,-0.0186873169389,1.77146075586e-11,-4.4286645678e-09,0.778905623555,0.778850004386,7.31229365122e-07,-0.00979044770418,0.790569851456,0.000489012823318,0.0116642279005,0.0102794605275,-0.836992666591,1.2,1.4511046507,0.778938712522,0.00289714316845,-0.000127285672186,-0.0431714055263,-0.000215995243521,-0.0460678628925,0.0100994482177,4,0
10,0.02,1,-0.523761332035,0,-2.20000004768,0,0,-2.20000004768,0,-2.20000004768,0,-0.523080005474,4.19208928443e-07,-0.523761336391,-0.0808889769276,0.000640097019462,0.0881618118547,-5.42455510642,0.0491805345703,-2.2,-0.000181173625627,-0.0153407158693,-0.523338091061,0.0160472492676,3.57735174816e-10,-8.94338042771e-08,-0.523519264687,-0.523080004124,9.4341715392e-07,0.000706533398219,-0.568060583418,-0.00187377153875,-0.0445413187315,-0.00258030493697,3.21431300219,-2.2,-5.35785977247,-0.523121239372,0.00727283492714,0.000640097019462,0.0881618118547,0.000681330916992,0.0808893961365,-0.0175147993769,4,0
10,0.02,2,0.780112743378,0,1.01337194443,0,0,1.01337194443,0,1.01337194443,0,0.778850006843,-5.24010687943e-07,0.780112753778,0.143752689847,-0.0012112046097,-0.152843725307,1.41884860974,-0.386113583281,1.01337192752,0.00020019585213,0.0169607487184,0.779644468339,0.0363896675714,-4.47168524431e-10,1.11792141362e-07,0.779844664191,0.778850005155,-1.1792703788e-06,0.0533504162898,0.790492174004,0.000484566287681,0.0106475098127,-0.0528658500022,-1.85205807113,1.01337192752,1.01337192752,0.778901549168,-0.00909103545962,-0.0012112046097,-0.152843725307,-0.00126274693512,-0.143753213858,0.019363098944,4,0
15,0.03,1,-0.52497625351,0,-3.20000004768,0,0,-3.20000004768,0,-3.20000004768,0,-0.523079987711,2.98384436745e-06,-0.524976237319,-0.149956288715,0.00193747669051,0.157229123643,-5.42469517257,0.480729783318,-3.2,-0.000217287900011,-0.0181895144572,-0.524481901362,-0.039092621138,8.82859341189e-11,-2.20714921917e-08,-0.524699189262,-0.52307998153,3.15634157522e-06,-0.0572821355953,-0.568034426837,-0.0018701177859,-0.0433352375753,0.0554120178094,2.29467853575,-3.2,-4.92316841999,-0.523038760628,0.00727283492714,0.00193747669051,0.157229123643,0.00189624960816,0.14995927256,-0.0207969692574,4,0
15,0.03,2,0.782051026821,0,0.445363819599,0,0,0.445363819599,0,0.445363819599,0,0.778849984638,-3.72980209536e-06,0.782051048302,0.224091508274,-0.00325259746992,-0.233182543734,1.41888976167,-0.95035628419,0.445363814556,0.00024199463687,0.0202657272778,0.781499973483,0.100394196211,-1.10357278871e-10,2.75893309535e-08,0.781741968119,0.778849976913,-3.9454234106e-06,0.120659923489,0.790460827748,0.000480055327453,0.00871885962804,-0.120179868162,-4.42530978956,0.445363814556,0.445363814556,0.778798450832,-0.00909103545962,-0.00325259746992,-0.233182543734,-0.00320106366347,-0.224095238076,0.0231696629202,4,0
20,0.04,1,-0.526944279671,0,-4.19999980927,0,0,-4.19999980927,0,-4.19999980927,0,-0.523079962486,6.42173859787e-07,-0.526944260834,-0.229433159729,0.00393523091586,0.227115443104,-5.42541284097,1.09087200157,-4.2,-0.000230556859728,-0.0192491462296,-0.526423102165,-0.113155894977,-1.06315134474e-09,2.65787839173e-07,-0.526653659025,-0.523079962686,-8.97356475882e-07,-0.132405041206,-0.56803023226,-0.00187228573339,-0.0413765732352,0.130532755473,1.40363527876,-4.2,-4.31252501086,-0.523009029919,-0.00231771662513,0.00393523091586,0.227115443104,0.00386429834864,0.229433801903,-0.0220158285463,4,0
20,0.04,2,0.784652292728,0,-0.122368074954,0,0,-0.122368074954,0,-0.122368074954,0,0.778849953107,-8.02716600763e-07,0.784652264654,0.281131368375,-0.00589097717537,-0.278234225206,1.41911520762,-1.51676007191,-0.122368078451,0.00025880302889,0.0216175778191,0.784066590621,0.150323060819,1.32893795968e-09,-3.32234503377e-07,0.78432539365,0.778849953357,1.12169458318e-06,0.171940638639,0.790449747853,0.000482522064493,0.00612435420349,-0.171458116574,-6.94545756478,-0.122368078451,-0.122368078451,0.778761287478,0.00289714316845,-0.00589097717537,-0.278234225206,-0.0058023115463,-0.281132171092,0.0247232141657,4,0
25,0.05,1,-0.529717683792,0,-3.57624721527,0,0,-3.57624721527,0,-3.57624721527,0,-0.52308,-8.23263009406e-06,-0.529717696077,-0.305765418668,0.00663769607665,0.295775260801,-5.42444938094,1.82636869172,-3.57624727684,-0.000230074689834,-0.0190725161092,-0.529206528523,-0.193650977766,1.15174469961e-09,-2.87936167946e-07,-0.529436603212,-0.523080016293,-7.28248574644e-06,-0.212723493875,-0.568023772355,-0.00188088981157,-0.038587169143,0.210842604064,2.14562066976,-3.57624727684,-3.57624727684,-0.52308,-0.00999015786695,0.00663769607665,0.295775260801,0.00663769607665,0.305757186038,-0.0218334123872,4,0
25,0.05,2,0.78765642643,0,-0.636309802532,0,0,-0.636309802532,0,-0.636309802532,0,0.77885,1.02907783362e-05,0.78765644354,0.307122703849,-0.00880644353982,-0.294635017779,1.41882383646,-2.03051076037,-0.636309803037,0.000259540637151,0.0215083914786,0.787080233158,0.180849480284,-1.4396818182e-09,3.59920465802e-07,0.787339773795,0.778850020366,9.1030963818e-06,0.202357871762,0.790448205538,0.000493549342404,0.00310843174219,-0.20186432242,-9.17472034045,-0.636309803037,-0.636309803037,0.77885,0.0124876860709,-0.00880644353982,-0.294635017779,-0.00880644353982,-0.307112413071,0.0246228791244,4,0
30,0.06,1,-0.533092021942,0,-2.83871221542,0,0,-2.83871221542,0,-2.83871221542,0,-0.523079895445,5.51205775368e-05,-0.53309200588,-0.355156456439,0.0101003127329,0.398787325457,-5.4107070901,2.55306665242,-2.83871233417,-0.000200252017611,-0.0165250792976,-0.532651918462,-0.259498529773,2.33846920716e-08,-5.84617303105e-06,-0.532852170479,-0.523079752831,8.88452921904e-05,-0.276023609071,-0.56793351613,-0.00181378028436,-0.0350813456509,0.274209828787,2.99325069268,-2.83871233417,-2.83871233417,-0.522991693147,0.0436308690182,0.0101003127329,0.398787325457,0.0100121104357,0.355211577017,-0.0189281035089,4,0
30,0.06,2,0.790658056736,0,-1.00544345379,0,0,-1.00544345379,0,-1.00544345379,0,0.778849869306,-6.89007396477e-05,0.79065804645,0.290628576211,-0.0119184301285,-0.345167173729,1.41448899107,-2.39881673829,-1.0054434092,0.000223561320976,0.0184329261169,0.79016774214,0.184267101084,-2.92308663941e-08,7.30771660281e-06,0.790391303461,0.778849691039,-0.000111056634901,0.202700027201,0.790441189894,0.000414070951547,4.98864337574e-05,-0.202285956249,-10.7054660823,-1.0054434092,-1.0054434092,0.778739616322,-0.0545385975174,-0.0119184301285,-0.345167173729,-0.0118081771446,-0.290697476951,0.0211156619686,4,0
35,0.07,1,-0.536820590496,0,-2.1653418541,0,0,-2.1653418541,0,-2.1653418541,0,-0.523078252279,0.000309974358276,-0.536820570617,-0.382048930149,0.0148275118247,0.544017830104,-5.39202172043,3.21104044803,-2.16534183705,-0.000165553796838,-0.0136527897856,-0.536457332198,-0.303174116286,5.27985961618e-08,-1.31996490422e-05,-0.536622885995,-0.523077556121,0.000387678011365,-0.316826906072,-0.567803789486,-0.00155358969201,-0.0311809034912,0.31527331638,3.7598698189,-2.16534183705,-2.16534183705,-0.521993058792,0.161968899955,0.0148275118247,0.544017830104,0.0137423183375,0.382358904508,-0.0156394353477,4,0
35,0.07,2,0.793307304382,0,-1.18920361996,0,0,-1.18920361996,0,-1.18920361996,0,0.778847815348,-0.000387467976029,0.793307278234,0.2448639698,-0.0158159549687,-0.447325105904,1.40843522374,-2.5805190371,-1.18920367185,0.000181411716631,0.0149429178824,0.792910390505,0.158917736606,-6.59982467566e-08,1.64995616811e-05,0.793091802222,0.778846945151,-0.000484597544707,0.173860654489,0.790422015961,9.47903828108e-05,-0.00266978626099,-0.173765864106,-11.3722762694,-1.18920367185,-1.18920367185,0.777491323265,-0.202461136103,-0.0158159549687,-0.447325105904,-0.0144594628854,-0.245251437776,0.017119858482,4,0
40,0.08,1,-0.540713191032,0,-1.57294130325,0,0,-1.57294130325,0,-1.57294130325,0,-0.523072957603,0.00078356618084,-0.540713176179,-0.392195177257,0.0209940487873,0.682878290854,-5.37466148454,3.7887106791,-1.57294133686,-0.000137539819281,-0.0113589907444,-0.540410340591,-0.326201431512,7.92224148505e-08,-1.98056037141e-05,-0.54054788041,-0.523071273796,0.00090132008979,-0.337560422256,-0.567675955309,-0.00107489205693,-0.0271280748988,0.336485530199,4.42816945994,-1.57294133686,-1.57294133686,-0.519719127392,0.290683113597,0.0209940487873,0.682878290854,0.0176402185763,0.392978743438,-0.0130094685758,4,0
40,0.08,2,0.79539680481,0,-1.2109413147,0,0,-1.2109413147,0,-1.2109413147,0,0.778841197003,-0.000979457766526,0.795396778303,0.183795253292,-0.0207478693985,-0.547149156293,1.4025852195,-2.59963181465,-1.2109413496,0.000147082834316,0.0121297604408,0.795074059622,0.113698453831,-9.90280203395e-08,2.47570050908e-05,0.795221142456,0.778839092244,-0.00112665015538,0.125828214272,0.790393561357,-0.000498109251778,-0.00482758109986,-0.126326323523,-11.3045783407,-1.2109413496,-1.2109413496,0.774648908904,-0.363353903,-0.0207478693985,-0.547149156293,-0.0165555813,-0.184774711059,0.0138947544526,4,0
45,0.09,1,-0.54463326931,0,-1.06217205524,0,0,-1.06217205524,0,-1.06217205524,0,-0.523062021381,0.00142217113024,-0.544633273577,-0.390611952154,0.0283479143123,0.778640311728,-5.36580276605,4.29238492988,-1.06217205491,-0.000118620803509,-0.00982233161775,-0.544370420775,-0.332983998485,9.12646808127e-08,-2.28161702158e-05,-0.544489041578,-0.523059040345,0.00155896607702,-0.342806330103,-0.567605996297,-0.000433827824623,-0.0231169547192,0.342372502278,4.99999396231,-1.06217205491,-1.06217205491,-0.516285359264,0.388028359574,0.0283479143123,0.778640311728,0.0215712521961,0.392034123284,-0.0112457812599,4,0
45,0.09,2,0.796843349934,0,-1.11204612255,0,0,-1.11204612255,0,-1.11204612255,0,0.778827526725,-0.00177771396734,0.79684336347,0.118626481998,-0.026486664834,-0.603661942293,1.39922031869,-2.49958915497,-1.11204608681,0.000123337734668,0.0101971977117,0.796571081015,0.059137510706,-1.14080853097e-07,2.85202132787e-05,0.79669441875,0.778823800431,-0.00194870765384,0.0693347084177,0.790370346009,-0.00129676316381,-0.00632407274085,-0.0706314715815,-10.7092659593,-1.11204608681,-1.11204608681,0.770356698636,-0.485035460295,-0.026486664834,-0.603661942293,-0.0180158367452,-0.120404195965,0.0116772505278,4,0
50,0.1,1,-0.548488140106,0,-0.62336230278,0,0,-0.62336230278,0,-0.62336230278,0,-0.52304441439,0.00208833766825,-0.548488139195,-0.381252443431,0.0363264513185,0.806107601923,-5.36678985617,4.73317550169,-0.623362296279,-0.000107859971111,-0.00895773854611,-0.5482474158,-0.328128350972,9.07414091644e-08,-2.26853522869e-05,-0.548355275771,-0.52304010813,0.00222118623479,-0.337086089518,-0.567604867475,0.000231652123031,-0.0192495917041,0.337317741642,5.48811545506,-0.623362296279,-0.623362296279,-0.512161687876,0.424855158491,0.0363264513185,0.806107601923,0.0254437248045,0.3833407811,-0.0102520581994,4,0
50,0.1,2,0.797656059265,0,-0.935472726822,0,0,-0.935472726822,0,-0.935472726822,0,0.778805517986,-0.00261042215591,0.79765603617,0.0572654375456,-0.0324539268769,-0.588334396396,1.39888690868,-2.32401277627,-0.935472751126,0.000108996242297,0.00903892863109,0.79741363442,0.00394250023875,-1.13426763759e-07,2.83566909353e-05,0.797522630662,0.77880013516,-0.00277648286755,0.0129814288698,0.790356630847,-0.00212912578671,-0.00716599981536,-0.0151105546565,-9.79265174353,-0.935472751126,-0.935472751126,0.765202109293,-0.53106895885,-0.0324539268769,-0.588334396396,-0.0188505181838,-0.0598758597015,0.0103468835386,4,0
55,0.11,1,-0.552214682102,0,-0.191956579685,0,0,-0.191956579685,0,-0.191956579685,0,-0.523019625801,0.00295356767081,-0.552214657721,-0.366181457623,0.0444785400284,0.841335413813,-5.32329020167,5.12154900668,-0.191956573984,-0.000102794927832,-0.00855108187345,-0.551984339083,-0.315184954757,1.58077224643e-07,-3.95193061642e-05,-0.552087134011,-0.523013488222,0.00318734737416,-0.323736036631,-0.567222098569,0.00111179797214,-0.0151349645583,0.324847834603,5.95920846072,-0.191956573984,-0.191956573984,-0.507736117692,0.47515395619,0.0444785400284,0.841335413813,0.0291950319194,0.369135025293,-0.00978462100744,4,0
55,0.11,2,0.797900080681,0,-0.734456479549,0,0,-0.734456479549,0,-0.734456479549,0,0.778774532249,-0.00369195967673,0.797900069408,0.00357694360808,-0.0382299229524,-0.597519399432,1.38452048639,-2.1093654612,-0.734456472767,0.000101106598473,0.00839821877822,0.797674342644,-0.0462390940642,-1.97596533136e-07,4.93991332978e-05,0.797775449243,0.778766860275,-0.00398418430951,-0.037840875286,0.790212250004,-0.00321538810362,-0.00756319923899,0.0346254871823,-8.79033251183,-0.734456472767,-0.734456472767,0.759670146456,-0.593942455824,-0.0382299229524,-0.597519399432,-0.0191255371595,-0.00726890328481,0.00961149795989,4,0
60,0.12,1,-0.555760622025,0,0.189178392291,0,0,0.189178392291,0,0.189178392291,0,-0.522983680079,0.00431380674123,-0.555760599346,-0.346327002268,0.0532970208854,0.930758844513,-5.28301697539,5.4626219756,0.189178386723,-0.000100468064808,-0.00836776972646,-0.555534829664,-0.296203995057,2.18608524172e-07,-5.46521310346e-05,-0.555635297728,-0.522974729835,0.0046390780479,-0.304571764783,-0.566852881511,0.0024859233482,-0.0112175837828,0.307057688131,6.3717102012,0.189178386723,0.189178386723,-0.50246357846,0.584431842244,0.0532970208854,0.930758844513,0.032776919267,0.350640809009,-0.00957338650416,4,0
60,0.12,2,0.79765945673,0,-0.518313407898,0,0,-0.518313407898,0,-0.518313407898,0,0.778729600095,-0.00539225853287,0.797659468528,-0.0412107671756,-0.0445799962159,-0.689329045842,1.3706835263,-1.87984432861,-0.518313415343,9.61710763861e-05,0.00799856011968,0.797444092875,-0.088877885499,-2.73260657657e-07,6.83151644164e-05,0.797540263952,0.77871841229,-0.00579884766989,-0.0808793253793,0.790056027103,-0.0049203240742,-0.00748423684891,0.0759590013051,-7.75009354273,-0.518313415343,-0.518313415343,0.753079472312,-0.730539813018,-0.0445799962159,-0.689329045842,-0.0189298684331,0.0358185086427,0.00915261303631,4,0
65,0.13,1,-0.559086501598,0,0.514123797417,0,0,0.514123797417,0,0.514123797417,0,-0.52293199472,0.00607712443976,-0.559086491947,-0.323060700905,0.0630611989096,1.02389677301,-5.25509946789,5.75965917468,0.514123819211,-0.000100282815642,-0.0083607186269,-0.558860594161,-0.27280081771,2.57924995584e-07,-6.44812488993e-05,-0.558960876977,-0.522919456158,0.00646272510752,-0.281161536337,-0.566569030607,0.00425891461117,-0.00760815362943,0.285420450949,6.72073021855,0.514123819211,0.514123819211,-0.496025293037,0.700836072103,0.0630611989096,1.02389677301,0.0361544972261,0.329137825345,-0.00956411241461,4,0
65,0.13,2,0.797029852867,0,-0.301537781954,0,0,-0.301537781954,0,-0.301537781954,0,0.778664993396,-0.00759640567458,0.79702984878,-0.0761143876779,-0.0519982333468,-0.799930712196,1.36029858109,-1.65291767257,-0.301537770331,9.36174524939e-05,0.00779526941922,0.796819600261,-0.122765524195,-3.22406247033e-07,8.06015617621e-05,0.796913217713,0.778649320192,-0.00807840651308,-0.114970254775,0.789906975252,-0.00712798976392,-0.00700624246157,0.107842265011,-6.7362150059,-0.301537770331,-0.301537770331,0.745031615433,-0.876045099874,-0.0519982333468,-0.799930712196,-0.0183648553839,0.0685179820034,0.00891867884915,4,0
70,0.14,1,-0.562165677547,0,0.779055833817,0,0,0.779055833817,0,0.779055833817,0,-0.522861425781,0.00805168154155,-0.562165662739,-0.297605204699,0.0736151511203,1.08421912727,-5.24666094996,6.01600434386,0.77905581377,-0.000101771127721,-0.00849116634591,-0.561935999258,-0.24642575037,2.65103507036e-07,-6.62758767609e-05,-0.562037770386,-0.522844923772,0.00844983190538,-0.254916916716,-0.566427028804,0.00623644808225,-0.00438925841852,0.261153364798,7.00349701103,0.77905581377,0.77905581377,-0.488550511618,0.786613922568,0.0736151511203,1.08421912727,0.0393042369579,0.30565688624,-0.00971241987857,4,0
70,0.14,2,0.796111881733,0,-0.0951235294342,0,0,-0.0951235294342,0,-0.0951235294342,0,0.77857678222,-0.0100646020713,0.796111879147,-0.10091657056,-0.0604237405821,-0.882350841987,1.35575915557,-1.44201615007,-0.0951235288563,9.2990966803e-05,0.00775064275276,0.79590254734,-0.147462160898,-3.31379386487e-07,8.28448466348e-05,0.795995538307,0.778556154709,-0.0105622900302,-0.139711518146,0.789781434875,-0.00959774154404,-0.0062141034322,0.130113776602,-5.79602778061,-0.0951235288563,-0.0951235288563,0.735688138565,-0.983267412547,-0.0604237405821,-0.882350841987,-0.0175350969268,0.090851968489,0.00886653435439,4,0
75,0.15,1,-0.564982831478,0,0.993379533291,0,0,0.993379533291,0,0.993379533291,0,-0.522771117459,0.00997874342061,-0.564982822838,-0.271040339789,0.0845073113129,1.08915303159,-5.2515233306,6.23492370057,0.993379554684,-0.000104520241017,-0.00872494182239,-0.564746670965,-0.218359284937,2.57314451413e-07,-6.43286128579e-05,-0.564851191206,-0.522750785952,0.010358739328,-0.227084226759,-0.566374950908,0.00816191702689,-0.00152375970204,0.235246143786,7.23040416959,0.993379554684,0.993379554684,-0.480475511525,0.818112691796,0.0845073113129,1.08915303159,0.0422117053798,0.28101908321,-0.00997918471459,4,0
75,0.15,2,0.795004844666,0,0.089752048254,0,0,0.089752048254,0,0.089752048254,0,0.778463896816,-0.012473429442,0.795004847192,-0.115971769355,-0.0694104588357,-0.906669104549,1.35538541637,-1.25667574178,0.0897520473788,9.38850686668e-05,0.00783100638924,0.794793124197,-0.163123986283,-3.21643067402e-07,8.0410766842e-05,0.794887009266,0.778438482432,-0.0129484243309,-0.155292979894,0.789664682583,-0.012006730035,-0.00522232668263,0.143286249859,-4.97520369636,0.0897520473788,0.0897520473788,0.725594388356,-1.0226408739,-0.0694104588357,-0.906669104549,-0.0165409503762,0.103498339913,0.00895762721324,4,0
80,0.16,1,-0.567525863647,0,1.25077617168,0,0,1.25077617168,0,1.25077617168,0,-0.522660815995,0.0122223135766,-0.567525857239,-0.242757745735,0.0953799735848,1.10292340927,-5.17828831939,6.41884897241,1.25077617524,-0.000107106379076,-0.00893024566977,-0.567284545949,-0.18907716325,3.66834219445e-07,-9.17085548711e-05,-0.567391652328,-0.522635830927,0.0127676597177,-0.19800740892,-0.565653449317,0.0104309538549,0.00173820301135,0.208438362775,7.49487479966,1.25077617524,1.25077617524,-0.472145883654,0.860165663538,0.0953799735848,1.10292340927,0.0448650412439,0.254980059312,-0.0102155222187,4,0
80,0.16,2,0.79379349947,0,0.219313383102,0,0,0.219313383102,0,0.219313383102,0,0.778326019985,-0.0152778921592,0.793793476898,-0.123969244744,-0.0786111234714,-0.951237843571,1.33040105992,-1.10207311077,0.21931337828,9.4611905358e-05,0.00787922801093,0.793580914139,-0.171130643439,-4.58542777082e-07,0.000114635694283,0.793675526044,0.778294788649,-0.0159595748397,-0.163251415428,0.789318489911,-0.0148198725789,-0.00435703613303,0.148431542849,-4.40416256283,0.21931337828,0.21931337828,0.715182353427,-1.07520708831,-0.0786111234714,-0.951237843571,-0.0154674569133,0.108691352585,0.00901457087522,4,0
85,0.17,1,-0.569770395756,0,1.45266795158,0,0,1.45266795158,0,1.45266795158,0,-0.522524165105,0.0152138970165,-0.569770385048,-0.211979999961,0.106654832626,1.1616665238,-5.12217646407,6.56456842687,1.4526678974,-0.000107772909927,-0.00898265968249,-0.569527778915,-0.158043847397,4.46690674227e-07,-0.000111672668549,-0.569635551825,-0.522493073484,0.0158808289439,-0.167026507079,-0.565049507465,0.0134420077515,0.00458604436035,0.180468514831,7.69783949464,1.4526678974,1.4526678974,-0.463115552422,0.949686523839,0.106654832626,1.1616665238,0.0472462199428,0.227193896978,-0.0102759346016,4,0
85,0.17,2,0.792527914047,0,0.326907932758,0,0,0.326907932758,0,0.326907932758,0,0.77815520637,-0.0190173714785,0.792527902346,-0.12775773894,-0.0886334630455,-1.05935042412,1.3100189542,-0.974245226465,0.326907931312,9.30832492479e-05,0.00774879742734,0.792318979126,-0.17408166772,-5.58363345227e-07,0.000139590836293,0.792412062375,0.778116341843,-0.0198510363913,-0.166332870293,0.788979357423,-0.0185663651846,-0.00343270495191,0.147766505108,-3.93951007708,0.326907931312,0.326907931312,0.7038944393,-1.18710816306,-0.0886334630455,-1.05935042412,-0.0143726959754,0.108740367461,0.00886579641832,4,0
90,0.18,1,-0.571697533131,0,1.59060263634,0,0,1.59060263634,0,1.59060263634,0,-0.522354894607,0.0186963394143,-0.57169753326,-0.179757733715,0.118554396049,1.22214404657,-5.0905529593,6.67082387249,1.59060259142,-0.000108331658527,-0.0090316983222,-0.571453508697,-0.125470038798,4.85690010654e-07,-0.000121422502658,-0.571561840355,-0.522316775216,0.0194239626731,-0.13450173712,-0.564616700758,0.0169354308247,0.00694513959743,0.151437167945,7.83095082265,1.59060259142,1.59060259142,-0.453143137211,1.04238631286,0.118554396049,1.22214404657,0.0493426386536,0.198454073129,-0.0103316782245,4,0
90,0.18,2,0.791247606277,0,0.417302817106,0,0,0.417302817106,0,0.417302817106,0,0.777943618245,-0.0233704244933,0.791247632046,-0.127703261002,-0.0998187118379,-1.1752796376,1.29676651541,-0.870733871366,0.417302815714,9.16152249825e-05,0.00763044563059,0.791041752227,-0.173408076832,-6.07112515594e-07,0.000151778128889,0.791133367452,0.777895969006,-0.0242799535703,-0.165777631201,0.78865865481,-0.0229239646364,-0.00247471264259,0.142853666565,-3.55787623138,0.417302815714,0.417302815714,0.691428920208,-1.30298289861,-0.0998187118379,-1.1752796376,-0.0133040138009,0.104332836509,0.00872982833038,4,0
95,0.19,1,-0.573299944401,0,1.66461610794,0,0,1.66461610794,0,1.66461610794,0,-0.522149669849,0.022349390103,-0.573299951084,-0.147272419927,0.130940924898,1.25547265409,-5.0858728338,6.74002730817,1.66461608489,-0.000109649206419,-0.00914582004472,-0.573052682402,-0.092206369253,4.80722539664e-07,-0.000120180634926,-0.573162331609,-0.522104247563,0.0230716850723,-0.101352189298,-0.564371461655,0.0205901487777,0.00879086995429,0.121942338075,7.89505009508,1.66461608489,1.66461608489,-0.442359026187,1.10820023416,0.130940924898,1.25547265409,0.0511502812351,0.16962181003,-0.0104616105217,4,0
95,0.19,2,0.789990305901,0,0.490846008062,0,0,0.490846008062,0,0.490846008062,0,0.777687087296,-0.0279367378722,0.789990313331,-0.123931991296,-0.112041531976,-1.26131830834,1.29170533575,-0.792153818052,0.490846006067,9.12939707313e-05,0.00760998398052,0.789784747571,-0.169650860162,-6.00903177328e-07,0.000150225794329,0.789876041542,0.777630309437,-0.0288396065877,-0.162040876181,0.788360222747,-0.027492023895,-0.00151581879469,0.134548852286,-3.2566941158,0.490846006067,0.490846006067,0.677948781355,-1.38525029963,-0.112041531976,-1.26131830834,-0.0123032260351,0.0959952534236,0.0087055116293,4,0
100,0.2,1,-0.574581563473,0,1.69484019279,0,0,1.69484019279,0,1.69484019279,0,-0.521908401419,0.0258569637319,-0.57458155112,-0.115583599365,0.14345841646,1.24687125407,-5.09211830897,6.77627734884,1.69484016225,-0.000111910647868,-0.00933819461094,-0.57432894357,-0.0592814442621,4.66402953592e-07,-0.000116600738408,-0.574440854218,-0.521856002896,0.0265490639972,-0.068619638873,-0.564180322556,0.0240956336845,0.0102605316622,0.0927152725576,7.91126929007,1.69484016225,1.69484016225,-0.43112313466,1.1312876547,0.14345841646,1.24687125407,0.0526731497005,0.141440563097,-0.0106811223853,4,0
100,0.2,2,0.788791894913,0,0.541831672192,0,0,0.541831672192,0,0.541831672192,0,0.777385501756,-0.03232120493,0.788791868479,-0.116684373008,-0.1248879516,-1.29742520205,1.29014891261,-0.739504372035,0.541831667668,9.23586414922e-05,0.00770456921028,0.788583530807,-0.163094204358,-5.83003695209e-07,0.000145750923796,0.788675889448,0.777320003601,-0.0331863302665,-0.155389635148,0.788044796367,-0.0318770676545,-0.000631093081656,0.123512567493,-3.05833690733,0.541831667668,0.541831667668,0.663903916879,-1.41410957506,-0.1248879516,-1.29742520205,-0.0114063667232,0.0843631680778,0.00881287290818,4,0
105,0.21,1,-0.575547277927,0,1.79069805145,0,0,1.79069805145,0,1.79069805145,0,-0.521631300103,0.0297294003666,-0.575547296678,-0.0836804964647,0.155842485564,1.24465885908,-5.00338289095,6.78324734475,1.79069807452,-0.000113646734512,-0.00946985990936,-0.575291609977,-0.0268752500748,5.93050302311e-07,-0.000148262575568,-0.575405256711,-0.521570962176,0.0306137510781,-0.0363451099842,-0.563163772368,0.0279988806889,0.012241484343,0.0643439906731,7.98864120571,1.79069807452,1.79069807452,-0.419704811114,1.16097836261,0.155842485564,1.24465885908,0.0539159965752,0.113409896831,-0.0108336207235,4,0
105,0.21,2,0.787674188614,0,0.538075149059,0,0,0.538075149059,0,0.538075149059,0,0.777039125108,-0.0371617507438,0.787674215991,-0.108724946692,-0.13804320361,-1.3424980129,1.25867038182,-0.711738316631,0.538075144697,9.29807083264e-05,0.0077411519961,0.787465445176,-0.155018458062,-7.41312879859e-07,0.000185328219966,0.787558425885,0.776963702699,-0.0382671891362,-0.147277306066,0.787436186831,-0.0367285398386,-0.000122239053652,0.110548766227,-3.08610730894,0.538075144697,0.538075144697,0.649631012381,-1.45122295959,-0.13804320361,-1.3424980129,-0.0106350908832,0.0715631959481,0.00885692049602,4,0
110,0.22,1,-0.576186835766,0,1.82489979267,0,0,1.82489979267,0,1.82489979267,0,-0.521311085181,0.0344185200371,-0.576186855858,-0.0507630848134,0.168386216238,1.27274235644,-4.94420681186,6.75831208708,1.82489979869,-0.000113251524973,-0.00943550517479,-0.575932156961,0.00581536712873,6.7006443405e-07,-0.000167516108511,-0.576045408486,-0.521241248319,0.0354209791475,-0.00362013804606,-0.562351603351,0.0327084984467,0.0136938051352,0.0363286364927,7.99947342171,1.82489979869,1.82489979869,-0.40780063962,1.22197927162,0.168386216238,1.27274235644,0.054875770677,0.0851816048505,-0.0107945234745,4,0
110,0.22,2,0.786626577377,0,0.527279555798,0,0,0.527279555798,0,0.527279555798,0,0.776638856452,-0.0430231503444,0.786626577842,-0.102272004488,-0.151875779888,-1.42520209055,1.23558418574,-0.699618182972,0.52727956571,9.11975748877e-05,0.00759206616082,0.786421859991,-0.147672406656,-8.375805437e-07,0.000209395135919,0.786513057566,0.776551560374,-0.0442762242343,-0.140080340495,0.786845284864,-0.0425978824939,0.00033222729752,0.0974824580014,-3.13962085073,0.52727956571,0.52727956571,0.634750797954,-1.52747409504,-0.151875779888,-1.42520209055,-0.00998772139001,0.0592488541439,0.00868643705947,4,0
115,0.23,1,-0.576498448849,0,1.79744493961,0,0,1.79744493961,0,1.79744493961,0,-0.520941478032,0.039543872819,-0.576498463535,-0.0182372605617,0.181228199431,1.30013777914,-4.91566619919,6.70231117264,1.79744494516,-0.000113254379381,-0.00944091916167,-0.576243425724,0.0384874071697,6.96598848493e-07,-0.000174149712135,-0.576356680103,-0.520861345901,0.0405885142622,0.029046488008,-0.561744524638,0.037843745877,0.0146121554651,0.00879725786903,7.94420791275,1.79744494516,1.79744494516,-0.395270264104,1.28190051858,0.181228199431,1.30013777914,0.0555569855034,0.0577811333807,-0.0107999717142,4,0
115,0.23,2,0.785638928413,0,0.514084339142,0,0,0.514084339142,0,0.514084339142,0,0.776176847512,-0.04942984133,0.785638922038,-0.0964493964544,-0.16655109353,-1.50592625635,1.22157692428,-0.698895979955,0.514084349901,9.01760880847e-05,0.0075144813677,0.785436017292,-0.141549427542,-8.70748561699e-07,0.000217687140431,0.78552619338,0.776076682349,-0.0507356431355,-0.134034946174,0.786267498437,-0.0490093975414,0.000741305056153,0.0850255486325,-3.19914840709,0.514084349901,0.514084349901,0.619087828509,-1.60237565281,-0.16655109353,-1.50592625635,-0.00946207452609,0.0470195551244,0.00859659442471,4,0
120,0.24,1,-0.576493918896,0,1.71957921982,0,0,1.71957921982,0,1.71957921982,0,-0.520519954884,0.0447488573235,-0.576493901715,0.0126287567846,0.194261454317,1.30867942876,-4.91175149046,6.62040416277,1.7195791839,-0.000114519995685,-0.00955227164347,-0.576235640159,0.0701452229192,6.83222997955e-07,-0.000170805749491,-0.576350160155,-0.52042942974,0.0457749892842,0.0605929512757,-0.561289382784,0.043050131161,0.0150607773707,-0.0175428201147,7.83525393303,1.7195791839,1.7195791839,-0.382232447398,1.32130818555,0.194261454317,1.30867942876,0.0559739468309,0.032120100539,-0.0109265115917,4,0
120,0.24,2,0.784710049629,0,0.496154338121,0,0,0.496154338121,0,0.496154338121,0,0.775649943575,-0.0559360719692,0.784710048183,-0.0904556099109,-0.181919490599,-1.56117962587,1.21511162675,-0.71027820924,0.496154332622,9.09546163523e-05,0.00758762949323,0.784504861697,-0.13616900535,-8.54028749053e-07,0.000213507187252,0.784595816314,0.775536787144,-0.0572187369223,-0.128581375857,0.785686124166,-0.0555178977779,0.00109030785189,0.073063478079,-3.27622821964,0.496154332622,0.496154332622,0.602790557584,-1.65163523578,-0.181919490599,-1.56117962587,-0.00906010460861,0.0345195379416,0.00867908488946,4,0
125,0.25,1,-0.576195120811,0,1.62104129791,0,0,1.62104129791,0,1.62104129791,0,-0.520047064468,0.049792112895,-0.576195106476,0.0410226389814,0.207259594691,1.29270166084,-4.90891496713,6.51880045257,1.62104126915,-0.000116888430774,-0.00975312254449,-0.575931299382,0.0998121052013,6.74456198335e-07,-0.000168614049586,-0.576048187813,-0.519946481099,0.0507975265212,0.0900589826568,-0.560790988351,0.0480944493999,0.015257199462,-0.0419645332569,7.70348183533,1.62104126915,1.62104126915,-0.368935511785,1.33372429982,0.207259594691,1.29270166084,0.0561480420084,0.00876947391364,-0.0111557837138,4,0
125,0.25,2,0.783843755722,0,0.465234428644,0,0,0.465234428644,0,0.465234428644,0,0.775058830552,-0.0622401414485,0.78384377044,-0.0840327154184,-0.197674382408,-1.58312266291,1.20908956527,-0.734946343292,0.465234434812,9.3309396685e-05,0.00778907440732,0.783632958547,-0.131058444607,-8.43070250278e-07,0.000210767562561,0.783726267944,0.77493310134,-0.0634969084849,-0.123269370199,0.785043003402,-0.0618241342464,0.00131673545873,0.0614452359529,-3.40573846935,0.465234434812,0.465234434812,0.586169388031,-1.66715537833,-0.197674382408,-1.58312266291,-0.00878493988804,0.0217925739699,0.00890878716754,4,0
130,0.26,1,-0.575622916222,0,1.57951486111,0,0,1.57951486111,0,1.57951486111,0,-0.519523021587,0.0551455080891,-0.575622896106,0.0679744107301,0.220076698477,1.28017199981,-4.83404636366,6.40223461706,1.57951484268,-0.000118789706582,-0.00990111280046,-0.575355461679,0.12742921264,7.70387809546e-07,-0.0001925969524,-0.575474251386,-0.519411582041,0.0562975642669,0.11752809984,-0.55964270082,0.0534738547878,0.0158315505661,-0.064054245052,7.62644104601,1.57951484268,1.57951484268,-0.355546197629,1.34814641054,0.220076698477,1.28017199981,0.0560998745183,-0.012828902641,-0.0113265892795,4,0
130,0.26,2,0.783035218716,0,0.399596303701,0,0,0.399596303701,0,0.399596303701,0,0.774403776947,-0.0689318854526,0.783035220856,-0.0791672929791,-0.213602475554,-1.60601572334,1.18032299607,-0.771643810605,0.399596299208,9.52640734368e-05,0.00793971737214,0.782820769641,-0.126837003115,-9.62984762154e-07,0.000240746190549,0.782916033714,0.774264477513,-0.0703719556753,-0.118897285742,0.784147195539,-0.068525909678,0.00123116182405,0.0503713760644,-3.6713237044,0.399596299208,0.399596299208,0.569432745302,-1.68518301632,-0.213602475554,-1.60601572334,-0.0086314439089,0.0102354075265,0.00908288625338,4,0
135,0.27,1,-0.574785888195,0,1.49106824398,0,0,1.49106824398,0,1.49106824398,0,-0.518942250485,0.0610717013668,-0.574785866439,0.0939828994729,0.232852417318,1.2806732748,-4.79040340008,6.27010671639,1.49106826057,-0.000119188466713,-0.00993468266558,-0.574517523234,0.153652109945,8.1464960533e-07,-0.000203662401322,-0.574636711701,-0.518818887443,0.0622925081057,0.14371742728,-0.558698549597,0.0594151889038,0.0159381621038,-0.0843022383758,7.50013173105,1.49106826057,1.49106826057,-0.341933449121,1.37465617427,0.232852417318,1.2806732748,0.0558436159539,-0.0329111981061,-0.0113649442661,4,0
135,0.27,2,0.782258570194,0,0.338662773371,0,0,0.338662773371,0,0.338662773371,0,0.773677813066,-0.0763396270475,0.782258549016,-0.0769340196583,-0.229841739376,-1.6413862004,1.16068432692,-0.812910563247,0.338662761128,9.55443380491e-05,0.00796447048543,0.782043390689,-0.124788911961,-1.0183120055e-06,0.000254578001383,0.782138935027,0.773523609263,-0.0778656354697,-0.116824441476,0.783257625816,-0.0759404681829,0.00111869078886,0.040883973293,-3.90949105326,0.338662761128,0.338662761128,0.55241680964,-1.71832022006,-0.229841739376,-1.6413862004,-0.00858073595004,0.00059439261081,0.00911100254202,4,0
140,0.28,1,-0.573700249195,0,1.36653721333,0,0,1.36653721333,0,1.36653721333,0,-0.518300880391,0.0672145768442,-0.573700270774,0.11794588466,0.245628597014,1.27798748536,-4.76988267443,6.12495998648,1.36653726412,-0.000120138012189,-0.0100182959319,-0.573429508252,0.178211256431,8.21082133062e-07,-0.000205270533254,-0.573549646264,-0.518165219177,0.0684464188876,0.1681929605,-0.557885679468,0.065565210216,0.0156639667962,-0.102627750284,7.33596863053,1.36653726412,1.36653726412,-0.32807167376,1.39593337002,0.245628597014,1.27798748536,0.0553993903826,-0.0507313078159,-0.0114599520781,4,0
140,0.28,2,0.781494677067,0,0.282476872206,0,0,0.282476872206,0,0.282476872206,0,0.772876100445,-0.0840182213852,0.781494672937,-0.0761537713599,-0.246405082515,-1.66876294235,1.14798355249,-0.856278721524,0.282476863766,9.67047913258e-05,0.00806750970869,0.781276502636,-0.124760554349,-1.02635266497e-06,0.000256588166252,0.781373207427,0.772706523926,-0.0855580239375,-0.11669304464,0.782349283824,-0.0836235054111,0.000976076396838,0.033069539229,-4.12111513318,0.282476863766,0.282476863766,0.535089590422,-1.74491671371,-0.246405082515,-1.66876294235,-0.00861857249178,-0.00786445002532,0.0092279672046,4,0
145,0.29,1,-0.572390973568,0,1.22727906704,0,0,1.22727906704,0,1.22727906704,0,-0.517597991807,0.0733554110337,-0.572390993983,0.13920548869,0.258334610272,1.26587179695,-4.7564466717,5.9720866889,1.22727904836,-0.000121984611124,-0.0101752158282,-0.572115890386,0.200470485657,8.16072708965e-07,-0.000204018177234,-0.572237874998,-0.517450056938,0.0745794891842,0.190295269829,-0.557069528505,0.0717107636713,0.0151683464929,-0.118584506158,7.15621554178,1.22727904836,1.22727904836,-0.314056383711,1.40507728564,0.258334610272,1.26587179695,0.054793002176,-0.0658500776562,-0.0116390311617,4,0
145,0.29,2,0.780733704567,0,0.225183680654,0,0,0.225183680654,0,0.225183680654,0,0.771997489712,-0.0916942641142,0.780733694813,-0.0761539227736,-0.26316321696,-1.68019268466,1.137435859,-0.902788498169,0.225183674012,9.91316247863e-05,0.00827410731662,0.78050979435,-0.126085142105,-1.02009088576e-06,0.000255022721449,0.780608925975,0.771812571125,-0.0932243618017,-0.117811034789,0.781380967054,-0.0913032858916,0.000772041079383,0.0265077488973,-4.33219334704,0.225183674012,0.225183674012,0.517570477853,-1.75634660744,-0.26316321696,-1.68019268466,-0.00873620510077,-0.0155403413406,0.00946368681405,4,0
150,0.3,1,-0.570885360241,0,1.10138583183,0,0,1.10138583183,0,1.10138583183,0,-0.51683376002,0.0795113879717,-0.570885386534,0.157817393595,0.270885385819,1.24778932427,-4.72674278118,5.81628683003,1.10138579096,-0.000124123148535,-0.0103522643361,-0.570605561386,0.220108474645,8.35999532045e-07,-0.000208999883014,-0.570729684534,-0.516673485147,0.0807644361759,0.209756210309,-0.556056506965,0.0778771068489,0.0146731775689,-0.13187910346,6.98949849963,1.10138579096,1.10138579096,-0.300000000715,1.40560671787,0.270885385819,1.24778932427,0.0540516265143,-0.0783060056234,-0.0118417421185,4,0
150,0.3,2,0.779967367649,0,0.159278079867,0,0,0.159278079867,0,0.159278079867,0,0.771042199975,-0.0993892352886,0.779967387818,-0.0771351439229,-0.279967388712,-1.67987325349,1.12176012057,-0.952741873426,0.159278078432,0.000102041840599,0.00851566662267,0.779737019684,-0.128481204423,-1.04499941578e-06,0.000261249853957,0.779839061525,0.770841856383,-0.100955545545,-0.119965537801,0.780292972538,-0.0990037864318,0.000453911013221,0.020961751369,-4.57345524936,0.159278078432,0.159278078432,0.499999999106,-1.75700839742,-0.279967388712,-1.67987325349,-0.00892518784326,-0.0222540913657,0.00974016870986,4,0
155,0.31,1,-0.569207191467,0,0.965045690536,0,0,0.965045690536,0,0.965045690536,0,-0.5160072301,0.0857998654591,-0.569207215401,0.174153456267,0.283256880094,1.22919503845,-4.70715215695,5.66019747397,0.965045707203,-0.000125800596811,-0.0104907830179,-0.568923670192,0.237264930213,8.36073119959e-07,-0.000209018279994,-0.569049470788,-0.515834374887,0.0870546613445,0.226774147195,-0.555065685005,0.0841724298381,0.0139837857832,-0.142601717357,6.81228127122,0.965045707203,0.965045707203,-0.285950335307,1.40334849472,0.283256880094,1.22919503845,0.0531999853015,-0.088353590808,-0.0120003901796,4,0
155,0.31,2,0.779182195663,0,0.0950646996498,0,0,0.0950646996498,0,0.0950646996498,0,0.770009037571,-0.107249832145,0.7791821683,-0.0796089959929,-0.296744250953,-1.67457662206,1.10905253064,-1.0040158041,0.0950646960259,0.000104485348822,0.00871820632504,0.778946337485,-0.132167723953,-1.04509139764e-06,0.000261272849399,0.779050822834,0.769792968554,-0.108818326998,-0.123449517628,0.779152168248,-0.106868868366,0.000101345414307,0.0165806492618,-4.80230968941,0.0950646960259,0.0950646960259,0.482437917347,-1.75418561805,-0.296744250953,-1.67457662206,-0.00917313072915,-0.0276408361517,0.00997203051091,4,0
160,0.32,1,-0.567381441593,0,0.817746460438,0,0,0.817746460438,0,0.817746460438,0,-0.515118018886,0.0920169388355,-0.567381456006,0.187816723198,0.295419935552,1.20495542959,-4.70069883294,5.50626869781,0.817746461096,-0.000127630561749,-0.0106450294863,-0.567093689084,0.251887446997,8.14752117106e-07,-0.000203688029264,-0.567221319646,-0.514932760515,0.0932402498754,0.24124241751,-0.554121323455,0.0903918011452,0.013099996191,-0.150850616365,6.62450856293,0.817746461096,0.817746461096,-0.271961520454,1.39277215279,0.295419935552,1.20495542959,0.0522634371203,-0.0957997843623,-0.0121765962273,4,0
160,0.32,2,0.778366267681,0,0.0352571159601,0,0,0.0352571159601,0,0.0352571159601,0,0.768897523551,-0.115021173842,0.77836629154,-0.0829982765589,-0.313414392752,-1.65796691313,1.10044491684,-1.05495219518,0.0352571151545,0.000107223041546,0.0089489300082,0.778124144942,-0.136991931197,-1.01844014233e-06,0.000254610035591,0.778231367984,0.768665950586,-0.116550312636,-0.128043001189,0.777966855769,-0.114643285,-0.000264512214911,0.0133997161888,-5.00856102906,0.0352571151545,0.0352571151545,0.464951898789,-1.74096518969,-0.313414392752,-1.65796691313,-0.00946876798915,-0.0320228972834,0.0102356065068,4,0
165,0.33,1,-0.565435647964,0,0.680302739143,0,0,0.680302739143,0,0.680302739143,0,-0.514167451528,0.0980739670007,-0.565435636636,0.198749562277,0.307310404235,1.17457297488,-4.6899984708,5.35792862737,0.680302763806,-0.000129688626948,-0.0108163437179,-0.565143262296,0.263836570745,8.00297047965e-07,-0.000200074262003,-0.565272950923,-0.513970103107,0.099274432897,0.253020227027,-0.553080110358,0.0964526062161,0.0121928405655,-0.156567620811,6.44743222681,0.680302763806,0.680302763806,-0.258125232401,1.37332253716,0.307310404235,1.17457297488,0.0512681851088,-0.100675595277,-0.0123726072413,4,0
165,0.33,2,0.77751237154,0,-0.0254758894444,0,0,-0.0254758894444,0,-0.0254758894444,0,0.76770931435,-0.122592459017,0.777512387994,-0.0870961337351,-0.329855849254,-1.62955703538,1.09061323342,-1.10555804888,-0.0254758894749,0.000110321923984,0.0092072109262,0.777263279713,-0.142630955056,-1.00037130579e-06,0.000250092826455,0.777373601637,0.767462628824,-0.124093041381,-0.133423744129,0.776694399905,-0.122218080453,-0.000679201732164,0.011205663677,-5.21468393034,-0.0254758894749,-0.0254758894749,0.447656538741,-1.71665316912,-0.329855849254,-1.62955703538,-0.00980307364414,-0.0354963252822,0.010531074014,4,0
170,0.34,1,-0.563394129276,0,0.579415678978,0,0,0.579415678978,0,0.579415678978,0,-0.513156600015,0.104123688741,-0.563394128184,0.207534929507,0.318889744935,1.14377270175,-4.6505956212,5.21748448153,0.579415653514,-0.0001313482368,-0.0109506143458,-0.563098295084,0.273330446124,8.31874584661e-07,-0.000207968646174,-0.563229643321,-0.512947111566,0.105368130668,0.262379831778,-0.551740188186,0.102516039234,0.0114894551353,-0.159863792544,6.30771484656,0.579415653514,0.579415653514,-0.244504383249,1.35130763126,0.318889744935,1.14377270175,0.0502375281691,-0.103411240765,-0.0125267931874,4,0
170,0.34,2,0.776610732079,0,-0.0937984362245,0,0,-0.0937984362245,0,-0.0937984362245,0,0.766445749957,-0.130154611164,0.776610724645,-0.0924528001779,-0.345980247316,-1.59668173579,1.07180673757,-1.15482569338,-0.0937984386984,0.00011297822372,0.00942374420627,0.776355970053,-0.149169976353,-1.03984322786e-06,0.000259960806967,0.776468948277,0.766183889395,-0.131710163568,-0.139746232146,0.77527231984,-0.129786837419,-0.00119662843612,0.00995939472717,-5.44654936594,-0.0937984386984,-0.0937984386984,0.430630477329,-1.68913453597,-0.345980247316,-1.59668173579,-0.0101649746877,-0.0377018109865,0.0107794828909,4,0
175,0.35,1,-0.561271011829,0,0.52550727129,0,0,0.52550727129,0,0.52550727129,0,-0.512083452955,0.110644747159,-0.561271007231,0.215513574802,0.330206517657,1.12438498213,-4.57187645022,5.08483684094,0.52550724731,-0.000131651936431,-0.0109670333494,-0.560975085207,0.281203232852,9.1108762057e-07,-0.000227771905148,-0.561106737144,-0.511860778601,0.112020492644,0.270236199503,-0.550012018032,0.10906439028,0.0110947191119,-0.161171809223,6.21503782964,0.52550724731,0.52550724731,-0.231064489575,1.33989855694,0.330206517657,1.12438498213,0.0491875542768,-0.104868827644,-0.0125468565866,4,0
175,0.35,2,0.775641024113,0,-0.170080929995,0,0,-0.170080929995,0,-0.170080929995,0,0.765104316129,-0.13830593417,0.775641011669,-0.100469048532,-0.361810401401,-1.57440414423,1.04027221817,-1.19948894379,-0.170080926041,0.000113981775636,0.00949641911089,0.775384731962,-0.157370107133,-1.13885952446e-06,0.000284714881104,0.775498713738,0.764825973187,-0.140025616025,-0.147873688022,0.773667849033,-0.137949120299,-0.00183086470546,0.00992456772288,-5.70185595866,-0.170080926041,-0.170080926041,0.413830610269,-1.67487319277,-0.361810401401,-1.57440414423,-0.01053669554,-0.0378368856379,0.0108642004185,4,0
180,0.36,1,-0.559077441692,0,0.316611975431,0,0,0.316611975431,0,0.316611975431,0,-0.510944159746,0.116998992038,-0.559077446414,0.221255597182,0.341347694359,1.09992545335,-4.65415084584,4.9581747562,0.31661196638,-0.000131898156408,-0.0110052781379,-0.558779807741,0.287590426589,7.44000684949e-07,-0.000186000171237,-0.558911705898,-0.510709030858,0.118122444237,0.276585148451,-0.549556813803,0.115390131453,0.00935489209476,-0.161195016998,5.9685688012,0.31661196638,0.31661196638,-0.217729752055,1.32118105053,0.341347694359,1.09992545335,0.048133286668,-0.104256605144,-0.0125880560148,4,0
180,0.36,2,0.774583101273,0,-0.187494888902,0,0,-0.187494888902,0,-0.187494888902,0,0.763680199616,-0.146248740248,0.774583110191,-0.108902347262,-0.377420921787,-1.54257396209,1.05892252366,-1.23543735728,-0.187494893379,0.000114961991029,0.00960051586271,0.774323157571,-0.166951863369,-9.30000850996e-07,0.000232500212743,0.774438119562,0.763386288506,-0.147653055489,-0.157351347507,0.772397918553,-0.145885501959,-0.00204020100931,0.0114658455477,-5.71482713379,-0.187494893379,-0.187494893379,0.397162188404,-1.65147630936,-0.377420921787,-1.54257396209,-0.010902910575,-0.0373463929858,0.0109800597551,4,0
185,0.37,1,-0.556853830814,0,0.153116777539,0,0,0.153116777539,0,0.153116777539,0,-0.509747276745,0.122220433928,-0.556853825149,0.222609661097,0.352119631629,1.05194422789,-4.70564245089,4.84582419625,0.153116778784,-0.000135497858284,-0.0113090591245,-0.556547839398,0.29083010608,6.27677597231e-07,-0.0001569193993,-0.556683337256,-0.50950188616,0.123166050646,0.279521046955,-0.548785397375,0.120593845568,0.00789793988101,-0.158927201387,5.77014595132,0.153116778784,0.153116778784,-0.204734193521,1.27455388898,0.352119631629,1.05194422789,0.0471065484047,-0.100389227169,-0.0129350334239,4,0
185,0.37,2,0.773457884789,0,-0.214050218463,0,0,-0.214050218463,0,-0.214050218463,0,0.762184095863,-0.152775542564,0.773457905665,-0.114689741926,-0.392540165386,-1.47850261462,1.06900959335,-1.27158245575,-0.21405021703,0.000120131363399,0.0100357782701,0.773186028006,-0.175424353849,-7.84596989378e-07,0.000196149247345,0.77330615937,0.761877357632,-0.153957563452,-0.165388575579,0.77098159109,-0.152408980263,-0.00232456828007,0.0129795953157,-5.76883139277,-0.21405021703,-0.21405021703,0.380917740279,-1.59319235654,-0.392540165386,-1.47850261462,-0.0112738098019,-0.0380858006378,0.0114773546309,4,0
190,0.38,1,-0.554634392262,0,0.0628637522459,0,0,0.0628637522459,0,0.0628637522459,0,-0.508501962953,0.126788138684,-0.554634389734,0.221286544902,0.36235660468,0.994994780956,-4.70289764749,4.75253149809,0.0628637545049,-0.000138679549895,-0.0115657493015,-0.554321802794,0.290852053741,5.99158023751e-07,-0.000149789505951,-0.554460482344,-0.508247490436,0.127685627079,0.279286304439,-0.547514796869,0.125162603937,0.00694568547512,-0.154123700502,5.64780136172,0.0628637545049,0.0628637545049,-0.192277785053,1.21628132586,0.36235660468,0.994994780956,0.0461324267808,-0.0944984062178,-0.0132299039003,4,0
190,0.38,2,0.77228051424,0,-0.260205715895,0,0,-0.260205715895,0,-0.260205715895,0,0.760627453622,-0.158485173455,0.772280528164,-0.11985893008,-0.406933298418,-1.40049272163,1.06279492871,-1.31109508407,-0.260205704941,0.00012473477467,0.0104087322809,0.771998996098,-0.182585542941,-7.48947522555e-07,0.000187236880646,0.772123730873,0.760309362976,-0.159607033938,-0.17217681066,0.769369687625,-0.158120913705,-0.00275404324765,0.0140558969555,-5.9052824034,-0.260205704941,-0.260205704941,0.365347229746,-1.52035165171,-0.406933298418,-1.40049272163,-0.0116530745418,-0.038626243375,0.011905549577,4,0
195,0.39,1,-0.552432179451,0,0.0706375390291,0,0,0.0706375390291,0,0.0706375390291,0,-0.507211150531,0.131476329894,-0.552432190518,0.219645756906,0.372047510101,0.945616813915,-4.61807360681,4.67543218505,0.0706375394883,-0.00013934785886,-0.0116067869437,-0.552119063821,0.289130947402,7.01863034913e-07,-0.000175465758736,-0.55225841168,-0.506947162922,0.13252020192,0.277524160458,-0.545517934411,0.129880213899,0.00674047726901,-0.147643946559,5.62478523137,0.0706375394883,0.0706375394883,-0.180384680416,1.16526257082,0.372047510101,0.945616813915,0.0452210399863,-0.0881694270122,-0.0132789612501,4,0
195,0.39,2,0.771041095257,0,-0.329362690449,0,0,-0.329362690449,0,-0.329362690449,0,0.759013938094,-0.164345412418,0.771041087517,-0.127149965216,-0.420560238507,-1.32942824201,1.03089206309,-1.3482290558,-0.329362684688,0.000126187050682,0.0105114473731,0.770757492337,-0.190084839664,-8.77328788285e-07,0.000219332197059,0.770883679387,0.758683953583,-0.165650252441,-0.179573392291,0.76748977619,-0.163992252497,-0.00339390319716,0.0155811397941,-6.13022480339,-0.329362684688,-0.329362684688,0.35048084901,-1.45657820722,-0.420560238507,-1.32942824201,-0.0120271494226,-0.0371954472019,0.0120256919813,4,0
200,0.4,1,-0.550233602524,0,0.151434615254,0,0,0.151434615254,0,0.151434615254,0,-0.505868351439,0.137403157817,-0.550233584082,0.22055593014,0.381356717584,0.922475859487,-4.46867817958,4.60713639911,0.151434610741,-0.000136368697132,-0.0113399668447,-0.549928380963,0.288029402158,8.71965222138e-07,-0.000217991305546,-0.55006474966,-0.50559218997,0.138734708374,0.276689435313,-0.542934848118,0.135858720455,0.00712990154194,-0.140830714858,5.67359619742,0.151434610741,0.151434610741,-0.168876866497,1.14303178963,0.381356717584,0.922475859487,0.0443652326428,-0.0831527723234,-0.0129763912103,4,0
200,0.4,2,0.769699990749,0,-0.407475322485,0,0,-0.407475322485,0,-0.407475322485,0,0.757335439228,-0.171753947286,0.769699990794,-0.139665228486,-0.433603909119,-1.28912450199,0.977692252085,-1.37346138324,-0.407475323644,0.000123079352672,0.0102292402573,0.769424916373,-0.200392266848,-1.08995652381e-06,0.000272489130965,0.769547995726,0.756990237392,-0.173418385478,-0.19016302659,0.765371371786,-0.171419116763,-0.00417662393984,0.0187439098273,-6.37650146412,-0.407475323644,-0.407475323644,0.336096081675,-1.42878973048,-0.433603909119,-1.28912450199,-0.0123645515659,-0.0320887188,0.0117061924894,4,0
205,0.41,1,-0.548027455807,0,-0.141684949398,0,0,-0.141684949398,0,-0.141684949398,0,-0.504464890243,0.142768273785,-0.548027463886,0.219533962374,0.390465110004,0.890153237531,-4.69492427655,4.54040815545,-0.141684946096,-0.000134353087821,-0.0112189379523,-0.547723774238,0.287343270631,4.75406126244e-07,-0.00011885153156,-0.547858127326,-0.504178608089,0.14349763157,0.276124332679,-0.543414711538,0.141145364565,0.0044434157873,-0.134978968114,5.34989452499,-0.141684946096,-0.141684946096,-0.157562353882,1.10968719991,0.390465110004,0.890153237531,0.0435625736427,-0.0767656885888,-0.0128311750061,4,0
205,0.41,2,0.768227756023,0,-0.349707990885,0,0,-0.349707990885,0,-0.349707990885,0,0.755581112734,-0.178460342206,0.768227752064,-0.150969064261,-0.44627481109,-1.23613992873,1.04183001333,-1.37995205142,-0.349707982988,0.000121200596374,0.0101315377431,0.767953121305,-0.212438489699,-5.94257649866e-07,0.000148564412473,0.768074321902,0.755223260041,-0.179372039426,-0.202306951956,0.764151600651,-0.178103238543,-0.00392272125044,0.024203713413,-6.07091194965,-0.349707982988,-0.349707982988,0.321952940973,-1.38710899299,-0.44627481109,-1.23613992873,-0.0126466393302,-0.0274912779449,0.0115859448996,4,0
210,0.42,1,-0.545874297619,0,-0.312918335199,0,0,-0.312918335199,0,-0.312918335199,0,-0.503021474487,0.14559572453,-0.545874301242,0.211877879761,0.39904215376,0.819695530417,-4.81967379165,4.49333698954,-0.312918322529,-0.000140446173937,-0.0117331254998,-0.545556463734,0.282871902241,2.44903256563e-07,-6.12258141531e-05,-0.545696909908,-0.502729901446,0.145970197677,0.271138776741,-0.543004187655,0.143929778148,0.00269272225363,-0.127208998593,5.15250457564,-0.312918322529,-0.312918322529,-0.146832147482,1.03157341018,0.39904215376,0.819695530417,0.0428528267555,-0.0662821552309,-0.013418479587,4,0
210,0.42,2,0.766691446304,0,-0.3276052773,0,0,-0.3276052773,0,-0.3276052773,0,0.753776843039,-0.181994655571,0.766691474859,-0.154729455527,-0.458151291814,-1.13473729959,1.07673903587,-1.39197272098,-0.327605286999,0.000129367314939,0.0108191941013,0.766397976453,-0.22043132297,-3.0612906099e-07,7.65322652607e-05,0.766527343767,0.753412376738,-0.182462746991,-0.209612128869,0.762631199508,-0.181625724052,-0.00389614425905,0.0279864048173,-5.92592829126,-0.327605286999,-0.327605286999,0.308540183045,-1.28946675511,-0.458151291814,-1.13473729959,-0.0129146318204,-0.0272652000438,0.0123716018806,4,0
215,0.43,1,-0.54381608963,0,-0.33263233304,0,0,-0.33263233304,0,-0.33263233304,0,-0.50155698806,0.147228260061,-0.543816087769,0.201758815787,0.406841149119,0.738423208267,-4.81968871586,4.4732079344,-0.332632331587,-0.00014516635561,-0.0121064536011,-0.543488931074,0.274543751641,2.15745364796e-07,-5.39363412033e-05,-0.54363409743,-0.50126221545,0.147548114334,0.26243729804,-0.541536248505,0.145562457542,0.00209784892418,-0.116874840498,5.11099577599,-0.332632331587,-0.332632331587,-0.13697493865,0.940182024055,0.406841149119,0.738423208267,0.0422590997081,-0.0545305557264,-0.0138484498685,4,0
215,0.43,2,0.765134871006,0,-0.355345696211,0,0,-0.355345696211,0,-0.355345696211,0,0.751946235007,-0.184035324912,0.765134881864,-0.156391450756,-0.468916209779,-1.01883607096,1.07394544917,-1.41634407088,-0.355345709253,0.000135670016468,0.0113190473467,0.764828850839,-0.224524418448,-2.69681696419e-07,6.74204241136e-05,0.764964520856,0.751577769244,-0.18443514274,-0.213205371101,0.760772564532,-0.183667561182,-0.00419195632374,0.029537809919,-5.99474363839,-0.355345709253,-0.355345709253,0.296218672085,-1.17522752172,-0.468916209779,-1.01883607096,-0.0131886468568,-0.0276438741556,0.0129470875443,4,0
220,0.44,1,-0.541850090027,0,-0.187175318599,0,0,-0.187175318599,0,-0.187175318599,0,-0.50007556833,0.149271666505,-0.54185007551,0.193747600666,0.413876317037,0.671405890423,-4.67165018639,4.47071397131,-0.187175311886,-0.000144543003842,-0.0120263871429,-0.541526153199,0.265438328321,4.22564491342e-07,-0.000105641122842,-0.541670696203,-0.499776423865,0.14988915581,0.253411941178,-0.538824040704,0.147657146823,0.00284665549907,-0.105754794355,5.23559436763,-0.187175311886,-0.187175311886,-0.127973758473,0.865153491089,0.413876317037,0.671405890423,0.04177450718,-0.0444759341609,-0.013760903189,4,0
220,0.44,2,0.76354432106,0,-0.42813923955,0,0,-0.42813923955,0,-0.42813923955,0,0.750094460347,-0.1865895829,0.763544305298,-0.161675764893,-0.478577108348,-0.919766090089,1.02469055814,-1.43995747988,-0.428139237907,0.000135254520337,0.0112492619222,0.763241500223,-0.228622414364,-5.28205606476e-07,0.000132051401628,0.763376754743,0.749720529766,-0.187361444519,-0.217373152442,0.758511665826,-0.186238866005,-0.00486508891743,0.0311342864369,-6.24091177678,-0.428139237907,-0.428139237907,0.284967196951,-1.08144185498,-0.478577108348,-0.919766090089,-0.0134498449519,-0.0249138180074,0.0128723161662,4,0
225,0.45,1,-0.539928138256,0,0.0466464832425,0,0,0.0466464832425,0,0.0466464832425,0,-0.498564002726,0.153588989461,-0.539928120119,0.192330673364,0.420403630804,0.641946433414,-4.43632227677,4.46990521042,0.0466464838804,-0.000137533159657,-0.0114131523168,-0.539621866964,0.259710637237,7.07968738578e-07,-0.000176992184644,-0.539759400124,-0.498255680678,0.154692000634,0.24829748492,-0.535360609117,0.152055797528,0.00439879100699,-0.0962416873917,5.44497084133,0.0466464838804,0.0466464838804,-0.119524489315,0.834277106778,0.420403630804,0.641946433414,0.0413641173935,-0.0387416839027,-0.0130635502326,4,0
225,0.45,2,0.761852502823,0,-0.510644853115,0,0,-0.510644853115,0,-0.510644853115,0,0.748205003344,-0.191986236544,0.761852493353,-0.175645925968,-0.48744688276,-0.86720044844,0.946117609523,-1.44472770216,-0.510644850738,0.000126851015207,0.0105125459223,0.761570973077,-0.237380940011,-8.84960916991e-07,0.000221240229258,0.761697824093,0.747819600784,-0.193365000501,-0.226868394088,0.755975536596,-0.191662464325,-0.00572228749628,0.0352059297631,-6.50297565589,-0.510644850738,-0.510644850738,0.274405610593,-1.04284637441,-0.48744688276,-0.86720044844,-0.0136474900096,-0.0163403105759,0.0120347581048,4,0
230,0.46,1,-0.53801459074,0,-0.36235755682,0,0,-0.36235755682,0,-0.36235755682,0,-0.497007138434,0.156904699076,-0.538014572799,0.188992468671,0.426676827866,0.600576965838,-4.83333271177,4.45825246154,-0.362357563286,-0.000133079890826,-0.0111257282552,-0.537712991341,0.256514322157,4.52265196405e-08,-1.13066299044e-05,-0.537846071232,-0.496693209229,0.156998522693,0.245388593902,-0.537109266891,0.155233777057,0.000736804341174,-0.0901548168454,5.01252869166,-0.362357563286,-0.362357563286,-0.111337744933,0.789569434508,0.426676827866,0.600576965838,0.0410074343645,-0.032087769595,-0.0127226869451,4,0
230,0.46,2,0.760016918182,0,-0.36721727252,0,0,-0.36721727252,0,-0.36721727252,0,0.746258922982,-0.196130873505,0.760016913701,-0.186520504017,-0.495844733494,-0.800441279816,1.06516747439,-1.42073660945,-0.367217277756,0.000121693702863,0.0101878182617,0.75974029293,-0.248644897497,-5.65331398361e-08,1.41332849651e-05,0.759861986633,0.745866511476,-0.196248153012,-0.238457079235,0.755023035274,-0.195765702159,-0.00483895135945,0.0426913770757,-5.85067139818,-0.367217277756,-0.367217277756,0.264172180207,-0.986961783833,-0.495844733494,-0.800441279816,-0.0137579907186,-0.0096103694875,0.0116481426961,4,0
235,0.47,1,-0.536197543144,0,-0.55618917942,0,0,-0.55618917942,0,-0.55618917942,0,-0.495439654316,0.156103085704,-0.536197516334,0.176026087407,0.432274278303,0.511589251185,-5.0368628144,4.4670398863,-0.556189160733,-0.000142543099192,-0.0119232501769,-0.535874012611,0.24846399209,-3.02253967577e-07,7.55634918972e-05,-0.53601655571,-0.495127882158,0.155659388543,0.236540741914,-0.537227348294,0.154361931788,-0.00121079258421,-0.0821788101254,4.80130412101,-0.556189160733,-0.556189160733,-0.10392323803,0.687615338592,0.432274278303,0.511589251185,0.040757862018,-0.0199230017028,-0.0136337673672,4,0
235,0.47,2,0.758158504963,0,-0.29600033164,0,0,-0.29600033164,0,-0.29600033164,0,0.744299567838,-0.195128856712,0.758158489888,-0.184266158966,-0.503254443214,-0.675253004482,1.12788044302,-1.41106865225,-0.296000343157,0.000133802464296,0.0112065043499,0.757853926047,-0.252637486788,3.77817470421e-07,-9.44543676175e-05,0.757987728512,0.743909852641,-0.194574235245,-0.241430982438,0.753575699352,-0.194742351233,-0.00441202915985,0.046688631205,-5.52077606691,-0.296000343157,-0.296000343157,0.254904046674,-0.859519163448,-0.503254443214,-0.675253004482,-0.0138589220504,-0.0108626977462,0.0128121339214,4,0
240,0.48,1,-0.534530818462,0,-0.510763466358,0,0,-0.510763466358,0,-0.510763466358,0,-0.493890734709,0.153608213094,-0.534530811245,0.160591207652,0.436900690131,0.411459947452,-5.03225209662,4.50723770485,-0.510763456465,-0.000149374273314,-0.0124584440279,-0.534194137305,0.235485761004,-3.14646804667e-07,7.86617011688e-05,-0.534343511578,-0.493584005044,0.153128847374,0.223027316976,-0.535634938478,0.15186887127,-0.00129142689949,-0.0711584457052,4.83507621818,-0.510763456465,-0.510763456465,-0.097630121113,0.572051155104,0.436900690131,0.411459947452,0.0406400765352,-0.00698299455747,-0.0142509353077,4,0
240,0.48,2,0.756350934505,0,-0.312294721603,0,0,-0.312294721603,0,-0.312294721603,0,0.742363418334,-0.192010265868,0.756350933936,-0.17861652291,-0.509313283308,-0.536447410698,1.12744495987,-1.42615207962,-0.31229472916,0.000142388727385,0.0118789446785,0.756029831954,-0.250070050944,3.93308516422e-07,-9.83271291109e-05,0.756172220681,0.741980006254,-0.191411058703,-0.238191106266,0.751629476016,-0.191624180131,-0.00454274466527,0.0465669261344,-5.56658503493,-0.31229472916,-0.31229472916,0.247037650628,-0.715063933608,-0.509313283308,-0.536447410698,-0.0139875156014,-0.0133937429584,0.0135876094071,4,0
245,0.49,1,-0.532996475697,0,-0.233594968915,0,0,-0.233594968915,0,-0.233594968915,0,-0.492364648585,0.151967489229,-0.532996445953,0.149701965493,0.440594482326,0.330655194278,-4.81022122735,4.56259126221,-0.233594961994,-0.000147560793375,-0.0122642736211,-0.532666641535,0.222502800243,1.84763330746e-08,-4.61908326518e-06,-0.532814202329,-0.49206073542,0.151970439778,0.210238526622,-0.532263598111,0.150305032998,0.000550604217711,-0.0599334936239,5.10082051973,-0.233594961994,-0.233594961994,-0.0924019636278,0.48035715977,0.440594482326,0.330655194278,0.0406317973679,0.00226552373591,-0.0140350031416,4,0
245,0.49,2,0.754571974277,0,-0.398230731487,0,0,-0.398230731487,0,-0.398230731487,0,0.740455810685,-0.189959360961,0.754571960187,-0.178705988057,-0.514069506311,-0.421740451069,1.0585861983,-1.44349885628,-0.398230741644,0.000140125082268,0.0116365826752,0.754259433413,-0.247546119824,-2.30954072533e-08,5.77385181408e-06,0.754399558495,0.74007591923,-0.189963049134,-0.235909537148,0.749151282002,-0.189597049656,-0.00524827649254,0.0463124874924,-5.88770937628,-0.398230741644,-0.398230741644,0.240502453876,-0.600446439126,-0.514069506311,-0.421740451069,-0.0141161495018,-0.011253372904,0.0133180836624,4,0
250,0.5,1,-0.531512022018,0,0.135363668203,0,0,0.135363668203,0,0.135363668203,0,-0.490839875005,0.1537788071,-0.531512044402,0.149352070643,0.443673731836,0.294505497325,-4.48598903332,4.60841187643,0.135363673421,-0.000136492563387,-0.0113029195415,-0.531209672511,0.215550313027,4.27951954651e-07,-0.000106987988657,-0.531346165075,-0.490531557577,0.154479677982,0.204247393486,-0.528050674614,0.152228357116,0.00329549046059,-0.05201903637,5.45202640178,0.135363673421,0.135363673421,-0.0878383125658,0.443857567968,0.443673731836,0.294505497325,0.0406721693968,0.00442673645695,-0.0129408303021,4,0
250,0.5,2,0.752720534801,0,-0.492395877838,0,0,-0.492395877838,0,-0.492395877838,0,0.738549843715,-0.192223508236,0.752720541859,-0.191486924958,-0.517922651704,-0.363335024315,0.954691335744,-1.43513502223,-0.492395868612,0.000126308829411,0.0104364761729,0.752442264293,-0.252082485745,-5.34939935237e-07,0.000133734983809,0.752568573123,0.738164446931,-0.193099596827,-0.241646009572,0.746392387801,-0.191896735566,-0.006176185322,0.0497492740056,-6.20862262436,-0.492395868612,-0.492395868612,0.234797890155,-0.554821949273,-0.517922651704,-0.363335024315,-0.0141706981434,-0.000736583278825,0.0119521821258,4,0
255,0.51,1,-0.530020713806,0,-0.414962351322,0,0,-0.414962351322,0,-0.414962351322,0,-0.489293931734,0.154173846116,-0.530020722679,0.146600474079,0.446440010682,0.245562637528,-5.05521039838,4.62781059355,-0.414962355641,-0.000129926020444,-0.0108783369491,-0.529725323913,0.21296170115,-4.97087682572e-07,0.000124271920639,-0.529855249934,-0.488986259506,0.153463298279,0.202083364201,-0.531244209301,0.152425917884,-0.00138895936715,-0.0496574463165,4.8844384457,-0.414962355641,-0.414962355641,-0.083580711997,0.392163111608,0.446440010682,0.245562637528,0.0407267909446,0.00757337203687,-0.0124374491944,4,0
255,0.51,2,0.750738501549,0,-0.269554883242,0,0,-0.269554883242,0,-0.269554883242,0,0.736617414633,-0.19271730694,0.750738478259,-0.199348546471,-0.521262588708,-0.290855332236,1.13006334822,-1.38828023327,-0.269554892173,0.000118246705297,0.009919046664,0.750468529684,-0.260244989087,6.21359613207e-07,-0.000155339903305,0.750586776389,0.73623282435,-0.191829122128,-0.250325942423,0.745923968597,-0.192329533859,-0.00466280779164,0.0579964085647,-5.24779274713,-0.269554892173,-0.269554892173,0.229475889551,-0.490203878707,-0.521262588708,-0.290855332236,-0.014121063626,0.00663123953082,0.0113380071276,4,0
260,0.52,1,-0.528643131256,0,-0.649416387081,0,0,-0.649416387081,0,-0.649416387081,0,-0.487775137852,0.1489473071,-0.528643136064,0.130809171245,0.448435447877,0.145539515521,-5.32990894473,4.66677547086,-0.649416381111,-0.000143238843666,-0.0119982266353,-0.528317015388,0.204033232664,-9.43702907708e-07,0.000235925726926,-0.528460254231,-0.487478636307,0.147542995419,0.192035006028,-0.531999957418,0.147104606285,-0.0035397031866,-0.0449303997439,4.64038590044,-0.649416381111,-0.649416381111,-0.0802076881877,0.276348686766,0.448435447877,0.145539515521,0.0408679982121,0.0181381358551,-0.0137170927593,4,0
260,0.52,2,0.748799800873,0,-0.159580126405,0,0,-0.159580126405,0,-0.159580126405,0,0.734718922289,-0.186184133093,0.74879981645,-0.188686052625,-0.523540206552,-0.156749794818,1.21910905992,-1.3657492193,-0.159580120371,0.000134933956431,0.0113207535145,0.748491476746,-0.258134764681,1.17962864499e-06,-0.000294907161256,0.748626410702,0.734348295359,-0.184428743476,-0.246814011166,0.744752911326,-0.185766050216,-0.00387349937601,0.0610479609499,-4.78726008721,-0.159580120371,-0.159580120371,0.225259609899,-0.345435847443,-0.523540206552,-0.156749794818,-0.0140808941617,0.00250191953151,0.0129399609917,4,0
265,0.53,1,-0.527447998524,0,-0.557947218418,0,0,-0.557947218418,0,-0.557947218418,0,-0.486321806129,0.141670491432,-0.527447998308,0.11228904125,0.449353320992,0.0356348921266,-5.31283682007,4.74034244078,-0.557947219681,-0.000152457866372,-0.012717665211,-0.527104273476,0.188757873607,-9.21752329464e-07,0.000230438082363,-0.527256731343,-0.486039871135,0.140276183049,0.176040208396,-0.530397699319,0.139833995882,-0.00314096797595,-0.0362062125134,4.72936780203,-0.557947219681,-0.557947219681,-0.0780946773159,0.147923933376,0.449353320992,0.0356348921266,0.0411261921782,0.0293814501825,-0.0145471596074,4,0
265,0.53,2,0.747004449368,0,-0.175523340702,0,0,-0.175523340702,0,-0.175523340702,0,0.732902257643,-0.177088113431,0.747004465593,-0.173786625494,-0.524386119173,-0.0111182800407,1.21936501316,-1.38093595347,-0.175523336299,0.000146200546119,0.0121979894348,0.746674738714,-0.247147270982,1.15219042163e-06,-0.000288047605412,0.74682093926,0.732549838902,-0.175345227938,-0.234949281547,0.742929953592,-0.176670292767,-0.00389098566832,0.05827898878,-4.86623471759,-0.175523336299,-0.175523336299,0.22261834642,-0.184904905535,-0.524386119173,-0.0111182800407,-0.0141022079497,-0.00330148793728,0.0139523959882,4,0
270,0.54,1,-0.526405036449,0,-0.178221911192,0,0,-0.178221911192,0,-0.178221911192,0,-0.484937043658,0.135790076936,-0.526405052176,0.10038208093,0.449253741173,-0.0518419581216,-5.01804927563,4.82559865469,-0.178221909584,-0.000149717132844,-0.0124321057652,-0.52607118346,0.17391501819,-4.59791830276e-07,0.000114947957563,-0.526220900592,-0.48466621863,0.135067670129,0.161482912424,-0.526563280588,0.134055650398,-0.000342379995418,-0.0274272620269,5.1062102597,-0.178221909584,-0.178221909584,-0.0771513110031,0.048540122808,0.449253741173,-0.0518419581216,0.0414680085181,0.0354079960068,-0.0142287113593,4,0
270,0.54,2,0.745317399502,0,-0.282868385315,0,0,-0.282868385315,0,-0.282868385315,0,0.731171304563,-0.169737595241,0.745317418148,-0.167071836636,-0.523878279507,0.106396694384,1.13197060056,-1.40131353583,-0.282868383099,0.000142469652022,0.0118158120003,0.74500068667,-0.236615142285,5.74739796866e-07,-0.000143684949209,0.745143156322,0.73083277328,-0.168834586718,-0.224799330284,0.74047552767,-0.169349919278,-0.00466762865109,0.0554494110063,-5.30600647384,-0.282868383099,-0.282868383099,0.221439138641,-0.0606751422514,-0.523878279507,0.106396694384,-0.0141461135855,-0.00266575860493,0.0135254478246,4,0
275,0.55,1,-0.525403439999,0,0.284079730511,0,0,0.284079730511,0,0.284079730511,0,-0.483590708889,0.134484354806,-0.525403467111,0.102210888497,0.448483467111,-0.09222073063,-4.61885841946,4.8901399431,0.284079723053,-0.000135198627932,-0.0111758158826,-0.525105258803,0.167226147087,5.98649378403e-08,-1.49662344574e-05,-0.525240457431,-0.483321502556,0.134648065199,0.156050331205,-0.521908020945,0.132887800137,0.00333243648659,-0.0231625310675,5.55695319129,0.284079723053,0.284079723053,-0.07692,0.00999015786695,0.448483467111,-0.09222073063,0.0418127582218,0.0322734663091,-0.0127981994177,4,0
275,0.55,2,0.743603229523,0,-0.393245369196,0,0,-0.393245369196,0,-0.393245369196,0,0.729488386111,-0.168105442511,0.743603207513,-0.176904332138,-0.522453207513,0.164416646067,1.00783357194,-1.38936661307,-0.393245372755,0.000124058296134,0.0102236320767,0.743331637766,-0.235671190802,-7.48311632659e-08,1.87077908269e-05,0.743455696062,0.729151878197,-0.168310080488,-0.225447558725,0.737775009947,-0.167760166517,-0.00568068611493,0.0576873922073,-5.714544675,-0.393245372755,-0.393245372755,0.22115,-0.0124876860709,-0.522453207513,0.164416646067,-0.0141148214019,0.00879888962693,0.0117123316304,4,0
280,0.56,1,-0.524371683598,0,-0.402724444866,0,0,-0.402724444866,0,-0.402724444866,0,-0.482253403933,0.131453887473,-0.524371693388,0.100825912337,0.447363386535,-0.144456781355,-5.32919077444,4.91427920094,-0.402724446759,-0.000127146839657,-0.0106613646574,-0.524081679525,0.166189550302,-1.07270194355e-06,0.000268175485892,-0.524208826365,-0.481992021824,0.129886528219,0.155528185644,-0.526484976739,0.129610905273,-0.00227615037417,-0.0259172803717,4.85874955713,-0.402724446759,-0.402724446759,-0.0770083068525,-0.0436308690182,0.447363386535,-0.144456781355,0.0421182894551,0.0306279751362,-0.0121871267333,4,0
280,0.56,2,0.741788387299,0,-0.110866457224,0,0,-0.110866457224,0,-0.110866457224,0,0.727816754926,-0.164317358278,0.741788364618,-0.180356291866,-0.52052798094,0.234894889383,1.23049959013,-1.33041800016,-0.110866459344,0.000113966663986,0.00958044934602,0.741526979973,-0.239594808641,1.34087743797e-06,-0.000335219359499,0.741640946637,0.727490027292,-0.162358159198,-0.230014359295,0.737962071037,-0.163894636773,-0.00367887559959,0.0661197225214,-4.53503849825,-0.110866459344,-0.110866459344,0.221260383678,0.0545385975174,-0.52052798094,0.234894889383,-0.0139716096919,0.0160389335879,0.0109480493138,4,0
285,0.57,1,-0.523460745811,0,-0.681635797024,0,0,-0.681635797024,0,-0.681635797024,0,-0.480984099953,0.121674145001,-0.523460721564,0.0833509438598,0.445453780355,-0.245319843815,-5.65268768189,4.95725366946,-0.681635795859,-0.000143935800017,-0.0120709869635,-0.523132123913,0.157301432301,-1.57857079897e-06,0.000394642699745,-0.523276059713,-0.480743096857,0.119317619922,0.145230445337,-0.527893405731,0.119719590593,-0.00461734601783,-0.025510854744,4.57757139347,-0.681635795859,-0.681635795859,-0.0780069412082,-0.161968899955,0.445453780355,-0.245319843815,0.0424766216102,0.0383232011408,-0.0137982165637,4,0
285,0.57,2,0.740089654922,0,0.0218227673322,0,0,0.0218227673322,0,0.0218227673322,0,0.726230124963,-0.152092680126,0.740089626508,-0.161088635367,-0.517580949774,0.363549771471,1.33921533122,-1.30443684928,0.0218227673196,0.000134912760343,0.0113367615001,0.739780236589,-0.23098265705,1.97321350637e-06,-0.000493303376582,0.73991514935,0.725928871095,-0.149147023767,-0.21964589555,0.737263133905,-0.15163297142,-0.00265201544443,0.0680129241302,-4.01521449326,0.0218227673196,0.0218227673196,0.222508676735,0.202461136103,-0.517580949774,0.363549771471,-0.0138595015455,0.00899595524114,0.0129557146242,4,0
290,0.58,1,-0.522752702236,0,-0.564640939236,0,0,-0.564640939236,0,-0.564640939236,0,-0.479827118837,0.109719869031,-0.522752684503,0.0628518999179,0.442471811894,-0.353535013515,-5.6168784892,5.03742745775,-0.564640954845,-0.000155195304374,-0.0129477329495,-0.52240269735,0.140720682042,-1.50882791955e-06,0.000377206979889,-0.522557892654,-0.47960997405,0.107440772584,0.127772949092,-0.526430114297,0.107778077553,-0.00387222164292,-0.0199948715389,4.70062000443,-0.564640954845,-0.564640954845,-0.0802808726083,-0.290683113597,0.442471811894,-0.353535013515,0.0429255656657,0.046867969113,-0.014810076602,4,0
290,0.58,2,0.738624334335,0,-0.00247329613194,0,0,-0.00247329613194,0,-0.00247329613194,0,0.724783898579,-0.137149835109,0.738624337884,-0.137355700075,-0.513273246788,0.500709603075,1.33828886161,-1.32658123315,-0.00247329603606,0.000148580124724,0.0123979630002,0.738289177385,-0.211924165828,1.88603490636e-06,-0.000471508726604,0.73843775751,0.724512467597,-0.13430096454,-0.199526202828,0.735799007934,-0.136690872219,-0.00263874957565,0.0628353306084,-4.16636685348,-0.00247329603606,-0.00247329603606,0.225351091096,0.363353903,-0.513273246788,0.500709603075,-0.0138404393048,0.000205864965415,0.0141809244969,4,0
295,0.59,1,-0.522208809853,0,-0.125230461359,0,0,-0.125230461359,0,-0.125230461359,0,-0.478783151933,0.0997086418978,-0.522208823998,0.050414660855,0.438494183262,-0.438443020429,-5.26615424464,5.12650399035,-0.125230466918,-0.00015180954639,-0.0125980728078,-0.521870797269,0.124752833809,-9.41792836329e-07,0.00023544820908,-0.522022606816,-0.47858522427,0.0982574869728,0.112154761001,-0.52247175747,0.0978882833338,-0.000449150654831,-0.0142664776676,5.1453518877,-0.125230466918,-0.125230466918,-0.0837146407356,-0.388028359574,0.438494183262,-0.438443020429,0.0434256720647,0.0492939810429,-0.0144197873645,4,0
295,0.59,2,0.737343430519,0,-0.131615638733,0,0,-0.131615638733,0,-0.131615638733,0,0.723478939962,-0.12463580114,0.737343450749,-0.12404625172,-0.507700149385,0.609081712015,1.23766515544,-1.35563238472,-0.131615643004,0.000143877114,0.0119218883552,0.737024286006,-0.193972568343,1.17724105286e-06,-0.000294310263209,0.73716816312,0.723231530385,-0.122821857473,-0.182050679988,0.733661401591,-0.124211531906,-0.00350676152846,0.0578391480821,-4.72979044437,-0.131615643004,-0.131615643004,0.229643301364,0.485035460295,-0.507700149385,0.609081712015,-0.0138645107874,-0.000589549419833,0.0136484137232,4,0
300,0.6,1,-0.521700084209,0,0.374394804239,0,0,0.374394804239,0,0.374394804239,0,-0.477814864461,0.0950924036373,-0.521700092536,0.0536067721382,0.433861780413,-0.478461930629,-4.82515131727,5.18677342177,0.374394798148,-0.000135048713862,-0.0111521090811,-0.521402935098,0.118244692794,-3.52490555522e-07,8.81226388861e-05,-0.521537983812,-0.477625043826,0.0946459497454,0.107092583713,-0.517848516789,0.0934243347902,0.003689467023,-0.0136682489223,5.64024660748,0.374394798148,0.374394798148,-0.0878383121239,-0.424855158491,0.433861780413,-0.478461930629,0.0438852280756,0.0414856314991,-0.0127726936475,4,0
300,0.6,2,0.736084461212,0,-0.254633873701,0,0,-0.254633873701,0,-0.254633873701,0,0.722268580634,-0.118865503253,0.736084444231,-0.13004475888,-0.501286553524,0.661113717731,1.1039558516,-1.34703891411,-0.254633877915,0.000122517160477,0.0100806094784,0.7358172714,-0.187647320161,4.40613203367e-07,-0.00011015330084,0.735939788561,0.722031304842,-0.118307435875,-0.177566710683,0.731356178855,-0.118486853327,-0.00458360970576,0.0590798573553,-5.21752616613,-0.254633877915,-0.254633877915,0.234797890707,0.53106895885,-0.501286553524,0.661113717731,-0.0138158635978,0.0111792556272,0.0115508154041,4,0
305,0.61,1,-0.521148622036,0,-0.400334298611,0,0,-0.400334298611,0,-0.400334298611,0,-0.476887927773,0.0886288764546,-0.521148620869,0.0528076354046,0.428884738562,-0.527961591595,-5.61032238307,5.19786843323,-0.400334288206,-0.00012633976013,-0.0106035845127,-0.520859863794,0.11801739307,-1.5839431543e-06,0.000395985788579,-0.520986203555,-0.476712958027,0.0862969159114,0.107413808558,-0.523458764971,0.0866884249047,-0.00247256141617,-0.020725383653,4.860873803,-0.400334288206,-0.400334288206,-0.0922638823078,-0.47515395619,0.428884738562,-0.527961591595,0.044260693096,0.03582124105,-0.0121196616342,4,0
305,0.61,2,0.73476344347,0,0.0568012855947,0,0,0.0568012855947,0,0.0568012855947,0,0.721109909787,-0.11078609422,0.734763429823,-0.128830711549,-0.494433576279,0.722773167373,1.35348372686,-1.28595106994,0.0568012854599,0.000111565652908,0.00939258362421,0.734506728384,-0.187189685851,1.97992894801e-06,-0.000494982236994,0.734618294037,0.720891197607,-0.107871143533,-0.177797102227,0.732280120023,-0.110320668793,-0.00233817401425,0.067476433434,-3.94795919158,0.0568012854599,0.0568012854599,0.240329853544,0.593942455824,-0.494433576279,0.722773167373,-0.0136535200352,0.0180446173295,0.0107313714591,4,0
310,0.62,1,-0.520723998547,0,-0.704764723778,0,0,-0.704764723778,0,-0.704764723778,0,-0.476066197626,0.0749727840379,-0.520723998674,0.0342108735358,0.423187577134,-0.61864271578,-5.94609456865,5.22740514803,-0.704764699657,-0.000145181540638,-0.0121825424719,-0.520392121215,0.108980820023,-2.08922608513e-06,0.000522306521277,-0.520537302756,-0.475919366576,0.0718486053318,0.0967982775515,-0.525415270882,0.0729165726522,-0.00487796812634,-0.0238817048993,4.56183745104,-0.704764699657,-0.704764699657,-0.0975364215399,-0.584431842244,0.423187577134,-0.61864271578,0.0446578010487,0.040761910502,-0.0139247209596,4,0
310,0.62,2,0.733619332314,0,0.194213405252,0,0,0.194213405252,0,0.194213405252,0,0.720082747116,-0.0937159786688,0.733619327705,-0.102926119191,-0.486698800017,0.833465932209,1.4700468407,-1.26284656666,0.194213397984,0.000135136643547,0.0113652363366,0.733308829457,-0.173181157281,2.61153260894e-06,-0.000652883152235,0.7334439661,0.719899208307,-0.0898107552822,-0.161815920944,0.732203869873,-0.0932109318872,-0.00124009622751,0.0686049890571,-3.44150524718,0.194213397984,0.194213397984,0.246920527688,0.730539813018,-0.486698800017,0.833465932209,-0.0135365805882,0.00921014052215,0.0129868760591,4,0
315,0.63,1,-0.520514667034,0,-0.578504920006,0,0,-0.578504920006,0,-0.578504920006,0,-0.475395037969,0.059319409618,-0.520514645765,0.0125663258631,0.416539938802,-0.713402397966,-5.88872941641,5.29520305561,-0.57850489376,-0.000157410166742,-0.0131325450315,-0.52015966571,0.0915402533245,-1.96638212363e-06,0.000491595530913,-0.520317075877,-0.47527938664,0.0563508776914,0.0784077082929,-0.524257773076,0.0572834623218,-0.0039406971992,-0.0211242459711,4.70246464565,-0.57850489376,-0.57850489376,-0.103974706963,-0.700836072103,0.416539938802,-0.713402397966,0.0451196077962,0.0467530837548,-0.0150214670324,4,0
315,0.63,2,0.732773840427,0,0.159036532044,0,0,0.159036532044,0,0.159036532044,0,0.719243797559,-0.0741492606272,0.732773851185,-0.0729898253602,-0.477805466618,0.949034925234,1.46631028837,-1.29295480172,0.159036531805,0.000150025344329,0.0125186507073,0.732435429975,-0.148276737228,2.45797765663e-06,-0.000614494414167,0.732585455319,0.719099233401,-0.0704385957159,-0.135758086521,0.731322754927,-0.0736459707369,-0.00126270039263,0.0621121157841,-3.67092868288,0.159036531805,0.159036531805,0.254968384567,0.876045099874,-0.477805466618,0.949034925234,-0.0135300536255,-0.00115943526703,0.0143189548392,4,0
320,0.64,1,-0.520477235317,0,-0.131069600582,0,0,-0.131069600582,0,-0.131069600582,0,-0.474871785913,0.04603700091,-0.520477242955,-0.000394724464685,0.409027754573,-0.786219198103,-5.51570367456,5.3700403326,-0.131069607205,-0.00015366754862,-0.0127497241708,-0.520135230104,0.0747893403046,-1.34714085698e-06,0.000336785214248,-0.520288897652,-0.474781812984,0.0439761085605,0.0620396161338,-0.520634918861,0.0441302037039,-0.00034602120879,-0.01790941243,5.16350022461,-0.131069607205,-0.131069607205,-0.111449488382,-0.786613922568,0.409027754573,-0.786219198103,0.045605457042,0.0464317253747,-0.0145937347542,4,0
320,0.64,2,0.732166707516,0,0.0185087490827,0,0,0.0185087490827,0,0.0185087490827,0,0.718589732503,-0.0575462497224,0.732166694895,-0.0548418083185,-0.46785483346,1.03810922087,1.3622737949,-1.33002645406,0.0185087493161,0.000144865110256,0.012000210194,0.731845551837,-0.125157595749,1.68392607547e-06,-0.000420981518869,0.731990416947,0.718477266346,-0.0549701342792,-0.113157385555,0.72980804962,-0.0570788198425,-0.00218236732706,0.0560785657126,-4.3124003482,0.0185087493161,0.0185087493161,0.264311861435,0.983267412547,-0.46785483346,1.03810922087,-0.013576962392,-0.00270444140384,0.0137385915171,4,0
325,0.65,1,-0.520478725433,0,0.341322302818,0,0,0.341322302818,0,0.341322302818,0,-0.474455297486,0.0384096721683,-0.520478730892,0.00237364309103,0.400954242417,-0.820486334887,-5.08437381314,5.41278834813,0.341322304799,-0.000136460736797,-0.0112702409656,-0.520178335489,0.0677502132581,-7.55115150186e-07,0.000188778787543,-0.520314796226,-0.474379449576,0.0373576187,0.0564799722926,-0.516644269771,0.0366517983231,0.00367052645539,-0.0198281739694,5.63942061509,0.341322304799,0.341322304799,-0.119524488475,-0.818112691796,0.400954242417,-0.820486334887,0.0460234334055,0.0360360290773,-0.0129077698072,4,0
325,0.65,2,0.731624662876,0,-0.103924885392,0,0,-0.103924885392,0,-0.103924885392,0,0.718069121984,-0.0480120887502,0.731624646641,-0.0566670790185,-0.457219034997,1.07930795292,1.23488247917,-1.32721421451,-0.103924885447,0.000122953878985,0.0101177035601,0.731356406413,-0.114532668799,9.43893945227e-07,-0.000235973486313,0.731479360292,0.7179743121,-0.046697021903,-0.104414965239,0.728245532348,-0.0475880716517,-0.00323382794487,0.0568268935875,-4.82764058944,-0.103924885447,-0.103924885447,0.274405611644,1.0226408739,-0.457219034997,1.07930795292,-0.0135555246568,0.00865499026835,0.0115931501079,4,0
330,0.66,1,-0.520444393158,0,-0.428750932217,0,0,-0.428750932217,0,-0.428750932217,0,-0.474109932112,0.0290635568952,-0.520444417531,0.000809990273221,0.392590301185,-0.860975653812,-5.84603613078,5.40499833708,-0.428750917624,-0.000128092112232,-0.0107497707308,-0.520151719715,0.0668907733927,-1.92887583e-06,0.0004822189575,-0.520279811828,-0.474054617676,0.0262105609283,0.0561410026619,-0.522640255201,0.0270414600998,-0.00236044337345,-0.0290995425621,4.87305803324,-0.428750917624,-0.428750917624,-0.127854116346,-0.860165663538,0.392590301185,-0.860975653812,0.0463344854189,0.0282535666219,-0.0122868760775,4,0
330,0.66,2,0.731062889099,0,0.197718217969,0,0,0.197718217969,0,0.197718217969,0,0.717637415281,-0.0363294446255,0.73106291162,-0.0513126878949,-0.446245265047,1.12651977621,1.48031107602,-1.27177192602,0.19771822095,0.000112497257736,0.00947096195871,0.730804081971,-0.110145956127,2.41109478738e-06,-0.000602773696833,0.730916579229,0.717568272239,-0.032763199667,-0.100674994168,0.729861943367,-0.0358200892886,-0.00105463586207,0.0648549048796,-3.62665445979,0.19771822095,0.19771822095,0.284817646573,1.07520708831,-0.446245265047,1.12651977621,-0.0134254963389,0.0149832432693,0.0108209290515,4,0
335,0.67,1,-0.520541608334,0,-0.717814266682,0,0,-0.717814266682,0,-0.717814266682,0,-0.47389622276,0.0130285878627,-0.520541599106,-0.0179997572188,0.383657151528,-0.93168676662,-6.14644270423,5.41457286053,-0.717814288095,-0.000146588695083,-0.0122964912678,-0.520206767784,0.0573817162715,-2.35944900689e-06,0.000589862251719,-0.520353356479,-0.473873692395,0.00949559580282,0.0450852250037,-0.524910881882,0.010902977066,-0.00455752540339,-0.0341822479377,4.59755621943,-0.717814288095,-0.717814288095,-0.136884447578,-0.949686523839,0.383657151528,-0.93168676662,0.0466453763461,0.0310283450815,-0.0140555556088,4,0
335,0.67,2,0.73071295023,0,0.321564435959,0,0,0.321564435959,0,0.321564435959,0,0.717370278607,-0.01628573335,0.730712926811,-0.0224302906901,-0.434607366112,1.20953845375,1.58863674941,-1.25402989091,0.32156444617,0.000135757153343,0.0114133264899,0.730401263724,-0.0928948961463,2.94931125422e-06,-0.000737327813567,0.730537020877,0.717342115653,-0.0118694932814,-0.0814815696564,0.730477475865,-0.0157396001309,-5.95450121491e-05,0.0657419695255,-3.20149210237,0.32156444617,0.32156444617,0.2961055607,1.18710816306,-0.434607366112,1.20953845375,-0.0133426482047,0.00614455734017,0.01304241233,4,0
340,0.68,1,-0.520852804184,0,-0.59446066618,0,0,-0.59446066618,0,-0.59446066618,0,-0.473854184413,-0.00449251576879,-0.520852806765,-0.0393611524179,0.373995943976,-1.00302516044,-6.0695649476,5.46001972146,-0.59446067254,-0.000158097734954,-0.0131873807781,-0.520496422479,0.0398989799522,-2.18926309642e-06,0.000547315774105,-0.520654520214,-0.473866493308,-0.00779639500372,0.0267115991741,-0.524220745749,-0.00659112249115,-0.00356622553511,-0.0333027216652,4.74306717207,-0.59446067254,-0.59446067254,-0.146856862789,-1.04238631286,0.373995943976,-1.00302516044,0.0469986223523,0.0348686366492,-0.0150845535975,4,0
340,0.68,2,0.730684399605,0,0.279610127211,0,0,0.279610127211,0,0.279610127211,0,0.717317730687,0.00561564615463,0.730684382103,0.0094149373042,-0.422113302311,1.2935679613,1.5811335284,-1.28722316926,0.279610141754,0.000149856191851,0.0125019430852,0.730346489357,-0.0657284197684,2.73657886618e-06,-0.000684144716544,0.730496345549,0.717333116809,0.00974549519161,-0.0532264766833,0.730352045926,0.00615874262292,-0.000144299623144,0.0593852193062,-3.48143437738,0.279610141754,0.279610141754,0.308571079792,1.30298289861,-0.422113302311,1.2935679613,-0.013366651416,-0.00379929114956,0.0143002173874,4,0
345,0.69,1,-0.521334588528,0,-0.197460964322,0,0,-0.197460964322,0,-0.197460964322,0,-0.473977419807,-0.0194659295878,-0.521334568792,-0.0524534326076,0.363693594979,-1.05574680155,-5.72299397452,5.51087104681,-0.197460962804,-0.000154343803572,-0.01280983926,-0.52099075908,0.0231940941285,-1.59767532171e-06,0.000399418830428,-0.521145102883,-0.474018820776,-0.0218987406986,0.0103842548684,-0.521464410529,-0.0214445542012,-0.000319307645464,-0.0318288090697,5.16163351594,-0.197460962804,-0.197460962804,-0.157640973813,-1.10820023416,0.363693594979,-1.05574680155,0.0473571489849,0.0329875030198,-0.0146619649029,4,0
345,0.69,2,0.730912744999,0,0.147845983505,0,0,0.147845983505,0,0.147845983505,0,0.717471774944,0.0243324134045,0.730912745018,0.0296155520335,-0.408861526373,1.3556347476,1.4874804435,-1.32589800088,0.147845985564,0.000144788076235,0.011999000144,0.730591397395,-0.0408328391958,1.99709415194e-06,-0.00049927353799,0.730736185471,0.717523526158,0.0273734272924,-0.0288338390518,0.729731690256,0.0248432432092,-0.0010044952145,0.0536770822609,-4.10998766861,0.147845985564,0.147845985564,0.322051218645,1.38525029963,-0.408861526373,1.3556347476,-0.0134409700734,-0.00528313862899,0.0137364570588,4,0
350,0.7,1,-0.521867454052,0,0.178130909801,0,0,0.178130909801,0,0.178130909801,0,-0.474226204686,-0.0293078868628,-0.521867468275,-0.0519096407632,0.352990602935,-1.07937801394,-5.366821158,5.53178664753,0.178130909659,-0.000139005510212,-0.0114973540155,-0.521560324143,0.0151871368626,-1.09112603697e-06,0.000272781509239,-0.521699329653,-0.474286324363,-0.0308781831798,0.0036897828471,-0.518762682228,-0.0311635734271,0.00293664742525,-0.0348533562742,5.55026565419,0.178130909659,0.178130909659,-0.16887686534,-1.1312876547,0.352990602935,-1.07937801394,0.047641263589,0.0226017539004,-0.0131654201381,4,0
350,0.7,2,0.731238245964,0,0.0467984378338,0,0,0.0467984378338,0,0.0467984378338,0,0.717782756057,0.036634860018,0.73123826337,0.0320936726325,-0.395142180249,1.38201590243,1.38613214477,-1.3274935401,0.0467984363965,0.000125340546564,0.0103360817201,0.730963329239,-0.0275444431694,1.36390755123e-06,-0.0003409768878,0.731088669786,0.717857905657,0.0385977304225,-0.0172083614493,0.729215340957,0.0371112177221,-0.00187332882884,0.0543195791714,-4.56672657266,0.0467984363965,0.0467984363965,0.336096083121,1.41410957506,-0.395142180249,1.38201590243,-0.0134555073129,0.00454118738544,0.0118401682789,4,0
355,0.71,1,-0.522390365601,0,-0.461884349585,0,0,-0.461884349585,0,-0.461884349585,0,-0.474568611093,-0.040451330871,-0.522390357718,-0.0552931446978,0.342095168832,-1.10568521791,-5.98369192441,5.50914899691,-0.461884356687,-0.000132118851843,-0.0110731445939,-0.522089343821,0.0124604522472,-2.01784572834e-06,0.000504461432085,-0.522221462673,-0.474652480804,-0.0434482397229,0.00138730765326,-0.524240985612,-0.0425210131426,-0.00201952293923,-0.0439083207958,4.92357845135,-0.461884356687,-0.461884356687,-0.180295188886,-1.16097836261,0.342095168832,-1.10568521791,0.0478217466252,0.0148418138269,-0.012658570816,4,0
355,0.71,2,0.731588363647,0,0.293744117022,0,0,0.293744117022,0,0.293744117022,0,0.718210764081,0.0505641650302,0.731588339406,0.0406633713667,-0.381219351787,1.41055958823,1.58880490326,-1.28384005846,0.293744119124,0.000116848345543,0.00981854552874,0.731320631463,-0.0199275462824,2.52230715381e-06,-0.000630576788444,0.731437479809,0.718315601222,0.0543103010857,-0.0101090007536,0.731334514605,0.0511109879687,-0.000102965204069,0.0612199887224,-3.61415819823,0.293744119124,0.293744119124,0.350368987619,1.45122295959,-0.381219351787,1.41055958823,-0.0133775753258,0.00990079366357,0.0112207256753,4,0
360,0.72,1,-0.523040771484,0,-0.680529356003,0,0,-0.680529356003,0,-0.680529356003,0,-0.475052013398,-0.0566674779015,-0.523040787877,-0.0724841152029,0.330841427497,-1.14949515642,-6.19528222768,5.50065647807,-0.680529330728,-0.000147196239777,-0.0123300640053,-0.522705657334,0.00275145471066,-2.29413317715e-06,0.000573533294289,-0.522852853574,-0.475168787318,-0.0601075597514,-0.0095786092946,-0.526472623246,-0.0588100033118,-0.00361976967201,-0.0492313940172,4.72637919565,-0.680529330728,-0.680529330728,-0.19219936038,-1.22197927162,0.330841427497,-1.14949515642,0.0479887744786,0.0158166373014,-0.0140964188826,4,0
360,0.72,2,0.732150614262,0,0.385888814926,0,0,0.385888814926,0,0.385888814926,0,0.718815016975,0.0708343487498,0.732150635195,0.0678386185127,-0.366901433149,1.45963547653,1.67027956295,-1.27135370945,0.385888810162,0.000135918733809,0.0114060185321,0.731839907068,-0.00216033973403,2.86766645929e-06,-0.000716916614817,0.731975825802,0.718960984378,0.075134451044,0.00924567879809,0.732601436549,0.0714087828987,0.00062561074716,0.0621631041006,-3.33281238993,0.385888810162,0.385888810162,0.365249202046,1.52747409504,-0.366901433149,1.45963547653,-0.0133356182195,0.00299573023704,0.0130370433378,4,0
365,0.73,1,-0.523880183697,0,-0.571278095245,0,0,-0.571278095245,0,-0.571278095245,0,-0.475703986212,-0.0735382056743,-0.523880211132,-0.0911030835384,0.319150475236,-1.19079743504,-6.1064056466,5.52025510149,-0.571278099674,-0.000155930434143,-0.013001280228,-0.523529016247,-0.013044894476,-2.0946264182e-06,0.000523656604549,-0.523684946681,-0.47585424068,-0.0766982038751,-0.026046174704,-0.526378785805,-0.0756496556574,-0.00269383912423,-0.0496034809533,4.86388488757,-0.571278099674,-0.571278099674,-0.204729735896,-1.28190051858,0.319150475236,-1.19079743504,0.0481762249206,0.0175648778641,-0.0148724454377,4,0
365,0.73,2,0.733004570007,0,0.346004217863,0,0,0.346004217863,0,0.346004217863,0,0.719629983006,0.0919227583721,0.73300459509,0.0963525191788,-0.352092423599,1.50602313363,1.65903987509,-1.29904321872,0.34600421375,0.000146691997494,0.0122321386467,0.732674164314,0.022918304139,2.61828301107e-06,-0.000654570752759,0.732820856311,0.719817801093,0.0958727561054,0.0351504427857,0.733314952981,0.0924929654544,0.000494096670056,0.0573425226687,-3.61094495871,0.34600421375,0.34600421375,0.380912171491,1.60237565281,-0.352092423599,1.50602313363,-0.0133746120845,-0.00442976080669,0.0139924426167,4,0
370,0.74,1,-0.524870276451,0,-0.288010030985,0,0,-0.288010030985,0,-0.288010030985,0,-0.476514740615,-0.0880539430785,-0.524870303777,-0.103089798503,0.307102751175,-1.21821838704,-5.84541116626,5.54289212687,-0.288010017698,-0.000152613393842,-0.0126776609691,-0.524529557135,-0.027936389569,-1.63014736715e-06,0.000407536841786,-0.524682170528,-0.476693345383,-0.0905249943431,-0.0406140505381,-0.525021378906,-0.0900750530073,-0.000339208377935,-0.0494610024692,5.17509733491,-0.288010017698,-0.288010017698,-0.217767552602,-1.32130818555,0.307102751175,-1.21821838704,0.048355563162,0.0150358554248,-0.0145090216952,4,0
370,0.74,2,0.734091818333,0,0.249045372009,0,0,0.249045372009,0,0.249045372009,0,0.720643426023,0.110067430053,0.734091814303,0.115322526549,-0.336882371887,1.53631270923,1.59218130341,-1.3296165529,0.249045369883,0.000142344631299,0.0118112450511,0.733774871486,0.0456085333143,2.03768420348e-06,-0.00050942105086,0.733917216117,0.720866681985,0.113156244125,0.0574197783654,0.733776142192,0.11061462656,-0.000141073925765,0.053194848195,-4.10720116744,0.249045369883,0.249045369883,0.397209442416,1.65163523578,-0.336882371887,1.53631270923,-0.0134483882805,-0.00525509649597,0.0135193806267,4,0
375,0.75,1,-0.525925278664,0,-0.0797606930137,0,0,-0.0797606930137,0,-0.0797606930137,0,-0.477452576284,-0.0988886049276,-0.525925249147,-0.105954065733,0.294860760932,-1.22777023409,-5.63628545388,5.54306319307,-0.0797606949594,-0.000141785594349,-0.0117601387154,-0.525609772501,-0.0365655413429,-1.30874607063e-06,0.000327186517651,-0.525751558095,-0.477652239502,-0.100813168886,-0.0483256800584,-0.524228234278,-0.100837590677,0.0015233238178,-0.052511910619,5.40592007257,-0.0797606949594,-0.0797606949594,-0.231064488215,-1.33372429982,0.294860760932,-1.22777023409,0.048472672863,0.0070654608051,-0.0134615658476,4,0
375,0.75,2,0.735294878483,0,0.193508699536,0,0,0.193508699536,0,0.193508699536,0,0.72181572062,0.123610757353,0.735294865403,0.122176561824,-0.321464253434,1.54497881651,1.5381139747,-1.33240198143,0.19350870154,0.000128731633262,0.0106585121331,0.735009641945,0.059688970514,1.63593258984e-06,-0.000408983147472,0.735138373578,0.722065299646,0.126016462304,0.0703474826471,0.734509604984,0.124139669201,-0.00062876859359,0.0537921865542,-4.40274977177,0.19350870154,0.19350870154,0.413830611969,1.66715537833,-0.321464253434,1.54497881651,-0.0134791447829,0.00143419552829,0.0122032917322,4,0
380,0.76,1,-0.527008235455,0,-0.450627952814,0,0,-0.450627952814,0,-0.450627952814,0,-0.478495185248,-0.110318408521,-0.527008217873,-0.111451185353,0.282554415502,-1.23669522519,-5.97869880809,5.5149158742,-0.450627939286,-0.000137595970622,-0.0115038429592,-0.526696435361,-0.0416654343973,-1.78953396945e-06,0.000447383492362,-0.526834031332,-0.478718481302,-0.112990177455,-0.0531692773565,-0.528121892882,-0.112386188006,-0.00128786155032,-0.0592169106495,5.05789171039,-0.450627939286,-0.450627939286,-0.244453802371,-1.34814641054,0.282554415502,-1.23669522519,0.0485130326247,0.00113277683166,-0.0131549946067,4,0
380,0.76,2,0.736568033695,0,0.338373124599,0,0,0.338373124599,0,0.338373124599,0,0.723118981838,0.137898011811,0.736568055298,0.13288082536,-0.306000800599,1.55230219096,1.65628234442,-1.30606827346,0.338373112299,0.000123695699131,0.0103566102681,0.736286900713,0.0697563064567,2.23691744838e-06,-0.000559229362092,0.736410596412,0.723398101908,0.141237722957,0.0801129167249,0.736798910177,0.138468008825,0.000388313765002,0.0583550920998,-3.88543412376,0.338373112299,0.338373112299,0.430567254698,1.68518301632,-0.306000800599,1.55230219096,-0.0134490734595,0.00501718645023,0.0118409586577,4,0
385,0.77,1,-0.528197169304,0,-0.540903627872,0,0,-0.540903627872,0,-0.540903627872,0,-0.479666537188,-0.124067534675,-0.528197161709,-0.124241595021,0.27013061083,-1.25041457925,-6.04926886958,5.49441821443,-0.540903638115,-0.000145958693073,-0.0121955127156,-0.52786677616,-0.0504469208909,-1.83753054028e-06,0.000459382635064,-0.528012734853,-0.47991743863,-0.126828868851,-0.0626424336066,-0.52987372071,-0.126159500655,-0.00186098585729,-0.0635170670481,4.9950692034,-0.540903638115,-0.540903638115,-0.258066550879,-1.37465617427,0.27013061083,-1.25041457925,0.0485306245206,0.000174060346394,-0.0139470170325,4,0
385,0.77,2,0.738016664982,0,0.381343960762,0,0,0.381343960762,0,0.381343960762,0,0.724583171774,0.155084419378,0.738016653796,0.153338721446,-0.290433463436,1.56498149861,1.69216897169,-1.29797437043,0.381343947865,0.000134371210876,0.0112381988605,0.737711829861,0.0851283914543,2.29691315523e-06,-0.000574228288795,0.737846201072,0.724896798578,0.158536087068,0.0963665903148,0.738553237507,0.15566650545,0.000707036434909,0.0592999151353,-3.80430183474,0.381343947865,0.381343947865,0.44758319036,1.71832022006,-0.290433463436,1.56498149861,-0.013433482022,0.00174569793221,0.012850653391,4,0
390,0.78,1,-0.529516994953,0,-0.459002792835,0,0,-0.459002792835,0,-0.459002792835,0,-0.480974924197,-0.137382273554,-0.529516978683,-0.136761982203,0.257588652443,-1.25917138781,-5.96100438337,5.48771922529,-0.459002787636,-0.000149826574755,-0.012484451552,-0.52917997817,-0.0619245339261,-1.6380464069e-06,0.000409511601729,-0.529329804745,-0.481252171063,-0.139851967555,-0.0744089854782,-0.530445055328,-0.139443529017,-0.00111525058283,-0.0650345435393,5.10788756173,-0.459002787636,-0.459002787636,-0.27192832624,-1.39593337002,0.257588652443,-1.25917138781,0.0485420544854,-0.000620291350881,-0.0142823704491,4,0
390,0.78,2,0.739671945572,0,0.354290753603,0,0,0.354290753603,0,0.354290753603,0,0.726218655545,0.171727842825,0.739671950259,0.173086509426,-0.274761540681,1.57183020428,1.67835288701,-1.3107925667,0.354290768296,0.000139207066241,0.0115990672236,0.739358878646,0.103580964933,2.04755798972e-06,-0.000511889497419,0.739498085712,0.726565214129,0.174814960298,0.115180032157,0.740070302006,0.172304994761,0.000572216293954,0.0571249626043,-4.01718756993,0.354290768296,0.354290768296,0.464910409578,1.74491671371,-0.274761540681,1.57183020428,-0.0134532947139,-0.00135866660083,0.0132695520185,4,0
395,0.79,1,-0.530940771103,0,-0.353294730186,0,0,-0.353294730186,0,-0.353294730186,0,-0.482408282123,-0.148983864152,-0.530940747922,-0.145606432538,0.244997131633,-1.2594708531,-5.84762331538,5.48028689459,-0.353294739263,-0.000147493934365,-0.0122717543134,-0.530610109823,-0.0723857695166,-1.40754386152e-06,0.000351885965376,-0.530757603758,-0.482708378459,-0.151103825967,-0.08465752383,-0.530937210793,-0.151005902847,-0.000179607034833,-0.0663483790166,5.24452147893,-0.353294739263,-0.353294739263,-0.285943616289,-1.40507728564,0.244997131633,-1.2594708531,0.0485324657993,-0.00337743161429,-0.0140416815258,4,0
395,0.79,2,0.741493701935,0,0.31898316741,0,0,0.31898316741,0,0.31898316741,0,0.72801035296,0.18622983095,0.741493689747,0.18750199342,-0.2590641676,1.56884461402,1.65522286101,-1.32327008276,0.318983174496,0.000136296211891,0.0113340492145,0.74118853163,0.1200024011,1.75942981606e-06,-0.000439857454005,0.741324827842,0.728385473381,0.188879783202,0.131336450314,0.741672078497,0.186799069514,0.000347250654151,0.0554626191995,-4.25555942738,0.318983174496,0.318983174496,0.482429522147,1.75634660744,-0.2590641676,1.56884461402,-0.0134833367872,-0.0012721624702,0.0129696037572,4,0
400,0.8,1,-0.532436430454,0,-0.377518117428,0,0,-0.377518117428,0,-0.377518117428,0,-0.48395011543,-0.15930476327,-0.532436453187,-0.152214744285,0.232436453902,-1.25339197359,-5.85378111723,5.46256040057,-0.377518119205,-0.000143825640637,-0.0119766897759,-0.532113301297,-0.0804718774277,-1.36887732505e-06,0.000342219331264,-0.532257126938,-0.484270782325,-0.161360105457,-0.0924485672036,-0.532533090985,-0.161329053918,-0.000275964046953,-0.0688804867142,5.25049238711,-0.377518119205,-0.377518119205,-0.299999999285,-1.40560671787,0.232436453902,-1.25339197359,0.048486337757,-0.0070900189849,-0.0137025974635,4,0
400,0.8,2,0.743435978889,0,0.331495881081,0,0,0.331495881081,0,0.331495881081,0,0.729937644601,0.1991309548,0.743435992908,0.198692094251,-0.243435992014,1.55831630317,1.66817314849,-1.32411905764,0.331495889575,0.000131835091026,0.0109761801879,0.74313987396,0.132961039353,1.71109665392e-06,-0.000427774163492,0.743271709051,0.730338478221,0.201700132532,0.143937219541,0.743710524578,0.199704824799,0.000438815527369,0.0557676052582,-4.29067747183,0.331495889575,0.331495889575,0.500000000894,1.75700839742,-0.243435992014,1.55831630317,-0.013498348307,0.000438860549764,0.0125582012803,4,0
405,0.81,1,-0.53400182724,0,-0.349400430918,0,0,-0.349400430918,0,-0.349400430918,0,-0.485593753848,-0.169268340774,-0.534001817681,-0.159311112344,0.219952152988,-1.24403738238,-5.80208805711,5.439009059,-0.349400430113,-0.000143489539158,-0.0119566935252,-0.533679076993,-0.0876219546238,-1.22401807401e-06,0.000306004518496,-0.533822566532,-0.485934147928,-0.171115053559,-0.099578648149,-0.533746900378,-0.17127472188,7.56661545008e-05,-0.0716960737306,5.30884979726,-0.349400430113,-0.349400430113,-0.314049664693,-1.40334849472,0.219952152988,-1.24403738238,0.0484080638328,-0.00995722842973,-0.0136785679951,4,0
405,0.81,2,0.74549394846,0,0.329811125994,0,0,0.329811125994,0,0.329811125994,0,0.731992192631,0.211585426609,0.745493973021,0.210387972929,-0.227931890368,1.54379764512,1.66287812753,-1.32051912074,0.329811119553,0.000131623013374,0.0109684110788,0.74519790878,0.144624699771,1.53002257275e-06,-0.000382505643185,0.745329531793,0.732417685232,0.213893817561,0.155593110849,0.745721109707,0.212157464821,0.000391577914131,0.0565643539714,-4.38073484079,0.329811119553,0.329811119553,0.517562082653,1.75418561805,-0.227931890368,1.54379764512,-0.013501780391,0.00119745368061,0.0125478872393,4,0
410,0.82,1,-0.535627841949,0,-0.262074112892,0,0,-0.262074112892,0,-0.262074112892,0,-0.487330594108,-0.17780380131,-0.53562784359,-0.164429053517,0.207589364044,-1.22834309928,-5.68863905397,5.41302497988,-0.26207410088,-0.000142151455822,-0.0118341557377,-0.5353087698,-0.0936867900125,-9.87108177197e-07,0.000246777044302,-0.535450921255,-0.487687705517,-0.179296035583,-0.10552094575,-0.534541123723,-0.179770906711,0.000909797532689,-0.0742499609606,5.42585599616,-0.26207410088,-0.26207410088,-0.328038479546,-1.39277215279,0.207589364044,-1.22834309928,0.0482972494822,-0.0133747477933,-0.0135399732075,4,0
410,0.82,2,0.747655212879,0,0.30815115571,0,0,0.30815115571,0,0.30815115571,0,0.734163242961,0.222254752106,0.747655212338,0.21946886911,-0.212607111126,1.52149632058,1.63710985924,-1.31656944886,0.308151142497,0.000130105267053,0.0108280046735,0.74736339082,0.154814562181,1.23388519468e-06,-0.000308471298672,0.747493496087,0.734609632223,0.224120044908,0.165642566854,0.747679116165,0.22281791349,0.000185620077654,0.0571753466357,-4.5460948426,0.308151142497,0.308151142497,0.535048101211,1.74096518969,-0.212607111126,1.52149632058,-0.0134919693764,0.00278588299623,0.0123892678781,4,0
415,0.83,1,-0.537289917469,0,-0.223784819245,0,0,-0.223784819245,0,-0.223784819245,0,-0.48914411226,-0.184667727817,-0.53728992934,-0.167193323901,0.195415161742,-1.20612921326,-5.6173092478,5.38024840455,-0.223784825332,-0.000139374966832,-0.0116035183237,-0.536976999989,-0.0977795857052,-8.25168150642e-07,0.000206292037667,-0.537116374956,-0.489514692662,-0.185909077183,-0.109383104029,-0.535763452821,-0.18661020034,0.0013529221352,-0.0772270963112,5.4925398911,-0.223784825332,-0.223784825332,-0.341874767599,-1.37332253716,0.195415161742,-1.20612921326,0.0481458170802,-0.0174744039158,-0.0132760179256,4,0
415,0.83,2,0.749887883663,0,0.303928256035,0,0,0.303928256035,0,0.303928256035,0,0.736430140655,0.230834660039,0.749887863271,0.225550176326,-0.197544402012,1.49110299279,1.62294113665,-1.30693775783,0.30392826359,0.000126798028381,0.010553538884,0.749603340791,0.162468716784,1.0314601635e-06,-0.000257865040873,0.749730138819,0.736893366158,0.232386346709,0.173022255668,0.749830759204,0.231393019146,0.000100620385009,0.0583707634777,-4.63234624589,0.30392826359,0.30392826359,0.552343461259,1.71665316912,-0.197544402012,1.49110299279,-0.0134577226161,0.00528448371362,0.0120751152246,4,0
420,0.84,1,-0.538979232311,0,-0.352518290281,0,0,-0.352518290281,0,-0.352518290281,0,-0.491021777822,-0.190929721303,-0.538979248856,-0.170491490712,0.183483632106,-1.18081614055,-5.70719637263,5.34145454146,-0.352518283336,-0.000138612505803,-0.0115601977618,-0.538666664608,-0.100856448823,-9.27286933849e-07,0.000231821733463,-0.538805277114,-0.491404999484,-0.19230629609,-0.112416646585,-0.538389316052,-0.19290336873,0.000415961061583,-0.0804867221451,5.39255421806,-0.352518283336,-0.352518283336,-0.355495616751,-1.35130763126,0.183483632106,-1.18081614055,0.0479574710345,-0.0204382305911,-0.0132235478315,4,0
420,0.84,2,0.752181470394,0,0.352852582932,0,0,0.352852582932,0,0.352852582932,0,0.738777222609,0.238662151733,0.752181489294,0.23242826551,-0.182811966623,1.45670627046,1.65841684477,-1.29353357647,0.352852591732,0.000126063991122,0.0105179086711,0.751896888304,0.16895344588,1.15910865184e-06,-0.000289777162955,0.752022952295,0.739256249686,0.240382870193,0.179471354551,0.752473329381,0.239232822849,0.000450377085356,0.0597614682979,-4.50338927069,0.352852591732,0.352852591732,0.569369522671,1.68913453597,-0.182811966623,1.45670627046,-0.0134042666849,0.00623388622327,0.0120306765645,4,0
425,0.85,1,-0.540735185146,0,-0.659915924072,0,0,-0.659915924072,0,-0.659915924072,0,-0.492969015773,-0.19913946799,-0.540735177577,-0.180413251371,0.171799667152,-1.15948530556,-5.98196070227,5.30823317976,-0.659915907061,-0.000144351555885,-0.012079396786,-0.540406958335,-0.106731648319,-1.25120811467e-06,0.000312802028667,-0.540551309891,-0.493369276284,-0.201068662031,-0.118811045105,-0.542617396391,-0.201208150516,-0.00206608650005,-0.0823971054109,5.11898363395,-0.659915907061,-0.659915907061,-0.368935510425,-1.33989855694,0.171799667152,-1.15948530556,0.0477661618048,-0.0187262166189,-0.0138116154566,4,0
425,0.85,2,0.754586517811,0,0.449902653694,0,0,0.449902653694,0,0.449902653694,0,0.741211270048,0.248924335013,0.754586489153,0.24763259498,-0.168417099422,1.42724059779,1.7532962059,-1.29060189028,0.449902647479,0.000133507734884,0.0111895753239,0.754281726,0.178960009252,1.56401013696e-06,-0.000391002534231,0.754415233735,0.741711595688,0.251335827556,0.190149584576,0.75569033726,0.24952762948,0.00127510352466,0.0593780449038,-4.20069282881,0.449902647479,0.449902647479,0.586169389731,1.67487319277,-0.168417099422,1.42724059779,-0.0133752191056,0.00129174003326,0.0127916681425,4,0
430,0.86,1,-0.542598247528,0,-0.135185867548,0,0,-0.135185867548,0,-0.135185867548,0,-0.494999990434,-0.205879321115,-0.542598265591,-0.188031207817,0.160328017646,-1.13314984271,-5.44643453931,5.29711253941,-0.135185866546,-0.000148789153912,-0.0123506635114,-0.54226645684,-0.114985032067,-3.50652274606e-07,8.76630686455e-05,-0.542415245993,-0.495412350598,-0.206443071119,-0.127335695579,-0.540190687746,-0.207762266836,0.00222455824785,-0.0804265712576,5.67718051555,-0.135185866546,-0.135185866546,-0.382270247945,-1.32118105053,0.160328017646,-1.13314984271,0.0475982751568,-0.017848113298,-0.0141361333583,4,0
430,0.86,2,0.757149457932,0,0.266954004765,0,0,0.266954004765,0,0.266954004765,0,0.743749988375,0.257349151315,0.757149486443,0.259128492661,-0.154311674847,1.39234781669,1.59478239426,-1.31462208427,0.266954008717,0.000139167072099,0.0115362963997,0.756840080748,0.191235045096,4.38315318929e-07,-0.000109578829738,0.75697924782,0.744265438579,0.258053838784,0.202771341495,0.756906947207,0.257897357933,-7.23006122846e-05,0.0551260164382,-5.02812000781,0.266954008717,0.266954008717,0.602837811596,1.65147630936,-0.154311674847,1.39234781669,-0.0133994980681,-0.00177934134593,0.0132063012649,4,0
435,0.87,1,-0.544452548027,0,0.160451084375,0,0,0.160451084375,0,0.160451084375,0,-0.497066999706,-0.206765871701,-0.54445254561,-0.182449307546,0.149186739131,-1.09210458144,-5.12295947096,5.27054858026,0.160451089307,-0.000135593811309,-0.0112348542691,-0.544151511452,-0.116358200104,1.99426986591e-07,-4.98567466544e-05,-0.544287105264,-0.497480267558,-0.206484355831,-0.127593054373,-0.539577342785,-0.208537135996,0.00470976247853,-0.0809440816232,5.99931558207,0.160451089307,0.160451089307,-0.395265806479,-1.27455388898,0.149186739131,-1.09210458144,0.0473855459039,-0.0243165641552,-0.0128619800048,4,0
435,0.87,2,0.759714484215,0,0.169512882829,0,0,0.169512882829,0,0.169512882829,0,0.746333749963,0.258457339342,0.759714471005,0.253147452305,-0.140632211284,1.34004490424,1.49677226086,-1.31563539593,0.169512878087,0.000122763631636,0.0101508232636,0.759443231175,0.193859719019,-2.49283764298e-07,6.23209410817e-05,0.759565994807,0.746850334778,0.258105444457,0.204010542282,0.758688536298,0.258972122106,-0.00087745850859,0.0549615798235,-5.46858602398,0.169512878087,0.169512878087,0.619082259721,1.59319235654,-0.140632211284,1.34004490424,-0.0133807210419,0.00530988703675,0.0116239868432,4,0
440,0.88,1,-0.546215951443,0,0.137504577637,0,0,0.137504577637,0,0.137504577637,0,-0.499125503048,-0.204740818168,-0.546215931366,-0.172320361172,0.138493716419,-1.04396096469,-5.08633164906,5.21193890751,0.137504570417,-0.000125023438257,-0.0103970307086,-0.545935870832,-0.110282179611,2.83184914407e-07,-7.07962286019e-05,-0.546060894271,-0.499534542827,-0.204307501249,-0.120679210319,-0.541339168243,-0.206499720885,0.00472172602703,-0.0858205105654,5.99587244783,0.137504570417,0.137504570417,-0.407722214947,-1.21628132586,0.138493716419,-1.04396096469,0.0470904283184,-0.0324204569957,-0.0118973119677,4,0
440,0.88,2,0.762177050114,0,0.195434868336,0,0,0.195434868336,0,0.195434868336,0,0.748906879136,0.255926022195,0.762177060768,0.241868930751,-0.127524290514,1.27848272096,1.48525841783,-1.27936904087,0.195434862916,0.000109924852351,0.00913541581761,0.76193115399,0.187443621597,-3.53981171375e-07,8.84952928509e-05,0.762041078842,0.749418178859,0.255384376004,0.196579037414,0.761175611784,0.256437219389,-0.000865467057977,0.0598581819747,-5.37921189803,0.195434862916,0.195434862916,0.634652770254,1.52035165171,-0.127524290514,1.27848272096,-0.0132701816323,0.0140570914437,0.0104545140458,4,0
445,0.89,1,-0.547903776169,0,-0.265764892101,0,0,-0.265764892101,0,-0.265764892101,0,-0.501164793495,-0.203641274905,-0.547903804947,-0.167913004789,0.128288485364,-0.997349566033,-5.41884543122,5.14099149132,-0.265764877976,-0.000126354049165,-0.0105728133363,-0.547616508387,-0.103393105244,-2.24923621617e-07,5.62309053906e-05,-0.547742862436,-0.50157233101,-0.203937450527,-0.11396591858,-0.546143009392,-0.205515367234,0.00159985304411,-0.0915494486538,5.61285384556,-0.265764877976,-0.265764877976,-0.419615319584,-1.16526257082,0.128288485364,-0.997349566033,0.0467390114524,-0.0357282701159,-0.0120890619263,4,0
445,0.89,2,0.764565944672,0,0.342701226473,0,0,0.342701226473,0,0.342701226473,0,0.751455992188,0.254551592926,0.764565939198,0.238902812327,-0.115046788208,1.2176753949,1.58943630664,-1.23600132157,0.3427012265,0.000112006604039,0.0093896793176,0.764310067894,0.181176202484,2.8115450823e-07,-7.02886270543e-05,0.764422074498,0.751965414081,0.254921812426,0.190565881802,0.764589046314,0.255098803515,0.000166971816123,0.0645329217131,-4.80871603816,0.3427012265,0.3427012265,0.64951915099,1.45657820722,-0.115046788208,1.2176753949,-0.0131099470101,0.0156487805998,0.0107337585661,4,0
450,0.9,1,-0.549638748169,0,-0.882222831249,0,0,-0.882222831249,0,-0.882222831249,0,-0.503217316837,-0.208272982631,-0.549638744721,-0.180192356964,0.118515611218,-0.962839432663,-5.98975433497,5.09378992215,-0.882222860362,-0.000142927371508,-0.0120264239992,-0.549309412601,-0.105363987804,-9.57982068894e-07,0.000239495517218,-0.549452339972,-0.503635514875,-0.209817505889,-0.117390411803,-0.552931114681,-0.210344390874,-0.0034787747084,-0.0929539790708,5.02820222327,-0.882222860362,-0.882222860362,-0.431123133503,-1.14303178963,0.118515611218,-0.962839432663,0.0464214278844,-0.0280806256666,-0.0137415524573,4,0
450,0.9,2,0.767043530941,0,0.531344711781,0,0,0.531344711781,0,0.531344711781,0,0.754021646358,0.26034122748,0.7670435122,0.257355033049,-0.103139593875,1.17143469743,1.7731703798,-1.22899795896,0.53134472519,0.000133027452697,0.0112313662186,0.766734455574,0.186609373004,1.1974775761e-06,-0.000299369394035,0.766867483027,0.754544393905,0.262271881539,0.197840739222,0.768665744944,0.260951398254,0.00179826191692,0.063110659032,-4.12704159168,0.53134472519,0.53134472519,0.663903918325,1.42878973048,-0.103139593875,1.17143469743,-0.0130218658415,0.00298619443107,0.0128276956509,4,0
455,0.91,1,-0.551515817642,0,0.117777138948,0,0,0.117777138948,0,0.117777138948,0,-0.505321484417,-0.210284792194,-0.551515814307,-0.188585196616,0.109078168189,-0.92110200329,-4.92916621779,5.10425506197,0.117777139638,-0.000153708840218,-0.0127211798043,-0.551175428469,-0.114230955373,7.50776437131e-07,-0.000187694109292,-0.551329137309,-0.505741059439,-0.209224428625,-0.126952135177,-0.546205509639,-0.211988293245,0.00512362767005,-0.085036158068,6.06039102685,0.117777139638,0.189654530066,-0.442437646118,-1.10968719991,0.109078168189,-0.92110200329,0.0461943298895,-0.0216995955783,-0.0145656858869,4,0
455,0.91,2,0.769718527794,0,0.147733837366,0,0,0.147733837366,0,0.147733837366,0,0.756651855825,0.262855989308,0.769718547288,0.268539821271,-0.0916714882614,1.11856917172,1.44692295822,-1.2853381184,0.147733842317,0.000146454469738,0.0120935438668,0.769395899692,0.198458109055,-9.38470572698e-07,0.000234617643188,0.769542354161,0.757176324601,0.261530534807,0.210551652921,0.768573424996,0.263352721357,-0.0009689291655,0.0528010684354,-5.75879019872,0.147733842317,0.147733842317,0.678047059027,1.38710899299,-0.0916714882614,1.11856917172,-0.0130666914626,-0.00568383196279,0.0138509975036,4,0
460,0.92,1,-0.553307235241,0,0.704490363598,0,0,0.704490363598,0,0.704490363598,0,-0.507388026887,-0.201809726874,-0.553307250039,-0.17041688917,0.10013939752,-0.861156521008,-4.39309758756,5.08555810607,0.704490363676,-0.000127548808226,-0.0104992594714,-0.55302826994,-0.109995083935,1.60551589046e-06,-0.000401378972621,-0.553155818748,-0.507789282671,-0.19942375535,-0.120494343407,-0.543833651087,-0.203328294549,0.00932216766156,-0.0828339511422,6.66468537251,0.704490363676,0.704490363676,-0.453167852518,-1.03157341018,0.10013939752,-0.861156521008,0.0459192231519,-0.0313928377035,-0.0120298451702,4,0
460,0.92,2,0.772281825542,0,-0.0337973833084,0,0,-0.0337973833084,0,-0.0337973833084,0,0.759235033902,0.25226215744,0.772281800914,0.245192172186,-0.080821983959,1.04427458293,1.27397480915,-1.29708145033,-0.0337973820903,0.0001138203969,0.00932489614856,0.772035568504,0.192409031373,-2.00689489482e-06,0.000501723723701,0.772149388901,0.75973660363,0.249279692987,0.201733927522,0.769744156133,0.252700037533,-0.0024052327679,0.0509661100114,-6.49539617686,-0.0337973820903,-0.0337973820903,0.691459816955,1.28946675511,-0.080821983959,1.04427458293,-0.0130467670121,0.00706998525398,0.0106907409114,4,0
465,0.93,1,-0.554857611656,0,0.606177687645,0,0,0.606177687645,0,0.606177687645,0,-0.509344354542,-0.189345049424,-0.554857620929,-0.145158577426,0.0918325595784,-0.795023446629,-4.4075114249,5.00344365257,0.606177709287,-0.000107821361556,-0.0089516252862,-0.554616931319,-0.0919525993285,1.57369293341e-06,-0.000393423233364,-0.55472475268,-0.509720638672,-0.186961795158,-0.100904224615,-0.545924729807,-0.190869231726,0.00880002287371,-0.0899650071115,6.57053216354,0.606177709287,0.606177709287,-0.46302506135,-0.940182024055,0.0918325595784,-0.795023446629,0.045513266387,-0.0441864719972,-0.0102454816249,4,0
465,0.93,2,0.774542272091,0,0.0263184327632,0,0,0.0263184327632,0,0.0263184327632,0,0.761680443458,0.236681310394,0.774542259248,0.214015028842,-0.0707609313326,0.961212492874,1.26844094844,-1.2336011598,0.0263184327467,8.97905124194e-05,0.00744386974932,0.774342414534,0.169915394483,-1.96711619538e-06,0.000491779048848,0.774432205046,0.762150798617,0.233702242519,0.177359264233,0.772161576984,0.237118024291,-0.00227062806287,0.0597587600583,-6.19802477987,0.0263184327467,0.0263184327467,0.703781327915,1.17522752172,-0.0707609313326,0.961212492874,-0.0128618157897,0.0226662815519,0.00852135589836,4,0
470,0.94,1,-0.556210517883,0,-0.0850643292069,0,0,-0.0850643292069,0,-0.0850643292069,0,-0.511184035592,-0.1796191978,-0.556210501177,-0.131333638229,0.0841842596496,-0.733819852861,-4.99663458301,4.9008793294,-0.0850643277882,-0.000111310899864,-0.00935519502039,-0.555954648056,-0.0732737079105,6.27495532757e-07,-0.000156873883202,-0.556065958956,-0.511542194725,-0.178608945182,-0.0826289029309,-0.552661556483,-0.181347427838,0.00340440247287,-0.0987185249066,5.88438563314,-0.0850643277882,-0.0850643277882,-0.472026241527,-0.865153491089,0.0841842596496,-0.733819852861,0.0450264655849,-0.0482855595717,-0.0106909258188,4,0
470,0.94,2,0.776573121548,0,0.276785582304,0,0,0.276785582304,0,0.276785582304,0,0.763980044755,0.224523995672,0.776573122651,0.199366076122,-0.0615403196017,0.88207577886,1.44417048389,-1.15825324099,0.276785571921,9.472927772e-05,0.0079949196482,0.77635312082,0.148952396015,-7.84369435847e-07,0.00019609235897,0.776447850097,0.764427743669,0.223261179869,0.156947315663,0.775917975955,0.225021409472,-0.000529874142704,0.0680740938092,-5.15078993892,0.276785571921,0.276785571921,0.715032803049,1.08144185498,-0.0615403196017,0.88207577886,-0.0125930778957,0.0251579195498,0.00913167098084,4,0
475,0.95,1,-0.557571291924,0,-1.00646340847,0,0,-1.00646340847,0,-1.00646340847,0,-0.512968929022,-0.179555765678,-0.55757129431,-0.143157714182,0.0770957836249,-0.691119392596,-5.85665066108,4.83681693884,-1.00646339686,-0.000138474943914,-0.0117086260503,-0.557248690614,-0.0691728505307,-5.14854835099e-07,0.000128713708766,-0.557387165558,-0.513329134835,-0.180489047767,-0.080881476581,-0.561578540133,-0.181581166141,-0.00419137457547,-0.10069968956,4.98538552058,-1.00646339686,-1.00646339686,-0.480475510685,-0.834277106778,0.0770957836249,-0.691119392596,0.0446023652879,-0.0363980514959,-0.0133703253773,4,0
475,0.95,2,0.778650701046,0,0.555532455444,0,0,0.555532455444,0,0.555532455444,0,0.766211161527,0.224444705401,0.778650713265,0.218521903241,-0.0530563238583,0.824324471167,1.71319905225,-1.14517083484,0.555532454823,0.000128863454778,0.010949401132,0.778347018184,0.14817618855,6.43568531355e-07,-0.000160892132827,0.778475881639,0.76666141879,0.225611307994,0.159125589682,0.780359126501,0.225034203942,0.00188324486271,0.0659086142595,-4.08100643605,0.555532454823,0.555532454823,0.725594389407,1.04284637441,-0.0530563238583,0.824324471167,-0.0124395517384,0.00592280216051,0.0124957625893,4,0
480,0.96,1,-0.559101760387,0,-0.00646339682862,0,0,-0.00646339682862,0,-0.00646339682862,0,-0.514762470089,-0.175831905226,-0.559101746159,-0.155029792685,0.0704394910919,-0.634539641823,-4.2925645378,4.87688996848,-0.00646339685757,-0.00015775660908,-0.0130606196546,-0.558752035645,-0.0786135472911,1.95626833122e-06,-0.0004890670828,-0.558909792254,-0.515111381966,-0.172988737407,-0.0916741669457,-0.550347447604,-0.177314612623,0.0085623446502,-0.085640445677,6.01349595715,-0.00646339685757,0.599279129639,-0.488662255067,-0.789569434508,0.0704394910919,-0.634539641823,0.0443392760704,-0.020802112541,-0.0149536989635,4,0
480,0.96,2,0.780956029892,0,-0.021594369784,0,0,-0.021594369784,0,-0.021594369784,0,0.768453087842,0.219789879702,0.780956033195,0.231167358337,-0.0451282134023,0.755794425496,1.22465018405,-1.23179169242,-0.0215943690519,0.000152735002426,0.0126200406579,0.780618950292,0.157881838669,-2.44533543892e-06,0.000611333859718,0.780771685295,0.768889227685,0.216235919891,0.170501879327,0.77852058724,0.220209358844,-0.0022510980553,0.0497074795169,-6.47416033,-0.0215943690519,-0.0215943690519,0.735827819793,0.986961783833,-0.0451282134023,0.755794425496,-0.0125029453528,-0.0113774786352,0.014452860687,4,0
485,0.97,1,-0.56055700779,0,0.99353659153,0,0,0.99353659153,0,0.99353659153,0,-0.516436449354,-0.157356558698,-0.560557004508,-0.135451983387,0.0644802425382,-0.552163355205,-3.56878203393,4.9198155516,0.993536603142,-0.000129165463395,-0.0105963383752,-0.560277112415,-0.0754474460497,3.06599721034e-06,-0.000766499302574,-0.560406277879,-0.51674661307,-0.152782359951,-0.0860437844249,-0.546023713493,-0.158589361371,0.0143825643862,-0.072545576946,7.02486790132,0.993536603142,1.36317984161,-0.49607676197,-0.687615338592,0.0644802425382,-0.552163355205,0.0441205551537,-0.0219045753115,-0.0121463239359,4,0
485,0.97,2,0.783097863197,0,-0.308192759752,0,0,-0.308192759752,0,-0.308192759752,0,0.770545561905,0.196695696342,0.783097858669,0.198230692542,-0.0380019053428,0.661288470906,0.983568441771,-1.28078714192,-0.308192768981,0.000117276456571,0.00956675135603,0.782847208016,0.145232231749,-3.8324965409e-06,0.000958124135232,0.782964484473,0.770933266546,0.190977947865,0.154798983105,0.7786364683,0.197032817442,-0.00432801617221,0.0422338343369,-7.59579059315,-0.308192768981,-0.308192768981,0.745095953326,0.859519163448,-0.0380019053428,0.661288470906,-0.0125522967634,-0.00153499620042,0.0109740688349,4,0
490,0.98,1,-0.56167280674,0,1.21917581558,0,0,1.21917581558,0,1.21917581558,0,-0.517893866584,-0.134139810673,-0.561672825412,-0.0947077323849,0.0593029465251,-0.477343422719,-3.64605863211,4.85630075677,1.21917577863,-9.48424681749e-05,-0.00779554435798,-0.561465351062,-0.0496125709572,2.89120079533e-06,-0.000722800198843,-0.56156019353,-0.518157734721,-0.129765667662,-0.0574081153152,-0.548150712156,-0.135400512572,0.0134094813743,-0.0779923972567,7.23785517166,1.21917577863,1.21917577863,-0.502369878887,-0.572051155104,0.0593029465251,-0.477343422719,0.0437789588281,-0.0394320782881,-0.00893365397607,4,0
490,0.98,2,0.784760832787,0,-0.239844128489,0,0,-0.239844128489,0,-0.239844128489,0,0.772367333421,0.167674761105,0.784760806288,0.144865200161,-0.0317984569156,0.570198733447,0.987060344627,-1.21988351023,-0.239844129933,7.50299616597e-05,0.00612060479313,0.784599177457,0.110165882424,-3.61400101911e-06,0.000903500254787,0.784674207418,0.772697168587,0.162207082304,0.116286487217,0.78052017402,0.168014462797,-0.00415403339857,0.0517279755792,-7.19874786818,-0.239844129933,-0.239844129933,0.752962349372,0.715063933608,-0.0317984569156,0.570198733447,-0.0123934728665,0.0228095609442,0.00702096433305,4,0
495,0.99,1,-0.5624345541,0,0.334703266621,0,0,0.334703266621,0,0.334703266621,0,-0.519134793137,-0.115561369279,-0.562434537723,-0.0674578880989,0.0548365013506,-0.412899271672,-4.47362698878,4.73317043878,0.334703262688,-9.28025747449e-05,-0.00783164312546,-0.562219175439,-0.0181113768625,1.52843359602e-06,-0.000382108399019,-0.562311978014,-0.519363434852,-0.113174532487,-0.025943019988,-0.556275992843,-0.117108919267,0.00603598517016,-0.0911658992792,6.33761048958,0.334703262688,0.268488724023,-0.507598036372,-0.48035715977,0.0548365013506,-0.412899271672,0.0432997445863,-0.0481034811806,-0.0089452740224,4,0
495,0.99,2,0.785988032818,0,0.112216606736,0,0,0.112216606736,0,0.112216606736,0,0.773918491589,0.144451709193,0.785988013958,0.113004694944,-0.026490467834,0.487441744181,1.22813910012,-1.10882659209,0.112216609781,7.31291625482e-05,0.00621834829695,0.78581518554,0.0727229245874,-1.91054201337e-06,0.000477635503345,0.785888314702,0.774204293728,0.141468163175,0.0789412728844,0.784076216665,0.144874947738,-0.00181209803738,0.0659336748532,-5.66344670722,0.112216609781,0.112216609781,0.759497546124,0.600446439126,-0.026490467834,0.487441744181,-0.0120695223696,0.0314470142484,0.00709589824753,4,0
500,1,1,-0.563103497028,0,-0.665296733379,0,0,-0.665296733379,0,-0.665296733379,0,-0.520249326372,-0.110221600925,-0.563103509856,-0.0707685250502,0.0509418224215,-0.373089042917,-5.57598564228,4.63809058474,-0.665296737312,-0.000125123670389,-0.0106206125772,-0.562809336104,-0.00277590362608,3.13595079904e-08,-7.83987700349e-06,-0.562934459775,-0.520470133207,-0.110379898147,-0.0133965162033,-0.566534499715,-0.112150149815,-0.00360003994057,-0.0987536336113,5.33934113176,-0.665296737312,-0.925772960925,-0.512161687434,-0.443857567968,0.0509418224215,-0.373089042917,0.0428541834839,-0.0394530758752,-0.0121220966219,4,0
500,1,2,0.787150263786,0,0.488707274199,0,0,0.488707274199,0,0.488707274199,0,0.775311658108,0.137776998631,0.787150261153,0.124623292693,-0.0219481513079,0.430198656579,1.56702689954,-1.06726384465,0.488707269779,0.000113459836624,0.00969426707452,0.78687935552,0.0611877265306,-3.9199398949e-08,9.7998497241e-06,0.786992815356,0.775587666647,0.137974870139,0.0708819936052,0.78825561192,0.13831633004,0.00126279656336,0.0674343364351,-4.14561884778,0.488707269779,0.488707269779,0.765202109845,0.554821949273,-0.0219481513079,0.430198656579,-0.011838603045,0.013153705938,0.011055785114,4,0
505,1.01,1,-0.56387257576,0,0.334703266621,0,0,0.334703266621,0,0.334703266621,0,-0.521323472063,-0.100444223296,-0.56387256862,-0.0761264200442,0.047453280617,-0.316036691564,-3.60013515306,4.66458079775,0.334703262688,-0.000148780985303,-0.012312439187,-0.563543007739,-0.00420834378419,3.11083594073e-06,-0.000777708985172,-0.563691788724,-0.521519914912,-0.0958882979817,-0.0165207829712,-0.551155325168,-0.101687217176,0.0125364635561,-0.0851664342044,6.34852397926,0.334703262688,1.07854345571,-0.516419288003,-0.392163111608,0.047453280617,-0.316036691564,0.0425490965574,-0.0243178032521,-0.0140978110107,4,0
505,1.01,2,0.788485527039,0,-0.214361429214,0,0,-0.214361429214,0,-0.214361429214,0,0.776654340196,0.12555527647,0.788485535125,0.131093492417,-0.0179614246763,0.35911038629,0.9440716202,-1.14495831515,-0.214361427197,0.000142479013122,0.0117649840895,0.788171480713,0.062951086672,-3.88854494582e-06,0.000972136236466,0.788313959726,0.776899893753,0.119860369797,0.0747160707615,0.784395874099,0.125877840383,-0.00391808562753,0.0511617696215,-6.99481939534,-0.214361427197,-0.214361427197,0.770524110449,0.490203878707,-0.0179614246763,0.35911038629,-0.0118311949295,-0.00553821594687,0.0134747322469,4,0
510,1.02,1,-0.56449252367,0,1.33470320702,0,0,1.33470320702,0,1.33470320702,0,-0.52219826833,-0.0726389925425,-0.564492551854,-0.0487663643165,0.0447002400415,-0.227582322449,-2.74166799337,4.7139409713,1.33470326269,-0.000119229074723,-0.00976111916161,-0.564235449256,0.00608777239669,4.38542050973e-06,-0.00109635512744,-0.564354678331,-0.522337017195,-0.0660853675668,-0.00367334676492,-0.544912801088,-0.0735854314074,0.0194418772433,-0.0699120846425,7.34042469703,1.33470326269,1.98346484598,-0.519792311812,-0.276348686766,0.0447002400415,-0.227582322449,0.0422942835243,-0.023872628226,-0.0111918680583,4,0
510,1.02,2,0.789561569691,0,-0.550148963928,0,0,-0.550148963928,0,-0.550148963928,0,0.777747835502,0.0907987378749,0.789561563137,0.0869748007679,-0.0148211730356,0.258461046675,0.651640931509,-1.19191097402,-0.550148937025,0.00010587706574,0.00860836972392,0.789337069124,0.0398899064506,-5.48177565751e-06,0.00137044391437,0.78944294619,0.777921271579,0.0826067066247,0.0484982761745,0.783086583817,0.0910211857213,-0.00635636237299,0.0425229095468,-8.25223837123,-0.550148937025,-0.550148937025,0.774740390101,0.345435847443,-0.0148211730356,0.258461046675,-0.011813727635,0.00382393710695,0.00987889451279,4,0
515,1.03,1,-0.564688324928,0,1.77499127388,0,0,1.77499127388,0,1.77499127388,0,-0.522759676547,-0.0398077899973,-0.564688347148,0.00184470776751,0.0427830244643,-0.149768641144,-2.8862544588,4.65345923237,1.77499133078,-8.31521019222e-05,-0.00678873199281,-0.564509015102,0.0402688712918,4.05641740642e-06,-0.0010141043516,-0.564592167204,-0.522833106548,-0.033672687606,0.033480139299,-0.546705336733,-0.0408055258384,0.0178868304706,-0.0742856651373,7.74500940561,1.77499133078,1.77499133078,-0.521905322684,-0.147923933376,0.0427830244643,-0.149768641144,0.0419286706018,-0.0416524977648,-0.00778655721588,4,0
515,1.03,2,0.7900364995,0,-0.465599536896,0,0,-0.465599536896,0,-0.465599536896,0,0.778449595745,0.0497597345479,0.790036526103,0.0204420976078,-0.0126548725233,0.164462807927,0.666276763583,-1.12618868827,-0.465599550578,6.14828107079e-05,0.00494983216161,0.789907737886,-0.00642335880048,-5.07052177545e-06,0.00126763044386,0.789969220696,0.77854138324,0.0420908565324,-0.00147352663886,0.783944964654,0.0499887082525,-0.00602425604195,0.0514622348913,-7.72373483805,-0.465599550578,-0.465599550578,0.77738165358,0.184904905535,-0.0126548725233,0.164462807927,-0.0115869303588,0.0293176369401,0.00568762589011,4,0
520,1.04,1,-0.564418911934,0,0.81107199192,0,0,0.81107199192,0,0.81107199192,0,-0.52301587826,-0.013351032295,-0.564418934607,0.0395033290113,0.0415702456105,-0.0880434518192,-3.89878363097,4.51251398246,0.811071981643,-7.84748496007e-05,-0.0066490878028,-0.564235238712,0.0819433062732,2.35861052211e-06,-0.000589652630538,-0.564313713562,-0.523038816553,-0.00970018866481,0.0752942184704,-0.555386286675,-0.0146997993123,0.0089274268867,-0.0899940177828,6.74027275572,0.811071981643,0.62132113749,-0.522848688997,-0.048540122808,0.0415702456105,-0.0880434518192,0.0414030563477,-0.0528543613063,-0.007590785998,4,0
520,1.04,2,0.789947330952,0,-0.0480752289295,0,0,-0.0480752289295,0,-0.0480752289295,0,0.778769847856,0.0166887872988,0.789947337827,-0.0225916059688,-0.0113864764683,0.0832667482202,0.956656720539,-0.999248180978,-0.0480752298407,5.60805706813e-05,0.00481080255344,0.789812234969,-0.0546356034797,-2.94826316694e-06,0.000737065791721,0.78986831554,0.778798520716,0.0121252327396,-0.0498248009263,0.786682551782,0.0170184832957,-0.00318576375792,0.066843284222,-5.85956225334,-0.0480752298407,-0.0480752298407,0.778560861359,0.0606751422514,-0.0113864764683,0.0832667482202,-0.0111774899712,0.0392803932676,0.00548376940161,4,0
525,1.05,1,-0.563967883587,0,-0.188928022981,0,0,-0.188928022981,0,-0.188928022981,0,-0.52308,-0.00281472697901,-0.563967893938,0.0443838368946,0.0408878939377,-0.0543739947616,-5.1566760584,4.3883209757,-0.188928018357,-0.000113174206652,-0.00963742576488,-0.563699791242,0.106749674416,6.17842502049e-07,-0.000154460625504,-0.563812965449,-0.523085169129,-0.00212118255763,0.097112248651,-0.565886354597,-0.00459832508722,-0.00207338914804,-0.101710573738,5.71626514057,-0.188928018357,-0.757359566456,-0.52308,-0.00999015786696,0.0408878939377,-0.0543739947616,0.0408878939377,-0.0471985638736,-0.0109955162447,4,0
525,1.05,2,0.789714992046,0,0.383360892534,0,0,0.383360892534,0,0.383360892534,0,0.77885,0.00351840555048,0.789714999367,-0.016755139156,-0.0108649993669,0.0292428252269,1.33815363758,-0.945098422372,0.383360905842,9.90332205848e-05,0.00850591072121,0.789475656442,-0.0733603725973,-7.72303141106e-07,0.000193075785288,0.789574689663,0.778856461405,0.00265147500333,-0.0648544618761,0.789901308103,0.00397887672143,0.000326618440451,0.0688333385976,-4.06959097453,0.383360905842,0.383360905842,0.77885,0.0124876860709,-0.0108649993669,0.0292428252269,-0.0108649993669,0.0202735447065,0.00969430936823,4,0
530,1.06,1,-0.563558459282,0,0.588488459587,0,0,0.588488459587,0,0.588488459587,0,-0.523054716872,0.0125323051459,-0.563558436126,0.0430156525574,0.0405667429786,0.000615216460735,-2.92952201917,4.40341672675,0.588488431753,-0.000141210328099,-0.0116986468972,-0.563244981538,0.111503006558,4.0473463262e-06,-0.00101183658154,-0.563386191866,-0.523023820485,0.0184837028637,0.0998043596605,-0.547313674362,0.0115215152505,0.0160725175039,-0.0882828444101,6.48079615258,0.588488431753,1.48728787841,-0.522991693147,0.0436308690182,0.0405667429786,0.000615216460735,0.0405037192545,-0.0304833474115,-0.0133931708344,4,0
530,1.06,2,0.789618968964,0,-0.405062556267,0,0,-0.405062556267,0,-0.405062556267,0,0.778818396057,-0.0156653847033,0.789618957206,-0.0133855162148,-0.0108793408841,-0.0411530813026,0.630847489653,-1.02328972847,-0.405062549157,0.000133293802552,0.011020784713,0.789324425597,-0.0773719839326,-5.05918291915e-06,0.00126479572979,0.789457719399,0.778779775568,-0.0231046318681,-0.0663511992196,0.783961360461,-0.0154510945198,-0.0054963589388,0.0509001046997,-7.21337176245,-0.405062549157,-0.405062549157,0.778739616322,-0.0545385975174,-0.0108793408841,-0.0411530813026,-0.0108005611486,-0.0022798684885,0.0126203103437,4,0
535,1.07,1,-0.562963783741,0,1.58848845959,0,0,1.58848845959,0,1.58848845959,0,-0.522763820316,0.0476138467239,-0.562963809249,0.0743161277775,0.0409707504571,0.0876527721773,-2.01447412543,4.46338117754,1.58848843175,-0.000112727060963,-0.00921631593951,-0.562721501549,0.125843726218,5.3624264359e-06,-0.00134060660897,-0.56283422861,-0.522660591245,0.0556363554524,0.116627410279,-0.539434087919,0.0469192522404,0.0234001406915,-0.0697081580382,7.45088319231,1.58848843175,2.45947609278,-0.521993058792,0.161968899955,0.0409707504571,0.0876527721773,0.0401999889328,-0.0267022810537,-0.0105690406711,4,0
535,1.07,2,0.789215683937,0,-0.778821527958,0,0,-0.778821527958,0,-0.778821527958,0,0.77845477533,-0.0595173117542,0.789215689121,-0.0635494322818,-0.0117243658558,-0.138911703822,0.312986569062,-1.0826860949,-0.77882150883,9.79786586458e-05,0.00794623908877,0.789009189222,-0.106583753088,-6.70303305339e-06,0.00167575826334,0.789107167881,0.778325738984,-0.0695454476778,-0.098637513999,0.780982591644,-0.0594119860745,-0.0081245762371,0.0392255279246,-8.5722817365,-0.77882150883,-0.77882150883,0.777491323265,-0.202461136103,-0.0117243658558,-0.138911703822,-0.0107609137911,0.00403212052759,0.00912198299252,4,0
540,1.08,1,-0.561902105808,0,2.20023965836,0,0,2.20023965836,0,2.20023965836,0,-0.522086902475,0.0874420619684,-0.561902114877,0.129942236418,0.0421829874852,0.160740877179,-2.22129876091,4.41443313742,2.20023975333,-7.60285060014e-05,-0.00619303475464,-0.561739951374,0.164246326956,4.88865946402e-06,-0.00122216486601,-0.56181597988,-0.521904565263,0.0948351005255,0.158053292201,-0.540506535479,0.0866745772599,0.0213094444003,-0.0713787149415,8.00334706903,2.20023975333,2.20023975333,-0.519719127392,0.290683113597,0.0421829874852,0.160740877179,0.0398152124022,-0.0425001744494,-0.00710537682666,4,0
540,1.08,2,0.788142263889,0,-0.693455576897,0,0,-0.693455576897,0,-0.693455576897,0,0.777608627994,-0.109302580867,0.788142291124,-0.137665004773,-0.0134933822203,-0.225688898227,0.339357567677,-1.02796415456,-0.693455599188,5.27201521725e-05,0.00421637048108,0.788034717543,-0.159417553254,-6.11082433644e-06,0.00152770608411,0.788087437695,0.777380706473,-0.118543879073,-0.155201182773,0.780391368143,-0.109186633361,-0.0076960695521,0.0460145494129,-7.98694717463,-0.693455599188,-0.693455599188,0.774648908904,-0.363353903,-0.0134933822203,-0.225688898227,-0.0105336631301,0.0283624239067,0.00484901230715,4,0
545,1.09,1,-0.560306966305,0,1.21639513969,0,0,1.21639513969,0,1.21639513969,0,-0.52104089258,0.119592854238,-0.560306994537,0.174893739958,0.0440216352726,0.213134619615,-3.33132857522,4.26786369871,1.21639509997,-6.79625119309e-05,-0.00576953350349,-0.560147230985,0.211972869985,2.99611279619e-06,-0.000749028199047,-0.560215193497,-0.520796969349,0.124208700201,0.206203336482,-0.548699070673,0.118440430151,0.0115161228232,-0.0877629063309,6.95301767527,1.21639509997,0.943120207131,-0.516285359264,0.388028359574,0.0440216352726,0.213134619615,0.0392661019566,-0.0553008857203,-0.00658508364666,4,0
545,1.09,2,0.786419868469,0,-0.251719921827,0,0,-0.251719921827,0,-0.251719921827,0,0.776301115592,-0.149491071253,0.786419874669,-0.189071801797,-0.0160631760328,-0.295963658499,0.653611325581,-0.901116290338,-0.25171992403,4.28280674234e-05,0.00370102246334,0.78631500675,-0.214330097059,-3.74514100288e-06,0.000936285250722,0.786357834818,0.775996211546,-0.155260878718,-0.210629074596,0.781703373059,-0.149265977192,-0.00465446175876,0.0613630974042,-5.96900796845,-0.25171992403,-0.25171992403,0.770356698636,-0.485035460295,-0.0160631760328,-0.295963658499,-0.0101187590765,0.0395807305436,0.00421495927242,4,0
550,1.1,1,-0.558462738991,0,0.216395094991,0,0,0.216395094991,0,0.216395094991,0,-0.519752745476,0.134541625115,-0.558462711556,0.186249732973,0.0463010236796,0.238605425518,-4.62306955366,4.12825161157,0.216395099967,-0.000102410556766,-0.00874215189523,-0.558218733546,0.24327502174,1.1732295826e-06,-0.000293307395651,-0.558321144103,-0.51948237914,0.136063090059,0.234532869844,-0.558128608007,0.132942630843,0.00019253609579,-0.101590239002,5.90199974626,0.216395099967,-0.484846863513,-0.512161687876,0.424855158491,0.0463010236796,0.238605425518,0.03870996608,-0.0517081078585,-0.00997107857641,4,0
550,1.1,2,0.784483492374,0,0.190467566252,0,0,0.190467566252,0,0.190467566252,0,0.774690931676,-0.168177034922,0.784483496778,-0.189565116445,-0.0192813874855,-0.341503842405,1.04033922215,-0.841490741973,0.190467571659,8.52434704443e-05,0.00735798687177,0.784275120757,-0.239303254622,-1.46653698996e-06,0.000366634247484,0.784360364227,0.77435297375,-0.17007886612,-0.23194526775,0.783275680213,-0.167819337066,-0.00108468401466,0.0641259306838,-4.08088865769,0.190467571659,0.190467571659,0.765202109293,-0.53106895885,-0.0192813874855,-0.341503842405,-0.00979256510193,0.0213880815236,0.0083809085171,4,0
555,1.11,1,-0.556608200073,0,0.873031258583,0,0,0.873031258583,0,0.873031258583,0,-0.518332694877,0.154163101053,-0.556608205249,0.188923005509,0.0488720875568,0.286230950681,-2.36272404258,4.13374590555,0.873031237326,-0.000132152012002,-0.010954117295,-0.556314567831,0.253104636409,4.60872276942e-06,-0.00115218069236,-0.556446719843,-0.518017688468,0.160959746503,0.242150519114,-0.537883619809,0.153348479181,0.0185631000339,-0.0888020399327,6.52011123079,0.873031237326,1.78356180441,-0.507736117692,0.47515395619,0.0488720875568,0.286230950681,0.0382755103718,-0.0347599044558,-0.012539941439,4,0
555,1.11,2,0.782631397247,0,-0.610873520374,0,0,-0.610873520374,0,-0.610873520374,0,0.772915868393,-0.1927038799,0.782631389291,-0.190671790574,-0.022961242835,-0.40327066525,0.317499794712,-0.916864684718,-0.610873490981,0.000121503639298,0.0100505573036,0.78236272606,-0.249022171625,-5.76090346227e-06,0.00144022586556,0.782484229699,0.772522110374,-0.201199686713,-0.238971614321,0.775461375724,-0.192597817094,-0.00702285397597,0.0463737972269,-7.22317569594,-0.610873490981,-0.610873490981,0.759670146456,-0.593942455824,-0.022961242835,-0.40327066525,-0.00971552089841,-0.0020320893254,0.0115086009752,4,0
560,1.12,1,-0.554533481598,0,1.87303125858,0,0,1.87303125858,0,1.87303125858,0,-0.516605111968,0.193196001142,-0.554533494473,0.223707148632,0.0520699160131,0.360724693612,-1.48745829933,4.18950127548,1.87303123733,-0.000104696132913,-0.00854829414698,-0.554309168009,0.271254092367,5.81721908932e-06,-0.00145430477234,-0.554413864142,-0.516210023633,0.201907082098,0.262705798221,-0.528897551358,0.192683816168,0.0255163127846,-0.0700219820526,7.46461893718,1.87303123733,2.71184762389,-0.50246357846,0.584431842244,0.0520699160131,0.360724693612,0.0379283825049,-0.0305111474898,-0.00980464774194,4,0
560,1.12,2,0.780429780483,0,-0.979559183121,0,0,-0.979559183121,0,-0.979559183121,0,0.770756389721,-0.241495004993,0.780429754233,-0.245038109649,-0.0273502819211,-0.485501703369,0.00707347781464,-0.978532543669,-0.979559155612,8.72569116088e-05,0.00705300681884,0.7802473522,-0.282718768451,-7.27152385549e-06,0.00181788096387,0.780334609111,0.770262529294,-0.252383856178,-0.275665761633,0.770747849448,-0.241495360837,-0.00958675966323,0.0341704007951,-8.51241909898,-0.979559155612,-0.979559155612,0.753079472312,-0.730539813018,-0.0273502819211,-0.485501703369,-0.00967336451215,0.00354310465656,0.00810008975814,4,0
565,1.13,1,-0.551958739758,0,2.40047645569,0,0,2.40047645569,0,2.40047645569,0,-0.514456256042,0.236097240743,-0.551958749887,0.28225067811,0.0559334568498,0.418585393992,-1.74093844878,4.13505808734,2.40047656116,-6.81748747613e-05,-0.00553882410515,-0.551813824568,0.312842288987,5.2308196794e-06,-0.00130770491984,-0.551881999442,-0.513976087038,0.244007616583,0.307303464882,-0.528886050367,0.235495999313,0.0229959490751,-0.0718074655693,7.90764869673,2.40047656116,2.40047656116,-0.496025293037,0.700836072103,0.0559334568498,0.418585393992,0.0375024938447,-0.0461534373677,-0.00635692260229,4,0
565,1.13,2,0.777519762516,0,-0.885690450668,0,0,-0.885690450668,0,-0.885690450668,0,0.768070319777,-0.29512155444,0.777519738833,-0.322510150858,-0.0324881233996,-0.553534949016,0.043808855576,-0.9256831227,-0.885690445783,4.18998462149e-05,0.00331338050423,0.777436063204,-0.339081748945,-6.53852459209e-06,0.00163463114802,0.77747796305,0.767470108516,-0.305009524229,-0.33576836844,0.76840301449,-0.295107692161,-0.00907494855985,0.0406606762799,-7.84644659142,-0.885690445783,-0.885690445783,0.745031615433,-0.876045099874,-0.0324881233996,-0.553534949016,-0.00944941905517,0.0273885964176,0.00381617865881,4,0
570,1.14,1,-0.548833966255,0,1.41220200062,0,0,1.41220200062,0,1.41220200062,0,-0.511911229806,0.270705287864,-0.548833972532,0.328290239459,0.0602834609134,0.458323683109,-2.83329361117,3.98845496211,1.41220201942,-6.1864658261e-05,-0.00526472983507,-0.54868771863,0.362399508857,3.33297876642e-06,-0.000833244691603,-0.548749583289,-0.511364584446,0.275822414228,0.357134779021,-0.535431117546,0.269725292541,0.0133184657423,-0.0874094864804,6.82850347262,1.41220201942,1.16116845667,-0.488550511618,0.786613922568,0.0602834609134,0.458323683109,0.0369227427258,-0.0575849515958,-0.0060071057342,4,0
570,1.14,2,0.773938059807,0,-0.457656562328,0,0,-0.457656562328,0,-0.457656562328,0,0.764889036948,-0.338381613301,0.773938066661,-0.375758756144,-0.0382499280962,-0.607508656403,0.348964784565,-0.803251260527,-0.457656559106,3.3931558498e-05,0.00296290444222,0.773853010097,-0.396643978633,-4.16622345734e-06,0.00104155586434,0.773886941656,0.76420573024,-0.344778021255,-0.393681074191,0.767764001535,-0.33826182311,-0.00612294012093,0.055419251081,-5.84032525903,-0.457656559106,-0.457656559106,0.735688138565,-0.983267412547,-0.0382499280962,-0.607508656403,-0.00904902971322,0.0373771428433,0.0033700831442,4,0
575,1.15,1,-0.545447707176,0,0.41220203042,0,0,0.41220203042,0,0.41220203042,0,-0.509098232546,0.288627345526,-0.54544769875,0.341080917693,0.064972187225,0.477031774103,-4.01294857904,3.85591264917,0.412202019417,-9.62293525049e-05,-0.00822174198231,-0.545217996789,0.394850403972,1.62646139845e-06,-0.000406615349625,-0.545314226142,-0.508518971376,0.290850431128,0.38662866199,-0.542403511588,0.287239625566,0.00291071455385,-0.0993890364234,5.75338452279,0.412202019417,-0.147659435655,-0.480475511525,0.818112691796,0.064972187225,0.477031774103,0.0363494662042,-0.0524535721668,-0.00937649421237,4,0
575,1.15,2,0.77011692524,0,-0.0606227777898,0,0,-0.0606227777898,0,-0.0606227777898,0,0.761372790338,-0.36078418541,0.770116907705,-0.379615486903,-0.0445225193494,-0.643025387001,0.69671256465,-0.74982933421,-0.060622778168,7.61345445958e-05,0.00659239407294,0.769929476349,-0.42459840598,-2.0330767565e-06,0.000508269189121,0.770005610894,0.760648713868,-0.363563042426,-0.418006011907,0.767106224426,-0.360545292323,-0.0028993864674,0.057460719584,-4.08718861962,-0.060622778168,-0.060622778168,0.725594388356,-1.0226408739,-0.0445225193494,-0.643025387001,-0.00874411736748,0.018831301493,0.00750600860809,4,0
580,1.16,1,-0.542027235031,0,1.16375291348,0,0,1.16375291348,0,1.16375291348,0,-0.506123451642,0.310517578969,-0.542027226295,0.346841071049,0.0698813426401,0.51332459249,-1.97494857732,3.86043663973,1.16375293311,-0.000123907283972,-0.0102600429426,-0.54175251293,0.406761539686,4.67064893128e-06,-0.00116766223282,-0.541876420214,-0.505495609192,0.317424211732,0.396501496744,-0.52245511179,0.30983709313,0.0194213084236,-0.0866644036137,6.44037222362,1.16375293311,1.89723499276,-0.472145883654,0.860165663538,0.0698813426401,0.51332459249,0.0359037746522,-0.0363234920792,-0.0117469303502,4,0
580,1.16,2,0.766336262226,0,-0.796162128448,0,0,-0.796162128448,0,-0.796162128448,0,0.757654314173,-0.388146977213,0.766336286679,-0.385068379833,-0.0511539332519,-0.690138708481,0.0395678577525,-0.825350606524,-0.796162142151,0.000109763622483,0.00906222990988,0.766094585016,-0.437339912979,-5.83831115164e-06,0.00145957778792,0.766204348638,0.756869511103,-0.396780268149,-0.428277683069,0.757897129821,-0.388136859895,-0.00830721881686,0.0401408231746,-6.91917339885,-0.796162142151,-0.796162142151,0.715182353427,-1.07520708831,-0.0511539332519,-0.690138708481,-0.00868197250575,-0.00307859737982,0.0103793933797,4,0
585,1.17,1,-0.538357615471,0,2.16375303268,0,0,2.16375303268,0,2.16375303268,0,-0.502832284702,0.34920413517,-0.538357645171,0.384123682134,0.0752420927484,0.565562841705,-1.24411016906,3.89743117635,2.16375293311,-9.62751175038e-05,-0.0078500333243,-0.538152054509,0.427553011424,5.61853881642e-06,-0.00140463470412,-0.538248329627,-0.502125460277,0.357626116684,0.419702978099,-0.513106986963,0.348776022576,0.0251413426637,-0.0709269555236,7.35839855831,2.16375293311,2.66232634203,-0.463115552422,0.949686523839,0.0752420927484,0.565562841705,0.0355253604686,-0.0349195469635,-0.00900533473435,4,0
585,1.17,2,0.762182116508,0,-1.11386394501,0,0,-1.11386394501,0,-1.11386394501,0,0.753540355463,-0.436505172338,0.762182108947,-0.440454815456,-0.0582876696469,-0.746653347608,-0.226961767597,-0.879975653646,-1.11386389165,7.49236106523e-05,0.00602738707774,0.762027336422,-0.472023138349,-7.0231734981e-06,0.00175579337453,0.762102260032,0.752656824925,-0.447032649196,-0.465995751271,0.751594664748,-0.436586242784,-0.010507595284,0.0294095084868,-7.96565933211,-1.11386389165,-1.11386389165,0.7038944393,-1.18710816306,-0.0582876696469,-0.746653347608,-0.00864175348415,0.00394964311878,0.00692647040557,4,0
590,1.18,1,-0.534174501896,0,2.30938005447,0,0,2.30938005447,0,2.30938005447,0,-0.499131711754,0.390318467429,-0.534174473221,0.441811492304,0.0810313360097,0.600574820555,-1.5186497714,3.82230710214,2.30938014914,-6.11820284632e-05,-0.00498863405049,-0.534042560307,0.470174415016,4.97326066989e-06,-0.00124331516747,-0.534103742336,-0.498343492335,0.39783965492,0.465185780966,-0.511717585887,0.389794056007,0.0223861564494,-0.0753917249583,7.3964525034,2.30938014914,2.30938014914,-0.453143137211,1.04238631286,0.0810313360097,0.600574820555,0.0350427614669,-0.0514930248743,-0.00572281839205,4,0
590,1.18,2,0.757328808308,0,-1.00638878345,0,0,-1.00638878345,0,-1.00638878345,0,0.748914639245,-0.48789808749,0.757328828942,-0.514858091578,-0.0658999087343,-0.788124807029,-0.183353426489,-0.820232051986,-1.00638875754,3.0861688891e-05,0.00243293879299,0.757266648367,-0.527473515342,-6.21657581579e-06,0.00155414395393,0.757297510056,0.747929364965,-0.497299571821,-0.525040576549,0.747366021937,-0.487962613211,-0.00993148811854,0.037077963338,-7.21460781572,-1.00638875754,-1.00638875754,0.691428920208,-1.30298289861,-0.0658999087343,-0.788124807029,-0.00841418969683,0.0269600040878,0.00280327905968,4,0
595,1.19,1,-0.529493629932,0,1.33773303032,0,0,1.33773303032,0,1.33773303032,0,-0.495053133773,0.423411237057,-0.529493604253,0.481460536959,0.0871345780661,0.626739697201,-2.46138267088,3.68657181474,1.33773301387,-6.21426271972e-05,-0.00529599859772,-0.529346155324,0.515916812976,3.29107390562e-06,-0.000822768476404,-0.529408297951,-0.494201175973,0.428447205258,0.510620814378,-0.515478847138,0.422560165667,0.0139294508129,-0.0880606487119,6.31463210754,1.33773301387,1.23123085398,-0.442359026187,1.10820023416,0.0871345780661,0.626739697201,0.0344404704798,-0.0580492999023,-0.00604171012408,4,0
595,1.19,2,0.751864492893,0,-0.63857126236,0,0,-0.63857126236,0,-0.63857126236,0,0.743816416737,-0.529264049388,0.751864501409,-0.56180159616,-0.073915720054,-0.823448703473,0.075329836594,-0.710721905274,-0.638571287675,3.18267444185e-05,0.00279729806205,0.751783481706,-0.581890367511,-4.11384237198e-06,0.00102846059299,0.751815308451,0.742751469482,-0.535559009623,-0.579093069449,0.744416629847,-0.529239040508,-0.00739867860317,0.049854028941,-5.4305767665,-0.638571287675,-0.638571287675,0.677948781355,-1.38525029963,-0.073915720054,-0.823448703473,-0.00804808467139,0.032537546772,0.00317921899508,4,0
600,1.2,1,-0.5246052742,0,0.337733000517,0,0,0.337733000517,0,0.337733000517,0,-0.4907111834,0.442352549818,-0.524605281007,0.489609611919,0.0934821463467,0.641678042783,-3.37408393643,3.58953349753,0.33773301387,-9.61686629418e-05,-0.0082025666169,-0.524376662045,0.542927952307,1.91591497711e-06,-0.000478978744279,-0.524472830708,-0.489823937559,0.44505985692,0.53472538569,-0.518701982811,0.44118626651,0.00577084789648,-0.0935391191805,5.22212198962,0.33773301387,0.224806151675,-0.43112313466,1.1312876547,0.0934821463467,0.641678042783,0.0338940976063,-0.047257062101,-0.0093565905722,4,0
600,1.2,2,0.74619281292,0,-0.34799811244,0,0,-0.34799811244,0,-0.34799811244,0,0.738388978741,-0.55294069032,0.746192791885,-0.565047328738,-0.0822888750061,-0.849062246324,0.337721104562,-0.678459459651,-0.347998100792,7.37204577215e-05,0.00637510021066,0.746011872346,-0.608342636107,-2.394893725e-06,0.000598723431253,0.746085592804,0.737279921433,-0.556324824205,-0.601967535897,0.741138050704,-0.552826145655,-0.0049475421,0.0491413902416,-4.07540656668,-0.347998100792,-0.347998100792,0.663903916879,-1.41410957506,-0.0822888750061,-0.849062246324,-0.00780381314346,0.0121066384179,0.00725974570332,4,0
605,1.21,1,-0.519702017307,0,1.33773303032,0,0,1.33773303032,0,1.33773303032,0,-0.486195051095,0.464000360662,-0.519702044792,0.495406517127,0.0999972336783,0.665571845486,-1.82381142907,3.61113767508,1.33773301387,-0.000118599915146,-0.00979939184545,-0.51944025993,0.552303627499,4.16168203704e-06,-0.00104042050927,-0.519558859845,-0.485260944769,0.470174424632,0.542504235654,-0.501273779732,0.463372080302,0.0182850801133,-0.0791321553521,6.13592519839,1.33773301387,1.79854883683,-0.419704811114,1.16097836261,0.0999972336783,0.665571845486,0.0335069936972,-0.031406156465,-0.0112225908272,4,0
605,1.21,2,0.740538775921,0,-0.938822507858,0,0,-0.938822507858,0,-0.938822507858,0,0.732743813329,-0.580000453812,0.740538752518,-0.573086655884,-0.0909077401373,-0.878136303708,-0.168827565995,-0.760486907591,-0.938822531431,0.000100881727292,0.00829747711832,0.740318368254,-0.620411029056,-5.20210252097e-06,0.00130052563024,0.740419249981,0.731576180416,-0.587718033738,-0.612113551937,0.731260258746,-0.580062268586,-0.00915899123488,0.0320512833509,-6.29558403402,-0.938822531431,-0.938822531431,0.649631012381,-1.45122295959,-0.0909077401373,-0.878136303708,-0.00779493918866,-0.00691379792784,0.00950805784583,4,0
610,1.22,1,-0.514550328255,0,2.29888868332,0,0,2.29888868332,0,2.29888868332,0,-0.481391977484,0.497530824153,-0.514550310705,0.531910975909,0.106749671085,0.690068295716,-1.33825013767,3.62870252962,2.29888879903,-9.02386912601e-05,-0.00735354278857,-0.514357916379,0.57249212308,4.70638740935e-06,-0.00117659685234,-0.51444815507,-0.480389846668,0.504595198741,0.565138580291,-0.492454552712,0.497069883519,0.0219936023574,-0.0680686967725,6.99322498473,2.29888879903,2.29888879903,-0.40780063962,1.22197927162,0.106749671085,0.690068295716,0.0331583332214,-0.0343801517557,-0.00843640708369,4,0
610,1.22,2,0.734522759914,0,-1.16641736031,0,0,-1.16641736031,0,-1.16641736031,0,0.726739971287,-0.621913532942,0.734522731696,-0.624703497165,-0.0997719337419,-0.902770597876,-0.355555649624,-0.804907596315,-1.16641737021,6.46669241523e-05,0.00517812118598,0.734390731126,-0.651280377191,-5.88298422366e-06,0.00147074605592,0.73445539805,0.725487307761,-0.630744001121,-0.646102256005,0.723732610949,-0.622038839623,-0.010722787101,0.0240634163817,-6.96290665035,-1.16641737021,-1.16641737021,0.634750797954,-1.52747409504,-0.0997719337419,-0.902770597876,-0.00778276040902,0.00278996422232,0.00595412427581,4,0
615,1.23,1,-0.508939921856,0,1.95535218716,0,0,1.95535218716,0,1.95535218716,0,-0.476243099803,0.531597050464,-0.508939897815,0.579057232801,0.113669633711,0.702843285779,-1.60037092029,3.54978863049,1.95535223843,-6.26008638374e-05,-0.00518331786744,-0.508800963148,0.609713783243,4.07328348023e-06,-0.00101832087006,-0.508863564012,-0.475173694309,0.537757709762,0.604530465375,-0.489507042059,0.531044386204,0.0193565219524,-0.0734860791718,6.52851270488,1.95535223843,1.95535223843,-0.395270264104,1.28190051858,0.113669633711,0.702843285779,0.0326967980117,-0.0474601823366,-0.00593452823349,4,0
615,1.23,2,0.727897703648,0,-1.05658698082,0,0,-1.05658698082,0,-1.05658698082,0,0.72030387416,-0.664496315544,0.727897709119,-0.685727283817,-0.10880988061,-0.916648368992,-0.310491005776,-0.743319048844,-1.05658700687,2.95783150052e-05,0.00242201247301,0.727833634907,-0.69967865574,-5.09160431494e-06,0.00127290107872,0.727863213222,0.718967117287,-0.672197139614,-0.697256643267,0.717697832221,-0.664604900625,-0.0101653810007,0.0326517426421,-6.20126971817,-1.05658700687,-1.05658700687,0.619087828509,-1.60237565281,-0.10880988061,-0.916648368992,-0.00759383495889,0.0212309682725,0.00277695225307,4,0
620,1.24,1,-0.502956330776,0,1.19388341904,0,0,1.19388341904,0,1.19388341904,0,-0.470783032457,0.558912207102,-0.502956301617,0.608068379857,0.12072385422,0.71323980569,-2.25946375094,3.44667802726,1.19388340169,-6.89255806137e-05,-0.00584201840466,-0.502794789535,0.645355003863,2.83505804943e-06,-0.000708764512363,-0.502863715116,-0.469660821697,0.563231673622,0.639512985459,-0.489523784975,0.558131342413,0.0133399301409,-0.0813816430453,5.64596433786,1.19388340169,1.19388340169,-0.382232447398,1.32130818555,0.12072385422,0.71323980569,0.0321732691606,-0.049156172755,-0.00666912537202,4,0
620,1.24,2,0.720798075199,0,-0.800811648369,0,0,-0.800811648369,0,-0.800811648369,0,0.713478789953,-0.698640261113,0.720798052508,-0.72187913145,-0.118007494924,-0.929756104332,-0.135870148191,-0.661274019672,-0.800811619627,3.71986349928e-05,0.00322106814436,0.720706424578,-0.743962523557,-3.54382254264e-06,0.00088595563567,0.720743623213,0.712076026499,-0.704039594234,-0.740741455412,0.712317991895,-0.698688627699,-0.0084256313183,0.0420528277137,-4.87717975682,-0.800811619627,-0.800811619627,0.602790557584,-1.65163523578,-0.118007494924,-0.929756104332,-0.00731926255445,0.0232388703374,0.00366745176427,4,0
625,1.25,1,-0.496826678514,0,0.640991926193,0,0,0.640991926193,0,0.640991926193,0,-0.465097408947,0.576621623255,-0.496826685964,0.61328502713,0.127891174179,0.720439272691,-2.75990657506,3.39164268662,0.640991906156,-9.5653503253e-05,-0.00810795256003,-0.496602722803,0.664824255104,1.99763980141e-06,-0.000499409950355,-0.496698376306,-0.463941349871,0.579527767816,0.656716302544,-0.487979772459,0.575668191442,0.00871860384722,-0.0810481111019,4.98595032235,0.640991906156,0.640991906156,-0.368935511785,1.33372429982,0.127891174179,0.720439272691,0.0317292770175,-0.0366634038751,-0.00925579459906,4,0
625,1.25,2,0.71352571249,0,-0.65509057045,0,0,-0.65509057045,0,-0.65509057045,0,0.706371760544,-0.720777031233,0.713525724022,-0.72715360497,-0.127356335991,-0.940001773363,-0.00179461324918,-0.646434349133,-0.655090565819,7.0202008974e-05,0.00601917932938,0.713356972346,-0.766839272193,-2.49704975019e-06,0.000624262437547,0.713427174355,0.704926686695,-0.724409711934,-0.760820092864,0.706299750423,-0.720780031654,-0.00712742393221,0.0400400612093,-4.08283772321,-0.655090565819,-0.655090565819,0.586169388031,-1.66715537833,-0.127356335991,-0.940001773363,-0.00715396347823,0.00637657373689,0.00686160343707,4,0
630,1.26,1,-0.490654885769,0,1.47194218636,0,0,1.47194218636,0,1.47194218636,0,-0.459245600485,0.595298606446,-0.490654896779,0.623514859616,0.135108699151,0.724631550927,-1.94058294191,3.40246897973,1.47194214849,-0.00010644293194,-0.00877879548883,-0.490420698174,0.674340580893,3.07785385772e-06,-0.000769463464432,-0.490527141106,-0.458050437805,0.599889730557,0.665561785404,-0.475305442409,0.594629446366,0.0152216986974,-0.0709323390386,5.71081277536,1.47194214849,1.47194214849,-0.355546197629,1.34814641054,0.135108699151,0.724631550927,0.0314092962941,-0.0282162531697,-0.0100561106721,4,0
630,1.26,2,0.706202685833,0,-0.992003083229,0,0,-0.992003083229,0,-0.992003083229,0,0.699056999946,-0.744123260099,0.70620271191,-0.740838304651,-0.136769966608,-0.94434471167,-0.279367173425,-0.704857986414,-0.992003077699,8.28491107919e-05,0.00678372853031,0.706023285366,-0.779114620096,-3.84731728509e-06,0.000961829321282,0.706106134477,0.697563046592,-0.749862165184,-0.772330891566,0.696668271284,-0.74422279046,-0.00943786319355,0.0281081011054,-5.2518117462,-0.992003077699,-0.992003077699,0.569432745302,-1.68518301632,-0.136769966608,-0.94434471167,-0.00714571196373,-0.00328495544834,0.00777791785981,4,0
635,1.27,1,-0.484263956547,0,1.61463773251,0,0,1.61463773251,0,1.61463773251,0,-0.453175317905,0.618925345798,-0.484263946283,0.650200499206,0.142330497162,0.724455675068,-1.78456479209,3.39104256389,1.61463768845,-8.63885945806e-05,-0.007123253509,-0.484074210954,0.691486845969,3.10710251866e-06,-0.000776775629664,-0.484160599549,-0.451932774592,0.623601983583,0.68436359246,-0.467953036107,0.61830960754,0.0162075634421,-0.0660539849209,5.73785512837,1.61463768845,1.61463768845,-0.341933449121,1.37465617427,0.142330497162,0.724455675068,0.0310886283777,-0.0312751534084,-0.00815991664397,4,0
635,1.27,2,0.698581278324,0,-1.08118033409,0,0,-1.08118033409,0,-1.08118033409,0,0.691469146702,-0.773656683962,0.698581272958,-0.777400551275,-0.146164463318,-0.940919668782,-0.355432297932,-0.720431530074,-1.08118035038,5.67909083117e-05,0.00463503147759,0.698459474056,-0.803336247718,-3.88387809713e-06,0.000970969524295,0.698516264964,0.689915967557,-0.779502481117,-0.79870121624,0.688468116654,-0.77378172688,-0.0100481483099,0.02491948936,-5.36594050732,-1.08118035038,-1.08118035038,0.55241680964,-1.71832022006,-0.146164463318,-0.940919668782,-0.00711212625559,0.00374386731294,0.00531652237733,4,0
640,1.28,1,-0.477608025074,0,1.35535442829,0,0,1.35535442829,0,1.35535442829,0,-0.446872941755,0.64092178406,-0.47760802359,0.67476430119,0.14953634983,0.721169068827,-1.99654510913,3.3444986079,1.35535442651,-7.75801988098e-05,-0.00646996534828,-0.47743306205,0.713796839692,2.56721824748e-06,-0.000641804561869,-0.477510642249,-0.445587182177,0.644805202275,0.707326874344,-0.463420415014,0.640232306008,0.0140902272349,-0.067094568336,5.35632032379,1.35535442651,1.35535442651,-0.32807167376,1.39593337002,0.14953634983,0.721169068827,0.0307350818348,-0.0338425171293,-0.007400927734,4,0
640,1.28,2,0.690594673157,0,-1.00685477257,0,0,-1.00685477257,0,-1.00685477257,0,0.683591176498,-0.801152231408,0.690594695405,-0.811362659862,-0.155505104984,-0.933554053844,-0.315695172045,-0.6868351399,-1.00685479183,4.53119235196e-05,0.00378073680131,0.69049233259,-0.834281172587,-3.20902276252e-06,0.000802255690633,0.690537644513,0.681983977024,-0.806006504105,-0.830500435786,0.680928967956,-0.801263156764,-0.00960867655781,0.0292372790218,-4.79746571436,-1.00685479183,-1.00685479183,0.535089590422,-1.74491671371,-0.155505104984,-0.933554053844,-0.00700351890689,0.0102104284534,0.00432447988354,4,0
645,1.29,1,-0.470764398575,0,1.05438148975,0,0,1.05438148975,0,1.05438148975,0,-0.440372281365,0.65843278755,-0.470764412518,0.68941077435,0.156708028807,0.715666511288,-2.25279127667,3.29916321995,1.05438148067,-8.35233916446e-05,-0.00700725669332,-0.470573528909,0.732441902698,1.98052828926e-06,-0.000495132072319,-0.4706570523,-0.439052400734,0.661425711755,0.725434646005,-0.459046375557,0.657654700292,0.0116106767436,-0.0677799457131,4.93483563764,1.05438148067,1.05438148067,-0.314056383711,1.40507728564,0.156708028807,0.715666511288,0.0303921311528,-0.0309779867999,-0.00800953739305,4,0
645,1.29,2,0.68234616518,0,-0.91881018877,0,0,-0.91881018877,0,-0.91881018877,0,0.675465351,-0.823040985466,0.682346136381,-0.832075382037,-0.164775658528,-0.924271225398,-0.258159577114,-0.655596059358,-0.918810172799,5.24199155193e-05,0.00442549734088,0.682224600819,-0.859827344572,-2.47566033473e-06,0.000618915083671,0.682277020735,0.673815500209,-0.826782140681,-0.855401847231,0.673275701529,-0.823132220861,-0.00900131920542,0.0322696263702,-4.19635001647,-0.918810172799,-0.918810172799,0.517570477853,-1.75634660744,-0.164775658528,-0.924271225398,-0.00688078538094,0.00903439657094,0.00505453632711,4,0
650,1.3,1,-0.463818609715,0,1.06206977367,0,0,1.06206977367,0,1.06206977367,0,-0.433715804731,0.672632705593,-0.463818620879,0.697928575412,0.163818620164,0.707678142459,-2.22477103802,3.27802980086,1.06206978635,-9.22167845233e-05,-0.00770442209253,-0.463610124307,0.744408040157,1.85161220911e-06,-0.000462903052279,-0.463702341091,-0.43236774877,0.675416689465,0.736703618065,-0.452150134141,0.671864608534,0.01155220695,-0.0648390095309,4.82549875028,1.06206978635,1.06206978635,-0.300000000715,1.40560671787,0.163818620164,0.707678142459,0.0301028161482,-0.0252958698189,-0.00881102350681,4,0
650,1.3,2,0.673947453499,0,-0.944997608662,0,0,-0.944997608662,0,-0.944997608662,0,0.667144755198,-0.840790882901,0.673947426464,-0.845013021128,-0.173947427358,-0.91199537629,-0.286097714893,-0.652885939262,-0.944997616174,6.28528445836e-05,0.00525972788415,0.673804924717,-0.87682595967,-2.31451525456e-06,0.00057862881364,0.673867777562,0.665459685245,-0.844270862733,-0.871566231786,0.664714710052,-0.840892134782,-0.00915306750995,0.030674097004,-4.08385108643,-0.944997616174,-0.944997616174,0.499999999106,-1.75700839742,-0.173947427358,-0.91199537629,-0.00680267126678,0.0042221382272,0.00601396201916,4,0
655,1.31,1,-0.456783592701,0,0.954368710518,0,0,0.954368710518,0,0.954368710518,0,-0.426922006364,0.68573167083,-0.456783597211,0.706886021969,0.170833261905,0.696462472751,-2.32474425816,3.27027790904,0.954368718947,-9.2679051947e-05,-0.00772291944455,-0.456574952589,0.753294015103,1.4894121752e-06,-0.000372353043806,-0.456667631641,-0.425548257862,0.68799131016,0.745571095658,-0.446187802053,0.684928929343,0.0104798295877,-0.0606421663158,4.60230746935,0.954368718947,0.954368718947,-0.285950335307,1.40334849472,0.170833261905,0.696462472751,0.029861590847,-0.0211543511392,-0.00883506806791,4,0
655,1.31,2,0.665410220623,0,-0.939647138119,0,0,-0.939647138119,0,-0.939647138119,0,0.658652507231,-0.857164589274,0.665410197181,-0.859200259884,-0.182972279835,-0.894985358166,-0.273312171907,-0.660350589263,-0.939647143184,6.28019913387e-05,0.0052307581169,0.66526889403,-0.890625760496,-1.86176517358e-06,0.000465441293386,0.665331696021,0.656935321602,-0.859989138371,-0.885395002379,0.656329069694,-0.857261399172,-0.00900262632684,0.0281336032074,-3.85203696801,-0.939647143184,-0.939647143184,0.482437917347,-1.75418561805,-0.182972279835,-0.894985358166,-0.00675768995038,0.0020356706099,0.00598438201296,4,0
660,1.32,1,-0.449686169624,0,0.723027050495,0,0,0.723027050495,0,0.723027050495,0,-0.420012940203,0.695389446935,-0.449686155862,0.710749364035,0.177724635408,0.682022788758,-2.55398613026,3.2679130106,0.723027029659,-9.52041664792e-05,-0.00795769932852,-0.449470391305,0.759028270577,9.38199004485e-07,-0.000234549751125,-0.449565595471,-0.418620701119,0.696823191398,0.751070571249,-0.441183568814,0.69450733741,0.00838202665712,-0.0565632338391,4.25820541709,0.723027029659,0.723027029659,-0.271961520454,1.39277215279,0.177724635408,0.682022788758,0.0296732156593,-0.0153599170995,-0.00910014932627,4,0
660,1.32,2,0.656761944294,0,-0.891021966934,0,0,-0.891021966934,0,-0.891021966934,0,0.650016174524,-0.869236809013,0.656761956806,-0.867501267047,-0.191810058017,-0.873463922647,-0.217188591889,-0.667552692168,-0.891021973712,6.55777272656e-05,0.005493756928,0.656612534382,-0.901106529563,-1.17274869582e-06,0.000293187173953,0.656678112109,0.648275875668,-0.871028989502,-0.895612772635,0.64815715797,-0.869314268036,-0.0085209541392,0.0262985045985,-3.45925627548,-0.891021973712,-0.891021973712,0.464951898789,-1.74096518969,-0.191810058017,-0.873463922647,-0.00674578228189,-0.00173554196645,0.00628068965518,4,0
665,1.33,1,-0.442586630583,0,0.611964702606,0,0,0.611964702606,0,0.611964702606,0,-0.413027347537,0.701204425999,-0.442586616651,0.708942969841,0.18446138425,0.664379567316,-2.67859119108,3.28093172649,0.611964674459,-0.000100735848766,-0.00841530887207,-0.442358748933,0.759804683432,5.7299916606e-07,-0.00014324979151,-0.442459484781,-0.411624063211,0.702071912438,0.75138937456,-0.435230193031,0.700279307437,0.00722929175061,-0.0511100671229,4.03864999995,0.611964674459,0.611964674459,-0.258125232401,1.37332253716,0.18446138425,0.664379567316,0.0295592691137,-0.00773854384168,-0.00962413905726,4,0
665,1.33,2,0.64807331562,0,-0.883493125439,0,0,-0.883493125439,0,-0.883493125439,0,0.64128418369,-0.8765055324,0.648073338765,-0.869270694266,-0.200416800025,-0.84738247485,-0.190083256741,-0.686495373065,-0.883493128133,7.22700814421e-05,0.00604725734983,0.647909290394,-0.90599075797,-7.16248903743e-07,0.000179062225924,0.647981560475,0.639530078283,-0.877589890368,-0.89994350062,0.639645380875,-0.876573815851,-0.00833617959982,0.0233696847692,-3.25325293857,-0.883493128133,-0.883493128133,0.447656538741,-1.71665316912,-0.200416800025,-0.84738247485,-0.00678915507514,-0.00723483813441,0.00691449832713,4,0
670,1.34,1,-0.435506790876,0,0.872158765793,0,0,0.872158765793,0,0.872158765793,0,-0.405993719059,0.705662224519,-0.435506800807,0.708233893568,0.191002417557,0.643073737692,-2.44457299997,3.30709978154,0.872158752627,-0.000101314839497,-0.00841619298285,-0.435280830185,0.757980684361,7.95969261447e-07,-0.000198992315356,-0.435382145024,-0.404581263083,0.706824964874,0.749564491378,-0.426249727619,0.704818224162,0.00913241740589,-0.044746267216,4.19083603326,0.872158752627,0.872158752627,-0.244504383249,1.35130763126,0.191002417557,0.643073737692,0.0295130817478,-0.0025716690492,-0.00963197105681,4,0
670,1.34,2,0.639363467693,0,-0.992153704166,0,0,-0.992153704166,0,-0.992153704166,0,0.632492148096,-0.882077780198,0.639363453102,-0.873404853507,-0.208732975774,-0.815729682459,-0.273319408878,-0.711946423563,-0.992153708414,7.26282049012e-05,0.00601633751403,0.639202705603,-0.908501290085,-9.94961544709e-07,0.000248740386184,0.639275333807,0.630726578127,-0.883531205593,-0.902484952571,0.630161134287,-0.882174905774,-0.00911419952002,0.0203100467977,-3.51845657952,-0.992153708414,-0.992153708414,0.430630477329,-1.68913453597,-0.208732975774,-0.815729682459,-0.00687130500681,-0.00867292669091,0.00688787597284,4,0
675,1.35,1,-0.428359508514,0,1.50876843929,0,0,1.50876843929,0,1.50876843929,0,-0.398900404192,0.714339538997,-0.428359509585,0.72216928992,0.19729502001,0.617729267016,-1.81903374367,3.31962460851,1.50876842264,-8.7022459199e-05,-0.00713328829481,-0.428171768377,0.762149185069,1.48515079423e-06,-0.000371287698555,-0.428258790837,-0.39746926679,0.716682563858,0.755015896774,-0.413964719083,0.71371185921,0.0142940717538,-0.0413040375636,4.70938241624,1.50876842264,1.50876842264,-0.231064489575,1.33989855694,0.19729502001,0.617729267016,0.0294591053935,-0.00782975092212,-0.0081775578052,4,0
675,1.35,2,0.630512595177,0,-1.19737792015,0,0,-1.19737792015,0,-1.19737792015,0,0.623625504517,-0.892924423141,0.630512604598,-0.896855300999,-0.21668199433,-0.778017891767,-0.482376606801,-0.710021938576,-1.19737789299,5.385224749e-05,0.00433312064757,0.63040194066,-0.919180077447,-1.85643848116e-06,0.000464109620304,0.630455792907,0.621836582766,-0.895853204201,-0.9148469568,0.619571243544,-0.893093350681,-0.0108845493632,0.0217536061184,-4.12811271586,-1.19737789299,-1.19737789299,0.413830610269,-1.67487319277,-0.21668199433,-0.778017891767,-0.0068871000816,0.0039308778582,0.00497934761745,4,0
680,1.36,1,-0.421048313379,0,0.508768439293,0,0,0.508768439293,0,0.508768439293,0,-0.391717328118,0.719721548014,-0.421048302316,0.732751643327,0.203318550261,0.588429407204,-2.9424403306,3.27522973346,0.508768422644,-7.46505090277e-05,-0.00630751890112,-0.420874956916,0.772557823576,-4.61729247392e-07,0.00011543231185,-0.420949607425,-0.390278417388,0.7191090684,0.766250304675,-0.416135244283,0.71870413484,0.00481436314207,-0.0475461698352,3.59078273605,0.508768422644,0.339992727872,-0.217729752055,1.32118105053,0.203318550261,0.588429407204,0.0293309741973,-0.0130300953131,-0.00720332500945,4,0
680,1.36,2,0.621406972408,0,-0.789844930172,0,0,-0.789844930172,0,-0.789844930172,0,0.614646659432,-0.899651934204,0.621406997962,-0.913462353106,-0.224244809558,-0.73801395625,-0.14431789746,-0.64182245207,-0.789844903415,3.76897672399e-05,0.00325227667842,0.621315289371,-0.93549139341,5.77161608839e-07,-0.000144290402204,0.621352979138,0.61284802102,-0.898886334614,-0.932239116732,0.613415276821,-0.899703241813,-0.00793770231676,0.0325358749191,-2.26265919246,-0.789844903415,-0.789844903415,0.397162188404,-1.65147630936,-0.224244809558,-0.73801395625,-0.00676033853033,0.0138104189018,0.0037045538853,4,0
685,1.37,1,-0.413816601038,0,-0.304800838232,0,0,-0.304800838232,0,-0.304800838232,0,-0.384547766349,0.712615701428,-0.413816593824,0.713282742834,0.209082400303,0.561271146148,-3.57447212395,3.25977889861,-0.304800834557,-0.000102113933184,-0.00866702358585,-0.413577071797,0.76848101044,-1.59839695124e-06,0.000399599237817,-0.41367918573,-0.383124862821,0.710252966534,0.759813986854,-0.414201115949,0.711380145195,-0.000521930218868,-0.0484338416587,2.67564446385,-0.304800834557,-0.304800834557,-0.204734193521,1.27455388898,0.209082400303,0.561271146148,0.0292688274743,-0.000667041405407,-0.00989239078406,4,0
685,1.37,2,0.612388908863,0,-0.573878645897,0,0,-0.573878645897,0,-0.573878645897,0,0.605684707231,-0.890769625553,0.612388880178,-0.88983998323,-0.231471139899,-0.703352373314,0.0526093789481,-0.619336751066,-0.573878643584,7.28950783424e-05,0.00627653052581,0.612212356778,-0.931591876884,1.99799625145e-06,-0.000499499062871,0.612285251856,0.603906077823,-0.887816206841,-0.925315346358,0.606062868263,-0.890753868843,-0.00622238359297,0.0345614775146,-1.26063348163,-0.573878643584,-0.573878643584,0.380917740279,-1.59319235654,-0.231471139899,-0.703352373314,-0.0067041729476,-0.000929642322463,0.00715127146592,4,0
690,1.38,1,-0.406872808933,0,-0.241620719433,0,0,-0.241620719433,0,-0.241620719433,0,-0.37748468274,0.699662007773,-0.406872812063,0.68202663775,0.214595027009,0.534254688108,-3.58013559137,3.32636360943,-0.241620717943,-0.000126996883308,-0.0106273013983,-0.406584548566,0.746461292314,-1.71777425551e-06,0.000429443563881,-0.406711545449,-0.376087977378,0.697064350203,0.735833990915,-0.407166354787,0.698425271437,-0.000454809337947,-0.0374087194779,2.65475717313,-0.241620717943,-0.241620717943,-0.192277785053,1.21628132586,0.214595027009,0.534254688108,0.0293881293226,0.0176353700224,-0.012151263998,4,0
690,1.38,2,0.603714108467,0,-0.640028893948,0,0,-0.640028893948,0,-0.640028893948,0,0.596855852734,-0.874577508025,0.60371410182,-0.853224150021,-0.238366872074,-0.667127501686,0.0602580815407,-0.690259284417,-0.640028893386,0.000104607929103,0.00877239536079,0.603475608002,-0.90668276324,2.14721787462e-06,-0.000536804468658,0.603580215931,0.595109971035,-0.871330435978,-0.89791036788,0.597273713872,-0.874560097144,-0.00630650205887,0.0233502707356,-1.47472795992,-0.640028893386,-0.640028893386,0.365347229746,-1.52035165171,-0.238366872074,-0.667127501686,-0.00685824908631,-0.0213533580041,0.01002769051,4,0
695,1.39,1,-0.400178849697,0,0.574694573879,0,0,0.574694573879,0,0.574694573879,0,-0.370546795565,0.689082920428,-0.400178843842,0.664327189682,0.219794163426,0.50093538114,-2.81499339368,3.42292755167,0.574694572432,-0.000122402381343,-0.0100930974472,-0.399910765795,0.722263450203,-6.02105933722e-07,0.000150526483428,-0.400033168176,-0.369169708863,0.688091771682,0.712170352756,-0.393868235851,0.68811119375,0.00616493232538,-0.0240591590058,3.38718169602,0.574694572432,0.619496084016,-0.180384680416,1.16526257082,0.219794163426,0.50093538114,0.0296320482772,0.0247557307467,-0.0115619260233,4,0
695,1.39,2,0.595307826996,0,-0.962534725666,0,0,-0.962534725666,0,-0.962534725666,0,0.588183493784,-0.861353648481,0.595307808483,-0.83692199792,-0.244826959474,-0.619656209304,-0.174008810461,-0.779295300623,-0.962534719845,9.8290635443e-05,0.00805112113618,0.595096213964,-0.881809969058,7.5263245114e-07,-0.000188158112788,0.595194504599,0.58646213541,-0.860114712496,-0.873758847922,0.586659145063,-0.861417163011,-0.00853535953664,0.0123416849102,-2.70631634366,-0.962534719845,-0.962534719845,0.35048084901,-1.45657820722,-0.244826959474,-0.619656209304,-0.00712431469928,-0.0244316505611,0.0092306087615,4,0
700,1.4,1,-0.393485099077,0,1.57469451427,0,0,1.57469451427,0,1.57469451427,0,-0.363662352655,0.690763423031,-0.393485090892,0.67716754427,0.224608224395,0.465864245357,-1.58402174173,3.48316242194,1.57469457243,-8.69392973417e-05,-0.00703200098753,-0.393303436719,0.714635500323,9.32978583612e-07,-0.000233244645899,-0.393390376017,-0.362278977004,0.692387559254,0.707603499335,-0.376772479261,0.690217167755,0.0166178967555,-0.0173863315798,4.28375591971,1.57469457243,1.90721595277,-0.168876866497,1.14303178963,0.224608224395,0.465864245357,0.0298227382372,0.0135958787609,-0.00807527255563,4,0
700,1.4,2,0.586812913418,0,-1.35493016243,0,0,-1.35493016243,0,-1.35493016243,0,0.579577940167,-0.863454276558,0.586812925276,-0.864564107906,-0.250716843601,-0.564225622572,-0.564655591313,-0.785569551263,-1.35493020563,5.22430071782e-05,0.00407814697193,0.586713433681,-0.882924189768,-1.16622321444e-06,0.000291555803601,0.586765676688,0.577848720608,-0.865484446817,-0.878846042796,0.574841491049,-0.863651628604,-0.0119241856383,0.0151944141919,-4.09945249043,-1.35493020563,-1.35493020563,0.336096081675,-1.42878973048,-0.250716843601,-0.564225622572,-0.0072349851084,0.00110983134799,0.00470506305807,4,0
705,1.41,1,-0.38659670949,0,0.586618900299,0,0,0.586618900299,0,0.586618900299,0,-0.356749733064,0.687068490362,-0.386596712183,0.691230546906,0.229034358301,0.418456653,-3.72881193199,3.41124317636,0.586618898568,-6.06965793131e-05,-0.00515362407799,-0.386454344396,0.724340869038,-2.57411472049e-06,0.000643528680125,-0.386515040975,-0.355379192813,0.683339539231,0.71918724496,-0.387720380819,0.685778046705,-0.0012053398443,-0.0334091982548,3.18248296455,0.586618898568,-0.311686772591,-0.157562353882,1.10968719991,0.229034358301,0.418456653,0.0298469791196,-0.00416205654388,-0.00588198302975,4,0
705,1.41,2,0.577988684177,0,-0.560556054115,0,0,-0.560556054115,0,-0.560556054115,0,0.570937165702,-0.858835610503,0.577988674698,-0.884536728675,-0.256035733725,-0.502572264315,0.0999363823639,-0.65862189453,-0.560556078074,1.83203368434e-05,0.00165072186605,0.577939949411,-0.897268450569,3.21764344868e-06,-0.000804410862184,0.577958269748,0.569223990394,-0.854174421519,-0.895617728703,0.571752964521,-0.858801618885,-0.00620530522636,0.0368161098179,-0.694479831843,-0.560556078074,-0.560556078074,0.321952940973,-1.38710899299,-0.256035733725,-0.502572264315,-0.00705150899651,0.0257011181715,0.00187056590817,4,0
710,1.42,1,-0.379793167114,0,-0.413381099701,0,0,-0.413381099701,0,-0.413381099701,0,-0.349991718293,0.662151710261,-0.379793176622,0.668867802883,0.23296102914,0.362705607295,-4.73700503709,3.30602344844,-0.413381101432,-9.3802018116e-05,-0.00801216364214,-0.379569658979,0.721081009114,-4.23464300631e-06,0.00105866075158,-0.379663460998,-0.348673686734,0.655839797529,0.713068845472,-0.389322329726,0.660512934784,-0.00965886872797,-0.0525559106878,2.08717129113,-0.413381101432,-1.4218438008,-0.146832147482,1.03157341018,0.23296102914,0.362705607295,0.0298014583283,-0.0067160926223,-0.00913778785953,4,0
710,1.42,2,0.569351017475,0,-0.147102057934,0,0,-0.147102057934,0,-0.147102057934,0,0.562489647266,-0.827689634977,0.56935101651,-0.843774436308,-0.260810833465,-0.445692318805,0.430998066975,-0.572039798223,-0.14710206273,6.09381709234e-05,0.00532907343053,0.569197888057,-0.88107104386,5.29330381593e-06,-0.00132332595398,0.569258826228,0.560842107822,-0.819799743975,-0.875741970429,0.56602465789,-0.827542342868,-0.00323416833782,0.0481996275618,1.03937872958,-0.14710206273,-0.14710206273,0.308540183045,-1.28946675511,-0.260810833465,-0.445692318805,-0.00686136924485,0.0160848013307,0.00606033148161,4,0
715,1.43,1,-0.373380631208,0,-1.27737486362,0,0,-1.27737486362,0,-1.27737486362,0,-0.343531336543,0.629840633937,-0.373380640399,0.620009406725,0.23640570175,0.32017261733,-4.60273423364,3.31247910592,-1.27737481139,-0.000133536658056,-0.0112778764291,-0.373070626002,0.690770515982,-4.05795936353e-06,0.00101448984088,-0.37320416266,-0.342277845181,0.623702211555,0.679492639553,-0.381713830136,0.628249696704,-0.00850966747622,-0.0512429428484,1.16045386574,-1.27737481139,-1.27737481139,-0.13697493865,0.940182024055,0.23640570175,0.32017261733,0.0298493038559,0.00983122721237,-0.0128803163258,4,0
715,1.43,2,0.561324000359,0,-0.217520520091,0,0,-0.217520520091,0,-0.217520520091,0,0.554414170109,-0.78730078915,0.561324014115,-0.773620749133,-0.26510534203,-0.401606772583,0.413848816294,-0.620479922308,-0.217520521758,0.000112179227942,0.00954326500779,0.561059153771,-0.834919979051,5.07244925496e-06,-0.00126811231375,0.561171332998,0.552847305913,-0.779627761095,-0.825376714043,0.557766345365,-0.787161115181,-0.00340498763393,0.0382155988627,0.705848699034,-0.217520521758,-0.217520521758,0.296218672085,-1.17522752172,-0.26510534203,-0.401606772583,-0.00690984400651,-0.0136800400167,0.0108894157431,4,0
720,1.44,1,-0.367467850447,0,-0.292163670063,0,0,-0.292163670063,0,-0.292163670063,0,-0.337373744782,0.603873019038,-0.367467838223,0.576840482016,0.23949407975,0.288313009073,-3.32255546145,3.43912763351,-0.292163660214,-0.000145290609746,-0.011994984999,-0.367148280328,0.646118305053,-2.06057734847e-06,0.000515144337124,-0.367293570937,-0.336169373659,0.600640128514,0.634123320054,-0.36489943204,0.602726115402,0.00239413889693,-0.0313972046517,2.09374226111,-0.292163660214,0.130310644374,-0.127973758473,0.865153491089,0.23949407975,0.288313009073,0.0300940934408,0.0270325370219,-0.013738472316,4,0
720,1.44,2,0.553931236267,0,-0.736951887608,0,0,-0.736951887608,0,-0.736951887608,0,0.546717180442,-0.754841270193,0.553931245991,-0.723610954343,-0.26896404904,-0.357830900639,0.0345234216448,-0.75946746669,-0.736951915208,0.000127502853026,0.0104778359265,0.553653954411,-0.7829682565,2.57572171758e-06,-0.000643930429395,0.553781457264,0.545211716545,-0.75080015699,-0.772490420574,0.546904484856,-0.754833465843,-0.00687697240719,0.0176569547309,-1.44552689701,-0.736951915208,-0.736951915208,0.284967196951,-1.08144185498,-0.26896404904,-0.357830900639,-0.007214065549,-0.0312303158502,0.0120078701628,4,0
725,1.45,1,-0.361763328314,0,0.707836329937,0,0,0.707836329937,0,0.707836329937,0,-0.3313873958,0.597842908344,-0.36176333002,0.571469740013,0.242238840705,0.262807366765,-1.54711703317,3.5794522602,0.707836339786,-0.000105038800755,-0.00849569180747,-0.361543859177,0.61672420039,2.53832851405e-07,-6.34582128526e-05,-0.361648897978,-0.330190684909,0.598545820138,0.608228508582,-0.344176533068,0.597310027625,0.0174723649103,-0.0109184809575,3.02641291887,0.707836339786,2.04209138444,-0.119524489315,0.834277106778,0.242238840705,0.262807366765,0.0303759342204,0.026373168331,-0.00975615741653,4,0
725,1.45,2,0.546673476696,0,-1.35031652451,0,0,-1.35031652451,0,-1.35031652451,0,0.53923424425,-0.747303631649,0.546673472948,-0.736564269457,-0.272267862355,-0.306282104951,-0.51743872287,-0.826031124844,-1.35031655215,7.53046220642e-05,0.00594304897686,0.546525799424,-0.764845090746,-3.17291047325e-07,7.93227618248e-05,0.546601104046,0.537738355644,-0.748182271368,-0.758902041769,0.534872771025,-0.7474853597,-0.0117283330208,0.011416682069,-3.81910223167,-1.35031655215,-1.35031655215,0.274405610593,-1.04284637441,-0.272267862355,-0.306282104951,-0.00743922869747,-0.010739362192,0.00684670444163,4,0
730,1.46,1,-0.355992168188,0,0.107836343348,0,0,0.107836343348,0,0.107836343348,0,-0.325441765605,0.584721801995,-0.355992179383,0.576286359434,0.24465443445,0.213283075074,-4.593873786,3.54891464517,0.107836339786,-6.67468430486e-05,-0.00561936659105,-0.355838203579,0.611674675169,-4.60748520675e-06,0.00115187130168,-0.355904950422,-0.32427888197,0.577986203278,0.606055308578,-0.363604290033,0.583131696811,-0.00769933961076,-0.0229236117668,2.34193332964,0.107836339786,-1.03853881212,-0.111337744933,0.789569434508,0.24465443445,0.213283075074,0.0305504137782,0.00843544256132,-0.00642032870763,4,0
730,1.46,2,0.539154708385,0,-0.350316554308,0,0,-0.350316554308,0,-0.350316554308,0,0.531802206545,-0.730902248508,0.539154732099,-0.751718877105,-0.274982551892,-0.235242906728,0.437503196772,-0.706884728546,-0.350316552155,2.58921742149e-05,0.00223357793264,0.539091452046,-0.767322184932,5.75935654934e-06,-0.00143983913733,0.53911734422,0.53034860201,-0.72248275005,-0.765088607,0.535420582249,-0.730751482854,-0.00369676197107,0.0343371241462,0.341694380271,-0.350316552155,-0.271925815797,0.264172180207,-0.986961783833,-0.274982551892,-0.235242906728,-0.00735252555347,0.0208166285966,0.00254428402321,4,0
735,1.47,1,-0.350408494473,0,-0.8921636343,0,0,-0.8921636343,0,-0.8921636343,0,-0.319788132131,0.54298936408,-0.350408488216,0.541642375453,0.246485250186,0.145972963139,-5.90618320576,3.42561998247,-0.892163660214,-0.000100650319383,-0.00861442094593,-0.350167833661,0.598008232919,-6.66461119236e-06,0.00166615279809,-0.350268483981,-0.318712068036,0.533033589105,0.589393811973,-0.368839315335,0.54094556478,-0.0185708313545,-0.0484482471935,1.27547959224,-0.892163660214,-2.47074099851,-0.10392323803,0.687615338592,0.246485250186,0.145972963139,0.0306203560849,0.00134698862706,-0.00982222477853,4,0
735,1.47,2,0.531954646111,0,0.263252049685,0,0,0.263252049685,0,0.263252049685,0,0.524735164745,-0.678736700783,0.53195461645,-0.690815013336,-0.277050569776,-0.168704150112,0.879981761655,-0.609762500552,0.263252061126,7.0003248103e-05,0.00612716099949,0.531778735351,-0.73363713416,8.33076403683e-06,-0.00208269100922,0.531848738599,0.523390084635,-0.666291981994,-0.727509973161,0.531997677563,-0.678434096082,0.000148938964448,0.0490758770785,2.77881613022,0.263252061126,0.263252061126,0.254904046674,-0.859519163448,-0.277050569776,-0.168704150112,-0.00721945170466,0.012078312553,0.00696719997673,4,0
740,1.48,1,-0.345347881317,0,-1.8921636343,0,0,-1.8921636343,0,-1.8921636343,0,-0.314609307227,0.492992526671,-0.345347868135,0.479672640538,0.247717747022,0.0923785145661,-5.62551373006,3.41206786854,-1.89216366021,-0.00014437135274,-0.0121851657175,-0.345013246598,0.555923576047,-6.17149509363e-06,0.0015428737734,-0.345157617951,-0.313632739571,0.483655206892,0.543738410329,-0.361291562546,0.491047432699,-0.0161339445951,-0.0526909776303,0.246011913938,-1.89216366021,-2.19952823957,-0.097630121113,0.572051155104,0.247717747022,0.0923785145661,0.0307385609085,0.013319886133,-0.0139176219504,4,0
740,1.48,2,0.525602042675,0,0.155885949731,0,0,0.155885949731,0,0.155885949731,0,0.51826163366,-0.616240653687,0.525602052276,-0.596953255721,-0.278564401648,-0.118110677887,0.835064135223,-0.66688995272,0.155885950879,0.000126776278875,0.0107669162782,0.525303950701,-0.665687819107,7.71436890634e-06,-0.00192859222658,0.52543072698,0.517040924098,-0.604569003904,-0.654920902829,0.525106216567,-0.615955462732,-0.00032451041336,0.0389654400964,2.17826028473,0.155885950879,0.155885950879,0.247037650628,-0.715063933608,-0.278564401648,-0.118110677887,-0.00734041861593,-0.0192873979662,0.0122882316247,4,0
745,1.49,1,-0.340947836637,0,-1.14592909813,0,0,-1.14592909813,0,-1.14592909813,0,-0.309894340094,0.453106277231,-0.340947829393,0.418010848212,0.248545865765,0.062346311558,-3.90763622903,3.55899546395,-1.14592914675,-0.000160750414381,-0.0132979795956,-0.340592834992,0.49522705155,-3.40658828374e-06,0.000851647070934,-0.340753585407,-0.308993611022,0.44780959448,0.481929071955,-0.342274867604,0.451757088585,-0.0015212821972,-0.0301719833696,0.981017039438,-1.14592914675,-0.333413780512,-0.0924019636278,0.48035715977,0.248545865765,0.062346311558,0.0310534892994,0.035095429019,-0.0152269845681,4,0
745,1.49,2,0.520117342472,0,-0.509490311146,0,0,-0.509490311146,0,-0.509490311146,0,0.512367924791,-0.566382841628,0.52011735426,-0.524268508677,-0.279614900384,-0.076177930449,0.333947671046,-0.829394106513,-0.509490298288,0.000148644837205,0.0122601247739,0.51979156258,-0.594498928137,4.25823538053e-06,-0.00106455884513,0.519940207417,0.511242013462,-0.55976198815,-0.582238803363,0.515029169643,-0.566271956426,-0.00491103777478,0.0159668469372,-0.670522642368,-0.509490298288,-0.509490298288,0.240502453876,-0.600446439126,-0.279614900384,-0.076177930449,-0.00774942946912,-0.0421143329513,0.0140438628203,4,0
750,1.5,1,-0.336926907301,0,-0.145929142833,0,0,-0.145929142833,0,-0.145929142833,0,-0.305459156283,0.439549627701,-0.336926910913,0.397340234842,0.249088598347,0.0465173331259,-1.71755457247,3.76369562564,-0.145929146749,-0.000118403324938,-0.00958066924574,-0.336679137662,0.448512404706,-4.76040886432e-07,0.00011901022161,-0.336797540987,-0.304579980331,0.439230945228,0.43893173546,-0.319655784886,0.438958101509,0.0171417561006,2.63660486128e-05,1.95675762302,-0.145929146749,2.05714256231,-0.0878383125658,0.443857567968,0.249088598347,0.0465173331259,0.0314677546299,0.0422093928592,-0.011001509145,4,0
750,1.5,2,0.514926850796,0,-1.27650344372,0,0,-1.27650344372,0,-1.27650344372,0,0.506823945077,-0.549437029559,0.514926837309,-0.526679089719,-0.280128947155,-0.0281428595535,-0.338542044694,-0.929384104,-1.27650343044,9.38476636601e-05,0.00745110978376,0.514739728196,-0.563242457312,5.9505112493e-07,-0.000148762781221,0.51483357586,0.505724975148,-0.549038676443,-0.555791347529,0.503936297301,-0.549557348216,-0.0108972785584,0.00623399931239,-3.74786761123,-1.27650343044,-1.27650343044,0.234797890155,-0.554821949273,-0.280128947155,-0.0281428595535,-0.00810289223204,-0.0227579398397,0.00857728174768,4,0
755,1.51,1,-0.332953512669,0,-0.345929145813,0,0,-0.345929145813,0,-0.345929145813,0,-0.301132892114,0.417782219663,-0.332953499181,0.394686803429,0.249372787184,-0.00252369182101,-5.43151238944,3.77148644661,-0.345929146749,-7.16110223856e-05,-0.00595159454234,-0.332792258744,0.430979988537,-6.30999575524e-06,0.00157749893881,-0.332863869766,-0.300306383587,0.408521766498,0.425028393994,-0.346260391283,0.415901907198,-0.013396521517,-0.00912648679643,1.70993405002,-0.345929146749,-1.65321501602,-0.083580711997,0.392163111608,0.249372787184,-0.00252369182101,0.0318206070671,0.0230954162347,-0.00681092681096,4,0
755,1.51,2,0.509516298771,0,-0.276503443718,0,0,-0.276503443718,0,-0.276503443718,0,0.501416114918,-0.522227769347,0.509516303341,-0.541782329684,-0.28004041379,0.0515784509766,0.833546275002,-0.796247513466,-0.276503430441,3.33523867142e-05,0.00275916074394,0.509441020589,-0.559135620799,7.88749472225e-06,-0.00197187368056,0.509474372976,0.50038297927,-0.510652202848,-0.556376460055,0.508324012753,-0.52193994027,-0.00115036022313,0.0344365197853,0.351416814023,-0.276503430441,0.0341393721513,0.229475889551,-0.490203878707,-0.28004041379,0.0515784509766,-0.00810018842301,0.0195545603372,0.00315938938451,4,0
760,1.52,1,-0.329212486744,0,-1.34592914581,0,0,-1.34592914581,0,-1.34592914581,0,-0.297215383419,0.362334455967,-0.329212498185,0.354802325065,0.249004809997,-0.0784536382992,-6.93453861015,3.62238024308,-1.34592914675,-9.87074865426e-05,-0.00846678231531,-0.328974783655,0.410919775016,-8.57967531864e-06,0.00214491882967,-0.329073491142,-0.296503508662,0.349502621703,0.402452992701,-0.354822765086,0.359934148397,-0.0257492739449,-0.0425188443033,0.677996471441,-1.34592914675,-3.30250709491,-0.0802076881877,0.276348686766,0.249004809997,-0.0784536382992,0.0319971147663,0.00753213090174,-0.00965127215382,4,0
760,1.52,2,0.504414856434,0,0.721388220787,0,0,0.721388220787,0,0.721388220787,0,0.496519229102,-0.452918064509,0.504414842279,-0.478341542685,-0.27915523238,0.132905695242,1.34979120121,-0.621516833632,0.721388191183,6.89384099374e-05,0.0060589154713,0.504239394084,-0.52161209467,1.07245941766e-05,-0.00268114854416,0.504308332494,0.495629385667,-0.436878271636,-0.515553179199,0.507690709378,-0.452452586164,0.00338237688342,0.0631005930345,4.27317856955,0.721388191183,0.721388191183,0.225259609899,-0.345435847443,-0.27915523238,0.132905695242,-0.00789561317697,0.0254234781757,0.00688617639055,4,0
765,1.53,1,-0.326086312532,0,-2.34592914581,0,0,-2.34592914581,0,-2.34592914581,0,-0.293913448788,0.298584194118,-0.326086297773,0.281942461049,0.247991620458,-0.134018527673,-6.51799944543,3.5824624161,-2.34592914675,-0.000151201632338,-0.0127784427557,-0.325734777682,0.362210886287,-7.78565044413e-06,0.00194641261103,-0.325885979315,-0.293328165343,0.286802485035,0.349432443532,-0.348014578076,0.296329980398,-0.022128598761,-0.0531024631337,-0.314219958523,-2.34592914675,-2.92094416698,-0.0780946773159,0.147923933376,0.247991620458,-0.134018527673,0.0321728489851,0.0166417330691,-0.0145928623438,4,0
765,1.53,2,0.500319719315,0,0.597216784954,0,0,0.597216784954,0,0.597216784954,0,0.49239181087,-0.373230237,0.500319704815,-0.36263803902,-0.277701358395,0.177733133485,1.27718864566,-0.666657796285,0.597216762524,0.000137213114727,0.0116675294729,0.4999961547,-0.437363573902,9.73206307764e-06,-0.00243301576941,0.500133367815,0.491660206574,-0.358503100612,-0.425696044429,0.502905845328,-0.372792152231,0.00277247751276,0.0529038921985,3.49497400446,0.597216762524,0.597216762524,0.22261834642,-0.184904905535,-0.277701358395,0.177733133485,-0.00792789394518,-0.01059219798,0.0133140868496,4,0
770,1.54,1,-0.32373419404,0,-1.74592912197,0,0,-1.74592912197,0,-1.74592912197,0,-0.291199195754,0.24804642582,-0.323734190109,0.208394025769,0.246582879106,-0.159853902961,-4.49821697461,3.73441673671,-1.74592914675,-0.000171766343907,-0.0142239362191,-0.3233540583,0.291226108067,-4.46799113074e-06,0.00111699778269,-0.323525824644,-0.290710237328,0.241128219625,0.277002171848,-0.328483897388,0.246492896585,-0.00495807274364,-0.0305092752635,0.317749707391,-1.74592914675,-0.747515105554,-0.0771513110031,0.048540122808,0.246582879106,-0.159853902961,0.0325349943548,0.0396524000509,-0.0162851323459,4,0
770,1.54,2,0.497295260429,0,-0.164666354656,0,0,-0.164666354656,0,-0.164666354656,0,0.488998994634,-0.310058026477,0.497295247315,-0.271125265788,-0.275856108674,0.210450123537,0.693920661657,-0.843019164718,-0.164666352352,0.000164526643431,0.0135935295698,0.496933299192,-0.349419671936,5.58498892966e-06,-0.00139624723242,0.497097825835,0.488387796613,-0.301410268709,-0.335826142366,0.494642137614,-0.309822895519,-0.00245568822158,0.0260032468474,0.14626718156,-0.164666352352,-0.164666352352,0.221439138641,-0.0606751422514,-0.275856108674,0.210450123537,-0.00829625268113,-0.0389327606885,0.015567849291,4,0
775,1.55,1,-0.321871846914,0,-0.745929121971,0,0,-0.745929121971,0,-0.745929121971,0,-0.288850131111,0.228076873712,-0.3218718436,0.177486322571,0.2449518436,-0.167496164705,-2.08380084466,3.9705000862,-0.745929146749,-0.000128501270199,-0.0104142200282,-0.321601815946,0.233515543027,-1.17177257974e-06,0.000292943144932,-0.321730317216,-0.288394867947,0.226752752728,0.223101322999,-0.306085580201,0.22735873,0.0156447370151,0.00425740700123,1.33811706833,-0.745929146749,1.89865547681,-0.07692,0.00999015786695,0.2449518436,-0.167496164705,0.0330217124894,0.0505905511406,-0.0119562352706,4,0
775,1.55,2,0.494713395834,0,-1.02086424828,0,0,-1.02086424828,0,-1.02086424828,0,0.486062663889,-0.285096086227,0.494713401992,-0.261097990813,-0.273563401992,0.248610304742,-0.0405000728325,-0.970417889419,-1.02086426599,0.00010832872481,0.00864635903596,0.494494391816,-0.304620227016,1.46471573947e-06,-0.00036617893487,0.49460272054,0.485493584945,-0.283440934974,-0.295973867981,0.48564300599,-0.285113571973,-0.0089597145502,0.0108602960076,-3.38954007702,-1.02086426599,-1.02086426599,0.22115,-0.0124876860709,-0.273563401992,0.248610304742,-0.00865073810276,-0.0239980954138,0.00994630373368,4,0
780,1.56,1,-0.320147514343,0,-0.945929169655,0,0,-0.945929169655,0,-0.945929169655,0,-0.286669139779,0.199555326733,-0.320147518314,0.166437048012,0.243139211462,-0.21006791703,-6.13101715428,4.00491745078,-0.945929146749,-7.90339688291e-05,-0.00656281325346,-0.319970053041,0.206253383364,-7.4488211641e-06,0.00186220529103,-0.320049087009,-0.286280773752,0.188596397803,0.199690570111,-0.337609917041,0.197432794348,-0.0175608300317,-0.00225777576323,1.13600827683,-0.945929146749,-2.11858848263,-0.0770083068525,-0.0436308690182,0.243139211462,-0.21006791703,0.0334783785354,0.033118278722,-0.00751122087941,4,0
780,1.56,2,0.492000281811,0,-0.0208642669022,0,0,-0.0208642669022,0,-0.0208642669022,0,0.483336424783,-0.249444152401,0.492000269946,-0.269315595159,-0.270739886268,0.323854192676,1.24349255863,-0.839071361674,-0.0208642659856,4.42538438048e-05,0.00365884597248,0.491901022303,-0.291901158751,9.31102646612e-06,-0.00232775661654,0.491945276146,0.482850967261,-0.235745491222,-0.288242312779,0.493646048352,-0.249014584752,0.00170077220609,0.0392277280261,0.626459873581,-0.0208642659856,0.400231304861,0.221260383678,0.0545385975174,-0.270739886268,0.323854192676,-0.00866384516306,0.0198714427576,0.00418989209814,4,0
785,1.57,1,-0.318738222122,0,-1.94592916965,0,0,-1.94592916965,0,-1.94592916965,0,-0.284977221699,0.135402648021,-0.318738220454,0.118385896667,0.240731279246,-0.280354796622,-7.6793878544,3.86693793792,-1.94592914675,-0.00010525259195,-0.00901154344322,-0.31848582688,0.177759190435,-9.70660870708e-06,0.00242665217677,-0.318591079472,-0.284720916877,0.120872454504,0.168747646992,-0.348775737719,0.132744376521,-0.0301846582465,-0.036003270471,0.148942953117,-1.94592914675,-3.80217534194,-0.0780069412082,-0.161968899955,0.240731279246,-0.280354796622,0.0337609987552,0.0170167513542,-0.0102745745466,4,0
785,1.57,2,0.489663124084,0,0.979135751724,0,0,0.979135751724,0,0.979135751724,0,0.481221527244,-0.169253303944,0.489663130562,-0.199316702262,-0.267154453827,0.401777838366,1.7839647123,-0.641280776523,0.979135734014,7.89922456151e-05,0.00689743706728,0.489465023946,-0.247634320442,1.21332608891e-05,-0.00303331522229,0.489544016191,0.480901146228,-0.151090562039,-0.240736883375,0.495996870342,-0.168637664649,0.00645285415112,0.0720992187259,4.4787106104,0.979135734014,1.13483859176,0.222508676735,0.202461136103,-0.267154453827,0.401777838366,-0.00844160331856,0.0300633983179,0.00784534401466,4,0
790,1.58,1,-0.31803560257,0,-2.94592905045,0,0,-2.94592905045,0,-2.94592905045,0,-0.283985264775,0.0638119480208,-0.318035589568,0.0353654686554,0.23775471696,-0.326048582252,-7.15508718937,3.84297025599,-2.94592914675,-0.000160889150371,-0.0136066459252,-0.317661175888,0.120907749051,-8.66513392483e-06,0.00216628348121,-0.317822065038,-0.283870873948,0.0506965630125,0.107301103126,-0.343378400639,0.0613372340265,-0.0255563356012,-0.0459638690998,-0.796948110273,-2.94592914675,-3.29657961765,-0.0802808726083,-0.290683113597,0.23775471696,-0.326048582252,0.0340503247925,0.0284464793654,-0.0155373157296,4,0
790,1.58,2,0.488435029984,0,0.981000065804,0,0,0.981000065804,0,0.981000065804,0,0.47998158115,-0.0797649289169,0.488435030248,-0.0698495474856,-0.263083939152,0.433203450486,1.68721147768,-0.691503222722,0.981000055617,0.000151553392246,0.0128895586353,0.488077795756,-0.152300274955,1.08314174075e-05,-0.00270785435187,0.488229349148,0.479838592629,-0.0633706976542,-0.13941071632,0.49389495331,-0.079185205077,0.0056656041617,0.0602255112426,4.10548147838,0.981000055617,0.981000055617,0.225351091096,0.363353903,-0.263083939152,0.433203450486,-0.00845344909724,-0.00991538143135,0.0147081993423,4,0
795,1.59,1,-0.318188071251,0,-2.15964508057,0,0,-2.15964508057,0,-2.15964508057,0,-0.28364960493,0.00743731954919,-0.318188070424,-0.0438547241798,0.234473429688,-0.344173635394,-5.0175453046,4.01734091593,-2.1596450506,-0.000180063341962,-0.0148910582081,-0.317790622693,0.0425661410763,-5.0949476475e-06,0.00127373691188,-0.317970686035,-0.283642823475,-0.000430482997155,0.0276750828682,-0.325248164262,0.00570404624372,-0.00727747822699,-0.0219710366245,0.0669167780662,-2.1596450506,-0.983152570362,-0.0837146407356,-0.388028359574,0.234473429688,-0.344173635394,0.0345384654932,0.051292043729,-0.0170518183116,4,0
795,1.59,2,0.488396644592,0,0.170774310827,0,0,0.170774310827,0,0.170774310827,0,0.479562006405,-0.00929664331444,0.488396643632,0.0302754143026,-0.258753342268,0.454760045992,1.07485464154,-0.887376886959,0.170774307264,0.000176791498753,0.0145819493289,0.488008978624,-0.0533735444747,6.36868456316e-06,-0.0015921711408,0.488185770123,0.479553529598,0.000538109873951,-0.0387915951458,0.488364650655,-0.00892986647069,0.000178880532403,0.0298617286751,0.465071668885,0.170774307264,0.170774307264,0.229643301364,0.485035460295,-0.258753342268,0.454760045992,-0.00883463722672,-0.039572057617,0.016703447314,4,0
800,1.6,1,-0.318871945143,0,-1.15964508057,0,0,-1.15964508057,0,-1.15964508057,0,-0.283729311793,-0.0169852262305,-0.318871948105,-0.0786851361628,0.231033635982,-0.346170022328,-2.613240756,4.26974864756,-1.1596450506,-0.000133679503363,-0.0108401266231,-0.318590642142,-0.0202145926582,-1.75007460673e-06,0.000437518651682,-0.318724321646,-0.283765049515,-0.0191814167436,-0.0310547192814,-0.305365053702,-0.0178867154767,0.0133592679433,0.0131680038046,1.13213420261,-1.1596450506,1.66895217222,-0.0878383121239,-0.424855158491,0.231033635982,-0.346170022328,0.0351426363123,0.0616999099323,-0.0124442806635,4,0
800,1.6,2,0.488861262798,0,-0.682632684708,0,0,-0.682632684708,0,-0.682632684708,0,0.479661640045,0.0212315389673,0.488861273803,0.0456276527226,-0.254063383096,0.485441306128,0.349866368029,-1.02180989797,-0.682632672138,0.000116208833385,0.00929463619873,0.48862508889,-0.00161290192319,2.18759326942e-06,-0.000546898317358,0.488741297724,0.47970631221,0.0239767771263,0.00768173427555,0.482483218354,0.0213491047301,-0.00625807937009,0.0136673704546,-3.14261723782,-0.682632672138,-0.682632672138,0.234797890707,0.53106895885,-0.254063383096,0.485441306128,-0.0091996337577,-0.0243961137554,0.0106891421993,4,0
805,1.61,1,-0.319732189178,0,-1.35964500904,0,0,-1.35964500904,0,-1.35964500904,0,-0.284019529959,-0.0494139568512,-0.319732191108,-0.0935226421137,0.2274683088,-0.381631314077,-6.59012801694,4.31750374498,-1.3596450506,-8.36796881567e-05,-0.00695069017255,-0.319544231315,-0.0513628706119,-7.8404577134e-06,0.00196011442835,-0.319627911003,-0.28412971444,-0.0609725836283,-0.0583135607844,-0.338775909887,-0.0516954726815,-0.0191479988837,0.00661808810292,0.974466433839,-1.3596450506,-2.26466942552,-0.0922638823078,-0.47515395619,0.2274683088,-0.381631314077,0.0357126611491,0.0441086852626,-0.00795484643043,4,0
805,1.61,2,0.489245802164,0,0.317367315292,0,0,0.317367315292,0,0.317367315292,0,0.480024412814,0.0617674522662,0.48924578981,0.0424273706322,-0.248915936266,0.551515085192,1.61778777018,-0.892824245801,0.317367327862,5.12747384066e-05,0.00424474202707,0.489130697456,0.0163061342868,9.80057213273e-06,-0.00245014303318,0.489181972194,0.480162143428,0.0762157357248,0.0205508763139,0.493442182503,0.0623265260032,0.00426021030872,0.0417756496893,0.795390866172,0.317367327862,0.720103485493,0.240329853544,0.593942455824,-0.248915936266,0.551515085192,-0.00922137699608,0.019340081634,0.00486003888795,4,0
810,1.62,1,-0.320944219828,0,-2.35964512825,0,0,-2.35964512825,0,-2.35964512825,0,-0.28483006564,-0.115796974602,-0.320944222906,-0.145165157303,0.223407801366,-0.439266684942,-8.02048712673,4.19979542451,-2.3596450506,-0.000110184483755,-0.00942441043701,-0.320680611778,-0.0832741141485,-9.84394546577e-06,0.00246098636644,-0.320790796262,-0.285076389796,-0.130545036942,-0.0926985245855,-0.351462222334,-0.118573314464,-0.0306714260716,-0.0258747898787,0.0320083630865,-2.3596450506,-3.80994507798,-0.0975364215399,-0.584431842244,0.223407801366,-0.439266684942,0.0361141572657,0.0293681827005,-0.0107466242421,4,0
810,1.62,2,0.490054130554,0,1.31736731529,0,0,1.31736731529,0,1.31736731529,0,0.481037582478,0.14474622435,0.490054117254,0.117035254131,-0.243133589566,0.613504558887,2.12580505307,-0.705126737953,1.31736732786,8.6405410369e-05,0.00751775453015,0.489839169167,0.0649420070288,1.23049318116e-05,-0.0030762329529,0.489925574577,0.481345487685,0.163181302244,0.0724597615589,0.498650757662,0.145480106649,0.00872518308509,0.07302034509,4.57171462362,1.31736732786,1.41212369566,0.246920527688,0.730539813018,-0.243133589566,0.613504558887,-0.00901653477624,0.0277109702182,0.00855461945458,4,0
815,1.63,1,-0.322891563177,0,-3.21255517006,0,0,-3.21255517006,0,-3.21255517006,0,-0.28635371494,-0.18787965285,-0.322891551612,-0.230342630523,0.218916844648,-0.470493441579,-7.43258084028,4.20413254393,-3.21255515658,-0.000164731518731,-0.0139163615422,-0.322509055943,-0.143108059576,-8.64385803273e-06,0.00216096450818,-0.322673787462,-0.286742681759,-0.200966302936,-0.157024421118,-0.348052330126,-0.190450428482,-0.0253785426647,-0.0334260073645,-0.723006791146,-3.21255515658,-3.21255515658,-0.103974706963,-0.700836072103,0.218916844648,-0.470493441579,0.0365378366716,0.0424629776738,-0.015893139767,4,0
815,1.63,2,0.491995066404,0,1.23578166962,0,0,1.23578166962,0,1.23578166962,0,0.482942144162,0.234849571995,0.491995074359,0.246620080772,-0.237026689792,0.629425019102,2.01190183036,-0.76085418737,1.23578161555,0.000157548511877,0.0133754452924,0.491625091121,0.161473072884,1.08048225193e-05,-0.00270120562981,0.491782639633,0.483428352698,0.251207884571,0.174848518176,0.499551939403,0.235541646797,0.00776929977041,0.0606931286209,3.80181308454,1.23578161555,1.23578161555,0.254968384567,0.876045099874,-0.237026689792,0.629425019102,-0.00905293019607,-0.0117705087764,0.0152660274349,4,0
820,1.64,1,-0.325669974089,0,-2.21255517006,0,0,-2.21255517006,0,-2.21255517006,0,-0.28853427609,-0.244187673053,-0.325669980598,-0.303819523624,0.214220492217,-0.482794398944,-5.39298599612,4.38038241311,-2.21255515658,-0.000177157092029,-0.0146195948658,-0.325280688669,-0.219478888717,-5.18000159988e-06,0.00129500039997,-0.325457845761,-0.28903084399,-0.252168951095,-0.234098483583,-0.333258633937,-0.246051187963,-0.00780078817606,-0.0119527043806,0.392336272305,-2.21255515658,-0.99585810303,-0.111449488382,-0.786613922568,0.214220492217,-0.482794398944,0.037135704508,0.0596318505707,-0.0167454799701,4,0
820,1.64,2,0.495081454515,0,0.471768081188,0,0,0.471768081188,0,0.471768081188,0,0.485667845659,0.305234597112,0.495081443737,0.339901076285,-0.230769582301,0.643366336262,1.43213266191,-0.944011096072,0.471768089201,0.00017354539226,0.0142709319315,0.494703330141,0.258749167409,6.47500198986e-06,-0.00161875049746,0.494876875533,0.486288555545,0.315211194648,0.273020099341,0.497445558119,0.305725335131,0.00256868258543,0.0327052357899,0.297737829579,0.471768089201,0.471768089201,0.264311861435,0.983267412547,-0.230769582301,0.643366336262,-0.00941359807764,-0.0346664791738,0.0163534766386,4,0
825,1.65,1,-0.328920394182,0,-1.21255517006,0,0,-1.21255517006,0,-1.21255517006,0,-0.291136469751,-0.270450291405,-0.328920392998,-0.3332769161,0.209395904524,-0.484835775697,-3.25438229879,4.60225101919,-1.21255515658,-0.000128903812347,-0.010447489343,-0.328649510349,-0.277046340048,-2.13952765671e-06,0.000534881914182,-0.328778414161,-0.291679823521,-0.273281530875,-0.287493829391,-0.318109541199,-0.271574169382,0.0106688729621,0.0159196600091,1.49252137973,-1.21255515658,1.35986305549,-0.119524488475,-0.818112691796,0.209395904524,-0.484835775697,0.0377839232473,0.0628266246949,-0.0119943350911,4,0
825,1.65,2,0.498617887497,0,-0.256091028452,0,0,-0.256091028452,0,-0.256091028452,0,0.488920587792,0.33806287004,0.498617887592,0.351575575126,-0.224212275949,0.671065298779,0.793719780975,-1.03968913806,-0.256091036884,0.000110192781665,0.0087993664209,0.498394876214,0.307173782361,2.67440957674e-06,-0.000668602394179,0.498505068995,0.489599780017,0.341601919389,0.315973148782,0.495439254838,0.338334481167,-0.00306581415676,0.0223613323854,-2.85095835457,-0.256091036884,-0.256091036884,0.274405611644,1.0226408739,-0.224212275949,0.671065298779,-0.00969729980008,-0.0135127050853,0.0101216798009,4,0
830,1.66,1,-0.332307368517,0,-1.38817167282,0,0,-1.38817167282,0,-1.38817167282,0,-0.293968901941,-0.303270558529,-0.332307370109,-0.344794882015,0.204453253764,-0.515370781524,-6.72802638151,4.6209400286,-1.3881716989,-8.24790041116e-05,-0.00686076430693,-0.332121409277,-0.302958127784,-7.37687216007e-06,0.00184421804002,-0.332203888281,-0.2945861739,-0.31416863378,-0.309818892091,-0.349873311251,-0.305599908917,-0.0176694229701,0.00421898317406,1.39374371333,-1.3881716989,-2.09923584055,-0.127854116346,-0.860165663538,0.204453253764,-0.515370781524,0.0383384681682,0.0415243234854,-0.00785051235627,4,0
830,1.66,2,0.502082288265,0,0.743908941746,0,0,0.743908941746,0,0.743908941746,0,0.492461128088,0.37908820388,0.502082273242,0.351636094602,-0.217264626668,0.723570993712,1.90765627523,-0.902150136147,0.743908963116,4.96763374021e-05,0.00412328241011,0.501969951357,0.325990958155,9.22109017026e-06,-0.00230527254257,0.502019627694,0.493232718049,0.3927107979,0.330114240565,0.508291452193,0.379747800718,0.00627182449886,0.0496335601526,1.02497540079,0.743908963116,1.00078674063,0.284817646573,1.07520708831,-0.217264626668,0.723570993712,-0.00962114515352,0.0274521092779,0.00471939845894,4,0
835,1.67,1,-0.336009472609,0,-2.38817167282,0,0,-2.38817167282,0,-2.38817167282,0,-0.297296148407,-0.364603458346,-0.336009476339,-0.392585700407,0.199125028761,-0.557100823431,-7.87624227066,4.50345067739,-2.3881716989,-0.000110685962158,-0.00947108953634,-0.335744601067,-0.330403177353,-8.89192281583e-06,0.00222298070396,-0.335855287029,-0.298038686857,-0.377938166973,-0.339874266889,-0.362727909513,-0.367329781725,-0.0268726224834,-0.0274555148366,0.485957211804,-2.3881716989,-3.36199227219,-0.136884447578,-0.949686523839,0.199125028761,-0.557100823431,0.038713327932,0.0279822420614,-0.0107993210822,4,0
835,1.67,2,0.50599783659,0,1.56679701805,0,0,1.56679701805,0,1.56679701805,0,0.496620186226,0.455754328371,0.50599785505,0.428504131167,-0.20989229435,0.758604031898,2.32534821996,-0.749960208822,1.56679705891,8.67334229035e-05,0.00755015115362,0.50578207561,0.37622927163,1.11149034733e-05,-0.00277872586833,0.505868809033,0.497548359299,0.472422714085,0.383779422783,0.51589303698,0.456557363819,0.0100242279477,0.0727779410357,4.02868405556,1.56679705891,1.56679705891,0.2961055607,1.18710816306,-0.20989229435,0.758604031898,-0.00937766882346,0.027250197204,0.00859095222846,4,0
840,1.68,1,-0.340377539396,0,-2.79972529411,0,0,-2.79972529411,0,-2.79972529411,0,-0.301270877441,-0.429154851682,-0.340377530167,-0.46802460051,0.193520667378,-0.574361712349,-7.28125046394,4.5124494282,-2.79972523876,-0.000159342786536,-0.013439377621,-0.340009823515,-0.384646427035,-7.65022524618e-06,0.00191255631154,-0.340169166302,-0.302140885042,-0.440741469461,-0.398085804656,-0.361715097666,-0.431673360858,-0.0215459313639,-0.033587556202,0.201997245495,-2.79972523876,-2.75344954468,-0.146856862789,-1.04238631286,0.193520667378,-0.574361712349,0.0391066527261,0.0388697488283,-0.0153514910594,4,0
840,1.68,2,0.510969460011,0,1.39211654663,0,0,1.39211654663,0,1.39211654663,0,0.501588597571,0.536443569688,0.510969447954,0.542790800528,-0.202398368162,0.760192098079,2.20431271475,-0.797675930989,1.3921165209,0.000150103356621,0.0127190225796,0.510619744053,0.462909737186,9.56278151332e-06,-0.00239069537834,0.510769847409,0.502676107082,0.550926841844,0.475628759765,0.519805241885,0.537202596534,0.0090353944755,0.0615738367689,2.87235480994,1.3921165209,1.3921165209,0.308571079792,1.30298289861,-0.202398368162,0.760192098079,-0.00938085038285,-0.00634723084057,0.014520262859,4,0
845,1.69,1,-0.345422118902,0,-1.79972529411,0,0,-1.79972529411,0,-1.79972529411,0,-0.305829449514,-0.479028211501,-0.345422121943,-0.523540541556,0.18778114813,-0.584659692604,-5.56485411927,4.63590658948,-1.79972523876,-0.000161378435712,-0.0132937327279,-0.345069001033,-0.447293477757,-4.67401216137e-06,0.00116850304034,-0.345230379469,-0.306794863565,-0.486212534447,-0.460587210485,-0.351996164345,-0.480951824619,-0.00676578487637,-0.0203646141339,1.33836551622,-1.79972523876,-0.913717255834,-0.157640973813,-1.10820023416,0.18778114813,-0.584659692604,0.0395926724291,0.0445123300554,-0.0152302739565,4,0
845,1.69,2,0.516894161701,0,0.772933959961,0,0,0.772933959961,0,0.772933959961,0,0.507286812712,0.598785269175,0.51689416491,0.616897691361,-0.194842946264,0.768352608271,1.72113899673,-0.933912654205,0.772933932199,0.000152084809353,0.0124673926116,0.516565274815,0.546767281508,5.84251517799e-06,-0.0014606287945,0.516717359624,0.508493580285,0.607765672821,0.55923467412,0.521485883101,0.599376897108,0.00476852347714,0.0401422229884,-0.0473446765164,0.772933932199,0.772933932199,0.322051218645,1.38525029963,-0.194842946264,0.768352608271,-0.00960735219776,-0.0181124221854,0.0142924103238,4,0
850,1.7,1,-0.350786238909,0,-0.799725234509,0,0,-0.799725234509,0,-0.799725234509,0,-0.310768017358,-0.504149105115,-0.350786232603,-0.539869251628,0.181909367263,-0.591418403074,-3.94126159546,4.7576096686,-0.79972523876,-0.00011602676351,-0.00941474207621,-0.350541652715,-0.488904405864,-2.28966372418e-06,0.000572415931047,-0.350657679479,-0.311779185163,-0.507301150509,-0.49831914794,-0.343465039463,-0.505511481036,0.00719264001548,-0.00719233309646,2.45574534214,-0.79972523876,0.827155136376,-0.16887686534,-1.1312876547,0.181909367263,-0.591418403074,0.0400182152453,0.0357201465128,-0.0108070632383,4,0
850,1.7,2,0.523158252239,0,0.262162178755,0,0,0.262162178755,0,0.262162178755,0,0.513460022564,0.630186386111,0.523158264214,0.623968308596,-0.187062181092,0.790141266467,1.24393676617,-0.973301634698,0.262162178466,9.23544632952e-05,0.00736469944937,0.522971958705,0.586979039102,2.86207965505e-06,-0.00071551991377,0.523064313168,0.51472398233,0.634126442856,0.594343738552,0.523737711131,0.630614623135,0.000673397962922,0.036270884583,-2.34715252576,0.262162178466,0.262162178466,0.336096083121,1.41410957506,-0.187062181092,0.790141266467,-0.00969824164942,0.00621807751528,0.00847295300891,4,0
855,1.71,1,-0.356179475784,0,-1.04496729374,0,0,-1.04496729374,0,-1.04496729374,0,-0.315930339657,-0.533562363816,-0.356179465712,-0.541784484787,0.175884276826,-0.619193877826,-6.49643055534,4.69121291087,-1.04496731845,-7.75015653157e-05,-0.00647468781695,-0.356002988752,-0.50172664232,-6.04397524701e-06,0.00151099381175,-0.356080490317,-0.317006306815,-0.542516560865,-0.508201330137,-0.369911837185,-0.53581159288,-0.0138313468679,-0.027610262743,2.30632336588,-1.04496731845,-1.79781293787,-0.180295188886,-1.16097836261,0.175884276826,-0.619193877826,0.0402491260554,0.00822212097121,-0.00740470660074,4,0
855,1.71,2,0.529368817806,0,1.22970628738,0,0,1.22970628738,0,1.22970628738,0,0.519912925484,0.666952959334,0.529368816299,0.62795529213,-0.178999828679,0.823267667462,2.07099605882,-0.837270198099,1.22970624717,4.19500041311e-05,0.00351621350524,0.52927170028,0.605273390247,7.55496900962e-06,-0.00188874225239,0.529313650284,0.521257884442,0.678145705574,0.608789603752,0.537107876849,0.667669415641,0.00779422656433,0.0588798118893,1.34724712381,1.22970624717,1.22970624717,0.350368987619,1.45122295959,-0.178999828679,0.823267667462,-0.00945589081449,0.0389976672041,0.00401961355481,4,0
860,1.72,1,-0.36178073287,0,-2.04496741295,0,0,-2.04496741295,0,-2.04496741295,0,-0.321503788873,-0.582562016147,-0.361780732132,-0.576451387775,0.169581371752,-0.64552788385,-7.21615445744,4.54034625219,-2.04496731845,-0.000105475592574,-0.00898414703307,-0.361531104567,-0.518460128654,-6.87187911697e-06,0.00171796977925,-0.36163658016,-0.322679246398,-0.592882672011,-0.527444275687,-0.381448922488,-0.585059730048,-0.0198123423275,-0.0576154543607,1.41727185469,-2.04496731845,-2.66555835111,-0.19219936038,-1.22197927162,0.169581371752,-0.64552788385,0.0402769432598,-0.00611062837175,-0.010249854144,4,0
860,1.72,2,0.536013245583,0,1.6206111908,0,0,1.6206111908,0,1.6206111908,0,0.526879737048,0.728202524309,0.536013228942,0.694568411684,-0.170764026896,0.832905683357,2.3458012019,-0.717447617773,1.62061124489,7.85479837567e-05,0.00679976342957,0.535820415141,0.648430858585,8.5898488269e-06,-0.00214746220671,0.535898963125,0.528349058963,0.741103344035,0.655230622015,0.546329793444,0.729012943326,0.0104308303195,0.0737823213106,2.60238027714,1.62061124489,1.62061124489,0.365249202046,1.52747409504,-0.170764026896,0.832905683357,-0.00913349189427,0.0336341126253,0.00774233923465,4,0
865,1.73,1,-0.367877244949,0,-2.15817546844,0,0,-2.15817546844,0,-2.15817546844,0,-0.327581503699,-0.631780746379,-0.367877250124,-0.632423321228,0.163147514229,-0.649477197352,-6.67738505525,4.50536218599,-2.15817541874,-0.000143985794211,-0.0121196209781,-0.367547219789,-0.558100717372,-5.72240192337e-06,0.00143060048084,-0.367691205584,-0.328853826379,-0.640453141609,-0.57022033835,-0.383014745472,-0.634090464786,-0.015323539888,-0.0638701264358,1.44161979637,-2.15817541874,-2.15817541874,-0.204729735896,-1.28190051858,0.163147514229,-0.649477197352,0.0402957464252,0.000642574849688,-0.0138474505087,4,0
865,1.73,2,0.543489575386,0,1.47634148598,0,0,1.47634148598,0,1.47634148598,0,0.53447688062,0.78972593658,0.543489595144,0.782229249619,-0.162577423652,0.82014640319,2.22974330298,-0.740954082073,1.47634149677,0.000128914567318,0.0109007493218,0.543191690872,0.714766608004,7.15300234044e-06,-0.0017882505851,0.543320605439,0.536067283977,0.800566430521,0.725667357326,0.552922320444,0.790494496573,0.00960171500451,0.0648271392462,1.60674219854,1.47634149677,1.47634149677,0.380912171491,1.60237565281,-0.162577423652,0.82014640319,-0.00901271452396,0.00749668696054,0.0124477241296,4,0
870,1.74,1,-0.374434679747,0,-1.15817546844,0,0,-1.15817546844,0,-1.15817546844,0,-0.334098922559,-0.669109831085,-0.37443468407,-0.666747242094,0.156667131467,-0.654560943453,-5.49399102764,4.53456625247,-1.15817541874,-0.000140592608551,-0.0115773554799,-0.374127287548,-0.600390743765,-3.595740806e-06,0.000898935201498,-0.374267880157,-0.33544276293,-0.674616990718,-0.611968099244,-0.379692488404,-0.671009562995,-0.00542460824694,-0.0590414637506,2.58053625393,-1.15817541874,-0.946160308386,-0.217767552602,-1.32130818555,0.156667131467,-0.654560943453,0.0403357615102,-0.00236258899044,-0.0132644667826,4,0
870,1.74,2,0.55166721344,0,1.06359231472,0,0,1.06359231472,0,1.06359231472,0,0.542623654229,0.836387292049,0.551667232401,0.83473047668,-0.154457789985,0.816904759102,1.90237489146,-0.827166345643,1.06359234145,0.00012378727811,0.0101307570327,0.551400600894,0.778072189512,4.49467597174e-06,-0.00112366899293,0.551524388172,0.544303454698,0.843271241534,0.788202946544,0.558352669304,0.837042667677,0.00682828113154,0.0488397211326,-0.444972746175,1.06359234145,1.06359234145,0.397209442416,1.65163523578,-0.154457789985,0.816904759102,-0.00904357817229,0.00165681536855,0.01161620437,4,0
875,1.75,1,-0.381135106087,0,-0.158175423741,0,0,-0.158175423741,0,-0.158175423741,0,-0.340908286051,-0.690082040109,-0.381135108611,-0.668086663879,0.150070620396,-0.665637635942,-4.59955472354,4.51500254334,-0.158175418745,-0.000102917806544,-0.0083794727475,-0.380916254011,-0.62204181762,-2.17768667937e-06,0.000544421669837,-0.381019171818,-0.342291418966,-0.69319972279,-0.630421290367,-0.379091497729,-0.691673007262,0.00192767408923,-0.0612517168946,3.69885528147,-0.158175418745,-0.0749376937648,-0.231064488215,-1.33372429982,0.150070620396,-0.665637635942,0.0402268225604,-0.0219953762299,-0.00961448642602,4,0
875,1.75,2,0.560075998306,0,0.816620111465,0,0,0.816620111465,0,0.816620111465,0,0.551135358624,0.862602553181,0.56007597885,0.83923469215,-0.146245366882,0.827920686183,1.64981289403,-0.82637795442,0.816620121629,7.41805034483e-05,0.00592465193796,0.559925657437,0.809205988518,2.72210834296e-06,-0.000680527085725,0.559999837941,0.552864274774,0.866499656528,0.815130640456,0.564803280227,0.863172049914,0.00480344228616,0.048041409458,-1.6965405178,0.816620121629,0.816620121629,0.413830611969,1.66715537833,-0.146245366882,0.827920686183,-0.00894062022652,0.0233678610313,0.00681481797934,4,0
880,1.76,1,-0.387785673141,0,-1.15817546844,0,0,-1.15817546844,0,-1.15817546844,0,-0.347908246164,-0.712449537721,-0.387785660108,-0.667732482555,0.143331857737,-0.680413927988,-5.88726957383,4.36902950153,-1.15817541874,-8.04752210295e-05,-0.00679646293716,-0.387599181602,-0.624945119284,-3.92968353657e-06,0.000982420884146,-0.387679656823,-0.349338959596,-0.718303978773,-0.631741582221,-0.396819226337,-0.714487495228,-0.00913956951401,-0.0827459130074,2.80869054548,-1.15817541874,-1.51047790672,-0.244453802371,-1.34814641054,0.143331857737,-0.680413927988,0.0398774139443,-0.0447170551667,-0.00776216558951,4,0
880,1.76,2,0.568486690521,0,1.36324191093,0,0,1.36324191093,0,1.36324191093,0,0.559885308795,0.890561924968,0.56848666833,0.849817084357,-0.137919413632,0.835365931963,2.07761411006,-0.709936461456,1.36324194865,4.52474026685e-05,0.0038927311241,0.568377548092,0.823756805346,4.91210435649e-06,-0.00122802608913,0.568422795495,0.561673700591,0.897879976188,0.82764953647,0.577131853628,0.891280531003,0.00870905813321,0.0636309945327,0.283076849074,1.36324194865,1.36324194865,0.430567254698,1.68518301632,-0.137919413632,0.835365931963,-0.00860135953493,0.0407448406108,0.00443569995613,4,0
885,1.77,1,-0.394622147083,0,-1.8167642355,0,0,-1.8167642355,0,-1.8167642355,0,-0.355182849417,-0.742688915277,-0.394622138364,-0.697284379687,0.136555587485,-0.677371794587,-6.06776425998,4.24040181525,-1.81676424538,-0.000109446486804,-0.0092848415031,-0.394366118485,-0.638459263523,-3.9320862103e-06,0.000983021552579,-0.394475564971,-0.356674182288,-0.748615500108,-0.647744105026,-0.405571752521,-0.744788452907,-0.0110961875498,-0.0970443478805,2.27476874569,-1.81676424538,-1.81676424538,-0.258066550879,-1.37465617427,0.136555587485,-0.677371794587,0.0394392889469,-0.0454045355902,-0.0105981993448,4,0
885,1.77,2,0.577276527882,0,1.5125439167,0,0,1.5125439167,0,1.5125439167,0,0.568978562887,0.928361146352,0.577276505831,0.901699147041,-0.129693315471,0.816621073016,2.16859850742,-0.647850019071,1.51254394902,8.3787226382e-05,0.00719909260841,0.577075117397,0.854403855898,4.91510767653e-06,-0.00122877691913,0.577158904623,0.57084272898,0.93576937726,0.861602948507,0.586950644424,0.929109983082,0.00979173980122,0.0675070345755,0.583027718073,1.51254394902,1.51254394902,0.44758319036,1.71832022006,-0.129693315471,0.816621073016,-0.00829794294414,0.026661999311,0.00820453932499,4,0
890,1.78,1,-0.401795983315,0,-1.44307899475,0,0,-1.44307899475,0,-1.44307899475,0,-0.362751320019,-0.76992724914,-0.401795997525,-0.729096918484,0.129867671285,-0.666836451533,-5.64843699789,4.19302183114,-1.4430790441,-0.000129387690125,-0.0107834703653,-0.401504917752,-0.664556494842,-3.01111921874e-06,0.000752779804681,-0.401634305442,-0.364295800665,-0.774498662515,-0.675339965207,-0.40963742782,-0.771880836965,-0.00800312237757,-0.0965408717582,2.78488895534,-1.4430790441,-1.4430790441,-0.27192832624,-1.39593337002,0.129867671285,-0.666836451533,0.0390446775062,-0.0408303306562,-0.0123361226468,4,0
890,1.78,2,0.586617588997,0,1.36887836456,0,0,1.36887836456,0,1.36887836456,0,0.578439151159,0.96240906304,0.586617573281,0.953133837127,-0.121707163703,0.791782876579,2.07042733171,-0.691082876385,1.36887832562,0.000109787912825,0.00914867475311,0.58637071009,0.898484639309,3.76389894552e-06,-0.000940974736369,0.586480498003,0.58036975197,0.968123329641,0.907633314062,0.595575743481,0.96312308772,0.00909524547776,0.0554897736577,-0.347107027519,1.36887832562,1.36887832562,0.464910409578,1.74491671371,-0.121707163703,0.791782876579,-0.00817842212237,0.00927522591331,0.010466129707,4,0
895,1.79,1,-0.409196585417,0,-0.999176800251,0,0,-0.999176800251,0,-0.999176800251,0,-0.370555441341,-0.789600070691,-0.409196593527,-0.745236156736,0.123252977238,-0.659841128901,-5.16727540201,4.15668425679,-0.999176823935,-0.000120553209171,-0.00996768277114,-0.408930274716,-0.687079961247,-2.03358319012e-06,0.000508395797536,-0.409050827925,-0.372137765321,-0.79268717732,-0.697047644018,-0.413446486726,-0.791387197582,-0.00439565880097,-0.0943395535637,3.36281299221,-0.999176823935,-0.999176823935,-0.285943616289,-1.40507728564,0.123252977238,-0.659841128901,0.0386411521867,-0.0443639139546,-0.0114143212812,4,0
895,1.79,2,0.596336066723,0,1.19388628006,0,0,1.19388628006,0,1.19388628006,0,0.588194302825,0.987000089474,0.596336058227,0.981192818451,-0.113906536079,0.775153788985,1.94613225759,-0.743000604293,1.19388622685,9.80490686576e-05,0.00806883762544,0.596121840332,0.934917294874,2.54197894312e-06,-0.000635494735787,0.596219889401,0.590172207801,0.990858972691,0.942986132499,0.604307052893,0.98767145406,0.00808716349202,0.0446853215607,-1.3672850747,1.19388622685,1.19388622685,0.482429522147,1.75634660744,-0.113906536079,0.775153788985,-0.00814175540202,0.0058072710229,0.00924542644933,4,0
900,1.8,1,-0.416689991951,0,-1.05553269386,0,0,-1.05553269386,0,-1.05553269386,0,-0.378524159537,-0.803754752837,-0.416690001533,-0.752018315739,0.116690002248,-0.653588402131,-5.15403627188,4.08845247012,-1.05553271875,-0.000105801841446,-0.00878146091008,-0.41645380449,-0.699813062885,-1.81194043397e-06,0.000452985108493,-0.416559606331,-0.380134409366,-0.806483869999,-0.708594523795,-0.421316410675,-0.805537763301,-0.00475680434351,-0.0969432395052,3.43412172635,-1.05553271875,-1.05553271875,-0.299999999285,-1.40560671787,0.116690002248,-0.653588402131,0.0381658419959,-0.051736437098,-0.0100510830074,4,0
900,1.8,2,0.606233716011,0,1.20521950722,0,0,1.20521950722,0,1.20521950722,0,0.598155200579,1.00469344196,0.60623369203,0.995275927257,-0.106233691136,0.761732470161,1.96238021536,-0.749655827712,1.20521951708,7.91735798422e-05,0.0065547876118,0.606057770111,0.956507985201,2.26492553068e-06,-0.000566231382669,0.606136943691,0.600168012868,1.0081048384,0.963062772813,0.614417595129,1.00537104173,0.00828065143751,0.0423082689154,-1.58457481135,1.20521951708,1.20521951708,0.500000000894,1.75700839742,-0.106233691136,0.761732470161,-0.00807849145055,0.0094175146991,0.00750487056991,4,0
905,1.81,1,-0.424261957407,0,-0.920869350433,0,0,-0.920869350433,0,-0.920869350433,0,-0.386626406131,-0.81604522903,-0.424261950097,-0.760187183401,0.110212285404,-0.643161311319,-4.93611957835,4.00531530907,-0.920869345965,-0.000104249887154,-0.00868392467202,-0.424027845042,-0.708287835024,-1.21999919128e-06,0.000304999797826,-0.424132094929,-0.388260409065,-0.817916466407,-0.716971759696,-0.427606798409,-0.817752745375,-0.00347470347975,-0.100780985679,3.69309712871,-0.920869345965,-0.920869345965,-0.314049664693,-1.40334849472,0.110212285404,-0.643161311319,0.0376355439662,-0.0558580456286,-0.00993492331786,4,0
905,1.81,2,0.616282224655,0,1.16607177258,0,0,1.16607177258,0,1.16607177258,0,0.60828300883,1.02005653691,0.616282200162,1.01057253635,-0.0987201175087,0.743613081698,1.91332426179,-0.73983456922,1.16607173533,7.78340008293e-05,0.00648394922949,0.616107510883,0.971883436233,1.52499891548e-06,-0.000381249728865,0.616185344884,0.610325512499,1.02239558353,0.978367385462,0.62413803528,1.02071716302,0.00795269039636,0.0423497775543,-1.98675109662,1.16607173533,1.16607173533,0.517562082653,1.75418561805,-0.0987201175087,0.743613081698,-0.00799919133173,0.00948400056183,0.00741795723944,4,0
910,1.82,1,-0.431875377893,0,-0.587558984756,0,0,-0.587558984756,0,-0.587558984756,0,-0.394826012837,-0.822766519667,-0.431875373967,-0.76075221938,0.103836894421,-0.632019933413,-4.51729530305,3.92031753021,-0.587559004535,-9.92465302296e-05,-0.00822780994751,-0.431654833835,-0.712328595083,-3.38528765853e-07,8.46321914598e-05,-0.431754080365,-0.396472137468,-0.823316212306,-0.720556405031,-0.432326545535,-0.824329041862,-0.00057246516981,-0.103772636832,4.14548299915,-0.587559004535,-0.587559004535,-0.328038479546,-1.39277215279,0.103836894421,-0.632019933413,0.0370493611302,-0.0620143002868,-0.00941876831026,4,0
910,1.82,2,0.626428306103,0,1.05996155739,0,0,1.05996155739,0,1.05996155739,0,0.618532517216,1.02845814958,0.626428316566,1.01548177678,-0.0913802153546,0.725483412909,1.79662447447,-0.729870393509,1.05996155469,7.18105503577e-05,0.00593079966759,0.626270191681,0.981073788236,4.23160862018e-07,-0.000105790215512,0.626342002231,0.620590173005,1.02914526524,0.987004587903,0.633421933769,1.02907854194,0.0070799315378,0.0420739540317,-2.63167100247,1.05996155469,1.05996155469,0.535048101211,1.74096518969,-0.0913802153546,0.725483412909,-0.00789579935012,0.0129763727946,0.00679252627188,4,0
915,1.83,1,-0.439440011978,0,-0.446989566088,0,0,-0.446989566088,0,-0.446989566088,0,-0.403060888782,-0.823386253039,-0.439440018148,-0.752938135874,0.0975652505493,-0.620384401283,-4.27320139052,3.81771049282,-0.446989554256,-8.95544838615e-05,-0.00742668963535,-0.439240665972,-0.709037701796,2.31030520215e-07,-5.77576300594e-05,-0.439330220456,-0.404707338497,-0.823051584494,-0.716464391431,-0.43853846283,-0.824864485291,0.000791757625344,-0.10840009386,4.39752940428,-0.446989554256,-0.446989554256,-0.341874767599,-1.37332253716,0.0975652505493,-0.620384401283,0.0363791293663,-0.070448117165,-0.00850134344168,4,0
915,1.83,2,0.636551856995,0,1.02301073074,0,0,1.02301073074,0,1.02301073074,0,0.628826112144,1.02923281559,0.636551836981,1.00943901243,-0.084208375722,0.707214156681,1.72858584456,-0.69991887516,1.02301068762,5.9791325336e-05,0.00493878587981,0.636419883951,0.980592289559,-2.88788234548e-07,7.21970586446e-05,0.636479675276,0.630884174285,1.02881447978,0.985531075439,0.643158975057,1.02983001821,0.00667929978117,0.0442989427753,-2.95905015702,1.02301068762,1.02301068762,0.552343461259,1.71665316912,-0.084208375722,0.707214156681,-0.00772572483774,0.0197938031585,0.00565628178384,4,0
920,1.84,1,-0.446928054094,0,-0.89059394598,0,0,-0.89059394598,0,-0.89059394598,0,-0.411286369638,-0.821954770873,-0.446928053107,-0.747538361994,0.0914324363565,-0.603769269266,-4.60073280798,3.701718891,-0.890593917262,-8.79135373331e-05,-0.00736503727035,-0.446727333817,-0.7022404466,-1.38852929266e-07,3.47132323186e-05,-0.446815247354,-0.412930387207,-0.822112924192,-0.709605483871,-0.449489318476,-0.823546560408,-0.00267407112146,-0.113941076537,4.06397387227,-0.890593917262,-0.890593917262,-0.355495616751,-1.35130763126,0.0914324363565,-0.603769269266,0.0356416834694,-0.0744164088791,-0.00841999971835,4,0
920,1.84,2,0.646619558334,0,1.17163026333,0,0,1.17163026333,0,1.17163026333,0,0.639107963203,1.02744346234,0.646619554908,1.00698517143,-0.0772500322363,0.682149364538,1.83644462988,-0.659189836893,1.17163029334,5.84300013352e-05,0.00492333963032,0.646484069248,0.975929224984,1.73566112704e-07,-4.33915281681e-05,0.646542499249,0.641162985162,1.02764115391,0.980852564615,0.654338355968,1.02807806204,0.0077958567185,0.0472254974233,-2.53008946851,1.17163029334,1.17163029334,0.569369522671,1.68913453597,-0.0772500322363,0.682149364538,-0.00751159170441,0.0204582909114,0.00562449964634,4,0
925,1.85,1,-0.454476833344,0,-1.88275361061,0,0,-1.88275361061,0,-1.88275361061,0,-0.419522021018,-0.827300018129,-0.454476821635,-0.763756914715,0.0855413112098,-0.576141642221,-5.53702628297,3.61011556233,-1.88275365288,-0.00010883122746,-0.00923181379381,-0.454221258445,-0.704697669081,-1.23162056603e-06,0.000307905141511,-0.454330089673,-0.421178833148,-0.829329780376,-0.713929482875,-0.465496275391,-0.829215612061,-0.0111661857182,-0.115286129186,3.19598215815,-1.88275365288,-1.91637293211,-0.368935510425,-1.33989855694,0.0855413112098,-0.576141642221,0.0349548006172,-0.0635431034137,-0.0105377885233,4,0
925,1.85,2,0.656813561916,0,1.47094368935,0,0,1.47094368935,0,1.47094368935,0,0.649402527414,1.03412502118,0.656813532941,1.03311315846,-0.0706441432094,0.641760034308,2.14005780639,-0.660676918772,1.47094363691,8.62720901197e-05,0.00740198562846,0.656605455328,0.983917619223,1.5395256916e-06,-0.00038488142289,0.656691727418,0.651473542574,1.03666222397,0.991319604852,0.667135246075,1.03486388446,0.0104435186575,0.0435442796033,-1.56049868288,1.47094363691,1.47094363691,0.586169389731,1.67487319277,-0.0706441432094,0.641760034308,-0.00741100552658,0.00101186272028,0.00843725070989,4,0
930,1.86,1,-0.462249457836,0,-0.882753670216,0,0,-0.882753670216,0,-0.882753670216,0,-0.427816007106,-0.827487557482,-0.46224945486,-0.78130072117,0.0799792069147,-0.539880329361,-3.72115370093,3.6261930344,-0.882753652876,-0.000128966879468,-0.0106579519197,-0.461964758759,-0.719402967666,1.81704944835e-06,-0.000454262362082,-0.462093725638,-0.42946850483,-0.8248860749,-0.730060919586,-0.458670341773,-0.82877315476,0.00342338386513,-0.0987122351736,4.3253619743,-0.882753652876,-0.0827551120526,-0.382270247945,-1.32118105053,0.0799792069147,-0.539880329361,0.034433447754,-0.0461868363123,-0.0122055544733,4,0
930,1.86,2,0.667313098907,0,0.809716880322,0,0,0.809716880322,0,0.809716880322,0,0.659770010008,1.03435944506,0.667313086583,1.05273775354,-0.0644752749866,0.598738555812,1.58266422766,-0.762327165792,0.809716909595,0.000112600272035,0.0092689490124,0.667066715609,0.999732588267,-2.27131188568e-06,0.000567827971427,0.667179315881,0.66183563216,1.03110759172,1.00900153728,0.672847673027,1.03490434769,0.0056683571463,0.0259028104078,-4.46542596022,0.809716909595,0.809716909595,0.602837811596,1.65147630936,-0.0644752749866,0.598738555812,-0.00754307657415,-0.0183783084835,0.0106201522768,4,0
935,1.87,1,-0.469987392426,0,0.117246344686,0,0,0.117246344686,0,0.117246344686,0,-0.43600684576,-0.808268488388,-0.469987383324,-0.764727465407,0.0747215768453,-0.509826423575,-2.70391136891,3.66520070905,0.117246347124,-9.8437116549e-05,-0.00802282415451,-0.469777432914,-0.720429223556,3.54906761968e-06,-0.000887266904917,-0.46987587003,-0.437618162219,-0.802996428861,-0.728452047711,-0.458423821561,-0.809202529046,0.0114520484697,-0.0807504813352,5.43710264609,0.117246347124,0.970493409693,-0.395265806479,-1.27455388898,0.0747215768453,-0.509826423575,0.0339805375644,-0.0435410229809,-0.00920406955309,4,0
935,1.87,2,0.677668690681,0,0.422517091036,0,0,0.422517091036,0,0.422517091036,0,0.670008558305,1.01033560806,0.677668685926,1.01842277034,-0.058586426205,0.574769586204,1.25540520866,-0.826066316542,0.422517089164,7.39367091957e-05,0.00593456244253,0.677516835637,0.987641171936,-4.43633461877e-06,0.0011090836547,0.677590772346,0.672022703874,1.00374553351,0.993575734379,0.68039538733,1.0107683926,0.00280461498386,0.0171926582201,-6.14075859151,0.422517089164,0.422517089164,0.619082259721,1.59319235654,-0.058586426205,0.574769586204,-0.00766012762098,-0.00808716228435,0.00682180295288,4,0
940,1.88,1,-0.477396219969,0,0.934778094292,0,0,0.934778094292,0,0.934778094292,0,-0.443952010712,-0.780313237395,-0.477396214011,-0.722114851993,0.0696739990642,-0.494166473865,-2.67648110336,3.6055780597,0.934778070632,-6.11104534629e-05,-0.00494778884726,-0.477267963098,-0.695431552341,3.67321255257e-06,-0.000918303138148,-0.477329073551,-0.445507055793,-0.774767631116,-0.700379341188,-0.466170104208,-0.781238991291,0.0111589693429,-0.0808596501021,6.33570283645,0.934778070632,0.934778070632,-0.407722214947,-1.21628132586,0.0696739990642,-0.494166473865,0.0334442032991,-0.0581983854019,-0.00568111428882,4,0
940,1.88,2,0.687487065792,0,0.454497456551,0,0,0.454497456551,0,0.454497456551,0,0.679940014467,0.975391543627,0.687487089607,0.955585662206,-0.0528343193529,0.564765989502,1.22764876948,-0.770746441149,0.454497442642,2.71247212186e-05,0.00207938903523,0.687437629296,0.946867693625,-4.59151577281e-06,0.0011478789432,0.687464754017,0.681883820812,0.968459535653,0.94894708266,0.690132684558,0.975816238214,0.00266793054063,0.0268691555535,-6.01347415245,0.454497442642,0.454497442642,0.634652770254,1.52035165171,-0.0528343193529,0.564765989502,-0.0075470751397,0.0198058814211,0.00240488568985,4,0
945,1.89,1,-0.484366416931,0,-0.025036174804,0,0,-0.025036174804,0,-0.025036174804,0,-0.451626670916,-0.756502088975,-0.48436641058,-0.68466294871,0.064751090996,-0.480599622112,-3.83993483607,3.44315148718,-0.0250361744563,-4.95426193841e-05,-0.00423127252297,-0.484248200246,-0.656795387112,1.88895108233e-06,-0.000472237770587,-0.484297742865,-0.453136564951,-0.753530304034,-0.661026659635,-0.483530524383,-0.757831416203,0.000767218482508,-0.0968047565678,5.44713533913,-0.0250361744563,-0.391957564938,-0.419615319584,-1.16526257082,0.064751090996,-0.480599622112,0.0327397396633,-0.0718391402652,-0.00482578395558,4,0
945,1.89,2,0.696731865406,0,0.936428964138,0,0,0.936428964138,0,0.936428964138,0,0.689533339689,0.94562760757,0.696731877657,0.910302412279,-0.0472127266671,0.546275794945,1.57401953711,-0.636169651676,0.936428940936,1.34600974491e-05,0.00125942332858,0.696692600875,0.899456803777,-2.36118890107e-06,0.000590297225273,0.696706060972,0.691420707225,0.94191287632,0.900716227105,0.702615615676,0.946172702403,0.00590955470373,0.0454564752976,-4.06122890449,0.936428940936,0.936428940936,0.64951915099,1.45657820722,-0.0472127266671,0.546275794945,-0.00719853796859,0.0353251952907,0.00142094449797,4,0
950,1.9,1,-0.491173833609,0,-1.02503621578,0,0,-1.02503621578,0,-1.02503621578,0,-0.459146137115,-0.751994579593,-0.491173823203,-0.683257920383,0.0600506897002,-0.459773869244,-5.6969652538,3.26912757023,-1.02503617446,-8.72850021852e-05,-0.00751986222106,-0.490961265166,-0.632642318157,-5.02681468728e-07,0.000125670367188,-0.491048550168,-0.460651573938,-0.753095422181,-0.640162180378,-0.506467298751,-0.753966294661,-0.0154187485826,-0.113804114282,4.53345754307,-1.02503617446,-2.41927040133,-0.431123133503,-1.14303178963,0.0600506897002,-0.459773869244,0.0320276860877,-0.06873665921,-0.00856728224728,4,0
950,1.9,2,0.705866038799,0,1.57702481747,0,0,1.57702481747,0,1.57702481747,0,0.6989326724,0.939993220605,0.705866025438,0.924676587915,-0.0419621071135,0.504113142563,2.15413773087,-0.57085040302,1.57702482028,6.24043364479e-05,0.00551365553366,0.70570505676,0.884614716962,6.28351817467e-07,-0.000157087954367,0.705767461096,0.70081446842,0.941369273816,0.890128372496,0.716800611866,0.940737718082,0.0110331507695,0.0506093455863,-1.62158285152,1.57702482028,1.57702482028,0.663903918325,1.42878973048,-0.0419621071135,0.504113142563,-0.00693335303851,0.0153166326894,0.00626250757103,4,0
955,1.91,1,-0.498085618019,0,-0.425036162138,0,0,-0.425036162138,0,-0.425036162138,0,-0.466638840637,-0.739355498071,-0.49808560794,-0.692072295769,0.0556479618219,-0.417614904137,-2.35741612793,3.26865599535,-0.425036174456,-0.000124371643903,-0.0103134541599,-0.497809144214,-0.631701037666,4.85827034929e-06,-0.00121456758732,-0.497933515858,-0.468110663531,-0.732267744424,-0.642014491825,-0.486151715901,-0.74016853454,0.0117817999573,-0.0981540427146,5.2360829128,-0.425036174456,0.923045781308,-0.442437646118,-1.10968719991,0.0556479618219,-0.417614904137,0.0314467673028,-0.0472832023019,-0.0118059138867,4,0
955,1.91,2,0.715275526047,0,0.577024817467,0,0,0.577024817467,0,0.577024817467,0,0.708298551762,0.924194368403,0.715275502888,0.941830051014,-0.0372284438612,0.445278941976,1.10990852075,-0.692022824101,0.577024820277,0.000109643082844,0.00907339338577,0.715032987987,0.889267636433,-6.07283800558e-06,0.00151820950138,0.71514263107,0.710138330371,0.915334676243,0.898341029819,0.717445333685,0.924575484316,0.00230270261489,0.0262344544975,-5.82087005302,0.577024820277,0.407496586274,0.678047059027,1.38710899299,-0.0372284438612,0.445278941976,-0.00697695112627,-0.0176356826112,0.0103891103799,4,0
960,1.92,1,-0.50485676527,0,0.57496380806,0,0,0.57496380806,0,0.57496380806,0,-0.473826053153,-0.694540328792,-0.504856743752,-0.662017791108,0.0516888912341,-0.36955561907,-0.807700598466,3.3872283693,0.574963825544,-9.22927891593e-05,-0.00745575578266,-0.504663860811,-0.622207836135,7.31382700858e-06,-0.00182845675215,-0.504756153601,-0.475204275281,-0.683625693625,-0.629663591918,-0.480473989341,-0.694817326133,0.0242821642597,-0.065153734215,6.32137852208,0.574963825544,2.58809104009,-0.453167852518,-1.03157341018,0.0516888912341,-0.36955561907,0.0310306905989,-0.0325225376841,-0.00856326925257,4,0
960,1.92,2,0.724394798279,0,-0.223050445318,0,0,-0.223050445318,0,-0.223050445318,0,0.717282567362,0.868175406231,0.72439480553,0.882478571822,-0.0329349885757,0.40698818329,0.592008314793,-0.808688562485,-0.223050452652,6.98622156761e-05,0.00553185837227,0.724255811606,0.85534670533,-9.14228384374e-06,0.00228557096093,0.724325673822,0.719005345012,0.854532112147,0.860878563702,0.722154426855,0.868378400376,-0.00217124696687,0.0074998366744,-9.03449436656,-0.223050452652,-0.223050452652,0.691459816955,1.28946675511,-0.0329349885757,0.40698818329,-0.00711223816805,-0.0143031655916,0.00637020496038,4,0
965,1.93,1,-0.511140525341,0,1.57496380806,0,0,1.57496380806,0,1.57496380806,0,-0.480494406866,-0.639133153599,-0.511140520147,-0.603274322831,0.0481154587965,-0.336907701224,-1.0182054061,3.415079789,1.57496382554,-4.67248873353e-05,-0.003736183567,-0.51104540492,-0.584067577248,6.94067684642e-06,-0.00173516921161,-0.511092129807,-0.481762095316,-0.628638717207,-0.587803760815,-0.488929001172,-0.639484595028,0.0221631286348,-0.0516808342136,7.36977944247,1.57496382554,2.40117126511,-0.46302506135,-0.940182024055,0.0481154587965,-0.336907701224,0.0306461132809,-0.0358588307684,-0.00429688221502,4,0
965,1.93,2,0.732638239861,0,-0.153670862317,0,0,-0.153670862317,0,-0.153670862317,0,0.725618009453,0.798916436639,0.732638265452,0.784256850401,-0.0288569375365,0.390970671315,0.611303898826,-0.76383538528,-0.153670857275,1.39697739322e-05,0.000971733532988,0.732619074897,0.782350934924,-8.67584612874e-06,0.00216896153218,0.732633044671,0.727202620004,0.785798391042,0.783322668457,0.73069390154,0.799127932143,-0.00193914313086,0.0158052636856,-8.59601032999,-0.153670857275,-0.153670857275,0.703781327915,1.17522752172,-0.0288569375365,0.390970671315,-0.00702025599894,0.0146595862384,0.00113937082017,4,0
970,1.94,1,-0.516768991947,0,1.19146609306,0,0,1.19146609306,0,1.19146609306,0,-0.486643439334,-0.594121026047,-0.516768962572,-0.538784803633,0.0447427210452,-0.326368687456,-2.95699003048,3.2705468219,1.19146605971,-2.56957200747e-05,-0.00218637895349,-0.516707149185,-0.523898277763,3.82345233929e-06,-0.000955863084829,-0.516732844905,-0.487825509145,-0.588167316399,-0.526084656716,-0.51122156317,-0.59514511454,0.00551128173446,-0.0690604578238,7.01131112098,1.19146605971,0.316051519016,-0.472026241527,-0.865153491089,0.0447427210452,-0.326368687456,0.0301255232385,-0.0553362224135,-0.00249472759438,4,0
970,1.94,2,0.739950478077,0,0.567510902882,0,0,0.567510902882,0,0.567510902882,0,0.733304299981,0.742651276742,0.739950488223,0.70291942199,-0.0249176851738,0.378522432992,1.17756511802,-0.61109950899,0.567510931733,-1.15999456426e-05,-0.000906123353831,0.739971310312,0.706047452648,-4.77931546594e-06,0.0011948288665,0.739959710366,0.734781887234,0.735209139618,0.705141329294,0.74310903155,0.743059807225,0.003149321184,0.0379184779305,-5.53150740185,0.567510931733,0.567510931733,0.715032803049,1.08144185498,-0.0249176851738,0.378522432992,-0.00664618824207,0.0397318547522,-0.00104532270154,4,0
975,1.95,1,-0.521961450577,0,0.191466063261,0,0,0.191466063261,0,0.191466063261,0,-0.492479325549,-0.579834489305,-0.521961431877,-0.511859099821,0.0414859211918,-0.322418006957,-5.60547063055,3.02201164404,0.191466059709,-6.18037836025e-05,-0.00541634833455,-0.521805123077,-0.473518038312,2.89637786088e-07,-7.24094465164e-05,-0.521866926861,-0.493639533087,-0.579886540428,-0.478934386646,-0.539059396012,-0.581775325574,-0.0171924691511,-0.102840938928,6.046219157,0.191466059709,-2.57730099277,-0.480475510685,-0.834277106778,0.0414859211918,-0.322418006957,0.0294821063273,-0.0679753894837,-0.00615799373778,4,0
975,1.95,2,0.746868550777,0,1.50930130482,0,0,1.50930130482,0,1.50930130482,0,0.740599157691,0.724793105599,0.746868577773,0.695179146701,-0.0212741883658,0.347667227706,1.99317695082,-0.480274307692,1.50930131857,3.42828892784e-05,0.00318992988132,0.74676986264,0.668738329153,-3.6204725129e-07,9.05118128123e-05,0.746804145529,0.742049417101,0.724858169477,0.671928259034,0.757150220094,0.725482733199,0.0103460745646,0.0535544741643,-1.7559928154,1.50930131857,1.50930131857,0.725594389407,1.04284637441,-0.0212741883658,0.347667227706,-0.00626942008114,0.0296139588971,0.00360132455266,4,0
980,1.96,1,-0.527055859566,0,0.39146605134,0,0,0.39146605134,0,0.39146605134,0,-0.498203200689,-0.555102359466,-0.527055882378,-0.505450704523,0.0383936273114,-0.284118729986,-0.986063903687,2.96991703722,0.391466059709,-0.000109249392304,-0.00913791469453,-0.526808977865,-0.450787214593,7.56024691584e-06,-0.00189006172896,-0.526918227257,-0.499302583723,-0.544021331498,-0.459925129288,-0.50631923532,-0.555440527575,0.0205989919365,-0.0955153982875,6.30167827246,0.391466059709,1.99430204094,-0.488662255067,-0.789569434508,0.0383936273114,-0.284118729986,0.028852681689,-0.0496516549432,-0.0104489074022,4,0
980,1.96,2,0.753954052925,0,0.509301304817,0,0,0.509301304817,0,0.509301304817,0,0.747754001555,0.693877943043,0.75395403969,0.709109167541,-0.0181262198971,0.277852616292,0.537805836216,-0.610590512429,0.509301318571,9.36758256806e-05,0.00785023037245,0.753741821949,0.662189905873,-9.45030869925e-06,0.00236257717482,0.753835497775,0.749128230334,0.680026658002,0.670040136245,0.752153293029,0.694061246854,-0.00168220474617,0.0240211106093,-5.87134517305,0.509301318571,-0.0817590164935,0.735827819793,0.986961783833,-0.0181262198971,0.277852616292,-0.00620003813508,-0.0152312244978,0.00897434028062,4,0
985,1.97,1,-0.531895458698,0,1.39146602154,0,0,1.39146602154,0,1.39146602154,0,-0.50344029095,-0.487933044371,-0.531895462183,-0.464426852376,0.0358187002137,-0.223188486215,0.968424970932,3.13289629141,1.39146605971,-8.72225074111e-05,-0.00705467721643,-0.53171305413,-0.42681796894,1.05271532412e-05,-0.00263178831031,-0.531800276637,-0.504400475963,-0.472197141463,-0.433872646157,-0.495316675131,-0.487594560379,0.0364836015063,-0.0537219142222,7.34342403373,1.39146605971,4.10942260965,-0.49607676197,-0.687615338592,0.0358187002137,-0.223188486215,0.0284551712333,-0.023506191995,-0.00810134730537,4,0
985,1.97,2,0.760748684406,0,-0.490698695183,0,0,-0.490698695183,0,-0.490698695183,0,0.754300364316,0.609916298732,0.760748705097,0.649757596818,-0.0156527517713,0.20976156663,-0.128778711654,-0.861335744537,-0.490698681429,6.67212956537e-05,0.00529872465539,0.760615479892,0.623720638069,-1.31589416137e-05,0.00328973540343,0.760682201187,0.755500595568,0.590246420003,0.629019362725,0.753178328196,0.609869547227,-0.00750387299089,-0.0191498154974,-9.82672164929,-0.490698681429,-0.996213836395,0.745095953326,0.859519163448,-0.0156527517713,0.20976156663,-0.00644834078131,-0.0398412980859,0.00609938020323,4,0
990,1.98,1,-0.536097884178,0,2.39146614075,0,0,2.39146614075,0,2.39146614075,0,-0.507924167689,-0.409336909359,-0.536097860219,-0.386501882383,0.0337279813319,-0.185549272721,0.522981451062,3.2238908861,2.39146605971,-3.39112850549e-05,-0.00256045601566,-0.536037080979,-0.37603084075,9.65617338111e-06,-0.00241404334528,-0.536070992264,-0.508728105569,-0.394726810319,-0.378591296765,-0.503548856694,-0.409154604734,0.0325221355703,-0.0305633079684,8.34687404118,2.39146605971,3.7498397286,-0.502369878887,-0.572051155104,0.0337279813319,-0.185549272721,0.0281736925303,-0.0228350269754,-0.00296739143632,4,0
990,1.98,2,0.76652109623,0,-0.939790487289,0,0,-0.939790487289,0,-0.939790487289,0,0.759905210169,0.511671129524,0.766521091234,0.521801589794,-0.0135587418617,0.193262343814,-0.0601257806544,-0.879793566953,-0.939790509291,2.00759729088e-06,-0.000152929484445,0.766535287559,0.528612732713,-1.20702167773e-05,0.00301755419432,0.766537295156,0.760910132506,0.493408505648,0.528459803228,0.759406102157,0.511650333357,-0.00713119299945,-0.0168094698714,-11.3239292017,-0.939790509291,-0.939790509291,0.752962349372,0.715063933608,-0.0135587418617,0.193262343814,-0.0066158810645,-0.0101304602705,-0.000128838316955,4,0
995,1.99,1,-0.539422988892,0,2.19146609306,0,0,2.19146609306,0,2.19146609306,0,-0.511680858396,-0.346764962875,-0.539423005086,-0.299112694436,0.0318249687133,-0.181244465334,-2.04328945445,3.08084799537,2.19146605971,-1.0003557484e-06,-0.00010172864822,-0.539418161004,-0.297113562179,5.436969155e-06,-0.00135924228876,-0.53941916136,-0.512365669929,-0.338328039476,-0.297215290827,-0.528677814139,-0.347473169364,0.010741347221,-0.0502578785372,8.11664217875,2.19146605971,1.03767227383,-0.507598036372,-0.48035715977,0.0318249687133,-0.181244465334,0.0277421466891,-0.047652268439,-0.000113732917201,4,0
995,1.99,2,0.770980894566,0,-0.06645219028,0,0,-0.06645219028,0,-0.06645219028,0,0.764601073481,0.433456196093,0.770980919097,0.403638475309,-0.0114833729727,0.196807963816,0.68273442149,-0.690180138111,-0.0664521872594,-3.75319456243e-05,-0.00310137984942,0.771061892277,0.420434719146,-6.79621147404e-06,0.0016990528685,0.771024360332,0.765457087882,0.422910041797,0.417333339296,0.770310213319,0.43369407692,-0.000714147012841,0.0163607376233,-7.46790807344,-0.0664521872594,-0.00389395342433,0.759497546124,0.600446439126,-0.0114833729727,0.196807963816,-0.00637984561618,0.0298177207838,-0.00355176319691,4,0
1000,2,1,-0.542083799839,0,1.19146609306,0,0,1.19146609306,0,1.19146609306,0,-0.514992361062,-0.323930800317,-0.542083803584,-0.249799365553,0.0299221161497,-0.194058202415,-5.26094652583,2.76505386886,1.19146605971,-3.47991692625e-05,-0.00316299171335,-0.541988449741,-0.225037274021,1.05081780788e-06,-0.000262704451982,-0.54202324891,-0.51563981604,-0.322939375677,-0.228200265734,-0.558727814323,-0.32575311087,-0.0167045654129,-0.0975528451355,7.0916630896,1.19146605971,-2.49231207523,-0.512161687434,-0.443857567968,0.0299221161497,-0.194058202415,0.0270914425215,-0.0741314347645,-0.0035805817445,4,0
1000,2,2,0.774716198444,0,0.933547794819,0,0,0.933547794819,0,0.933547794819,0,0.768740451737,0.404913492726,0.774716217884,0.364445616102,-0.00951410803878,0.190376333171,1.66516397204,-0.457257624017,0.933547812741,4.96147268824e-06,0.000739107694155,0.774683954898,0.352862758635,-1.31352227661e-06,0.000328380569153,0.77468891637,0.769549770444,0.403674211902,0.353601866329,0.782586125165,0.405490395785,0.00789720879477,0.0518885294558,-3.2803524848,0.933547812741,1.20710770265,0.765202109845,0.554821949273,-0.00951410803878,0.190376333171,-0.00597576614676,0.040467876624,0.000798645366414,4,0
1005,2.01,1,-0.544438958168,0,1.39146602154,0,0,1.39146602154,0,1.39146602154,0,-0.518116610598,-0.289284387684,-0.544438963915,-0.223920017855,0.0280196759119,-0.168243093753,0.241412781322,2.64034565966,1.39146605971,-8.47224313234e-05,-0.00711120851192,-0.544246220217,-0.181098341911,9.59851641391e-06,-0.00239962910347,-0.544330942648,-0.518681373229,-0.275182428133,-0.188209550423,-0.516040709102,-0.289197891788,0.0282902335458,-0.100988341366,7.28506128037,1.39146605971,2.88988631867,-0.516419288003,-0.392163111608,0.0280196759119,-0.168243093753,0.0263223533166,-0.0653643698292,-0.0081278776878,4,0
1005,2.01,2,0.778353154659,0,0.00158883910626,0,0,0.00158883910626,0,0.00158883910626,0,0.77264576358,0.361605476752,0.778353126163,0.355695905781,-0.00782901571384,0.134507972926,-0.0764898817898,-0.503785706533,0.00158883908945,6.66189070412e-05,0.00561462739805,0.778200643613,0.321832016095,-1.19981455505e-05,0.00299953638762,0.77826726252,0.773351716852,0.343978027264,0.327446643493,0.771956094787,0.361576740553,-0.00631116773251,0.0341300970591,-6.96466602921,0.00158883908945,-0.586689642605,0.770524110449,0.490203878707,-0.00782901571384,0.134507972926,-0.00570736258308,0.0059095709712,0.00641405428255,4,0
1010,2.02,1,-0.546353518963,0,2.39146614075,0,0,2.39146614075,0,2.39146614075,0,-0.520615599589,-0.205700427219,-0.546353515286,-0.164740790884,0.0265612034741,-0.111607895882,2.42202559546,2.76746154151,2.39146605971,-6.53063779118e-05,-0.0052359142472,-0.546219925285,-0.137885651507,1.27979689868e-05,-0.00319949224671,-0.546285231663,-0.52100789863,-0.186551043486,-0.143121565754,-0.500416956792,-0.204858817103,0.0458682748708,-0.0617372513484,8.26407930996,2.39146605971,5.19550672775,-0.519792311812,-0.276348686766,0.0265612034741,-0.111607895882,0.0257379156971,-0.0409596363349,-0.00601959078214,4,0
1010,2.02,2,0.78149408102,0,-0.998411178589,0,0,-0.998411178589,0,-0.998411178589,0,0.775769499738,0.257125525915,0.781494079151,0.276679198561,-0.00675368904915,0.0687566488814,-0.831223887504,-0.72538753364,-0.998411160911,4.27103984277e-05,0.00330721655809,0.781414272135,0.262396229008,-1.59974612666e-05,0.00399936531664,0.781456982533,0.776259873523,0.233188796199,0.265703445566,0.768822862965,0.256836082717,-0.0126341195686,-0.00886736284908,-10.7717846292,-0.998411160911,-1.56043116248,0.774740390101,0.345435847443,-0.00675368904915,0.0687566488814,-0.00572457941211,-0.0195536726458,0.00381974133922,4,0
1015,2.03,1,-0.54745465517,0,3.39146614075,0,0,3.39146614075,0,3.39146614075,0,-0.522194326108,-0.111016502163,-0.547454667584,-0.0694829337344,0.0255493448997,-0.0784409996417,1.7708256186,2.82668644251,3.39146605971,-1.32788028659e-05,-0.000844310808864,-0.547440195509,-0.0692899229586,1.14838092112e-05,-0.0028709523028,-0.547453474312,-0.522398817235,-0.0936327066152,-0.0701342337674,-0.507454671827,-0.110402349902,0.0399988024851,-0.0402681161342,9.20368956753,3.39146605971,4.59851571754,-0.521905322684,-0.147923933376,0.0255493448997,-0.0784409996417,0.0252603414761,-0.0415335684289,-0.00100365644325,4,0
1015,2.03,2,0.783426463604,0,-1.44032335281,0,0,-1.44032335281,0,-1.44032335281,0,0.777742907804,0.138770619369,0.78342644543,0.130582354863,-0.00604479184971,0.0543225506714,-0.716182214029,-0.726409242742,-1.44032340358,-2.04665089645e-05,-0.00202245508656,0.783491121568,0.148608988885,-1.43547615382e-05,0.00358869038456,0.783470655059,0.777998521696,0.117040874897,0.146586533799,0.771803933849,0.138523162121,-0.0116667212099,-0.00806337167759,-12.0977235501,-1.44032340358,-1.44032340358,0.77738165358,0.184904905535,-0.00604479184971,0.0543225506714,-0.00568353762548,0.00818826450569,-0.00226805319413,4,0
1020,2.04,1,-0.54752266407,0,3.01220011711,0,0,3.01220011711,0,3.01220011711,0,-0.522904588539,-0.0367090560212,-0.547522640819,0.0313418413899,0.0246739518223,-0.0798819641978,-1.19799368583,2.63975099768,3.0122000104,1.67578630893e-05,0.00134035274269,-0.547555908871,0.0252298909407,6.527426341e-06,-0.00163185658525,-0.547539151007,-0.522967576883,-0.0265986020809,0.0265702436834,-0.532883390338,-0.0371248394295,0.0146557606693,-0.0636950831128,8.73139480884,3.0122000104,1.44021586475,-0.522848688997,-0.048540122808,0.0246739518223,-0.0798819641978,0.0246180522801,-0.068050897411,0.00154144709976,4,0
1020,2.04,2,0.783892095089,0,-0.50603812933,0,0,-0.50603812933,0,-0.50603812933,0,0.778630735759,0.0458863115377,0.783892103578,6.49515775087e-05,-0.00533124221966,0.0606101906739,0.138267400146,-0.514763645903,-0.506038099573,-5.68346255389e-05,-0.00466612607401,0.784014446274,0.0256601454498,-8.15928294118e-06,0.0020398207353,0.783957611649,0.778709471172,0.0332482440897,0.0209940193758,0.77982545777,0.0459360916215,-0.00413215387838,0.0249420722457,-7.86931435528,-0.506038099573,-0.371148104177,0.778560861359,0.0606751422514,-0.00533124221966,0.0606101906739,-0.00526136781906,0.0458213599602,-0.00534814158048,4,0
1025,2.05,1,-0.546811819077,0,2.01220011711,0,0,2.01220011711,0,2.01220011711,0,-0.52308,-0.00761925290133,-0.546811814359,0.0917995877482,0.0237318143595,-0.101789745615,-4.68769427231,2.26603845138,2.0122000104,-2.0782320434e-05,-0.00200018412178,-0.546747636762,0.109695298927,1.68841163861e-06,-0.000422102909656,-0.546768419083,-0.523093963193,-0.00571528790107,0.107695114806,-0.56205770288,-0.00924332385465,-0.0152892837972,-0.11693843866,7.6443357987,2.0122000104,-2.41940624896,-0.52308,-0.00999015786696,0.0237318143595,-0.101789745615,0.0237318143595,-0.0994188406495,-0.00224957196699,4,0
1025,2.05,2,0.783533751965,0,0.493961900473,0,0,0.493961900473,0,0.493961900473,0,0.77885,0.0095240575368,0.783533733786,-0.0487527027842,-0.00468373378636,0.0612403888551,1.19676273846,-0.247903773913,0.493961900427,-1.06870875855e-05,-0.00056338651705,0.783536549897,-0.0525525085828,-2.11051456112e-06,0.000527628640284,0.783525862809,0.778867453974,0.00714410126727,-0.0531158950999,0.78881149216,0.00993911971012,0.00528562935053,0.06305501481,-3.5678101557,0.493961900427,0.949550596113,0.77885,0.0124876860709,-0.00468373378636,0.0612403888551,-0.00468373378636,0.058276760321,-0.000691631568076,4,0
1030,2.06,1,-0.545707464218,0,1.81987071037,0,0,1.81987071037,0,1.81987071037,0,-0.523012269403,0.0335025010545,-0.545707452179,0.122712656251,0.0227157590319,-0.0790817872328,1.18261980136,2.09715454937,1.81987067943,-7.5523603689e-05,-0.00642474657381,-0.545531209544,0.162763467623,1.07064663212e-05,-0.00267661658029,-0.545606733147,-0.522929812392,0.0492583551431,0.15633872105,-0.513113198364,0.0339149623478,0.0324935347838,-0.122423758702,7.38738666868,1.81987067943,3.28710538055,-0.522991693147,0.0436308690182,0.0227157590319,-0.0790817872328,0.0226951827764,-0.0892101551964,-0.00733102981807,4,0
1030,2.06,2,0.783028364182,0,-0.283576726913,0,0,-0.283576726913,0,-0.283576726913,0,0.778765336667,-0.0418781349911,0.783028338167,-0.0565945861797,-0.00428872184522,0.00205598866235,-0.668179072762,-0.299086295674,-0.283576719922,5.5937559703e-05,0.00482236640584,0.782894819375,-0.0873333286744,-1.33830829085e-05,0.00334577072715,0.782950756934,0.778662265386,-0.061572952613,-0.0825109622686,0.773161127115,-0.0421116437225,-0.00978962981907,0.0403993185462,-6.54846603226,-0.283576719922,-0.972758985558,0.778739616322,-0.0545385975174,-0.00428872184522,0.00205598866235,-0.00426300149971,0.0147164511886,0.00549361712228,4,0
1035,2.07,1,-0.544161438942,0,2.81987071037,0,0,2.81987071037,0,2.81987071037,0,-0.522241661811,0.125388690544,-0.544161414101,0.18096834148,0.0221683553096,-0.018999441525,3.3771294764,2.23345609593,2.81987067943,-6.5615882992e-05,-0.00527642642117,-0.544026118369,0.20837563636,1.38200460634e-05,-0.00345501151585,-0.544091734252,-0.521970224091,0.146083894344,0.203099209938,-0.494097246199,0.126561374528,0.0499944880533,-0.0765378354107,8.31336636044,2.81987067943,5.61664938935,-0.521993058792,0.161968899955,0.0221683553096,-0.018999441525,0.0219197522903,-0.055579650936,-0.00606381701707,4,0
1035,2.07,2,0.782085895538,0,-1.28357672691,0,0,-1.28357672691,0,-1.28357672691,0,0.777802077091,-0.156735871883,0.782085881247,-0.129116220635,-0.00459455798224,-0.0733449154687,-1.43782844575,-0.589337887918,-1.28357671992,4.33157654981e-05,0.00337318175178,0.782003638442,-0.144118526855,-1.72750575781e-05,0.00431876439453,0.782046954207,0.777462779924,-0.182604876633,-0.140745345103,0.76580855404,-0.15723560201,-0.0162384001672,-0.0164902569074,-10.2973497194,-1.28357671992,-2.0310593046,0.777491323265,-0.202461136103,-0.00459455798224,-0.0733449154687,-0.00428380415678,-0.0276196512486,0.00389297093776,4,0
1040,2.08,1,-0.541807949543,0,3.81987071037,0,0,3.81987071037,0,3.81987071037,0,-0.52047348446,0.226867684468,-0.541807937997,0.276388645904,0.0220888106056,0.014294467693,2.57473007155,2.31578789084,3.81987067943,-1.51882132639e-05,-0.00100184492697,-0.541790850331,0.276693249253,1.21702021404e-05,-0.00304255053509,-0.541806038544,-0.520001141796,0.245298983544,0.275691404326,-0.49904473569,0.227760549,0.0427613028542,-0.0479308553257,9.20220640058,3.81987067943,4.89170206587,-0.519719127392,0.290683113597,0.0220888106056,0.014294467693,0.0213344535373,-0.0495209614357,-0.00118410348613,4,0
1040,2.08,2,0.779989719391,0,-1.95392894745,0,0,-1.95392894745,0,-1.95392894745,0,0.775591855315,-0.283584614262,0.779989700514,-0.272287207983,-0.00534079160984,-0.0910666950174,-1.28498903118,-0.671028863455,-1.9539289773,-1.85320981538e-05,-0.00186653215319,0.780052269216,-0.2541174727,-1.52127526689e-05,0.00380318816724,0.780033737118,0.775001426967,-0.306623738097,-0.255984004853,0.764919549342,-0.284029293678,-0.0151141877765,-0.0280452888244,-12.4809548744,-1.9539289773,-1.9539289773,0.774648908904,-0.363353903,-0.00534079160984,-0.0910666950174,-0.00439784519926,-0.0112974062793,-0.00208891733104,4,0
1045,2.09,1,-0.538407504559,0,3.24830555916,0,0,3.24830555916,0,3.24830555916,0,-0.517781629246,0.305451086986,-0.538407526906,0.377906008689,0.0221221676416,0.0101223508844,-0.513967268869,2.14532756178,3.24830563116,1.99108592272e-05,0.00159206679336,-0.538447721327,0.370301857163,6.94340314988e-06,-0.00173585078748,-0.538427810468,-0.517159658996,0.316192677722,0.371893923956,-0.522072498703,0.305272300759,0.016355311765,-0.0666216231976,8.4876957274,3.24830563116,1.62952929581,-0.516285359264,0.388028359574,0.0221221676416,0.0101223508844,0.0206258976598,-0.0724549217035,0.00183099710409,4,0
1045,2.09,2,0.77638399601,0,-1.01588737965,0,0,-1.01588737965,0,-1.01588737965,0,0.772227036211,-0.381813867364,0.77638401894,-0.409207151121,-0.00602732030411,-0.0758283091738,-0.400170586912,-0.484845155193,-1.01588733837,-6.16071851186e-05,-0.00505176765205,0.776517019499,-0.381274095144,-8.67925393444e-06,0.0021698134836,0.776455412314,0.77144957338,-0.395240855779,-0.386325862796,0.768946235936,-0.381950567375,-0.0075091763778,0.00437529542085,-8.1467442121,-1.01588733837,-0.879224688232,0.770356698636,-0.485035460295,-0.00602732030411,-0.0758283091738,-0.00415698272883,0.0273932837576,-0.00579105387347,4,0
1050,2.1,1,-0.534238159657,0,2.24830555916,0,0,2.24830555916,0,2.24830555916,0,-0.514520043295,0.337672135349,-0.534238182036,0.437159530694,0.02207649416,-0.012304372203,-3.93124996536,1.79152511438,2.24830563116,-1.75976897235e-05,-0.00173218924058,-0.534181331783,0.453392569992,2.12337312777e-06,-0.000530843281934,-0.534198929473,-0.513842734396,0.340246979379,0.451660380751,-0.547207515909,0.336310157324,-0.0130085864361,-0.115350223427,7.35055941148,2.24830563116,-2.13778148947,-0.512161687876,0.424855158491,0.02207649416,-0.012304372203,0.0197181387412,-0.099487395345,-0.00194336151726,4,0
1050,2.1,2,0.771903276443,0,-0.0158873386681,0,0,-0.0158873386681,0,-0.0158873386681,0,0.768150053685,-0.422090177836,0.771903250853,-0.462940014401,-0.00670114156022,-0.0681289444492,0.629908725798,-0.236079118504,-0.0158873383745,-1.60270883667e-05,-0.001014089368,0.771918438889,-0.463916859529,-2.65421641676e-06,0.000663554104197,0.771902411801,0.767303417544,-0.425308732885,-0.464930948897,0.773400231628,-0.421871420421,0.00149781982788,0.0430595284753,-3.75434946542,-0.0158873383745,0.395036021722,0.765202109293,-0.53106895885,-0.00670114156022,-0.0681289444492,-0.00375319716744,0.0408498365654,-0.0012064144284,4,0
1055,2.11,1,-0.529685676098,0,2.04830574989,0,0,2.04830574989,0,2.04830574989,0,-0.510986157687,0.380913150261,-0.529685649661,0.467220402883,0.0219495319684,0.00793355330775,1.7241222634,1.64334535855,2.04830563116,-7.10053500469e-05,-0.00604023752114,-0.529520076604,0.504802498496,1.07092697244e-05,-0.00267731743109,-0.529591081954,-0.510208829542,0.396696024846,0.498762260975,-0.496586036521,0.38151315531,0.0330050454333,-0.117249105665,7.03613079746,2.04830563116,3.37435992367,-0.507736117692,0.47515395619,0.0219495319684,0.00793355330775,0.0186994919739,-0.0863072526214,-0.00689230172171,4,0
1055,2.11,2,0.767218768597,0,-0.831759274006,0,0,-0.831759274006,0,-0.831759274006,0,0.763732696589,-0.476141446446,0.767218778328,-0.477247074931,-0.0075486318718,-0.116695380894,-1.17313216098,-0.292115749076,-0.831759255701,4.8498456829e-05,0.00419082511325,0.767102743275,-0.503954205188,-1.33865871342e-05,0.00334664678357,0.767151241732,0.76276103639,-0.495870039646,-0.499763380075,0.753933833774,-0.476549732396,-0.0132174079587,0.0232136476788,-6.79249221174,-0.831759255701,-1.47002071665,0.759670146456,-0.593942455824,-0.0075486318718,-0.116695380894,-0.00348608173906,0.00110562848516,0.0047728065952,4,0
1060,2.12,1,-0.524698793888,0,3.04830574989,0,0,3.04830574989,0,3.04830574989,0,-0.506744659331,0.471619385994,-0.524698793347,0.524798584736,0.0222352148866,0.0596332575088,3.70864732549,1.78449054929,3.04830563116,-5.94337591444e-05,-0.00475355658565,-0.524577912793,0.548899326011,1.34116919489e-05,-0.00335292298721,-0.524637346552,-0.505781338782,0.491719043911,0.544145769425,-0.475847349767,0.472906773892,0.0487899967845,-0.0712389955325,7.91206254287,3.04830563116,5.49860463648,-0.50246357846,0.584431842244,0.0222352148866,0.0596332575088,0.0179541340153,-0.0531791987417,-0.00546676169538,4,0
1060,2.12,2,0.762028217316,0,-1.8317592144,0,0,-1.8317592144,0,-1.8317592144,0,0.758430823559,-0.589524240901,0.762028236025,-0.556737718352,-0.00894876371331,-0.173802094666,-1.87934070263,-0.557042452409,-1.8317592557,3.32854063568e-05,0.0025245696035,0.761969402335,-0.566365060387,-1.6764614899e-05,0.00419115372474,0.762002687741,0.757226672855,-0.614648813242,-0.563840490783,0.74277246906,-0.590176672338,-0.0192302186812,-0.0263361815548,-10.4426225897,-1.8317592557,-2.43930714952,0.753079472312,-0.730539813018,-0.00894876371331,-0.173802094666,-0.00359741246567,-0.0327865225485,0.00292399447978,4,0
1065,2.13,1,-0.518911063671,0,4.04830551147,0,0,4.04830551147,0,4.04830551147,0,-0.501531521107,0.569341641364,-0.518911057651,0.619106305383,0.0228857646137,0.0817297667194,2.8309835701,1.85520434061,4.04830563116,-7.21574704318e-06,-0.000328939884755,-0.518911018071,0.615910818183,1.15778950709e-05,-0.00289447376773,-0.518918233818,-0.500375117475,0.586885237551,0.615581878299,-0.477977421151,0.570323062195,0.0409408126673,-0.0452588161035,8.75049724713,4.04830563116,4.68660343956,-0.496025293037,0.700836072103,0.0228857646137,0.0817297667194,0.0173795365432,-0.0497646640197,-0.000415528849274,4,0
1065,2.13,2,0.7556168437,0,-2.29161453247,0,0,-2.29161453247,0,-2.29161453247,0,0.751914400697,-0.711677059822,0.755616845455,-0.704798699717,-0.0105852300221,-0.171246400157,-1.70254783573,-0.592422414086,-2.29161441328,-3.16591009051e-05,-0.00297592731936,0.755708211627,-0.680508293593,-1.44723688006e-05,0.00361809220013,0.755676552526,0.75046889614,-0.733606554998,-0.683484220912,0.737779007983,-0.712266034519,-0.0178975445438,-0.0287818136066,-11.6902345328,-2.29161441328,-2.29161441328,0.745031615433,-0.876045099874,-0.0105852300221,-0.171246400157,-0.00370244475828,-0.00687836010535,-0.00335583653022,4,0
1070,2.14,1,-0.512110292912,0,3.42410063744,0,0,3.42410063744,0,3.42410063744,0,-0.49543631569,0.643870682516,-0.512110305034,0.715959377264,0.0235597934153,0.0706545453039,-0.0644300193813,1.67908017835,3.42410074868,2.34075132454e-05,0.00187037011717,-0.512157550889,0.706932141182,6.60421994991e-06,-0.00165105498747,-0.512134143376,-0.494138067115,0.654077452438,0.708802511299,-0.495990198086,0.643847604083,0.0161439452898,-0.0649549072165,7.93513609444,3.42410074868,1.61249889869,-0.488550511618,0.786613922568,0.0235597934153,0.0706545453039,0.0166739893435,-0.0720886947484,0.00215126027611,4,0
1070,2.14,2,0.74771797657,0,-1.35788249969,0,0,-1.35788249969,0,-1.35788249969,0,0.744295393845,-0.804838361012,0.747717955362,-0.836333239794,-0.0120298167978,-0.146934172754,-0.877026725418,-0.394397154392,-1.35788253473,-7.04220621533e-05,-0.0057742324762,0.747870043457,-0.804286158842,-8.25527491599e-06,0.00206381872901,0.747799621395,0.742672583111,-0.817596823382,-0.810060391318,0.737054569486,-0.805140062027,-0.0107450519087,0.00492032929174,-7.3112378393,-1.35788253473,-1.26480458259,0.735688138565,-0.983267412547,-0.0120298167978,-0.146934172754,-0.00342256151693,0.0314948787818,-0.00661929722204,4,0
1075,2.15,1,-0.50459086895,0,2.42410063744,0,0,2.42410063744,0,2.42410063744,0,-0.48879798276,0.675602593701,-0.504590888741,0.770115711408,0.0241153772156,0.0479969803889,-3.05218500995,1.3496300333,2.42410074868,-1.56171209424e-05,-0.00156836095794,-0.504538407117,0.785389943455,2.2999633239e-06,-0.000574990830976,-0.504554024238,-0.487444383653,0.678524525912,0.783821582497,-0.514174170575,0.674545252542,-0.00962014633715,-0.109276329956,6.75178850745,2.42410074868,-1.70079921024,-0.480475511525,0.818112691796,0.0241153772156,0.0479969803889,0.0157929059809,-0.0945131177068,-0.00175576640925,4,0
1075,2.15,2,0.738999128342,0,-0.357882529497,0,0,-0.357882529497,0,-0.357882529497,0,0.735997477605,-0.844503249922,0.738999127428,-0.884507885482,-0.0134047390718,-0.138132988422,0.0169162843396,-0.167029493211,-0.357882534729,-2.36116359748e-05,-0.00164598989537,0.739031357206,-0.881697792563,-2.87495415585e-06,0.000718738538954,0.739007745571,0.734305478706,-0.848155665192,-0.883343782458,0.736154252209,-0.844496717647,-0.00285349336167,0.0388470648114,-2.86370141967,-0.357882534729,-0.148183879344,0.725594388356,-1.0226408739,-0.0134047390718,-0.138132988422,-0.00300164982315,0.0400046355598,-0.00192932952707,4,0
1080,2.16,1,-0.496728986502,0,2.22410082817,0,0,2.22410082817,0,2.22410082817,0,-0.481889376375,0.716156048477,-0.496728986489,0.797201201236,0.0245831028342,0.0629644623028,1.79748329894,1.22053223358,2.22410074868,-6.60625528092e-05,-0.0056035647092,-0.496575973758,0.831717004934,9.54858780378e-06,-0.00238714695095,-0.496642036311,-0.480443197789,0.730250733669,0.826113440224,-0.466883098821,0.716781310041,0.0297589374899,-0.109332130183,6.39166028636,2.22410074868,3.02441184787,-0.472145883654,0.860165663538,0.0245831028342,0.0629644623028,0.0148396101137,-0.0810451527589,-0.00639631534291,4,0
1080,2.16,2,0.730095565319,0,-1.32545793056,0,0,-1.32545793056,0,-1.32545793056,0,0.727361719546,-0.895195068247,0.730095553685,-0.900668917641,-0.0149132002578,-0.174538170673,-1.53592562283,-0.209293703522,-1.32545797419,3.71242209619e-05,0.00321186897079,0.730006950449,-0.920924719488,-1.1935734706e-05,0.0029839336765,0.73004407467,0.725553996298,-0.912813424666,-0.917712850517,0.714554096815,-0.895728719194,-0.0154899778549,0.0219841313234,-6.43390087448,-1.32545797419,-1.74887668598,0.715182353427,-1.07520708831,-0.0149132002578,-0.174538170673,-0.00273383413894,0.0054738493947,0.00365735962233,4,0
1085,2.17,1,-0.488454759121,0,3.22410082817,0,0,3.22410082817,0,3.22410082817,0,-0.474345618654,0.795830864563,-0.488454754814,0.852779133671,0.0253392023917,0.0969073901674,3.36030044384,1.32604299694,3.22410074868,-5.05520245778e-05,-0.00399952404085,-0.488354771238,0.87205469984,1.15427360796e-05,-0.0028856840199,-0.488405323263,-0.472736639433,0.813146662408,0.868055175799,-0.446353328112,0.796997210002,0.0420519951508,-0.0710579657964,7.22058986457,3.22410074868,4.69094958912,-0.463115552422,0.949686523839,0.0253392023917,0.0969073901674,0.0141091361601,-0.0569482691083,-0.00460614833579,4,0
1085,2.17,2,0.720645010471,0,-2.32545804977,0,0,-2.32545804977,0,-2.32545804977,0,0.71793202232,-0.994788587913,0.72064499421,-0.984584503116,-0.0167505549098,-0.202523659949,-2.10352085129,-0.378511877664,-2.32545797419,1.65082923893e-05,0.00110506970469,0.720625317757,-0.985226571592,-1.44284200283e-05,0.00360710500707,0.720641826049,0.715920798279,-1.01643333511,-0.984121501888,0.700422221109,-0.995518162963,-0.0202196049399,-0.0113966610757,-9.99737611015,-2.32545797419,-2.48333589816,0.7038944393,-1.18710816306,-0.0167505549098,-0.202523659949,-0.00271297189048,-0.0102040847971,0.00130316921337,4,0
1090,2.18,1,-0.479412734509,0,3.82692360878,0,0,3.82692360878,0,3.82692360878,0,-0.46596195286,0.879108043145,-0.479412734666,0.941056187321,0.0262695974547,0.101330125538,2.49745124962,1.32969714887,3.82692348964,3.94853114388e-07,0.00022017061144,-0.479425294495,0.936059165511,9.70672041289e-06,-0.00242668010322,-0.479424899642,-0.464188858197,0.893827372171,0.936279336123,-0.445187799592,0.879973632865,0.0342371000494,-0.0563057032582,7.61660396401,3.82692348964,3.82692348964,-0.453143137211,1.04238631286,0.0262695974547,0.101330125538,0.0134507818055,-0.0619481441757,0.000224908848812,4,0
1090,2.18,2,0.7099801898,0,-2.24147391319,0,0,-2.24147391319,0,-2.24147391319,0,0.707452440009,-1.0988850606,0.709980165883,-1.12220684554,-0.0185512456756,-0.180776053068,-1.92062127517,-0.325676558224,-2.24147402111,-4.80788739977e-05,-0.00424686579402,0.710103376354,-1.09197146247,-1.21334004488e-05,0.0030333501122,0.71005529748,0.705236071666,-1.11728422178,-1.09621832826,0.691515130092,-1.09954911518,-0.0185401673876,-0.00333078692024,-9.02310807469,-2.24147402111,-2.24147402111,0.691428920208,-1.30298289861,-0.0185512456756,-0.180776053068,-0.00252772587464,0.0233217849365,-0.00482381228199,4,0
1095,2.19,1,-0.46954485774,0,2.82692360878,0,0,2.82692360878,0,2.82692360878,0,-0.456835041304,0.941282461244,-0.469544849008,1.01167364644,0.0271858228212,0.0965265877175,0.106277875648,1.17001498099,2.82692348964,8.61450490265e-06,0.000566526021196,-0.469554434166,1.0117716196,5.51245374281e-06,-0.0013781134357,-0.469545819662,-0.454943723474,0.949793255534,1.01233814562,-0.455956500087,0.941319067128,0.013589319575,-0.0710190784892,6.39607149275,2.82692348964,1.27562295656,-0.442359026187,1.10820023416,0.0271858228212,0.0965265877175,0.0127098077033,-0.070391185198,0.000669900080028,4,0
1095,2.19,2,0.698126554489,0,-1.39018714428,0,0,-1.39018714428,0,-1.39018714428,0,0.696043800499,-1.17660308279,0.698126539671,-1.21735093947,-0.0201777583166,-0.167899360164,-1.24311677318,-0.152585699878,-1.39018716709,-5.97708634891e-05,-0.00479805560239,0.698249214972,-1.19278333382,-6.89056714021e-06,0.00172264178504,0.698189444108,0.693679653199,-1.18724157559,-1.19758138942,0.685748329022,-1.17703206077,-0.0124411150864,0.0205493286561,-5.00075772672,-1.39018716709,-1.39018716709,0.677948781355,-1.38525029963,-0.0201777583166,-0.167899360164,-0.00208273917203,0.0407478566805,-0.00551530596426,4,0
1100,2.2,1,-0.459228217602,0,1.82692348957,0,0,1.82692348957,0,1.82692348957,0,-0.447253050002,0.968816771936,-0.459228207938,1.03926481885,0.0281050732783,0.0920228358507,-2.12065208638,0.958051413459,1.82692348964,-3.89742444932e-05,-0.00352747816185,-0.459122361361,1.06653282187,2.19298472293e-06,-0.000548246180728,-0.459161335605,-0.445312901817,0.971718831211,1.06300534371,-0.464861287789,0.968083095362,-0.00569995218394,-0.0949222483511,5.19264977351,1.82692348964,-1.15860550383,-0.43112313466,1.1312876547,0.0281050732783,0.0920228358507,0.0119751579356,-0.0704480469151,-0.00399516909577,4,0
1100,2.2,2,0.685800611973,0,-0.644840121269,0,0,-0.644840121269,0,-0.644840121269,0,0.684066311311,-1.211020971,0.685800628749,-1.23185987496,-0.0218967118699,-0.182249700107,-0.584609062102,-0.060083312465,-0.644840117709,-2.02295951517e-06,0.000172018656853,0.685783061991,-1.24032979245,-2.74123089783e-06,0.00068530772446,0.685781039031,0.681641126067,-1.21464854509,-1.2401577738,0.679201783295,-1.21122365967,-0.00657925573637,0.0289341141311,-1.62650033517,-0.644840117709,-0.644840117709,0.663903916879,-1.41410957506,-0.0218967118699,-0.182249700107,-0.00173431743794,0.0208389039571,0.000147743142671,4,0
1105,2.21,1,-0.448799848557,0,1.65489578247,0,0,1.65489578247,0,1.65489578247,0,-0.437434888853,1.00196400374,-0.448799854468,1.04586895307,0.0290950433541,0.115109409546,1.38802224946,0.954954530669,1.65489582754,-8.36281334911e-05,-0.00703028998131,-0.448609635111,1.08820437299,7.29470858257e-06,-0.00182367714565,-0.448693263244,-0.435420317713,1.01275660119,1.08117408301,-0.425821250777,1.00244790533,0.0228720124677,-0.0787261776828,4.84358912103,1.65489582754,2.35101060771,-0.419704811114,1.16097836261,0.0290950433541,0.115109409546,0.0113649656153,-0.0439049493227,-0.00803382758321,4,0
1105,2.21,2,0.673516213894,0,-1.64484012127,0,0,-1.64484012127,0,-1.64484012127,0,0.671793609813,-1.25245501051,0.673516203755,-1.2331674225,-0.0238851913743,-0.218055537096,-1.71596704274,-0.1835122961,-1.64484011771,5.23684314132e-05,0.00443898055641,0.673396029747,-1.25990645261,-9.11838565598e-06,0.00227959641399,0.673448398179,0.669275395877,-1.26594575721,-1.25546747206,0.657476512182,-1.25305155624,-0.015971885997,0.00241591581227,-5.3392505748,-1.64484011771,-1.90454674057,0.649631012381,-1.45122295959,-0.0238851913743,-0.218055537096,-0.00172259394147,-0.0192875880112,0.00506740173337,4,0
1110,2.22,1,-0.438152521849,0,2.65489578247,0,0,2.65489578247,0,2.65489578247,0,-0.427126993829,1.06147638857,-0.438152533397,1.08253534859,0.0303518937771,0.139443923038,2.35254704968,1.11248167993,2.65489582754,-6.16718366615e-05,-0.00490391591341,-0.43802850559,1.10700037484,8.3450762034e-06,-0.00208626905085,-0.438090177427,-0.424991479815,1.07401581423,1.10209645893,-0.40750946015,1.06229378581,0.0305807172764,-0.0398026731224,5.65534783212,2.65489582754,3.47067270756,-0.40780063962,1.22197927162,0.0303518937771,0.139443923038,0.0110255395681,-0.0210589600167,-0.00564397795334,4,0
1110,2.22,2,0.660816192627,0,-2.41326594353,0,0,-2.41326594353,0,-2.41326594353,0,0.658908740979,-1.3268454909,0.660816209959,-1.30424906159,-0.0260654120051,-0.223225033447,-2.08103732819,-0.330263227182,-2.41326591188,2.37693366747e-05,0.00168012447058,0.660781565369,-1.30799121938,-1.04313451551e-05,0.00260783628877,0.660805334705,0.656239348451,-1.34251977282,-1.30631109491,0.641580469078,-1.32756750223,-0.0192248656273,-0.0212564073199,-7.97797514997,-2.41326591188,-2.41326591188,0.634750797954,-1.52747409504,-0.0260654120051,-0.223225033447,-0.00190746898047,-0.0225964293089,0.00196535651068,4,0
1115,2.23,1,-0.426961123943,0,2.81169271469,0,0,2.81169271469,0,2.81169271469,0,-0.416207553267,1.12067396327,-0.426961109394,1.1444350764,0.0316908452895,0.137465442183,1.59892377431,1.15174161844,2.81169278206,-1.56767861988e-05,-0.00115250714733,-0.426933527873,1.14927778015,6.70007826464e-06,-0.00167501956616,-0.426949204659,-0.413955906596,1.13084839427,1.148125273,-0.402895128425,1.12122864764,0.0240540762344,-0.0268966253576,5.59445614572,2.81169278206,2.75200602134,-0.395270264104,1.28190051858,0.0316908452895,0.137465442183,0.0107535561266,-0.0237611131233,-0.00134062858171,4,0
1115,2.23,2,0.647148370743,0,-2.20046114922,0,0,-2.20046114922,0,-2.20046114922,0,0.645259440228,-1.40084245854,0.647148358873,-1.40753566301,-0.028060530364,-0.194839989802,-1.91184819325,-0.29218945354,-2.20046123967,-3.53973779121e-05,-0.00315163858782,0.647238106304,-1.38589137801,-8.3750977401e-06,0.00209377443503,0.647202708927,0.64244488188,-1.41356049716,-1.3890430166,0.629384735595,-1.40150390457,-0.0178179733317,-0.0124608879724,-6.54854697718,-2.20046123967,-2.20046123967,0.619087828509,-1.60237565281,-0.028060530364,-0.194839989802,-0.00188891864481,0.00669320446274,-0.00357640712276,4,0
1120,2.24,1,-0.41525503993,0,1.8116928339,0,0,1.8116928339,0,1.8116928339,0,-0.40477039284,1.16316114605,-0.415255044255,1.18317978633,0.0330225968573,0.138128399218,-0.0138670593488,1.09935571965,1.81169278206,-1.68935779384e-05,-0.00155197396529,-0.415207724534,1.19574338262,3.75709473743e-06,-0.000939273684354,-0.415224618112,-0.40243812291,1.16895278613,1.19419140865,-0.404871154261,1.16315694766,0.0103534638514,-0.031034460993,4.37309270695,1.81169278206,1.08724335721,-0.382232447398,1.32130818555,0.0330225968573,0.138128399218,0.0104846514149,-0.0200186402757,-0.00175469690055,4,0
1120,2.24,2,0.632650971413,0,-1.63074040413,0,0,-1.63074040413,0,-1.63074040413,0,0.630962989653,-1.45395143643,0.632650981067,-1.47005464496,-0.029860423483,-0.181580590823,-1.46015136735,-0.173726688524,-1.63074037591,-3.47886178294e-05,-0.00272021655067,0.632717720838,-1.45776450379,-4.69636837008e-06,0.00117409209252,0.632682932221,0.628047652233,-1.46119098645,-1.46048472034,0.618842251872,-1.45445646717,-0.0138406803481,0.0060282531725,-3.72004135259,-1.63074037591,-1.63074037591,0.602790557584,-1.65163523578,-0.029860423483,-0.181580590823,-0.0016879914138,0.0161032085312,-0.00313767996463,4,0
1125,2.25,1,-0.403378337622,0,0.811692774296,0,0,0.811692774296,0,0.811692774296,0,-0.393020588069,1.18313406105,-0.403378328706,1.18612015558,0.0344428169206,0.147604144238,-1.21237664515,1.07026903352,0.811692782058,-5.71338417284e-05,-0.00497601295123,-0.403235918364,1.22059540658,1.81139804373e-06,-0.000452849510927,-0.403293052205,-0.390652003631,1.18565076726,1.21561939363,-0.403059118615,1.18271578895,0.00023393359011,-0.0329036046785,3.1725244229,0.811692782058,-0.136445992579,-0.368935511785,1.33372429982,0.0344428169206,0.147604144238,0.010357740637,-0.00298609452862,-0.00566161905197,4,0
1125,2.25,2,0.617876648903,0,-1.25651240349,0,0,-1.25651240349,0,-1.25651240349,0,0.616275733652,-1.47891757996,0.617876651845,-1.47534246591,-0.0317072638135,-0.19181291242,-1.11648481193,-0.138305660404,-1.2565124563,1.52507890612e-05,0.00153897449472,0.617825037788,-1.49034474059,-2.26424754302e-06,0.00056606188574,0.617840288577,0.613315003097,-1.4820634627,-1.4888057661,0.606973493408,-1.4793051733,-0.0108667951691,0.00950059279852,-1.8388610213,-1.2565124563,-1.2565124563,0.586169388031,-1.66715537833,-0.0317072638135,-0.19181291242,-0.00160091819339,-0.00357511404399,0.00172198396345,4,0
1130,2.26,1,-0.391578555107,0,1.41169273853,0,0,1.41169273853,0,1.41169273853,0,-0.38109790713,1.20479452087,-0.391578545244,1.17966433595,0.0360323476147,0.168482074595,0.535319747172,1.20014654395,1.41169278206,-8.66198549765e-05,-0.00715528044702,-0.391387641768,1.22095300036,4.14416983002e-06,-0.0010360424575,-0.391474261623,-0.378682205718,1.21095883368,1.21379771991,-0.376576469633,1.2049829141,0.0148977919907,-0.00881480581093,3.5882331283,1.41169278206,1.74366100983,-0.355546197629,1.34814641054,0.0360323476147,0.168482074595,0.0104806381131,0.0251301849256,-0.00819471870674,4,0
1130,2.26,2,0.603136539459,0,-1.93189680576,0,0,-1.93189680576,0,-1.93189680576,0,0.601372382443,-1.5059931544,0.603136560676,-1.4807695043,-0.0337038153742,-0.204413512019,-1.69113143065,-0.235907837533,-1.93189678853,5.18535846136e-05,0.00423527733381,0.603025338166,-1.5039622876,-5.18021219831e-06,0.00129505304957,0.603077191751,0.598352755671,-1.51369854527,-1.49972701026,0.587263635537,-1.50658101885,-0.0158135562132,-0.00685400858869,-4.224049421,-1.93189678853,-1.93189678853,0.569432745302,-1.68518301632,-0.0337038153742,-0.204413512019,-0.00176417823281,-0.0252236500976,0.00485752034918,4,0
1135,2.27,1,-0.379659235477,0,2.13637590408,0,0,2.13637590408,0,2.13637590408,0,-0.368891182347,1.23678982099,-0.379659238922,1.20352211568,0.0377257898008,0.171134058596,0.779923805068,1.35104437733,2.13637596759,-5.85592202195e-05,-0.00470507454101,-0.37953827769,1.22822172958,4.10486175767e-06,-0.00102621543941,-0.37959683691,-0.366411364819,1.24298741033,1.22351665504,-0.362358094594,1.23706203298,0.0172387423158,0.0135453779369,4.11512653975,2.13637596759,2.13637596759,-0.341933449121,1.37465617427,0.0377257898008,0.171134058596,0.0107680565747,0.0332677053084,-0.00540778518364,4,0
1135,2.27,2,0.588044941425,0,-2.10915184021,0,0,-2.10915184021,0,-2.10915184021,0,0.586113976435,-1.54598727877,0.588044924069,-1.5319345335,-0.0356281144286,-0.186385686559,-1.80810971383,-0.299871096926,-2.10915182521,1.4695890282e-05,0.000994663769547,0.588026075565,-1.53325080365,-5.13107707911e-06,0.00128276926979,0.588040771456,0.58301420452,-1.55373426527,-1.53225613988,0.571062767603,-1.54661441247,-0.0169780038524,-0.0143582725837,-4.52594462505,-2.10915182521,-2.10915182521,0.55241680964,-1.71832022006,-0.0356281144286,-0.186385686559,-0.00193094763391,-0.0140527452679,0.00117101445293,4,0
1140,2.28,1,-0.367450833321,0,1.64601886272,0,0,1.64601886272,0,1.64601886272,0,-0.35637752233,1.2644498869,-0.367450827701,1.23028251503,0.0393791539412,0.165650854985,0.223270438111,1.41936117307,1.64601890914,-3.55557339462e-05,-0.00296062914896,-0.367370809835,1.24823051916,2.83477906854e-06,-0.000708694767138,-0.367406365569,-0.353844220929,1.26877678492,1.24526989002,-0.354491981372,1.26452845111,0.0129143841972,0.0192585610957,3.4158221618,1.64601890914,1.64601890914,-0.32807167376,1.39593337002,0.0393791539412,0.165650854985,0.0110733053708,0.0341673718727,-0.00338729795632,4,0
1140,2.28,2,0.572398304939,0,-1.92190241814,0,0,-1.92190241814,0,-1.92190241814,0,0.570471901393,-1.58056236029,0.572398277708,-1.58339034915,-0.0373086872864,-0.161526364552,-1.67200126083,-0.251407190775,-1.92190238298,-1.57420944502e-05,-0.00131716348908,0.572433832809,-1.57567230236,-3.54347373011e-06,0.000885868432513,0.572418090714,0.567305274638,-1.58597098265,-1.57698946585,0.556575234283,-1.58114138809,-0.0158428564314,-0.00415192224105,-3.31058133479,-1.92190238298,-1.92190238298,0.535089590422,-1.74491671371,-0.0373086872864,-0.161526364552,-0.0019263763153,0.00282798886181,-0.00150606862249,4,0
1145,2.29,1,-0.355089604855,0,1.07859945297,0,0,1.07859945297,0,1.07859945297,0,-0.343637700069,1.28175132571,-0.355089606094,1.23733793101,0.0410332223837,0.167739354626,-0.406043387804,1.4801450623,1.07859947547,-4.61854337209e-05,-0.00394357577428,-0.354979754712,1.26298365086,1.50662265708e-06,-0.000376655664275,-0.355025940146,-0.341071837865,1.28406106901,1.25904007508,-0.346978113963,1.2816121418,0.00804782618255,0.0225720667129,2.64437196343,1.07859947547,1.07859947547,-0.314056383711,1.40507728564,0.0410332223837,0.167739354626,0.0114519060251,0.0444133946964,-0.00449780097893,4,0
1145,2.29,2,0.556404471397,0,-1.69600212574,0,0,-1.69600212574,0,-1.69600212574,0,0.554547123554,-1.60218915811,0.556404443371,-1.60617192726,-0.0388339655183,-0.15017468018,-1.50373884502,-0.192390691177,-1.69600214931,-2.58897222065e-06,-9.63192208013e-05,0.556402804062,-1.60808889751,-1.88327826112e-06,0.000470819565276,0.556400215089,0.551339795797,-1.60507633715,-1.60818521673,0.542038744006,-1.60271034059,-0.0143614710833,0.00547487613793,-1.9870510035,-1.69600214931,-1.69600214931,0.517570477853,-1.75634660744,-0.0388339655183,-0.15017468018,-0.0018573198173,0.00398276914229,-0.000127386887449,4,0
1150,2.3,1,-0.342741549015,0,1.18525242805,0,0,1.18525242805,0,1.18525242805,0,-0.330768516172,1.29155017623,-0.342741540432,1.2332296468,0.0427415397171,0.172377071074,-0.404758087547,1.58393256819,1.18525245253,-6.33943898619e-05,-0.00531723920525,-0.342597271368,1.26549249187,1.19780385571e-06,-0.000299450963931,-0.342660665758,-0.328183588021,1.29336242817,1.26017525266,-0.334085092524,1.29141198555,0.00857557323401,0.0312367328891,2.55595911725,1.18525245253,1.18525245253,-0.300000000715,1.40560671787,0.0427415397171,0.172377071074,0.0119730242601,0.0583205294347,-0.00607797188359,4,0
1150,2.3,2,0.540305554867,0,-1.71333956718,0,0,-1.71333956718,0,-1.71333956718,0,0.538460643674,-1.614437721,0.540305574931,-1.61234553746,-0.0403055758251,-0.14466285996,-1.52469512893,-0.186809410318,-1.71333960248,1.88320706138e-05,0.00160907838341,0.540261411307,-1.62235531021,-1.49725480347e-06,0.000374313700872,0.540280243378,0.535229483484,-1.6167030359,-1.62074623183,0.52576160568,-1.61496684758,-0.0145186376976,0.005779384246,-1.70808022425,-1.71333960248,-1.71333960248,0.499999999106,-1.75700839742,-0.0403055758251,-0.14466285996,-0.00184493125736,-0.00209218353945,0.00183506323078,4,0
1155,2.31,1,-0.330411940813,0,1.03796422482,0,0,1.03796422482,0,1.03796422482,0,-0.317812499833,1.29877749811,-0.330411937483,1.23232041728,0.0444616021765,0.171028077438,-0.672799821312,1.70481270474,1.03796422631,-6.2509700337e-05,-0.00520122646919,-0.330271496335,1.2635323325,4.02577206793e-07,-0.000100644301695,-0.330334006036,-0.315214231087,1.29943630593,1.25833110603,-0.323359939515,1.29854635479,0.00697406652062,0.0402152487662,2.21805775433,1.03796422631,1.03796422631,-0.285950335307,1.40334849472,0.0444616021765,0.171028077438,0.0125994376503,0.0664570808305,-0.00595134287324,4,0
1155,2.31,2,0.52412122488,0,-1.65588724613,0,0,-1.65588724613,0,-1.65588724613,0,0.522265623245,-1.62347187297,0.524121205787,-1.62177304393,-0.04168328844,-0.132412574124,-1.45948245928,-0.194835738887,-1.6558873011,1.66058271096e-05,0.00136983300606,0.524084346104,-1.62992244668,-5.03221410986e-07,0.000125805352757,0.524100951932,0.519017787312,-1.6242953826,-1.62855261368,0.510111294824,-1.62397830332,-0.0139896571074,0.00457431035662,-1.14768882207,-1.6558873011,-1.6558873011,0.482437917347,-1.75418561805,-0.04168328844,-0.132412574124,-0.0018555825422,-0.00169882904446,0.00156910293138,4,0
1160,2.32,1,-0.318139106035,0,0.63086438179,0,0,0.63086438179,0,0.63086438179,0,-0.304818383156,1.29857551413,-0.318139104564,1.2222193555,0.0461775841103,0.170552797298,-1.19997350493,1.82443085421,0.630864377991,-6.67059846236e-05,-0.00560655689172,-0.317985933772,1.25691805859,-7.63495343614e-07,0.00019087383591,-0.318052639757,-0.302222267201,1.29748535607,1.2513115017,-0.314747532352,1.29816179958,0.00330510740501,0.0468502978781,1.62715012319,0.630864377991,0.630864377991,-0.271961520454,1.39277215279,0.0461775841103,0.170552797298,0.0133207214081,0.0763561586317,-0.0064070287072,4,0
1160,2.32,2,0.50791156292,0,-1.50474500656,0,0,-1.50474500656,0,-1.50474500656,0,0.506022977399,-1.62321939215,0.507911540185,-1.61803285569,-0.0429596413963,-0.122932334,-1.30665915829,-0.195980582536,-1.50474502865,2.14510043767e-05,0.00184787577882,0.507859384156,-1.63045973769,9.54369304806e-07,-0.000238592326194,0.50788083516,0.502777832457,-1.62185669439,-1.62861186191,0.49513550887,-1.62367303668,-0.0127453262901,0.00493882523187,-0.242701469244,-1.50474502865,-1.50474502865,0.464951898789,-1.74096518969,-0.0429596413963,-0.122932334,-0.00188856278594,-0.0051865364614,0.00210528783134,4,0
1165,2.33,1,-0.306034952402,0,0.482875734568,0,0,0.482875734568,0,0.482875734568,0,-0.291868438884,1.29033935776,-0.306034965044,1.20177306611,0.0479097326427,0.171549471042,-1.48903710652,1.96446304529,0.482875744157,-7.77240838156e-05,-0.0065171163807,-0.305857767646,1.24157313338,-1.50498978296e-06,0.000376247445746,-0.30593549173,-0.289289987636,1.28809688169,1.235056017,-0.304193601874,1.2898258093,0.00174188985539,0.0547697923021,1.30547864478,0.482875744157,0.482875744157,-0.258125232401,1.37332253716,0.0479097326427,0.171549471042,0.0141665261597,0.0885662916462,-0.00744980538649,4,0
1165,2.33,2,0.49183395505,0,-1.44394350052,0,0,-1.44394350052,0,-1.44394350052,0,0.489835547069,-1.61292419578,0.491833964688,-1.59982492772,-0.0441774259473,-0.116828241394,-1.2202700533,-0.220246028168,-1.4439434837,3.54216877065e-05,0.00300234198883,0.491751363778,-1.61870705366,1.88123733846e-06,-0.000470309334612,0.491786785466,0.486612483012,-1.61012110052,-1.61570471167,0.479655741546,-1.61334835434,-0.0121310439195,0.00235635732603,0.247158719112,-1.4439434837,-1.4439434837,0.447656538741,-1.71665316912,-0.0441774259473,-0.116828241394,-0.00199841761926,-0.0130992680568,0.00342740224131,4,0
1170,2.34,1,-0.294127106667,0,1.09339487553,0,0,1.09339487553,0,1.09339487553,0,-0.279021016467,1.27948236219,-0.294127097795,1.18561981973,0.0496227145452,0.16568781153,-1.02443578716,2.11887531593,1.09339490641,-7.78761454339e-05,-0.0064268714216,-0.293956492967,1.22245463391,-1.00753025034e-06,0.000251882562585,-0.294034369113,-0.276463695474,1.27790484879,1.21602776249,-0.287481947368,1.2791298234,0.00655242174483,0.0631020609108,1.74434038202,1.09339490641,1.10180091393,-0.244504383249,1.35130763126,0.0496227145452,0.16568781153,0.0151060813273,0.0938625424556,-0.00736138516681,4,0
1170,2.34,2,0.475929886103,0,-1.62583577633,0,0,-1.62583577633,0,-1.62583577633,0,0.473776269066,-1.5993529506,0.47592987761,-1.58691984378,-0.0452994002815,-0.102214692184,-1.36572997132,-0.256847101535,-1.62583572142,3.50790500495e-05,0.00283769995739,0.475857222737,-1.60160601557,1.2594128751e-06,-0.000314853218777,0.475892301788,0.470579617829,-1.59738105876,-1.59876831562,0.462387802211,-1.59982747006,-0.0135044995769,-0.00105915443829,-0.252875808999,-1.62583572142,-1.62583572142,0.430630477329,-1.68913453597,-0.0452994002815,-0.102214692184,-0.00215360854447,-0.0124331068199,0.00325864855798,4,0
1175,2.35,1,-0.28223285079,0,2.09339499474,0,0,2.09339499474,0,2.09339499474,0,-0.266249654734,1.27757623,-0.282232860332,1.19643115994,0.0511683707575,0.143467396994,0.229004563021,2.24399321231,2.09339490641,-4.89949141692e-05,-0.00387904905849,-0.28213607053,1.21510649365,4.23771498392e-07,-0.000105942874604,-0.282185065444,-0.263693388607,1.27845089181,1.21122744459,-0.264307430392,1.27765715601,0.0178776350519,0.0664297114253,2.55711013897,2.09339490641,2.47746476336,-0.231064489575,1.33989855694,0.0511683707575,0.143467396994,0.0159832055985,0.0811450700567,-0.00446698802852,4,0
1175,2.35,2,0.459955722094,0,-1.99860417843,0,0,-1.99860417843,0,-1.99860417843,0,0.457812066922,-1.59697028508,0.4599557304,-1.61111501546,-0.0461251201318,-0.0637581773083,-1.76486196719,-0.234367002162,-1.99860415523,-3.70234945937e-06,-0.000580385929765,0.459981987348,-1.60150573255,-5.29714354214e-07,0.000132428588558,0.459978284998,0.454616734269,-1.59806361232,-1.60208611848,0.443135570675,-1.59758180576,-0.0168427143238,0.00450431272419,-1.43459455969,-1.99860415523,-1.99860415523,0.413830610269,-1.67487319277,-0.0461251201318,-0.0637581773083,-0.00214366347836,0.014144730376,-0.000624814123277,4,0
1180,2.36,1,-0.270161300898,0,1.14815044403,0,0,1.14815044403,0,1.14815044403,0,-0.253490925508,1.2689397036,-0.270161305248,1.20871525075,0.0524315531931,0.112465799779,-2.10993960834,2.23484558383,1.14815045833,-2.31448200652e-05,-0.00202968513801,-0.270103014155,1.22324587519,-3.54591602286e-06,0.000886479005713,-0.270126158975,-0.250958044228,1.26378120315,1.22121619006,-0.271024087535,1.26820915518,-0.000897928559818,0.0469929651283,1.41621451361,1.14815045833,0.127213398463,-0.217729752055,1.32118105053,0.0524315531931,0.112465799779,0.0166703797401,0.0602244528505,-0.00230742297879,4,0
1180,2.36,2,0.443689107895,0,-1.12069249153,0,0,-1.12069249153,0,-1.12069249153,0,0.441863655415,-1.5861746267,0.443689098291,-1.62637161124,-0.0465269098871,-0.0251046981129,-1.03997592598,-0.0842440495761,-1.12069253914,-3.83804179685e-05,-0.00306687139385,0.44376738708,-1.61102737532,4.43239512415e-06,-0.00110809878104,0.443729006662,0.438697553821,-1.57972650099,-1.61409424672,0.433241553596,-1.58653388094,-0.0104874530668,0.0275603657742,2.42435898236,-1.12069253914,-1.12069253914,0.397162188404,-1.65147630936,-0.0465269098871,-0.0251046981129,-0.00182544287596,0.0401969845435,-0.00352743640948,4,0
1185,2.37,1,-0.258206546307,0,0.148150458932,0,0,0.148150458932,0,0.148150458932,0,-0.240954942691,1.23516483519,-0.258206543268,1.18206859206,0.053472349747,0.0924852969245,-3.38267370542,2.17494195995,0.14815045833,-5.88356413499e-05,-0.00511461185153,-0.25806066536,1.21724045451,-5.75912773057e-06,0.00143978193264,-0.258119501001,-0.238493122792,1.22659060369,1.21212584266,-0.269046614642,1.23399434886,-0.0109271136411,0.0218685062015,0.240433165866,0.14815045833,-1.20191110593,-0.204734193521,1.27455388898,0.053472349747,0.0924852969245,0.0172516005774,0.0530962431337,-0.00582063954773,4,0
1185,2.37,2,0.42770254612,0,-0.603528380394,0,0,-0.603528380394,0,-0.603528380394,0,0.426193676925,-1.54395604038,0.427702534437,-1.57295611047,-0.0467847941583,-0.0202362460698,-0.622908460674,0.0204321867162,-0.603528371273,8.137551993e-06,0.000954446691786,0.427666593702,-1.58454222829,7.19890978268e-06,-0.00179972744566,0.427674731254,0.423116402059,-1.53323825082,-1.5835877816,0.421003017171,-1.54417231787,-0.0066717140829,0.039415463735,4.66748757373,-0.603528371273,-0.603528371273,0.380917740279,-1.59319235654,-0.0467847941583,-0.0202362460698,-0.00150885751174,0.0290000700977,0.0010520973157,4,0
1190,2.38,1,-0.246698200703,0,-0.851849555969,0,0,-0.851849555969,0,-0.851849555969,0,-0.22882461773,1.1903810076,-0.246698195713,1.12704925609,0.0544204106596,0.089232069764,-3.35908773079,2.21301891222,-0.85184954167,-0.00010167203041,-0.00863132976104,-0.24645936229,1.1820825531,-5.86710706385e-06,0.00146677676596,-0.246561034321,-0.226452754424,1.18153132234,1.17345122334,-0.256686549127,1.18922009379,-0.0101255148058,0.0157688704517,-0.899002681087,-0.85184954167,-1.13621742444,-0.192277785053,1.21628132586,0.0544204106596,0.089232069764,0.0178735779832,0.0633317515037,-0.00985139412595,4,0
1190,2.38,2,0.412493437529,0,-0.627768993378,0,0,-0.627768993378,0,-0.627768993378,0,0.411030770765,-1.48797625502,0.412493451846,-1.48404943559,-0.0471462220997,-0.0363022161143,-0.598358086975,-0.0230686038888,-0.627768990933,6.43223804451e-05,0.00557043150377,0.412335360817,-1.52178686412,7.33388393237e-06,-0.00183347098309,0.412399683198,0.408065941643,-1.47691414829,-1.51621643262,0.40600033427,-1.48818585654,-0.00639934892785,0.0280305760819,4.58428432353,-0.627768990933,-0.627768990933,0.365347229746,-1.52035165171,-0.0471462220997,-0.0363022161143,-0.00146268108077,-0.00392681942431,0.00634230006912,4,0
1195,2.39,1,-0.235794603825,0,-0.127348482609,0,0,-0.127348482609,0,-0.127348482609,0,-0.217128447197,1.15134887239,-0.235794606182,1.07018103676,0.0554099257655,0.0950815340599,-1.8004529436,2.39459307154,-0.127348475228,-0.000119534939873,-0.00986777754381,-0.235532152514,1.12685580177,-3.51549326982e-06,0.000878873317458,-0.235651687453,-0.214831383399,1.14589527914,1.11698802423,-0.232012196911,1.15072871615,0.00363949054292,0.0337406919233,-0.294825566447,-0.127348475228,0.605442324767,-0.180384680416,1.16526257082,0.0554099257655,0.0950815340599,0.0186661589846,0.0811678356256,-0.0113021968223,4,0
1195,2.39,2,0.398141443729,0,-1.24051702023,0,0,-1.24051702023,0,-1.24051702023,0,0.396410557648,-1.43918608535,0.39814143376,-1.41028788414,-0.0476605847507,-0.046290323087,-1.05630940213,-0.175914438932,-1.24051696843,8.8292427161e-05,0.00723361823912,0.397951382999,-1.45033564248,4.39436664496e-06,-0.00109859166124,0.398039675426,0.39353922791,-1.4323690937,-1.44310202424,0.387554245444,-1.43955509836,-0.0104854299823,0.00354692588944,2.10831651085,-1.24051696843,-1.24051696843,0.35048084901,-1.45657820722,-0.0476605847507,-0.046290323087,-0.0017308761126,-0.0288982012095,0.00829312736506,4,0
1200,2.4,1,-0.225222080946,0,0.872651517391,0,0,0.872651517391,0,0.872651517391,0,-0.205713992381,1.13750148623,-0.225222080639,1.05465580955,0.0563452141416,0.0883759800719,0.628433409985,2.62863863515,0.872651524772,-7.59923653095e-05,-0.00603059276943,-0.225070727247,1.08418980551,-4.18489855769e-07,0.000104622463944,-0.225146719612,-0.20343872329,1.13732067835,1.07815921274,-0.20042836955,1.13772172051,0.0247183500621,0.0595625077684,0.572211614803,0.872651524772,3.26401454629,-0.168876866497,1.14303178963,0.0563452141416,0.0883759800719,0.0195080882573,0.0828456766717,-0.00694250115314,4,0
1200,2.4,2,0.384096294641,0,-2.08201742172,0,0,-2.08201742172,0,-2.08201742172,0,0.382142489181,-1.42187685237,0.384096298625,-1.41216378607,-0.0480002169497,-0.0166259444086,-1.80831593963,-0.271166979362,-2.08201733526,3.07595322375e-05,0.0021653018845,0.38405294763,-1.41639798994,5.23112338835e-07,-0.000130778084707,0.384083707162,0.379298402827,-1.42165084251,-1.41423268806,0.367078222789,-1.42250453014,-0.0170054843738,-0.00827184208267,-1.11297899007,-2.08201733526,-2.08201733526,0.336096081675,-1.42878973048,-0.0480002169497,-0.0166259444086,-0.0019538094439,-0.00971306630282,0.00253441627135,4,0
1205,2.41,1,-0.214635536075,0,0.672651529312,0,0,0.672651529312,0,0.672651529312,0,-0.194413870039,1.11330390777,-0.214635537175,1.0585234298,0.0570731832927,0.0511637701019,-3.62265907718,2.64501541242,0.672651524772,-2.45171364359e-05,-0.00201314490703,-0.214581140637,1.07091687581,-7.27936352102e-06,0.00181984088026,-0.214605657773,-0.192197674679,1.10263815761,1.0689037309,-0.224531180763,1.11204901982,-0.00992552299021,0.0431452889217,0.215238274253,0.672651524772,-0.975336314217,-0.157562353882,1.10968719991,0.0570731832927,0.0511637701019,0.0202216671357,0.0547804779673,-0.00230735054426,4,0
1205,2.41,2,0.369804501534,0,-1.08201730251,0,0,-1.08201730251,0,-1.08201730251,0,0.368017336309,-1.39162987895,0.369804511578,-1.43139542208,-0.0478515706046,0.0442864290862,-0.472247767458,-0.097602499006,-1.08201733526,-3.71999606008e-05,-0.00313968775648,0.369889175765,-1.4130010393,9.09920448477e-06,-0.0022748011212,0.369851975805,0.36524709212,-1.37829769113,-1.41614072706,0.364118590962,-1.39179232667,-0.00573338484237,0.0243484003809,3.15518130872,-1.08201733526,-0.56626417918,0.321952940973,-1.38710899299,-0.0478515706046,0.0442864290862,-0.0017871752693,0.0397655431238,-0.00358608728369,4,0
1210,2.42,1,-0.204223677516,0,-0.327348470688,0,0,-0.327348470688,0,-0.327348470688,0,-0.183584260677,1.0481645939,-0.204223673457,1.02387786027,0.0573915259755,0.00769554990724,-5.53616233031,2.45263849544,-0.327348475228,-4.98581434739e-05,-0.0043936919629,-0.204096027593,1.05550958818,-1.03480266756e-05,0.00258700666889,-0.204145885736,-0.181503319011,1.03270981315,1.05111589622,-0.229597462818,1.04624737715,-0.0254515770817,-0.0048685190759,-0.927975844998,-0.327348475228,-3.07853184518,-0.146832147482,1.03157341018,0.0573915259755,0.00769554990724,0.0206394127799,0.0242867336304,-0.00499198968458,4,0
1210,2.42,2,0.355795621872,0,-0.0820173323154,0,0,-0.0820173323154,0,-0.0820173323154,0,0.354480324668,-1.31020573592,0.355795633,-1.36946652096,-0.0472554499551,0.0799997658498,0.175508207083,0.17621365831,-0.0820173352642,-3.37822023444e-06,3.51906375993e-05,0.35578273254,-1.37666036987,1.29350334455e-05,-0.00323375836136,0.35577935432,0.351879147598,-1.29088725983,-1.37662517924,0.355940402769,-1.31014489933,0.000161048448928,0.0664802799053,7.25444412558,-0.0820173352642,0.351727213398,0.308540183045,-1.28946675511,-0.0472554499551,0.0799997658498,-0.00131530833286,0.0592607850449,-5.34800521401e-06,4,0
1215,2.43,1,-0.194407701492,0,-1.32734847069,0,0,-1.32734847069,0,-1.32734847069,0,-0.173493527562,0.970100865739,-0.194407701768,0.948943807231,0.0574327631185,-0.00876178317606,-5.18602367872,2.33741644677,-1.32734847523,-0.000108913231078,-0.00935719148809,-0.194146179349,1.01025232829,-9.78022945275e-06,0.00244505736319,-0.19425509258,-0.17156821782,0.955319698972,1.00089513681,-0.216546778405,0.968306980288,-0.0222916858257,-0.032588156519,-2.02993774244,-1.32734847523,-2.83794308168,-0.13697493865,0.940182024055,0.0574327631185,-0.00876178317606,0.0209141742059,0.0211570585085,-0.010664150261,4,0
1215,2.43,2,0.342880249023,0,0.314494729042,0,0,0.314494729042,0,0.314494729042,0,0.341866908342,-1.21262607499,0.342880243787,-1.23234540204,-0.0466615717024,0.0571178803223,0.131856218544,0.190138715967,0.314494720017,7.47738675172e-05,0.00660292808376,0.342690191925,-1.2788101251,1.22252869001e-05,-0.00305632172503,0.342764965793,0.339460271179,-1.1941496164,-1.27220719701,0.342901412362,-1.21258297066,0.000136446568489,0.0596242263596,8.66184448363,0.314494720017,0.314494720017,0.296218672085,-1.17522752172,-0.0466615717024,0.0571178803223,-0.0010133354455,0.019719327049,0.00750021449397,4,0
1220,2.44,1,-0.185438886285,0,-1.127348423,0,0,-1.127348423,0,-1.127348423,0,-0.164135754794,0.905942357322,-0.185438893163,0.865154239531,0.0574651346898,-7.48441650544e-07,-2.64744808782,2.45307671291,-1.12734847523,-0.000142444514137,-0.0118334854867,-0.185122334642,0.93425708492,-5.73880432733e-06,0.00143470108183,-0.185264779156,-0.162333039485,0.897053551001,0.922423599433,-0.186046925136,0.905029391891,-0.000782145979495,-0.0173942075425,-1.89559548118,-1.12734847523,-0.180828555252,-0.127973758473,0.865153491089,0.0574651346898,-7.48441650544e-07,0.021303138369,0.0407881177904,-0.0135428196563,4,0
1220,2.44,2,0.331366807222,0,-0.561079323292,0,0,-0.561079323292,0,-0.561079323292,0,0.330169692456,-1.13242793893,0.33136680522,-1.10628146877,-0.046399608269,0.0248396137863,-0.605017562967,-0.0212602774221,-0.561079315409,0.000119687843402,0.00992810021044,0.331102597488,-1.16336621266,7.17350545587e-06,-0.00179337636396,0.331222285331,0.327916298336,-1.12131693096,-1.15343811245,0.325042078586,-1.13264158951,-0.00618020674508,0.0207965229378,4.89911344367,-0.561079315409,-0.63764219472,0.284967196951,-1.08144185498,-0.046399608269,0.0248396137863,-0.00119711276361,-0.0261464701629,0.0113643543313,4,0
1225,2.45,1,-0.177075177431,0,-0.127348482609,0,0,-0.127348482609,0,-0.127348482609,0,-0.155242888636,0.88127831374,-0.177075173142,0.823496262847,0.0575506838272,0.0107808439306,0.754998957896,2.72692235028,-0.127348475228,-0.000101189827174,-0.00812319107378,-0.176867558822,0.865437675072,-1.22716137824e-06,0.00030679034456,-0.176968748649,-0.15348093864,0.880054626626,0.857314483999,-0.148884457355,0.881543248376,0.028084291294,0.0242287643778,-0.9675846089,-0.127348475228,3.49125877717,-0.119524489315,0.834277106778,0.0575506838272,0.0107808439306,0.0218322845065,0.0577820508923,-0.00933746899987,4,0
1225,2.45,2,0.320610255003,0,-1.56107926369,0,0,-1.56107926369,0,-1.56107926369,0,0.319053609837,-1.10159788423,0.320610247624,-1.06740996283,-0.0462046370309,0.0245635884224,-1.64728468559,-0.270223471699,-1.56107931541,6.52652859879e-05,0.00503035104195,0.320489885633,-1.08862052689,1.53395173996e-06,-0.000383487934989,0.320555150919,0.316851172359,-1.10006827531,-1.08359017585,0.305301666239,-1.10217088188,-0.0152534846802,-0.0185807060291,0.818140921533,-1.56107931541,-1.92332169177,0.274405610593,-1.04284637441,-0.0462046370309,0.0245635884224,-0.00155663778697,-0.0341879213966,0.0058135344738,4,0
1230,2.46,1,-0.168919935822,0,-0.327348470688,0,0,-0.327348470688,0,-0.327348470688,0,-0.146556530462,0.843579137054,-0.168919934343,0.807875421062,0.0575821894099,-0.0183059865538,-5.04410437705,2.7741387982,-0.327348475228,-4.13271238389e-05,-0.00337280799036,-0.168830170438,0.827683395799,-1.03845912838e-05,0.00259614782094,-0.168871497562,-0.14488430186,0.828325857632,0.824310587809,-0.188485700461,0.841832088304,-0.0196142028988,0.0175215004953,-1.26229002407,-0.327348475228,-2.26609684538,-0.111337744933,0.789569434508,0.0575821894099,-0.0183059865538,0.0223634038805,0.0357037159919,-0.00386873347643,4,0
1230,2.46,2,0.309897989035,0,-0.698568463326,0,0,-0.698568463326,0,-0.698568463326,0,0.308195662201,-1.05447391309,0.309897988257,-1.06602489396,-0.0457258080496,0.0790631101302,0.185555538908,-0.181988597931,-0.698568467965,-1.36458549964e-05,-0.00122754043134,0.309932653534,-1.05820894456,1.29807391669e-05,-0.00324518479172,0.309919007679,0.306105376465,-1.03540731372,-1.05943648499,0.309750852464,-1.0544091135,-0.000168155214946,0.00502737149247,4.36458260745,-0.698568467965,0.00495823166884,0.264172180207,-0.986961783833,-0.0457258080496,0.0790631101302,-0.00170232605583,0.0115509808693,-0.00139129069129,4,0
1235,2.47,1,-0.161125019193,0,-1.32734847069,0,0,-1.32734847069,0,-1.32734847069,0,-0.13854785312,0.752751952762,-0.161125018409,0.754900025458,0.0572017803782,-0.0672846868668,-7.42313630305,2.52889100232,-1.32734847523,-6.13226631401e-05,-0.00533818454106,-0.160972301303,0.791970437127,-1.40220469895e-05,0.00350551174738,-0.161033623966,-0.137063256247,0.731781901255,0.786632252586,-0.200249584114,0.750181047304,-0.0392159601485,-0.0364512052818,-2.34417184154,-1.32734847523,-4.88817124423,-0.10392323803,0.687615338592,0.0572017803782,-0.0672846868668,0.0225771652882,-0.00214807269638,-0.00607405649874,4,0
1235,2.47,2,0.299650549889,0,0.301431536674,0,0,0.301431536674,0,0.301431536674,0,0.298184815608,-0.940939932221,0.299650551658,-0.986269882138,-0.0447465049841,0.12675071869,1.00486962944,0.126474889811,0.301431532035,1.41758525794e-05,0.00148901052535,0.299598766717,-1.00199896777,1.7527558808e-05,-0.00438188970198,0.299612942569,0.296329069534,-0.914727367731,-1.00050995725,0.306530414294,-0.940592198943,0.0069174717248,0.0599177583033,8.31527907033,0.301431532035,1.12968539849,0.254904046674,-0.859519163448,-0.0447465049841,0.12675071869,-0.00146573605019,0.0453299499168,0.0016591207563,4,0
1240,2.48,1,-0.154109045863,0,-2.32734847069,0,0,-2.32734847069,0,-2.32734847069,0,-0.131546103043,0.648372904342,-0.154109043605,0.660748627992,0.0564789224922,-0.0886974728885,-6.76622707743,2.33837092447,-2.32734847523,-0.000119069334401,-0.0102143002257,-0.153822118812,0.728395062156,-1.2806396934e-05,0.0032015992335,-0.153941188147,-0.130268894445,0.628999501708,0.71818076193,-0.187736749381,0.646031627412,-0.0337955612344,-0.0721491345186,-3.38358956103,-2.32734847523,-4.41621302072,-0.097630121113,0.572051155104,0.0564789224922,-0.0886974728885,0.0225629405619,-0.0123757236497,-0.0116431322385,4,0
1240,2.48,2,0.290680289268,0,1.07901191711,0,0,1.07901191711,0,1.07901191711,0,0.289432628102,-0.810466121194,0.290680288971,-0.827373460543,-0.0436426383431,0.112309526935,0.893235788178,0.194907134244,1.07901186452,9.16880743366e-05,0.00803080100742,0.29044856337,-0.884061309267,1.60079962239e-05,-0.00400199905596,0.290540251444,0.287836117372,-0.786249367815,-0.876030508259,0.296787398821,-0.810159672414,0.00624714737748,0.0658708358451,11.091920847,1.07901186452,1.07901186452,0.247037650628,-0.715063933608,-0.0436426383431,0.112309526935,-0.00124766086939,0.0169073393485,0.00913105789946,4,0
1245,2.49,1,-0.14816853404,0,-2.3088862896,0,0,-2.3088862896,0,-2.3088862896,0,-0.125509906996,0.564967525335,-0.14816853802,0.552207350018,0.055766574392,-0.0718501902472,-3.4677878979,2.42646108281,-2.30888621088,-0.000162370773753,-0.0135284643188,-0.147804997143,0.632182835191,-7.42222651808e-06,0.00185555662952,-0.147967367917,-0.124391817287,0.553478184766,0.618654370872,-0.154229305132,0.563770883745,-0.00626193721543,-0.0548834871264,-3.36101032736,-2.30888621088,-1.02584990148,-0.0924019636278,0.48035715977,0.055766574392,-0.0718501902472,0.0226586310239,0.0127601753168,-0.0154769136039,4,0
1245,2.49,2,0.283443361521,0,0.114167839289,0,0,0.114167839289,0,0.114167839289,0,0.281887383137,-0.706209397081,0.283443358412,-0.664266734337,-0.0429409045362,0.0638202952117,-0.0591107833912,-0.0692988468333,0.114167837219,0.000149999836468,0.012501652599,0.283108020086,-0.737746563174,9.27778317777e-06,-0.00231944579444,0.283258019922,0.280489771019,-0.691847721323,-0.725244910575,0.281276673113,-0.706234843332,-0.00198134680897,0.019010067243,6.76492569933,0.114167837219,-0.142711280861,0.240502453876,-0.600446439126,-0.0429409045362,0.0638202952117,-0.00155597527541,-0.0419426627432,0.0143016506366,4,0
1250,2.5,1,-0.143086493015,0,-1.30888617039,0,0,-1.30888617039,0,-1.30888617039,0,-0.120078437561,0.531879698331,-0.143086496353,0.485397149754,0.0552481837872,-0.0415395817863,0.598542083264,2.75657378279,-1.30888621088,-0.000125548542718,-0.0101570302872,-0.142823785581,0.53962348957,-1.90323607183e-06,0.000475809017955,-0.142949334124,-0.119016072227,0.529755239922,0.529466459282,-0.115002203001,0.532091208105,0.0279471311228,0.00262474882224,-2.35696388635,-1.30888621088,3.36677947885,-0.0878383125658,0.443857567968,0.0552481837872,-0.0415395817863,0.0230080587921,0.0464825485774,-0.0116636127998,4,0
1250,2.5,2,0.277311891317,0,-0.885832190514,0,0,-0.885832190514,0,-0.885832190514,0,0.27509804644,-0.664849613172,0.277311898924,-0.591697236037,-0.0425140087691,0.036875286764,-1.2971090492,-0.462522436176,-0.885832162781,0.000101449294955,0.00804980677691,0.277109804074,-0.631111899006,2.37904510281e-06,-0.000594761275699,0.277211253369,0.273770089792,-0.662194040143,-0.623062092229,0.264230445074,-0.665302429896,-0.0129808082947,-0.0422403376669,2.46900574701,-0.885832162781,-1.7688986837,0.234797890155,-0.554821949273,-0.0425140087691,0.036875286764,-0.00221385248424,-0.0731523771358,0.00926719831638,4,0
1255,2.51,1,-0.138434275985,0,-1.50888621807,0,0,-1.50888621807,0,-1.50888621807,0,-0.114925182663,0.484314629158,-0.138434276223,0.450262568376,0.0548535642258,-0.0580994567686,-6.21078215193,2.8658236611,-1.50888621088,-6.02784142489e-05,-0.00490994298834,-0.138304204783,0.478603052761,-1.2504318665e-05,0.00312607966625,-0.138364483198,-0.113974583271,0.4659214569,0.473693109773,-0.166545138584,0.482163797661,-0.028180655386,0.00847068788835,-2.57320573279,-1.50888621088,-3.33932520687,-0.083580711997,0.392163111608,0.0548535642258,-0.0580994567686,0.02350909356,0.0340520607815,-0.00563328395933,4,0
1255,2.51,2,0.271473318338,0,-0.285832166672,0,0,-0.285832166672,0,-0.285832166672,0,0.268656477915,-0.605393276537,0.271473325386,-0.573415924128,-0.0419974358346,0.0832120454204,0.862174741512,-0.474659684275,-0.285832162781,1.533054528e-05,0.00113351168738,0.271445739023,-0.578905051047,1.56303983647e-05,-0.00390759959118,0.271461069568,0.267468228695,-0.582401811165,-0.577771539359,0.275817855495,-0.605094885804,0.00435678592693,-0.0273233464451,4.79119885285,-0.285832162781,0.386197579006,0.229475889551,-0.490203878707,-0.0419974358346,0.0832120454204,-0.0028168474706,-0.0319773524092,0.00131747823074,4,0
1260,2.52,1,-0.13432264328,0,-2.50888609886,0,0,-2.50888609886,0,-2.50888609886,0,-0.110592271756,0.376433033479,-0.134322644461,0.379514280265,0.0541149562732,-0.103165593499,-8.82620832286,2.63256156057,-2.50888621088,-7.53432058382e-05,-0.00649733836195,-0.134138995356,0.423347663056,-1.63569259161e-05,0.00408923147902,-0.134214338562,-0.109863836989,0.351949689348,0.416850324694,-0.18395496319,0.37337625467,-0.0497406246278,-0.0434740700243,-3.57742782742,-2.50888621088,-6.18624530546,-0.0802076881877,0.276348686766,0.0541149562732,-0.103165593499,0.0237303727044,-0.00308124678542,-0.00740145683201,4,0
1260,2.52,2,0.266226828098,0,0.714167833328,0,0,0.714167833328,0,0.714167833328,0,0.263240339383,-0.470541281681,0.266226836721,-0.481317599111,-0.0409672268222,0.135881751668,1.77397823672,-0.178377042642,0.714167837219,3.72881047675e-05,0.00340619104364,0.266123647462,-0.508366372618,2.0446157428e-05,-0.00511153935701,0.266160935567,0.262329795944,-0.439937101466,-0.504960181574,0.277965812562,-0.469927720298,0.011804876995,0.0350324612762,8.59412646178,0.714167837219,1.59174754578,0.225259609899,-0.345435847443,-0.0409672268222,0.135881751668,-0.00298649733814,0.0107763174304,0.00385364830085,4,0
1265,2.53,1,-0.131163716316,0,-3.50888609886,0,0,-3.50888609886,0,-3.50888609886,0,-0.107438229083,0.255754323167,-0.131163716212,0.268255334088,0.0530690388962,-0.120331400712,-7.91540043924,2.44909155239,-3.50888621088,-0.000131801542114,-0.011273270943,-0.130848281121,0.342213769559,-1.45915255151e-05,0.00364788137877,-0.130980082663,-0.106949011913,0.233664940796,0.330940498616,-0.173178642669,0.253015139267,-0.0421985600055,-0.0779253593487,-4.53819261467,-3.50888621088,-5.4534539974,-0.0780946773159,0.147923933376,0.0530690388962,-0.120331400712,0.023725487129,-0.0125010109217,-0.0128548894484,4,0
1265,2.53,2,0.262374699116,0,1.48770368099,0,0,1.48770368099,0,1.48770368099,0,0.259297786144,-0.31969289357,0.262374693451,-0.311136818457,-0.0397563470307,0.126231912922,1.60164509176,-0.102707835567,1.48770373935,0.000113745994362,0.00986856491126,0.262093370841,-0.378843827966,1.82394069156e-05,-0.0045598517289,0.262207116835,0.258686264702,-0.292081165574,-0.368975263055,0.272528246386,-0.319141624393,0.0103211295504,0.0498336386617,11.2146425468,1.48770373935,1.48770373935,0.22261834642,-0.184904905535,-0.0397563470307,0.126231912922,-0.0030769073069,-0.0085560751132,0.0112335168436,4,0
1270,2.54,1,-0.129239171743,0,-3.3088862896,0,0,-3.3088862896,0,-3.3088862896,0,-0.105388968988,0.161249310743,-0.129239170852,0.145601012093,0.0520878598487,-0.0970608892848,-4.16357250059,2.56316211714,-3.30888621088,-0.00017347625043,-0.0144189353729,-0.128852466829,0.230323200884,-8.36383416532e-06,0.00209095854133,-0.129025943079,-0.105079811868,0.14830568401,0.215904265511,-0.13988800691,0.15981185083,-0.0108620638306,-0.0560924146806,-4.25574194493,-3.30888621088,-1.58390973308,-0.0771513110031,0.048540122808,0.0520878598487,-0.0970608892848,0.0238502018642,0.0156482986506,-0.0165006503781,4,0
1270,2.54,2,0.260349005461,0,0.500200033188,0,0,0.500200033188,0,0.500200033188,0,0.256736211129,-0.201561627913,0.260349010262,-0.141015548402,-0.0389098716203,0.0803404061503,0.521692131811,-0.369726634981,0.500200046005,0.000170174859653,0.0141344059952,0.259970801251,-0.223465066479,1.04547927167e-05,-0.00261369817917,0.260140976111,0.256349764751,-0.18538209448,-0.209330660483,0.260941540439,-0.201386405858,0.000800564328277,0.00794425462513,6.66628152572,0.500200046005,0.135788992519,0.221439138641,-0.0606751422514,-0.0389098716203,0.0803404061503,-0.00361279913259,-0.0605460795111,0.0161765043111,4,0
1275,2.55,1,-0.12828810513,0,-2.3088862896,0,0,-2.3088862896,0,-2.3088862896,0,-0.10402422,0.123154055777,-0.128288111916,0.0680330987034,0.0513681119161,-0.0580429408364,0.178377592461,2.93612909839,-2.30888621088,-0.000132393386331,-0.0107205566769,-0.128010470376,0.125496243066,-2.36282263863e-06,0.000590705659657,-0.128142863762,-0.103779909314,0.120383226243,0.114775686389,-0.102437916751,0.123220151745,0.0257049470115,0.00844446535578,-3.17418886027,-2.30888621088,3.12681596816,-0.07692,0.00999015786697,0.0513681119161,-0.0580429408364,0.0242638919161,0.0551209570732,-0.0123092773128,4,0
1275,2.55,2,0.259471178055,0,-0.499799966812,0,0,-0.499799966812,0,-0.499799966812,0,0.255030275,-0.153942559142,0.259471165167,-0.0650411082345,-0.0383211651668,0.0525534221636,-0.794316765096,-0.778233144487,-0.499799953995,0.000115642792121,0.00922234771107,0.259237833069,-0.111275098622,2.95352830554e-06,-0.000738382076387,0.259353475861,0.254724886663,-0.150479022214,-0.102052750911,0.248334176618,-0.154221563241,-0.0110192992429,-0.0521688123305,2.25408991771,-0.499799953995,-1.5831599708,0.22115,-0.0124876860709,-0.0383211651668,0.0525534221636,-0.00444089016681,-0.0889014509076,0.0106100612165,4,0
1280,2.56,1,-0.12785603106,0,-2.10888624191,0,0,-2.10888624191,0,-2.10888624191,0,-0.102980120776,0.0705661699912,-0.127856034835,0.0274870665148,0.0508477279822,-0.071117935533,-6.9819635667,3.07701912821,-2.10888621088,-6.36291611707e-05,-0.00510427897254,-0.127722703118,0.0556156994121,-1.3379349566e-05,0.00334483739149,-0.127786332279,-0.102858322629,0.0508645613076,0.0505114204395,-0.16101349953,0.0681481125431,-0.0332271672508,0.0176366921035,-2.91691551815,-2.10888621088,-3.89907660958,-0.0770083068525,-0.0436308690182,0.0508477279822,-0.071117935533,0.0248759140592,0.0430791034764,-0.00586782890659,4,0
1280,2.56,2,0.258892714977,0,0.0168056543916,0,0,0.0168056543916,0,0.0168056543916,0,0.253725151075,-0.0882077018708,0.258892721018,-0.0506213402764,-0.0376323373394,0.105159937794,1.48191570481,-0.777348679499,0.016805653682,2.45716474451e-05,0.00178565640195,0.258850272497,-0.0581162560295,1.67241869578e-05,-0.00418104673945,0.258874844145,0.253572903413,-0.0635806910153,-0.0563305996276,0.266035738433,-0.0876947607309,0.00716089428878,-0.0313641611033,4.14519194107,0.016805653682,0.702486509137,0.221260383678,0.0545385975174,-0.0376323373394,0.105159937794,-0.00516756994215,-0.0375863615944,0.00208051617129,4,0
1285,2.57,1,-0.127965673804,0,-3.10888624191,0,0,-3.10888624191,0,-3.10888624191,0,-0.102817060829,-0.0436400648666,-0.12796568104,-0.0422154304819,0.0499587398317,-0.119753469473,-9.57413409613,2.82699988279,-3.10888621088,-6.90565549127e-05,-0.00595965173049,-0.127797137528,-0.00190119161163,-1.70625461495e-05,0.00426563653738,-0.127866194083,-0.10292986399,-0.069198490024,-0.00786084334212,-0.182406765639,-0.046956302567,-0.0545405715569,-0.0390954592249,-3.85251256852,-3.10888621088,-6.74034588295,-0.0780069412082,-0.161968899955,0.0499587398317,-0.119753469473,0.0251486202108,-0.00142463438474,-0.00678833038944,4,0
1285,2.57,2,0.258810281754,0,1.0168056488,0,0,1.0168056488,0,1.0168056488,0,0.253521326249,0.0545500916763,0.258810286591,0.0309195058195,-0.0363016098566,0.171541630284,2.39545987384,-0.40188967946,1.01680565368,3.33000270929e-05,0.00305549425596,0.258717359632,0.00636853145058,2.13281826771e-05,-0.00533204566929,0.258750659659,0.253662330221,0.0864981231088,0.00942402570654,0.273420152835,0.0553792094507,0.0146694931757,0.0459551837442,7.8822098816,1.01680565368,1.9901150998,0.222508676735,0.202461136103,-0.0363016098566,0.171541630284,-0.00528896034296,0.0236305858568,0.00345509458107,4,0
1290,2.58,1,-0.129018947482,0,-4.10888624191,0,0,-4.10888624191,0,-4.10888624191,0,-0.103887379688,-0.168560185569,-0.129018942393,-0.152648259695,0.0487380697846,-0.138034853902,-8.4914832544,2.61772330818,-4.10888621088,-0.000124069972244,-0.0106309673301,-0.128720781693,-0.0824945524142,-1.49078454316e-05,0.0037269613579,-0.128844851665,-0.104247304155,-0.191143117762,-0.0931255197444,-0.174426278384,-0.171499306348,-0.0455814267184,-0.0783737866035,-4.74709992156,-4.10888621088,-5.86164013922,-0.0802808726083,-0.290683113597,0.0487380697846,-0.138034853902,0.0251315627051,-0.0159119258739,-0.0121198069971,4,0
1290,2.58,2,0.260020315647,0,1.94083845615,0,0,1.94083845615,0,1.94083845615,0,0.254859224927,0.210700242459,0.260020307706,0.191132675733,-0.0346692166103,0.172221227268,2.17669803819,-0.225192562542,1.9408384846,0.000107781640413,0.00937361136509,0.259752284143,0.126344963069,1.86348067734e-05,-0.00465870169335,0.259860065783,0.255309130533,0.238928907677,0.135718574434,0.27287820071,0.211451033117,0.0130181349265,0.0757324586829,11.0511370766,1.9408384846,1.9408384846,0.225351091096,0.363353903,-0.0346692166103,0.172221227268,-0.00516108277877,0.0195675667267,0.01066699105,4,0
1295,2.59,1,-0.131318032742,0,-3.90888619423,0,0,-3.90888619423,0,-3.90888619423,0,-0.106090672298,-0.264586361423,-0.131318034806,-0.27773498476,0.0476033940701,-0.110293374814,-4.64976733933,2.71881284032,-3.90888621088,-0.000170862816505,-0.0142231183743,-0.13093579717,-0.193742106587,-8.43976683498e-06,0.00210994170875,-0.131106659986,-0.106633306354,-0.277646853108,-0.207965224962,-0.144636201869,-0.266192425155,-0.0135295418822,-0.0582272001932,-4.39798215268,-3.90888621088,-1.91468102683,-0.0837146407356,-0.388028359574,0.0476033940701,-0.110293374814,0.025227362508,0.0131486233373,-0.0162734721723,4,0
1295,2.59,2,0.26302087307,0,0.958625733852,0,0,0.958625733852,0,0.958625733852,0,0.257613340794,0.33073296216,0.263020873829,0.361846271692,-0.0333775724645,0.123189188603,1.07326980117,-0.43312761027,0.958625762738,0.000170717717944,0.0142065423521,0.26263971202,0.278421807214,1.0549708532e-05,-0.002637427133,0.262810429738,0.258291633385,0.347058576748,0.292628349566,0.266406530225,0.331099345053,0.00359610048745,0.038470995487,6.44378569249,0.958625762738,0.62388703593,0.229643301364,0.485035460295,-0.0333775724645,0.123189188603,-0.00540753303443,-0.0311133095327,0.0162551549675,4,0
1300,2.6,1,-0.134614646435,0,-2.90888619423,0,0,-2.90888619423,0,-2.90888619423,0,-0.108987834142,-0.303621154777,-0.134614643771,-0.357682129176,0.0467763316475,-0.0671730293154,-0.460586986939,3.09052542013,-2.90888621088,-0.00013341369403,-0.0108167893147,-0.134333967775,-0.299400313653,-2.54780570617e-06,0.000636951426544,-0.134467381469,-0.109597418905,-0.306703235727,-0.310217102967,-0.11271610506,-0.303776499398,0.0217512764083,0.0064406035689,-3.24800133397,-2.90888621088,2.64235618684,-0.0878383121239,-0.424855158491,0.0467763316475,-0.0671730293154,0.0256268096293,0.054060974399,-0.0124177536431,4,0
1300,2.6,2,0.267174124718,0,-0.0413742363453,0,0,-0.0413742363453,0,-0.0413742363453,0,0.261234793203,0.379526453813,0.267174119401,0.438207718083,-0.0323762286939,0.0928612407673,-0.191257326037,-0.794300561611,-0.0413742372625,0.000120499378895,0.00963980278477,0.266929016156,0.389193427391,3.18475713335e-06,-0.000796189283331,0.267049515535,0.261996774178,0.383379055004,0.398833230176,0.25955152287,0.379456317549,-0.00749799266539,-0.0193769126267,1.94457212158,-0.0413742372625,-0.99664368298,0.234797890707,0.53106895885,-0.0323762286939,0.0928612407673,-0.00593932619789,-0.0586812642697,0.0110857953315,4,0
1305,2.61,1,-0.138457939029,0,-2.70888614655,0,0,-2.70888614655,0,-2.70888614655,0,-0.112213253454,-0.355700871273,-0.138457944543,-0.401593515645,0.0461940622348,-0.0735604405458,-7.25849932347,3.24247528115,-2.70888621088,-6.80047075012e-05,-0.00549649424693,-0.138313309097,-0.370665984826,-1.28807648899e-05,0.00322019122248,-0.138381313805,-0.112943307105,-0.374687399167,-0.376162479073,-0.172543403383,-0.35821462752,-0.0341620895779,0.0179478515528,-2.92131153823,-2.70888621088,-4.00971149158,-0.0922638823078,-0.47515395619,0.0461940622348,-0.0735604405458,0.0262446910889,0.0458926443716,-0.00631255073694,4,0
1305,2.61,2,0.271643131971,0,0.558625757694,0,0,0.558625757694,0,0.558625757694,0,0.265266567446,0.444626099337,0.271643120467,0.456195644723,-0.0313132669226,0.137746811101,1.97483409561,-0.768619559181,0.558625762738,3.34695278852e-05,0.00256198193909,0.271578832183,0.443490406863,1.61009560788e-05,-0.0040252390197,0.271612301711,0.26617913453,0.468359259155,0.446052388802,0.281670342664,0.445309589971,0.0100580409526,-0.000742798831659,4.07140908934,0.558625762738,1.20325092016,0.240329853544,0.593942455824,-0.0313132669226,0.137746811101,-0.00637655302083,-0.0115695453867,0.00296361627371,4,0
1310,2.62,1,-0.142881467938,0,-3.70888614655,0,0,-3.70888614655,0,-3.70888614655,0,-0.116289591173,-0.464527514305,-0.142881474315,-0.475102227918,0.0453450527747,-0.109329614326,-9.56459501814,3.04110404442,-3.70888621088,-7.7000936683e-05,-0.00663127081543,-0.142694421686,-0.430553097584,-1.60193809122e-05,0.00400484522804,-0.142771422622,-0.117242645727,-0.488541812943,-0.437184368399,-0.195793561248,-0.467840179724,-0.0530221386253,-0.0306558113249,-3.78588392486,-3.70888621088,-6.51593569166,-0.0975364215399,-0.584431842244,0.0453450527747,-0.109329614326,0.0265918831417,0.0105747136135,-0.00755528205562,4,0
1310,2.62,2,0.276660680771,0,1.5586258173,0,0,1.5586258173,0,1.5586258173,0,0.270361989696,0.580659402812,0.276660680397,0.542944205387,-0.0297401527087,0.187595607631,2.79741974545,-0.4215773432,1.55862576274,4.65309587874e-05,0.00416890587292,0.276537267226,0.511482561851,2.00242260877e-05,-0.00500605652192,0.276583798185,0.271553307909,0.610677276032,0.515651467724,0.293594093416,0.581627407134,0.0170102952318,0.0659759394096,7.70031208807,1.55862576274,2.37111512487,0.246920527688,0.730539813018,-0.0297401527087,0.187595607631,-0.00629869070106,0.0377151974252,0.00472727737837,4,0
1315,2.63,1,-0.148284807801,0,-4.70888614655,0,0,-4.70888614655,0,-4.70888614655,0,-0.121527364398,-0.580854983612,-0.148284815119,-0.589026383832,0.0443101081559,-0.11180968827,-8.4139557197,2.91077255491,-4.70888621088,-0.000133762603045,-0.0114445796892,-0.147964459333,-0.513864333977,-1.36831156083e-05,0.00342077890207,-0.148098221936,-0.122710035848,-0.601598062099,-0.525308913667,-0.191413584062,-0.583766909432,-0.0433153621253,-0.058457995765,-4.6086153438,-4.70888621088,-5.49013343386,-0.103974706963,-0.700836072103,0.0443101081559,-0.11180968827,0.0267574507213,0.00817140022003,-0.0130497309257,4,0
1315,2.63,2,0.28301820159,0,2.23046851158,0,0,2.23046851158,0,2.23046851158,0,0.276909206324,0.726068739039,0.28301821186,0.707591193626,-0.0280498272929,0.168453906248,2.5525206741,-0.309941194099,2.23046858182,0.000122870305085,0.0106364545247,0.282715882539,0.635111406863,1.7103894457e-05,-0.00427597361424,0.282838752844,0.278387545657,0.751997587067,0.645747861388,0.298042597874,0.726949297021,0.0152038450304,0.0812014356327,9.75203374269,2.23046858182,2.23046858182,0.254968384567,0.876045099874,-0.0280498272929,0.168453906248,-0.00610900553583,0.0184775454135,0.0121108981857,4,0
1320,2.64,1,-0.154913336039,0,-4.10888624191,0,0,-4.10888624191,0,-4.10888624191,0,-0.127809331435,-0.668414374776,-0.154913332565,-0.706497258404,0.0434638441836,-0.0801166641636,-4.86618888211,3.07697835619,-4.10888621088,-0.000171123281144,-0.0141612274405,-0.154534794579,-0.624130744373,-7.62058262513e-06,0.00190514565628,-0.15470591786,-0.12915831806,-0.680208749084,-0.638291971813,-0.168155737053,-0.67009547501,-0.0134498191927,-0.0318035031964,-3.79436565191,-4.10888621088,-1.77299581911,-0.111449488382,-0.786613922568,0.0434638441836,-0.0801166641636,0.0271040011298,0.0380828836288,-0.0162147068143,4,0
1320,2.64,2,0.291087210178,0,1.24982762337,0,0,1.24982762337,0,1.24982762337,0,0.284761665215,0.835517977638,0.291087219592,0.860799187136,-0.0267753581569,0.122468225412,1.53566411157,-0.522353102481,1.24982756935,0.000172570555253,0.0142442726192,0.290707856018,0.778894052909,9.52572824858e-06,-0.00238143206215,0.290880426573,0.286447898513,0.850260945472,0.793138325528,0.297400963591,0.83604461507,0.00652053701745,0.0429062895419,5.09585256787,1.24982756935,0.996995889803,0.264311861435,0.983267412547,-0.0267753581569,0.122468225412,-0.00632555437783,-0.0252812094976,0.0163151192822,4,0
1325,2.65,1,-0.162432253361,0,-3.10888624191,0,0,-3.10888624191,0,-3.10888624191,0,-0.134721342784,-0.704127413981,-0.162432260687,-0.775672895961,0.0429077722121,-0.0424397958354,-1.25409853368,3.44687418819,-3.10888621088,-0.000125452408677,-0.0101453214548,-0.162170052989,-0.721577027421,-2.43350730503e-06,0.000608376826256,-0.162295505398,-0.136131986666,-0.707147071636,-0.731722348876,-0.145057130236,-0.704558071791,0.017238375162,0.027164277085,-2.58599134791,-3.10888621088,2.20442640487,-0.119524488475,-0.818112691796,0.0429077722121,-0.0424397958354,0.0277109179031,0.0715454819802,-0.0116507503589,4,0
1325,2.65,2,0.300113201141,0,0.249827563763,0,0,0.249827563763,0,0.249827563763,0,0.293401679491,0.880159276506,0.300113214075,0.917921725761,-0.0257076024312,0.104719148143,0.450634245938,-0.805315445913,0.249827569349,0.000110902932179,0.0088286512499,0.299890495596,0.874000457544,3.04188412525e-06,-0.000760471031307,0.300001398528,0.295164984362,0.88393384857,0.882829108793,0.297065940921,0.880311954066,-0.00293545760644,-0.0025171547275,0.572994371299,0.249827569349,-0.364840686411,0.274405611644,1.0226408739,-0.0257076024312,0.104719148143,-0.00671153458445,-0.0377624492547,0.010159486436,4,0
1330,2.66,1,-0.170396059752,0,-2.78716945648,0,0,-2.78716945648,0,-2.78716945648,0,-0.141932823497,-0.750093286171,-0.170396056543,-0.809435897059,0.0425419401979,-0.0507297664799,-6.99645959329,3.5931935156,-2.78716947038,-6.04819662597e-05,-0.00488063866661,-0.170268403451,-0.782345864542,-1.10280789434e-05,0.00275701973585,-0.170328885417,-0.143449017207,-0.766367914149,-0.787226503209,-0.200088967727,-0.752516458847,-0.0297600823104,0.0347100443619,-2.08314437711,-2.78716947038,-3.39765965543,-0.127854116346,-0.860165663538,0.0425419401979,-0.0507297664799,0.0284632330463,0.0593426108878,-0.00560642226173,4,0
1330,2.66,2,0.309278637171,0,0.877500295639,0,0,0.877500295639,0,0.877500295639,0,0.302416030472,0.937616616518,0.309278647049,0.919190535852,-0.0244610004756,0.156016552463,2.28571051803,-0.698396191221,0.877500322703,2.4292109215e-05,0.00181065659114,0.309235224866,0.911241522101,1.37850986144e-05,-0.00344627465359,0.309259516975,0.304311272627,0.957959901395,0.913052178692,0.32141311905,0.938408161875,0.0121536020749,0.0253559831832,2.79192422678,0.877500322703,1.5852121649,0.284817646573,1.07520708831,-0.0244610004756,0.156016552463,-0.00686261657678,0.0184260806658,0.00210216190171,4,0
1335,2.67,1,-0.178826063871,0,-3.78716945648,0,0,-3.78716945648,0,-3.78716945648,0,-0.14987529357,-0.842123879386,-0.178826060914,-0.87101521356,0.0419416133359,-0.0786713102789,-8.77841495815,3.43316121623,-3.78716947038,-6.89665437735e-05,-0.00596551587289,-0.178656861002,-0.830377791359,-1.32965057647e-05,0.00332412644119,-0.178725827545,-0.151579501379,-0.862076283559,-0.836343307232,-0.222845457955,-0.845164302902,-0.0441196304097,-0.00882099566992,-2.89590376626,-3.78716947038,-5.33846062752,-0.136884447578,-0.949686523839,0.0419416133359,-0.0786713102789,0.0289507673435,0.0288913341743,-0.00679311439817,4,0
1335,2.67,2,0.318821072578,0,1.87750029564,0,0,1.87750029564,0,1.87750029564,0,0.312344118149,1.05265485746,0.31882107961,0.98853978508,-0.0227155189103,0.198568377985,2.93255515329,-0.334112787944,1.8775003227,3.60499141207e-05,0.00329745940185,0.318721154654,0.962265881595,1.6620632115e-05,-0.00415515802875,0.318757204568,0.314474377926,1.07759536254,0.965563340997,0.336708694328,1.05367004813,0.0179514897608,0.0881067071377,6.40553403191,1.8775003227,2.59471230698,0.2961055607,1.18710816306,-0.0227155189103,0.198568377985,-0.00647696146108,0.0641150723805,0.0037300583713,4,0
1340,2.68,1,-0.188118249178,0,-4.38716936111,0,0,-4.38716936111,0,-4.38716936111,0,-0.158785421446,-0.937636565771,-0.188118248568,-0.972966584911,0.0412613857793,-0.0694197279478,-7.67491096823,3.37208943018,-4.38716947038,-0.000126980174282,-0.0108871017462,-0.18781357867,-0.901444052498,-1.10128531295e-05,0.00275321328239,-0.187940558844,-0.160677600773,-0.954349303423,-0.912331154245,-0.222528923181,-0.94029254501,-0.0345883643365,-0.0279613907658,-3.27097200053,-4.38716947038,-4.29041067421,-0.146856862789,-1.04238631286,0.0412613857793,-0.0694197279478,0.0293328271225,0.0353300191398,-0.0124108638376,4,0
1340,2.68,2,0.329531043768,0,2.44091939926,0,0,2.44091939926,0,2.44091939926,0,0.323481778072,1.17204571476,0.329531032475,1.13500377364,-0.0209599526826,0.167979124962,2.68580623854,-0.233683952141,2.44091942347,0.000113280030137,0.00984350256628,0.329251099428,1.06775656935,1.37660663262e-05,-0.00344151658156,0.329364379458,0.325847002246,1.19293663669,1.07760007191,0.345731511526,1.17297278699,0.0163671320676,0.095372715072,8.01526422664,2.44091942347,2.44091942347,0.308571079792,1.30298289861,-0.0209599526826,0.167979124962,-0.00604925440305,0.037041941113,0.0112028629279,4,0
1345,2.69,1,-0.198412790895,0,-3.38716936111,0,0,-3.38716936111,0,-3.38716936111,0,-0.168540774765,-1.00742648528,-0.198412797012,-1.06059962845,0.0407718231985,-0.0476006057072,-4.78484090893,3.53876710606,-3.38716947038,-0.000150048598081,-0.0123454567872,-0.198085223284,-0.990166518895,-5.97705696403e-06,0.00149426424101,-0.198235271882,-0.170565170721,-1.01668077088,-1.00251197568,-0.208227664489,-1.00908010568,-0.0099923926075,-0.00656813000169,-2.02288795822,-3.38716947038,-1.23192776291,-0.157640973813,-1.10820023416,0.0407718231985,-0.0476006057072,0.029872022247,0.0531731431741,-0.0141460399642,4,0
1345,2.69,2,0.341665774584,0,1.49984931946,0,0,1.49984931946,0,1.49984931946,0,0.335675969793,1.25928311358,0.341665787344,1.25325433346,-0.0196145686986,0.131995966177,1.85983911014,-0.403103418589,1.49984926594,0.000142358619385,0.0116419259066,0.341359448269,1.18844178111,7.47132115431e-06,-0.00186783028857,0.341501806889,0.338206464753,1.27085097051,1.20008370701,0.351036709183,1.25992314439,0.0095349022945,0.0598394373744,3.54039930756,1.49984926594,1.44338546221,0.322051218645,1.38525029963,-0.0196145686986,0.131995966177,-0.00598981755034,0.00602878012361,0.0133502293392,4,0
1350,2.7,1,-0.209292814136,0,-2.38716936111,0,0,-2.38716936111,0,-2.38716936111,0,-0.178794553111,-1.03585503613,-0.209292819432,-1.10002985636,0.0404159540919,-0.031257798338,-2.12470977813,3.80482967953,-2.38716947038,-9.83999603125e-05,-0.00789091028763,-0.209091504557,-1.059441628,-2.03233636792e-06,0.000508084091978,-0.209189904517,-0.180868399895,-1.03844764432,-1.06733253829,-0.196394315204,-1.03658835955,0.0127955893129,0.0307441787347,-0.78960135416,-2.38716947038,1.68919161122,-0.16887686534,-1.1312876547,0.0404159540919,-0.031257798338,0.0304982663214,0.0641748202324,-0.00907170981138,4,0
1350,2.7,2,0.354418933392,0,0.53634339571,0,0,0.53634339571,0,0.53634339571,0,0.348493192794,1.29481880192,0.354418942257,1.27793270492,-0.0183228591357,0.136176870144,1.06705618505,-0.524247638295,0.536343376924,7.2156400337e-05,0.00559929303255,0.354283466826,1.25337070617,2.54042044778e-06,-0.000635105111952,0.354355623226,0.351085501288,1.29805956214,1.2589699992,0.357316133648,1.29518642446,0.00296051042194,0.036216425258,-0.78346470346,0.536343376924,0.536343376924,0.336096083121,1.41410957506,-0.0183228591357,0.136176870144,-0.00592574946311,0.016886097004,0.00646516983659,4,0
1355,2.71,1,-0.220364049077,0,-1.99305713177,0,0,-1.99305713177,0,-1.99305713177,0,-0.189285317257,-1.07066422119,-0.220364043569,-1.11197174291,0.040068854683,-0.0490066196985,-6.21245149948,3.84703835364,-1.99305719074,-4.36728992709e-05,-0.00355193515128,-0.22027053108,-1.09182667544,-7.99086250666e-06,0.00199771562667,-0.220314203979,-0.191438287391,-1.082478214,-1.09537861059,-0.24093211509,-1.0728161711,-0.0206179111112,0.0225624394878,-0.193097091043,-1.99305719074,-2.3613371359,-0.180295188886,-1.16097836261,0.040068854683,-0.0490066196985,0.0310787263121,0.0413075217243,-0.00407600994253,4,0
1355,2.71,2,0.367118000984,0,1.53634333611,0,0,1.53634333611,0,1.53634333611,0,0.361606648043,1.33833028291,0.367118002648,1.27133936313,-0.0167490150284,0.179883596464,2.37983318823,-0.340946357874,1.53634337692,-1.11973246252e-06,-0.000214710928469,0.367127120485,1.27426980041,9.9885780433e-06,-0.00249714451083,0.367126000752,0.364297860724,1.35309777379,1.27405508948,0.381406118429,1.33915526084,0.014280117677,0.0651001713655,2.91832842897,1.53634337692,2.03911497807,0.350368987619,1.45122295959,-0.0167490150284,0.179883596464,-0.00551135460432,0.0669909197839,-0.000228147718019,4,0
1360,2.72,1,-0.231691300869,0,-2.99305725098,0,0,-2.99305725098,0,-2.99305725098,0,-0.200308337999,-1.13603219878,-0.231691297275,-1.15223883769,0.0394919368954,-0.0697404339317,-7.28233842427,3.67935486748,-2.99305719074,-5.98936111414e-05,-0.00522765580277,-0.231541317889,-1.11564655245,-9.14859509907e-06,0.00228714877477,-0.2316012115,-0.202594184202,-1.14978454795,-1.12087420825,-0.260839848946,-1.13855434507,-0.0292386374467,-0.0176801368116,-0.983696400477,-2.99305719074,-3.59703717766,-0.19219936038,-1.22197927162,0.0394919368954,-0.0697404339317,0.0313829592764,0.0162066389173,-0.00594637913647,4,0
1360,2.72,2,0.380158215761,0,2.53634333611,0,0,2.53634333611,0,2.53634333611,0,0.375385424031,1.42004025411,0.380158202964,1.33671253975,-0.0149090009179,0.190761555287,2.78296110675,-0.0670026767095,2.53634337692,1.98910787648e-05,0.00197015552853,0.380093372344,1.31800248854,1.14357437533e-05,-0.00285893593832,0.380113263422,0.378242731796,1.43723069039,1.31997264407,0.39851819845,1.42100411971,0.018404935028,0.101031475642,6.4925522516,2.53634337692,2.71374958157,0.365249202046,1.52747409504,-0.0149090009179,0.190761555287,-0.00477277893259,0.0833277143565,0.0022088484737,4,0
1365,2.73,1,-0.243637159467,0,-2.85321974754,0,0,-2.85321974754,0,-2.85321974754,0,-0.212001492628,-1.20047357367,-0.243637153616,-1.22252568645,0.0389074177199,-0.0593748321319,-6.33987438152,3.63483332019,-2.85321980482,-0.000115195437179,-0.00975051134556,-0.243370252859,-1.16207479033,-7.15370883697e-06,0.00178842720924,-0.243485448296,-0.21441346698,-1.21135245744,-1.17182530168,-0.264649602368,-1.20266724491,-0.0211641540714,-0.0308419432344,-0.605550118907,-2.85321980482,-2.69390820474,-0.204729735896,-1.28190051858,0.0389074177199,-0.0593748321319,0.0316356609872,0.0220521127738,-0.0111328565917,4,0
1365,2.73,2,0.394253373146,0,2.48300933838,0,0,2.48300933838,0,2.48300933838,0,0.39000186737,1.50059197184,0.394253359429,1.45697739175,-0.013341187938,0.145398261064,2.55981624585,-0.0678017479727,2.48300935452,9.24412811059e-05,0.00789584798446,0.394035705041,1.4072257786,8.9421359365e-06,-0.00223553398413,0.394128146322,0.393016835319,1.51419057638,1.41512162659,0.41122178642,1.50147613513,0.0170936400983,0.086354508545,5.63984589057,2.48300935452,2.48300935452,0.380912171491,1.60237565281,-0.013341187938,0.145398261064,-0.0042514920592,0.0436145800926,0.00900514335773,4,0
1370,2.74,1,-0.256136983633,0,-1.85321974754,0,0,-1.85321974754,0,-1.85321974754,0,-0.224249765559,-1.24492060037,-0.256136984339,-1.26291842006,0.0383694317366,-0.0583897654895,-4.41160804731,3.69487400297,-1.85321980482,-0.000110398022871,-0.00902778075598,-0.25589971416,-1.21261930124,-3.6744700492e-06,0.000918617512304,-0.256010112183,-0.226745485128,-1.2506156368,-1.221647082,-0.26086332943,-1.24644616553,-0.00485321724732,-0.0247990835261,0.637267946509,-1.85321980482,-0.706381487309,-0.217767552602,-1.32130818555,0.0383694317366,-0.0583897654895,0.0318872187793,0.0179978196922,-0.0103525570304,4,0
1370,2.74,2,0.409294426441,0,1.82861709595,0,0,1.82861709595,0,1.82861709595,0,0.405312208577,1.55615075449,0.409294436209,1.52622968786,-0.0120849937932,0.125405547919,2.01177477075,-0.175405023997,1.82861714119,8.38104188656e-05,0.00674688053146,0.409121185124,1.49105799159,4.59308749801e-06,-0.0011482718745,0.409204995543,0.408431858046,1.56326954993,1.49780487212,0.42198345016,1.55684538955,0.0127784546168,0.0590405174362,2.41423213565,1.82861714119,1.82861714119,0.397209442416,1.65163523578,-0.0120849937932,0.125405547919,-0.00398222763195,0.0299210666235,0.00775260555785,4,0
1375,2.75,1,-0.268804043531,0,-0.853219807148,0,0,-0.853219807148,0,-0.853219807148,0,-0.236810163794,-1.26286855833,-0.268804037263,-1.26437098453,0.0377395490478,-0.0693533152927,-2.98760300174,3.73817690252,-0.853219804822,-6.37559890345e-05,-0.00507111849982,-0.268676155872,-1.23911886671,-1.39288762732e-06,0.000348221906828,-0.268739911861,-0.239337525757,-1.26472564737,-1.24418998521,-0.261615156332,-1.26390209968,0.00712475552908,-0.0197121144675,1.85598953709,-0.853219804822,0.756410091152,-0.231064488215,-1.33372429982,0.0377395490478,-0.0693533152927,0.0319938734687,0.00150242620335,-0.00583619036823,4,0
1375,2.75,2,0.424619585276,0,1.41194701195,0,0,1.41194701195,0,1.41194701195,0,0.421012706409,1.57858570165,0.424619583141,1.52871389422,-0.0107889711729,0.138441484109,1.59609661581,-0.182506083319,1.41194695323,2.06296557413e-05,0.00139602338371,0.424593966106,1.52724555047,1.74110951762e-06,-0.000435277379406,0.424614595762,0.424171908871,1.58090706294,1.52864157385,0.434276787129,1.57913837168,0.00966219136731,0.0504967978315,0.339790586011,1.41194695323,1.41194695323,0.413830611969,1.66715537833,-0.0107889711729,0.138441484109,-0.00360687673246,0.0498718074288,0.0016435792526,4,0
1380,2.76,1,-0.281357169151,0,-1.05321979523,0,0,-1.05321979523,0,-1.05321979523,0,-0.249518112139,-1.28262872509,-0.281357181548,-1.25164472175,0.0369033791771,-0.0965016887924,-4.98076841353,3.59590557706,-1.05321980482,-2.84748628274e-05,-0.00239011779416,-0.281291114255,-1.23618427523,-4.07321324425e-06,0.00101830331107,-0.281319589117,-0.25208936258,-1.28868013046,-1.23857439303,-0.290929855064,-1.28435421438,-0.00961026594631,-0.0457798213541,1.85015865874,-1.05321980482,-1.38213102033,-0.244453802371,-1.34814641054,0.0369033791771,-0.0965016887924,0.031839069409,-0.0309840033434,-0.00273181614809,4,0
1380,2.76,2,0.43986415863,0,2.21056652069,0,0,2.21056652069,0,2.21056652069,0,0.436897641877,1.60328590971,0.43986416852,1.52923122982,-0.0092969138218,0.155951786503,2.24543957476,-0.0374070269332,2.21056643739,-2.67923339765e-05,-0.00221238154786,0.439921902093,1.54104046747,5.09151644923e-06,-0.0012728791123,0.439895109759,0.440111704934,1.61085016627,1.53882808592,0.45559828768,1.60406510328,0.0157031779216,0.0652370173582,3.20837779768,2.21056643739,2.21056643739,0.430567254698,1.68518301632,-0.0092969138218,0.155951786503,-0.00296652664319,0.0740546798897,-0.00253388955557,4,0
1385,2.77,1,-0.293951392174,0,-1.81674814224,0,0,-1.81674814224,0,-1.81674814224,0,-0.26250077554,-1.31413531013,-0.293951391636,-1.26836501764,0.0358848407572,-0.106291156637,-5.22121012553,3.3991009673,-1.81674811561,-5.4328991649e-05,-0.00470909471969,-0.293817746111,-1.23633521937,-3.99171427456e-06,0.000997928568641,-0.293872075103,-0.26513513032,-1.3201711754,-1.24104431409,-0.305890854566,-1.31594323009,-0.0120187794635,-0.0748989159971,1.29100298448,-1.81674811561,-1.81674811561,-0.258066550879,-1.37465617427,0.0358848407572,-0.106291156637,0.0314506160959,-0.0457702924945,-0.00536104261947,4,0
1385,2.77,2,0.455438405275,0,2.44134521484,0,0,2.44134521484,0,2.44134521484,0,0.453125971157,1.64266914009,0.455438417718,1.58079769225,-0.00785522735796,0.137522527809,2.36086264662,0.0814350374357,2.44134513768,7.46057674993e-06,0.000863019451899,0.455406487191,1.57060767451,4.98964270501e-06,-0.00124741067625,0.455413947768,0.456418914636,1.65021397147,1.57147069396,0.472757805613,1.64348713319,0.0173438578458,0.0720164392369,3.7126355143,2.44134513768,2.44134513768,0.44758319036,1.71832022006,-0.00785522735796,0.137522527809,-0.00231244656079,0.061871447844,0.000952546372898,4,0
1390,2.78,1,-0.306770324707,0,-1.247590065,0,0,-1.247590065,0,-1.247590065,0,-0.275782146353,-1.34037903813,-0.306770339279,-1.28852323719,0.0348420130389,-0.107410132822,-4.53987776693,3.28477516531,-1.24759000711,-7.88138715115e-05,-0.00656682805797,-0.306593267926,-1.24940879247,-2.49828380505e-06,0.000624570951269,-0.306672081797,-0.278466826238,-1.34421365563,-1.25597562052,-0.313486397354,-1.34195004859,-0.00681431555654,-0.0859744280641,2.07379196016,-1.24759000711,-1.24759000711,-0.27192832624,-1.39593337002,0.0348420130389,-0.107410132822,0.0309881929261,-0.0518558009348,-0.00751259451611,4,0
1390,2.78,2,0.471585571766,0,2.25189328194,0,0,2.25189328194,0,2.25189328194,0,0.469727684692,1.67547379907,0.471585573738,1.63382041092,-0.00667516415981,0.111096302783,2.1849248376,0.0707212639201,2.25189337643,3.94323138356e-05,0.00327953732254,0.471497511245,1.61462779615,3.12285463366e-06,-0.00078071365841,0.471536943559,0.473083534551,1.68026707076,1.61790733348,0.487872617344,1.67622983793,0.0163356737846,0.0583225044551,2.47056128365,2.25189337643,2.25189337643,0.464910409578,1.74491671371,-0.00667516415981,0.111096302783,-0.0018578890461,0.0416533881475,0.00375272508857,4,0
1395,2.79,1,-0.319661200047,0,-0.603940606117,0,0,-0.603940606117,0,-0.603940606117,0,-0.289266845571,-1.3545113754,-0.319661203616,-1.28648596109,0.033717587327,-0.118591324548,-3.78415995382,3.1740137681,-0.603940579214,-6.62235520094e-05,-0.00541092387572,-0.319518928245,-1.25626385572,-9.55768332089e-07,0.000238942083025,-0.319585151797,-0.291977417313,-1.3560026976,-1.26167477959,-0.320695235288,-1.35582089164,-0.00111008349172,-0.0941461120417,2.92294815933,-0.603940579214,-0.603940579214,-0.285943616289,-1.40507728564,0.033717587327,-0.118591324548,0.0303943580457,-0.0680254143079,-0.00620560649983,4,0
1395,2.79,2,0.488073945045,0,2.01586222649,0,0,2.01586222649,0,2.01586222649,0,0.486583558724,1.69313921986,0.488073953807,1.65455497818,-0.00564443165987,0.101791629252,1.97473531731,0.0430627615579,2.01586211451,2.18280108109e-05,0.00167402823597,0.488033886101,1.64752090999,1.19471034549e-06,-0.00029867758637,0.488055714112,0.489971773403,1.69500337251,1.64919493823,0.50299506114,1.69382303246,0.0149393470278,0.044628094234,1.09551606187,2.01586211451,2.01586211451,0.482429522147,1.75634660744,-0.00564443165987,0.101791629252,-0.00149039508325,0.0385842416789,0.0019359643657,4,0
1400,2.8,1,-0.332441091537,0,-0.740998566151,0,0,-0.740998566151,0,-0.740998566151,0,-0.302842203739,-1.35993718034,-0.332441094107,-1.27259515836,0.0324410948223,-0.133011559508,-3.75784188394,3.01238141063,-0.740998544975,-4.71630455338e-05,-0.00389597179271,-0.332336522383,-1.24952193011,-5.94503167473e-07,0.00014862579187,-0.332383685429,-0.305563006102,-1.3608470591,-1.2534179019,-0.334066161775,-1.36123817859,-0.00168247634597,-0.107820276692,2.97928705287,-0.740998544975,-0.740998544975,-0.299999999285,-1.40560671787,0.0324410948223,-0.133011559508,0.0295988903688,-0.0873420219767,-0.00446192833911,4,0
1400,2.8,2,0.504638075829,0,2.05306839943,0,0,2.05306839943,0,2.05306839943,0,0.503552756438,1.69992147572,0.504638091127,1.65790335026,-0.0046380902332,0.0991050471622,1.98344656992,0.0692530461025,2.05306831295,-3.42047281385e-06,-0.000327651254382,0.504647646991,1.66020323582,7.43128940495e-07,-0.000185782235114,0.504644226519,0.506953759393,1.70105882415,1.65987558457,0.520055899039,1.70060910667,0.0154116725204,0.0407335221001,0.893959389971,2.05306831295,2.05306831295,0.500000000894,1.75700839742,-0.0046380902332,0.0991050471622,-0.00108533468903,0.0420181254693,-0.000368696928148,4,0
1405,2.81,1,-0.345113784075,0,-0.587979912758,0,0,-0.587979912758,0,-0.587979912758,0,-0.316458793501,-1.36237425148,-0.345113777286,-1.26329509697,0.0310641125924,-0.140053397751,-3.42508830291,2.83240017159,-0.587979938959,-4.92475422617e-05,-0.00411722184989,-0.345002461199,-1.23850709819,3.17545566453e-07,-7.93863916067e-05,-0.345051708741,-0.31918319104,-1.36196061066,-1.24262432004,-0.344912562185,-1.36355982518,0.000139146556283,-0.120935505143,3.31926393441,-0.587979938959,-0.587979938959,-0.314049664693,-1.40334849472,0.0310641125924,-0.140053397751,0.028654983785,-0.099079154514,-0.00470819235703,4,0
1405,2.81,2,0.521273314953,0,1.99352657795,0,0,1.99352657795,0,1.99352657795,0,0.520573493642,1.70296781422,0.521273315379,1.66657542654,-0.00371123272635,0.0876101915141,1.89412287365,0.0994256843854,1.99352653969,2.31847532275e-08,2.17401291901e-05,0.52127244182,1.66628562451,-3.96932069546e-07,9.9233017375e-05,0.521272465004,0.523978990566,1.70245076303,1.66630736464,0.536330311849,1.70362434831,0.0150578468444,0.0373169836716,0.322076438636,1.99352653969,1.99352653969,0.517562082653,1.75418561805,-0.00371123272635,0.0876101915141,-0.000699821737617,0.0363923876836,2.20183462289e-05,4,0
1410,2.82,1,-0.357643723488,0,-0.142718538642,0,0,-0.142718538642,0,-0.142718538642,0,-0.33006067003,-1.35633120761,-0.357643725851,-1.2442937374,0.0296052463052,-0.148478415395,-2.80284200438,2.65585341178,-0.14271854293,-4.53231173332e-05,-0.00372617226614,-0.357545021133,-1.22306353641,1.63980471285e-06,-0.000409951178217,-0.35759034425,-0.332770996932,-1.35393359767,-1.22678970868,-0.353341684558,-1.35730124988,0.00424865969213,-0.130511541197,3.94254082167,-0.14271854293,-0.14271854293,-0.328038479546,-1.39277215279,0.0296052463052,-0.148478415395,0.0275830558211,-0.112037470208,-0.00427004967413,4,0
1410,2.82,2,0.537921667099,0,1.81789076328,0,0,1.81789076328,0,1.81789076328,0,0.537575839298,1.69541400842,0.537921677783,1.6610463513,-0.00287357657191,0.079918838395,1.70682024976,0.110557424052,1.81789078206,-4.70340635421e-06,-0.000456667372526,0.537936420477,1.66521812443,-2.04975603291e-06,0.000512439008225,0.537931717071,0.540963747923,1.69241699579,1.66476145706,0.551778959087,1.69600580508,0.0138472420161,0.0312443480255,-0.68231642306,1.81789078206,1.81789078206,0.535048101211,1.74096518969,-0.00287357657191,0.079918838395,-0.000345838485267,0.0343676571249,-0.000513108248777,4,0
1415,2.83,1,-0.36991161108,0,0.00359126646072,0,0,0.00359126646072,0,0.00359126646072,0,-0.343554432722,-1.34121979832,-0.369911612129,-1.21434774894,0.02803684453,-0.158974788213,-2.45806533178,2.45849780647,0.00359126640756,-3.35783710166e-05,-0.00275585126366,-0.369838493559,-1.19854016737,2.46613479243e-06,-0.000616533698113,-0.36987207193,-0.346233205251,-1.33753666318,-1.20129601864,-0.363976532189,-1.34207071913,0.00589553974078,-0.140774700497,4.254315807,0.00359126640756,0.00359126640756,-0.341874767599,-1.37332253716,0.02803684453,-0.158974788213,0.0263571794065,-0.12687204938,-0.00315879171586,4,0
1415,2.83,2,0.554411411285,0,1.73735630512,0,0,1.73735630512,0,1.73735630512,0,0.554443042647,1.67652474578,0.554411431482,1.63978259464,-0.00206797022263,0.0768705744766,1.59727719589,0.138173312937,1.73735633046,-1.94553433825e-05,-0.0016723575066,0.554458098328,1.65066803261,-3.08266861371e-06,0.000770667153415,0.554438642984,0.557791508304,1.67192082667,1.6489956751,0.567746471563,1.67707905532,0.0133078285781,0.0280833802179,-1.24650958029,1.73735633046,1.73735633046,0.552343461259,1.71665316912,-0.00206797022263,0.0768705744766,3.16111654026e-05,0.0367421511442,-0.00190582162719,4,0
1420,2.84,1,-0.38189291954,0,-0.678466022015,0,0,-0.678466022015,0,-0.678466022015,0,-0.356874823811,-1.32326417094,-0.381892907515,-1.18978098211,0.0263972907649,-0.161526649145,-2.96860560671,2.24731691246,-0.67846601059,-3.37934963086e-05,-0.00288643634437,-0.381811727327,-1.1705443888,1.88468447126e-06,-0.000471171117816,-0.381845520823,-0.359518373783,-1.3203614725,-1.17343082515,-0.381542944283,-1.32429200929,0.000302576539816,-0.150861184146,3.73430342111,-0.67846601059,-0.717996735951,-0.355495616751,-1.35130763126,0.0263972907649,-0.161526649145,0.0250180837044,-0.133483188826,-0.00329195830007,4,0
1420,2.84,2,0.570699870586,0,1.9237177372,0,0,1.9237177372,0,1.9237177372,0,0.571093531483,1.65408021077,0.570699886034,1.62462908142,-0.00133036336301,0.0645054545436,1.75103883645,0.171067725137,1.92371778041,-1.79382170401e-05,-0.00139596021984,0.570733066437,1.63034430426,-2.35585565744e-06,0.000588963914375,0.57071512822,0.574397968941,1.65045183762,1.62894834404,0.585673635929,1.65468771512,0.0149585077083,0.0257393710839,-0.721948341233,1.92371778041,1.92371778041,0.569369522671,1.68913453597,-0.00133036336301,0.0645054545436,0.000393645448335,0.0294511293452,-0.00161121882432,4,0
1425,2.85,1,-0.39378452301,0,-1.67846596241,0,0,-1.67846596241,0,-1.67846596241,0,-0.370053057975,-1.31554056589,-0.393784524289,-1.19323119861,0.0248490138636,-0.146667358325,-4.3603536175,2.06301723327,-1.67846601059,-6.40748757999e-05,-0.00554621244972,-0.393626711331,-1.15529232253,2.62127057893e-07,-6.55317644775e-05,-0.393690786206,-0.372684285486,-1.31541716041,-1.16083853498,-0.406273828913,-1.31704976468,-0.0125830427065,-0.156211229698,2.91070071836,-1.67846601059,-2.29102127327,-0.368935510425,-1.33989855694,0.0248490138636,-0.146667358325,0.0237314663142,-0.122309367277,-0.00631511095932,4,0
1425,2.85,2,0.587045490742,0,2.32170844078,0,0,2.32170844078,0,2.32170844078,0,0.587566324156,1.64442570414,0.587045504542,1.64802939755,-0.000876114810484,0.0268437952171,2.18845385028,0.135724398114,2.32170848392,2.30334656269e-05,0.00219336288623,0.586975623091,1.62871148402,-3.27658841281e-07,8.19147103313e-05,0.586998656557,0.590855358539,1.64427144728,1.6309048469,0.605751287088,1.64518341093,0.0187526305315,0.0142785640284,0.561038298429,2.32170848392,2.32170848392,0.586169389731,1.67487319277,-0.000876114810484,0.0268437952171,0.000520819613963,-0.00360369340598,0.00246976447375,4,0
1430,2.86,1,-0.405794680119,0,-0.89940994978,0,0,-0.89940994978,0,-0.89940994978,0,-0.383161584106,-1.30028893779,-0.405794671119,-1.20108878925,0.023524423174,-0.120092261282,-1.70725980381,2.02701256975,-0.899409935893,-9.24350857931e-05,-0.00761812168778,-0.405592115165,-1.15752214258,4.71467009416e-06,-0.00117866752354,-0.40568455025,-0.385755447122,-1.29339550529,-1.16514026427,-0.397291490195,-1.30087768388,0.00839306005567,-0.135737419604,3.87577654253,-0.899409935893,0.328480108659,-0.382270247945,-1.32118105053,0.023524423174,-0.120092261282,0.0226330870131,-0.0992001485398,-0.00872734271729,4,0
1430,2.86,2,0.603683590889,0,1.32170844078,0,0,1.32170844078,0,1.32170844078,0,0.603951981786,1.6253611686,0.603683590785,1.66357756027,-0.000845779188597,-0.0121012509166,1.36039066023,-0.0400933842462,1.32170848392,6.07914678524e-05,0.00495871149259,0.603553617808,1.63652287421,-5.89333772272e-06,0.00147333443068,0.603614409276,0.607194310549,1.61674437783,1.64148158571,0.615221603564,1.62583073617,0.0116071942878,-0.0156508495316,-3.784603979,1.32170848392,1.31460906688,0.602837811596,1.65147630936,-0.000845779188597,-0.0121012509166,0.000268391001941,-0.0382163916724,0.00568820910682,4,0
1435,2.87,1,-0.417645961046,0,0.100590065122,0,0,0.100590065122,0,0.100590065122,0,-0.395965025859,-1.25698410712,-0.417645972037,-1.16988390452,0.022380165558,-0.104669984459,-0.278383683336,2.06779780003,0.100590064107,-5.72951949051e-05,-0.00456082522408,-0.417530660672,-1.14703252171,7.15084816311e-06,-0.00178771204078,-0.417587955867,-0.398468406499,-1.24632718379,-1.15159334693,-0.398237208729,-1.2570787814,0.0193507471384,-0.10548543447,5.04100761061,0.100590064107,1.79466248425,-0.395265806479,-1.27455388898,0.022380165558,-0.104669984459,0.0216809461777,-0.0871002025942,-0.00524836756294,4,0
1435,2.87,2,0.620016753674,0,0.706370711327,0,0,0.706370711327,0,0.706370711327,0,0.619956283938,1.57123012937,0.620016776314,1.60553145139,-0.000934516593311,-0.0123390948504,0.886582162682,-0.178906317049,0.706370702035,1.65022818653e-05,0.00110711621638,0.619996689303,1.60453849303,-8.93856033435e-06,0.0022346400836,0.620013191585,0.623085509728,1.55790897502,1.60564560925,0.6273208068,1.57153698449,0.00730761521498,-0.0341086247526,-6.40229908811,0.706370702035,0.706370702035,0.619082259721,1.59319235654,-0.000934516593311,-0.0123390948504,-6.04923768059e-05,-0.034301322021,0.00130514359876,4,0
1440,2.88,1,-0.429005891085,0,1.10059010983,0,0,1.10059010983,0,1.10059010983,0,-0.408261166518,-1.20173938161,-0.429005897928,-1.11048746176,0.0212836829814,-0.105793864097,-0.312957930022,2.02219231541,1.10059006411,-1.43787694988e-05,-0.00104090935452,-0.428983528258,-1.10745516312,7.21049589847e-06,-0.00180262397461,-0.428997907028,-0.410653713784,-1.19086576105,-1.10849607247,-0.410854534772,-1.20184743862,0.018143372256,-0.0933513661479,6.16871528649,1.10059006411,1.71044783998,-0.407722214947,-1.21628132586,0.0212836829814,-0.105793864097,0.0207447314096,-0.0912519198501,-0.00121345458851,4,0
1440,2.88,2,0.63551658392,0,0.685551524162,0,0,0.685551524162,0,0.685551524162,0,0.635326459711,1.50217422155,0.635516573152,1.51079661762,-0.000863802898333,0.00955503408542,0.856394790823,-0.174559355944,0.68555151675,-3.69446850516e-05,-0.00327274565053,0.635612009397,1.53439231837,-9.0131199838e-06,0.00225327999594,0.635575064712,0.638317143783,1.48858219567,1.53111957272,0.64248162815,1.50247235356,0.00690656343791,-0.0286472191597,-6.4726006146,0.68555151675,0.68555151675,0.634652770254,1.52035165171,-0.000863802898333,0.00955503408542,-0.00019011344096,-0.00862239607585,-0.00371608187115,4,0
1445,2.89,1,-0.439702600241,0,0.567359089851,0,0,0.567359089851,0,0.567359089851,0,-0.420022426277,-1.15336835984,-0.439702606087,-1.04592830499,0.0200872865038,-0.119334265834,-2.05539206133,1.82494914408,0.567359076902,5.82605613278e-06,0.000420361154608,-0.439710762079,-1.04639831591,4.53389350341e-06,-0.00113347337586,-0.439704936023,-0.422321956015,-1.14636444898,-1.04597795475,-0.437125086951,-1.1540809707,0.0025798490722,-0.10810301595,5.74033629935,0.567359076902,-0.230933191086,-0.419615319584,-1.16526257082,0.0200872865038,-0.119334265834,0.0196801798105,-0.107440054855,0.000490273828201,4,0
1445,2.89,2,0.650089859962,0,1.30764567852,0,0,1.30764567852,0,1.30764567852,0,0.650028034351,1.44171044363,0.650089870429,1.42866459204,-0.000570719438404,0.0279136151812,1.36349782568,-0.0615954796221,1.3076456253,-6.12212793987e-05,-0.00500862389163,0.650220667511,1.45588427831,-5.66736693897e-06,0.00141684173473,0.650159446232,0.652902446511,1.43295555496,1.45087565441,0.661418601602,1.4421850506,0.0112591553698,-0.00869060381365,-3.93133629737,1.3076456253,1.3076456253,0.64951915099,1.45657820722,-0.000570719438404,0.0279136151812,-6.18360777712e-05,0.0130458515893,-0.00574327924442,4,0
1450,2.9,1,-0.449973762035,0,-0.432640910149,0,0,-0.432640910149,0,-0.432640910149,0,-0.431422844772,-1.13338024351,-0.449973757881,-1.0203500528,0.0188506243784,-0.122681736828,-4.74110192758,1.54647865851,-0.432640923098,-3.32542071947e-05,-0.0030532024205,-0.449880648354,-0.995837385838,1.06724424337e-06,-0.000266811060843,-0.449913902561,-0.433688998094,-1.13227622815,-0.998890588259,-0.470834835133,-1.13502240977,-0.0209209325716,-0.136131821515,4.8548160239,-0.432640923098,-3.19117101616,-0.431123133503,-1.14303178963,0.0188506243784,-0.122681736828,0.0185509131098,-0.113030190709,-0.00345225290683,4,0
1450,2.9,2,0.664257049561,0,2.20861172676,0,0,2.20861172676,0,2.20861172676,0,0.664278557406,1.41672529794,0.664257033921,1.41981407565,-0.000353115595738,0.00897565483239,2.19037054889,0.0176974640212,2.20861177575,-9.52359658116e-06,-0.00042947968255,0.664254868157,1.41441239311,-1.33405532088e-06,0.000333513830227,0.66424534456,0.667111249046,1.41534527873,1.41398291343,0.682504534349,1.41748471365,0.0182591897887,0.0035018002205,-0.43876374891,2.20861177575,2.20861177575,0.663903918325,1.42878973048,-0.000353115595738,0.00897565483239,2.15234852777e-05,-0.00308877770083,-0.000543762841524,4,0
1455,2.91,1,-0.460159391165,0,-0.23264092207,0,0,-0.23264092207,0,-0.23264092207,0,-0.442651025786,-1.10205758258,-0.460159377331,-1.01488871579,0.0177217312135,-0.0947984841186,-0.0133170750203,1.47940985398,-0.232640923098,-8.28568857218e-05,-0.00694272569365,-0.459971589858,-0.973314724705,8.64349141744e-06,-0.00216087285435,-0.460054446744,-0.444842730303,-1.08936963983,-0.980257450398,-0.442695781974,-1.10205944742,0.0173586647699,-0.121801997021,5.19004441722,-0.232640923098,1.47402978728,-0.442437646118,-1.10968719991,0.0177217312135,-0.0947984841186,0.0175083515451,-0.0871688667917,-0.00793700832231,4,0
1455,2.91,2,0.678573310375,0,1.20861172676,0,0,1.20861172676,0,1.20861172676,0,0.678313783608,1.37757197143,0.678573338623,1.43099312605,-0.000526279596172,-0.0438841330556,0.700064597947,-0.174801631838,1.20861177575,5.46018937657e-05,0.0046033731713,0.67844846353,1.40338616107,-1.08043643592e-05,0.00270109108978,0.678503065423,0.681053414241,1.36171204286,1.40798953424,0.684093798877,1.3778128054,0.00559073345339,-0.030176728839,-4.67146874682,1.20861177575,0.520004370212,0.678047059027,1.38710899299,-0.000526279596172,-0.0438841330556,-0.000259555014356,-0.0534211546157,0.00525859589649,4,0
1460,2.92,1,-0.470094889402,0,0.76735907793,0,0,0.76735907793,0,0.76735907793,0,-0.45331434695,-1.02578262636,-0.470094886296,-0.974030280726,0.0169270337777,-0.0575431294523,2.08131981961,1.64810875738,0.767359076902,-6.14121830933e-05,-0.00490539872179,-0.469970439087,-0.94927887543,1.19510264808e-05,-0.00298775662019,-0.47003185127,-0.455348124167,-1.00792533886,-0.954184274152,-0.435953136569,-1.02505924259,0.0340787147009,-0.070874968439,6.31088653206,0.767359076902,3.73507092191,-0.453167852518,-1.03157341018,0.0169270337777,-0.0575431294523,0.016780539346,-0.0517523456313,-0.00564234491891,4,0
1460,2.92,2,0.692562639713,0,0.208611771464,0,0,0.208611771464,0,0.208611771464,0,0.691642934992,1.28222827542,0.692562610405,1.36743397607,-0.00110279345006,-0.0779672209603,-0.0137891531199,-0.509661241602,0.208611775748,2.86105717385e-05,0.00212373541148,0.692515053522,1.36041928988,-1.49387832069e-05,0.00373469580173,0.692543664094,0.694185156498,1.25990666589,1.36254302529,0.691507701311,1.28222264068,-0.00103596278312,-0.0803203846041,-8.74174069466,0.208611775748,-0.525917456994,0.691459816955,1.28946675511,-0.00110279345006,-0.0779672209603,-0.000919675413172,-0.0852057006526,0.00246706227234,4,0
1465,2.93,1,-0.479389488697,0,1.76735901833,0,0,1.76735901833,0,1.76735901833,0,-0.463121625243,-0.935933110355,-0.479389477454,-0.89480412721,0.0163644161032,-0.0453778968451,1.66196655564,1.76464802286,1.7673590769,-8.55910891272e-06,-0.000450240966356,-0.479387357663,-0.897829477266,1.12226756593e-05,-0.00280566891484,-0.479395916772,-0.464976403371,-0.9189720572,-0.898279718232,-0.449291306997,-0.935356847095,0.0301046097757,-0.0370771288625,7.39229788614,1.7673590769,3.42716752877,-0.46302506135,-0.940182024055,0.0163644161032,-0.0453778968451,0.0162678522104,-0.0411289831453,-0.000552950273309,4,0
1465,2.93,2,0.70547503233,0,-0.574958562851,0,0,-0.574958562851,0,-0.574958562851,0,0.703902032779,1.16991637966,0.705475041314,1.23116379507,-0.00169371339898,-0.0559362733506,0.0409427045527,-0.619621593391,-0.574958535887,-3.56969927146e-05,-0.00329198903874,0.705576019946,1.25781372321,-1.40283446606e-05,0.00350708616514,0.705540322953,0.706220505422,1.14871506309,1.25452173417,0.704273579878,1.16993186079,-0.00126674307499,-0.0845898733777,-11.677023232,-0.574958535887,-0.574958535887,0.703781327915,1.17522752172,-0.00169371339898,-0.0559362733506,-0.00157300853491,-0.061247415406,-0.00372035295131,4,0
1470,2.94,1,-0.487762510777,0,1.57169556618,0,0,1.57169556618,0,1.57169556618,0,-0.472086689177,-0.862127842024,-0.48776250162,-0.801779547016,0.0157362600929,-0.0633739440731,-1.15228546337,1.64252860704,1.57169553291,3.14065519791e-05,0.00260474192083,-0.487831028866,-0.816127910059,6.69584025176e-06,-0.00167396006294,-0.487799622314,-0.473800278383,-0.851772722911,-0.813523168138,-0.48169722991,-0.862528281221,0.00610239240443,-0.0490051130826,7.24046298621,1.57169553291,0.487261523118,-0.472026241527,-0.865153491089,0.0157362600929,-0.0633739440731,0.0156758124429,-0.0603482950075,0.00298162054458,4,0
1470,2.94,2,0.716882407665,0,0.313946306705,0,0,0.313946306705,0,0.313946306705,0,0.715108362611,1.07765979371,0.716882388871,1.08927510661,-0.00184958582168,-0.0078332516259,0.855034438491,-0.446202198205,0.313946316839,-8.31236524289e-05,-0.00690010115502,0.717065976634,1.12881256559,-8.36980035923e-06,0.00209245008982,0.716982852982,0.717250349101,1.06471589475,1.12191246444,0.722286999894,1.07795890359,0.00530414691243,-0.0439535608441,-7.79940755376,0.313946316839,0.416729825271,0.715032803049,1.08144185498,-0.00184958582168,-0.0078332516259,-0.00177402626049,-0.0116153129027,-0.00789758498416,4,0
1475,2.95,1,-0.495424240828,0,0.571695506573,0,0,0.571695506573,0,0.571695506573,0,-0.48051061994,-0.832193120161,-0.495424235212,-0.748352321533,0.0149487245274,-0.0859247852454,-4.87524432438,1.32381206725,0.571695532911,-3.19071141443e-06,-0.000542593887177,-0.495399124529,-0.739012252504,1.71571405416e-06,-0.000428928513536,-0.495402315241,-0.482173784141,-0.830295314745,-0.739554846391,-0.521062412871,-0.8338827782,-0.0256600976306,-0.0943279318084,6.28667791192,0.571695532911,-3.55085137471,-0.480475510685,-0.834277106778,0.0149487245274,-0.0859247852454,0.0149136152723,-0.083840798628,-0.00058088242415,4,0
1475,2.95,2,0.727352559566,0,1.31394636631,0,0,1.31394636631,0,1.31394636631,0,0.725638275975,1.04024139118,0.727352556348,1.03024814534,-0.00175816694161,0.0125982290688,1.99251946986,-0.189313392124,1.31394631684,-3.75257153378e-05,-0.00277441529646,0.727414150107,1.03915812289,-2.14464257964e-06,0.00053616064491,0.727376624392,0.727717231207,1.03786913439,1.03638370759,0.742240654016,1.04093315693,0.0148640296244,0.00454944933868,-3.64648506638,1.31394631684,1.80643080162,0.725594389407,1.04284637441,-0.00175816694161,0.0125982290688,-0.00171428037363,0.00999324583893,-0.00322472388052,4,0
1480,2.96,1,-0.502756476402,0,0.771695554256,0,0,0.771695554256,0,0.771695554256,0,-0.488680448032,-0.788246504843,-0.502756448463,-0.721428842661,0.0140941933956,-0.0681405918472,1.46496782416,1.21643110249,0.771695532911,-5.92308674112e-05,-0.00502014445194,-0.502619122918,-0.690562842812,1.16747766754e-05,-0.00291869416885,-0.502678353785,-0.490240126076,-0.771082939538,-0.695582987264,-0.476445865801,-0.787736730583,0.0262324879842,-0.0921537433191,6.55146615855,0.771695532911,2.68712984151,-0.488662255067,-0.789569434508,0.0140941933956,-0.0681405918472,0.0140760004305,-0.0668176621817,-0.00573091486087,4,0
1480,2.96,2,0.737580418587,0,0.545785725117,0,0,0.545785725117,0,0.545785725117,0,0.735850560999,0.985308121781,0.737580389928,1.01167589898,-0.00175257013534,-0.0247141151499,-0.0140848461073,-0.25628669258,0.545785701379,3.35215877131e-05,0.00290171810973,0.737499717579,0.993279466166,-1.45934709049e-05,0.00364836772624,0.737533239166,0.737800158535,0.963853665061,0.996181184276,0.735705905277,0.985302094459,-0.00182733388972,-0.0108790898167,-6.73845232299,0.545785701379,-0.27367551585,0.735827819793,0.986961783833,-0.00175257013534,-0.0247141151499,-0.00172982892957,-0.0263677772017,0.00330397716229,4,0
1485,2.97,1,-0.509641945362,0,1.77169549465,0,0,1.77169549465,0,1.77169549465,0,-0.496084808935,-0.686875765108,-0.509641966726,-0.661535963886,0.0135652047568,-0.0260793747051,4.01413786827,1.42879400267,1.77169553291,-4.44135098636e-05,-0.00350716782041,-0.509554566541,-0.644787291025,1.55207853204e-05,-0.0038801963301,-0.509598980051,-0.49743540294,-0.66365641394,-0.648294458846,-0.462658024894,-0.685482982439,0.046940955157,-0.0371885235935,7.60330564731,1.77169553291,5.44697200088,-0.49607676197,-0.687615338592,0.0135652047568,-0.0260793747051,0.0135571577918,-0.0253398012212,-0.00404012993877,4,0
1485,2.97,2,0.747233569622,0,-0.454214304686,0,0,-0.454214304686,0,-0.454214304686,0,0.745106012032,0.858594696613,0.747233560248,0.924730421202,-0.0021376069221,-0.065211257754,-0.895887777331,-0.584169376023,-0.454214298621,1.58758581135e-05,0.00108797287372,0.747212995505,0.923391974995,-1.94009817203e-05,0.00485024543008,0.747228871363,0.746794254519,0.829570507549,0.924479947869,0.737642583868,0.85828372044,-0.00958628749481,-0.0661962274294,-10.6225776371,-0.454214298621,-1.48133563652,0.745095953326,0.859519163448,-0.0021376069221,-0.065211257754,-0.00212754821619,-0.0661357245889,0.00127848317108,4,0
1490,2.98,1,-0.515704512596,0,2.77169561386,0,0,2.77169561386,0,2.77169561386,0,-0.502372627964,-0.571700926561,-0.51570451355,-0.564621250729,0.0133346346631,-0.00742990437434,3.24347636123,1.61203702114,2.77169553291,5.23826172748e-06,0.000689717438936,-0.515732798477,-0.574279674182,1.40652449895e-05,-0.00351631124738,-0.515727560216,-0.503494563511,-0.550418839647,-0.573589956743,-0.475396762858,-0.570576932182,0.0403307973582,0.00301302456116,8.61576368827,2.77169553291,4.85476080579,-0.502369878887,-0.572051155104,0.0133346346631,-0.00742990437434,0.0133318855862,-0.00707967583175,0.000752576579666,4,0
1490,2.98,2,0.755594193935,0,-1.45421433449,0,0,-1.45421433449,0,-1.45421433449,0,0.752965785718,0.714626147941,0.755594167746,0.768010484575,-0.00263181837375,-0.0529465509671,-0.758827910984,-0.723062045817,-1.45421429862,-4.38301226e-05,-0.00395483127894,0.755712479447,0.798324661828,-1.75815562901e-05,0.00439538907253,0.755668649325,0.754368205131,0.688023539217,0.794369830549,0.746690454405,0.714364675803,-0.00897819491936,-0.0800051547454,-14.250389902,-1.45421429862,-1.47740916405,0.752962349372,0.715063933608,-0.00263181837375,-0.0529465509671,-0.00262838202783,-0.0533843366338,-0.00448079275014,4,0
1495,2.99,1,-0.520654082298,0,2.57779169083,0,0,2.57779169083,0,2.57779169083,0,-0.507598551291,-0.4802383144,-0.52065407234,-0.451549625584,0.0130560359678,-0.0288075341868,-0.371989523694,1.52504749465,2.577791676,4.80925414536e-05,0.00400351083426,-0.520760817559,-0.474511154734,8.12577735354e-06,-0.00203144433838,-0.520712725017,-0.508546060738,-0.467660390736,-0.470507643899,-0.510731197211,-0.480368841313,0.00998152780577,-0.00986119741399,8.39484253617,2.577791676,1.14847734962,-0.507598036372,-0.48035715977,0.0130560359678,-0.0288075341868,0.0130555210491,-0.0286886888163,0.0045806213317,4,0
1495,2.99,2,0.762187838554,0,-0.510024905205,0,0,-0.510024905205,0,-0.510024905205,0,0.759498189772,0.600297882417,0.762187839396,0.596502197886,-0.00269029327221,0.00394424124004,0.284591307668,-0.506514185762,-0.510024926387,-9.44735918243e-05,-0.0078583968423,0.762397971503,0.642131721074,-1.01572217163e-05,0.00253930542906,0.762303497912,0.760682576561,0.5845754778,0.634273324232,0.761940477919,0.600399644423,-0.000363019992563,-0.0338736798085,-9.95377448313,-0.510024926387,-0.21293079815,0.759497546124,0.600446439126,-0.00269029327221,0.00394424124004,-0.00268964962393,0.00379568453161,-0.00899207994419,4,0
1500,3,1,-0.524697005749,0,1.57779169083,0,0,1.57779169083,0,1.57779169083,0,-0.512161687434,-0.443857567968,-0.524696999675,-0.378760849859,0.0125353122404,-0.0650967181084,-4.76297926286,1.17421492381,1.577791676,1.52981628541e-05,0.00100386404545,-0.524713859776,-0.378819436485,2.12859716042e-06,-0.000532149290113,-0.524698561613,-0.513047784286,-0.441451978075,-0.377815572439,-0.551794270074,-0.445508925578,-0.0270957084613,-0.0676933531382,7.36719884616,1.577791676,-3.58995178104,-0.512161687434,-0.443857567968,0.0125353122404,-0.0650967181084,0.0125353122404,-0.0650967181084,0.0011874419997,4,0
1500,3,2,0.767563045025,0,0.489975064993,0,0,0.489975064993,0,0.489975064993,0,0.765202109845,0.554821949273,0.767563039243,0.50970440032,-0.00236092939793,0.0451175489523,1.62041251139,-0.126129037895,0.489975073613,-5.22318760448e-05,-0.00401425056623,0.767658648051,0.526358655505,-2.66074645583e-06,0.000665186613961,0.767606416175,0.766309730889,0.551814961901,0.522344404939,0.778720752849,0.555385226065,0.0111143366745,0.0330408211254,-5.60276533836,0.489975073613,1.49892450657,0.765202109845,0.554821949273,-0.00236092939793,0.0451175489523,-0.00236092939793,0.0451175489523,-0.00464103307877,4,0
1505,3.01,1,-0.528235912323,0,1.63799881935,0,0,1.63799881935,0,1.63799881935,0,-0.516419288003,-0.392163111608,-0.528235934018,-0.336785920708,0.0118166460151,-0.0553771908999,2.5527309352,1.03270953952,1.6379988349,-4.3449570826e-05,-0.0037486982247,-0.528131784781,-0.312813608922,1.34722096746e-05,-0.00336805241865,-0.528175234352,-0.517184175428,-0.372339555133,-0.316562307147,-0.495147875636,-0.391276802759,0.0330273587154,-0.0747144956122,7.41800428769,1.6379988349,3.58971056779,-0.516419288003,-0.392163111608,0.0118166460151,-0.0553771908999,0.0118166460151,-0.0553771908999,-0.00427009307461,4,0
1505,3.01,2,0.772468566895,0,-0.110024929047,0,0,-0.110024929047,0,-0.110024929047,0,0.770524110449,0.490203878707,0.77246858942,0.473759995117,-0.00194447897093,0.0164438835908,-0.700410953946,-0.0911658400702,-0.110024926387,2.05853261301e-05,0.00187353677634,0.772414403511,0.460702428623,-1.68402621206e-05,0.00421006553014,0.772434988837,0.771480219708,0.465424433073,0.4625759654,0.764679827485,0.489960366917,-0.00775516135245,0.0273844015175,-7.8479293696,-0.110024926387,-0.793697354706,0.770524110449,0.490203878707,-0.00194447897093,0.0164438835908,-0.00194447897093,0.0164438835908,0.0021205606899,4,0
1510,3.02,1,-0.531204521656,0,2.63799881935,0,0,2.63799881935,0,2.63799881935,0,-0.519792311812,-0.276348686766,-0.531204531339,-0.265238729603,0.0114122195262,-0.0111099571632,5.29585915587,1.26402220066,2.6379988349,-3.41135492599e-05,-0.00265997118502,-0.531139563976,-0.253340378606,1.74659055122e-05,-0.00436647637807,-0.531173677525,-0.520318906193,-0.250197761181,-0.256000349791,-0.475711104273,-0.274511969785,0.0554625732524,-0.0185116199939,8.39735065404,2.6379988349,6.56295069031,-0.519792311812,-0.276348686766,0.0114122195262,-0.0111099571632,0.0114122195262,-0.0111099571632,-0.00306933377614,4,0
1510,3.02,2,0.776668608189,0,-1.11002492905,0,0,-1.11002492905,0,-1.11002492905,0,0.774740390101,0.345435847443,0.776668585702,0.374671833581,-0.001928195601,-0.0292359861388,-1.65965626632,-0.389128438415,-1.11002492639,9.13968762592e-06,0.000538842199099,0.776662366668,0.376375902826,-2.1832381917e-05,0.00545809547925,0.776671506356,0.775398633055,0.312747190421,0.376914745025,0.760928495878,0.34486035185,-0.0157430104776,-0.0320543931747,-11.5780418492,-1.11002492639,-2.04943322319,0.774740390101,0.345435847443,-0.001928195601,-0.0292359861388,-0.001928195601,-0.0292359861388,0.00064851845061,4,0
1515,3.03,1,-0.533237338066,0,3.63799881935,0,0,3.63799881935,0,3.63799881935,0,-0.521905322684,-0.147923933376,-0.533237353404,-0.157262930289,0.0113320307196,0.0093389969131,4.24619304959,1.47347347026,3.6379988349,1.39982046852e-05,0.00141777993343,-0.533285223483,-0.171254745095,1.54241338153e-05,-0.00385603345381,-0.533271225279,-0.52217758801,-0.12456456244,-0.169836965162,-0.486594898078,-0.146452665684,0.0466763272006,0.0233842994775,9.33777691618,3.6379988349,5.71808076146,-0.521905322684,-0.147923933376,0.0113320307196,0.0093389969131,0.0113320307196,0.0093389969131,0.00158575838965,4,0
1515,3.03,2,0.779461979866,0,-1.95934104919,0,0,-1.95934104919,0,-1.95934104919,0,0.77738165358,0.184904905535,0.779462008249,0.206968967965,-0.00208035466859,-0.0220640624301,-1.45187222587,-0.512448708446,-1.95934104777,-4.90658442249e-05,-0.00439109641543,0.779592105331,0.239912481879,-1.92801672838e-05,0.00482004182095,0.779543039487,0.777721985215,0.155705691842,0.235521385464,0.765345114189,0.18440338306,-0.0141979252979,-0.0511180024032,-14.4587815437,-1.95934104777,-1.95934104777,0.77738165358,0.184904905535,-0.00208035466859,-0.0220640624301,-0.00208035466859,-0.0220640624301,-0.00497988654613,4,0
1520,3.04,1,-0.534067094326,0,3.43799877167,0,0,3.43799877167,0,3.43799877167,0,-0.522848688997,-0.048540122808,-0.534067122281,-0.0365836674937,0.0112184332836,-0.0119564553142,0.186390690313,1.39694208959,3.4379988349,5.27486720104e-05,0.00437700142912,-0.534183475346,-0.0615366379,8.66134372535e-06,-0.00216533593135,-0.534130726674,-0.522931920126,-0.0351195565666,-0.0571596364708,-0.521339802718,-0.0484772525463,0.0127909239566,0.0086823839245,9.03946467075,3.4379988349,1.57832279441,-0.522848688997,-0.048540122808,0.0112184332836,-0.0119564553142,0.0112184332836,-0.0119564553142,0.00500998549325,4,0
1520,3.04,2,0.780446827412,0,-0.969354152679,0,0,-0.969354152679,0,-0.969354152679,0,0.778560861359,0.0606751422514,0.780446817232,0.0359639688189,-0.00188595587355,0.0247111734326,-0.281358934585,-0.307018568878,-0.969354148592,-9.56244986129e-05,-0.00794369951887,0.780658950195,0.0819634114451,-1.08266796591e-05,0.00270666991479,0.780563325696,0.778664900247,0.0438994344457,0.0740197119262,0.776295895748,0.0605807686843,-0.00426742994793,-0.0134389432419,-9.87357285042,-0.969354148592,-0.579286309961,0.778560861359,0.0606751422514,-0.00188595587355,0.0247111734326,-0.00188595587355,0.0247111734326,-0.00909119350223,4,0
1525,3.05,1,-0.533914923668,0,2.43799877167,0,0,2.43799877167,0,2.43799877167,0,-0.52308,-0.00999015786696,-0.533914926179,0.0437988737753,0.0108349261785,-0.0537890316423,-4.45028452276,1.03491467548,2.4379988349,1.88025642049e-05,0.0012985017938,-0.533939829454,0.0419130505889,2.22509627057e-06,-0.00055627406765,-0.533921026889,-0.523098287418,-0.00747488678347,0.0432115523827,-0.560114110131,-0.0115332457891,-0.0261930832416,-0.0547447981718,7.94154249629,2.4379988349,-3.41689397985,-0.52308,-0.00999015786696,0.0108349261785,-0.0537890316423,0.0108349261785,-0.0537890316423,0.00152413256426,4,0
1525,3.05,2,0.780217766762,0,0.0306458510458,0,0,0.0306458510458,0,0.0306458510458,0,0.77885,0.0124876860709,0.780217770297,-0.0507536379166,-0.00136777029717,0.0632413239875,1.1251297827,0.0785819209385,0.030645851408,-5.37762759158e-05,-0.00415456008485,0.780317590109,-0.0330056700243,-2.78137033805e-06,0.000695342584508,0.780263813833,0.77887285925,0.00934359721689,-0.0371602301091,0.788249761454,0.0128793427982,0.00798594762079,0.0500395729073,-5.42620264365,0.030645851408,1.20851157903,0.77885,0.0124876860709,-0.00136777029717,0.0632413239875,-0.00136777029717,0.0632413239875,-0.00479987539584,4,0
1530,3.06,1,-0.533194899559,0,2.23799872398,0,0,2.23799872398,0,2.23799872398,0,-0.522991693147,0.0436308690182,-0.53319488882,0.0896916407501,0.0102031956724,-0.0460607717319,3.13561022083,0.883988215483,2.2379988349,-4.13955318656e-05,-0.00363567373633,-0.533092525691,0.113882373478,1.38633713085e-05,-0.00346584282713,-0.533133921223,-0.522884405407,0.0640413988265,0.110246699741,-0.496872516932,0.0447191680272,0.0362614042917,-0.0655275317143,7.66415133115,2.2379988349,4.02373085643,-0.522991693147,0.0436308690182,0.0102031956724,-0.0460607717319,0.0102031956724,-0.0460607717319,-0.00413242011872,4,0
1530,3.06,2,0.779539048672,0,-0.45051407814,0,0,-0.45051407814,0,-0.45051407814,0,0.778739616322,-0.0545385975174,0.779539034785,-0.0810116093517,-0.000799418463165,0.0264730118343,-1.28528817154,0.100258911127,-0.450514077521,1.91620884094e-05,0.00182178649794,0.77948488398,-0.0947584801494,-1.73292141281e-05,0.00433230353202,0.779504046068,0.778605506623,-0.0800517597671,-0.0929366936515,0.768030376227,-0.0549848158547,-0.0114736698413,0.0379518777968,-7.11331266256,-0.450514077521,-1.18708099197,0.778739616322,-0.0545385975174,-0.000799418463165,0.0264730118343,-0.000799418463165,0.0264730118343,0.00205173155885,4,0
1535,3.07,1,-0.531901299953,0,3.23799872398,0,0,3.23799872398,0,3.23799872398,0,-0.521993058792,0.161968899955,-0.531901317623,0.160849512827,0.00990825883149,0.0011193871277,5.81943204954,1.13484403958,3.2379988349,-3.81341168385e-05,-0.00300144797518,-0.531826849814,0.174927743344,1.76404151413e-05,-0.00441010378533,-0.531864983931,-0.521642721673,0.188398870541,0.171926295369,-0.473553063448,0.163987233094,0.0583119204823,-0.00793906227503,8.57884330142,3.2379988349,6.9577351465,-0.521993058792,0.161968899955,0.00990825883149,0.0011193871277,0.00990825883149,0.0011193871277,-0.00345905737724,4,0
1535,3.07,2,0.778255403042,0,-1.45051407814,0,0,-1.45051407814,0,-1.45051407814,0,0.777491323265,-0.202461136103,0.778255415638,-0.169552710989,-0.000764092372862,-0.0329084251144,-2.23219462818,-0.256130698708,-1.45051407752,1.41744665944e-05,0.000961799498812,0.778237607427,-0.17044780295,-2.20505189087e-05,0.00551262972717,0.778251781894,0.777053401845,-0.23549859931,-0.169486003452,0.758912523781,-0.203235252749,-0.0193392581125,-0.033749249297,-10.7828070294,-1.45051407752,-2.48945721998,0.777491323265,-0.202461136103,-0.000764092372862,-0.0329084251144,-0.000764092372862,-0.0329084251144,0.00113189309794,4,0
1540,3.08,1,-0.529673576355,0,4.2379989624,0,0,4.2379989624,0,4.2379989624,0,-0.519719127392,0.290683113597,-0.529673551801,0.26883758083,0.0099544244091,0.021845532767,4.60731514853,1.36222391529,4.2379988349,9.81292672052e-06,0.00107495387915,-0.529712391492,0.256766204838,1.52356505659e-05,-0.00380891264148,-0.529702578566,-0.519114429185,0.313775841208,0.257841158717,-0.481401297739,0.292279689832,0.048301280827,0.0344385311152,9.45610793858,4.2379988349,5.96834635482,-0.519719127392,0.290683113597,0.0099544244091,0.021845532767,0.0099544244091,0.021845532767,0.0011927089998,4,0
1540,3.08,2,0.775663793087,0,-2.41740131378,0,0,-2.41740131378,0,-2.41740131378,0,0.774648908904,-0.363353903,0.775663813723,-0.327898517605,-0.00101490481883,-0.0354553853955,-1.97789468191,-0.444102166732,-2.417401314,-4.4901473855e-05,-0.00405671696133,0.775785369483,-0.296674171205,-1.90445631832e-05,0.00476114079582,0.775740468009,0.773893036124,-0.392219812478,-0.300730888166,0.758233248753,-0.36403788884,-0.0175072192553,-0.0633070006734,-14.0790127926,-2.417401314,-2.417401314,0.774648908904,-0.363353903,-0.00101490481883,-0.0354553853955,-0.00101490481883,-0.0354553853955,-0.00459553464759,4,0
1545,3.09,1,-0.526228368282,0,4.03005218506,0,0,4.03005218506,0,4.03005218506,0,-0.516285359264,0.388028359574,-0.526228372635,0.391823414692,0.0099430133704,-0.00379505511816,0.510801076135,1.28747842809,4.03005226137,5.29074676717e-05,0.00440793645242,-0.526346238548,0.366316061079,8.32850037902e-06,-0.00208212509477,-0.52629333108,-0.515495959426,0.400946294654,0.370723997532,-0.512078011604,0.388203665726,0.0142153194766,0.0174796681946,9.08609007516,4.03005226137,1.79323667817,-0.516285359264,0.388028359574,0.0099430133704,-0.00379505511816,0.0099430133704,-0.00379505511816,0.00504282606449,4,0
1545,3.09,2,0.771307170391,0,-1.42716872692,0,0,-1.42716872692,0,-1.42716872692,0,0.770356698636,-0.485035460295,0.771307149682,-0.497774827584,-0.000950451046123,0.0127393672894,-0.797793469591,-0.263657960259,-1.42716869211,-9.79844218768e-05,-0.00816765222445,0.771526375472,-0.449856833968,-1.04106254547e-05,0.00260265636367,0.77142839105,0.769369948816,-0.501182879115,-0.458024486193,0.763797669137,-0.485308753191,-0.00763072191311,-0.0272842669979,-9.41534421724,-1.42716869211,-1.05210796456,0.770356698636,-0.485035460295,-0.000950451046123,0.0127393672894,-0.000950451046123,0.0127393672894,-0.00934346528697,4,0
1550,3.1,1,-0.521778583527,0,3.03005218506,0,0,3.03005218506,0,3.03005218506,0,-0.512161687876,0.424855158491,-0.5217785628,0.474450195201,0.00961687492426,-0.0495950367099,-3.90464276793,0.918291136649,3.03005226137,2.20382454262e-05,0.00157784268998,-0.521811379381,0.470682766703,2.10378745469e-06,-0.000525946863673,-0.521789341136,-0.51131037576,0.427233898507,0.472260609393,-0.544659310638,0.423501090876,-0.0228699695028,-0.0487595185173,7.92290199468,3.03005226137,-2.98819393292,-0.512161687876,0.424855158491,0.00961687492426,-0.0495950367099,0.00961687492426,-0.0495950367099,0.00184230163509,4,0
1550,3.1,2,0.765745103359,0,-0.427168697119,0,0,-0.427168697119,0,-0.427168697119,0,0.765202109293,-0.53106895885,0.765745099996,-0.58379170617,-0.000542990703422,0.0527227473196,0.537749681266,0.106241632726,-0.427168692111,-6.11183223369e-05,-0.00478317891404,0.765862529523,-0.561917352267,-2.62973431242e-06,0.000657433578112,0.7658014112,0.764137969126,-0.534042383863,-0.566700531181,0.76972148216,-0.530880651648,0.00392007095923,0.0358198795332,-4.88356692086,-0.427168692111,0.649507912774,0.765202109293,-0.53106895885,-0.000542990703422,0.0527227473196,-0.000542990703422,0.0527227473196,-0.00551659878209,4,0
1555,3.11,1,-0.516737282276,0,2.83005237579,0,0,2.83005237579,0,2.83005237579,0,-0.507736117692,0.47515395619,-0.516737291634,0.522955323716,0.00900117394205,-0.0478013675258,3.2089852199,0.745578494795,2.83005226137,-3.57869467818e-05,-0.00315199598856,-0.516648482372,0.543945892256,1.28974895668e-05,-0.00322437239171,-0.516684269319,-0.506767156858,0.494153534466,0.540793896267,-0.481011126419,0.476267497493,0.0356731428993,-0.0645263987739,7.57939923424,2.83005226137,3.95814515405,-0.507736117692,0.47515395619,0.00900117394205,-0.0478013675258,0.00900117394205,-0.0478013675258,-0.00358143934994,4,0
1555,3.11,2,0.759732961655,0,-0.954185068607,0,0,-0.954185068607,0,-0.954185068607,0,0.759670146456,-0.593942455824,0.759732940421,-0.615144689599,-6.27939649007e-05,0.0212022337744,-1.72635823271,0.13435710658,-0.954185069024,7.98888808511e-06,0.000867210931343,0.759705316022,-0.622716890968,-1.6121861917e-05,0.00403046547926,0.75971330491,0.758458945392,-0.617691928608,-0.621849680037,0.745300749074,-0.594541180715,-0.014412555836,0.0273084993213,-6.66184749087,-0.954185069024,-1.59296420372,0.759670146456,-0.593942455824,-6.27939649007e-05,0.0212022337744,-6.27939649007e-05,0.0212022337744,0.000963077588364,4,0
1560,3.12,1,-0.511092603207,0,3.83005237579,0,0,3.83005237579,0,3.83005237579,0,-0.50246357846,0.584431842244,-0.511092589647,0.597236460902,0.00862901118698,-0.0128046186574,5.57119442591,0.932193745164,3.83005226137,-2.96925462925e-05,-0.00228657903785,-0.51103786715,0.606775221913,1.60881580282e-05,-0.00402203950706,-0.511067559696,-0.501270603281,0.608553708161,0.604488642875,-0.456095434414,0.586363848246,0.0549721252817,-0.0181247946285,8.42682974528,3.83005226137,6.50603106067,-0.50246357846,0.584431842244,0.00862901118698,-0.0128046186574,0.00862901118698,-0.0128046186574,-0.00264288959336,4,0
1560,3.12,2,0.753092110157,0,-1.95418512821,0,0,-1.95418512821,0,-1.95418512821,0,0.753079472312,-0.730539813018,0.753092082529,-0.706440529817,-1.26102172471e-05,-0.0240992832008,-2.56839949184,-0.159441274194,-1.95418506902,-1.40633501667e-06,-0.000355675968354,0.753110591071,-0.699008980399,-2.01101974746e-05,0.00502754936865,0.753109184736,0.751588253317,-0.760692145324,-0.699364656367,0.73171633659,-0.731429943673,-0.021392848146,-0.032065287306,-10.2321468926,-1.95418506902,-2.72746821405,0.753079472312,-0.730539813018,-1.26102172471e-05,-0.0240992832008,-1.26102172471e-05,-0.0240992832008,-0.000372551988554,4,0
1565,3.13,1,-0.50448089838,0,4.83005237579,0,0,4.83005237579,0,4.83005237579,0,-0.496025293037,0.700836072103,-0.504480914278,0.708439741638,0.00845562124088,-0.0076036695349,4.31600447605,1.05990470814,4.83005226137,2.08024904255e-05,0.0020023404257,-0.504544702067,0.690819346998,1.35557956862e-05,-0.00338894892154,-0.504523899577,-0.494602823372,0.721401679314,0.692821687424,-0.460139656941,0.70233130694,0.0443842426358,0.00950961951596,9.23565364097,4.83005226137,5.37365721388,-0.496025293037,0.700836072103,0.00845562124088,-0.0076036695349,0.00845562124088,-0.0076036695349,0.0022519703108,4,0
1565,3.13,2,0.745112240314,0,-2.52957773209,0,0,-2.52957773209,0,-2.52957773209,0,0.745031615433,-0.876045099874,0.745112240699,-0.867530939071,-8.06252661421e-05,-0.00851416080259,-2.29276896362,-0.243334429172,-2.52957761794,-6.4925962235e-05,-0.00574666330752,0.745279595061,-0.82602483872,-1.69447445469e-05,0.00423618613674,0.745214669099,0.743253528332,-0.901752108796,-0.831771502028,0.72601260797,-0.876837558518,-0.0192020611291,-0.0450660564904,-11.8623396294,-2.52957761794,-2.52957761794,0.745031615433,-0.876045099874,-8.06252661421e-05,-0.00851416080259,-8.06252661421e-05,-0.00851416080259,-0.00652577485434,4,0
1570,3.14,1,-0.496703863144,0,3.97952604294,0,0,3.97952604294,0,3.97952604294,0,-0.488550511618,0.786613922568,-0.496703850984,0.818163139249,0.00815333936548,-0.0315492166806,0.584786790314,0.914896663034,3.97952608563,4.97797542967e-05,0.00403799775297,-0.496808847857,0.796601947831,7.18040538755e-06,-0.00179510134689,-0.496759068103,-0.486965752769,0.797764728996,0.800639945584,-0.48372429517,0.78681501492,0.0130347729322,-0.0138249306639,8.1653119326,3.97952608563,1.49504809854,-0.488550511618,0.786613922568,0.00815333936548,-0.0315492166806,0.00815333936548,-0.0315492166806,0.00463535480453,4,0
1570,3.14,2,0.735508322716,0,-1.54053759575,0,0,-1.54053759575,0,-1.54053759575,0,0.735688138565,-0.983267412547,0.73550833262,-1.01082742795,0.000179805944891,0.0275600154073,-1.21900155259,-0.0487885800525,-1.54053762079,-0.000102081770751,-0.00837780107459,0.735729859881,-0.963683244564,-8.97550669543e-06,0.00224387667386,0.73562777811,0.733707189984,-0.997205920522,-0.972061045639,0.725627282243,-0.983686614894,-0.010000495867,-0.011625569255,-7.17641593169,-1.54053762079,-1.25818735032,0.735688138565,-0.983267412547,0.000179805944891,0.0275600154073,0.000179805944891,0.0275600154073,-0.00960278232361,4,0
1575,3.15,1,-0.488096803427,0,2.97952604294,0,0,2.97952604294,0,2.97952604294,0,-0.480475511525,0.818112691796,-0.48809679165,0.883159696905,0.00762128012446,-0.0650470051084,-3.17598499674,0.565472443674,2.97952608563,6.99617065828e-06,0.000306082622257,-0.488094529907,0.887400653492,1.7765452649e-06,-0.000444136316224,-0.488087533736,-0.478837932237,0.820122053098,0.887706736114,-0.506899428614,0.817011695251,-0.0188118948785,-0.070695040863,6.95289880378,2.97952608563,-2.61090258974,-0.480475511525,0.818112691796,0.00762128012446,-0.0650470051084,0.00762128012446,-0.0650470051084,0.000390036670157,4,0
1575,3.15,2,0.724988996983,0,-0.540537595749,0,0,-0.540537595749,0,-0.540537595749,0,0.725594388356,-1.0226408739,0.724988970437,-1.06814400446,0.000605417919407,0.0455031305507,-0.0856230544149,0.232696772741,-0.540537620792,-5.13100202253e-05,-0.00394525775898,0.725082927268,-1.05172846411,-2.22068157041e-06,0.000555170392606,0.725031617248,0.723547414227,-1.02515257552,-1.05567372186,0.724920041793,-1.02266897168,-0.000111575455032,0.0330047501864,-2.65469522753,-0.540537620792,0.151634696328,0.725594388356,-1.0226408739,0.000605417919407,0.0455031305507,0.000605417919407,0.0455031305507,-0.00456097800168,4,0
1580,3.16,1,-0.479070514441,0,2.56604790688,0,0,2.56604790688,0,2.56604790688,0,-0.472145883654,0.860165663538,-0.479070524439,0.914352818508,0.00692464078468,-0.0541871549697,2.77043167066,0.427418599021,2.56604800068,-5.19292143446e-05,-0.00447927324539,-0.478945157537,0.943590091305,1.06691116842e-05,-0.00266727792105,-0.478997086751,-0.470410098364,0.875894479182,0.93911081806,-0.44905651857,0.861127720417,0.0299405681809,-0.0779830976427,6.35280811913,2.56604800068,3.2029526935,-0.472145883654,0.860165663538,0.00692464078468,-0.0541871549697,0.00692464078468,-0.0541871549697,-0.00510242381752,4,0
1580,3.16,2,0.714289605618,0,-1.14053761959,0,0,-1.14053761959,0,-1.14053761959,0,0.715182353427,-1.07520708831,0.714289617864,-1.0740918383,0.000892735562695,-0.00111525001727,-1.98233995564,0.163333483986,-1.14053762079,1.90067358616e-05,0.00176312895277,0.714236886434,-1.08740186789,-1.33363895339e-05,0.00333409738348,0.71425589317,0.713012621796,-1.09486810776,-1.08563873894,0.698674919122,-1.07589489808,-0.0155809740479,0.00974384086154,-4.73988131937,-1.14053762079,-1.82099768144,0.715182353427,-1.07520708831,0.000892735562695,-0.00111525001727,0.000892735562695,-0.00111525001727,0.00199120978311,4,0
1585,3.17,1,-0.469630181789,0,3.56604790688,0,0,3.56604790688,0,3.56604790688,0,-0.463115552422,0.949686523839,-0.469630186919,0.969114886282,0.00651463449731,-0.019428362443,4.58135447037,0.608187375316,3.56604800068,-4.68195814944e-05,-0.00370631486084,-0.469537386705,0.987003056374,1.29610799146e-05,-0.00324026997864,-0.469584206286,-0.461196715904,0.969139068784,0.983296741513,-0.424968258528,0.951275994418,0.0446159477583,-0.0320207470957,7.16093420842,3.56604800068,5.19380999552,-0.463115552422,0.949686523839,0.00651463449731,-0.019428362443,0.00651463449731,-0.019428362443,-0.00426814983877,4,0
1585,3.17,2,0.703205525875,0,-2.1405377388,0,0,-2.1405377388,0,-2.1405377388,0,0.7038944393,-1.18710816306,0.703205527245,-1.14141977817,0.000688912054899,-0.0456883848906,-2.63769602303,-0.158239510484,-2.14053762079,1.05916491191e-05,0.000631495791742,0.703197824023,-1.13962718968,-1.62013497957e-05,0.00405033744892,0.703208415672,0.701495893637,-1.2114238441,-1.13899569389,0.681945423409,-1.18802270539,-0.0212629922632,-0.0490270115007,-8.32517882209,-2.14053762079,-2.79669412909,0.7038944393,-1.18710816306,0.000688912054899,-0.0456883848906,0.000688912054899,-0.0456883848906,0.000758595581171,4,0
1590,3.18,1,-0.459409922361,0,4.16604804993,0,0,4.16604804993,0,4.16604804993,0,-0.453143137211,1.04238631286,-0.45940992636,1.06182232688,0.006266789149,-0.0194360140251,3.40764979105,0.70531779233,4.16604800068,6.2518380072e-06,0.000806025397149,-0.459441045261,1.05151647807,1.05490050758e-05,-0.00263725126894,-0.459434793423,-0.451042137329,1.05841169475,1.05232250346,-0.424802600003,1.04356716858,0.0346321934197,-0.00875533488738,7.53473678321,4.16604800068,4.11208653592,-0.453143137211,1.04238631286,0.006266789149,-0.0194360140251,0.006266789149,-0.0194360140251,0.000881047453235,4,0
1590,3.18,2,0.691007316113,0,-2.60131168365,0,0,-2.60131168365,0,-2.60131168365,0,0.691428920208,-1.30298289861,0.691007311575,-1.27988473439,0.000421608632404,-0.0230981642222,-2.36836251797,-0.238747684509,-2.60131177552,-5.70327963947e-05,-0.00511403340624,0.69115732323,-1.24223221371,-1.31862562534e-05,0.00329656406335,0.691100290433,0.688802670341,-1.32301462583,-1.24734624712,0.671775007492,-1.30380181164,-0.0193252829409,-0.0564555645215,-9.51529539678,-2.60131177552,-2.60131177552,0.691428920208,-1.30298289861,0.000421608632404,-0.0230981642222,0.000421608632404,-0.0230981642222,-0.00579842696298,4,0
1595,3.19,1,-0.448283225298,0,3.16604804993,0,0,3.16604804993,0,3.16604804993,0,-0.442359026187,1.10820023416,-0.448283225006,1.14056909348,0.0059241988191,-0.0323688593247,0.408729966101,0.58637152628,3.16604800068,2.62058479026e-05,0.00203986921717,-0.448333059296,1.13163391397,5.32944228782e-06,-0.00133236057196,-0.448306853448,-0.440134035563,1.11649239331,1.13367378318,-0.438978431718,1.10834109226,0.00932842172993,-0.0253326909203,6.28895263555,3.16604800068,0.99274715299,-0.442359026187,1.10820023416,0.0059241988191,-0.0323688593247,0.0059241988191,-0.0323688593247,0.00235433939201,4,0
1595,3.19,2,0.67748272419,0,-1.65244853497,0,0,-1.65244853497,0,-1.65244853497,0,0.677948781355,-1.38525029963,0.677482726027,-1.38954639172,0.000466055328274,0.00429609208628,-1.50669715215,-0.0828749088004,-1.65244859021,-8.31968191822e-05,-0.00675960379103,0.677658954863,-1.35296315462,-6.66180280506e-06,0.00166545070126,0.677575758044,0.675167543062,-1.39561549849,-1.35972275841,0.665479269924,-1.38576986261,-0.0120964881194,-0.0260471042,-5.02781538828,-1.65244859021,-1.58181409533,0.677948781355,-1.38525029963,0.000466055328274,0.00429609208628,0.000466055328274,0.00429609208628,-0.00775796562121,4,0
1600,3.2,1,-0.436638087034,0,2.16604804993,0,0,2.16604804993,0,2.16604804993,0,-0.43112313466,1.1312876547,-0.436638087194,1.17463886958,0.00551495253397,-0.0433512148738,-2.32745719711,0.359043389344,2.16604800068,-2.05970954084e-05,-0.00199737694846,-0.436573464605,1.19277860275,1.27540244627e-06,-0.000318850611563,-0.4365940617,-0.42885958587,1.132730947,1.1907812258,-0.450466324858,1.13048168844,-0.0138722631574,-0.0602995373556,5.05778965463,2.16604800068,-1.96616926567,-0.43112313466,1.1312876547,0.00551495253397,-0.0433512148738,0.00551495253397,-0.0433512148738,-0.00224454209336,4,0
1600,3.2,2,0.663372457027,0,-0.65244859457,0,0,-0.65244859457,0,-0.65244859457,0,0.663903916879,-1.41410957506,0.663372444458,-1.41425152456,0.000531472420302,0.000141949501483,-0.687076977243,0.0537675638409,-0.65244859021,-2.65614939713e-05,-0.00187220308882,0.663409998953,-1.41049937867,-1.59425304314e-06,0.000398563260777,0.663383437459,0.661074480877,-1.41591369042,-1.41237158176,0.658206424723,-1.41434697057,-0.00517701273627,-0.00197538880667,-0.561821478612,-0.65244859021,-0.631118472385,0.663903916879,-1.41410957506,0.000531472420302,0.000141949501483,0.000531472420302,0.000141949501483,-0.00219094101647,4,0
1605,3.21,1,-0.424849301577,0,1.83701324463,0,0,1.83701324463,0,1.83701324463,0,-0.419704811114,1.16097836261,-0.424849296353,1.18182987058,0.0051444852394,-0.0208515079689,1.87144572599,0.344799538765,1.83701327222,-7.18228183062e-05,-0.0060737792852,-0.424683245638,1.21929841037,7.39636681391e-06,-0.00184909170348,-0.424755068456,-0.417372112125,1.17189676956,1.21322463108,-0.404078761513,1.16162944801,0.0206763069433,-0.0515951830678,4.52618301211,1.83701327222,2.22318091786,-0.419704811114,1.16097836261,0.0051444852394,-0.0208515079689,0.0051444852394,-0.0208515079689,-0.00693565310487,4,0
1605,3.21,2,0.649302721024,0,-1.65244853497,0,0,-1.65244853497,0,-1.65244853497,0,0.649631012381,-1.45122295959,0.649302735851,-1.40877553052,0.000328276530024,-0.0424474290739,-2.0313688731,-0.0842260051238,-1.65244859021,3.56070078147e-05,0.00307355686116,0.649217407768,-1.42837937291,-9.24545842307e-06,0.00231136460577,0.649253014776,0.646715138632,-1.46487096814,-1.42530581605,0.632703153407,-1.45192828705,-0.0165498613683,-0.0266224709963,-4.25025009389,-1.65244859021,-2.11909571918,0.649631012381,-1.45122295959,0.000328276530024,-0.0424474290739,0.000328276530024,-0.0424474290739,0.00350084095494,4,0
1610,3.22,1,-0.412853360176,0,2.83701324463,0,0,2.83701324463,0,2.83701324463,0,-0.40780063962,1.22197927162,-0.41285336661,1.21690752014,0.00505272698963,0.00507175148289,2.95552907916,0.539703272346,2.83701327222,-5.57818635721e-05,-0.00442132307755,-0.412742505702,1.23840349093,8.5652809938e-06,-0.00214132024845,-0.412798287566,-0.405343770852,1.23485834497,1.23398216785,-0.383171566889,1.22300548299,0.0296267206773,-0.0109766848645,5.31619873838,2.83701327222,3.50032305695,-0.40780063962,1.22197927162,0.00505272698963,0.00507175148289,0.00505272698963,0.00507175148289,-0.00509070544042,4,0
1610,3.22,2,0.634894311428,0,-2.65244865417,0,0,-2.65244865417,0,-2.65244865417,0,0.634750797954,-1.52747409504,0.634894338799,-1.47260931971,-0.00014354084541,-0.0548647753317,-2.43647290805,-0.301989848748,-2.65244859021,1.40605291459e-05,0.000879904986721,0.634881518732,-1.47143078164,-1.07066011172e-05,0.00267665027932,0.634895579261,0.631679711983,-1.54357293653,-1.47055087665,0.61447332241,-1.52831898986,-0.0204222568511,-0.0577681132009,-7.80469211685,-2.65244859021,-2.73951138813,0.634750797954,-1.52747409504,-0.00014354084541,-0.0548647753317,-0.00014354084541,-0.0548647753317,0.00104863133647,4,0
1615,3.23,1,-0.400302737951,0,2.75858139992,0,0,2.75858139992,0,2.75858139992,0,-0.395270264104,1.28190051858,-0.400302745942,1.28032083308,0.00503248183783,0.00157968550036,1.97978057352,0.61651440778,2.7585813566,-4.07217670568e-06,-0.000195729591702,-0.400300895877,1.27962626141,6.5096043495e-06,-0.00162740108738,-0.400304968054,-0.392696394513,1.29181699911,1.27943053182,-0.378798650911,1.2825868358,0.0215063171427,0.00315630397858,4.9998362676,2.7585813566,2.59653957702,-0.395270264104,1.28190051858,0.00503248183783,0.00157968550036,0.00503248183783,0.00157968550036,-0.000244595712171,4,0
1615,3.23,2,0.6194871068,0,-2.46696829796,0,0,-2.46696829796,0,-2.46696829796,0,0.619087828509,-1.60237565281,0.619487078592,-1.58455218841,-0.000399250082767,-0.017823464398,-2.20030798137,-0.271833562035,-2.4669683145,-5.23123515586e-05,-0.00454548068458,0.619614274185,-1.5548426595,-8.13700532387e-06,0.00203425133096,0.619561961833,0.61587049151,-1.6147712533,-1.55938814019,0.60082674218,-1.60313653141,-0.0187352196535,-0.0437483912175,-6.42722611185,-2.4669683145,-2.4669683145,0.619087828509,-1.60237565281,-0.000399250082767,-0.017823464398,-0.000399250082767,-0.017823464398,-0.00517322890329,4,0
1620,3.24,1,-0.387257456779,0,1.75858139992,0,0,1.75858139992,0,1.75858139992,0,-0.382232447398,1.32130818555,-0.387257451786,1.31545218832,0.00502500438827,0.00585599722399,0.00811696573385,0.589423939676,1.7585813566,-8.48963960622e-06,-0.000871693415648,-0.38722771325,1.32438522284,2.95679624451e-06,-0.000739199061131,-0.38723620289,-0.379585022586,1.32593000311,1.32351352942,-0.382156824231,1.32131133651,0.00507937865866,-0.00220219290788,3.7584434616,1.7585813566,0.5985144745,-0.382232447398,1.32130818555,0.00502500438827,0.00585599722399,0.00502500438827,0.00585599722399,-0.000973569090922,4,0
1620,3.24,2,0.603209495544,0,-1.77758359909,0,0,-1.77758359909,0,-1.77758359909,0,0.602790557584,-1.65163523578,0.603209496818,-1.64766089607,-0.000418939234072,-0.00397433971196,-1.63550305763,-0.146398264657,-1.77758357545,-4.74310591814e-05,-0.00374857413289,0.603303011192,-1.6297675499,-3.6959952403e-06,0.00092399881009,0.603255580133,0.599481276562,-1.65741250763,-1.63351612403,0.589220905085,-1.65220063797,-0.0140346750479,-0.0186845139396,-3.07560279897,-1.77758357545,-1.77758357545,0.602790557584,-1.65163523578,-0.000418939234072,-0.00397433971196,-0.000418939234072,-0.00397433971196,-0.00431774684307,4,0
1625,3.25,1,-0.374092698097,0,0.758581340313,0,0,0.758581340313,0,0.758581340313,0,-0.368935511785,1.33372429982,-0.374092701157,1.3123178799,0.00515718937195,0.0214064199236,-1.4344184431,0.573009786203,0.758581356604,-5.35803609388e-05,-0.00470223449773,-0.373956853151,1.34562269851,6.49414350129e-07,-0.000162353587528,-0.374010433511,-0.366267565419,1.33446024362,1.34092046401,-0.38082381607,1.33322895381,-0.00681338255882,-0.00769151020202,2.54057975324,0.758581356604,-0.856063458069,-0.368935511785,1.33372429982,0.00515718937195,0.0214064199236,0.00515718937195,0.0214064199236,-0.005345198829,4,0
1625,3.25,2,0.586696982384,0,-1.32109475136,0,0,-1.32109475136,0,-1.32109475136,0,0.586169388031,-1.66715537833,0.586696965849,-1.64570071163,-0.000527577817281,-0.0214546667038,-1.21019234394,-0.109780782259,-1.32109479002,8.66300832037e-06,0.00101770772803,0.586658396689,-1.6581610496,-8.1176792055e-07,0.000202941980134,0.586667059698,0.582834455067,-1.66807530806,-1.65714334187,0.576092599059,-1.66757524454,-0.0105744606389,-0.0104319026703,-0.851032294247,-1.32109479002,-1.32109479002,0.586169388031,-1.66715537833,-0.000527577817281,-0.0214546667038,-0.000527577817281,-0.0214546667038,0.00112166382787,4,0
1630,3.26,1,-0.361090451479,0,0.958581328392,0,0,0.958581328392,0,0.958581328392,0,-0.355546197629,1.34814641054,-0.361090449054,1.2943720613,0.00554425142489,0.0537743492394,0.607031834503,0.740722426259,0.958581356604,-8.898706883e-05,-0.00740583850929,-0.360891782461,1.33783748943,3.39961402634e-06,-0.000849903506586,-0.36098076953,-0.352844925772,1.35318563905,1.33043165092,-0.35042587443,1.34835975734,0.0105548951,0.0179281064192,2.54691391068,0.958581356604,1.3562279441,-0.355546197629,1.34814641054,0.00554425142489,0.0537743492394,0.00554425142489,0.0537743492394,-0.00847368333525,4,0
1630,3.26,2,0.570314824581,0,-2.09471130371,0,0,-2.09471130371,0,-2.09471130371,0,0.569432745302,-1.68518301632,0.570314805689,-1.64041120641,-0.000882060386627,-0.0447718099059,-1.87070970001,-0.21897986753,-2.09471130326,5.28353688965e-05,0.00438771129722,0.570198145839,-1.66541241584,-4.24951742506e-06,0.00106237935625,0.570250981207,0.566056155475,-1.69148205179,-1.66102470455,0.553828740291,-1.6858331832,-0.0164222409167,-0.0248084786504,-3.62547887673,-2.09471130326,-2.09471130326,0.569432745302,-1.68518301632,-0.000882060386627,-0.0447718099059,-0.000882060386627,-0.0447718099059,0.00502173572397,4,0
1635,3.27,1,-0.348104000092,0,1.83259570599,0,0,1.83259570599,0,1.83259570599,0,-0.341933449121,1.37465617427,-0.348103986657,1.30528887995,0.00617053753644,0.0693672943217,0.859003618061,0.967615074753,1.83259574766,-6.45578102101e-05,-0.00520236111954,-0.347969969045,1.33276138607,3.3310526914e-06,-0.000832763172855,-0.348034526855,-0.339179043535,1.37970108258,1.32755902495,-0.334737769346,1.37495599426,0.0132967575089,0.0473969693176,3.21708430841,1.83259574766,1.83259574766,-0.341933449121,1.37465617427,0.00617053753644,0.0693672943217,0.00617053753644,0.0693672943217,-0.00597705484206,4,0
1635,3.27,2,0.553678393364,0,-2.29911756516,0,0,-2.29911756516,0,-2.29911756516,0,0.55241680964,-1.71832022006,0.553678414812,-1.68352525773,-0.00126160517252,-0.0347949623247,-1.98603336092,-0.311349170187,-2.29911754137,2.06324663436e-05,0.00148742066834,0.553646699305,-1.68755033785,-4.16381572454e-06,0.00104095393113,0.553667331772,0.548973802653,-1.72462635523,-1.68606291718,0.535880781595,-1.71900922123,-0.0177865501762,-0.032946304045,-4.03625100142,-2.29911754137,-2.29911754137,0.55241680964,-1.71832022006,-0.00126160517252,-0.0347949623247,-0.00126160517252,-0.0347949623247,0.00173501026447,4,0
1640,3.28,1,-0.334933668375,0,1.28565764427,0,0,1.28565764427,0,1.28565764427,0,-0.32807167376,1.39593337002,-0.334933655052,1.32254721367,0.00686198129205,0.0733861563489,0.177273644451,1.10474900479,1.28565763257,-3.82167194354e-05,-0.00317638269071,-0.334847993614,1.34170882951,1.83299819428e-06,-0.000458249548571,-0.334886210333,-0.325276882747,1.39877025498,1.33853244682,-0.326566714638,1.39599607665,0.00831949569546,0.0574636298228,2.4560928189,1.28565763257,1.28565763257,-0.32807167376,1.39593337002,0.00686198129205,0.0733861563489,0.00686198129205,0.0733861563489,-0.00363498332394,4,0
1640,3.28,2,0.536544024944,0,-2.08501529694,0,0,-2.08501529694,0,-2.08501529694,0,0.535089590422,-1.74491671371,0.536544027177,-1.72996501592,-0.00145443675528,-0.0149516977831,-1.80614696821,-0.280206608852,-2.08501519199,-1.39133073914e-05,-0.00117142538322,0.536575842446,-1.72304009576,-2.2912476193e-06,0.00057281190482,0.536561929139,0.531596101654,-1.74846281973,-1.72421152115,0.520075584878,-1.74554229727,-0.0164863442614,-0.0213307761227,-2.71147957164,-2.08501519199,-2.08501519199,0.535089590422,-1.74491671371,-0.00145443675528,-0.0149516977831,-0.00145443675528,-0.0149516977831,-0.00133838507192,4,0
1645,3.29,1,-0.321718275547,0,0.661343634129,0,0,0.661343634129,0,0.661343634129,0,-0.314056383711,1.40507728564,-0.321718286555,1.31789708725,0.00766190284391,0.0871801983892,-0.573876359788,1.23039704968,0.661343609845,-4.94844343034e-05,-0.00422910674201,-0.321600368639,1.34547024714,2.94718383698e-07,-7.36795959262e-05,-0.321649853073,-0.311245673097,1.4055763459,1.34124114039,-0.318790277144,1.40488004008,0.0028595759286,0.0636388996827,1.62452312682,0.661343609845,0.661343609845,-0.314056383711,1.40507728564,0.00766190284391,0.0871801983892,0.00766190284391,0.0871801983892,-0.00482291995365,4,0
1645,3.29,2,0.519132375717,0,-1.82227826118,0,0,-1.82227826118,0,-1.82227826118,0,0.517570477853,-1.75634660744,0.519132384398,-1.74428535425,-0.00156190654485,-0.0120612531887,-1.59335533452,-0.228760559641,-1.82227825041,2.96567903247e-07,0.000158797430379,0.519123360401,-1.74802959172,-3.68397910067e-07,9.20994775284e-05,0.519123656969,0.514057089584,-1.75697043266,-1.74787079429,0.504314178172,-1.75689895326,-0.0148094787965,-0.00902815896417,-1.24367004608,-1.82227825041,-1.82227825041,0.517570477853,-1.75634660744,-0.00156190654485,-0.0120612531887,-0.00156190654485,-0.0120612531887,0.000162356245218,4,0
1650,3.3,1,-0.308639287949,0,0.827179014683,0,0,0.827179014683,0,0.827179014683,0,-0.300000000715,1.40560671787,-0.308639285527,1.30155958678,0.00863928481173,0.104047131089,-0.581526616045,1.4021652085,0.827179006154,-6.82566988816e-05,-0.00572133331477,-0.308484253651,1.33615524073,-4.0142946911e-08,1.00357367299e-05,-0.30855251035,-0.297188813953,1.40556327386,1.33043390742,-0.304783248152,1.40540741589,0.00376926219821,0.0749735084738,1.59433720605,0.827179006154,0.827179006154,-0.300000000715,1.40560671787,0.00863928481173,0.104047131089,0.00863928481173,0.104047131089,-0.00654041370135,4,0
1650,3.3,2,0.501712679863,0,-1.83787882328,0,0,-1.83787882328,0,-1.83787882328,0,0.499999999106,-1.75700839742,0.50171267748,-1.74058986452,-0.00171267837357,-0.0164185328961,-1.60375316088,-0.231807205418,-1.83787879571,2.39113047675e-05,0.00203149375007,0.501657278875,-1.75302703584,5.01787014717e-08,-1.25446753618e-05,0.50168119018,0.496486015653,-1.75695409238,-1.75099554209,0.486639264906,-1.75756509468,-0.0150419252732,-0.00656955258392,-0.970273850103,-1.83787879571,-1.83787879571,0.499999999106,-1.75700839742,-0.00171267837357,-0.0164185328961,-0.00171267837357,-0.0164185328961,0.00231842940728,4,0
1655,3.31,1,-0.295688927174,0,0.696894466877,0,0,0.696894466877,0,0.696894466877,0,-0.285950335307,1.40334849472,-0.295688938874,1.29030578451,0.00973860356729,0.113042710208,-0.897503280419,1.58814839451,0.696894481938,-6.57125957492e-05,-0.00546081669622,-0.295541712039,1.32294977639,-9.29916668613e-07,0.000232479167155,-0.295607424635,-0.283144909892,1.40201526999,1.31748895969,-0.293364579294,1.40303956789,0.00224284534134,0.0855506081955,1.27369723537,0.696894481938,0.696894481938,-0.285950335307,1.40334849472,0.00973860356729,0.113042710208,0.00973860356729,0.113042710208,-0.00624936784521,4,0
1655,3.31,2,0.484295129776,0,-1.7601338625,0,0,-1.7601338625,0,-1.7601338625,0,0.482437917347,-1.75418561805,0.484295127744,-1.74178872939,-0.00185721039681,-0.0123968886608,-1.51553101116,-0.242752260147,-1.76013390192,1.96524228008e-05,0.00161480153609,0.484251921617,-1.75125772819,1.16239594677e-06,-0.000290598986695,0.48427157404,0.478931135579,-1.75251908697,-1.74964292665,0.469814985145,-1.75471157356,-0.0144565888949,-0.00506864690739,-0.342036024212,-1.76013390192,-1.76013390192,0.482437917347,-1.75418561805,-0.00185721039681,-0.0123968886608,-0.00185721039681,-0.0123968886608,0.0018506306097,4,0
1660,3.32,1,-0.282899826765,0,0.270582258701,0,0,0.270582258701,0,0.270582258701,0,-0.271961520454,1.39277215279,-0.282899839001,1.26947665428,0.0109383185471,0.123295498513,-1.50268471673,1.76659474131,0.270582246277,-6.94507093452e-05,-0.0058388131803,-0.282740270508,1.30564883603,-2.22924225707e-06,0.000557310564267,-0.282809721217,-0.26917919846,1.38948906528,1.29981002285,-0.284406685058,1.39225360427,-0.00159696384005,0.0924435814165,0.665247100851,0.270582246277,0.270582246277,-0.271961520454,1.39277215279,0.0109383185471,0.123295498513,0.0109383185471,0.123295498513,-0.00667222169245,4,0
1660,3.32,2,0.466942071915,0,-1.57100951672,0,0,-1.57100951672,0,-1.57100951672,0,0.464951898789,-1.74096518969,0.466942076258,-1.7282644069,-0.00199017746944,-0.0127007827936,-1.32938736647,-0.239266455646,-1.57100955541,2.40251487159e-05,0.00206743150966,0.466883810866,-1.74212182348,2.78655296271e-06,-0.000696638240674,0.466907836014,0.461473996299,-1.7368613301,-1.74005439197,0.453873273349,-1.74142679909,-0.0130345626653,-0.00137240711385,0.697771079119,-1.57100955541,-1.57100955541,0.464951898789,-1.74096518969,-0.00199017746944,-0.0127007827936,-0.00199017746944,-0.0127007827936,0.00235573329426,4,0
1665,3.33,1,-0.270390868187,0,0.14650529623,0,0,0.14650529623,0,0.14650529623,0,-0.258125232401,1.37332253716,-0.27039085985,1.23777563107,0.0122656274491,0.13554690609,-1.82429506531,1.96300366447,0.146505288919,-8.13378052539e-05,-0.00682063609405,-0.270205426844,1.27941921432,-3.02303459543e-06,0.000755758648858,-0.270286764649,-0.255383093584,1.36880213249,1.27259857823,-0.273236484052,1.37269290167,-0.00294971940258,0.100094323446,0.371053429037,0.146505288919,0.146505288919,-0.258125232401,1.37332253716,0.0122656274491,0.13554690609,0.0122656274491,0.13554690609,-0.0077966897571,4,0
1665,3.33,2,0.449831217527,0,-1.48493564129,0,0,-1.48493564129,0,-1.48493564129,0,0.447656538741,-1.71665316912,0.449831212741,-1.69844804443,-0.00217467400022,-0.0182051246813,-1.2229053745,-0.258239704826,-1.48493559025,3.91966667829e-05,0.00332015092354,0.449739973628,-1.71926853638,3.77879336627e-06,-0.000944698341573,0.449779170295,0.444228865224,-1.7110026631,-1.71594838546,0.437451789607,-1.717078367,-0.0123273806879,-0.00112998154122,1.26321919946,-1.48493559025,-1.48493559025,0.447656538741,-1.71665316912,-0.00217467400022,-0.0182051246813,-0.00217467400022,-0.0182051246813,0.00379051092493,4,0
1670,3.34,1,-0.258182495832,0,0.850139498711,0,0,0.850139498711,0,0.850139498711,0,-0.244504383249,1.35130763126,-0.258182507344,1.21217616873,0.0136781240949,0.139131462535,-1.2822423366,2.17003664993,0.850139516512,-8.06014724976e-05,-0.00663998978568,-0.258006759472,1.24993175575,-2.39620856601e-06,0.000599052141503,-0.258087360945,-0.241805518771,1.34763508274,1.24329176597,-0.255107933717,1.35086581666,0.00297942722774,0.10757405069,0.907353651961,0.850139516512,0.895401520781,-0.244504383249,1.35130763126,0.0136781240949,0.139131462535,0.0136781240949,0.139131462535,-0.00760720745565,4,0
1670,3.34,2,0.433005839586,0,-1.67403578758,0,0,-1.67403578758,0,-1.67403578758,0,0.430630477329,-1.68913453597,0.43300585154,-1.67518903674,-0.00237537421164,-0.0139454992243,-1.38241553989,-0.288130148867,-1.67403579926,3.76995344697e-05,0.00303771608937,0.432928597564,-1.69060589675,2.99526077419e-06,-0.000748815193548,0.432966297098,0.427256896737,-1.68454385021,-1.68756818066,0.419101279544,-1.68961491921,-0.0138650175545,-0.00204673854351,0.705582883674,-1.67403579926,-1.67403579926,0.430630477329,-1.68913453597,-0.00237537421164,-0.0139454992243,-0.00237537421164,-0.0139454992243,0.00349011050301,4,0
1675,3.35,1,-0.24606603384,0,1.85013949871,0,0,1.85013949871,0,1.85013949871,0,-0.231064489575,1.33989855694,-0.246066035928,1.21598070854,0.0150015463529,0.123917848394,0.144777640599,2.34431968135,1.85013951651,-4.81508717551e-05,-0.00379258888515,-0.245972233593,1.2337686869,-7.25770773397e-07,0.000181442693346,-0.246020384464,-0.228385240963,1.33907997771,1.22997609801,-0.229823743315,1.3399502547,0.016196641149,0.109974156682,1.7245140295,1.85013951651,2.4934677213,-0.231064489575,1.33989855694,0.0150015463529,0.123917848394,0.0150015463529,0.123917848394,-0.00437039934621,4,0
1675,3.35,2,0.416192740202,0,-2.07608294487,0,0,-2.07608294487,0,-2.07608294487,0,0.413830610269,-1.67487319277,0.416192727328,-1.6926272017,-0.00236211705971,0.0177540089321,-1.82693551398,-0.249981907046,-2.07608296047,-5.68746938172e-06,-0.000766210923067,0.416224831143,-1.68143540216,9.07213483559e-07,-0.000226803370887,0.416219143674,0.410481549511,-1.67384996872,-1.68220161308,0.398639474989,-1.67550615674,-0.0175796686851,0.00669545634759,-0.61273761593,-2.07608296047,-2.07608296047,0.413830610269,-1.67487319277,-0.00236211705971,0.0177540089321,-0.00236211705971,0.0177540089321,-0.000834460555647,4,0
1680,3.36,1,-0.233820915222,0,1.09918951988,0,0,1.09918951988,0,1.09918951988,0,-0.217729752055,1.32118105053,-0.233820913948,1.22494411656,0.0160911618929,0.096236933969,-2.4987252484,2.35956679181,1.09918956849,-1.73542411227e-05,-0.00153160711227,-0.23377635977,1.23633438622,-5.16842064091e-06,0.00129210516023,-0.233793714011,-0.215094787668,1.31360587789,1.23480277911,-0.238501900883,1.32031554433,-0.00470818687229,0.0855127652195,0.778840578005,1.09918956849,-0.137418598577,-0.217729752055,1.32118105053,0.0160911618929,0.096236933969,0.0160911618929,0.096236933969,-0.00173985800575,4,0
1680,3.36,2,0.399136394262,0,-1.07608294487,0,0,-1.07608294487,0,-1.07608294487,0,0.397162188404,-1.65147630936,0.399136388412,-1.7032609454,-0.00197420000818,0.0517846360463,-0.998032910883,-0.0646189356886,-1.07608296047,-4.68069508899e-05,-0.003789706075,0.399234578861,-1.68337682029,6.46052590447e-06,-0.00161513147612,0.39918777191,0.393868482928,-1.6420073434,-1.68716652636,0.388895860323,-1.65182073969,-0.010291911587,0.0353457866705,3.72009501112,-1.07608296047,-1.05830045709,0.397162188404,-1.65147630936,-0.00197420000818,0.0517846360463,-0.00197420000818,0.0517846360463,-0.00435138948568,4,0
1685,3.37,1,-0.221734926105,0,0.0991895720363,0,0,0.0991895720363,0,0.0991895720363,0,-0.204734193521,1.27455388898,-0.221734922298,1.19281307901,0.0170007287772,0.0817408099752,-3.90293311958,2.2950774017,0.0991895684893,-5.45904403278e-05,-0.00477957122409,-0.221597456043,1.22634645097,-7.57132344148e-06,0.00189283086037,-0.221652046484,-0.202196308181,1.26326417714,1.22156687975,-0.237157057685,1.27320293631,-0.0155050112016,0.0516360565626,-0.395440091104,0.0991895684893,-1.60242106137,-0.204734193521,1.27455388898,0.0170007287772,0.0817408099752,0.0170007287772,0.0817408099752,-0.00543465650802,4,0
1685,3.37,2,0.382455974817,0,-0.452075690031,0,0,-0.452075690031,0,-0.452075690031,0,0.380917740279,-1.59319235654,0.382455975552,-1.63638983836,-0.001538235273,0.043197481817,-0.528070212883,0.0764502732622,-0.452075690402,1.63523852674e-06,0.000436127918578,0.382433238015,-1.64532973051,9.46415443076e-06,-0.00236603860769,0.382434873254,0.377745383614,-1.57908021655,-1.6448936026,0.376520990494,-1.59337555445,-0.00591388275937,0.0515180481444,6.35549245908,-0.452075690402,-0.452075690402,0.380917740279,-1.59319235654,-0.001538235273,0.043197481817,-0.001538235273,0.043197481817,0.000455750780899,4,0
1690,3.38,1,-0.210158869624,0,-0.900810420513,0,0,-0.900810420513,0,-0.900810420513,0,-0.192277785053,1.21628132586,-0.210158874042,1.13113304966,0.0178810889886,0.0851482761976,-3.83411839736,2.32391429829,-0.900810431511,-0.000100721889831,-0.00856171643777,-0.209921591862,1.1859288714,-7.58315169616e-06,0.00189578792404,-0.210022313752,-0.189856718085,1.20484612027,1.17736715496,-0.224092118654,1.21495572862,-0.0140698049023,0.0375885736643,-1.53089681489,-0.900810431511,-1.50043371995,-0.192277785053,1.21628132586,0.0178810889886,0.0851482761976,0.0178810889886,0.0851482761976,-0.00977037911574,4,0
1690,3.38,2,0.366714000702,0,-0.456534206867,0,0,-0.456534206867,0,-0.456534206867,0,0.365347229746,-1.52035165171,0.36671401201,-1.5304753796,-0.00136678226399,0.0101237278934,-0.504871053386,0.0544524521447,-0.4565341949,6.18319894799e-05,0.0053736097852,0.366560875857,-1.56722722634,9.47893972886e-06,-0.00236973493221,0.366622707847,0.362320896047,-1.50605764455,-1.56185361655,0.361096387622,-1.52052877013,-0.0055263202251,0.0413248464223,6.29774092171,-0.4565341949,-0.4565341949,0.365347229746,-1.52035165171,-0.00136678226399,0.0101237278934,-0.00136678226399,0.0101237278934,0.00611559365896,4,0
1695,3.39,1,-0.199266850948,0,-0.346771240234,0,0,-0.346771240234,0,-0.346771240234,0,-0.180384680416,1.16526257082,-0.199266857197,1.06513446448,0.0188821767807,0.100128106337,-2.05310907454,2.50950380782,-0.346771250372,-0.000121616354107,-0.010055750862,-0.198999085487,1.12308207431,-4.8525779259e-06,0.00121314448147,-0.199120701841,-0.178061845733,1.15777790814,1.11302632345,-0.197368477386,1.16455491261,0.00175222445467,0.0515285891662,-1.08865354895,-0.346771250372,0.467909880392,-0.180384680416,1.16526257082,0.0188821767807,0.100128106337,0.0188821767807,0.100128106337,-0.0115151471113,4,0
1695,3.39,2,0.352004677057,0,-1.11933362484,0,0,-1.11933362484,0,-1.11933362484,0,0.35048084901,-1.45657820722,0.352004679358,-1.43898490682,-0.0015238303483,-0.0175933004056,-1.02057605228,-0.0903293103582,-1.11933362108,8.95103362192e-05,0.00735413440021,0.351811070454,-1.47994004228,6.06572246492e-06,-0.00151643061623,0.35190058079,0.347577305668,-1.44722237879,-1.47258590788,0.341920674501,-1.45693488116,-0.00997990628871,0.0156510267141,3.56273907359,-1.11933362108,-1.11933362108,0.35048084901,-1.45657820722,-0.0015238303483,-0.0175933004056,-0.0015238303483,-0.0175933004056,0.00842825843484,4,0
1700,3.4,1,-0.188795179129,0,0.653228759766,0,0,0.653228759766,0,0.653228759766,0,-0.168876866497,1.14303178963,-0.1887951752,1.04138034175,0.0199183087031,0.101651447881,0.667751000882,2.76918653704,0.653228749628,-7.77196751542e-05,-0.00616600154541,-0.188640464755,1.07155211415,-1.34035509908e-06,0.000335088774766,-0.18871818443,-0.166591819558,1.14151820343,1.0653861126,-0.163262866038,1.14326570631,0.0254553183919,0.0778795937083,-0.211441962214,0.653228749628,3.44403617557,-0.168876866497,1.14303178963,0.0199183087031,0.101651447881,0.0199183087031,0.101651447881,-0.00709863764726,4,0
1700,3.4,2,0.337756693363,0,-2.05320906639,0,0,-2.05320906639,0,-2.05320906639,0,0.336096081675,-1.42878973048,0.337756705999,-1.42718243834,-0.00166062432413,-0.00160729213639,-1.85527482948,-0.195342328242,-2.05320912114,3.1479960624e-05,0.00221420389634,0.337712423354,-1.43148318808,1.67544388802e-06,-0.000418860972007,0.337743903315,0.333239773014,-1.42689774772,-1.42926898419,0.320640690677,-1.4294337051,-0.017103212638,-0.000164720917093,-0.0830957198979,-2.05320912114,-2.05320912114,0.336096081675,-1.42878973048,-0.00166062432413,-0.00160729213639,-0.00166062432413,-0.00160729213639,0.00259196342382,4,0
1705,3.41,1,-0.178377121687,0,0.453228741884,0,0,0.453228741884,0,0.453228741884,0,-0.157562353882,1.10968719991,-0.178377128447,1.03930148452,0.0208147745649,0.0703857153831,-4.04558546267,2.80016897703,0.453228749628,-2.25377289867e-05,-0.0018361747481,-0.178327940405,1.05040456128,-8.90100359041e-06,0.0022252508976,-0.178350478134,-0.155355779197,1.09661159003,1.04856838653,-0.191199612823,1.10828564745,-0.0128491346894,0.0597172609187,-0.558294222373,0.453228749628,-1.24330985814,-0.157562353882,1.10968719991,0.0208147745649,0.0703857153831,0.0208147745649,0.0703857153831,-0.00210662749594,4,0
1705,3.41,2,0.323358207941,0,-1.05320906639,0,0,-1.05320906639,0,-1.05320906639,0,0.321952940973,-1.38710899299,0.323358208267,-1.43918569905,-0.00140526729342,0.0520767060639,-0.366463389507,-0.000855152420015,-1.05320912114,-4.11525008825e-05,-0.00348308603941,0.3234526603,-1.41846048027,1.11262545734e-05,-0.00278156364337,0.323411507799,0.319194722631,-1.37076448051,-1.42194356631,0.318937455579,-1.38723463821,-0.00447405221968,0.034708928097,4.14860542261,-1.05320912114,-0.363341625877,0.321952940973,-1.38710899299,-0.00140526729342,0.0520767060639,-0.00140526729342,0.0520767060639,-0.00397691605,4,0
1710,3.42,1,-0.168193608522,0,-0.546771228313,0,0,-0.546771228313,0,-0.546771228313,0,-0.146832147482,1.03157341018,-0.168193612523,0.998618826851,0.021361465041,0.0329545833273,-6.11235068647,2.59054962694,-0.546771250372,-4.64123136288e-05,-0.00410482494706,-0.168073837521,1.0284827662,-1.21722707349e-05,0.00304306768373,-0.168120249835,-0.144787124696,1.01338218966,1.02437794126,-0.197641344685,1.02945636029,-0.0295210948501,0.00507841903855,-1.69158446751,-0.546771250372,-3.51713928682,-0.146832147482,1.03157341018,0.021361465041,0.0329545833273,0.021361465041,0.0329545833273,-0.0046617727106,4,0
1710,3.42,2,0.309314638376,0,-0.0532091222703,0,0,-0.0532091222703,0,-0.0532091222703,0,0.308540183045,-1.28946675511,0.309314626974,-1.3700641793,-0.000774443928671,0.0805974241913,0.341594155422,0.334899763239,-0.0532091211413,-9.03799318294e-06,-0.000438363599863,0.309314594329,-1.37437730314,1.52153385225e-05,-0.00380383463063,0.309305556336,0.305983904579,-1.26672772931,-1.37481566674,0.311386416459,-1.28934816205,0.00208086012276,0.0854675046896,8.21649401009,-0.0532091211413,0.677040738179,0.308540183045,-1.28946675511,-0.000774443928671,0.0805974241913,-0.000774443928671,0.0805974241913,-0.000546819518059,4,0
1715,3.43,1,-0.158670499921,0,-1.54677128792,0,0,-1.54677128792,0,-1.54677128792,0,-0.13697493865,0.940182024055,-0.158670495128,0.916028998682,0.0216955564784,0.0241530253724,-5.66071609127,2.44617810579,-1.54677125037,-0.000105695766474,-0.00910426455027,-0.158413369355,0.977109702768,-1.1400977074e-05,0.0028502442685,-0.158519065121,-0.135111934434,0.922951375135,0.968005438218,-0.183979529104,0.938223499453,-0.0254604639826,-0.029781938765,-2.78285671032,-1.54677125037,-3.20416537173,-0.13697493865,0.940182024055,0.0216955564784,0.0241530253724,0.0216955564784,0.0241530253724,-0.010372613748,4,0
1715,3.43,2,0.296447575092,0,0.683517277241,0,0,0.683517277241,0,0.683517277241,0,0.296218672085,-1.17522752172,0.29644756241,-1.22084623645,-0.000228890325529,0.0456187147305,0.27940921471,0.411116413535,0.683517290623,6.94100253415e-05,0.00617541731827,0.296265884215,-1.26642515348,1.4251221427e-05,-0.00356280535675,0.296335294241,0.293889916832,-1.15368921044,-1.26024973616,0.298484745239,-1.175133102,0.00214945099844,0.0851166341622,10.9409818953,0.683517290623,0.683517290623,0.296218672085,-1.17522752172,-0.000228890325529,0.0456187147305,-0.000228890325529,0.0456187147305,0.00700833762237,4,0
1720,3.44,1,-0.150104522705,0,-1.34677124023,0,0,-1.34677124023,0,-1.34677124023,0,-0.127973758473,0.865153491089,-0.1501045227,0.820249652105,0.0221307642264,0.0449038389843,-2.81581940682,2.55684012919,-1.34677125037,-0.000148865157634,-0.0123801325699,-0.149772594089,0.89291041639,-6.83394314852e-06,0.00170848578713,-0.149921459247,-0.126254328828,0.85458936519,0.88053028382,-0.151280402985,0.864182380901,-0.00135894373813,-0.0163479029185,-2.63330177818,-1.34677125037,-0.244812763169,-0.127973758473,0.865153491089,0.0221307642264,0.0449038389843,0.0221307642264,0.0449038389843,-0.0141665144615,4,0
1720,3.44,2,0.28521335125,0,-0.231629565358,0,0,-0.231629565358,0,-0.231629565358,0,0.284967196951,-1.08144185498,0.285213353127,-1.06821123112,-0.000246156176306,-0.0132306238598,-0.541952012578,0.174849832126,-0.231629569187,0.000126575450321,0.0105145974666,0.284932586954,-1.12913358977,8.5424289783e-06,-0.00213560724458,0.285059162405,0.282817909912,-1.06823669754,-1.1186189923,0.280358651935,-1.08163387769,-0.00470051046971,0.0369851146085,6.9222713293,-0.231629569187,-0.379135683323,0.284967196951,-1.08144185498,-0.000246156176306,-0.0132306238598,-0.000246156176306,-0.0132306238598,0.0120335028705,4,0
1725,3.45,1,-0.14225359261,0,-0.346771240234,0,0,-0.346771240234,0,-0.346771240234,0,-0.119524489315,0.834277106778,-0.14225359453,0.768128402756,0.0227291052147,0.0661487040218,0.9319524385,2.8599800437,-0.346771250372,-0.00010876961609,-0.00875125032467,-0.142029150548,0.813754688743,-1.82373612947e-06,0.00045593403237,-0.142137920164,-0.117857320363,0.832216673975,0.805003438419,-0.111688019928,0.834603626336,0.0304499002361,0.0296001879171,-1.68673475121,-0.346771250372,3.80198896791,-0.119524489315,0.834277106778,0.0227291052147,0.0661487040218,0.0227291052147,0.0661487040218,-0.0100564857177,4,0
1725,3.45,2,0.27497819066,0,-1.23162961006,0,0,-1.23162961006,0,-1.23162961006,0,0.274405610593,-1.04284637441,0.274978187532,-1.00620091218,-0.00057257693867,-0.0366454622291,-1.68516170618,-0.147106752467,-1.23162956919,7.33518347461e-05,0.00569914373024,0.274839948855,-1.03130872996,2.27967017208e-06,-0.000569917543016,0.274913300689,0.272321649421,-1.04027083339,-1.02560958623,0.260332201329,-1.04343276646,-0.0145810993601,-0.0178231802354,2.73771563288,-1.23162956919,-1.83884782439,0.274405610593,-1.04284637441,-0.00057257693867,-0.0366454622291,-0.00057257693867,-0.0366454622291,0.00657936574719,4,0
1730,3.46,1,-0.13469158113,0,-0.546771228313,0,0,-0.546771228313,0,-0.546771228313,0,-0.111337744933,0.789569434508,-0.134691581565,0.746551393564,0.0233538366319,0.0430180409446,-5.39030275152,2.92998920337,-0.546771250372,-4.31077635674e-05,-0.00348259386152,-0.13459996146,0.766381970681,-1.17622942915e-05,0.00294057357288,-0.134643069224,-0.109775554853,0.772273319193,0.762899376819,-0.156145810357,0.787702431782,-0.0215027411329,0.0248030549633,-1.96273778564,-0.546771250372,-2.45631366113,-0.111337744933,0.789569434508,0.0233538366319,0.0430180409446,0.0233538366319,0.0430180409446,-0.00399988702433,4,0
1730,3.46,2,0.264948099852,0,-0.588537812233,0,0,-0.588537812233,0,-0.588537812233,0,0.264172180207,-0.986961783833,0.264948108814,-0.99516956333,-0.000775928607065,0.00820777949769,0.317705006188,-0.0918974668538,-0.588537790488,-1.30925105494e-05,-0.00123051959429,0.264984266771,-0.986527628151,1.47028679237e-05,-0.00367571698092,0.264971174261,0.262219442626,-0.965341639601,-0.987758147745,0.266826677005,-0.9868511798,0.00185550274439,0.00090696794572,5.33806081686,-0.588537790488,0.227195169055,0.264172180207,-0.986961783833,-0.000775928607065,0.00820777949769,-0.000775928607065,0.00820777949769,-0.00138762972088,4,0
1735,3.47,1,-0.127540290356,0,-1.54677128792,0,0,-1.54677128792,0,-1.54677128792,0,-0.10392323803,0.687615338592,-0.127540291078,0.688501402338,0.0236170530477,-0.000886063746785,-7.91762752168,2.66695797249,-1.54677125037,-5.86622430946e-05,-0.0051089468205,-0.12739406423,0.724040413542,-1.55817113596e-05,0.00389542783991,-0.127452726473,-0.102571258878,0.664303292807,0.718931466721,-0.169740760065,0.68487294184,-0.0422880335921,-0.0340585248812,-3.02797295619,-1.54677125037,-5.24485665546,-0.10392323803,0.687615338592,0.0236170530477,-0.000886063746785,0.0236170530477,-0.000886063746785,-0.00581289373764,4,0
1735,3.47,2,0.25544822216,0,0.411462217569,0,0,0.411462217569,0,0.411462217569,0,0.254904046674,-0.859519163448,0.255448215732,-0.908940791075,-0.000544169058253,0.0494216276274,1.19433503464,0.244891123195,0.411462209512,9.10842202769e-06,0.00105716798404,0.25540847465,-0.921879429615,1.94771392681e-05,-0.00486928481704,0.255417583072,0.253214072753,-0.830379106115,-0.920822261631,0.264829885695,-0.859105586822,0.00941230262283,0.061716674809,9.24150850913,0.411462209512,1.43805968878,0.254904046674,-0.859519163448,-0.000544169058253,0.0494216276274,-0.000544169058253,0.0494216276274,0.00116646904838,4,0
1740,3.48,1,-0.121219038963,0,-2.54677128792,0,0,-2.54677128792,0,-2.54677128792,0,-0.097630121113,0.572051155104,-0.121219036192,0.589224176523,0.0235889150792,-0.0171730214195,-7.12754138332,2.44570117913,-2.54677125037,-0.000115447420655,-0.00991162276269,-0.120940320362,0.65503806211,-1.41027953805e-05,0.00352569884513,-0.121055767783,-0.0965075434823,0.550711718824,0.645126439347,-0.156829381216,0.569584519266,-0.0357736134331,-0.075541920081,-4.05090530702,-2.54677125037,-4.67054321238,-0.097630121113,0.572051155104,0.0235889150792,-0.0171730214195,0.0235889150792,-0.0171730214195,-0.0112969918106,4,0
1740,3.48,2,0.247288912535,0,1.40323972702,0,0,1.40323972702,0,1.40323972702,0,0.247037650628,-0.715063933608,0.247288911365,-0.743803310588,-0.000251260737413,0.0287393769799,1.05254593485,0.359217754807,1.4032397022,8.53382128294e-05,0.00749992890469,0.247071591318,-0.797270107137,1.76284942778e-05,-0.00440712356946,0.247156929531,0.24563442861,-0.688389638178,-0.789770178232,0.255722755216,-0.71470205425,0.00856582568576,0.0750681239821,12.8320176578,1.4032397022,1.4032397022,0.247037650628,-0.715063933608,-0.000251260737413,0.0287393769799,-0.000251260737413,0.0287393769799,0.00852398745864,4,0
1745,3.49,1,-0.116044849157,0,-2.39611005783,0,0,-2.39611005783,0,-2.39611005783,0,-0.0924019636278,0.48035715977,-0.116044852628,0.472969890394,0.0236428890001,0.00738726937612,-3.49725926852,2.51546804397,-2.39611012671,-0.000163563301182,-0.0136226083847,-0.115678685091,0.553452993719,-8.14635440086e-06,0.00203658860021,-0.115842248393,-0.0914542487744,0.467747660898,0.539830385334,-0.121365628658,0.479150340394,-0.0055233802654,-0.0606800449399,-3.87887702856,-2.39611012671,-0.966205856547,-0.0924019636278,0.48035715977,0.0236428890001,0.00738726937612,0.0236428890001,0.00738726937612,-0.0155853679989,4,0
1745,3.49,2,0.241000309587,0,0.423936516047,0,0,0.423936516047,0,0.423936516047,0,0.240502453876,-0.600446439126,0.241000310423,-0.562845834709,-0.000497856547694,-0.037600604417,0.00554695970011,0.0776328258148,0.423936525209,0.000149661013101,0.0124625265118,0.240666012092,-0.63595279231,1.01829430248e-05,-0.00254573575619,0.240815673105,0.23931781033,-0.584684565498,-0.623490265798,0.240429983867,-0.600449458709,-0.000385689238304,0.0230408070885,8.36709429519,0.423936525209,0.0689213268459,0.240502453876,-0.600446439126,-0.000497856547694,-0.037600604417,-0.000497856547694,-0.037600604417,0.014258458669,4,0
1750,3.5,1,-0.111784845591,0,-1.39611017704,0,0,-1.39611017704,0,-1.39611017704,0,-0.0878383125658,0.443857567968,-0.111784847876,0.401327424591,0.0239465353105,0.0425301433771,0.910648884826,2.84993740582,-1.39611012671,-0.000125702998181,-0.010164017986,-0.111522180927,0.455463817418,-2.12859716049e-06,0.000532149290124,-0.111647883925,-0.0869522157139,0.441451978075,0.445299799432,-0.0801656220525,0.444177263406,0.0314822618729,-0.00112253602614,-2.85634586568,-1.39611012671,3.77225874462,-0.0878383125658,0.443857567968,0.0239465353105,0.0425301433771,0.0239465353105,0.0425301433771,-0.0116724539642,4,0
1750,3.5,2,0.235970318317,0,-0.576063454151,0,0,-0.576063454151,0,-0.576063454151,0,0.234797890155,-0.554821949273,0.235970321777,-0.475937323559,-0.00117243162184,-0.0788846257134,-1.33469885625,-0.37198518435,-0.576063474791,9.93633071868e-05,0.00786824802237,0.235773435628,-0.514090971161,2.66074645583e-06,-0.000665186613961,0.235872798936,0.233690269111,-0.551814961901,-0.506222723139,0.223619301893,-0.555287723784,-0.0122534970424,-0.0490650006447,3.98995788523,-0.576063474791,-1.71574464831,0.234797890155,-0.554821949273,-0.00117243162184,-0.0788846257134,-0.00117243162184,-0.0788846257134,0.00906060770861,4,0
1755,3.51,1,-0.107987657189,0,-1.47330951691,0,0,-1.47330951691,0,-1.47330951691,0,-0.083580711997,0.392163111608,-0.107987657793,0.365045575958,0.0244069457961,0.0271175356501,-6.40149342984,2.95337842442,-1.47330957326,-5.66125610763e-05,-0.00454577727592,-0.107868754038,0.390304914444,-1.34722096747e-05,0.00336805241866,-0.107925366599,-0.0828158245722,0.372339555133,0.385759137168,-0.136790569621,0.389946034207,-0.0288652030218,0.00418689703894,-2.93288516924,-1.47330957326,-3.44288987742,-0.083580711997,0.392163111608,0.0244069457961,0.0271175356501,0.0244069457961,0.0271175356501,-0.00522512800884,4,0
1755,3.51,2,0.231341764331,0,-0.122488349676,0,0,-0.122488349676,0,-0.122488349676,0,0.229475889551,-0.490203878707,0.231341765033,-0.451468734375,-0.00186587548139,-0.0387351443327,0.98570757914,-0.418346829684,-0.122488349138,8.30838700877e-06,0.000470627688407,0.231333836725,-0.451795273911,1.68402621205e-05,-0.00421006553014,0.231342145112,0.228519780292,-0.465424433073,-0.451324646223,0.237671138778,-0.489862409989,0.00632899366631,-0.0385377637668,5.6654650694,-0.122488349138,0.566790421123,0.229475889551,-0.490203878707,-0.00186587548139,-0.0387351443327,-0.00186587548139,-0.0387351443327,0.000570328332512,4,0
1760,3.52,1,-0.104717880487,0,-2.47330951691,0,0,-2.47330951691,0,-2.47330951691,0,-0.0802076881877,0.276348686766,-0.104717883447,0.295970402009,0.024510195259,-0.0196217152428,-9.14174551198,2.66710453504,-2.47330957326,-6.53532219393e-05,-0.00565505766433,-0.104557381683,0.334543958625,-1.74659055123e-05,0.00436647637807,-0.104622734904,-0.079681093807,0.250197761181,0.328888900961,-0.156203303153,0.273182202809,-0.0515805682488,-0.0557066981521,-3.92354883387,-2.47330957326,-6.46820168062,-0.0802076881877,0.276348686766,0.024510195259,-0.0196217152428,0.024510195259,-0.0196217152428,-0.0064392963276,4,0
1760,3.52,2,0.227319255471,0,0.877511680126,0,0,0.877511680126,0,0.877511680126,0,0.225259609899,-0.345435847443,0.227319260714,-0.358588212186,-0.00205965081588,0.013152364743,1.94461676812,-0.0914780833941,0.877511650862,2.18981319954e-05,0.00211055894571,0.227251601181,-0.377584135654,2.18323819171e-05,-0.00545809547926,0.227273499313,0.224601366945,-0.312747190421,-0.375473576709,0.241416920941,-0.344762626149,0.0141434216283,0.0307109505594,9.43320092173,0.877511650862,1.85076534819,0.225259609899,-0.345435847443,-0.00205965081588,0.013152364743,-0.00205965081588,0.013152364743,0.00237333652965,4,0
1765,3.53,1,-0.102386020124,0,-3.47330951691,0,0,-3.47330951691,0,-3.47330951691,0,-0.0780946773159,0.147923933376,-0.102386021497,0.186067776645,0.0242913441808,-0.0381438432688,-8.09025537275,2.41363945199,-3.47330957326,-0.000120659913297,-0.0103448566884,-0.102095657137,0.254460253288,-1.54241338153e-05,0.00385603345381,-0.10221631705,-0.0778224119903,0.12456456244,0.2441153966,-0.145298525611,0.145123773031,-0.0430822085605,-0.0989916235691,-4.87224876783,-3.47330957326,-5.66482314511,-0.0780946773159,0.147923933376,0.0242913441808,-0.0381438432688,0.0242913441808,-0.0381438432688,-0.0117927756479,4,0
1765,3.53,2,0.224700093269,0,1.7610449791,0,0,1.7610449791,0,1.7610449791,0,0.22261834642,-0.184904905535,0.22470008908,-0.187441784659,-0.00208174265997,0.00253687912426,1.73661958409,0.0340343323862,1.76104502204,9.67133690041e-05,0.00844833400145,0.224457153201,-0.246612589608,1.92801672838e-05,-0.00482004182094,0.22455386657,0.222278014785,-0.155705691842,-0.238164255606,0.236985159783,-0.184306288311,0.0124312932131,0.0538579672948,12.4653041386,1.76104502204,1.76104502204,0.22261834642,-0.184904905535,-0.00208174265997,0.00253687912426,-0.00208174265997,0.00253687912426,0.00960889442949,4,0
1770,3.54,1,-0.101288720965,0,-3.27330946922,0,0,-3.27330946922,0,-3.27330946922,0,-0.0771513110031,0.048540122808,-0.101288722375,0.0625902203788,0.0241374113722,-0.0140500975709,-4.02963312082,2.46614626749,-3.27330957326,-0.000165305989484,-0.0137478214821,-0.100919783588,0.143469376567,-8.66134372546e-06,0.00216533593137,-0.101085089577,-0.0770680798744,0.0351195565666,0.129721555085,-0.110542520382,0.0471488224172,-0.00945743080526,-0.0825727326674,-4.57735556927,-3.27330957326,-1.54775535997,-0.0771513110031,0.048540122808,0.0241374113722,-0.0140500975709,0.0241374113722,-0.0140500975709,-0.0157314933559,4,0
1770,3.54,2,0.223958089948,0,0.764125525951,0,0,0.764125525951,0,0.764125525951,0,0.221439138641,-0.0606751422514,0.223958096393,-0.00972910903464,-0.00251895775138,-0.0509460332168,0.566010492083,-0.21894159759,0.764125496424,0.000156757526449,0.0130276402384,0.223609333683,-0.0857613246132,1.08266796592e-05,-0.00270666991479,0.22376609121,0.221335099753,-0.0438994344457,-0.0727336843748,0.226023694023,-0.0604841191105,0.00225760281347,0.0122495652643,7.83284286146,0.764125496424,0.332160163938,0.221439138641,-0.0606751422514,-0.00251895775138,-0.0509460332168,-0.00251895775138,-0.0509460332168,0.0149087305558,4,0
1775,3.55,1,-0.10116995126,0,-2.27330946922,0,0,-2.27330946922,0,-2.27330946922,0,-0.07692,0.00999015786697,-0.101169950812,-0.01527298598,0.0242499508123,0.025263143847,0.607243649994,2.8011506669,-2.27330957326,-0.000125250153874,-0.0101251658952,-0.100908384152,0.0386124137325,-2.22509627065e-06,0.000556274067661,-0.101033634306,-0.076901712582,0.00747488678347,0.0284872478373,-0.07177167292,0.0102046714953,0.0292619613862,-0.018282576342,-3.48250767599,-2.27330957326,3.42002248464,-0.07692,0.00999015786697,0.0242499508123,0.025263143847,0.0242499508123,0.025263143847,-0.0116281677417,4,0
1775,3.55,2,0.224433451891,0,-0.235874503851,0,0,-0.235874503851,0,-0.235874503851,0,0.22115,-0.0124876860709,0.224433445593,0.0728603960949,-0.00328344559337,-0.0853480821658,-0.84050177571,-0.648426923476,-0.235874503576,0.000103564381916,0.00821673458936,0.224227222378,0.0326420818043,2.78137033796e-06,-0.000695342584492,0.22433078676,0.22112714075,-0.0093435972169,0.0408588163937,0.214079264891,-0.0127823000338,-0.0102515218685,-0.0536411164275,3.37095051591,-0.235874503576,-1.49838820636,0.22115,-0.0124876860709,-0.00328344559337,-0.0853480821658,-0.00328344559337,-0.0853480821658,0.00945950717235,4,0
1780,3.56,1,-0.101564235985,0,-2.07330965996,0,0,-2.07330965996,0,-2.07330965996,0,-0.0770083068525,-0.0436308690182,-0.101564233928,-0.0541712016127,0.024555927075,0.0105403325945,-6.97872806592,2.89931072412,-2.07330957326,-5.45104520464e-05,-0.00431390062519,-0.101452860513,-0.0312015745053,-1.38633713084e-05,0.00346584282711,-0.101507370966,-0.0771155945932,-0.0640413988265,-0.0355154751305,-0.135022255191,-0.0460481168656,-0.0335148842257,-0.0105326417351,-3.21234056837,-2.07330957326,-4.07444931576,-0.0770083068525,-0.0436308690182,0.024555927075,0.0105403325945,0.024555927075,0.0105403325945,-0.00496802604975,4,0
1780,3.56,2,0.225250139832,0,0.156550869346,0,0,0.156550869346,0,0.156550869346,0,0.221260383678,0.0545385975174,0.225250143097,0.0882789779699,-0.00398975941912,-0.0337403804525,1.56992517215,-0.652474827839,0.156550874934,1.02383632931e-05,0.00055355623742,0.225241705863,0.0886825536918,1.73292141281e-05,-0.00433230353203,0.225251944226,0.221394493377,0.0800517597671,0.0892361099292,0.234314792737,0.0550825312282,0.00906284851013,-0.0341535787011,4.72974193543,0.156550874934,0.91677392771,0.221260383678,0.0545385975174,-0.00398975941912,-0.0337403804525,-0.00398975941912,-0.0337403804525,0.000676416596937,4,0
1785,3.57,1,-0.102475717664,0,-3.07330965996,0,0,-3.07330965996,0,-3.07330965996,0,-0.0780069412082,-0.161968899955,-0.102475714196,-0.1214704389,0.024468772988,-0.0404984610552,-9.66341826432,2.57680940421,-3.07330957326,-5.72092747156e-05,-0.00497010081905,-0.102333989287,-0.0871385034958,-1.76404151413e-05,0.00441010378532,-0.102391198562,-0.0783572783266,-0.188398870541,-0.0921086043148,-0.158348805906,-0.165316477651,-0.0559576073443,-0.0732078733357,-4.13698084666,-3.07330957326,-7.08095224799,-0.0780069412082,-0.161968899955,0.024468772988,-0.0404984610552,0.024468772988,-0.0404984610552,-0.00565661211563,4,0
1785,3.57,2,0.226544097066,0,1.15655088425,0,0,1.15655088425,0,1.15655088425,0,0.222508676735,0.202461136103,0.226544090141,0.167770941108,-0.00403541340628,0.0346901949954,2.51693309335,-0.235961560397,1.15655087493,1.5651930093e-05,0.00158197905244,0.22649107461,0.152118273808,2.20505189087e-05,-0.00551262972718,0.22650672654,0.222946598155,0.23549859931,0.15370025286,0.243432045535,0.203332943137,0.0169253189946,0.0496326902765,8.4470681873,1.15655087493,2.27920173074,0.222508676735,0.202461136103,-0.00403541340628,0.0346901949954,-0.00403541340628,0.0346901949954,0.00176980221355,4,0
1790,3.58,1,-0.104309141636,0,-4.07330942154,0,0,-4.07330942154,0,-4.07330942154,0,-0.0802808726083,-0.290683113597,-0.104309143716,-0.229888565119,0.0240282711072,-0.0607945484783,-8.45326437266,2.28689609018,-4.07330957326,-0.000112254431446,-0.00964916002424,-0.104037386724,-0.165562726471,-1.52356505659e-05,0.00380891264147,-0.104149641156,-0.0808855708149,-0.313775841208,-0.175211886495,-0.150511179654,-0.29360937639,-0.0463615384984,-0.118397489895,-5.0213949128,-4.07330957326,-6.15537206928,-0.0802808726083,-0.290683113597,0.0240282711072,-0.0607945484783,0.0240282711072,-0.0607945484783,-0.0109962132016,4,0
1790,3.58,2,0.229112297297,0,2.15655088425,0,0,2.15655088425,0,2.15655088425,0,0.225351091096,0.363353903,0.22911230328,0.326309061875,-0.00376121218423,0.0370448411253,2.26286253042,-0.00884266152493,2.15655087493,9.01173111578e-05,0.0079045654604,0.22888383366,0.270269232832,1.90445631831e-05,-0.00476114079579,0.228973950971,0.226106963876,0.392219812478,0.278173798293,0.244100844085,0.364135142708,0.0151268931135,0.0859613444154,11.9026442265,2.15655087493,2.2450338957,0.225351091096,0.363353903,-0.00376121218423,0.0370448411253,-0.00376121218423,0.0370448411253,0.00898597319429,4,0
1795,3.59,1,-0.107385888696,0,-3.87330961227,0,0,-3.87330961227,0,-3.87330961227,0,-0.0837146407356,-0.388028359574,-0.107385885795,-0.356033567615,0.0236712450599,-0.0319947919589,-4.35967686664,2.32013741764,-3.87330957326,-0.000163533627724,-0.0136343564194,-0.107018861155,-0.275195389558,-8.32850037909e-06,0.00208212509477,-0.107182394782,-0.0845040405743,-0.400946294654,-0.288829745978,-0.119852568833,-0.389534106578,-0.0126701740504,-0.1007043606,-4.66133435146,-3.87330957326,-2.02394268905,-0.0837146407356,-0.388028359574,0.0236712450599,-0.0319947919589,0.0236712450599,-0.0319947919589,-0.015596759952,4,0
1795,3.59,2,0.233507603407,0,1.25619101524,0,0,1.25619101524,0,1.25619101524,0,0.229643301364,0.485035460295,0.23350760967,0.504817670247,-0.00386430830615,-0.0197822099523,1.08310333627,-0.214696626342,1.25619102951,0.000158741211338,0.0132364193125,0.233151755498,0.426725677968,1.04106254546e-05,-0.00260265636367,0.233310496709,0.230630051184,0.501182879115,0.439962097281,0.238527560823,0.485405637772,0.00521706411351,0.0454435404916,7.57837560623,1.25619102951,0.853265396079,0.229643301364,0.485035460295,-0.00386430830615,-0.0197822099523,-0.00386430830615,-0.0197822099523,0.0151413138486,4,0
1800,3.6,1,-0.111471273005,0,-2.87330961227,0,0,-2.87330961227,0,-2.87330961227,0,-0.0878383121239,-0.424855158491,-0.11147127049,-0.436873652918,0.0236329583657,0.0120184944265,0.0523123902545,2.65168146436,-2.87330957326,-0.000128507842563,-0.0104104521333,-0.111201462073,-0.380981212222,-2.10378745466e-06,0.000525946863664,-0.111329969916,-0.0886896242398,-0.427233898507,-0.391391664355,-0.087303699134,-0.42483288295,0.024026270782,-0.0334412185946,-3.49864990751,-2.87330957326,2.71594640086,-0.0878383121239,-0.424855158491,0.0236329583657,0.0120184944265,0.0236329583657,0.0120184944265,-0.0119525462441,4,0
1800,3.6,2,0.239139467478,0,0.256191015244,0,0,0.256191015244,0,0.256191015244,0,0.234797890707,0.53106895885,0.239139471129,0.589216894487,-0.00434158042181,-0.0581479356366,-0.25203602609,-0.61866645255,0.256191029513,0.000111801321118,0.0089198285994,0.238913609261,0.544421943775,2.6297343125e-06,-0.000657433578125,0.239025410582,0.235862030874,0.534042383863,0.553341772374,0.232615866689,0.530978041183,-0.00640954389281,-0.022363731191,3.02432402022,0.256191029513,-0.880963923093,0.234797890707,0.53106895885,-0.00434158042181,-0.0581479356366,-0.00434158042181,-0.0581479356366,0.0102614444528,4,0
1805,3.61,1,-0.116102702916,0,-2.67330956459,0,0,-2.67330956459,0,-2.67330956459,0,-0.0922638823078,-0.47515395619,-0.116102705147,-0.479578159823,0.0238388228389,0.00442420363251,-7.06495022065,2.76449290067,-2.67330957326,-6.13430147093e-05,-0.00490906211506,-0.115974577004,-0.452614569142,-1.28974895668e-05,0.00322437239169,-0.116035920019,-0.0932328431424,-0.494153534466,-0.457523631257,-0.150989470182,-0.477600855685,-0.0349535501629,-0.0200772244284,-3.15929691772,-2.67330957326,-4.29481214169,-0.0922638823078,-0.47515395619,0.0238388228389,0.00442420363251,0.0238388228389,0.00442420363251,-0.00564517829157,4,0
1805,3.61,2,0.245141327381,0,0.721828997135,0,0,0.721828997135,0,0.721828997135,0,0.240329853544,0.593942455824,0.245141329292,0.609166462723,-0.00481147574788,-0.0152240068989,2.01249679259,-0.626457465065,0.72182898161,2.29278930088e-05,0.00164404385333,0.245102589332,0.60249397665,1.6121861917e-05,-0.00403046547926,0.245125517225,0.241541054608,0.617691928608,0.604138020503,0.257055629189,0.594639363143,0.0119301119647,-0.00949865736065,4.57242565803,0.72182898161,1.38412014896,0.240329853544,0.593942455824,-0.00481147574788,-0.0152240068989,-0.00481147574788,-0.0152240068989,0.00191917856944,4,0
1810,3.62,1,-0.121293328702,0,-3.67330956459,0,0,-3.67330956459,0,-3.67330956459,0,-0.0975364215399,-0.584431842244,-0.121293326404,-0.551012487824,0.0237569048641,-0.0334193544203,-9.43139105623,2.50271883153,-3.67330957326,-6.74167398263e-05,-0.00582976434326,-0.121128036456,-0.511329084474,-1.60881580282e-05,0.00402203950706,-0.121195453195,-0.0987293967192,-0.608553708161,-0.517158848817,-0.175939906803,-0.58769865413,-0.0547444536076,-0.0705398053133,-4.01312486702,-3.67330957326,-6.92203345947,-0.0975364215399,-0.584431842244,0.0237569048641,-0.0334193544203,0.0237569048641,-0.0334193544203,-0.00663876522117,4,0
1810,3.62,2,0.251679748297,0,1.72182893753,0,0,1.72182893753,0,1.72182893753,0,0.246920527688,0.730539813018,0.25167974781,0.694485327039,-0.00475922012178,0.0360544859793,2.85503284327,-0.276915129571,1.72182898161,3.25047473246e-05,0.00299675351819,0.251588127101,0.670123585576,2.01101974746e-05,-0.00502754936866,0.251620631848,0.248411746683,0.760692145324,0.673120339095,0.270643059677,0.731528251851,0.0190224278286,0.0584079127564,8.17669748711,1.72182898161,2.57473090321,0.246920527688,0.730539813018,-0.00475922012178,0.0360544859793,-0.00475922012178,0.0360544859793,0.00338681048608,4,0
1815,3.63,1,-0.127445235848,0,-4.67330980301,0,0,-4.67330980301,0,-4.67330980301,0,-0.103974706963,-0.700836072103,-0.127445242031,-0.663228284975,0.0234705350678,-0.0376077871273,-8.1812228034,2.30864477996,-4.67330957326,-0.000124109821959,-0.010642664194,-0.127146445888,-0.59282199397,-1.35557956861e-05,0.00338894892153,-0.12727055571,-0.105397176628,-0.721401679314,-0.603464658164,-0.17193248156,-0.703667646044,-0.0446619258499,-0.10020298788,-4.82587570216,-4.67330957326,-5.86044604138,-0.103974706963,-0.700836072103,0.0234705350678,-0.0376077871273,0.0234705350678,-0.0376077871273,-0.0121319820575,4,0
1815,3.63,2,0.259545743465,0,2.40971446037,0,0,2.40971446037,0,2.40971446037,0,0.254968384567,0.876045099874,0.259545744289,0.858012129064,-0.00457735972225,0.0180329708105,2.57998961784,-0.15950787334,2.40971438279,0.000108748410633,0.00946238079148,0.259275013486,0.792515237833,1.69447445469e-05,-0.00423618613673,0.259383761897,0.256746471668,0.901752108796,0.801977618625,0.276341463994,0.87693564485,0.0169577020972,0.0749580262253,10.2707171684,2.40971438279,2.40971438279,0.254968384567,0.876045099874,-0.00457735972225,0.0180329708105,-0.00457735972225,0.0180329708105,0.0107673617191,4,0
1820,3.64,1,-0.134807601571,0,-4.07330942154,0,0,-4.07330942154,0,-4.07330942154,0,-0.111449488382,-0.786613922568,-0.134807606393,-0.779279216531,0.0233581180113,-0.00733470603661,-4.45563425614,2.42019942806,-4.07330957326,-0.000162207548266,-0.0134189216006,-0.134449074001,-0.701351850557,-7.18040538754e-06,0.00179510134688,-0.134611281549,-0.113034247231,-0.797764728996,-0.714770772158,-0.148387600082,-0.788153010556,-0.0137763185326,-0.0733822383975,-4.00174376389,-4.07330957326,-2.0200694159,-0.111449488382,-0.786613922568,0.0233581180113,-0.00733470603661,0.0233581180113,-0.00733470603661,-0.0153654121798,4,0
1820,3.64,2,0.269116401672,0,1.41863596439,0,0,1.41863596439,0,1.41863596439,0,0.264311861435,0.983267412547,0.269116390486,1.01067608009,-0.00480452905089,-0.0274086675441,1.50688072075,-0.379803056777,1.41863598694,0.000159310962358,0.0131410255475,0.26876672802,0.935346737226,8.97550669554e-06,-0.00224387667389,0.268926038982,0.266292810016,0.997205920522,0.948487762773,0.276722215379,0.983784510628,0.00779617639667,0.0352967478549,5.54971912194,1.41863598694,1.11202490687,0.264311861435,0.983267412547,-0.00480452905089,-0.0274086675441,-0.00480452905089,-0.0274086675441,0.0150527570958,4,0
1825,3.65,1,-0.143044143915,0,-3.07330965996,0,0,-3.07330965996,0,-3.07330965996,0,-0.119524488475,-0.818112691796,-0.143044136656,-0.846714884616,0.023519648181,0.0286021928199,-0.700700594112,2.7493610312,-3.07330957326,-0.000116500735535,-0.00939820677922,-0.142802143404,-0.797126955297,-1.7765452649e-06,0.000444136316225,-0.14291864414,-0.121162067763,-0.820122053098,-0.806525162076,-0.125263727672,-0.818351826763,0.0176549164677,-0.0118266646865,-2.78371491539,-3.07330957326,2.0594566527,-0.119524488475,-0.818112691796,0.023519648181,0.0286021928199,0.023519648181,0.0286021928199,-0.0107962156056,4,0
1825,3.65,2,0.279636204243,0,0.418635994196,0,0,0.418635994196,0,0.418635994196,0,0.274405611644,1.0226408739,0.279636214375,1.06695694862,-0.00523060273075,-0.0443160747182,0.374185373,-0.689000885215,0.418635986945,9.80039648197e-05,0.00775498472287,0.279442435595,1.02945019625,2.22068157041e-06,-0.000555170392597,0.279540439559,0.276452585773,1.02515257552,1.03720518098,0.277444122624,1.02276747853,-0.00209631693569,-0.0144377024466,1.00422165231,0.418635986945,-0.323746544516,0.274405611644,1.0226408739,-0.00523060273075,-0.0443160747182,-0.00523060273075,-0.0443160747182,0.00893103230071,4,0
1830,3.66,1,-0.151705652475,0,-2.87330961227,0,0,-2.87330961227,0,-2.87330961227,0,-0.127854116346,-0.860165663538,-0.151705655729,-0.878685812695,0.0238515393838,0.0185201491561,-6.65287461288,2.85619816092,-2.87330957326,-5.0675274984e-05,-0.00405833088952,-0.151599603186,-0.856239074059,-1.06691116842e-05,0.00266727792105,-0.151650278461,-0.129589901636,-0.875894479182,-0.860297404948,-0.183159834296,-0.862470068453,-0.0315095558354,-0.00217266350498,-2.39265805533,-2.87330957326,-3.79201001777,-0.127854116346,-0.860165663538,0.0238515393838,0.0185201491561,0.0238515393838,0.0185201491561,-0.00466643418932,4,0
1830,3.66,2,0.290280222893,0,1.01863598824,0,0,1.01863598824,0,1.01863598824,0,0.284817646573,1.07520708831,0.290280223665,1.06638157198,-0.0054625770917,0.00882551633302,2.27157616082,-0.605780086674,1.01863598694,1.0952597524e-05,0.00069601647704,0.290265940153,1.06464518091,1.33363895339e-05,-0.00333409738348,0.290276892751,0.286987378204,1.09486810776,1.06534119738,0.303707757185,1.07599417626,0.0134308644345,0.010652978872,3.0944891155,1.01863598694,1.6649686265,0.284817646573,1.07520708831,-0.0054625770917,0.00882551633302,-0.0054625770917,0.00882551633302,0.000827447647328,4,0
1835,3.67,1,-0.160832196474,0,-3.87330961227,0,0,-3.87330961227,0,-3.87330961227,0,-0.136884447578,-0.949686523839,-0.160832191413,-0.940973926744,0.0239477438351,-0.00871259709504,-8.46973475444,2.65969277557,-3.87330957326,-6.17440483092e-05,-0.00537221249797,-0.16067866538,-0.903709782041,-1.29610799146e-05,0.00324026997866,-0.160740409429,-0.138803284096,-0.969139068784,-0.909081994539,-0.207292391675,-0.952620188176,-0.0465519822467,-0.0435381936376,-3.19477143999,-3.87330957326,-5.80392883779,-0.136884447578,-0.949686523839,0.0239477438351,-0.00871259709504,0.0239477438351,-0.00871259709504,-0.00611314107768,4,0
1835,3.67,2,0.301294475794,0,2.01863598824,0,0,2.01863598824,0,2.01863598824,0,0.2961055607,1.18710816306,0.30129448244,1.13573619138,-0.00518892174037,0.051371971688,2.92762737765,-0.262527479459,2.01863598694,2.668856517e-05,0.00252894222712,0.301214835853,1.1138215875,1.62013497957e-05,-0.00405033744893,0.301241524418,0.298504106363,1.2114238441,1.11635052972,0.320436470975,1.18812195099,0.019194946557,0.0717714212698,6.68781624987,2.01863598694,2.66225069319,0.2961055607,1.18710816306,-0.00518892174037,0.051371971688,-0.00518892174037,0.051371971688,0.00284920500916,4,0
1840,3.68,1,-0.170828640461,0,-4.71876192093,0,0,-4.71876192093,0,-4.71876192093,0,-0.146856862789,-1.04238631286,-0.170828633086,-1.04342134656,0.0239717702969,0.00103503370486,-7.30221838002,2.57157712152,-4.71876189988,-0.000121348477369,-0.0104231768874,-0.170537223128,-0.975037548685,-1.05490050758e-05,0.00263725126895,-0.170658571605,-0.148957862671,-1.05841169475,-0.985460725573,-0.207504397109,-1.04491329346,-0.0368458255039,-0.0594525678831,-3.80249835369,-4.71876189988,-4.71876189988,-0.146856862789,-1.04238631286,0.0239717702969,0.00103503370486,0.0239717702969,0.00103503370486,-0.0118793586158,4,0
1840,3.68,2,0.3134739995,0,2.45937943459,0,0,2.45937943459,0,2.45937943459,0,0.308571079792,1.30298289861,0.313474011287,1.28079341226,-0.00490293149434,0.0221894863487,2.65901861595,-0.189128310908,2.45937945752,0.000105956243683,0.00923937260379,0.313211390247,1.21765878743,1.31862562534e-05,-0.00329656406336,0.31331734649,0.311197329659,1.32301462583,1.22689816003,0.330603726739,1.30390092556,0.0172863802489,0.0770027655301,7.78669731951,2.45937945752,2.45937945752,0.308571079792,1.30298289861,-0.00490293149434,0.0221894863487,-0.00490293149434,0.0221894863487,0.010510847528,4,0
1845,3.69,1,-0.181853413582,0,-3.71876192093,0,0,-3.71876192093,0,-3.71876192093,0,-0.157640973813,-1.10820023416,-0.181853415288,-1.13522002307,0.024212441475,0.0270197889116,-4.30955465579,2.73761586144,-3.71876189988,-0.000145789078796,-0.0119961381303,-0.181535046179,-1.06677059365,-5.32944228784e-06,0.00133236057196,-0.181680835258,-0.159865964437,-1.11649239331,-1.07876673178,-0.19337734025,-1.10968924943,-0.0116965049921,-0.0309225176452,-2.53973092256,-3.71876189988,-1.55819318727,-0.157640973813,-1.10820023416,0.024212441475,0.0270197889116,0.024212441475,0.0270197889116,-0.0137456070759,4,0
1845,3.69,2,0.327044963837,0,1.50062131882,0,0,1.50062131882,0,1.50062131882,0,0.322051218645,1.38525029963,0.327044975867,1.3952192669,-0.00499375722169,-0.00996896726358,1.79808615206,-0.373509120267,1.50062134326,0.000137262140789,0.0112278922993,0.326749395044,1.33267370644,6.66180280501e-06,-0.00166545070125,0.326886657184,0.324832456938,1.39561549849,1.34390159874,0.336902194984,1.38586909031,0.0100155377997,0.0419674915693,3.23724209965,1.50062134326,1.41170199381,0.322051218645,1.38525029963,-0.00499375722169,-0.00996896726358,-0.00499375722169,-0.00996896726358,0.0128750379888,4,0
1850,3.7,1,-0.193501979113,0,-2.71876192093,0,0,-2.71876192093,0,-2.71876192093,0,-0.16887686534,-1.1312876547,-0.193501974587,-1.17832457091,0.024625109247,0.0470369162036,-1.57940311558,3.02242821238,-2.71876189988,-9.47830004596e-05,-0.00758963514581,-0.193308786171,-1.13954277009,-1.27540244624e-06,0.000318850611559,-0.193403569171,-0.17114041413,-1.132730947,-1.14713240523,-0.181943148192,-1.13183208315,0.0114604209797,0.0153003220781,-1.29066881888,-2.71876189988,1.45175212795,-0.16887686534,-1.1312876547,0.024625109247,0.0470369162036,0.024625109247,0.0470369162036,-0.00872703115132,4,0
1850,3.7,2,0.341192424297,0,0.500621318817,0,0,0.500621318817,0,0.500621318817,0,0.336096083121,1.41410957506,0.341192429351,1.41567058105,-0.00509634622934,-0.00156100598244,0.979173258348,-0.524347205851,0.500621343258,6.86287968127e-05,0.00530883136131,0.341064658402,1.39277728702,1.59425304325e-06,-0.000398563260805,0.341133287199,0.338925519123,1.41591369042,1.39808611838,0.344190703972,1.41444685093,0.00305741677341,0.0163607325529,-1.23889971352,0.500621343258,0.448693675574,0.336096083121,1.41410957506,-0.00509634622934,-0.00156100598244,-0.00509634622934,-0.00156100598244,0.00613237692306,4,0
1855,3.71,1,-0.205372154713,0,-2.31246757507,0,0,-2.31246757507,0,-2.31246757507,0,-0.180295188886,-1.16097836261,-0.205372161329,-1.19288472406,0.0250769724424,0.0319063614494,-5.78393436071,3.0908578701,-2.31246749325,-3.90205098162e-05,-0.00316035978748,-0.20528941804,-1.17519158491,-7.39636681393e-06,0.00184909170348,-0.20532843855,-0.182627887875,-1.17189676956,-1.1783519447,-0.228380921335,-1.1629819348,-0.0230524827851,0.0153700098999,-0.666096273852,-2.31246749325,-2.68944788471,-0.180295188886,-1.16097836261,0.0250769724424,0.0319063614494,0.0250769724424,0.0319063614494,-0.00362860590528,4,0
1855,3.71,2,0.355229437351,0,1.50062131882,0,0,1.50062131882,0,1.50062131882,0,0.350368987619,1.45122295959,0.355229424186,1.40252327626,-0.00486043656622,0.0486996833315,2.32412489018,-0.363908308124,1.50062134326,-5.243081485e-06,-0.000559794066739,0.355248006769,1.40759378964,9.24545842312e-06,-0.00231136460578,0.355242763688,0.353284861368,1.46487096814,1.40703399558,0.369708309085,1.45202876465,0.0144655453976,0.0449947690767,2.46310306702,1.50062134326,1.9608392931,0.350368987619,1.45122295959,-0.00486043656622,0.0486996833315,-0.00486043656622,0.0486996833315,-0.000622711044559,4,0
1860,3.72,1,-0.217523738742,0,-3.31246757507,0,0,-3.31246757507,0,-3.31246757507,0,-0.19219936038,-1.22197927162,-0.217523738859,-1.23572993393,0.0253243784786,0.0137506623086,-6.87334239391,2.95104991881,-3.31246749325,-5.48354006264e-05,-0.00480814074012,-0.217385016,-1.20160933016,-8.5652809938e-06,0.00214132024845,-0.2174398514,-0.194656229148,-1.23485834497,-1.2064174709,-0.249332472852,-1.22435981798,-0.0318926214515,-0.0179423470752,-1.44094751886,-3.31246749325,-3.91682630956,-0.19219936038,-1.22197927162,0.0253243784786,0.0137506623086,0.0253243784786,0.0137506623086,-0.00546616554764,4,0
1860,3.72,2,0.36954331398,0,2.50062131882,0,0,2.50062131882,0,2.50062131882,0,0.365249202046,1.52747409504,0.369543307109,1.46159936241,-0.00429410506281,0.065874732633,2.72985323248,-0.106162035125,2.50062134326,1.55752378432e-05,0.00161262829468,0.369488055051,1.44498759594,1.07066011173e-05,-0.00267665027933,0.369503630289,0.368320288017,1.54357293653,1.44660022424,0.387943582924,1.52841969424,0.0184399526348,0.0818194700075,6.03949456049,2.50062134326,2.62189166621,0.365249202046,1.52747409504,-0.00429410506281,0.065874732633,-0.00429410506281,0.065874732633,0.0017995311488,4,0
1865,3.73,1,-0.230315357447,0,-3.1385614872,0,0,-3.1385614872,0,-3.1385614872,0,-0.204729735896,-1.28190051858,-0.230315361077,-1.30747837172,0.025585625181,0.0255778531388,-5.90259889397,2.94119185382,-3.13856148318,-0.000109302801442,-0.00924611353648,-0.230062446813,-1.25028444656,-6.50960434945e-06,0.00162740108736,-0.230171749614,-0.207303605487,-1.29181699911,-1.2595305601,-0.253744982871,-1.28394282054,-0.0235732332566,-0.0244122604399,-1.01317049762,-3.13856148318,-2.95084929299,-0.204729735896,-1.28190051858,0.025585625181,0.0255778531388,0.025585625181,0.0255778531388,-0.0105577471538,4,0
1865,3.73,2,0.384834110737,0,2.37525415421,0,0,2.37525415421,0,2.37525415421,0,0.380912171491,1.60237565281,0.384834120523,1.57228577818,-0.00392194903153,0.0300898746291,2.49427527683,-0.110571481744,2.37525424631,8.68072128052e-05,0.0074078622259,0.384630127275,1.52576777502,8.13700532382e-06,-0.00203425133095,0.384716934488,0.38412950849,1.6147712533,1.53317563724,0.401591484307,1.60323729084,0.0168745498192,0.0700616536014,4.91118568545,2.37525424631,2.37525424631,0.380912171491,1.60237565281,-0.00392194903153,0.0300898746291,-0.00392194903153,0.0300898746291,0.00844954877956,4,0
1870,3.74,1,-0.243667557836,0,-2.1385614872,0,0,-2.1385614872,0,-2.1385614872,0,-0.217767552602,-1.32130818555,-0.243667551482,-1.34830755117,0.0258999988801,0.026999365625,-3.93548913493,3.03926663463,-2.13856148318,-0.000102681297379,-0.00838021204088,-0.243447939345,-1.30198766747,-2.9567962446e-06,0.000739199061148,-0.243550620642,-0.220414977414,-1.32593000311,-1.31036787951,-0.250426492614,-1.32266897471,-0.00687587197212,-0.012301095206,0.244366293355,-2.13856148318,-0.886610112684,-0.217767552602,-1.32130818555,0.0258999988801,0.026999365625,0.0258999988801,0.026999365625,-0.00961238760943,4,0
1870,3.74,2,0.400962293148,0,1.71298766136,0,0,1.71298766136,0,1.71298766136,0,0.397209442416,1.65163523578,0.400962304784,1.63054272928,-0.00375286236815,0.0210925065024,1.93000453571,-0.210014577013,1.71298768319,7.59789681297e-05,0.00609052788545,0.400806922014,1.59938461771,3.69599524042e-06,-0.000923998810105,0.400882900982,0.400518723438,1.65741250763,1.6054751456,0.413206688255,1.65230178769,0.0123237872727,0.0468266420928,1.67563347306,1.71298768319,1.71298768319,0.397209442416,1.65163523578,-0.00375286236815,0.0210925065024,-0.00375286236815,0.0210925065024,0.00700227550301,4,0
1875,3.75,1,-0.257190138102,0,-1.1385614872,0,0,-1.1385614872,0,-1.1385614872,0,-0.231064488215,-1.33372429982,-0.257190128394,-1.35002201011,0.0261256401787,0.0162977102882,-2.49691045805,3.12683358689,-1.13856148318,-5.53684289178e-05,-0.00437102689777,-0.257081188551,-1.32899033994,-6.49414350129e-07,0.00016235358753,-0.25713655698,-0.233732434581,-1.33446024362,-1.33336136683,-0.251794124347,-1.33458803466,0.00534243263346,-0.00122666782717,1.47728562314,-1.13856148318,0.63495857688,-0.231064488215,-1.33372429982,0.0261256401787,0.0162977102882,0.0261256401787,0.0162977102882,-0.00503544804478,4,0
1875,3.75,2,0.417265802622,0,1.29919576645,0,0,1.29919576645,0,1.29919576645,0,0.413830611969,1.66715537833,0.417265807556,1.62230486812,-0.00343519558789,0.0448505102133,1.50515805491,-0.205097506848,1.29919578817,1.24487661108e-05,0.000715374699605,0.4172585217,1.62489090106,8.11767920605e-07,-0.000202941980151,0.417270970466,0.417165544933,1.66807530806,1.62560627576,0.426344663643,1.66767679715,0.0090736931768,0.0420705213912,-0.362500295603,1.29919578817,1.29919578817,0.413830611969,1.66715537833,-0.00343519558789,0.0448505102133,-0.00343519558789,0.0448505102133,0.000864759892935,4,0
1880,3.76,1,-0.270601004362,0,-1.28737711906,0,0,-1.28737711906,0,-1.28737711906,0,-0.244453802371,-1.34814641054,-0.270601011205,-1.3373593347,0.0261472088337,-0.010787075838,-4.54164261264,3.03258436285,-1.28737709895,-2.01491207494e-05,-0.0016938020441,-0.270553731162,-1.32608761118,-3.39961402637e-06,0.000849903506594,-0.270573880283,-0.247155074228,-1.35318563905,-1.32778141322,-0.28221912941,-1.34971996584,-0.0116452491269,-0.021938552614,1.53618717869,-1.28737709895,-1.5071226583,-0.244453802371,-1.34814641054,0.0261472088337,-0.010787075838,0.0261472088337,-0.010787075838,-0.0019355914931,4,0
1880,3.76,2,0.43338778615,0,2.12192344666,0,0,2.12192344666,0,2.12192344666,0,0.430567254698,1.68518301632,0.433387781826,1.61320755154,-0.00282052712842,0.0719754647783,2.16606053136,-0.0473978225481,2.1219233452,-3.43865412593e-05,-0.00284799789738,0.433462656823,1.62884620472,4.24951742506e-06,-0.00106237935626,0.433428270282,0.433943844525,1.69148205179,1.62599820683,0.448613600634,1.6859349474,0.0151853303527,0.0599367405755,2.62544466228,2.1219233452,2.1219233452,0.430567254698,1.68518301632,-0.00282052712842,0.0719754647783,-0.00282052712842,0.0719754647783,-0.00326063639249,4,0
1885,3.77,1,-0.284051150084,0,-1.90658628941,0,0,-1.90658628941,0,-1.90658628941,0,-0.258066550879,-1.37465617427,-0.284051162344,-1.3535236427,0.0259846114651,-0.0211325315697,-4.79622792061,2.88501771547,-1.90658624471,-4.65339647703e-05,-0.00406555285839,-0.283935468461,-1.32562332738,-3.3310526914e-06,0.000832763172855,-0.283982002426,-0.260820956465,-1.37970108258,-1.32968888024,-0.29792738105,-1.3763170422,-0.0139453786244,-0.0466281619561,1.13379370732,-1.90658624471,-1.90658624471,-0.258066550879,-1.37465617427,0.0259846114651,-0.0211325315697,0.0259846114651,-0.0211325315697,-0.00462396043563,4,0
1885,3.77,2,0.449749976397,0,2.36467003822,0,0,2.36467003822,0,2.36467003822,0,0.44758319036,1.71832022006,0.449749976632,1.65596759825,-0.00216678627228,0.0623526218111,2.28169092614,0.0832557128379,2.3646700611,3.1316535812e-07,0.000272819896557,0.449734876107,1.6497482837,4.16381572438e-06,-0.00104095393109,0.449735189272,0.451026197347,1.72462635523,1.6500211036,0.466562027226,1.71911100493,0.0168268379538,0.0690899013275,3.19743190933,2.3646700611,2.3646700611,0.44758319036,1.71832022006,-0.00216678627228,0.0623526218111,-0.00216678627228,0.0623526218111,0.000276577880854,4,0
1890,3.78,1,-0.297702252865,0,-1.29625201225,0,0,-1.29625201225,0,-1.29625201225,0,-0.27192832624,-1.39593337002,-0.297702243303,-1.37035978696,0.0257739170625,-0.0255735830562,-4.11640955406,2.81360238688,-1.29625197618,-6.88335999143e-05,-0.00572918779572,-0.297548032754,-1.33639969686,-1.83299819428e-06,0.00045824954857,-0.297616866354,-0.274723117253,-1.39877025498,-1.34212888465,-0.30611775595,-1.39735792959,-0.00850088959592,-0.0552290449343,1.9684682927,-1.29625197618,-1.29625197618,-0.27192832624,-1.39593337002,0.0257739170625,-0.0255735830562,0.0257739170625,-0.0255735830562,-0.00655519099469,4,0
1890,3.78,2,0.466587841511,0,2.18855714798,0,0,2.18855714798,0,2.18855714798,0,0.464910409578,1.74491671371,0.466587846581,1.69892178919,-0.0016774370027,0.0459949245209,2.10202891158,0.0892644272805,2.18855726664,2.88584430659e-05,0.00238977090577,0.466524159984,1.68525144497,2.2912476193e-06,-0.000572811904819,0.466553018427,0.468403898346,1.74846281973,1.68764121588,0.482374197497,1.74564437154,0.0158211790696,0.0580031556576,2.0310503839,2.18855726664,2.18855726664,0.464910409578,1.74491671371,-0.0016774370027,0.0459949245209,-0.0016774370027,0.0459949245209,0.00273607222256,4,0
1895,3.79,1,-0.31138882041,0,-0.619393646717,0,0,-0.619393646717,0,-0.619393646717,0,-0.285943616289,-1.40507728564,-0.31138880583,-1.36449789175,0.0254451895409,-0.0405793938902,-3.3664228183,2.74186387433,-0.619393658984,-5.53276498666e-05,-0.00450135318937,-0.311271141609,-1.33976023603,-2.94718383698e-07,7.36795959246e-05,-0.311326469259,-0.288754326903,-1.4055763459,-1.34426158922,-0.313905550708,-1.40624236624,-0.00257908144917,-0.0619807770169,2.85989350477,-0.619393658984,-0.619393658984,-0.285943616289,-1.40507728564,0.0254451895409,-0.0405793938902,0.0254451895409,-0.0405793938902,-0.00516528498777,4,0
1895,3.79,2,0.483671575785,0,1.97104096413,0,0,1.97104096413,0,1.97104096413,0,0.482429522147,1.75634660744,0.483671567247,1.71053402475,-0.00124204509983,0.0458125826834,1.88937382851,0.082476599106,1.97104097561,1.00275289734e-05,0.000689121656994,0.483658144775,1.7094345622,3.68397910233e-07,-9.20994775544e-05,0.483668172304,0.485942910416,1.75697043266,1.71012368386,0.498140282992,1.75700122247,0.014472110688,0.0468775386099,0.754144882063,1.97104097561,1.97104097561,0.482429522147,1.75634660744,-0.00124204509983,0.0458125826834,-0.00124204509983,0.0458125826834,0.000809452004674,4,0
1900,3.8,1,-0.324925273657,0,-0.738187730312,0,0,-0.738187730312,0,-0.738187730312,0,-0.299999999285,-1.40560671787,-0.32492527531,-1.34671819473,0.0249252760245,-0.0588885231374,-3.35916186004,2.61754211327,-0.738187702753,-3.63295952511e-05,-0.00299608887005,-0.324844875074,-1.32897012242,4.0142946911e-08,-1.00357367283e-05,-0.32488120467,-0.302811186047,-1.40556327386,-1.33196621129,-0.327915949228,-1.40676988245,-0.00303474455795,-0.0748036711599,2.94250339288,-0.738187702753,-0.738187702753,-0.299999999285,-1.40560671787,0.0249252760245,-0.0588885231374,0.0249252760245,-0.0588885231374,-0.00343204401307,4,0
1900,3.8,2,0.500747919083,0,2.02959656715,0,0,2.02959656715,0,2.02959656715,0,0.500000000894,1.75700839742,0.500747913411,1.70617190707,-0.000747912517685,0.0508364903499,1.89981735442,0.128301711416,2.02959651703,-1.5086039704e-05,-0.00129641872242,0.500783488111,1.71420284559,-5.01787014162e-08,1.25446753603e-05,0.500768402071,0.503513984347,1.75695409238,1.71290642687,0.515816664788,1.75766742508,0.0150482627166,0.0447609982093,0.659985072243,2.02959651703,2.02959651703,0.500000000894,1.75700839742,-0.000747912517685,0.0508364903499,-0.000747912517685,0.0508364903499,-0.00147745119887,4,0
1905,3.81,1,-0.338317394257,0,-0.563868224621,0,0,-0.563868224621,0,-0.563868224621,0,-0.314049664693,-1.40334849472,-0.338317387364,-1.33379080926,0.0242677226714,-0.06955768546,-3.04279626974,2.4751623549,-0.563868233514,-3.93180021455e-05,-0.00329386530379,-0.338228154957,-1.31385970202,9.29916668613e-07,-0.000232479167155,-0.338267472959,-0.316855090108,-1.40201526999,-1.31715356732,-0.33933102834,-1.40440188487,-0.00106355538143,-0.0872483175486,3.31116758072,-0.563868233514,-0.563868233514,-0.314049664693,-1.40334849472,0.0242677226714,-0.06955768546,0.0242677226714,-0.06955768546,-0.00376568132953,4,0
1905,3.81,2,0.517827749252,0,1.98638176918,0,0,1.98638176918,0,1.98638176918,0,0.517562082653,1.75418561805,0.517827751102,1.70865870282,-0.000265668448797,0.0455269152258,1.81154954882,0.173836972595,1.98638174019,-1.06914196502e-05,-0.000866921739926,0.517850718717,1.7136144738,-1.16239594683e-06,0.000290598986713,0.517840027298,0.521068864421,1.75251908697,1.71274755206,0.532640444671,1.75481388313,0.0148004173735,0.042066331074,0.171452154904,1.98638174019,1.98638174019,0.517562082653,1.75418561805,-0.000265668448797,0.0455269152258,-0.000265668448797,0.0455269152258,-0.000995218775729,4,0
1910,3.82,1,-0.351530045271,0,-0.0962436497211,0,0,-0.0962436497211,0,-0.0962436497211,0,-0.328038479546,-1.39277215279,-0.351530052352,-1.31105639155,0.0234915728062,-0.0817157612405,-2.43645486223,2.33681935312,-0.0962436502813,-3.60897620015e-05,-0.0029587816804,-0.351451987634,-1.29438689333,2.22924225712e-06,-0.000557310564278,-0.351488077396,-0.33082080154,-1.38948906528,-1.29734567501,-0.348278865016,-1.39361550219,0.00320921237998,-0.0962698271758,3.96363406669,-0.0962436502813,-0.0962436502813,-0.328038479546,-1.39277215279,0.0234915728062,-0.0817157612405,0.0234915728062,-0.0817157612405,-0.00339185882442,4,0
1910,3.82,2,0.534864902496,0,1.82235121727,0,0,1.82235121727,0,1.82235121727,0,0.535048101211,1.74096518969,0.534864914343,1.69789228496,0.000183186868539,0.0430729047325,1.62526974052,0.195619915617,1.8223512614,-1.4677355598e-05,-0.00128547698709,0.534901944046,1.70698671206,-2.78655296282e-06,0.000696638240695,0.53488726669,0.538526003701,1.7368613301,1.70570123507,0.548580701661,1.74152904805,0.013693434971,0.0358278129756,-0.771803266314,1.8223512614,1.8223512614,0.535048101211,1.74096518969,0.000183186868539,0.0430729047325,0.000183186868539,0.0430729047325,-0.00146160525427,4,0
1915,3.83,1,-0.36444234848,0,0.0664873197675,0,0,0.0664873197675,0,0.0664873197675,0,-0.341874767599,-1.37332253716,-0.364442346535,-1.27723415399,0.0225675789364,-0.0960883831648,-2.11293892453,2.17710730106,0.0664873211811,-2.47498649133e-05,-0.00202194627321,-0.364388967734,-1.2657872511,3.02303459532e-06,-0.000755758648836,-0.364413717599,-0.344616906416,-1.36880213249,-1.26780919737,-0.359432784763,-1.3740541212,0.00498093283617,-0.106244923832,4.2979861634,0.0664873211811,0.0664873211811,-0.341874767599,-1.37332253716,0.0225675789364,-0.0960883831648,0.0225675789364,-0.0960883831648,-0.00231894465217,4,0
1915,3.83,2,0.551695466042,0,1.7515976429,0,0,1.7515976429,0,1.7515976429,0,0.552343461259,1.71665316912,0.551695437364,1.67210833694,0.000648023895096,0.0445448321723,1.51856407668,0.230223587014,1.75159762881,-2.89603885527e-05,-0.00246244045482,0.551763355359,1.6876884831,-3.77879336633e-06,0.000944698341579,0.55173439497,0.555771134776,1.7110026631,1.68522604264,0.564999605801,1.71718050847,0.0132652108306,0.0319544658276,-1.2844300934,1.75159762881,1.75159762881,0.552343461259,1.71665316912,0.000648023895096,0.0445448321723,0.000648023895096,0.0445448321723,-0.00280996511745,4,0
1920,3.84,1,-0.377029746771,0,-0.608619570732,0,0,-0.608619570732,0,-0.608619570732,0,-0.355495616751,-1.35130763126,-0.377029748675,-1.24891672144,0.0215341319242,-0.102390909824,-2.65237950248,2.00262575834,-0.608619582178,-2.55237062709e-05,-0.00220092524181,-0.376966929007,-1.23370779457,2.39620856601e-06,-0.000599052141503,-0.376992452714,-0.358194481229,-1.34763508274,-1.23590871982,-0.377539615027,-1.35222613119,-0.000547162312947,-0.116317411373,3.79049442112,-0.608619582178,-0.647246534419,-0.355495616751,-1.35130763126,0.0215341319242,-0.102390909824,0.0215341319242,-0.102390909824,-0.00250720971706,4,0
1920,3.84,2,0.56828391552,0,1.94717037678,0,0,1.94717037678,0,1.94717037678,0,0.569369522671,1.68913453597,0.568283942864,1.65319596697,0.00108557980756,0.035938568998,1.67776766925,0.266939164537,1.94717036133,-2.69099180879e-05,-0.00214060852857,0.568337110136,1.66331105046,-2.9952607743e-06,0.000748815193567,0.568310200218,0.572743103263,1.68454385021,1.66117044193,0.583347182541,1.68971693846,0.0150369823223,0.028546496532,-0.712622653884,1.94717036133,1.94717036133,0.569369522671,1.68913453597,0.00108557980756,0.035938568998,0.00108557980756,0.035938568998,-0.00246352754562,4,0
1925,3.85,1,-0.389492720366,0,-1.60861957073,0,0,-1.60861957073,0,-1.60861957073,0,-0.368935510425,-1.33989855694,-0.389492707506,-1.24910599726,0.0205571970807,-0.0907925596797,-4.07610654212,1.85496619401,-1.60861958218,-5.68658602322e-05,-0.00495127469081,-0.38935073745,-1.21461029179,7.25770773369e-07,-0.000181442693342,-0.389407603311,-0.371614759037,-1.33907997771,-1.21956156648,-0.402797329853,-1.34130946608,-0.0133897265427,-0.121747899594,2.97218875903,-1.60861958218,-2.2155066831,-0.368935510425,-1.33989855694,0.0205571970807,-0.0907925596797,0.0205571970807,-0.0907925596797,-0.00563366501359,4,0
1925,3.85,2,0.584897220135,0,2.35232186317,0,0,2.35232186317,0,2.35232186317,0,0.586169389731,1.67487319277,0.584897222907,1.67371079207,0.00127216682398,0.00116240069681,2.12190122492,0.232117468615,2.35232181461,1.48809040134e-05,0.00151830807816,0.584845405064,1.65834988129,-9.07213483559e-07,0.000226803370898,0.584860285968,0.589518450489,1.67384996872,1.65986818937,0.60380713819,1.67560809895,0.0189468522225,0.0157399095815,0.607026718941,2.35232181461,2.35232181461,0.586169389731,1.67487319277,0.00127216682398,0.00116240069681,0.00127216682398,0.00116240069681,0.00169687892632,4,0
1930,3.86,1,-0.402042537928,0,-0.816116094589,0,0,-0.816116094589,0,-0.816116094589,0,-0.382270247945,-1.32118105053,-0.402042544195,-1.25373629504,0.0197722962498,-0.0674447554909,-1.42863468244,1.85647245472,-0.816116114378,-8.61056032422e-05,-0.0070916308584,-0.401854151609,-1.2133036882,5.16842064086e-06,-0.00129210516022,-0.401940257213,-0.384905212332,-1.31360587789,-1.22039531906,-0.394087313742,-1.32167342827,0.00785294347055,-0.101278109216,3.95571165728,-0.816116114378,0.435962670386,-0.382270247945,-1.32118105053,0.0197722962498,-0.0674447554909,0.0197722962498,-0.0674447554909,-0.00812489809731,4,0
1930,3.86,2,0.601776659489,0,1.35232186317,0,0,1.35232186317,0,1.35232186317,0,0.602837811596,1.65147630936,0.601776633312,1.68667222089,0.00106117828376,-0.0351959115295,1.2925329531,0.0533030614452,1.35232181461,5.31874005641e-05,0.00432567526281,0.601663706656,1.66339204276,-6.46052590447e-06,0.00161513147611,0.601716894056,0.606131517072,1.6420073434,1.66771771802,0.613548957765,1.65192260711,0.0118320637085,-0.0157951109087,-3.73222429863,1.35232181461,1.34087209048,0.602837811596,1.65147630936,0.00106117828376,-0.0351959115295,0.00106117828376,-0.0351959115295,0.00496392406957,4,0
1935,3.87,1,-0.414399772882,0,0.18388389051,0,0,0.18388389051,0,0.18388389051,0,-0.395265806479,-1.27455388898,-0.414399767408,-1.21908359408,0.0191339609285,-0.0554702949039,-0.0198868718233,1.93440032427,0.183883885622,-5.10144540756e-05,-0.00403681183317,-0.414298618485,-1.19938530696,7.57132344154e-06,-0.00189283086038,-0.414349632939,-0.397803691819,-1.26326417714,-1.20342211879,-0.395392568793,-1.27455917074,0.0189570641458,-0.0711370519525,5.12550430547,0.183883885622,1.91916243773,-0.395265806479,-1.27455388898,0.0191339609285,-0.0554702949039,0.0191339609285,-0.0554702949039,-0.00464898528208,4,0
1935,3.87,2,0.618324816227,0,0.731873452663,0,0,0.731873452663,0,0.731873452663,0,0.619082259721,1.59319235654,0.618324809081,1.62595349065,0.000757450640094,-0.032761134106,0.822037704217,-0.0895685276848,0.731873455095,9.05443658089e-06,0.000487068197761,0.618321429348,1.62866161636,-9.46415443082e-06,0.0023660386077,0.618330483785,0.622254616386,1.57908021655,1.62914868455,0.625915745886,1.59347708513,0.00758526210161,-0.0356715994196,-6.36344590557,0.731873455095,0.731873455095,0.619082259721,1.59319235654,0.000757450640094,-0.032761134106,0.000757450640094,-0.032761134106,0.000595721436732,4,0
1940,3.88,1,-0.426230669022,0,1.18388390541,0,0,1.18388390541,0,1.18388390541,0,-0.407722214947,-1.21628132586,-0.426230666714,-1.15618278192,0.0185084517672,-0.0600985439414,-0.0837281563345,1.92373916716,1.18388388562,-8.04356389898e-06,-0.00051304773146,-0.42622254555,-1.15631513154,7.58315169613e-06,-0.00189578792403,-0.426230589114,-0.410143281915,-1.20484612027,-1.15682817927,-0.408413669387,-1.21631013646,0.0178169197271,-0.0594819571865,6.25712135309,1.18388388562,1.84062058132,-0.407722214947,-1.21628132586,0.0185084517672,-0.0600985439414,0.0185084517672,-0.0600985439414,-0.000609570498247,4,0
1940,3.88,2,0.634013831615,0,0.712856113911,0,0,0.712856113911,0,0.712856113911,0,0.634652770254,1.52035165171,0.634013854664,1.5287708373,0.000638915590357,-0.00841918559784,0.798255275393,-0.0897965150914,0.712856124969,-4.41103761031e-05,-0.00386804015406,0.634125292523,1.55589710944,-9.47893972891e-06,0.00236973493222,0.634081182147,0.637679103953,1.50605764455,1.55202906929,0.641329949929,1.52062986753,0.0072487677815,-0.0313992017623,-6.41970765023,0.712856124969,0.712856124969,0.634652770254,1.52035165171,0.000638915590357,-0.00841918559784,0.000638915590357,-0.00841918559784,-0.00439736466729,4,0
1945,3.89,1,-0.437361001968,0,0.697640895844,0,0,0.697640895844,0,0.697640895844,0,-0.419615319584,-1.16526257082,-0.437360988954,-1.08755786666,0.0177456693708,-0.0777047041613,-1.85942165866,1.75671689147,0.697640877674,1.24718358905e-05,0.000979318035194,-0.437384296885,-1.09142913598,4.85257792587e-06,-0.00121314448147,-0.437371825049,-0.421938154267,-1.15777790814,-1.09044981794,-0.435093037202,-1.16590747572,0.00227878784708,-0.0754576577815,5.87843162292,0.697640877674,-0.103833747258,-0.419615319584,-1.16526257082,0.0177456693708,-0.0777047041613,0.0177456693708,-0.0777047041613,0.00112898006588,4,0
1945,3.89,2,0.64875215292,0,1.33807790279,0,0,1.33807790279,0,1.33807790279,0,0.64951915099,1.45657820722,0.648752161498,1.44407389205,0.000766989492435,0.012504315172,1.31333700456,0.0182966873853,1.33807790484,-6.84985097101e-05,-0.00562223077895,0.648899627651,1.4750536249,-6.06572246487e-06,0.00151643061622,0.648831129141,0.652422694332,1.44722237879,1.46943139412,0.660498266837,1.45703567038,0.011667137696,-0.0123957237367,-3.8596219196,1.33807790484,1.33807790484,0.64951915099,1.45657820722,0.000766989492435,0.012504315172,0.000766989492435,0.012504315172,-0.00644421289547,4,0
1950,3.9,1,-0.448023766279,0,-0.302359133959,0,0,-0.302359133959,0,-0.302359133959,0,-0.431123133503,-1.14303178963,-0.448023753539,-1.05792389204,0.016900620036,-0.0851078975866,-4.57461131416,1.50250958864,-0.302359122326,-2.66051890691e-05,-0.00250190259211,-0.447945427637,-1.036658221,1.34035509902e-06,-0.000335088774761,-0.447972032826,-0.433408180442,-1.14151820343,-1.03916012359,-0.469155356582,-1.14461646559,-0.0211833237556,-0.105456341997,4.99481407381,-0.302359122326,-3.06928056066,-0.431123133503,-1.14303178963,0.016900620036,-0.0851078975866,0.016900620036,-0.0851078975866,-0.00282116486094,4,0
1950,3.9,2,0.663058698177,0,2.24356627464,0,0,2.24356627464,0,2.24356627464,0,0.663903918325,1.42878973048,0.663058683642,1.43281710237,0.000845234682844,-0.00402737189539,2.14737111052,0.0949241247637,2.24356617778,-1.71613820201e-05,-0.00106500591,0.663073646441,1.43120830982,-1.67544388818e-06,0.000418860972033,0.663056485059,0.666760226986,1.42689774772,1.43014330391,0.681778236963,1.42953449375,0.0187217519044,-0.000608810151233,-0.341998926778,2.24356617778,2.24356617778,0.663903918325,1.42878973048,0.000845234682844,-0.00402737189539,0.000845234682844,-0.00402737189539,-0.00127094249424,4,0
1955,3.91,1,-0.458563029766,0,-0.102359123528,0,0,-0.102359123528,0,-0.102359123528,0,-0.442437646118,-1.10968719991,-0.458563038919,-1.04879997224,0.0161253928016,-0.060887227662,0.144804741417,1.45765219906,-0.102359122326,-7.69769410268e-05,-0.00645561723187,-0.458388313513,-1.01009855841,8.90100359036e-06,-0.00222525089759,-0.458465290454,-0.444644220803,-1.09661159003,-1.01655417564,-0.441171643356,-1.10963444979,0.0172936470979,-0.0930802741493,5.33155400307,-0.102359122326,1.609836281,-0.442437646118,-1.10968719991,0.0161253928016,-0.060887227662,0.0161253928016,-0.060887227662,-0.00737934052419,4,0
1955,3.91,2,0.677493453026,0,1.24356615543,0,0,1.24356615543,0,1.24356615543,0,0.678047059027,1.38710899299,0.677493446725,1.44209795224,0.000553612301384,-0.0549889592527,0.65784723761,-0.100952939578,1.24356617778,4.73616095313e-05,0.00400204597593,0.677384732675,1.41805668874,-1.11262545734e-05,0.00278156364337,0.677432094284,0.680805277369,1.37076448051,1.42205873472,0.683481597833,1.38733543211,0.00604950354844,-0.0347233026142,-4.56854657474,1.24356617778,0.552323912742,0.678047059027,1.38710899299,0.000553612301384,-0.0549889592527,0.000553612301384,-0.0549889592527,0.00457038529031,4,0
1960,3.92,1,-0.468815535307,0,0.897640883923,0,0,0.897640883923,0,0.897640883923,0,-0.453167852518,-1.03157341018,-0.468815548205,-1.00424602621,0.0156476956868,-0.0273273839706,2.21779695587,1.64668954515,0.897640877674,-5.58462441977e-05,-0.00444182921886,-0.468703606181,-0.982271092224,1.21722707349e-05,-0.00304306768373,-0.468759452425,-0.455212875304,-1.01338218966,-0.986712921443,-0.434675715755,-1.03080290448,0.0340837366696,-0.044089983037,6.45353413936,0.897640877674,3.86959848517,-0.453167852518,-1.03157341018,0.0156476956868,-0.0273273839706,0.0156476956868,-0.0273273839706,-0.00511198414923,4,0
1960,3.92,2,0.691583454609,0,0.243566170335,0,0,0.243566170335,0,0.243566170335,0,0.691459816955,1.28946675511,0.691583462598,1.37684825081,-0.000123645643142,-0.0873814956971,-0.0509397979854,-0.440041838219,0.243566177775,2.17761747161e-05,0.00155588280893,0.69155117291,1.37320406882,-1.52153385226e-05,0.00380383463064,0.691572949085,0.694016095421,1.26672772931,1.37475995163,0.691020937275,1.28944846846,-0.000552011810628,-0.0853114831669,-8.63328740459,0.243566177775,-0.49279883311,0.691459816955,1.28946675511,-0.000123645643142,-0.0873814956971,-0.000123645643142,-0.0873814956971,0.00181719690552,4,0
1965,3.93,1,-0.478389769793,0,1.89764082432,0,0,1.89764082432,0,1.89764082432,0,-0.46302506135,-0.940182024055,-0.478389759732,-0.921255378619,0.0153646983814,-0.018926645436,1.77227791418,1.77977725344,1.89764087767,-2.98610246424e-06,1.45207386142e-05,-0.47840020134,-0.927076969275,1.1400977074e-05,-0.00285024426849,-0.478403187442,-0.464888065566,-0.922951375135,-0.927062448537,-0.448281497593,-0.939567708898,0.0301216898493,-0.0125052603615,7.53551317434,1.89764087767,3.55207648011,-0.46302506135,-0.940182024055,0.0153646983814,-0.018926645436,0.0153646983814,-0.018926645436,-2.13124909568e-05,4,0
1965,3.93,2,0.704580903053,0,-0.539223968983,0,0,-0.539223968983,0,-0.539223968983,0,0.703781327915,1.17522752172,0.70458093243,1.2390871098,-0.000799604514576,-0.063859588079,0.0105289189133,-0.554088193088,-0.539223995703,-4.21642127471e-05,-0.00382930791786,0.704696356511,1.26892572306,-1.42512214271e-05,0.00356280535675,0.704654192298,0.706110083168,1.15368921044,1.26509641514,0.70390498155,1.17523267395,-0.000749210747898,-0.0898637411911,-11.5604649993,-0.539223995703,-0.539223995703,0.703781327915,1.17522752172,-0.000799604514576,-0.063859588079,-0.000799604514576,-0.063859588079,-0.00433527847082,4,0
1970,3.94,1,-0.487004905939,0,1.69764089584,0,0,1.69764089584,0,1.69764089584,0,-0.472026241527,-0.865153491089,-0.487004894987,-0.82454595409,0.01497865346,-0.0406075369991,-1.06670426936,1.66974930108,1.69764087767,3.69779366236e-05,0.00306740286436,-0.487085844936,-0.841627742839,6.83394314849e-06,-0.00170848578712,-0.487048866999,-0.473745671172,-0.85458936519,-0.838560339975,-0.48092924665,-0.865524449636,0.00611962034932,-0.0269641096615,7.37933487869,1.69764087767,0.59953389361,-0.472026241527,-0.865153491089,0.01497865346,-0.0406075369991,0.01497865346,-0.0406075369991,0.00351113810385,4,0
1970,3.94,2,0.716060161591,0,0.350930899382,0,0,0.350930899382,0,0.350930899382,0,0.715032803049,1.08144185498,0.716060184881,1.09603138091,-0.00102738183164,-0.0145895259285,0.831197668692,-0.384607409957,0.350930895177,-8.91707984142e-05,-0.00740119308424,0.716257208125,1.1385189074,-8.54242897841e-06,0.0021356072446,0.716168037327,0.717182090088,1.06823669754,1.13111771431,0.722017917043,1.0817329014,0.00584987971646,-0.049384812915,-7.67370529703,0.350930895177,0.4550615014,0.715032803049,1.08144185498,-0.00102738183164,-0.0145895259285,-0.00102738183164,-0.0145895259285,-0.00847124266521,4,0
1975,3.95,1,-0.494874238968,0,0.697640895844,0,0,0.697640895844,0,0.697640895844,0,-0.480475510685,-0.834277106778,-0.494874252144,-0.767826019044,0.0143987414593,-0.0664510877339,-4.80863802995,1.35969339109,0.697640877674,1.81451347685e-06,-0.000128735965299,-0.494860192174,-0.760898241612,1.8237361295e-06,-0.000455934032369,-0.494858377661,-0.482142679637,-0.832216673975,-0.761026977578,-0.520477155619,-0.835943841984,-0.0256187779585,-0.0749168644061,6.4251492112,0.697640877674,-3.44883767705,-0.480475510685,-0.834277106778,0.0143987414593,-0.0664510877339,0.0143987414593,-0.0664510877339,-0.000106961803577,4,0
1975,3.95,2,0.726592302322,0,1.35093092918,0,0,1.35093092918,0,1.35093092918,0,0.725594389407,1.04284637441,0.726592324673,1.03609564601,-0.000997935266233,0.00675072839309,1.9737240247,-0.131653634083,1.35093089518,-4.30571883664e-05,-0.00323348859081,0.726666240923,1.04771952595,-2.27967017219e-06,0.000569917543037,0.726623183735,0.727678350579,1.04027083339,1.04448603736,0.742044781361,1.04353180741,0.0154215976269,-0.000954229952689,-3.51751387221,1.35093089518,1.84582056546,0.725594389407,1.04284637441,-0.000997935266233,0.00675072839309,-0.000997935266233,0.00675072839309,-0.00375017485121,4,0
1980,3.96,1,-0.502383172512,0,0.897640883923,0,0,0.897640883923,0,0.897640883923,0,-0.488662255067,-0.789569434508,-0.502383188298,-0.737916482419,0.0137209332314,-0.0516529520896,1.51953784627,1.25886794022,0.897640877674,-5.49721263229e-05,-0.0046678010803,-0.502255300869,-0.709122791199,1.17622942915e-05,-0.00294057357287,-0.502310272995,-0.490224445147,-0.772273319193,-0.71379059228,-0.475977067022,-0.789040885006,0.0263332059727,-0.0752502927269,6.68935427724,0.897640877674,2.78373325309,-0.488662255067,-0.789569434508,0.0137209332314,-0.0516529520896,0.0137209332314,-0.0516529520896,-0.00532746659617,4,0
1980,3.96,2,0.736874461174,0,0.58473110199,0,0,0.58473110199,0,0.58473110199,0,0.735827819793,0.986961783833,0.736874488471,1.01686592,-0.00104666867813,-0.0299041361713,-0.0298354976402,-0.203164353633,0.584731116609,2.84132271556e-05,0.00247777965761,0.736805199869,1.00097783562,-1.47028679237e-05,0.00367571698093,0.736833613096,0.737780557374,0.965341639601,1.00345561528,0.735556172769,0.986950465207,-0.00127744032754,-0.0165051500704,-6.59933229701,0.584731116609,-0.235818589657,0.735827819793,0.986961783833,-0.00104666867813,-0.0299041361713,-0.00104666867813,-0.0299041361713,0.00281873838348,4,0
1985,3.97,1,-0.509415388107,0,1.89764082432,0,0,1.89764082432,0,1.89764082432,0,-0.49607676197,-0.687615338592,-0.509415390883,-0.674976731997,0.0133386289132,-0.0126386065943,4.05244870376,1.47514876879,1.89764087767,-4.03700129574e-05,-0.00316994118944,-0.509337104835,-0.660258042078,1.55817113597e-05,-0.00389542783991,-0.509377474848,-0.497428741122,-0.664303292807,-0.663427983268,-0.462334483272,-0.686209410312,0.047042991576,-0.0227814270446,7.74034751806,1.89764087767,5.53125185389,-0.49607676197,-0.687615338592,0.0133386289132,-0.0126386065943,0.0133386289132,-0.0126386065943,-0.00365438134493,4,0
1985,3.97,2,0.746576368809,0,-0.41526889801,0,0,-0.41526889801,0,-0.41526889801,0,0.745095953326,0.859519163448,0.746576344921,0.929398958776,-0.00148039159568,-0.0698797953278,-0.907119001846,-0.535767836627,-0.415268883391,1.10838075629e-05,0.000689804620822,0.746566485458,0.930424143607,-1.94771392681e-05,0.00486928481703,0.746577569265,0.746785927247,0.830379106115,0.931113948228,0.737542884524,0.859204452248,-0.0090346847407,-0.07190949598,-10.481793344,-0.415268883391,-1.44370964878,0.745095953326,0.859519163448,-0.00148039159568,-0.0698797953278,-0.00148039159568,-0.0698797953278,0.000822810311576,4,0
1990,3.98,1,-0.515593528748,0,2.89764094353,0,0,2.89764094353,0,2.89764094353,0,-0.502369878887,-0.572051155104,-0.515593513313,-0.574910154976,0.0132236344257,0.00285899987278,3.26727052181,1.65819192586,2.89764087767,9.41142541342e-06,0.0010384024468,-0.515631247728,-0.586680964744,1.41027953806e-05,-0.00352569884515,-0.515621836303,-0.503492456518,-0.550711718824,-0.585642562297,-0.475199390022,-0.570919051401,0.0404224462803,0.0147235108959,8.75148069874,2.89764087767,4.92431110812,-0.502369878887,-0.572051155104,0.0132236344257,0.00285899987278,0.0132236344257,0.00285899987278,0.00115133955176,4,0
1990,3.98,2,0.754981040955,0,-1.41526889801,0,0,-1.41526889801,0,-1.41526889801,0,0.752962349372,0.715063933608,0.754981058936,0.772263127351,-0.00201870956431,-0.0571991937429,-0.765903903017,-0.678979109278,-1.41526888339,-4.83754377222e-05,-0.00433256518776,0.755109529309,0.804821012678,-1.76284942777e-05,0.00440712356943,0.755061153871,0.75436557139,0.688389638178,0.80048844749,0.746631749725,0.714800158623,-0.00842940414597,-0.0856882888677,-14.1083531758,-1.41526888339,-1.43996994185,0.752962349372,0.715063933608,-0.00201870956431,-0.0571991937429,-0.00201870956431,-0.0571991937429,-0.00491307044043,4,0
1995,3.99,1,-0.520626783371,0,2.69764089584,0,0,2.69764089584,0,2.69764089584,0,-0.507598036372,-0.48035715977,-0.520626799537,-0.458689335406,0.0130287631647,-0.0216678243641,-0.358817920808,1.56654344952,2.69764087767,5.2460416507e-05,0.00436673860264,-0.520743314207,-0.483804970237,8.14635440083e-06,-0.00203658860022,-0.520690853791,-0.508545751226,-0.467747660898,-0.479438231634,-0.510624566849,-0.480483265207,0.0100662869415,-0.00104503357289,8.5226439175,2.69764087767,1.20272926511,-0.507598036372,-0.48035715977,0.0130287631647,-0.0216678243641,0.0130287631647,-0.0216678243641,0.00499626360072,4,0
1995,3.99,2,0.761615037918,0,-0.472692728043,0,0,-0.472692728043,0,-0.472692728043,0,0.759497546124,0.600446439126,0.76161502114,0.600404392282,-0.00211747501537,4.20468439778e-05,0.280604716644,-0.46602924963,-0.472692729735,-9.88009628704e-05,-0.00821706089196,0.761834775434,0.64814706961,-1.01829430247e-05,0.00254573575618,0.761735974471,0.76068218967,0.584684565498,0.639930008718,0.761910085929,0.600546961618,0.000174111458028,-0.0393830471006,-9.81707135132,-0.472692729735,-0.17602186054,0.759497546124,0.600446439126,-0.00211747501537,4.20468439778e-05,-0.00211747501537,4.20468439778e-05,-0.00940267244641,4,0
2000,4,1,-0.524724185467,0,1.69764089584,0,0,1.69764089584,0,1.69764089584,0,-0.512161687434,-0.443857567968,-0.524724178287,-0.383119219965,0.0125624908526,-0.060738348003,-4.76297926286,1.20774799185,1.69764087767,1.92615314455e-05,0.00133153539131,-0.524749786241,-0.385086607116,2.12859716042e-06,-0.000532149290118,-0.52473052471,-0.513047784286,-0.441451978075,-0.383755071725,-0.551797391586,-0.445509055641,-0.0270668668767,-0.0617539839155,7.49282806036,1.69764087767,-3.55679394478,-0.512161687434,-0.443857567968,0.0125624908526,-0.060738348003,0.0125624908526,-0.060738348003,0.00156267376866,4,0
2000,4,2,0.767027974129,0,0.527307271957,0,0,0.527307271957,0,0.527307271957,0,0.765202109845,0.554821949273,0.767027948902,0.513403399831,-0.00182583905667,0.041418549442,1.62041251139,-0.0891216346707,0.527307270265,-5.62088803778e-05,-0.00434443468156,0.767132424914,0.53201216236,-2.66074645583e-06,0.000665186613964,0.767076216034,0.766309730889,0.551814961901,0.527667727679,0.778723896626,0.555385357055,0.0116476805923,0.0277176293766,-5.46540751396,0.527307270265,1.53630981796,0.765202109845,0.554821949273,-0.00182583905667,0.041418549442,-0.00182583905667,0.041418549442,-0.00501894124609,4,0
2005,4.01,1,-0.528294146061,0,1.66516709328,0,0,1.66516709328,0,1.66516709328,0,-0.516419288003,-0.392163111608,-0.52829413644,-0.339503171838,0.0118748484372,-0.0526599397701,2.55273093519,1.05811925561,1.66516713008,-4.04253011772e-05,-0.00351327563951,-0.528195933313,-0.316663992423,1.34722096746e-05,-0.00336805241865,-0.528236358614,-0.517184175428,-0.372339555133,-0.320177268062,-0.495150135994,-0.391276896941,0.0330862226205,-0.0710996288786,7.44954272528,1.66516713008,3.61484857006,-0.516419288003,-0.392163111608,0.0118748484372,-0.0526599397701,0.0118748484372,-0.0526599397701,-0.00399837925363,4,0
2005,4.01,2,0.771971642971,0,-0.0726927295327,0,0,-0.0726927295327,0,-0.0726927295327,0,0.770524110449,0.490203878707,0.771971648719,0.477982113008,-0.0014475382706,0.0122217656992,-0.700410953949,-0.0577318820688,-0.0726927297345,1.72955646335e-05,0.00161869844673,0.771923863707,0.466122384917,-1.68402621205e-05,0.00421006553012,0.771941159272,0.771480219708,0.465424433073,0.467741083364,0.764682275863,0.489960468933,-0.00725888340904,0.0222193855691,-7.71059699531,-0.0726927297345,-0.75996908124,0.770524110449,0.490203878707,-0.0014475382706,0.0122217656992,-0.0014475382706,0.0122217656992,0.00182624522233,4,0
2010,4.02,1,-0.531287312508,0,2.66516709328,0,0,2.66516709328,0,2.66516709328,0,-0.519792311812,-0.276348686766,-0.531287312142,-0.267494045742,0.0114950003294,-0.00885464102356,5.29585915587,1.28734095546,2.66516713008,-3.30116588612e-05,-0.00257067886715,-0.531224646323,-0.256077890926,1.74659055122e-05,-0.00436647637806,-0.531257657982,-0.520318906193,-0.250197761181,-0.258648569794,-0.475711957084,-0.274512005319,0.0555457008978,-0.0158634355254,8.42826647759,2.66516713008,6.58616693011,-0.519792311812,-0.276348686766,0.0114950003294,-0.00885464102356,0.0114950003294,-0.00885464102356,-0.00296681877349,4,0
2010,4.02,2,0.776222586632,0,-1.07269275188,0,0,-1.07269275188,0,-1.07269275188,0,0.774740390101,0.345435847443,0.776222611915,0.380340574842,-0.00148222181375,-0.0349047273989,-1.65965626632,-0.365215392785,-1.07269272973,8.28332068004e-06,0.000472091847809,0.776218003346,0.382345316594,-2.1832381917e-05,0.00545809547926,0.776226286666,0.775398633055,0.312747190421,0.382817408441,0.760929136655,0.344860378549,-0.0152971500111,-0.0379570298924,-11.4445288712,-1.07269272973,-2.0254431508,0.774740390101,0.345435847443,-0.00148222181375,-0.0349047273989,-0.00148222181375,-0.0349047273989,0.00057149169597,4,0
2015,4.03,1,-0.533338785172,0,3.66516709328,0,0,3.66516709328,0,3.66516709328,0,-0.521905322684,-0.147923933376,-0.533338802098,-0.15884349436,0.0114334794134,0.0109195609842,4.24619304959,1.49562054501,3.66516713008,1.48750356347e-05,0.00149160108687,-0.533388692365,-0.173295771988,1.54241338153e-05,-0.00385603345381,-0.533373817329,-0.52217758801,-0.12456456244,-0.171804170901,-0.486595599719,-0.146452694919,0.0467782176098,0.0253514759816,9.36829103477,3.66516713008,5.74014349308,-0.521905322684,-0.147923933376,0.0114334794134,0.0109195609842,0.0114334794134,0.0109195609842,0.00167010151449,4,0
2015,4.03,2,0.779080986977,0,-1.94898080826,0,0,-1.94898080826,0,-1.94898080826,0,0.77738165358,0.184904905535,0.779081006463,0.214009518727,-0.00169935288256,-0.0291046131916,-1.45187222587,-0.502102474296,-1.94898078236,-4.92273795844e-05,-0.0044031892487,0.779211375308,0.246996725278,-1.92801672838e-05,0.00482004182095,0.779162147929,0.777721985215,0.155705691842,0.24259353603,0.765345230913,0.184403387924,-0.0138169170152,-0.0581901481059,-14.438910739,-1.94898078236,-1.94898078236,0.77738165358,0.184904905535,-0.00169935288256,-0.0291046131916,-0.00169935288256,-0.0291046131916,-0.00499391780371,4,0
2020,4.04,1,-0.534176588058,0,3.46516704559,0,0,3.46516704559,0,3.46516704559,0,-0.522848688997,-0.048540122808,-0.534176616662,-0.0368782585024,0.0113279276647,-0.0116618643056,0.186390690314,1.41580402919,3.46516713008,5.45032920291e-05,0.00452621780432,-0.53429708827,-0.0627736428972,8.66134372535e-06,-0.00216533593135,-0.534242584978,-0.522931920126,-0.0351195565666,-0.0582474250929,-0.52134121919,-0.048477311566,0.012901365788,0.00977011352683,9.06924111785,3.46516713008,1.59701446219,-0.522848688997,-0.048540122808,0.0113279276647,-0.0116618643056,0.0113279276647,-0.0116618643056,0.00518025730867,4,0
2020,4.04,2,0.780133962631,0,-0.960857272148,0,0,-0.960857272148,0,-0.960857272148,0,0.778560861359,0.0606751422514,0.780133979787,0.0426225784264,-0.0015731184283,0.018052563825,-0.281358934585,-0.304708980409,-0.960857268806,-9.63555169881e-05,-0.00800704782861,0.780347909207,0.0890473702115,-1.08266796592e-05,0.0027066699148,0.78025155369,0.778664900247,0.0438994344456,0.0810403223829,0.776296495711,0.0605807936828,-0.00395505797885,-0.0204595287001,-9.86216757899,-0.960857268806,-0.576904600962,0.778560861359,0.0606751422514,-0.0015731184283,0.018052563825,-0.0015731184283,0.018052563825,-0.00916331403246,4,0
2025,4.05,1,-0.534020841122,0,2.46516704559,0,0,2.46516704559,0,2.46516704559,0,-0.52308,-0.00999015786695,-0.534020819135,0.0445584192003,0.0109408191345,-0.0545485770672,-4.45028452276,1.04787905486,2.46516713008,2.07020560137e-05,0.0014555121116,-0.534049914568,0.0417596193367,2.22509627057e-06,-0.000556274067652,-0.534029212512,-0.523098287418,-0.00747488678346,0.0432151314483,-0.560115605903,-0.0115333081129,-0.0260863933907,-0.0547484395612,7.97017861225,2.46516713008,-3.40410940469,-0.52308,-0.00999015786695,0.0109408191345,-0.0545485770672,0.0109408191345,-0.0545485770672,0.00170393678376,4,0
2025,4.05,2,0.779969394207,0,0.0391427315772,0,0,0.0391427315772,0,0.0391427315772,0,0.77885,0.0124876860709,0.779969382779,-0.0444442627313,-0.00111938277894,0.0569319488021,1.1251297827,0.0745422777364,0.0391427311936,-5.47897771454e-05,-0.00423928755411,0.780071501805,-0.0261825705862,-2.78137033805e-06,0.000695342584498,0.780016712028,0.77887285925,0.00934359721687,-0.0304218581404,0.788250567467,0.012879376382,0.00823385543916,0.0433012345224,-5.41481033204,0.0391427311936,1.20456882531,0.77885,0.0124876860709,-0.00111938277894,0.0569319488021,-0.00111938277894,0.0569319488021,-0.00489676487986,4,0
2030,4.06,1,-0.533287584782,0,2.26516723633,0,0,2.26516723633,0,2.26516723633,0,-0.522991693147,0.0436308690182,-0.533287601279,0.0914114471677,0.0102959081316,-0.0477805781496,3.13561022083,0.890350843266,2.26516713008,-3.97109467623e-05,-0.00349457960128,-0.533189060009,0.114745147355,1.38633713085e-05,-0.00346584282712,-0.533228770955,-0.522884405407,0.0640413988265,0.111250567753,-0.496873858845,0.0447191121141,0.0363549121104,-0.0665314556393,7.69159431763,2.26516713008,4.02993217506,-0.522991693147,0.0436308690182,0.0102959081316,-0.0477805781496,0.0102959081316,-0.0477805781496,-0.00397111096243,4,0
2030,4.06,2,0.77934974432,0,-0.456808567047,0,0,-0.456808567047,0,-0.456808567047,0,0.778739616322,-0.0545385975174,0.779349752371,-0.0755362799408,-0.000610136049414,0.0209976824234,-1.28528817154,0.0925595982116,-0.456808573846,1.79379278833e-05,0.00171665450636,0.779298500986,-0.0886109138756,-1.73292141281e-05,0.00433230353204,0.779316438914,0.778605506623,-0.0800517597671,-0.0868942593693,0.768031373012,-0.054984774322,-0.0112850659017,0.0319094850473,-7.15931822417,-0.456808573846,-1.19466048296,0.778739616322,-0.0545385975174,-0.000610136049414,0.0209976824234,-0.000610136049414,0.0209976824234,0.00193190964096,4,0
2035,4.07,1,-0.531970143318,0,3.26516723633,0,0,3.26516723633,0,3.26516723633,0,-0.521993058792,0.161968899955,-0.531970153061,0.163705304269,0.00997709426891,-0.0017364043137,5.81943204954,1.13327449171,3.26516713008,-3.62383092867e-05,-0.00284195664114,-0.531900048615,0.176793433441,1.76404151413e-05,-0.00441010378531,-0.531936286925,-0.521642721673,0.188398870541,0.1739514768,-0.473554579491,0.163987169926,0.0583817074332,-0.00996430687443,8.60492037731,3.26516713008,6.95598335761,-0.521993058792,0.161968899955,0.00997709426891,-0.0017364043137,0.00997709426891,-0.0017364043137,-0.00327681635258,4,0
2035,4.07,2,0.778114199638,0,-1.45680856705,0,0,-1.45680856705,0,-1.45680856705,0,0.777491323265,-0.202461136103,0.778114193297,-0.165180637674,-0.000622870031986,-0.0372804984294,-2.23219462818,-0.26439691192,-1.45680857385,1.26832893201e-05,0.000837360603412,0.77809975288,-0.165325824036,-2.20505189087e-05,0.00551262972717,0.77811243617,0.777053401845,-0.23549859931,-0.164488463433,0.758913707834,-0.203235203413,-0.0191987283356,-0.0387467399804,-10.8254867536,-1.45680857385,-2.49758110017,0.777491323265,-0.202461136103,-0.000622870031986,-0.0372804984294,-0.000622870031986,-0.0372804984294,0.000989560075253,4,0
2040,4.08,1,-0.529706120491,0,4.26516723633,0,0,4.26516723633,0,4.26516723633,0,-0.519719127392,0.290683113597,-0.529706145658,0.272995509954,0.00998701826653,0.0176876036431,4.60731514854,1.35065276391,4.26516713008,1.20750971993e-05,0.00126526363939,-0.529750192507,0.25974305762,1.52356505658e-05,-0.00380891264146,-0.52973811741,-0.519114429185,0.313775841208,0.26100832126,-0.48140310673,0.292279614458,0.0483350106804,0.0312712931981,9.48051697389,4.26516713008,5.95655774764,-0.519719127392,0.290683113597,0.00998701826653,0.0176876036431,0.00998701826653,0.0176876036431,0.00141016480579,4,0
2040,4.08,2,0.77556014061,0,-2.42486357689,0,0,-2.42486357689,0,-2.42486357689,0,0.774648908904,-0.363353903,0.775560169483,-0.324538108946,-0.000911260578463,-0.0388157940541,-1.97789468192,-0.451704416438,-2.42486348217,-4.63746861019e-05,-0.00417911995439,0.775685016398,-0.292587487136,-1.9044563183e-05,0.00476114079576,0.775638641711,0.773893036124,-0.392219812478,-0.29676660709,0.758234414076,-0.364037840285,-0.017404227635,-0.0672712331943,-14.1228912215,-2.42486348217,-2.42486348217,0.774648908904,-0.363353903,-0.000911260578463,-0.0388157940541,-0.000911260578463,-0.0388157940541,-0.00473561618762,4,0
2045,4.09,1,-0.526213347912,0,4.01358127594,0,0,4.01358127594,0,4.01358127594,0,-0.516285359264,0.388028359574,-0.526213318126,0.396774584641,0.00992795886145,-0.00874622506735,0.510801076136,1.26529540528,4.01358139478,5.51577190845e-05,0.00458942852613,-0.526335950328,0.370270250267,8.32850037902e-06,-0.00208212509477,-0.526280792609,-0.515495959426,0.400946294654,0.374859678794,-0.512079746051,0.388203593458,0.0142010465578,0.0133439146642,9.06540079638,4.01358139478,1.77084516026,-0.516285359264,0.388028359574,0.00992795886145,-0.00874622506735,0.00992795886145,-0.00874622506735,0.00525132115514,4,0
2045,4.09,2,0.771232903004,0,-1.43434405327,0,0,-1.43434405327,0,-1.43434405327,0,0.770356698636,-0.485035460295,0.771232915955,-0.494953334739,-0.000876217319509,0.00991787444373,-0.797793469592,-0.269977973825,-1.4343440626,-9.88897103281e-05,-0.00823429916186,0.771453751985,-0.446761493702,-1.04106254547e-05,0.00260265636366,0.771354862275,0.769369948816,-0.501182879115,-0.454995792864,0.763798313938,-0.485308726324,-0.0075565483369,-0.0303129334605,-9.45483453246,-1.4343440626,-1.05835046773,0.770356698636,-0.485035460295,-0.000876217319509,0.00991787444373,-0.000876217319509,0.00991787444373,-0.0094209756858,4,0
2050,4.1,1,-0.521712839603,0,3.01358127594,0,0,3.01358127594,0,3.01358127594,0,-0.512161687876,0.424855158491,-0.521712841683,0.479559363061,0.00955115380673,-0.0547042045702,-3.90464276796,0.887510361615,3.01358139478,2.34263245329e-05,0.0016903448095,-0.521748573042,0.475185753544,2.10378745491e-06,-0.000525946863729,-0.521725146717,-0.51131037576,0.427233898507,0.476876098354,-0.544660385099,0.423501046107,-0.0229352383818,-0.0533750522467,7.90096339485,3.01358139478,-3.01910386705,-0.512161687876,0.424855158491,0.00955115380673,-0.0547042045702,0.00955115380673,-0.0547042045702,0.0019714607039,4,0
2050,4.1,2,0.765697836876,0,-0.434344053268,0,0,-0.434344053268,0,-0.434344053268,0,0.765202109293,-0.53106895885,0.765697824238,-0.581177715409,-0.000495714945384,0.0501087565587,0.537749681277,0.0991697600691,-0.434344062604,-6.10878405116e-05,-0.00477878823374,0.765815061208,-0.559368860432,-2.62973431275e-06,0.000657433578201,0.765753973368,0.764137969126,-0.534042383863,-0.564147648666,0.769721442591,-0.530880653296,0.00396746922349,0.0332669953695,-4.92161556396,-0.434344062604,0.642431283666,0.765202109293,-0.53106895885,-0.000495714945384,0.0501087565587,-0.000495714945384,0.0501087565587,-0.00551184231988,4,0
2055,4.11,1,-0.516620755196,0,2.81358146667,0,0,2.81358146667,0,2.81358146667,0,-0.507736117692,0.47515395619,-0.516620769391,0.527999630147,0.00888465169852,-0.0528456739566,3.2089852199,0.707749034285,2.81358139478,-3.5051896088e-05,-0.00309329425523,-0.516533482301,0.5486754397,1.28974895668e-05,-0.00322437239171,-0.516568534197,-0.506767156858,0.494153534466,0.545582145445,-0.48101168813,0.476267474089,0.0355568460665,-0.0693146713562,7.55651566565,2.81358139478,3.92024817119,-0.507736117692,0.47515395619,0.00888465169852,-0.0528456739566,0.00888465169852,-0.0528456739566,-0.00351391700829,4,0
2055,4.11,2,0.759710550308,0,-0.961861848831,0,0,-0.961861848831,0,-0.961861848831,0,0.759670146456,-0.593942455824,0.759710568658,-0.61273899062,-4.04222018392e-05,0.0187965347957,-1.72635823271,0.12578672198,-0.961861868392,8.29702102995e-06,0.000893489629539,0.759682210299,-0.620481950588,-1.61218619171e-05,0.00403046547928,0.75969050732,0.758458945392,-0.617691928608,-0.619588460958,0.745300499704,-0.594541191106,-0.0143900076156,0.0250472698527,-6.70117093293,-0.961861868392,-1.60156456461,0.759670146456,-0.593942455824,-4.04222018392e-05,0.0187965347957,-4.04222018392e-05,0.0187965347957,0.000993053881898,4,0
2060,4.12,1,-0.510925412178,0,3.81358146667,0,0,3.81358146667,0,3.81358146667,0,-0.50246357846,0.584431842244,-0.510925435774,0.602342902011,0.00846185731341,-0.0179110597662,5.57119442591,0.888184959695,3.81358139478,-2.90620180316e-05,-0.00223284021141,-0.510872207994,0.611532287773,1.60881580282e-05,-0.00402203950706,-0.510901270012,-0.501270603281,0.608553708161,0.609299447562,-0.456095944405,0.586363826997,0.0548053256071,-0.0229356205652,8.40316223555,3.81358139478,6.46196097003,-0.50246357846,0.584431842244,0.00846185731341,-0.0179110597662,0.00846185731341,-0.0179110597662,-0.00258158442779,4,0
2060,4.12,2,0.753092586994,0,-1.96186184883,0,0,-1.96186184883,0,-1.96186184883,0,0.753079472312,-0.730539813018,0.753092566844,-0.704232112216,-1.30945322026e-05,-0.0263077008024,-2.56839949184,-0.169579981001,-1.96186186839,-9.95089725524e-07,-0.000321101885461,0.753110129881,-0.697014614445,-2.01101974745e-05,0.00502754936863,0.753109134791,0.751588253317,-0.760692145324,-0.69733571633,0.731716007919,-0.731429957368,-0.0213931268724,-0.0340942410377,-10.2709459295,-1.96186186839,-2.73764642988,0.753079472312,-0.730539813018,-1.30945322026e-05,-0.0263077008024,-1.30945322026e-05,-0.0263077008024,-0.000333042962167,4,0
2065,4.13,1,-0.504261136055,0,4.81358146667,0,0,4.81358146667,0,4.81358146667,0,-0.496025293037,0.700836072103,-0.504261125345,0.71384583024,0.00823583230765,-0.0130097581372,4.31600447605,1.00907361019,4.81358139478,2.17922191913e-05,0.00208689102991,-0.504327301174,0.695659641057,1.35557956862e-05,-0.00338894892154,-0.504305508955,-0.494602823372,0.721401679314,0.697746532087,-0.460140459109,0.702331273516,0.0441650498453,0.00458474142895,9.21108400083,4.81358139478,5.32272968858,-0.496025293037,0.700836072103,0.00823583230765,-0.0130097581372,0.00823583230765,-0.0130097581372,0.00234839766021,4,0
2065,4.13,2,0.745133638382,0,-2.54113078117,0,0,-2.54113078117,0,-2.54113078117,0,0.745031615433,-0.876045099874,0.74513365613,-0.865541905274,-0.000102040696715,-0.0105031945998,-2.29276896363,-0.254842263116,-2.54113078531,-6.44530881829e-05,-0.00570700437635,0.745299962301,-0.824263093582,-1.69447445468e-05,0.00423618613671,0.745235509213,0.743253528332,-0.901752108796,-0.829970097959,0.726012230846,-0.876837574232,-0.0192232783662,-0.0468674762732,-11.916098065,-2.54113078531,-2.54113078531,0.745031615433,-0.876045099874,-0.000102040696715,-0.0105031945998,-0.000102040696715,-0.0105031945998,-0.00648044143455,4,0
2070,4.14,1,-0.496430873871,0,3.92705845833,0,0,3.92705845833,0,3.92705845833,0,-0.488550511618,0.786613922568,-0.496430860016,0.823281190874,0.00788034839761,-0.0366672683056,0.584786790312,0.858061197138,3.92705844138,5.0672602197e-05,0.00410836924586,-0.496537641177,0.801368280841,7.18040538755e-06,-0.00179510134689,-0.496486968575,-0.486965752769,0.797764728996,0.805476650087,-0.483724969713,0.786814986814,0.0127619988612,-0.0186616632728,8.10419742344,3.92705844138,1.43813154698,-0.488550511618,0.786613922568,0.00788034839761,-0.0366672683056,0.00788034839761,-0.0366672683056,0.00471644047223,4,0
2070,4.14,2,0.735549747944,0,-1.55220246315,0,0,-1.55220246315,0,-1.55220246315,0,0.735688138565,-0.983267412547,0.735549763838,-1.00873495057,0.000138374726194,0.0254675380196,-1.21900155259,-0.0613754172985,-1.55220248205,-0.000101038778286,-0.0082862701993,0.735768691662,-0.962214402555,-8.97550669554e-06,0.00224387667389,0.735667652884,0.733707189984,-0.997205920522,-0.970500672754,0.72562641669,-0.983686650959,-0.0100412361944,-0.0131859782041,-7.22999885701,-1.55220248205,-1.27087823435,0.735688138565,-0.983267412547,0.000138374726194,0.0254675380196,0.000138374726194,0.0254675380196,-0.00949873553874,4,0
2075,4.15,1,-0.487776637077,0,2.92705845833,0,0,2.92705845833,0,2.92705845833,0,-0.480475511525,0.818112691796,-0.487776644683,0.88757470483,0.00730113315804,-0.0694620130337,-3.17598499671,0.505042903494,2.92705844138,7.20157635173e-06,0.000320401030369,-0.487774661983,0.89179048321,1.77654526468e-06,-0.000444136316169,-0.487767460406,-0.478837932237,0.820122053098,0.89211088424,-0.506899568232,0.817011689434,-0.0191321078261,-0.0750991948063,6.89147804057,2.92705844138,-2.67134891317,-0.480475511525,0.818112691796,0.00730113315804,-0.0694620130337,0.00730113315804,-0.0694620130337,0.00040681994659,4,0
2075,4.15,2,0.725052595139,0,-0.55220246315,0,0,-0.55220246315,0,-0.55220246315,0,0.725594388356,-1.0226408739,0.725052602037,-1.06584215644,0.000541786319564,0.0432012825309,-0.0856230544249,0.21719480626,-0.552202482051,-4.97376499851e-05,-0.00381326488292,0.725142956989,-1.05023851386,-2.22068157008e-06,0.000555170392526,0.725093219339,0.723547414227,-1.02515257552,-1.05405177875,0.724918786794,-1.02266902397,-0.00017443254471,0.0313827547766,-2.70891613228,-0.552202482051,0.135981868518,0.725594388356,-1.0226408739,0.000541786319564,0.0432012825309,0.000541786319564,0.0432012825309,-0.00441011668274,4,0
2080,4.16,1,-0.478711724281,0,2.50444364548,0,0,2.50444364548,0,2.50444364548,0,-0.472145883654,0.860165663538,-0.478711733221,0.917798164519,0.00656584956643,-0.0576325009808,2.77043167066,0.365818519476,2.50444362383,-5.23218819113e-05,-0.00451450599796,-0.478585285493,0.947317834931,1.06691116842e-05,-0.00266727792105,-0.478637607375,-0.470410098364,0.875894479182,0.942803328933,-0.449056186274,0.861127734263,0.0295814211006,-0.0816755946704,6.28239369144,2.50444362383,3.14139255872,-0.472145883654,0.860165663538,0.00656584956643,-0.0576325009808,0.00656584956643,-0.0576325009808,-0.0051423685809,4,0
2080,4.16,2,0.714377462864,0,-1.15220248699,0,0,-1.15220248699,0,-1.15220248699,0,0.715182353427,-1.07520708831,0.714377482445,-1.07156577696,0.00080487098158,-0.00364131135539,-1.98233995564,0.144192489414,-1.15220248205,2.0715209389e-05,0.0019058328259,0.71432081979,-1.08577177676,-1.33363895338e-05,0.00333409738346,0.714341534999,0.713012621796,-1.09486810776,-1.08386594393,0.698673561432,-1.07589495465,-0.0156679735665,0.007970989283,-4.79514083287,-1.15220248205,-1.84030188157,0.715182353427,-1.07520708831,0.00080487098158,-0.00364131135539,0.00080487098158,-0.00364131135539,0.00215441533857,4,0
2085,4.17,1,-0.46924328804,0,3.50444364548,0,0,3.50444364548,0,3.50444364548,0,-0.463115552422,0.949686523839,-0.469243289623,0.971540679136,0.00612773720121,-0.0218541552971,4.58135447036,0.548128244262,3.50444362383,-4.75503000747e-05,-0.00376633011529,-0.469148898319,0.989768713838,1.29610799146e-05,-0.00324026997865,-0.469196448619,-0.461196715904,0.969139068784,0.986002383723,-0.424967686322,0.95127601826,0.0442287622971,-0.0347263654631,7.09105606462,3.50444362383,5.13381964834,-0.463115552422,0.949686523839,0.00612773720121,-0.0218541552971,0.00612773720121,-0.0218541552971,-0.00433693371619,4,0
2085,4.17,2,0.703320741653,0,-2.15220236778,0,0,-2.15220236778,0,-2.15220236778,0,0.7038944393,-1.18710816306,0.703320728284,-1.13855014407,0.000573711016131,-0.0485580189944,-2.63769602303,-0.181826938593,-2.15220248205,1.26013564332e-05,0.000799651007681,0.703308456417,-1.1377812697,-1.62013497957e-05,0.00405033744893,0.703321057773,0.701495893637,-1.2114238441,-1.13698161869,0.681943823922,-1.18802277204,-0.0213772338514,-0.0510411533477,-8.38189413957,-2.15220248205,-2.82047382891,0.7038944393,-1.18710816306,0.000573711016131,-0.0485580189944,0.000573711016131,-0.0485580189944,0.000950867284879,4,0
2090,4.18,1,-0.459003299475,0,4.10444355011,0,0,4.10444355011,0,4.10444355011,0,-0.453143137211,1.04238631286,-0.459003309422,1.06356704931,0.00586017221078,-0.0211807364496,3.40764979104,0.647559194414,4.10444362383,5.86218144254e-06,0.000775817739248,-0.459033815687,1.0533342473,1.05490050759e-05,-0.00263725126896,-0.459027953506,-0.451042137329,1.05841169475,1.05411006504,-0.424802309811,1.04356718067,0.0342256436951,-0.0105428843748,7.46546340052,4.10444362383,4.05436282153,-0.453143137211,1.04238631286,0.00586017221078,-0.0211807364496,0.00586017221078,-0.0211807364496,0.000846163916559,4,0
2090,4.18,2,0.69115281105,0,-2.62957239151,0,0,-2.62957239151,0,-2.62957239151,0,0.691428920208,-1.30298289861,0.691152793049,-1.27688722641,0.000276127159225,-0.0260956721957,-2.36836251797,-0.266806092969,-2.62957240023,-5.49144887694e-05,-0.00493723684558,0.691298166286,-1.24022840132,-1.31862562535e-05,0.00329656406337,0.691243251797,0.688802670341,-1.32301462583,-1.24516563817,0.671773325277,-1.30380188173,-0.0194699265201,-0.0586362435626,-9.63957436113,-2.62957240023,-2.62957240023,0.691428920208,-1.30298289861,0.000276127159225,-0.0260956721957,0.000276127159225,-0.0260956721957,-0.00559621071081,4,0
2095,4.19,1,-0.447861909866,0,3.10444355011,0,0,3.10444355011,0,3.10444355011,0,-0.442359026187,1.10820023416,-0.447861922101,1.14181726945,0.0055028959143,-0.0336170352912,0.408729966109,0.530141184332,3.10444362383,2.64672925613e-05,0.00206159589971,-0.447912346307,1.13275486925,5.32944228776e-06,-0.00133236057194,-0.447885879014,-0.440134035563,1.11649239331,1.13481646515,-0.438978638559,1.10834108364,0.0089072404548,-0.026475381509,6.22008500741,3.10444362383,0.936491947031,-0.442359026187,1.10820023416,0.0055028959143,-0.0336170352912,0.0055028959143,-0.0336170352912,0.00237920341045,4,0
2095,4.19,2,0.67765390873,0,-1.68116414547,0,0,-1.68116414547,0,-1.68116414547,0,0.677948781355,-1.38525029963,0.677653928876,-1.38725829048,0.000294852478784,0.00200799084643,-1.50669715214,-0.111499762585,-1.68116416445,-8.16118750934e-05,-0.00662881283744,0.677826679081,-1.35143239471,-6.66180280517e-06,0.00166545070129,0.677745067206,0.675167543062,-1.39561549849,-1.35806120755,0.665478023669,-1.38576991454,-0.0122670435372,-0.0277087069841,-5.15232382806,-1.68116416445,-1.61058875939,0.677948781355,-1.38525029963,0.000294852478784,0.00200799084643,0.000294852478784,0.00200799084643,-0.00760815533856,4,0
2100,4.2,1,-0.436208695173,0,2.10444355011,0,0,2.10444355011,0,2.10444355011,0,-0.43112313466,1.1312876547,-0.43620870417,1.17511778721,0.00508556951001,-0.0438301325034,-2.32745719711,0.304914923767,2.10444362383,-2.05585756989e-05,-0.00199621639433,-0.436144035287,1.1932959072,1.27540244627e-06,-0.000318850611563,-0.436164593862,-0.42885958587,1.132730947,1.19129969081,-0.450466338357,1.13048168788,-0.0143017444949,-0.0608180029286,4.9893921902,2.10444362383,-2.02029935404,-0.43112313466,1.1312876547,0.00508556951001,-0.0438301325034,0.00508556951001,-0.0438301325034,-0.00224291930272,4,0
2100,4.2,2,0.663562357426,0,-0.68116414547,0,0,-0.68116414547,0,-0.68116414547,0,0.663903916879,-1.41410957506,0.663562357739,-1.41265587611,0.000341559139687,-0.00145369895536,-0.687076977242,0.0260522702782,-0.681164164446,-2.51694603523e-05,-0.0017566032683,0.663596807215,-1.40958872688,-1.59425304314e-06,0.000398563260779,0.663571637755,0.661074480877,-1.41591369042,-1.41134533015,0.658205324099,-1.41434701643,-0.0053663136565,-0.00300168627832,-0.684142955581,-0.681164164446,-0.658966070172,0.663903916879,-1.41410957506,0.000341559139687,-0.00145369895536,0.000341559139687,-0.00145369895536,-0.00205863679253,4,0
2105,4.21,1,-0.424420952797,0,1.785982728,0,0,1.785982728,0,1.785982728,0,-0.419704811114,1.16097836261,-0.424420947243,1.1813499575,0.00471613612924,-0.0203715948863,1.87144572599,0.294622948179,1.78598276011,-7.22938833646e-05,-0.0061155557682,-0.424253762027,1.21907920387,7.39636681391e-06,-0.00184909170348,-0.424326055911,-0.417372112125,1.17189676956,1.21296364811,-0.404078366954,1.16162946445,0.0202476889566,-0.0513341836523,4.46906812078,1.78598276011,2.17305175653,-0.419704811114,1.16097836261,0.00471613612924,-0.0203715948863,0.00471613612924,-0.0203715948863,-0.00698308236858,4,0
2105,4.21,2,0.649504542351,0,-1.68116414547,0,0,-1.68116414547,0,-1.68116414547,0,0.649631012381,-1.45122295959,0.649504525646,-1.40787893037,0.000126486734408,-0.0433440292192,-2.0313688731,-0.11012580265,-1.68116416445,3.69485970969e-05,0.00318541230459,0.649416254767,-1.42811579497,-9.24545842318e-06,0.00231136460579,0.649453203364,0.646715138632,-1.46487096814,-1.42493038267,0.632702088968,-1.4519283314,-0.0167511143963,-0.0269979487324,-4.37019781724,-1.68116416445,-2.14512347122,0.649631012381,-1.45122295959,0.000126486734408,-0.0433440292192,0.000126486734408,-0.0433440292192,0.00362879546975,4,0
2110,4.22,1,-0.412433773279,0,2.78598284721,0,0,2.78598284721,0,2.78598284721,0,-0.40780063962,1.22197927162,-0.41243376664,1.21580663859,0.00463312702,0.00617263303059,2.95552907916,0.494373035591,2.78598276011,-5.61229601857e-05,-0.00444780512312,-0.412322264247,1.23741841173,8.5652809938e-06,-0.00214132024844,-0.412378387207,-0.405343770852,1.23485834497,1.2329706066,-0.383171312537,1.22300549359,0.0292070746706,-0.00996511301536,5.25995173622,2.78598276011,3.4550233954,-0.40780063962,1.22197927162,0.00463312702,0.00617263303059,0.00463312702,0.00617263303059,-0.00512128064535,4,0
2110,4.22,2,0.635100245476,0,-2.68116426468,0,0,-2.68116426468,0,-2.68116426468,0,0.634750797954,-1.52747409504,0.635100230603,-1.4725161137,-0.000349432649542,-0.054957981337,-2.43647290805,-0.32486304929,-2.68116416445,1.51229570489e-05,0.00096791878664,0.635085056399,-1.47185455761,-1.07066011173e-05,0.00267665027934,0.635100179356,0.631679711983,-1.54357293653,-1.47088663883,0.614472484174,-1.52831902478,-0.020627695182,-0.0574323859539,-7.92188667658,-2.68116416445,-2.76248535161,0.634750797954,-1.52747409504,-0.000349432649542,-0.054957981337,-0.000349432649542,-0.054957981337,0.00114939427123,4,0
2115,4.23,1,-0.399896860123,0,2.71608972549,0,0,2.71608972549,0,2.71608972549,0,-0.395270264104,1.28190051858,-0.399896864869,1.27879437774,0.00462660076487,0.00310614083909,1.97978057353,0.575680780951,2.7160898413,-4.03937762146e-06,-0.000191080510053,-0.399895170815,1.27805014901,6.50960434945e-06,-0.00162740108737,-0.399899210192,-0.392696394513,1.29181699911,1.2778590685,-0.378798692861,1.28258683405,0.0211005173315,0.00472776554786,4.9528420675,2.7160898413,2.55570090752,-0.395270264104,1.28190051858,0.00462660076487,0.00310614083909,0.00462660076487,0.00310614083909,-0.000239553041511,4,0
2115,4.23,2,0.619690895081,0,-2.48726701736,0,0,-2.48726701736,0,-2.48726701736,0,0.619087828509,-1.60237565281,0.619690902985,-1.58491713256,-0.000603074476063,-0.0174585202454,-2.20030798137,-0.292026156119,-2.48726706318,-5.119341604e-05,-0.00445275331882,0.61981560109,-1.55575556822,-8.13700532387e-06,0.00203425133096,0.619764407674,0.61587049151,-1.6147712533,-1.56020832154,0.600825859091,-1.6031365682,-0.0189385485823,-0.0429282466605,-6.50880653983,-2.48726706318,-2.48726706318,0.619087828509,-1.60237565281,-0.000603074476063,-0.0174585202454,-0.000603074476063,-0.0174585202454,-0.0050670743113,4,0
2120,4.24,1,-0.386869966984,0,1.7160898447,0,0,1.7160898447,0,1.7160898447,0,-0.382232447398,1.32130818555,-0.386869976742,1.31335882097,0.00463752934434,0.00794936457659,0.00811696572925,0.553003730418,1.7160898413,-8.52861128025e-06,-0.000877052901099,-0.386840015134,1.32237080471,2.95679624457e-06,-0.000739199061141,-0.386848543746,-0.379585022586,1.32593000311,1.32149375181,-0.382156775756,1.32131133853,0.00469176798983,-0.000182413279127,3.71215814414,1.7160898413,0.562100092384,-0.382232447398,1.32130818555,0.00463752934434,0.00794936457659,0.00463752934434,0.00794936457659,-0.000979396236462,4,0
2120,4.24,2,0.603407621384,0,-1.79559659958,0,0,-1.79559659958,0,-1.79559659958,0,0.602790557584,-1.65163523578,0.603407638105,-1.64834523313,-0.000617080521374,-0.00329000265512,-1.63550305763,-0.164307740483,-1.79559662226,-4.63465476049e-05,-0.00365801727707,0.603498702086,-1.63099882131,-3.69599524053e-06,0.000923998810126,0.603452355538,0.599481276562,-1.65741250763,-1.63465683859,0.589220043489,-1.65220067387,-0.0142323120486,-0.0175438352847,-3.14666899737,-1.79559662226,-1.79559662226,0.602790557584,-1.65163523578,-0.000617080521374,-0.00329000265512,-0.000617080521374,-0.00329000265512,-0.00421417584833,4,0
2125,4.25,1,-0.373731195927,0,0.716089844704,0,0,0.716089844704,0,0.716089844704,0,-0.368935511785,1.33372429982,-0.3737312012,1.3093441285,0.00479568941508,0.0243801713226,-1.4344184431,0.542727791623,0.716089841298,-5.41833829738e-05,-0.00475547421697,-0.373593801829,1.34303357796,6.49414350129e-07,-0.000162353587529,-0.373647985212,-0.366267565419,1.33446024362,1.33827810375,-0.380823312977,1.33322897477,-0.00717532776492,-0.0050491289751,2.4952898426,0.716089841298,-0.886284976666,-0.368935511785,1.33372429982,0.00479568941508,0.0243801713226,0.00479568941508,0.0243801713226,-0.00540567481265,4,0
2125,4.25,2,0.586887061596,0,-1.33709204197,0,0,-1.33709204197,0,-1.33709204197,0,0.586169388031,-1.66715537833,0.586887044927,-1.64657266189,-0.000717656896031,-0.0205827164426,-1.21019234394,-0.125669897547,-1.3370920052,9.79435580997e-06,0.00111223144375,0.586845914557,-1.65960533143,-8.1176792055e-07,0.000202941980133,0.586855708913,0.582834455067,-1.66807530806,-1.65849309999,0.576091699788,-1.66757528201,-0.0107640091256,-0.0090821820242,-0.913062257248,-1.3370920052,-1.3370920052,0.586169388031,-1.66715537833,-0.000717656896031,-0.0205827164426,-0.000717656896031,-0.0205827164426,0.00122976371347,4,0
2130,4.26,1,-0.360765278339,0,0.916089832783,0,0,0.916089832783,0,0.916089832783,0,-0.355546197629,1.34814641054,-0.360765285867,1.29030024114,0.00521908823765,0.0578461694005,0.607031834493,0.719109869391,0.916089841298,-9.02358495767e-05,-0.00751167970087,-0.36056372162,1.33442235253,3.3996140264e-06,-0.000849903506603,-0.360653957469,-0.352844925772,1.35318563905,1.32691067283,-0.350424869287,1.34835979922,0.0102290881819,0.0214491263908,2.50304011141,0.916089841298,1.33473621378,-0.355546197629,1.34814641054,0.00521908823765,0.0578461694005,0.00521908823765,0.0578461694005,-0.00859450989579,4,0
2130,4.26,2,0.570495665073,0,-2.10908389091,0,0,-2.10908389091,0,-2.10908389091,0,0.569432745302,-1.68518301632,0.570495640748,-1.64135625359,-0.00106289544626,-0.0438267627332,-1.87070970001,-0.233238052836,-2.10908383887,5.40312368449e-05,0.00448771118599,0.570376268819,-1.66696443103,-4.24951742495e-06,0.00106237935623,0.570430300056,0.566056155475,-1.69148205179,-1.66247671985,0.553827789023,-1.68583322283,-0.0166025110329,-0.0233565029858,-3.68043934777,-2.10908383887,-2.10908383887,0.569432745302,-1.68518301632,-0.00106289544626,-0.0438267627332,-0.00106289544626,-0.0438267627332,0.00513608602813,4,0
2135,4.27,1,-0.347824990749,0,1.82147979736,0,0,1.82147979736,0,1.82147979736,0,-0.341933449121,1.37465617427,-0.347824981183,1.3003500132,0.00589153206233,0.0743061610786,0.859003618054,0.956385848506,1.82147979516,-6.57642225223e-05,-0.00530115793055,-0.347688361295,1.32837639602,3.33105269146e-06,-0.00083276317287,-0.347754125517,-0.339179043535,1.37970108258,1.32307523808,-0.334736827034,1.37495603353,0.0130172984829,0.0518807954429,3.20609938231,1.82147979516,1.82147979516,-0.341933449121,1.37465617427,0.00589153206233,0.0743061610786,0.00589153206233,0.0743061610786,-0.00609032860082,4,0
2135,4.27,2,0.553849816322,0,-2.31229543686,0,0,-2.31229543686,0,-2.31229543686,0,0.55241680964,-1.71832022006,0.55384981298,-1.68445951123,-0.00143300334055,-0.033860708826,-1.98603336092,-0.324406771145,-2.31229532968,2.18909805795e-05,0.00159250584618,0.553815252473,-1.68911938321,-4.16381572443e-06,0.00104095393111,0.553837143454,0.548973802653,-1.72462635523,-1.68752687737,0.53587978177,-1.71900926288,-0.0179573616841,-0.0314823855179,-4.08621702943,-2.31229532968,-2.31229532968,0.55241680964,-1.71832022006,-0.00143300334055,-0.033860708826,-0.00143300334055,-0.033860708826,0.00185519761313,4,0
2140,4.28,1,-0.334703683853,0,1.28217315674,0,0,1.28217315674,0,1.28217315674,0,-0.32807167376,1.39593337002,-0.334703677016,1.31766814689,0.0066320032556,0.0782652231227,0.177273644457,1.10123998711,1.28217310292,-3.85015509643e-05,-0.00319745274165,-0.334617540422,1.33690766246,1.83299819423e-06,-0.000458249548562,-0.334656041973,-0.325276882747,1.39877025498,1.33371020971,-0.326566510925,1.39599608513,0.0080895310485,0.0622858754205,2.45381535309,1.28217310292,1.28217310292,-0.32807167376,1.39593337002,0.0066320032556,0.0782652231227,0.0066320032556,0.0782652231227,-0.00365947135322,4,0
2140,4.28,2,0.536702692509,0,-2.09605979919,0,0,-2.09605979919,0,-2.09605979919,0,0.535089590422,-1.74491671371,0.536702663397,-1.73146984894,-0.00161307297514,-0.0134468647684,-1.80614696821,-0.291212799497,-2.0960597273,-1.34730470043e-05,-0.00113836383824,0.536733718232,-1.72467150429,-2.29124761919e-06,0.000572811904802,0.536720245185,0.531596101654,-1.74846281973,-1.72580986813,0.520075265892,-1.74554231056,-0.0166449792927,-0.0197324424348,-2.75217182641,-2.0960597273,-2.0960597273,0.535089590422,-1.74491671371,-0.00161307297514,-0.0134468647684,-0.00161307297514,-0.0134468647684,-0.00130004040229,4,0
2145,4.29,1,-0.321537196636,0,0.663887500763,0,0,0.663887500763,0,0.663887500763,0,-0.314056383711,1.40507728564,-0.3215371844,1.31298714921,0.00748080068885,0.092090136426,-0.573876359784,1.23293255625,0.663887481014,-4.95643641439e-05,-0.004236512179,-0.321419042475,1.34062064166,2.94718383698e-07,-7.36795959222e-05,-0.32146860684,-0.311245673097,1.4055763459,1.33638412948,-0.31879020756,1.40488004298,0.00267839927943,0.0684959134963,1.62903936759,0.663887481014,0.663887481014,-0.314056383711,1.40507728564,0.00748080068885,0.092090136426,0.00748080068885,0.092090136426,-0.00483128454873,4,0
2145,4.29,2,0.51927292347,0,-1.82955336571,0,0,-1.82955336571,0,-1.82955336571,0,0.517570477853,-1.75634660744,0.519272915351,-1.74628120384,-0.00170243749803,-0.0100654035987,-1.59335533452,-0.236046613627,-1.82955340157,1.95658084432e-07,0.00014910552689,0.519264202792,-1.74994048456,-3.68397910289e-07,9.20994775711e-05,0.51926439845,0.514057089584,-1.75697043266,-1.74979137903,0.504314268872,-1.75689894948,-0.014950129578,-0.00710757044214,-1.26768299765,-1.82955340157,-1.82955340157,0.517570477853,-1.75634660744,-0.00170243749803,-0.0100654035987,-0.00170243749803,-0.0100654035987,0.000151453423903,4,0
2150,4.3,1,-0.308507740498,0,0.835703134537,0,0,0.835703134537,0,0.835703134537,0,-0.300000000715,1.40560671787,-0.308507729928,1.29658910209,0.00850772921345,0.109017615776,-0.581526615993,1.41066550005,0.835703124557,-6.85030534388e-05,-0.00574220385576,-0.308352132189,1.33131105037,-4.01429473551e-08,1.00357368333e-05,-0.308420635242,-0.297188813953,1.40556327386,1.32556884652,-0.304783049939,1.40540742415,0.00363758530314,0.0798385776362,1.60558322918,0.835703124557,0.835703124557,-0.300000000715,1.40560671787,0.00850772921345,0.109017615776,0.00850772921345,0.109017615776,-0.00656424049703,4,0
2150,4.3,2,0.501831114292,0,-1.84114146233,0,0,-1.84114146233,0,-1.84114146233,0,0.499999999106,-1.75700839742,0.501831085914,-1.74292568127,-0.00183108680812,-0.0140827161427,-1.6037531609,-0.235099754277,-1.84114151035,2.36041247628e-05,0.00200534568369,0.501776414746,-1.75519426659,5.01787019713e-08,-1.25446754922e-05,0.501800018871,0.496486015653,-1.75695409238,-1.75318892091,0.486639513094,-1.75756508433,-0.0151605057768,-0.0043761634284,-0.976751719124,-1.84114151035,-1.84114151035,0.499999999106,-1.75700839742,-0.00183108680812,-0.0140827161427,-0.00183108680812,-0.0140827161427,0.00228859518085,4,0
2155,4.31,1,-0.295606702566,0,0.71111536026,0,0,0.71111536026,0,0.71111536026,0,-0.285950335307,1.40334849472,-0.295606713947,1.28540427127,0.00965637863966,0.117944223451,-0.897503280432,1.60235040539,0.711115359869,-6.59122077371e-05,-0.00547728841769,-0.295459043528,1.31814659234,-9.29916668557e-07,0.000232479167133,-0.295524955735,-0.283144909892,1.40201526999,1.31266930393,-0.293364422341,1.40303957443,0.00216053339475,0.0903702704999,1.29134143717,0.711115359869,0.711115359869,-0.285950335307,1.40334849472,0.00965637863966,0.117944223451,0.00965637863966,0.117944223451,-0.00626823491053,4,0
2155,4.31,2,0.484388917685,0,-1.75966644287,0,0,-1.75966644287,0,-1.75966644287,0,0.482437917347,-1.75418561805,0.484388912945,-1.74431719145,-0.0019509955981,-0.00986842659705,-1.51553101117,-0.24232400705,-1.75966646116,1.92450544983e-05,0.00158050229513,0.48434664667,-1.753572704,1.16239594683e-06,-0.000290598986709,0.484365891725,0.478931135579,-1.75251908697,-1.75199220171,0.469815311143,-1.75471155998,-0.0145505805819,-0.00271935826789,-0.332525238446,-1.75966646116,-1.75966646116,0.482437917347,-1.75418561805,-0.0019509955981,-0.00986842659705,-0.0019509955981,-0.00986842659705,0.00181144294911,4,0
2160,4.32,1,-0.28286626935,0,0.290108710527,0,0,0.290108710527,0,0.290108710527,0,-0.271961520454,1.39277215279,-0.282866268843,1.2646277348,0.0109047483892,0.128144417996,-1.50268471673,1.78609478102,0.290108720113,-6.97194838691e-05,-0.00586202201877,-0.282706043491,1.3009570391,-2.22924225707e-06,0.000557310564269,-0.282775762975,-0.26917919846,1.38948906528,1.29509501709,-0.284406465155,1.39225361343,-0.00163070218007,0.0971585963442,0.688829853005,0.290108720113,0.290108720113,-0.271961520454,1.39277215279,0.0109047483892,0.128144417996,0.0109047483892,0.128144417996,-0.00669865582519,4,0
2160,4.32,2,0.467010080814,0,-1.56725740433,0,0,-1.56725740433,0,-1.56725740433,0,0.464951898789,-1.74096518969,0.467010067099,-1.73086372849,-0.00205816830997,-0.0101014612041,-1.32938736647,-0.235560787724,-1.56725738328,2.35410195773e-05,0.00202673684975,0.4669529143,-1.74446912573,2.78655296271e-06,-0.000696638240676,0.466976455319,0.461473996299,-1.7368613301,-1.74244238888,0.453873660212,-1.74142678297,-0.013102795107,0.00101560591236,0.721044275115,-1.56725738328,-1.56725738328,0.464951898789,-1.74096518969,-0.00205816830997,-0.0101014612041,-0.00205816830997,-0.0101014612041,0.00230922908468,4,0
2165,4.33,1,-0.270405620337,0,0.171338170767,0,0,0.171338170767,0,0.171338170767,0,-0.258125232401,1.37332253716,-0.270405628462,1.23295641753,0.0122803960605,0.140366119628,-1.82429506532,1.98779294807,0.171338175558,-8.17886293209e-05,-0.00685882925661,-0.270219145625,1.27483962127,-3.02303459537e-06,0.000755758648844,-0.270300934254,-0.255383093584,1.36880213249,1.26798079201,-0.273236121323,1.37269291678,-0.00293518706922,0.104712124773,0.400579061027,0.171338175558,0.171338175558,-0.258125232401,1.37332253716,0.0122803960605,0.140366119628,0.0122803960605,0.140366119628,-0.00784029280846,4,0
2165,4.33,2,0.449873268604,0,-1.47835481167,0,0,-1.47835481167,0,-1.47835481167,0,0.447656538741,-1.71665316912,0.449873257609,-1.70102995162,-0.00221671886785,-0.0156232174966,-1.2229053745,-0.251713719202,-1.4783547546,3.86259537618e-05,0.0032721494541,0.449783331697,-1.72155262856,3.77879336633e-06,-0.000944698341578,0.44982195765,0.444228865224,-1.7110026631,-1.71828047911,0.437452245899,-1.71707834798,-0.0123697117518,0.00120213112142,1.29805617979,-1.4783547546,-1.4783547546,0.447656538741,-1.71665316912,-0.00221671886785,-0.0156232174966,-0.00221671886785,-0.0156232174966,0.00373566089924,4,0
2170,4.34,1,-0.258244603872,0,0.879094183445,0,0,0.879094183445,0,0.879094183445,0,-0.244504383249,1.35130763126,-0.258244605038,1.2075393181,0.0137402217884,0.143768313162,-1.2822423366,2.19990298993,0.879094207401,-8.10356951769e-05,-0.00667498732008,-0.258067966503,1.24547287537,-2.39620856601e-06,0.000599052141502,-0.258149002198,-0.241805518771,1.34763508274,1.23879788805,-0.25510759923,1.35086583059,0.00304140296885,0.112067942546,0.941608345358,0.879094207401,0.925308068991,-0.244504383249,1.35130763126,0.0137402217884,0.143768313162,0.0137402217884,0.143768313162,-0.0076474156622,4,0
2170,4.34,2,0.433022499084,0,-1.66502666473,0,0,-1.66502666473,0,-1.66502666473,0,0.430630477329,-1.68913453597,0.433022504528,-1.67769253166,-0.00239202719882,-0.0114420043061,-1.38241553989,-0.279185877491,-1.66502668754,3.70244600984e-05,0.0029809766323,0.432946800554,-1.69275868155,2.99526077419e-06,-0.000748815193553,0.432983825014,0.427256896737,-1.68454385021,-1.68977770491,0.419101818944,-1.68961489673,-0.0138820060704,0.000162808181978,0.750105857794,-1.66502668754,-1.66502668754,0.430630477329,-1.68913453597,-0.00239202719882,-0.0114420043061,-0.00239202719882,-0.0114420043061,0.00342527015348,4,0
2175,4.35,1,-0.246171891689,0,1.87909424305,0,0,1.87909424305,0,1.87909424305,0,-0.231064489575,1.33989855694,-0.246171886361,1.2118151315,0.0151073967863,0.128083425435,0.144777640499,2.37815679321,1.8790942074,-4.81661867352e-05,-0.00379147065545,-0.246078205805,1.22954384695,-7.25770772592e-07,0.000181442693145,-0.246126371992,-0.228385240963,1.33907997771,1.2257523763,-0.22982375109,1.33995025437,0.0163026209019,0.114197878074,1.75920316926,1.8790942074,2.5273038986,-0.231064489575,1.33989855694,0.0151073967863,0.128083425435,0.0151073967863,0.128083425435,-0.00436946489627,4,0
2175,4.35,2,0.416185349226,0,-2.06509661674,0,0,-2.06509661674,0,-2.06509661674,0,0.413830610269,-1.67487319277,0.416185358687,-1.69494315603,-0.00235474841798,0.0200699632598,-1.82693551395,-0.23906296681,-2.06509663208,-6.39724011212e-06,-0.000825081802381,0.416219042138,-1.6834043487,9.07213482559e-07,-0.000226803370641,0.416212644898,0.410481549511,-1.67384996872,-1.6842294305,0.398640035583,-1.67550613338,-0.0175726093142,0.00872329712462,-0.560591522906,-2.06509663208,-2.06509663208,0.413830610269,-1.67487319277,-0.00235474841798,0.0200699632598,-0.00235474841798,0.0200699632598,-0.000901848683726,4,0
2180,4.36,1,-0.233964323997,0,1.13360452652,0,0,1.13360452652,0,1.13360452652,0,-0.217729752055,1.32118105053,-0.233964317378,1.22144664016,0.0162345653231,0.0997344103659,-2.4987252484,2.39532780199,1.13360451509,-1.68762988899e-05,-0.0014914777435,-0.233920849444,1.23259833639,-5.16842064091e-06,0.00129210516023,-0.233937725743,-0.215094787668,1.31360587789,1.23110685864,-0.238502282426,1.32031552843,-0.00456455668351,0.0892086697893,0.819041209636,1.13360451509,-0.101703453075,-0.217729752055,1.32118105053,0.0162345653231,0.0997344103659,0.0162345653231,0.0997344103659,-0.00169399333017,4,0
2180,4.36,2,0.399106949568,0,-1.06509661674,0,0,-1.06509661674,0,-1.06509661674,0,0.397162188404,-1.65147630936,0.399106953838,-1.70541275704,-0.00194476543422,0.0539364476816,-0.998032910884,-0.0521565375255,-1.06509663208,-4.75821735594e-05,-0.003855151795,0.399206935165,-1.68512180016,6.46052590453e-06,-0.00161513147613,0.399159352992,0.393868482928,-1.6420073434,-1.68897695196,0.388896482147,-1.65182071378,-0.0102628708451,0.0371562381763,3.77177758913,-1.06509663208,-1.04576331053,0.397162188404,-1.65147630936,-0.00194476543422,0.0539364476816,-0.00194476543422,0.0539364476816,-0.00442613787771,4,0
2185,4.37,1,-0.221910879016,0,0.133604511619,0,0,0.133604511619,0,0.133604511619,0,-0.204734193521,1.27455388898,-0.221910882217,1.18967020793,0.0171766886963,0.0848836810554,-3.90293311958,2.33195749861,0.13360451509,-5.43977941843e-05,-0.00476622472104,-0.221773676731,1.22318175807,-7.57132344148e-06,0.00189283086037,-0.221828074525,-0.202196308181,1.26326417714,1.21841553335,-0.237157187944,1.27320293088,-0.0153291134198,0.0547873975301,-0.355272071163,0.13360451509,-1.56555662272,-0.204734193521,1.27455388898,0.0171766886963,0.0848836810554,0.0171766886963,0.0848836810554,-0.00541899825125,4,0
2185,4.37,2,0.382406294346,0,-0.438304394484,0,0,-0.438304394484,0,-0.438304394484,0,0.380917740279,-1.59319235654,0.3824063013,-1.63830739795,-0.00148856102117,0.0451150414054,-0.528070212886,0.0901419094152,-0.438304387245,7.97987568555e-07,0.000366507923134,0.382385441505,-1.64683122748,9.46415443082e-06,-0.00236603860771,0.382386239493,0.377745383614,-1.57908021655,-1.64646471956,0.376521653236,-1.59337552684,-0.00586458625695,0.0530891927178,6.41772459457,-0.438304387245,-0.438304387245,0.380917740279,-1.59319235654,-0.00148856102117,0.0451150414054,-0.00148856102117,0.0451150414054,0.000376083773957,4,0
2190,4.38,1,-0.210365816951,0,-0.86639547348,0,0,-0.86639547348,0,-0.86639547348,0,-0.192277785053,1.21628132586,-0.210365818636,1.12802442691,0.0180880335826,0.0882568989527,-3.83411839736,2.36285663265,-0.86639548491,-0.00010116877595,-0.0086020376586,-0.210127330172,1.18312917046,-7.58315169616e-06,0.00189578792404,-0.210228498948,-0.189856718085,1.20484612027,1.1745271328,-0.224091738615,1.21495574446,-0.0138632396669,0.0404286116556,-1.49055874287,-0.86639548491,-1.46144570175,-0.192277785053,1.21628132586,0.0180880335826,0.0882568989527,0.0180880335826,0.0882568989527,-0.00981606297,4,0
2190,4.38,2,0.366646885872,0,-0.4421030581,0,0,-0.4421030581,0,-0.4421030581,0,0.365347229746,-1.52035165171,0.366646893631,-1.53210161352,-0.00129966388503,0.0117499618096,-0.504871053386,0.0688052009318,-0.442103063154,6.10094236362e-05,0.00530509761613,0.366495606085,-1.5684430478,9.47893972886e-06,-0.00236973493221,0.366556615508,0.362320896047,-1.50605764455,-1.56313795019,0.361097039681,-1.52052874296,-0.00545957582738,0.0426092072264,6.36178521445,-0.442103063154,-0.442103063154,0.365347229746,-1.52035165171,-0.00129966388503,0.0117499618096,-0.00129966388503,0.0117499618096,0.00603721069976,4,0
2195,4.39,1,-0.199505358934,0,-0.306516379118,0,0,-0.306516379118,0,-0.306516379118,0,-0.180384680416,1.16526257082,-0.199505354058,1.06200499691,0.019120673642,0.103257573908,-2.05310907454,2.55172407037,-0.306516380527,-0.000122577175574,-0.0101351576107,-0.199235455113,1.12041335928,-4.85257792593e-06,0.00121314448148,-0.199358032288,-0.178061845733,1.15777790814,1.11027820167,-0.197367720895,1.16455494414,0.00199031139366,0.0542767424624,-1.04210117846,-0.306516380527,0.510221079552,-0.180384680416,1.16526257082,0.019120673642,0.103257573908,0.019120673642,0.103257573908,-0.0116060837176,4,0
2195,4.39,2,0.35192283988,0,-1.10458791256,0,0,-1.10458791256,0,-1.10458791256,0,0.35048084901,-1.45657820722,0.351922827891,-1.44037814767,-0.00144197888164,-0.0162000595576,-1.02057605228,-0.0756704063645,-1.10458791,8.86132969687e-05,0.00727809178322,0.351731297561,-1.4808597021,6.06572246498e-06,-0.00151643061624,0.351819910858,0.347577305668,-1.44722237879,-1.47358161032,0.34192139664,-1.45693485107,-0.00989851421847,0.0166467592442,3.62715372963,-1.10458791,-1.10458791,0.35048084901,-1.45657820722,-0.00144197888164,-0.0162000595576,-0.00144197888164,-0.0162000595576,0.00834145134684,4,0
2200,4.4,1,-0.18906314671,0,0.69348359108,0,0,0.69348359108,0,0.69348359108,0,-0.168876866497,1.14303178963,-0.189063142029,1.03859885816,0.0201862755316,0.104432931472,0.667751000924,2.81427061479,0.693483619473,-7.8326649079e-05,-0.00621394659846,-0.18890723692,1.069000343,-1.34035509941e-06,0.000335088774849,-0.188985563569,-0.166591819558,1.14151820343,1.0627863964,-0.163262406596,1.14326572546,0.0257231569734,0.0804793290585,-0.16455952101,0.693483619473,3.4891754821,-0.168876866497,1.14303178963,0.0201862755316,0.104432931472,0.0201862755316,0.104432931472,-0.00715386638741,4,0
2200,4.4,2,0.337662130594,0,-2.0380923748,0,0,-2.0380923748,0,-2.0380923748,0,0.336096081675,-1.42878973048,0.337662142449,-1.42837028057,-0.00156606077378,-0.000419449912148,-1.85527482949,-0.180321888372,-2.03809233348,3.0470265311e-05,0.00212997243763,0.33762013788,-1.43216396054,1.67544388846e-06,-0.000418860972117,0.337650608146,0.333239773014,-1.42689774772,-1.4300339881,0.320641492184,-1.42943367171,-0.017009115962,0.000600316390982,-0.0178902776981,-2.03809233348,-2.03809233348,0.336096081675,-1.42878973048,-0.00156606077378,-0.000419449912148,-0.00156606077378,-0.000419449912148,0.00249561562136,4,0
2205,4.41,1,-0.178669407964,0,0.493483632803,0,0,0.493483632803,0,0.493483632803,0,-0.157562353882,1.10968719991,-0.178669404757,1.03710348031,0.0211070508746,0.0725837196003,-4.04558546267,2.84634626911,0.493483619473,-2.25485158907e-05,-0.00183541425006,-0.178620269496,1.04818449945,-8.90100359041e-06,0.0022252508976,-0.178642818012,-0.155355779197,1.09661159003,1.0463490852,-0.191199618073,1.10828564723,-0.0125568000608,0.0619365620354,-0.51139365713,0.493483619473,-1.19713319712,-0.157562353882,1.10968719991,0.0211070508746,0.0725837196003,0.0211070508746,0.0725837196003,-0.00210599644074,4,0
2205,4.41,2,0.323253154755,0,-1.0380923748,0,0,-1.0380923748,0,-1.0380923748,0,0.321952940973,-1.38710899299,0.323253154617,-1.44014602172,-0.00130021364349,0.0530370287287,-0.366463389506,0.0142839853383,-1.03809233348,-4.21624932386e-05,-0.00356732897125,0.323349884612,-1.41891320858,1.11262545734e-05,-0.00278156364336,0.323307722119,0.319194722631,-1.37076448051,-1.42248053755,0.318938257211,-1.38723460481,-0.00436946490791,0.0352459327343,4.21308844023,-1.03809233348,-0.348106125277,0.321952940973,-1.38710899299,-0.00130021364349,0.0530370287287,-0.00130021364349,0.0530370287287,-0.00407327889011,4,0
2210,4.42,1,-0.168505564332,0,-0.506516396999,0,0,-0.506516396999,0,-0.506516396999,0,-0.146832147482,1.03157341018,-0.168505568945,0.996763495665,0.0216734214635,0.0348099145126,-6.11235068647,2.6367438145,-0.506516380527,-4.65158672295e-05,-0.00411544617963,-0.168385432736,1.02673532038,-1.21722707349e-05,0.00304306768373,-0.168431948604,-0.144787124696,1.01338218966,1.0226198742,-0.19764124599,1.02945636441,-0.0292092973868,0.00683649020777,-1.64483559664,-0.506516380527,-3.47093323538,-0.146832147482,1.03157341018,0.0216734214635,0.0348099145126,0.0216734214635,0.0348099145126,-0.00467363658638,4,0
2210,4.42,2,0.309201151133,0,-0.0380923338234,0,0,-0.0380923338234,0,-0.0380923338234,0,0.308540183045,-1.28946675511,0.309201163539,-1.37083034677,-0.000660980493358,0.0813635916548,0.341594155424,0.349978208325,-0.0380923334822,-1.00829826613e-05,-0.000525683149155,0.309203497657,-1.37461427273,1.52153385224e-05,-0.00380383463062,0.309193414675,0.305983904579,-1.26672772931,-1.37513995588,0.311387247179,-1.28934812744,0.00219383250396,0.0857918284431,8.2802757512,-0.0380923334822,0.692219042691,0.308540183045,-1.28946675511,-0.000660980493358,0.0813635916548,-0.000660980493358,0.0813635916548,-0.000646678941091,4,0
2215,4.43,1,-0.159000471234,0,-1.50651633739,0,0,-1.50651633739,0,-1.50651633739,0,-0.13697493865,0.940182024055,-0.159000471389,0.914225687065,0.0220255327397,0.0259563369898,-5.66071609128,2.49301379488,-1.50651638053,-0.000106320494906,-0.00915902664978,-0.158741764148,0.97569379558,-1.14009770739e-05,0.00285024426849,-0.158848084643,-0.135111934434,0.922951375135,0.966534768931,-0.183979011179,0.938223521033,-0.025130926536,-0.0283112478978,-2.73611943806,-1.50651638053,-3.15726742381,-0.13697493865,0.940182024055,0.0220255327397,0.0259563369898,0.0220255327397,0.0259563369898,-0.0104348725886,4,0
2215,4.43,2,0.296327412128,0,0.698573887348,0,0,0.698573887348,0,0.698573887348,0,0.296218672085,-1.17522752172,0.296327412489,-1.22145486788,-0.000108740403776,0.046227346165,0.27940921471,0.426067392197,0.698573872364,6.83054812517e-05,0.00608306876704,0.296148239396,-1.26647301595,1.4251221427e-05,-0.00356280535676,0.296216544877,0.293889916832,-1.15368921044,-1.26038994718,0.29848562374,-1.1751330654,0.00226907886216,0.0852568817809,11.0039034084,0.698573872364,0.698573872364,0.296218672085,-1.17522752172,-0.000108740403776,0.046227346165,-0.000108740403776,0.046227346165,0.00690273454206,4,0
2220,4.44,1,-0.150453418493,0,-1.30651640892,0,0,-1.30651640892,0,-1.30651640892,0,-0.127973758473,0.865153491089,-0.150453420684,0.818305591958,0.0224796622107,0.0468478991313,-2.81581940682,2.60564394111,-1.30651638053,-0.000150068918395,-0.0124818160627,-0.150118725411,0.891587379476,-6.83394314852e-06,0.00170848578713,-0.150268794329,-0.126254328828,0.85458936519,0.879105563414,-0.151279436924,0.864182421154,-0.00101064259437,-0.0149231422597,-2.5863205148,-1.30651638053,-0.195892822623,-0.127973758473,0.865153491089,0.0224796622107,0.0468478991313,0.0224796622107,0.0468478991313,-0.0142826430834,4,0
2220,4.44,2,0.285087943077,0,-0.216617852449,0,0,-0.216617852449,0,-0.216617852449,0,0.284967196951,-1.08144185498,0.285087930942,-1.06868354353,-0.000120733990937,-0.0127583114502,-0.54195201258,0.189676980814,-0.216617858698,0.000125420020944,0.0104182526438,0.284809767473,-1.12902727683,8.54242897835e-06,-0.00213560724459,0.284935187494,0.282817909912,-1.06823669754,-1.11860902419,0.28035956876,-1.08163383949,-0.00457561873452,0.0369751846963,6.98450403319,-0.216617858698,-0.364198324661,0.284967196951,-1.08144185498,-0.000120733990937,-0.0127583114502,-0.000120733990937,-0.0127583114502,0.0119232928951,4,0
2225,4.45,1,-0.142621323466,0,-0.306516379118,0,0,-0.306516379118,0,-0.306516379118,0,-0.119524489315,0.834277106778,-0.142621325651,0.766332285775,0.0230968363359,0.0679448210029,0.931952438501,2.91113045625,-0.306516380527,-0.000109801071998,-0.00883479172891,-0.142394716517,0.812406485841,-1.82373612949e-06,0.000455934032371,-0.142504517589,-0.117857320363,0.832216673975,0.803571694112,-0.11168722199,0.834603659583,0.0308172955999,0.0310319654713,-1.63944214396,-0.306516380527,3.85323529935,-0.119524489315,0.834277106778,0.0230968363359,0.0679448210029,0.0230968363359,0.0679448210029,-0.0101524045929,4,0
2225,4.45,2,0.274848937988,0,-1.21661782265,0,0,-1.21661782265,0,-1.21661782265,0,0.274405610593,-1.04284637441,0.274848940719,-1.00652061192,-0.000443330125322,-0.0363257624832,-1.68516170618,-0.132522257697,-1.2166178587,7.22100747091e-05,0.00560417668756,0.274713259214,-1.03106270826,2.27967017208e-06,-0.000569917543016,0.274785469289,0.272321649421,-1.04027083339,-1.02545853157,0.260333105328,-1.04343272879,-0.0144523639612,-0.0179741972237,2.79945016739,-1.2166178587,-1.82415466146,0.274405610593,-1.04284637441,-0.000443330125322,-0.0363257624832,-0.000443330125322,-0.0363257624832,0.00647069758407,4,0
2230,4.46,1,-0.135074794292,0,-0.506516396999,0,0,-0.506516396999,0,-0.506516396999,0,-0.111337744933,0.789569434508,-0.135074800345,0.745169497886,0.0237370554122,0.0443999366228,-5.39030275152,2.98205942915,-0.506516380527,-4.3546599524e-05,-0.00351737122817,-0.134982277526,0.765188820528,-1.17622942915e-05,0.00294057357288,-0.135025824126,-0.109775554853,0.772273319193,0.761671449299,-0.15614547724,0.787702445662,-0.0211196531147,0.0260309963627,-1.91539330002,-0.506516380527,-2.40420339195,-0.111337744933,0.789569434508,0.0237370554122,0.0443999366228,0.0237370554122,0.0443999366228,-0.00403993042246,4,0
2230,4.46,2,0.264816552401,0,-0.573921203613,0,0,-0.573921203613,0,-0.573921203613,0,0.264172180207,-0.986961783833,0.264816552522,-0.995347147512,-0.000644372314821,0.00838536367903,0.317705006189,-0.0777151079272,-0.573921232612,-1.42050632481e-05,-0.00132326975071,0.264855216501,-0.986147442021,1.47028679237e-05,-0.00367571698091,0.264841011437,0.262219442626,-0.965341639601,-0.987470711772,0.266827559646,-0.986851143023,0.00198654820856,0.000619568748839,5.39770819283,-0.573921232612,0.241483628772,0.264172180207,-0.986961783833,-0.000644372314821,0.00838536367903,-0.000644372314821,0.00838536367903,-0.00149373050969,4,0
2235,4.47,1,-0.12793597579,0,-1.50651633739,0,0,-1.50651633739,0,-1.50651633739,0,-0.10392323803,0.687615338592,-0.127935978898,0.687305214531,0.0240127408672,0.000310124060471,-7.91762752168,2.71901822948,-1.50651638053,-5.91693130024e-05,-0.00515308740296,-0.127788489944,0.723150889529,-1.55817113596e-05,0.0038954278399,-0.127847659257,-0.102571258878,0.664303292807,0.717997802126,-0.169740342245,0.684872959249,-0.0418926829888,-0.0331248428771,-2.98073009382,-1.50651638053,-5.19274617304,-0.10392323803,0.687615338592,0.0240127408672,0.000310124060471,0.0240127408672,0.000310124060471,-0.00586311915899,4,0
2235,4.47,2,0.255315542221,0,0.426078766584,0,0,0.426078766584,0,0.426078766584,0,0.254904046674,-0.859519163448,0.255315556503,-0.909010639177,-0.000411509829083,0.0494914757295,1.19433503464,0.258578339806,0.426078767388,7.96707979373e-06,0.000961833401679,0.255278398,-0.921372306552,1.94771392682e-05,-0.00486928481704,0.25528636508,0.253214072753,-0.830379106115,-0.92041047315,0.264830792709,-0.85910554903,0.00954442762903,0.06130492412,9.3006731396,0.426078767388,1.45185593608,0.254904046674,-0.859519163448,-0.000411509829083,0.0494914757295,-0.000411509829083,0.0494914757295,0.0010574383592,4,0
2240,4.48,1,-0.121627040207,0,-2.5065164566,0,0,-2.5065164566,0,-2.5065164566,0,-0.097630121113,0.572051155104,-0.121627040002,0.5879334833,0.0239969188886,-0.0158823281966,-7.12754138332,2.49850431278,-2.50651638053,-0.000116451832378,-0.00999791808317,-0.121345895421,0.654321638007,-1.41027953805e-05,0.00352569884513,-0.121462347254,-0.0965075434823,0.550711718824,0.644323719924,-0.156828563067,0.569584553356,-0.0353662158135,-0.0747391665684,-4.00361017171,-2.50651638053,-4.61764173046,-0.097630121113,0.572051155104,0.0239969188886,-0.0158823281966,0.0239969188886,-0.0158823281966,-0.0113953400717,4,0
2240,4.48,2,0.247156023979,0,1.41656243801,0,0,1.41656243801,0,1.41656243801,0,0.247037650628,-0.715063933608,0.247156025166,-0.743799132716,-0.000118374538375,0.0287351991079,1.05254593485,0.372425950049,1.41656240177,8.41401752046e-05,0.00739980103445,0.246941419795,-0.796658748864,1.76284942778e-05,-0.00440712356945,0.24702555997,0.24563442861,-0.688389638178,-0.789258947829,0.255723707765,-0.714702014561,0.00869814779519,0.0745569332688,12.8856108102,1.41656240177,1.41656240177,0.247037650628,-0.715063933608,-0.000118374538375,0.0287351991079,-0.000118374538375,0.0287351991079,0.0084094831369,4,0
2245,4.49,1,-0.116466924548,0,-2.34207081795,0,0,-2.34207081795,0,-2.34207081795,0,-0.0924019636278,0.48035715977,-0.116466922043,0.471560414525,0.0240649584148,0.00879674524569,-3.49725926852,2.57006885068,-2.34207071006,-0.000165035261218,-0.0137442099563,-0.116097512739,0.552741624529,-8.14635440087e-06,0.00203658860022,-0.116262548,-0.0914542487744,0.467747660898,0.538997414573,-0.121364470127,0.479150388666,-0.00510192212676,-0.0598470259067,-3.81762149295,-2.34207071006,-0.911465784745,-0.0924019636278,0.48035715977,0.0240649584148,0.00879674524569,0.0240649584148,0.00879674524569,-0.0157246330909,4,0
2245,4.49,2,0.240866944194,0,0.437227517366,0,0,0.437227517366,0,0.437227517366,0,0.240502453876,-0.600446439126,0.24086694193,-0.562982837882,-0.000364488053922,-0.0374636012436,0.00554695970007,0.0908571503188,0.437227532206,0.000148287934004,0.0123446638977,0.240535911066,-0.635324416066,1.01829430248e-05,-0.0025457357562,0.240684199,0.23931781033,-0.584684565498,-0.622979752169,0.240431101423,-0.600449412145,-0.00025309757673,0.0225303400242,8.42056207207,0.437227532206,0.0822799909131,0.240502453876,-0.600446439126,-0.000364488053922,-0.0374636012436,-0.000364488053922,-0.0374636012436,0.0141241191058,4,0
2250,4.5,1,-0.11221908778,0,-1.34207069874,0,0,-1.34207069874,0,-1.34207069874,0,-0.0878383125658,0.443857567968,-0.11221908418,0.40028530547,0.0243807716142,0.0435722624975,0.910648884826,2.90548952472,-1.34207071006,-0.000126687994743,-0.0102430663377,-0.111954398881,0.454829312789,-2.12859716051e-06,0.000532149290125,-0.112081086875,-0.0869522157139,0.441451978075,0.444586246452,-0.0801648661289,0.444177294902,0.0319162207464,-0.00040895154927,-2.79500644721,-1.34207071006,3.82790173182,-0.0878383125658,0.443857567968,0.0243807716142,0.0435722624975,0.0243807716142,0.0435722624975,-0.0117633222746,4,0
2250,4.5,2,0.235833957791,0,-0.562772452831,0,0,-0.562772452831,0,-0.562772452831,0,0.234797890155,-0.554821949273,0.235833955028,-0.476337847648,-0.00103606487263,-0.0784841016244,-1.33469885625,-0.357640395989,-0.562772467794,9.75931508211e-05,0.00772024238901,0.235641086537,-0.513593061257,2.66074645583e-06,-0.000665186613961,0.235738679688,0.233690269111,-0.551814961901,-0.505872818868,0.223620709845,-0.555287665119,-0.0121179698432,-0.0494148462513,4.04411272193,-0.562772467794,-1.70123061244,0.234797890155,-0.554821949273,-0.00103606487263,-0.0784841016244,-0.00103606487263,-0.0784841016244,0.00889136019886,4,0
2255,4.51,1,-0.10842859745,0,-1.4180688858,0,0,-1.4180688858,0,-1.4180688858,0,-0.083580711997,0.392163111608,-0.108428596046,0.364629713068,0.0248478840489,0.0275333985394,-6.40149342984,3.00786296705,-1.41806887764,-5.69312187314e-05,-0.00457020366654,-0.108309081225,0.390007932577,-1.34722096747e-05,0.00336805241866,-0.108366012443,-0.0828158245722,0.372339555133,0.38543772891,-0.13679033461,0.389946043999,-0.0284243221662,0.00450831508852,-2.87062450954,-1.41806887764,-3.3883770845,-0.083580711997,0.392163111608,0.0248478840489,0.0275333985394,0.0248478840489,0.0275333985394,-0.00525337829131,4,0
2255,4.51,2,0.231200352311,0,-0.107331342995,0,0,-0.107331342995,0,-0.107331342995,0,0.229475889551,-0.490203878707,0.231200356085,-0.452019634955,-0.00172446653426,-0.0381842437522,0.985707579139,-0.402593878198,-0.107331345388,6.5212905554e-06,0.000322007582687,0.231196437496,-0.45145677231,1.68402621206e-05,-0.00421006553015,0.231202958787,0.228519780292,-0.465424433073,-0.451134764728,0.237672553532,-0.489862351041,0.00646959474533,-0.0387275863138,5.72780792768,-0.107331345388,0.582713437871,0.229475889551,-0.490203878707,-0.00172446653426,-0.0381842437522,-0.00172446653426,-0.0381842437522,0.000400263069352,4,0
2260,4.52,1,-0.105160243809,0,-2.4180688858,0,0,-2.4180688858,0,-2.4180688858,0,-0.0802076881877,0.276348686766,-0.105160241933,0.295970744728,0.0249525537449,-0.0196220579624,-9.14174551198,2.71918707792,-2.41806887764,-6.56852571689e-05,-0.00568451658436,-0.104998878534,0.334760802262,-1.74659055123e-05,0.00436647637807,-0.105064563792,-0.079681093807,0.250197761181,0.329076285678,-0.156203024942,0.273182214401,-0.0511384611501,-0.0558940712765,-3.86177726729,-2.41806887764,-6.41608569439,-0.0802076881877,0.276348686766,0.0249525537449,-0.0196220579624,0.0249525537449,-0.0196220579624,-0.00647273967038,4,0
2260,4.52,2,0.227171629667,0,0.892668664455,0,0,0.892668664455,0,0.892668664455,0,0.225259609899,-0.345435847443,0.227171634488,-0.359258781285,-0.00191202458987,0.0138229338424,1.94461676812,-0.0744028357918,0.892668654612,2.01167237519e-05,0.00196201241875,0.22710798941,-0.377361202344,2.1832381917e-05,-0.00545809547926,0.227128106134,0.224601366945,-0.312747190421,-0.375399189925,0.241418334516,-0.34476256725,0.014290228382,0.0306366226752,9.49611481207,0.892668654612,1.86801051922,0.225259609899,-0.345435847443,-0.00191202458987,0.0138229338424,-0.00191202458987,0.0138229338424,0.00220341310377,4,0
2265,4.53,1,-0.102827385068,0,-3.4180688858,0,0,-3.4180688858,0,-3.4180688858,0,-0.0780946773159,0.147923933376,-0.102827381937,0.186197570076,0.024732704621,-0.0382736367003,-8.09025537275,2.46376502492,-3.41806887764,-0.000121476246431,-0.0104154636718,-0.102535013047,0.255069879532,-1.54241338153e-05,0.00385603345381,-0.102656489294,-0.0778224119903,0.12456456244,0.24465441586,-0.145297856747,0.1451238009,-0.0426413674533,-0.0995306149605,-4.81085451098,-3.41806887764,-5.6146171692,-0.0780946773159,0.147923933376,0.024732704621,-0.0382736367003,0.024732704621,-0.0382736367003,-0.0118731786289,4,0
2265,4.53,2,0.224544972181,0,1.77977824211,0,0,1.77977824211,0,1.77977824211,0,0.22261834642,-0.184904905535,0.224544972068,-0.188245033932,-0.00192662564854,0.00334012839675,1.73661958409,0.0525947341504,1.7797782546,9.49022972118e-05,0.00829723607149,0.224306122579,-0.246505371392,1.92801672838e-05,-0.00482004182094,0.224401024876,0.222278014785,-0.155705691842,-0.23820813532,0.236986597543,-0.184306228405,0.0125855726668,0.0539019069152,12.5431195736,1.7797782546,1.7797782546,0.22261834642,-0.184904905535,-0.00192662564854,0.00334012839675,-0.00192662564854,0.00334012839675,0.00943606363803,4,0
2270,4.54,1,-0.101729646325,0,-3.21806883812,0,0,-3.21806883812,0,-3.21806883812,0,-0.0771513110031,0.048540122808,-0.101729647402,0.0625843221144,0.0245783363987,-0.0140441993064,-4.02963312082,2.5156618163,-3.21806887764,-0.000166780426566,-0.0138723580048,-0.101357314657,0.144226935476,-8.66134372547e-06,0.00216533593137,-0.101524095083,-0.0770680798744,0.0351195565666,0.130354577471,-0.110541337188,0.0471488717169,-0.0090172421052,-0.0832057057539,-4.51607389901,-3.21806887764,-1.49809758139,-0.0771513110031,0.048540122808,0.0245783363987,-0.0140441993064,0.0245783363987,-0.0140441993064,-0.0158737231235,4,0
2270,4.54,2,0.223795637488,0,0.783031582832,0,0,0.783031582832,0,0.783031582832,0,0.221439138641,-0.0606751422514,0.223795634962,-0.0104136119903,-0.00235649632065,-0.0502615302612,0.566010492083,-0.19973964413,0.783031560426,0.000155057926807,0.0128865881535,0.223450658443,-0.0856116670652,1.08266796592e-05,-0.0027066699148,0.22360571637,0.221335099753,-0.0438994344456,-0.0727250789118,0.226025037085,-0.0604840631496,0.00241932071556,0.0122410157622,7.91127444298,0.783031560426,0.351523564678,0.221439138641,-0.0606751422514,-0.00235649632065,-0.0502615302612,-0.00235649632065,-0.0502615302612,0.0147472832752,4,0
2275,4.55,1,-0.10161024332,0,-2.21806883812,0,0,-2.21806883812,0,-2.21806883812,0,-0.07692,0.00999015786695,-0.101610241673,-0.0151151441114,0.0246902416734,0.0251053019783,0.607243649994,2.85057833625,-2.21806887764,-0.000126579359668,-0.0102334885471,-0.101345841799,0.0393660869695,-2.22509627064e-06,0.000556274067661,-0.101472421159,-0.076901712582,0.00747488678345,0.0291325984223,-0.0717706391055,0.0102047145709,0.029701782053,-0.0189278838515,-3.42124176015,-2.21806887764,3.46957442711,-0.07692,0.00999015786695,0.0246902416734,0.0251053019783,0.0246902416734,0.0251053019783,-0.0117524408631,4,0
2275,4.55,2,0.224264994264,0,-0.21696844697,0,0,-0.21696844697,0,-0.21696844697,0,0.22115,-0.0124876860709,0.224264999647,0.0723232054922,-0.00311499964747,-0.0848108915631,-0.840501775711,-0.629021429007,-0.216968439574,0.000101973851519,0.00808460114053,0.224062328112,0.0328887514705,2.78137033799e-06,-0.000695342584495,0.224164301963,0.22112714075,-0.00934359721687,0.040973352611,0.214080522872,-0.0127822476179,-0.0100837790911,-0.0537556002289,3.4490690183,-0.216968439574,-1.47883149208,0.22115,-0.0124876860709,-0.00311499964747,-0.0848108915631,-0.00311499964747,-0.0848108915631,0.00930828735875,4,0
2280,4.56,1,-0.102000236511,0,-2.01806879044,0,0,-2.01806879044,0,-2.01806879044,0,-0.0770083068525,-0.0436308690182,-0.102000235148,-0.053536242946,0.0249919282955,0.00990537392779,-6.97872806592,2.94720178656,-2.01806887764,-5.52147510414e-05,-0.00436943406349,-0.101887433518,-0.0302775982654,-1.38633713084e-05,0.00346584282711,-0.101942648269,-0.0771155945932,-0.0640413988265,-0.0346470323289,-0.135021722907,-0.0460480946871,-0.0330790746375,-0.0114010623582,-3.15135193511,-2.01806887764,-4.02649426829,-0.0770083068525,-0.0436308690182,0.0249919282955,0.00990537392779,0.0249919282955,0.00990537392779,-0.00503201107599,4,0
2280,4.56,2,0.225077435374,0,0.176080435514,0,0,0.176080435514,0,0.176080435514,0,0.221260383678,0.0545385975174,0.225077438356,0.0879353650294,-0.00381705467773,-0.033396767512,1.56992517215,-0.633328554851,0.176080433661,8.74243879701e-06,0.000429324845349,0.225072344937,0.0890780949061,1.73292141281e-05,-0.00433230353202,0.225081087376,0.221394493377,0.0800517597671,0.0895074197515,0.234315975537,0.0550825805115,0.00923488816153,-0.03442483924,4.80980562042,0.176080433661,0.936062383184,0.221260383678,0.0545385975174,-0.00381705467773,-0.033396767512,-0.00381705467773,-0.033396767512,0.000534234110914,4,0
2285,4.57,1,-0.102903194726,0,-3.01806879044,0,0,-3.01806879044,0,-3.01806879044,0,-0.0780069412082,-0.161968899955,-0.10290319741,-0.120513347958,0.024896256202,-0.0414555519967,-9.66341826432,2.62179367804,-3.01806887764,-5.77974777933e-05,-0.0050206057153,-0.10276005483,-0.0858451634554,-1.76404151413e-05,0.00441010378531,-0.102817852308,-0.0783572783266,-0.188398870541,-0.0908657691707,-0.158348327043,-0.165316457698,-0.0555304747349,-0.0744506885273,-4.07650080231,-3.01806887764,-7.03591041083,-0.0780069412082,-0.161968899955,0.024896256202,-0.0414555519967,0.024896256202,-0.0414555519967,-0.00571417544882,4,0
2285,4.57,2,0.226369082928,0,1.17608046532,0,0,1.17608046532,0,1.17608046532,0,0.222508676735,0.202461136103,0.226369086413,0.167612410481,-0.00386040967771,0.0348487256226,2.51693309335,-0.217464107449,1.17608043366,1.4182995325e-05,0.00145946677431,0.226319382368,0.152697163744,2.20505189087e-05,-0.00551262972718,0.226333565363,0.222946598155,0.23549859931,0.154156630519,0.24343321134,0.203332991712,0.0170996459768,0.0491763611932,8.52643449721,1.17608043366,2.29783932318,0.222508676735,0.202461136103,-0.00386040967771,0.0348487256226,-0.00386040967771,0.0348487256226,0.00162966271822,4,0
2290,4.58,1,-0.104726590216,0,-4.01806879044,0,0,-4.01806879044,0,-4.01806879044,0,-0.0802808726083,-0.290683113597,-0.104726589959,-0.228889201187,0.0244457173506,-0.0617939124103,-8.45326437266,2.32936814737,-4.01806887764,-0.000113275300399,-0.00973666272764,-0.104452378055,-0.163985342419,-1.52356505659e-05,0.00380891264147,-0.104565653355,-0.0808855708149,-0.313775841208,-0.173722005147,-0.150510349819,-0.293609341814,-0.0459446964635,-0.119887336667,-4.9613283155,-4.01806887764,-6.11280025896,-0.0802808726083,-0.290683113597,0.0244457173506,-0.0617939124103,0.0244457173506,-0.0617939124103,-0.0110959663324,4,0
2290,4.58,2,0.22893665731,0,2.17608046532,0,0,2.17608046532,0,2.17608046532,0,0.225351091096,0.363353903,0.228936652541,0.326302552212,-0.0035855614451,0.0370513507881,2.26286253042,0.00887569988815,2.17608043366,8.86127769238e-05,0.00777896269368,0.228711582783,0.271021293182,1.90445631832e-05,-0.00476114079579,0.22880019556,0.226106963876,0.392219812478,0.278800255876,0.244102039153,0.364135192503,0.0153018435929,0.0853349366266,11.9813432166,2.17608043366,2.26289591429,0.225351091096,0.363353903,-0.0035855614451,0.0370513507881,-0.0035855614451,0.0370513507881,0.00884231601677,4,0
2295,4.59,1,-0.107794076204,0,-3.81806898117,0,0,-3.81806898117,0,-3.81806898117,0,-0.0837146407356,-0.388028359574,-0.107794076291,-0.355143752635,0.0240794355556,-0.0328846069389,-4.35967686665,2.36126700884,-3.81806887764,-0.000165041638562,-0.0137609181992,-0.107423628865,-0.273544128716,-8.32850037909e-06,0.00208212509477,-0.107588670503,-0.0845040405743,-0.400946294654,-0.287305046915,-0.11985136544,-0.389534056437,-0.0122626949361,-0.102229009522,-4.60145520468,-3.81806887764,-1.98266843995,-0.0837146407356,-0.388028359574,0.0240794355556,-0.0328846069389,0.0240794355556,-0.0328846069389,-0.015741417862,4,0
2295,4.59,2,0.23333221674,0,1.27389287949,0,0,1.27389287949,0,1.27389287949,0,0.229643301364,0.485035460295,0.233332217649,0.504851975519,-0.00368891628468,-0.0198165152239,1.08310333627,-0.197415160804,1.27389285919,0.00015714713237,0.0131032350602,0.232979968035,0.427563726112,1.04106254547e-05,-0.00260265636367,0.233137115168,0.230630051184,0.501182879115,0.440666961173,0.2385288279,0.485405690567,0.00539171273202,0.0447387293947,7.64945111566,1.27389285919,0.870699174816,0.229643301364,0.485035460295,-0.00368891628468,-0.0198165152239,-0.00368891628468,-0.0198165152239,0.0149890006486,4,0
2300,4.6,1,-0.111869685352,0,-2.81806898117,0,0,-2.81806898117,0,-2.81806898117,0,-0.0878383121239,-0.424855158491,-0.111869682202,-0.435789446168,0.0240313700782,0.0109342876765,0.0523123902867,2.69162505309,-2.81806887764,-0.000129770881974,-0.0105130745772,-0.111597201844,-0.379339240091,-2.10378745491e-06,0.000525946863726,-0.111726972726,-0.0886896242398,-0.427233898507,-0.389852314668,-0.0873027193438,-0.424832842125,0.0244242533819,-0.0349805274574,-3.43893046754,-2.81806887764,2.75600776854,-0.0878383121239,-0.424855158491,0.0240313700782,0.0109342876765,0.0240313700782,0.0109342876765,-0.0120703251609,4,0
2300,4.6,2,0.238964691758,0,0.273892849684,0,0,0.273892849684,0,0.273892849684,0,0.234797890707,0.53106895885,0.238964695794,0.589301800545,-0.00416680508705,-0.0582328416943,-0.2520360261,-0.601659909872,0.273892859193,0.000110201135303,0.0087866970525,0.238742420302,0.54530070624,2.62973431281e-06,-0.000657433578203,0.238852621438,0.235862030874,0.534042383863,0.554087403293,0.232617133937,0.530978093985,-0.00623548750091,-0.0231093093077,3.095230083,0.273892859193,-0.863805046648,0.234797890707,0.53106895885,-0.00416680508705,-0.0582328416943,-0.00416680508705,-0.0582328416943,0.0101091106761,4,0
2305,4.61,1,-0.116487339139,0,-2.61806893349,0,0,-2.61806893349,0,-2.61806893349,0,-0.0922638823078,-0.47515395619,-0.116487337351,-0.477974351078,0.0242234550434,0.00282039488793,-7.06495022065,2.80165704765,-2.61806887764,-6.1937299481e-05,-0.00495508784075,-0.11635804568,-0.45078386176,-1.28974895668e-05,0.00322437239169,-0.116419982979,-0.0932328431424,-0.494153534466,-0.455738949601,-0.150989027973,-0.47760083726,-0.034569044994,-0.0218618876586,-3.10002479236,-2.61806887764,-4.25759483757,-0.0922638823078,-0.47515395619,0.0242234550434,0.00282039488793,0.0242234550434,0.00282039488793,-0.00569833543452,4,0
2305,4.61,2,0.244967758656,0,0.738838136196,0,0,0.738838136196,0,0.738838136196,0,0.240329853544,0.593942455824,0.244967761512,0.609302578515,-0.00463790796832,-0.0153601226906,2.01249679259,-0.609783018506,0.738838160768,2.13724950715e-05,0.00151441669765,0.244932520318,0.603407700381,1.6121861917e-05,-0.00403046547926,0.244953892813,0.241541054608,0.617691928608,0.604922117079,0.257056862814,0.594639414544,0.012102970001,-0.0102827025351,4.64039230391,0.738838160768,1.40094288745,0.240329853544,0.593942455824,-0.00463790796832,-0.0153601226906,-0.00463790796832,-0.0153601226906,0.00177088663851,4,0
2310,4.62,1,-0.121659450233,0,-3.61806893349,0,0,-3.61806893349,0,-3.61806893349,0,-0.0975364215399,-0.584431842244,-0.121659453573,-0.549037211368,0.0241230320332,-0.0353946308759,-9.43139105623,2.53558537074,-3.61806887764,-6.78585627522e-05,-0.00586800606298,-0.121493079687,-0.509092509298,-1.60881580282e-05,0.00402203950706,-0.12156093825,-0.0987293967192,-0.608553708161,-0.514960515361,-0.175939544569,-0.587698639037,-0.0543786063191,-0.0727381236766,-3.9545570061,-3.61806887764,-6.88912337667,-0.0975364215399,-0.584431842244,0.0241230320332,-0.0353946308759,0.0241230320332,-0.0353946308759,-0.006682308816,4,0
2310,4.62,2,0.251507669687,0,1.7388381958,0,0,1.7388381958,0,1.7388381958,0,0.246920527688,0.730539813018,0.251507684286,0.69464302979,-0.0045871565979,0.0358967832283,2.85503284327,-0.260568922514,1.73883816077,3.09389842328e-05,0.00286616236844,0.251419593763,0.671067313731,2.01101974746e-05,-0.00502754936866,0.251450532747,0.248411746683,0.760692145324,0.6739334761,0.270644302355,0.731528303629,0.0191937696077,0.0575948275295,8.2445249153,1.73883816077,2.59122649057,0.246920527688,0.730539813018,-0.0045871565979,0.0358967832283,-0.0045871565979,0.0358967832283,0.00323743017924,4,0
2315,4.63,1,-0.127790868282,0,-4.61806869507,0,0,-4.61806869507,0,-4.61806869507,0,-0.103974706963,-0.700836072103,-0.127790868792,-0.661164101787,0.0238161618286,-0.039671970316,-8.1812228034,2.33752479685,-4.61806887764,-0.000124974932639,-0.0107171691204,-0.127489969413,-0.590258165164,-1.35557956861e-05,0.00338894892153,-0.127614944346,-0.105397176628,-0.721401679314,-0.600975334284,-0.171931775401,-0.703667616621,-0.0443168310547,-0.102692282337,-4.76793007472,-4.61806887764,-5.83148113825,-0.103974706963,-0.700836072103,0.0238161618286,-0.039671970316,0.0238161618286,-0.039671970316,-0.0122168683121,4,0
2315,4.63,2,0.259375303984,0,2.42592453957,0,0,2.42592453957,0,2.42592453957,0,0.254968384567,0.876045099874,0.25937529977,0.858174628438,-0.00440691520346,0.017870471436,2.57998961785,-0.143449825299,2.42592460741,0.00010715372836,0.00932934039201,0.259108166796,0.793479261556,1.69447445469e-05,-0.00423618613673,0.259215320525,0.256746471668,0.901752108796,0.802808601948,0.276342729934,0.876935697598,0.0171274094097,0.0741270956496,10.3352544189,2.42592460741,2.42592460741,0.254968384567,0.876045099874,-0.00440691520346,0.017870471436,-0.00440691520346,0.017870471436,0.0106151851323,4,0
2320,4.64,1,-0.135132819414,0,-4.01806879044,0,0,-4.01806879044,0,-4.01806879044,0,-0.111449488382,-0.786613922568,-0.135132819582,-0.777219944796,0.0236833311999,-0.00939397777161,-4.45563425614,2.44614633988,-4.01806887764,-0.00016349111024,-0.013525555666,-0.134771426532,-0.698667332618,-7.18040538754e-06,0.00179510134689,-0.134934917642,-0.113034247231,-0.797764728996,-0.712192888284,-0.148386584871,-0.788152968255,-0.0134516672284,-0.0759600799711,-3.94421363455,-4.01806887764,-1.99400046727,-0.111449488382,-0.786613922568,0.0236833311999,-0.00939397777161,0.0236833311999,-0.00939397777161,-0.0154874489889,4,0
2320,4.64,2,0.268947303295,0,1.43483126163,0,0,1.43483126163,0,1.43483126163,0,0.264311861435,0.983267412547,0.268947312902,1.01080083259,-0.00463545146631,-0.027533420039,1.50688072075,-0.363762197481,1.43483121574,0.000157681195694,0.0130052996852,0.268601311613,0.936283399402,8.97550669554e-06,-0.00224387667389,0.268758992809,0.266292810016,0.997205920522,0.949288699087,0.276723507162,0.983784564452,0.00796451435338,0.0344958653655,5.61429721363,1.43483121574,1.12822104923,0.264311861435,0.983267412547,-0.00463545146631,-0.027533420039,-0.00463545146631,-0.027533420039,0.0148974740336,4,0
2325,4.65,1,-0.14334705472,0,-3.01806879044,0,0,-3.01806879044,0,-3.01806879044,0,-0.119524488475,-0.818112691796,-0.143347054476,-0.844326267069,0.0238225660018,0.0262135752723,-0.700700594142,2.77210338723,-3.01806887764,-0.000117423887278,-0.00947235149078,-0.143103164567,-0.794354618237,-1.77654526465e-06,0.000444136316164,-0.143220588454,-0.121162067763,-0.820122053098,-0.803826969728,-0.125263018715,-0.818351797223,0.0179575697392,-0.0145248274951,-2.72664709527,-3.01806887764,2.08228423122,-0.119524488475,-0.818112691796,0.0238225660018,0.0262135752723,0.0238225660018,0.0262135752723,-0.0108814381381,4,0
2325,4.65,2,0.279468387365,0,0.43483120203,0,0,0.43483120203,0,0.43483120203,0,0.274405611644,1.0226408739,0.279468376945,1.06708614153,-0.00506276530135,-0.0444452676236,0.374185373009,-0.672991061521,0.434831215743,9.64217477033e-05,0.00762347454123,0.279278135922,1.03036090704,2.22068157008e-06,-0.000555170392525,0.27937455767,0.276452585773,1.02515257552,1.03798438158,0.27744537459,1.02276753069,-0.00192918307975,-0.0152168508911,1.06887176,0.434831215743,-0.307586224026,0.274405611644,1.0226408739,-0.00506276530135,-0.0444452676236,-0.00506276530135,-0.0444452676236,0.00878053551367,4,0
2330,4.66,1,-0.151981055737,0,-2.81806898117,0,0,-2.81806898117,0,-2.81806898117,0,-0.127854116346,-0.860165663538,-0.151981053352,-0.875666267976,0.0241269370065,0.015500604438,-6.65287461288,2.87392264129,-2.81806887764,-5.09253289304e-05,-0.00407587803702,-0.151874601785,-0.853160455316,-1.06691116842e-05,0.00266727792105,-0.151925527114,-0.129589901636,-0.875894479182,-0.857236333353,-0.183159663362,-0.862470061331,-0.0312341362477,-0.00523372797767,-2.33637378082,-2.81806887764,-3.77426498961,-0.127854116346,-0.860165663538,0.0241269370065,0.015500604438,0.0241269370065,0.015500604438,-0.00468698198419,4,0
2330,4.66,2,0.290113896132,0,1.03483116627,0,0,1.03483116627,0,1.03483116627,0,0.284817646573,1.07520708831,0.290113888438,1.06654657771,-0.00529624186488,0.00866051060032,2.27157616082,-0.58998167499,1.03483121574,9.44620290813e-06,0.000570708300849,0.290102980782,1.06555798513,1.33363895339e-05,-0.00333409738348,0.290112426985,0.286987378204,1.09486810776,1.06612869343,0.303708949989,1.07599422596,0.013596523004,0.00986553252201,3.15908622744,1.03483121574,1.68091042309,0.284817646573,1.07520708831,-0.00529624186488,0.00866051060032,-0.00529624186488,0.00866051060032,0.000684062735747,4,0
2335,4.67,1,-0.161074340343,0,-3.81806898117,0,0,-3.81806898117,0,-3.81806898117,0,-0.136884447578,-0.949686523839,-0.161074342395,-0.937486359951,0.0241898948167,-0.0122001638883,-8.46973475444,2.67082405559,-3.81806887764,-6.18667754556e-05,-0.00538393016027,-0.160920445972,-0.900118640727,-1.29610799146e-05,0.00324026997865,-0.160982312747,-0.138803284096,-0.969139068784,-0.905502570887,-0.207292281946,-0.952620183604,-0.0463099691984,-0.0471176127173,-3.1395314485,-3.81806887764,-5.79278436739,-0.136884447578,-0.949686523839,0.0241898948167,-0.0122001638883,0.0241898948167,-0.0122001638883,-0.00612633146573,4,0
2335,4.67,2,0.301129996777,0,2.03483128548,0,0,2.03483128548,0,2.03483128548,0,0.2961055607,1.18710816306,0.301129983278,1.1359308741,-0.0050244225781,0.0511772889639,2.92762737765,-0.247075243507,2.03483121574,2.52049877011e-05,0.00240530641799,0.301053674905,1.11475824472,1.62013497957e-05,-0.00405033744892,0.301078879893,0.298504106363,1.2114238441,1.11716355114,0.320437647588,1.18812200002,0.0193587676956,0.0709584488799,6.75228374551,2.03483121574,2.67784436788,0.2961055607,1.18710816306,-0.0050244225781,0.0511772889639,-0.0050244225781,0.0511772889639,0.00270776627041,4,0
2340,4.68,1,-0.171034604311,0,-4.71391868591,0,0,-4.71391868591,0,-4.71391868591,0,-0.146856862789,-1.04238631286,-0.171034602486,-1.03975006777,0.0241777396968,-0.00263624508794,-7.30221838002,2.57636471565,-4.71391873761,-0.000121905743375,-0.0104720578332,-0.170741787057,-0.971023277873,-1.05490050758e-05,0.00263725126896,-0.170863692801,-0.148957862671,-1.05841169475,-0.981495335706,-0.207503934844,-1.04491327419,-0.0366402420431,-0.0634179384885,-3.79836848228,-4.71391873761,-4.71391873761,-0.146856862789,-1.04238631286,0.0241777396968,-0.00263624508794,0.0241777396968,-0.00263624508794,-0.0119349267537,4,0
2340,4.68,2,0.313311576843,0,2.47463870049,0,0,2.47463870049,0,2.47463870049,0,0.308571079792,1.30298289861,0.313311564907,1.28099715558,-0.00474048511445,0.0219857430226,2.65901861595,-0.174011308935,2.47463861821,0.000104465694185,0.00911510047567,0.313052309266,1.21861337588,1.31862562535e-05,-0.00329656406336,0.31315677496,0.311197329659,1.32301462583,1.22772847636,0.330604909342,1.30390097484,0.0174481343817,0.0761724984821,7.84732146811,2.47463861821,2.47463861821,0.308571079792,1.30298289861,-0.00474048511445,0.0219857430226,-0.00474048511445,0.0219857430226,0.0103686888059,4,0
2345,4.69,1,-0.182029053569,0,-3.71391868591,0,0,-3.71391868591,0,-3.71391868591,0,-0.157640973813,-1.10820023416,-0.182029059189,-1.13255723773,0.0243880853751,0.0243570035656,-4.3095546558,2.7411516681,-3.71391873761,-0.000147567193063,-0.0121464374171,-0.181706549324,-1.06316870549,-5.32944228779e-06,0.00133236057195,-0.181854116517,-0.159865964437,-1.11649239331,-1.0753151429,-0.193375912423,-1.10968918994,-0.0115217959066,-0.0343740470331,-2.53559534796,-3.71391873761,-1.55448574396,-0.157640973813,-1.10820023416,0.0243880853751,0.0243570035656,0.0243880853751,0.0243570035656,-0.0139172437339,4,0
2345,4.69,2,0.326890438795,0,1.51558208466,0,0,1.51558208466,0,1.51558208466,0,0.322051218645,1.38525029963,0.326890428615,1.39638861711,-0.00483920996934,-0.0111383174779,1.79808615206,-0.360526235377,1.51558204394,0.000137099522744,0.0112192434479,0.326594896642,1.3337976428,6.66180280506e-06,-0.00166545070126,0.326731996164,0.324832456938,1.39561549849,1.34501688625,0.336902283167,1.38586909399,0.0101702870022,0.0408522077397,3.29543132269,1.51558204394,1.42469547896,0.322051218645,1.38525029963,-0.00483920996934,-0.0111383174779,-0.00483920996934,-0.0111383174779,0.0128644377208,4,0
2350,4.7,1,-0.193654984236,0,-2.71391868591,0,0,-2.71391868591,0,-2.71391868591,0,-0.16887686534,-1.1312876547,-0.19365497971,-1.17627724129,0.0247781143699,0.0449895865844,-1.57940311558,3.02691284222,-2.71391873761,-9.65531896062e-05,-0.00773497601007,-0.193457948097,-1.13667198442,-1.27540244624e-06,0.000318850611559,-0.193554501287,-0.17114041413,-1.132730947,-1.14440696043,-0.181941762405,-1.13183202541,0.0116127388819,0.0125749350188,-1.28616591328,-2.71391873761,1.45640334092,-0.16887686534,-1.1312876547,0.0247781143699,0.0449895865844,0.0247781143699,0.0449895865844,-0.00889361428534,4,0
2350,4.7,2,0.341055035591,0,0.515582025051,0,0,0.515582025051,0,0.515582025051,0,0.336096083121,1.41410957506,0.341055050056,1.41774577313,-0.0049589669346,-0.00363619806689,0.979173258349,-0.516910153671,0.515582043937,6.91443133393e-05,0.00535307489257,0.340926033597,1.39456025596,1.59425304319e-06,-0.0003985632608,0.340995177911,0.338925519123,1.41591369042,1.39991333085,0.344190284453,1.41444683345,0.00319510654174,0.0145335026032,-1.18385559686,0.515582043937,0.456080298025,0.336096083121,1.41410957506,-0.0049589669346,-0.00363619806689,-0.0049589669346,-0.00363619806689,0.00618280665264,4,0
2355,4.71,1,-0.205506563187,0,-2.3073348999,0,0,-2.3073348999,0,-2.3073348999,0,-0.180295188886,-1.16097836261,-0.2055065562,-1.19110966247,0.0252113673134,0.0301312998614,-5.78393436071,3.09588432389,-2.30733494972,-4.01947420418e-05,-0.0032550044261,-0.205421357395,-1.17290750495,-7.39636681393e-06,0.00184909170348,-0.205461552137,-0.182627887875,-1.17189676956,-1.17616250938,-0.228380016777,-1.16298189711,-0.0229184646403,0.0131806122689,-0.661055590692,-2.30733494972,-2.68431269549,-0.180295188886,-1.16097836261,0.0252113673134,0.0301312998614,0.0252113673134,0.0301312998614,-0.0037373413306,4,0
2355,4.71,2,0.355117917061,0,1.51558208466,0,0,1.51558208466,0,1.51558208466,0,0.350368987619,1.45122295959,0.355117918828,1.40544008046,-0.00474893120892,0.0457828791363,2.32412489018,-0.363584412275,1.51558204394,-4.56085820339e-06,-0.000502858353473,0.355134962465,1.4101687647,9.24545842312e-06,-0.00231136460578,0.355130401607,0.353284861368,1.46487096814,1.40966590634,0.369707767339,1.45202874208,0.0145773657323,0.0423628357369,2.5144600522,1.51558204394,1.96109806656,0.350368987619,1.45122295959,-0.00474893120892,0.0457828791363,-0.00474893120892,0.0457828791363,-0.000557588651913,4,0
2360,4.72,1,-0.217642247677,0,-3.3073348999,0,0,-3.3073348999,0,-3.3073348999,0,-0.19219936038,-1.22197927162,-0.217642254185,-1.23430308871,0.0254428938052,0.0123238170848,-6.87334239392,2.95589445023,-3.30733494972,-5.57682371334e-05,-0.00488697905997,-0.217501364246,-1.19968465214,-8.56528099377e-06,0.00214132024844,-0.217557132483,-0.194656229148,-1.23485834497,-1.2045716312,-0.249331723882,-1.22435978677,-0.0317745913992,-0.0197881555752,-1.43581702883,-3.30733494972,-3.91189174578,-0.19219936038,-1.22197927162,0.0254428938052,0.0123238170848,0.0254428938052,0.0123238170848,-0.00555619790557,4,0
2360,4.72,2,0.369465559721,0,2.51558208466,0,0,2.51558208466,0,2.51558208466,0,0.365249202046,1.52747409504,0.369465561889,1.46527082513,-0.00421635984336,0.0622032699137,2.72985323248,-0.113781893749,2.51558204394,1.62261770095e-05,0.00166655410047,0.369408865908,1.44834255876,1.07066011173e-05,-0.00267665027934,0.369425092085,0.368320288017,1.54357293653,1.45000911286,0.38794306934,1.52841967284,0.0185179772547,0.0784105599881,6.08712422517,2.51558204394,2.61421007051,0.365249202046,1.52747409504,-0.00421635984336,0.0622032699137,-0.00421635984336,0.0622032699137,0.00186126822458,4,0
2365,4.73,1,-0.23042088747,0,-3.13345456123,0,0,-3.13345456123,0,-3.13345456123,0,-0.204729735896,-1.28190051858,-0.230420881037,-1.30619132167,0.0256911451415,0.0242908030916,-5.90259889397,2.94616597176,-3.13345455931,-0.000110047297852,-0.00930514962561,-0.230166480067,-1.24870556804,-6.50960434948e-06,0.00162740108737,-0.230276527365,-0.207303605487,-1.29181699911,-1.25801071767,-0.253744417436,-1.28394279698,-0.0234678900706,-0.0259320793072,-1.00794049701,-3.13345455931,-2.945807205,-0.204729735896,-1.28190051858,0.0256911451415,0.0242908030916,0.0256911451415,0.0242908030916,-0.0106257171998,4,0
2365,4.73,2,0.384790718555,0,2.36440896988,0,0,2.36440896988,0,2.36440896988,0,0.380912171491,1.60237565281,0.384790728544,1.57533757292,-0.00387855705308,0.027038079885,2.49427527683,-0.121430898259,2.36440905001,8.6713123656e-05,0.00739477107963,0.384587238114,1.52898434746,8.13700532382e-06,-0.00203425133095,0.384673951238,0.38412950849,1.6147712533,1.53637911854,0.401591602603,1.60323729577,0.0169176513655,0.0668581772287,4.85581889443,2.36440905001,2.36440905001,0.380912171491,1.60237565281,-0.00387855705308,0.027038079885,-0.00387855705308,0.027038079885,0.0084353285635,4,0
2370,4.74,1,-0.243759199977,0,-2.13345456123,0,0,-2.13345456123,0,-2.13345456123,0,-0.217767552602,-1.32130818555,-0.243759193816,-1.34681524461,0.0259916412139,0.0255070590595,-3.93548913493,3.04306415228,-2.13345455931,-0.000102756365006,-0.00838340281278,-0.243539611382,-1.30054204971,-2.9567962446e-06,0.000739199061146,-0.243642367747,-0.220414977414,-1.32593000311,-1.30892545252,-0.250426458577,-1.3226689733,-0.00678409082983,-0.0137435207748,0.249465557904,-2.13345455931,-0.882808503454,-0.217767552602,-1.32130818555,0.0259916412139,0.0255070590595,0.0259916412139,0.0255070590595,-0.00961647919285,4,0
2370,4.74,2,0.400943875313,0,1.70294797421,0,0,1.70294797421,0,1.70294797421,0,0.397209442416,1.65163523578,0.400943861717,1.63268382083,-0.00373441930113,0.0189514149564,1.93000453571,-0.220119781758,1.70294795537,7.53000076712e-05,0.00603319849044,0.400790056179,1.60188406315,3.69599524047e-06,-0.000923998810119,0.400865356187,0.400518723438,1.65741250763,1.60791726164,0.41320723295,1.65230181039,0.0123418767634,0.0443845487522,1.62606044357,1.70294795537,1.70294795537,0.397209442416,1.65163523578,-0.00373441930113,0.0189514149564,-0.00373441930113,0.0189514149564,0.00693679858249,4,0
2375,4.75,1,-0.25726428628,0,-1.13345456123,0,0,-1.13345456123,0,-1.13345456123,0,-0.231064488215,-1.33372429982,-0.257264286381,-1.3480723826,0.0261997981663,0.0143480827794,-2.49691045805,3.1276440316,-1.13345455931,-5.47962492175e-05,-0.00432063274503,-0.257156810799,-1.32740162139,-6.49414350129e-07,0.00016235358753,-0.257211607048,-0.233732434581,-1.33446024362,-1.33172225413,-0.251794600689,-1.33458805451,0.0054170063596,-0.00286580037292,1.48192351086,-1.13345455931,0.635711761287,-0.231064488215,-1.33372429982,0.0261997981663,0.0143480827794,0.0261997981663,0.0143480827794,-0.00497818773564,4,0
2375,4.75,2,0.417264163494,0,1.29093790054,0,0,1.29093790054,0,1.29093790054,0,0.413830611969,1.66715537833,0.417264171239,1.62370410178,-0.00343355927032,0.0434512765568,1.50515805491,-0.213423007999,1.29093788689,1.17347006855e-05,0.00065634362044,0.417258461759,1.62663360852,8.11767920605e-07,-0.000202941980149,0.41727019646,0.417165544933,1.66807530806,1.62728995214,0.426345225999,1.66767682058,0.00907502953908,0.0403868684393,-0.402228675473,1.29093788689,1.29093788689,0.413830611969,1.66715537833,-0.00343355927032,0.0434512765568,-0.00343355927032,0.0434512765568,0.000797160028665,4,0
2380,4.76,1,-0.27065217495,0,-1.28937375546,0,0,-1.28937375546,0,-1.28937375546,0,-0.244453802371,-1.34814641054,-0.270652181968,-1.33487323444,0.026198379597,-0.0132731761071,-4.54164261264,3.02866512631,-1.28937376643,-1.90589369868e-05,-0.00160295775669,-0.270607341294,-1.3241341294,-3.39961402637e-06,0.000849903506591,-0.270626400231,-0.247155074228,-1.35318563905,-1.32573708716,-0.282219993963,-1.34972000186,-0.0115935937318,-0.0239829147026,1.53299674724,-1.28937376643,-1.51114582133,-0.244453802371,-1.34814641054,0.026198379597,-0.0132731761071,0.026198379597,-0.0132731761071,-0.00183166500053,4,0
2380,4.76,2,0.433396726847,0,2.11551618576,0,0,2.11551618576,0,2.11551618576,0,0.430567254698,1.68518301632,0.433396741248,1.61409168877,-0.00282948655021,0.0710913275468,2.16606053136,-0.0538556229396,2.11551616484,-3.49412138001e-05,-0.00289196185405,0.433472740444,1.62995303398,4.24951742495e-06,-0.00106237935624,0.433437799231,0.433943844525,1.69148205179,1.62706107212,0.448614021737,1.68593496495,0.015176222506,0.058873892823,2.59540554706,2.11551616484,2.11551616484,0.430567254698,1.68518301632,-0.00282948655021,0.0710913275468,-0.00282948655021,0.0710913275468,-0.00331125641965,4,0
2385,4.77,1,-0.284076392651,0,-1.91541624069,0,0,-1.91541624069,0,-1.91541624069,0,-0.258066550879,-1.37465617427,-0.284076395217,-1.35091749824,0.0260098443377,-0.023738676033,-4.79622792061,2.87625639429,-1.91541620393,-4.57857583499e-05,-0.00400589329019,-0.283962192817,-1.32330729513,-3.33105269146e-06,0.00083276317286,-0.284007978576,-0.260820956465,-1.37970108258,-1.32731318842,-0.297927952043,-1.37631706599,-0.0139199734673,-0.0490038775715,1.12305476689,-1.91541620393,-1.91541620393,-0.258066550879,-1.37465617427,0.0260098443377,-0.023738676033,0.0260098443377,-0.023738676033,-0.00455532239039,4,0
2385,4.77,2,0.449765980244,0,2.35946154594,0,0,2.35946154594,0,2.35946154594,0,0.44758319036,1.71832022006,0.449765975585,1.65658110184,-0.00218278522444,0.0617391182198,2.28169092614,0.0780271334217,2.35946163176,9.22985276916e-08,0.000255320219396,0.449751264096,1.65042348832,4.16381572438e-06,-0.0010409539311,0.449751356395,0.451026197347,1.72462635523,1.65067880854,0.466562194852,1.71911101191,0.0168108384574,0.068432203375,3.17368143762,2.35946163176,2.35946163176,0.44758319036,1.71832022006,-0.00218278522444,0.0617391182198,-0.00218278522444,0.0617391182198,0.000256427801728,4,0
2390,4.78,1,-0.297702044249,0,-1.30833733082,0,0,-1.30833733082,0,-1.30833733082,0,-0.27192832624,-1.39593337002,-0.297702036432,-1.36784734402,0.0257737101922,-0.028086025994,-4.11640955406,2.80154135019,-1.30833728525,-6.857341427e-05,-0.00570803765617,-0.297548379223,-1.33400656886,-1.83299819428e-06,0.00045824954857,-0.297616952637,-0.274723117253,-1.39877025498,-1.33971460652,-0.306117957869,-1.397357938,-0.00850100523205,-0.0576433314802,1.95404342725,-1.30833728525,-1.30833728525,-0.27192832624,-1.39593337002,0.0257737101922,-0.028086025994,0.0257737101922,-0.028086025994,-0.00653091862741,4,0
2390,4.78,2,0.466609537601,0,2.18372893333,0,0,2.18372893333,0,2.18372893333,0,0.464910409578,1.74491671371,0.466609536355,1.69947466567,-0.00169912677664,0.0454420480365,2.10202891158,0.0844532836842,2.18372887642,2.90254825929e-05,0.00240501305454,0.466545387548,1.68568496105,2.29124761925e-06,-0.000572811904809,0.466574413031,0.468403898346,1.74846281973,1.6880899741,0.482374054024,1.74564436556,0.0157996409928,0.0575543914572,2.00955743637,2.18372887642,2.18372887642,0.464910409578,1.74491671371,-0.00169912677664,0.0454420480365,-0.00169912677664,0.0454420480365,0.00275331884565,4,0
2395,4.79,1,-0.311363399029,0,-0.634290635586,0,0,-0.634290635586,0,-0.634290635586,0,-0.285943616289,-1.40507728564,-0.311363389964,-1.36195379191,0.025419773675,-0.0431234937225,-3.3664228183,2.72700000398,-0.634290664493,-5.49922580561e-05,-0.00447224273432,-0.311246551858,-1.33741477586,-2.94718383698e-07,7.36795959297e-05,-0.311301544116,-0.288754326903,-1.4055763459,-1.34188701859,-0.313905826356,-1.40624237772,-0.00260428224019,-0.064355359134,2.84231720016,-0.634290664493,-0.634290664493,-0.285943616289,-1.40507728564,0.025419773675,-0.0431234937225,0.025419773675,-0.0431234937225,-0.00513214983099,4,0
2395,4.79,2,0.483698785305,0,1.96595168114,0,0,1.96595168114,0,1.96595168114,0,0.482429522147,1.75634660744,0.483698786372,1.7110922798,-0.00126926422516,0.0452543276362,1.88937382851,0.0774265390277,1.96595169466,1.04309213867e-05,0.000723501819951,0.483684406238,1.70977023753,3.68397910233e-07,-9.20994775582e-05,0.483694837159,0.485942910416,1.75697043266,1.71049373935,0.498139956717,1.75700120888,0.0144451195585,0.0465074695287,0.731825909629,1.96595169466,1.96595169466,0.482429522147,1.75634660744,-0.00126926422516,0.0452543276362,-0.00126926422516,0.0452543276362,0.000848672876592,4,0
2400,4.8,1,-0.324873954058,0,-0.75623446703,0,0,-0.75623446703,0,-0.75623446703,0,-0.299999999285,-1.40560671787,-0.324873967319,-1.34411296169,0.0248739680344,-0.0614937561785,-3.35916185998,2.59954636469,-0.75623447767,-3.57965059694e-05,-0.00295145954667,-0.324794770118,-1.32663091512,4.01429464669e-08,-1.00357366186e-05,-0.324830566624,-0.302811186047,-1.40556327386,-1.32958237467,-0.32791637371,-1.40676990014,-0.00308580708611,-0.0771875254675,2.92138106734,-0.75623447767,-0.75623447767,-0.299999999285,-1.40560671787,0.0248739680344,-0.0614937561785,0.0248739680344,-0.0614937561785,-0.0033810176183,4,0
2400,4.8,2,0.500780880451,0,2.02393174171,0,0,2.02393174171,0,2.02393174171,0,0.500000000894,1.75700839742,0.500780900871,1.70676366044,-0.000780899977124,0.0502447369788,1.8998173544,0.122689859833,2.02393166884,-1.45358585755e-05,-0.00125002429808,0.500815201976,1.71450448439,-5.01787009721e-08,1.25446752304e-05,0.500800666117,0.503513984347,1.75695409238,1.71325446009,0.515816223915,1.75766740671,0.0150155577977,0.0444129466213,0.635349626339,2.02393166884,2.02393166884,0.500000000894,1.75700839742,-0.000780899977124,0.0502447369788,-0.000780899977124,0.0502447369788,-0.00142445460098,4,0
2405,4.81,1,-0.338240385056,0,-0.584896624088,0,0,-0.584896624088,0,-0.584896624088,0,-0.314049664693,-1.40334849472,-0.338240373491,-1.33124903255,0.0241907087974,-0.07209946217,-3.04279626974,2.45417638141,-0.584896626543,-3.88690734168e-05,-0.00325683291026,-0.338152131551,-1.31153487573,9.29916668613e-07,-0.000232479167153,-0.338191000625,-0.316855090108,-1.40201526999,-1.31479170864,-0.339331381224,-1.40440189958,-0.00114038059904,-0.0896101909315,3.28669746895,-0.584896626543,-0.584896626543,-0.314049664693,-1.40334849472,0.0241907087974,-0.07209946217,0.0241907087974,-0.07209946217,-0.00372326179126,4,0
2405,4.81,2,0.517866909504,0,1.97997140884,0,0,1.97997140884,0,1.97997140884,0,0.517562082653,1.75418561805,0.51786692028,1.70929474663,-0.000304837626764,0.0448908714256,1.81154954882,0.167490030832,1.97997142331,-1.00310940032e-05,-0.000811470526822,0.51788837472,1.71390881905,-1.16239594683e-06,0.000290598986714,0.517878343626,0.521068864421,1.75251908697,1.71309734853,0.532639917461,1.75481386117,0.0147615738342,0.0417165126402,0.14371784282,1.97997142331,1.97997142331,0.517562082653,1.75418561805,-0.000304837626764,0.0448908714256,-0.000304837626764,0.0448908714256,-0.000931843654861,4,0
2410,4.82,1,-0.351427912712,0,-0.119926840067,0,0,-0.119926840067,0,-0.119926840067,0,-0.328038479546,-1.39277215279,-0.351427912675,-1.30855478348,0.0233894331294,-0.0842173693166,-2.43645486223,2.31318130286,-0.119926840574,-3.56222919938e-05,-0.00291925129414,-0.351350936578,-1.2921352583,2.22924225712e-06,-0.000557310564276,-0.35138655887,-0.33082080154,-1.38948906528,-1.2950545096,-0.348279240531,-1.39361551783,0.00310731833849,-0.0985610082385,3.93620406241,-0.119926840574,-0.119926840574,-0.328038479546,-1.39277215279,0.0233894331294,-0.0842173693166,0.0233894331294,-0.0842173693166,-0.00334671879807,4,0
2410,4.82,2,0.534910678864,0,1.81511557102,0,0,1.81511557102,0,1.81511557102,0,0.535048101211,1.74096518969,0.534910685851,1.69856719968,0.000137415360484,0.0423979900094,1.62526974053,0.188455365568,1.81511558323,-1.39345060547e-05,-0.00122326306643,0.534946023862,1.70728166416,-2.78655296282e-06,0.000696638240701,0.534932089356,0.538526003701,1.7368613301,1.70605840109,0.548580109954,1.74152902339,0.0136480205979,0.0354706222978,-0.802986245014,1.81511558323,1.81511558323,0.535048101211,1.74096518969,0.000137415360484,0.0423979900094,0.000137415360484,0.0423979900094,-0.00139047713908,4,0
2415,4.83,1,-0.364315211773,0,0.0400836355984,0,0,0.0400836355984,0,0.0400836355984,0,-0.341874767599,-1.37332253716,-0.364315208604,-1.27473767018,0.0224404410052,-0.0985848669798,-2.11293892452,2.15076141558,0.0400836362519,-2.41483203068e-05,-0.00197136534893,-0.364263208061,-1.26360132415,3.02303459532e-06,-0.00075575864883,-0.364287356381,-0.344616906416,-1.36880213249,-1.2655726895,-0.35943326559,-1.37405414124,0.00485409079119,-0.108481451738,4.26752011808,0.0400836362519,0.0400836362519,-0.341874767599,-1.37332253716,0.0224404410052,-0.0985848669798,0.0224404410052,-0.0985848669798,-0.00226114519261,4,0
2415,4.83,2,0.551748156548,0,1.74352633953,0,0,1.74352633953,0,1.74352633953,0,0.552343461259,1.71665316912,0.551748132357,1.67281090738,0.000595328901972,0.0438422617328,1.51856407668,0.222229595729,1.74352638769,-2.81529459194e-05,-0.00239487992708,0.551814215616,1.68797969604,-3.77879336633e-06,0.000944698341594,0.55178606267,0.555771134776,1.7110026631,1.68558481611,0.564998963168,1.7171804817,0.013212900498,0.0315956655857,-1.31908524735,1.74352638769,1.74352638769,0.552343461259,1.71665316912,0.000595328901972,0.0438422617328,0.000595328901972,0.0438422617328,-0.00273271527811,4,0
2420,4.84,1,-0.376878201962,0,-0.637159645557,0,0,-0.637159645557,0,-0.637159645557,0,-0.355495616751,-1.35130763126,-0.376878208645,-1.24654617553,0.0213825918946,-0.10476145573,-2.65237950248,1.97366303111,-0.637159637306,-2.49579427747e-05,-0.00215491427981,-0.376816580114,-1.23158321186,2.39620856601e-06,-0.000599052141507,-0.376841538057,-0.358194481229,-1.34763508274,-1.23373812614,-0.377540054265,-1.35222614949,-0.000698516208433,-0.118488023351,3.75759127123,-0.637159637306,-0.676262061767,-0.355495616751,-1.35130763126,0.0213825918946,-0.10476145573,0.0213825918946,-0.10476145573,-0.0024544095931,4,0
2420,4.84,2,0.568343758583,0,1.93828129768,0,0,1.93828129768,0,1.93828129768,0,0.569369522671,1.68913453597,0.568343777692,1.65391608341,0.0010257449792,0.0352184525524,1.67776766925,0.258133110095,1.93828130461,-2.60420156057e-05,-0.00206802107227,0.568394975301,1.66359008029,-2.9952607743e-06,0.000748815193573,0.568368933285,0.572743103263,1.68454385021,1.66152205922,0.583346492054,1.68971690969,0.0149775587686,0.0281948504745,-0.750647469545,1.93828130461,1.93828130461,0.569369522671,1.68913453597,0.0010257449792,0.0352184525524,0.0010257449792,0.0352184525524,-0.00238052525953,4,0
2425,4.85,1,-0.389319628477,0,-1.63715958595,0,0,-1.63715958595,0,-1.63715958595,0,-0.368935510425,-1.33989855694,-0.389319628755,-1.24713198085,0.0203841183295,-0.0927665760906,-4.07610654202,1.82433522159,-1.63715963731,-5.6709293723e-05,-0.00494062815958,-0.389177854886,-1.21264768298,7.25770772592e-07,-0.000181442693147,-0.38923456418,-0.371614759037,-1.33907997771,-1.21758831114,-0.402797434049,-1.34130947042,-0.0135628698696,-0.12372115928,2.93914474387,-1.63715963731,-2.24615018075,-0.368935510425,-1.33989855694,0.0203841183295,-0.0927665760906,0.0203841183295,-0.0927665760906,-0.00562113968426,4,0
2425,4.85,2,0.584964156151,0,2.34269380569,0,0,2.34269380569,0,2.34269380569,0,0.586169389731,1.67487319277,0.584964156572,1.67440534228,0.00120523315944,0.000467850483922,2.12190122489,0.222573898215,2.34269375189,1.57687048437e-05,0.00159214676026,0.584910350434,1.65860476059,-9.07213482559e-07,0.000226803370649,0.584926119139,0.589518450489,1.67384996872,1.66019690735,0.603806435308,1.67560806966,0.0188803161693,0.0154111623134,0.56601031738,2.34269375189,2.34269375189,0.586169389731,1.67487319277,0.00120523315944,0.000467850483922,0.00120523315944,0.000467850483922,0.00178137121838,4,0
2430,4.86,1,-0.401852995157,0,-0.846891403198,0,0,-0.846891403198,0,-0.846891403198,0,-0.382270247945,-1.32118105053,-0.401852999617,-1.25228327298,0.0195827516716,-0.0688977775545,-1.42863468244,1.82588696892,-0.846891381317,-8.63783037213e-05,-0.00711431382044,-0.401663999524,-1.21172101331,5.16842064091e-06,-0.00129210516023,-0.401750377828,-0.384905212332,-1.31360587789,-1.21883532713,-0.394087097822,-1.32167341928,0.00766328000573,-0.102838092149,3.92060181415,-0.846891381317,0.405403139942,-0.382270247945,-1.32118105053,0.0195827516716,-0.0688977775545,0.0195827516716,-0.0688977775545,-0.0081508534651,4,0
2430,4.86,2,0.60185033083,0,1.34269380569,0,0,1.34269380569,0,1.34269380569,0,0.602837811596,1.65147630936,0.601850330193,1.6873419892,0.000987481402744,-0.0358656798458,1.2925329531,0.0431541422424,1.34269375189,5.40902979055e-05,0.00440117241256,0.601735358731,1.66360501009,-6.46052590447e-06,0.00161513147613,0.601789449029,0.606131517072,1.6420073434,1.66800618251,0.613548239579,1.65192257719,0.0117587905496,-0.0160836053183,-3.7732007895,1.34269375189,1.33063683936,0.602837811596,1.65147630936,0.000987481402744,-0.0358656798458,0.000987481402744,-0.0358656798458,0.00505025598743,4,0
2435,4.87,1,-0.414197415113,0,0.153108611703,0,0,0.153108611703,0,0.153108611703,0,-0.395265806479,-1.27455388898,-0.414197417431,-1.21788036713,0.0189316109522,-0.0566735218505,-0.0198868718246,1.90437651993,0.153108618683,-5.10295033907e-05,-0.00403588342286,-0.414096374736,-1.1982349633,7.57132344154e-06,-0.00189283086038,-0.414147404239,-0.397803691819,-1.26326417714,-1.20227084672,-0.395392575014,-1.274559171,0.0187548292247,-0.0722883242797,5.09061917127,0.153108618683,1.88913788557,-0.395265806479,-1.27455388898,0.0189316109522,-0.0566735218505,0.0189316109522,-0.0566735218505,-0.00464823746355,4,0
2435,4.87,2,0.618404865265,0,0.721155583858,0,0,0.721155583858,0,0.721155583858,0,0.619082259721,1.59319235654,0.618404882203,1.62655977092,0.000677377518117,-0.0333674143791,0.822037704219,-0.10019997024,0.721155568747,9.96286225365e-06,0.000562610885207,0.618399467709,1.62881763931,-9.46415443082e-06,0.00236603860771,0.618409430571,0.622254616386,1.57908021655,1.6293802502,0.62591502677,1.59347705517,0.00750559619905,-0.0359031950278,-6.40866571395,0.721155568747,0.721155568747,0.619082259721,1.59319235654,0.000677377518117,-0.0333674143791,0.000677377518117,-0.0333674143791,0.00068216523225,4,0
2440,4.88,1,-0.426016449928,0,1.1531085968,0,0,1.1531085968,0,1.1531085968,0,-0.407722214947,-1.21628132586,-0.42601644635,-1.15497541955,0.0182942314031,-0.061305906307,-0.0837281563435,1.89345425033,1.15310861868,-7.54447949685e-06,-0.000469021428795,-0.426009606598,-1.15542468737,7.58315169619e-06,-0.00189578792404,-0.426017151077,-0.410143281915,-1.20484612027,-1.15589370879,-0.408414085459,-1.2163101538,0.0176030656181,-0.060416445002,6.22228869865,1.15310861868,1.81028564916,-0.407722214947,-1.21628132586,0.0182942314031,-0.061305906307,0.0182942314031,-0.061305906307,-0.000559555182757,4,0
2440,4.88,2,0.634099423885,0,0.701909959316,0,0,0.701909959316,0,0.701909959316,0,0.634652770254,1.52035165171,0.634099404227,1.52927603679,0.000553366026973,-0.00892438508629,0.798255275392,-0.10065944231,0.701909985323,-4.32357390323e-05,-0.00379532337308,0.634208885305,1.55596976005,-9.4789397288e-06,0.0023697349322,0.634165649566,0.637679103953,1.50605764455,1.55217443668,0.641329257694,1.52062983868,0.0071636081276,-0.0315445979978,-6.46559270947,0.701909985323,0.701909985323,0.634652770254,1.52035165171,0.000553366026973,-0.00892438508629,0.000553366026973,-0.00892438508629,-0.00431415224147,4,0
2445,4.89,1,-0.437133878469,0,0.666838109493,0,0,0.666838109493,0,0.666838109493,0,-0.419615319584,-1.16526257082,-0.437133879346,-1.08623777542,0.017518559762,-0.0790247954053,-1.85942165867,1.72497000679,0.66683810081,1.34211067475e-05,0.00105866124225,-0.437159327839,-1.09058114186,4.85257792593e-06,-0.00121314448149,-0.437145906732,-0.421938154267,-1.15777790814,-1.08952248062,-0.435093792012,-1.16590750717,0.00205211471959,-0.0763850265506,5.84339680147,0.66683810081,-0.135671366402,-0.419615319584,-1.16526257082,0.017518559762,-0.0790247954053,0.017518559762,-0.0790247954053,0.00121971452322,4,0
2445,4.89,2,0.648842036724,0,1.32712984085,0,0,1.32712984085,0,1.32712984085,0,0.64951915099,1.45657820722,0.648842055707,1.44446054216,0.000677095283181,0.0121176650599,1.31333700456,0.00742831763482,1.3271298565,-6.76614026721e-05,-0.00555259747573,0.648987646595,1.47502512032,-6.06572246487e-06,0.00151643061623,0.648919985193,0.652422694332,1.44722237879,1.46947252284,0.660497604,1.45703564277,0.0115776188074,-0.0124368800768,-3.90517399738,1.3271298565,1.3271298565,0.64951915099,1.45657820722,0.000677095283181,0.0121176650599,0.000677095283181,0.0121176650599,-0.0063645343078,4,0
2450,4.9,1,-0.447784215212,0,-0.333161890507,0,0,-0.333161890507,0,-0.333161890507,0,-0.431123133503,-1.14303178963,-0.447784211673,-1.05677168999,0.0166610781697,-0.0862600996408,-4.5746113142,1.46924819225,-0.33316189919,-2.5903352798e-05,-0.00244567919684,-0.447707318639,-1.03579362514,1.34035509936e-06,-0.000335088774844,-0.447733221992,-0.433408180442,-1.14151820343,-1.03823930434,-0.469155894361,-1.144616488,-0.0214226723686,-0.106377183659,4.95959855756,-0.33316189919,-3.10260660252,-0.431123133503,-1.14303178963,0.0166610781697,-0.0862600996408,0.0166610781697,-0.0862600996408,-0.00275651943042,4,0
2450,4.9,2,0.663151741028,0,2.23279881477,0,0,2.23279881477,0,2.23279881477,0,0.663903918325,1.42878973048,0.66315171323,1.43308066019,0.000752205094905,-0.00429092970987,2.14737111053,0.0842338674659,2.23279877718,-1.63507985746e-05,-0.000997589598619,0.663164860981,1.43107034201,-1.67544388852e-06,0.000418860972133,0.663148510182,0.666760226986,1.42689774772,1.43007275241,0.681777595217,1.42953446702,0.0186290850347,-0.000538285397206,-0.386435679186,2.23279877718,2.23279877718,0.663903918325,1.42878973048,0.000752205094905,-0.00429092970987,0.000752205094905,-0.00429092970987,-0.00119379918151,4,0
2455,4.91,1,-0.458314269781,0,-0.133161902428,0,0,-0.133161902428,0,-0.133161902428,0,-0.442437646118,-1.10968719991,-0.4583142763,-1.0480298551,0.0158766301819,-0.0616573448103,0.144804741412,1.4242311164,-0.13316189919,-7.6796213637e-05,-0.00644198492517,-0.458139889674,-1.00939448378,8.90100359041e-06,-0.00222525089761,-0.458216685888,-0.444644220803,-1.09661159003,-1.0158364687,-0.441171774804,-1.10963445527,0.0170449110844,-0.0937979865661,5.29640210032,-0.13316189919,1.5763993973,-0.442437646118,-1.10968719991,0.0158766301819,-0.0616573448103,0.0158766301819,-0.0616573448103,-0.00736353948881,4,0
2455,4.91,2,0.67758846283,0,1.23279881477,0,0,1.23279881477,0,1.23279881477,0,0.678047059027,1.38710899299,0.67758844033,1.44225162456,0.000458618696955,-0.0551426315718,0.657847237611,-0.111331206038,1.23279877718,4.81608549228e-05,0.00406869952401,0.677477925932,1.41780986842,-1.11262545736e-05,0.00278156364339,0.677526086787,0.680805277369,1.37076448051,1.42187856794,0.683480963563,1.38733540568,0.00595487677584,-0.0345431622621,-4.61257589596,1.23279877718,0.54186940179,0.678047059027,1.38710899299,0.000458618696955,-0.0551426315718,0.000458618696955,-0.0551426315718,0.00464662978308,4,0
2460,4.92,1,-0.468560367823,0,0.866838097572,0,0,0.866838097572,0,0.866838097572,0,-0.453167852518,-1.03157341018,-0.468560372081,-1.00365709948,0.0153925195631,-0.0279163106997,2.21779695587,1.61390972376,0.86683810081,-5.55982195494e-05,-0.00441954279093,-0.46844909209,-0.981851705139,1.2172270735e-05,-0.00304306768374,-0.46850469031,-0.455212875304,-1.01338218966,-0.98627124793,-0.434675925913,-1.03080291324,0.0338287643965,-0.0445316653057,6.41857477272,0.86683810081,3.83679340105,-0.453167852518,-1.03157341018,0.0153925195631,-0.0279163106997,0.0153925195631,-0.0279163106997,-0.00508672142553,4,0
2460,4.92,2,0.691679358482,0,0.23279877007,0,0,0.23279877007,0,0.23279877007,0,0.691459816955,1.28946675511,0.6916793777,1.37690034274,-0.000219560745407,-0.0874335876226,-0.0509397979856,-0.450009780029,0.232798777177,2.2581294443e-05,0.00162300396964,0.691645274581,1.37285277305,-1.52153385226e-05,0.00380383463064,0.691667855875,0.694016095421,1.26672772931,1.37447577702,0.691020298528,1.28944844185,-0.000647557346953,-0.0850273351765,-8.67691218423,0.232798777177,-0.502843557517,0.691459816955,1.28946675511,-0.000219560745407,-0.0874335876226,-0.000219560745407,-0.0874335876226,0.00189397950296,4,0
2465,4.93,1,-0.478128552437,0,1.86683809757,0,0,1.86683809757,0,1.86683809757,0,-0.46302506135,-0.940182024055,-0.478128538602,-0.920610652974,0.0151034772515,-0.0195713710808,1.77227791417,1.74701463496,1.86683810081,-2.31535304787e-06,7.26025454543e-05,-0.478140631614,-0.926828298802,1.1400977074e-05,-0.0028502442685,-0.478142946967,-0.464888065566,-0.922951375135,-0.926755696256,-0.448282047728,-0.939567731821,0.0298608992387,-0.0128120355644,7.50061642868,1.86683810081,3.51924773082,-0.46302506135,-0.940182024055,0.0151034772515,-0.0195713710808,0.0151034772515,-0.0195713710808,4.48183088799e-05,4,0
2465,4.93,2,0.704676806927,0,-0.548777520657,0,0,-0.548777520657,0,-0.548777520657,0,0.703781327915,1.17522752172,0.704676803054,1.23904633441,-0.000895475139105,-0.0638188126942,0.0105289189137,-0.563564116228,-0.548777530783,-4.13506482716e-05,-0.003761458752,0.704790393125,1.26847665424,-1.42512214271e-05,0.00356280535676,0.704749042477,0.706110083168,1.15368921044,1.26471519549,0.703904335905,1.17523264705,-0.000844706571628,-0.0894825484376,-11.5988429747,-0.548777530783,-0.548777530783,0.703781327915,1.17522752172,-0.000895475139105,-0.0638188126942,-0.000895475139105,-0.0638188126942,-0.00425766653126,4,0
2470,4.94,1,-0.486736118793,0,1.66683804989,0,0,1.66683804989,0,1.66683804989,0,-0.472026241527,-0.865153491089,-0.486736116348,-0.823725553448,0.0147098748213,-0.0414279376417,-1.06670426937,1.63587379645,1.66683810081,3.80715022693e-05,0.00315934260786,-0.486819555273,-0.84136177913,6.83394314854e-06,-0.00170848578714,-0.486781483771,-0.473745671172,-0.85458936519,-0.838202436522,-0.480930120653,-0.865524486053,0.0058513631175,-0.0273220495313,7.34429003897,1.66683810081,0.565553326443,-0.472026241527,-0.865153491089,0.0147098748213,-0.0414279376417,0.0147098748213,-0.0414279376417,0.00361620063509,4,0
2470,4.94,2,0.716155529022,0,0.341480463743,0,0,0.341480463743,0,0.341480463743,0,0.715032803049,1.08144185498,0.716155540531,1.09597141659,-0.00112273748134,-0.0145295616046,0.831197668693,-0.393854707803,0.341480453142,-8.83242105122e-05,-0.00733061019172,0.716350656153,1.1380347133,-8.54242897841e-06,0.0021356072446,0.716262331942,0.717182090088,1.06823669754,1.13070410311,0.72201724536,1.08173287341,0.00575491341743,-0.0489712296967,-7.7115268034,0.341480453142,0.445733461608,0.715032803049,1.08144185498,-0.00112273748134,-0.0145295616046,-0.00112273748134,-0.0145295616046,-0.00839050071786,4,0
2475,4.95,1,-0.494597494602,0,0.666838109493,0,0,0.666838109493,0,0.666838109493,0,-0.480475510685,-0.834277106778,-0.494597493602,-0.76708281975,0.0141219829167,-0.0671942870285,-4.80863802995,1.32446254432,0.66683810081,2.71251379198e-06,-5.60675486534e-05,-0.494585314395,-0.760543359391,1.8237361295e-06,-0.000455934032369,-0.494582601881,-0.482142679637,-0.832216673975,-0.76059942694,-0.520477849784,-0.835943870907,-0.0258952479034,-0.0753444439671,6.38991878821,0.66683810081,-3.48415196824,-0.480475510685,-0.834277106778,0.0141219829167,-0.0671942870285,0.0141219829167,-0.0671942870285,-2.35173831496e-05,4,0
2475,4.95,2,0.726686894894,0,1.34148049355,0,0,1.34148049355,0,1.34148049355,0,0.725594389407,1.04284637441,0.726686912249,1.03600605497,-0.00109252284245,0.00684031943535,1.9737240247,-0.140684797343,1.34148045314,-4.22139698053e-05,-0.00316329971526,0.7267589365,1.04721063864,-2.27967017219e-06,0.00056991754304,0.72671672253,0.727678350579,1.04027083339,1.04404733893,0.742044113292,1.04353177957,0.0153273907624,-0.000515559356421,-3.55521695092,1.34148045314,1.83670909471,0.725594389407,1.04284637441,-0.00109252284245,0.00684031943535,-0.00109252284245,0.00684031943535,-0.00366986735292,4,0
2480,4.96,1,-0.502100765705,0,0.866838097572,0,0,0.866838097572,0,0.866838097572,0,-0.488662255067,-0.789569434508,-0.502100788754,-0.737472412099,0.0134385336874,-0.0520970224092,1.51953784627,1.22348401926,0.86683810081,-5.45888660913e-05,-0.00463735249226,-0.501973691864,-0.708844269943,1.17622942915e-05,-0.00294057357287,-0.502028280731,-0.490224445147,-0.772273319193,-0.713481622435,-0.47597735858,-0.789040897155,0.0260509221501,-0.07555927472,6.65415866489,0.86683810081,2.74831428442,-0.488662255067,-0.789569434508,0.0134385336874,-0.0520970224092,0.0134385336874,-0.0520970224092,-0.00529241888536,4,0
2480,4.96,2,0.736968040466,0,0.575670301914,0,0,0.575670301914,0,0.575670301914,0,0.735827819793,0.986961783833,0.736968066748,1.01676162669,-0.00114024695548,-0.0297998428536,-0.0298354976399,-0.211995452524,0.575670275399,2.9250675949e-05,0.00254763802849,0.736896890766,1.00045351674,-1.47028679237e-05,0.00367571698093,0.736926141442,0.737780557374,0.965341639601,1.00300115477,0.735555508025,0.986950437509,-0.0013706334167,-0.01605071726,-6.63539219747,0.575670275399,-0.244729596304,0.735827819793,0.986961783833,-0.00114024695548,-0.0297998428536,-0.00114024695548,-0.0297998428536,0.00289864613988,4,0
2485,4.97,1,-0.509129405022,0,1.86683809757,0,0,1.86683809757,0,1.86683809757,0,-0.49607676197,-0.687615338592,-0.509129404556,-0.674642887178,0.0130526425866,-0.012972451413,4.05244870376,1.44034636128,1.86683810081,-3.99373050725e-05,-0.00313235966296,-0.509052189978,-0.66018348367,1.55817113596e-05,-0.00389542783991,-0.509092127283,-0.497428741122,-0.664303292807,-0.663315843333,-0.462334839104,-0.686209425139,0.0467572881782,-0.0228935818055,7.70530763161,1.86683810081,5.49640667235,-0.49607676197,-0.687615338592,0.0130526425866,-0.012972451413,0.0130526425866,-0.012972451413,-0.00361160732383,4,0
2485,4.97,2,0.746668815613,0,-0.424329727888,0,0,-0.424329727888,0,-0.424329727888,0,0.745095953326,0.859519163448,0.746668840293,0.929288522752,-0.00157288696745,-0.0697693593045,-0.907119001848,-0.544422288369,-0.424329724601,1.19291432491e-05,0.000760281119175,0.746657076606,0.929890081849,-1.94771392681e-05,0.00486928481701,0.746669005749,0.746785927247,0.830379106115,0.930650362968,0.737542213851,0.859204424303,-0.00912679189776,-0.0714459386647,-10.5177927736,-0.424329724601,-1.45244472105,0.745095953326,0.859519163448,-0.00157288696745,-0.0697693593045,-0.00157288696745,-0.0697693593045,0.000903430838164,4,0
2490,4.98,1,-0.51530367136,0,2.86683821678,0,0,2.86683821678,0,2.86683821678,0,-0.502369878887,-0.572051155104,-0.515303649856,-0.574457476453,0.0129337709692,0.00240632134894,3.26727052181,1.62331124551,2.86683810081,1.02474097336e-05,0.00111017903275,-0.51534340266,-0.58670495052,1.41027953806e-05,-0.00352569884515,-0.51533315525,-0.503492456518,-0.550711718824,-0.585594771487,-0.475200070578,-0.570919079757,0.0401330846727,0.0146756917294,8.71646425749,2.86683810081,4.88934861937,-0.502369878887,-0.572051155104,0.0129337709692,0.00240632134894,0.0129337709692,0.00240632134894,0.00123314794956,4,0
2490,4.98,2,0.755072414875,0,-1.42432975769,0,0,-1.42432975769,0,-1.42432975769,0,0.752962349372,0.715063933608,0.755072442912,0.772152615135,-0.00211009354037,-0.0570886815267,-0.765903903014,-0.687473139185,-1.4243297246,-4.75201669798e-05,-0.00426122960205,0.755198984689,0.80428102744,-1.76284942778e-05,0.00440712356945,0.755151464522,0.75436557139,0.688389638178,0.800019797838,0.746631070913,0.714800130339,-0.00852039360917,-0.0852196674987,-14.1443083149,-1.4243297246,-1.44854557059,0.752962349372,0.715063933608,-0.00211009354037,-0.0570886815267,-0.00211009354037,-0.0570886815267,-0.0048314716058,4,0
2495,4.99,1,-0.52033084631,0,2.6668381691,0,0,2.6668381691,0,2.6668381691,0,-0.507598036372,-0.48035715977,-0.520330832986,-0.457984493709,0.0127327966138,-0.0223726660613,-0.358817920799,1.53037958765,2.66683810081,5.37290866503e-05,0.00447329624299,-0.520450233121,-0.483743149646,8.14635440083e-06,-0.0020365886002,-0.520396504035,-0.508545751226,-0.467747660898,-0.479269853403,-0.510625579938,-0.480483307419,0.00977092409706,-0.00121345401553,8.48743056609,2.66683810081,1.16644362157,-0.507598036372,-0.48035715977,0.0127327966138,-0.0223726660613,0.0127327966138,-0.0223726660613,0.00511804528279,4,0
2495,4.99,2,0.76170539856,0,-0.48124024272,0,0,-0.48124024272,0,-0.48124024272,0,0.759497546124,0.600446439126,0.761705425587,0.600316940215,-0.00220787946247,0.000129498910617,0.280604716646,-0.474492135979,-0.481240252054,-9.7929354287e-05,-0.00814441498803,0.761923217653,0.647623469123,-1.01829430248e-05,0.0025457357562,0.761825288299,0.76068218967,0.584684565498,0.639479054135,0.761909394586,0.600546932812,8.41062876884e-05,-0.0389321213232,-9.8510242705,-0.481240252054,-0.184567852093,0.759497546124,0.600446439126,-0.00220787946247,0.000129498910617,-0.00220787946247,0.000129498910617,-0.00931956723948,4,0
2500,5,1,-0.524420917034,0,1.66683804989,0,0,1.66683804989,0,1.66683804989,0,-0.512161687434,-0.443857567968,-0.52442093129,-0.382415459367,0.0122592438561,-0.0614421086006,-4.76297926286,1.16994768796,1.66683810081,2.03424454826e-05,0.00141947302902,-0.524448833212,-0.384863298618,2.12859716042e-06,-0.000532149290118,-0.524428490766,-0.513047784286,-0.441451978075,-0.383443825589,-0.551798231034,-0.445509090618,-0.0273697402678,-0.0620652650285,7.45736429755,1.66683810081,-3.59469515728,-0.512161687434,-0.443857567968,0.0122592438561,-0.0614421086006,0.0122592438561,-0.0614421086006,0.00166358237481,4,0
2500,5,2,0.767117619514,0,0.518759727478,0,0,0.518759727478,0,0.518759727478,0,0.765202109845,0.554821949273,0.767117606143,0.513335992373,-0.00191549629747,0.0414859568996,1.62041251139,-0.0976108276292,0.518759747946,-5.53401231059e-05,-0.00427208797196,0.76722013081,0.531511862556,-2.66074645583e-06,0.000665186613965,0.767164790687,0.766309730889,0.551814961901,0.527239774584,0.778723208057,0.555385328365,0.0115584173692,0.0281455537808,-5.4994366974,0.518759747946,1.52773785321,0.765202109845,0.554821949273,-0.00191549629747,0.0414859568996,-0.00191549629747,0.0414859568996,-0.00493616944923,4,0
2505,5.01,1,-0.527985453606,0,1.62679982185,0,0,1.62679982185,0,1.62679982185,0,-0.516419288003,-0.392163111608,-0.527985456961,-0.339115141861,0.0115661689581,-0.0530479697469,2.5527309352,1.01997412683,1.62679985171,-3.98955138568e-05,-0.00347245593726,-0.527888279416,-0.316472194784,1.34722096745e-05,-0.00336805241863,-0.52792817493,-0.517184175428,-0.372339555133,-0.319944650722,-0.495150528455,-0.391276913293,0.032777646475,-0.0713322625716,7.40654507317,1.62679985171,3.57665626414,-0.516419288003,-0.392163111608,0.0115661689581,-0.0530479697469,0.0115661689581,-0.0530479697469,-0.00395120210354,4,0
2505,5.01,2,0.772060871124,0,-0.0812402516603,0,0,-0.0812402516603,0,-0.0812402516603,0,0.770524110449,0.490203878707,0.772060881271,0.477983778183,-0.00153677082189,0.0122201005243,-0.700410953948,-0.0662703525032,-0.0812402520543,1.81906708156e-05,0.00169483766723,0.772011003458,0.465641103225,-1.68402621205e-05,0.00421006553012,0.772029194129,0.771480219708,0.465424433073,0.467335940893,0.764681553114,0.489960438818,-0.00734764101497,0.0226244979256,-7.74470543926,-0.0812402520543,-0.768594432169,0.770524110449,0.490203878707,-0.00153677082189,0.0122201005243,-0.00153677082189,0.0122201005243,0.00191312571702,4,0
2510,5.02,1,-0.53097653389,0,2.62679982185,0,0,2.62679982185,0,2.62679982185,0,-0.519792311812,-0.276348686766,-0.530976542986,-0.267371205027,0.0111842311741,-0.00897748173903,5.29585915587,1.25036961705,2.62679985171,-3.26642244417e-05,-0.00254062830157,-0.53091472772,-0.256160058714,1.74659055122e-05,-0.00436647637806,-0.530947391944,-0.520318906193,-0.250197761181,-0.258700687016,-0.475712241755,-0.27451201718,0.0552351501895,-0.0158113301646,8.38552623353,2.62679985171,6.54916137192,-0.519792311812,-0.276348686766,0.0111842311741,-0.00897748173903,0.0111842311741,-0.00897748173903,-0.00293259899487,4,0
2510,5.02,2,0.776312768459,0,-1.08124029636,0,0,-1.08124029636,0,-1.08124029636,0,0.774740390101,0.345435847443,0.776312742287,0.380488393268,-0.00157235218508,-0.0350525458249,-1.65965626632,-0.374287803819,-1.08124025205,9.37100262466e-06,0.000563104105558,0.776305660759,0.381938904247,-2.1832381917e-05,0.00545809547926,0.776315031762,0.775398633055,0.312747190421,0.382502008352,0.760928270954,0.344860342478,-0.0153867608075,-0.037641665874,-11.4790065177,-1.08124025205,-2.03461962627,0.774740390101,0.345435847443,-0.00157235218508,-0.0350525458249,-0.00157235218508,-0.0350525458249,0.000675556137053,4,0
2515,5.03,1,-0.533027172089,0,3.62679982185,0,0,3.62679982185,0,3.62679982185,0,-0.521905322684,-0.147923933376,-0.533027144346,-0.158746708658,0.0111218216624,0.0108227752816,4.24619304959,1.4595756493,3.62679985171,1.55676885056e-05,0.00155136862631,-0.53307872617,-0.173602372721,1.54241338153e-05,-0.00385603345381,-0.533063158482,-0.52217758801,-0.12456456244,-0.172051004095,-0.486596166064,-0.146452718517,0.0464669924176,0.0255982855782,9.32574231059,3.62679985171,5.70403051801,-0.521905322684,-0.147923933376,0.0111218216624,0.0108227752816,0.0111218216624,0.0108227752816,0.00173818088837,4,0
2515,5.03,2,0.779173493385,0,-1.95905923843,0,0,-1.95905923843,0,-1.95905923843,0,0.77738165358,0.184904905535,0.779173478501,0.214301400511,-0.00179182492054,-0.0293964949766,-1.45187222587,-0.512071245926,-1.95905918706,-4.80790471364e-05,-0.00430733616974,0.779301252918,0.246710003922,-1.92801672837e-05,0.00482004182093,0.77925317387,0.777721985215,0.155705691842,0.242402667752,0.765344318888,0.184403349923,-0.0139088549826,-0.0579993178294,-14.4800449199,-1.95905918706,-1.95905918706,0.77738165358,0.184904905535,-0.00179182492054,-0.0293964949766,-0.00179182492054,-0.0293964949766,-0.00488428473538,4,0
2520,5.04,1,-0.533863008022,0,3.42679977417,0,0,3.42679977417,0,3.42679977417,0,-0.522848688997,-0.048540122808,-0.533863025535,-0.0366282418937,0.0110143365378,-0.0119118809142,0.186390690304,1.37961233056,3.42679985171,5.56729973509e-05,0.00462479750646,-0.533986176251,-0.0631238442558,8.66134372546e-06,-0.00216533593137,-0.533930503254,-0.522931920126,-0.0351195565666,-0.0584990467493,-0.521342156032,-0.0484773506011,0.012588347222,0.0100216961482,9.02667749699,3.42679985171,1.56071014738,-0.522848688997,-0.048540122808,0.0110143365378,-0.0119118809142,0.0110143365378,-0.0119118809142,0.00529287347467,4,0
2520,5.04,2,0.780229628086,0,-0.971080362797,0,0,-0.971080362797,0,-0.971080362797,0,0.778560861359,0.0606751422514,0.780229604021,0.0429504136394,-0.00166874266186,0.017724728612,-0.281358934584,-0.315347968019,-0.971080357241,-9.52356721484e-05,-0.0079139440596,0.780441026371,0.0888203757441,-1.08266796592e-05,0.00270666991481,0.780345790699,0.778664900247,0.0438994344457,0.0809064316845,0.776295609401,0.0605807567532,-0.0040501812985,-0.0203256749313,-9.90416404848,-0.971080357241,-0.587650130477,0.778560861359,0.0606751422514,-0.00166874266186,0.017724728612,-0.00166874266186,0.017724728612,-0.00905677212538,4,0
2525,5.05,1,-0.533705055714,0,2.42679977417,0,0,2.42679977417,0,2.42679977417,0,-0.52308,-0.00999015786695,-0.533705035843,0.0447180102222,0.0106250358432,-0.0547081680891,-4.45028452277,1.01117721676,2.42679985171,2.17238460922e-05,0.0015386259727,-0.533736298908,0.0414655742982,2.22509627057e-06,-0.000556274067653,-0.533714575062,-0.523098287418,-0.00747488678346,0.0430042002709,-0.56011639932,-0.0115333411719,-0.0264018242576,-0.0545375414428,7.92753612636,2.42679985171,-3.44090661813,-0.52308,-0.00999015786695,0.0106250358432,-0.0547081680891,0.0106250358432,-0.0547081680891,0.0017993121258,4,0
2525,5.05,2,0.780068457127,0,0.0289196427912,0,0,0.0289196427912,0,0.0289196427912,0,0.77885,0.0124876860709,0.780068454834,-0.0440890921557,-0.00121845483401,0.0565767782266,1.1251297827,0.0633010641243,0.0289196427592,-5.36992778296e-05,-0.00414849608174,0.780168125905,-0.0263702697141,-2.78137033805e-06,0.000695342584507,0.780114426627,0.77887285925,0.00934359721689,-0.0305187657959,0.788249703322,0.012879340376,0.00813527669481,0.0433981061718,-5.45701616757,0.0289196427592,1.19322373424,0.77885,0.0124876860709,-0.00121845483401,0.0565767782266,-0.00121845483401,0.0565767782266,-0.00479288741569,4,0
2530,5.06,1,-0.532972097397,0,2.2267999649,0,0,2.2267999649,0,2.2267999649,0,-0.522991693147,0.0436308690182,-0.532972126921,0.0912376452231,0.00998043377394,-0.047606776205,3.13561022083,0.854288256516,2.22679985171,-3.91925972692e-05,-0.00345371670666,-0.532874636894,0.11435820668,1.38633713085e-05,-0.00346584282712,-0.532913829492,-0.522884405407,0.0640413988265,0.110904489974,-0.496874250524,0.0447190957941,0.0360395789676,-0.0661853941796,7.64908037342,2.22679985171,3.99382250522,-0.522991693147,0.0436308690182,0.00998043377394,-0.047606776205,0.00998043377394,-0.047606776205,-0.00392402787389,4,0
2530,5.06,2,0.779452323914,0,-0.468386352062,0,0,-0.468386352062,0,-0.468386352062,0,0.778739616322,-0.0545385975174,0.779452320761,-0.0752049460684,-0.000712704438772,0.020666348551,-1.28528817154,0.0809325656823,-0.468386343806,1.89959870814e-05,0.00180456630117,0.779398701141,-0.0888036163044,-1.7329214128e-05,0.00433230353199,0.779417697128,0.778605506623,-0.0800517597671,-0.0869990500032,0.768030536061,-0.0549848091949,-0.0113871610671,0.0320142408083,-7.20697102241,-0.468386343806,-1.206388124,0.778739616322,-0.0545385975174,-0.000712704438772,0.020666348551,-0.000712704438772,0.020666348551,0.00203251814615,4,0
2535,5.07,1,-0.531657755375,0,3.2267999649,0,0,3.2267999649,0,3.2267999649,0,-0.521993058792,0.161968899955,-0.531657749149,0.163343247958,0.00966469035729,-0.00137434800361,5.81943204954,1.09882677833,3.22679985171,-3.57761023177e-05,-0.00280206647432,-0.531588772166,0.176161358192,1.76404151413e-05,-0.00441010378532,-0.531624548268,-0.521642721673,0.188398870541,0.173359291717,-0.473554957474,0.163987154176,0.058069590794,-0.00937213754094,8.56269671259,3.22679985171,6.92149020757,-0.521993058792,0.161968899955,0.00966469035729,-0.00137434800361,0.00966469035729,-0.00137434800361,-0.00323137970213,4,0
2535,5.07,2,0.778219819069,0,-1.46838629246,0,0,-1.46838629246,0,-1.46838629246,0,0.777491323265,-0.202461136103,0.77821980405,-0.16489265298,-0.000728480784455,-0.0375684831235,-2.23219462817,-0.276181379613,-1.46838634381,1.37234277153e-05,0.0009240735497,0.778203020993,-0.165559041456,-2.20505189088e-05,0.00551262972719,0.77821674442,0.777053401845,-0.23549859931,-0.164634967906,0.758912882645,-0.203235237796,-0.0193038617752,-0.03860026989,-10.873027367,-1.46838634381,-2.50946476247,0.777491323265,-0.202461136103,-0.000728480784455,-0.0375684831235,-0.000728480784455,-0.0375684831235,0.00108875468228,4,0
2540,5.08,1,-0.529397189617,0,4.2267999649,0,0,4.2267999649,0,4.2267999649,0,-0.519719127392,0.290683113597,-0.529397212106,0.272690004582,0.00967808471435,0.0179931090144,4.60731514853,1.3173264843,4.22679985171,1.29293618971e-05,0.00133863537622,-0.529443323213,0.258949576398,1.52356505659e-05,-0.00380891264148,-0.529430393852,-0.519114429185,0.313775841208,0.260288211775,-0.48140380238,0.292279585472,0.0480265914718,0.0319913736977,9.43847662003,4.22679985171,5.92314784511,-0.519719127392,0.290683113597,0.00967808471435,0.0179931090144,0.00967808471435,0.0179931090144,0.00149378771898,4,0
2540,5.08,2,0.775668501854,0,-2.43688321114,0,0,-2.43688321114,0,-2.43688321114,0,0.774648908904,-0.363353903,0.775668483303,-0.324277021467,-0.00101957439884,-0.0390768815334,-1.97789468192,-0.463623065399,-2.4368831755,-4.53162518538e-05,-0.00409077679606,0.775790939442,-0.29285965598,-1.9044563183e-05,0.00476114079576,0.77574562319,0.773893036124,-0.392219812478,-0.296950432776,0.758233573499,-0.364037875309,-0.0175120496903,-0.0670874425326,-14.1720979992,-2.4368831755,-2.4368831755,0.774648908904,-0.363353903,-0.00101957439884,-0.0390768815334,-0.00101957439884,-0.0390768815334,-0.00463457181831,4,0
2545,5.09,1,-0.525905787945,0,3.98028159142,0,0,3.98028159142,0,3.98028159142,0,-0.516285359264,0.388028359574,-0.525905793887,0.396757435711,0.00962043462236,-0.00872907613736,0.510801076135,1.23168145431,3.98028153939,5.65294511178e-05,0.00470548034679,-0.526031589493,0.369539407032,8.32850037902e-06,-0.00208212509477,-0.525975060042,-0.515495959426,0.400946294654,0.374244887378,-0.512080848409,0.388203547526,0.0138942116329,0.0139586601477,9.02832131911,3.98028153939,1.73709869668,-0.516285359264,0.388028359574,0.00962043462236,-0.00872907613736,0.00962043462236,-0.00872907613736,0.0053838337602,4,0
2545,5.09,2,0.77134335041,0,-1.44637680054,0,0,-1.44637680054,0,-1.44637680054,0,0.770356698636,-0.485035460295,0.771343361429,-0.494789789081,-0.000986662793238,0.00975432878559,-0.797793469591,-0.281890375866,-1.44637677467,-9.78785792229e-05,-0.00815104155015,0.771561969742,-0.447083764218,-1.04106254547e-05,0.00260265636367,0.771464091163,0.769369948816,-0.501182879115,-0.455234805768,0.763797520389,-0.485308759389,-0.00766657077378,-0.0300739536205,-9.5039150793,-1.44637677467,-1.07035826096,0.770356698636,-0.485035460295,-0.000986662793238,0.00975432878559,-0.000986662793238,0.00975432878559,-0.00932558450082,4,0
2550,5.1,1,-0.521404743195,0,2.98028159142,0,0,2.98028159142,0,2.98028159142,0,-0.512161687876,0.424855158491,-0.521404756456,0.479623889891,0.00924306857995,-0.0547687313999,-3.90464276796,0.852800348417,2.98028153939,2.47094792292e-05,0.001795307725,-0.521443248172,0.474664200673,2.10378745491e-06,-0.000525946863728,-0.521418538692,-0.51131037576,0.427233898507,0.476459508398,-0.544661386367,0.423501004387,-0.0232428476747,-0.0529585040106,7.86366610636,2.98028153939,-3.05393424102,-0.512161687876,0.424855158491,0.00924306857995,-0.0547687313999,0.00924306857995,-0.0547687313999,0.00209182147575,4,0
2550,5.1,2,0.765809118748,0,-0.446376770735,0,0,-0.446376770735,0,-0.446376770735,0,0.765202109293,-0.53106895885,0.765809144674,-0.581140070747,-0.000607035381129,0.0500711118969,0.537749681276,0.0876369617406,-0.446376774673,-6.01751196899e-05,-0.00470290056529,0.765924339877,-0.559782781792,-2.62973431275e-06,0.000657433578191,0.765864164758,0.764137969126,-0.534042383863,-0.564485682357,0.769720720176,-0.530880683397,0.00385655541849,0.03360499896,-4.97032069097,-0.446376774673,0.630811645018,0.765202109293,-0.53106895885,-0.000607035381129,0.0500711118969,-0.000607035381129,0.0500711118969,-0.00542500200157,4,0
2555,5.11,1,-0.516313076019,0,2.78028154373,0,0,2.78028154373,0,2.78028154373,0,-0.507736117692,0.47515395619,-0.516313050985,0.527871433608,0.0085769332931,-0.0527174774173,3.2089852199,0.672880587339,2.78028153939,-3.42934233891e-05,-0.00303287567601,-0.516227334116,0.54822295074,1.28974895668e-05,-0.0032243723917,-0.51626162754,-0.506767156858,0.494153534466,0.545190075064,-0.481012266462,0.476267449992,0.035249361078,-0.0689226250719,7.51918107499,2.78028153939,3.885310204,-0.507736117692,0.47515395619,0.0085769332931,-0.0527174774173,0.0085769332931,-0.0527174774173,-0.00344439675668,4,0
2555,5.11,2,0.759821653366,0,-0.973258912563,0,0,-0.973258912563,0,-0.973258912563,0,0.759670146456,-0.593942455824,0.759821645505,-0.612793807538,-0.000151499049321,0.0188513517134,-1.72635823271,0.114764388401,-0.973258904133,9.19631487851e-06,0.000968652810057,0.7597912528,-0.620991250121,-1.61218619171e-05,0.00403046547927,0.759800449115,0.758458945392,-0.617691928608,-0.620022597311,0.745299784657,-0.594541220899,-0.0145006644579,0.0254813764113,-6.74694984577,-0.973258904133,-1.61267285289,0.759670146456,-0.593942455824,-0.000151499049321,0.0188513517134,-0.000151499049321,0.0188513517134,0.0010790085886,4,0
2560,5.12,1,-0.510619580746,0,3.78028154373,0,0,3.78028154373,0,3.78028154373,0,-0.50246357846,0.584431842244,-0.510619558032,0.602156650501,0.00815597957191,-0.0177248082571,5.5711944259,0.854089061009,3.78028153939,-2.83987295603e-05,-0.00217620714437,-0.510567909102,0.610975742113,1.60881580283e-05,-0.00402203950708,-0.510596307832,-0.501270603281,0.608553708161,0.608799534969,-0.456096481744,0.586363804607,0.0544998260884,-0.0224357303613,8.36595496227,3.78028153939,6.42780047881,-0.50246357846,0.584431842244,0.00815597957191,-0.0177248082571,0.00815597957191,-0.0177248082571,-0.00251699189909,4,0
2560,5.12,2,0.753202736378,0,-1.97325885296,0,0,-1.97325885296,0,-1.97325885296,0,0.753079472312,-0.730539813018,0.753202741492,-0.704343243168,-0.000123269180181,-0.0261965698497,-2.56839949184,-0.180129767993,-1.97325890413,-5.89455577454e-08,-0.000242919575135,0.753218186854,-0.697598674153,-2.01101974745e-05,0.00502754936864,0.753218127908,0.751588253317,-0.760692145324,-0.697841593729,0.731715264077,-0.731429988361,-0.0215028638313,-0.0335883946326,-10.3164249777,-1.97325890413,-2.74828563291,0.753079472312,-0.730539813018,-0.000123269180181,-0.0261965698497,-0.000123269180181,-0.0261965698497,-0.000243626921828,4,0
2565,5.13,1,-0.503956139088,0,4.78028154373,0,0,4.78028154373,0,4.78028154373,0,-0.496025293037,0.700836072103,-0.503956134237,0.713852541108,0.00793084120005,-0.0130164690051,4.31600447606,0.97511723526,4.78028153939,2.28551018471e-05,0.00217773654433,-0.504024841526,0.695075529801,1.35557956861e-05,-0.00338894892153,-0.504001986424,-0.494602823372,0.721401679314,0.697253266345,-0.460141320947,0.702331237606,0.043860665477,0.00507797126114,9.17388136802,4.78028153939,5.28866971355,-0.496025293037,0.700836072103,0.00793084120005,-0.0130164690051,0.00793084120005,-0.0130164690051,0.0024519977665,4,0
2565,5.13,2,0.745242536068,0,-2.55139136314,0,0,-2.55139136314,0,-2.55139136314,0,0.745031615433,-0.876045099874,0.745242524898,-0.865673232892,-0.000210909465278,-0.010371866982,-2.29276896363,-0.265009307447,-2.55139134895,-6.34744133159e-05,-0.00562522916655,0.745406605722,-0.824894390242,-1.69447445468e-05,0.0042361861367,0.745343131309,0.743253528332,-0.901752108796,-0.830519619408,0.726011452869,-0.876837606648,-0.0193316784396,-0.0463179872393,-11.9568394041,-2.55139134895,-2.55139134895,0.745031615433,-0.876045099874,-0.000210909465278,-0.010371866982,-0.000210909465278,-0.010371866982,-0.00638692212634,4,0
2570,5.14,1,-0.496124356985,0,3.89286565781,0,0,3.89286565781,0,3.89286565781,0,-0.488550511618,0.786613922568,-0.49612435572,0.823487561307,0.00757384410148,-0.0368736387385,0.584786790317,0.823132984531,3.89286573214,5.20251410206e-05,0.0042202158995,-0.496234125098,0.800925229892,7.18040538755e-06,-0.00179510134689,-0.496182099957,-0.486965752769,0.797764728996,0.805145445792,-0.483726035173,0.78681494242,0.0124560647843,-0.0183305033716,8.06591293047,3.89286573214,1.40307525726,-0.488550511618,0.786613922568,0.00757384410148,-0.0368736387385,0.00757384410148,-0.0368736387385,0.00484451759175,4,0
2570,5.14,2,0.735657632351,0,-1.56244206429,0,0,-1.56244206429,0,-1.56244206429,0,0.735688138565,-0.983267412547,0.735657642333,-1.00881056203,3.04962313287e-05,0.0255431494857,-1.21900155259,-0.0715330586397,-1.56244210644,-9.99749569724e-05,-0.00819735076013,0.735874160036,-0.962828566409,-8.97550669554e-06,0.00224387667388,0.735774185079,0.733707189984,-0.997205920522,-0.971025917169,0.725625570781,-0.983686686205,-0.0101486142984,-0.0126607690355,-7.27073918068,-1.56244210644,-1.28113756099,0.735688138565,-0.983267412547,3.04962313287e-05,0.0255431494857,3.04962313287e-05,0.0255431494857,-0.0093970502438,4,0
2575,5.15,1,-0.487468481064,0,2.89286565781,0,0,2.89286565781,0,2.89286565781,0,-0.480475511525,0.818112691796,-0.487468485002,0.887673047014,0.00699297347635,-0.0695603552176,-3.17598499671,0.469397455683,2.89286573214,8.17995308437e-06,0.000399412430004,-0.487468539814,0.891470148274,1.77654526468e-06,-0.000444136316165,-0.487460359861,-0.478837932237,0.820122053098,0.891869560704,-0.506900323188,0.817011657977,-0.0194399633272,-0.074857902727,6.85305728286,2.89286573214,-2.7070851129,-0.480475511525,0.818112691796,0.00699297347635,-0.0695603552176,0.00699297347635,-0.0695603552176,0.000497571867016,4,0
2575,5.15,2,0.725160062313,0,-0.56244212389,0,0,-0.56244212389,0,-0.56244212389,0,0.725594388356,-1.0226408739,0.725160049031,-1.06586500059,0.00043433932463,0.0432241266825,-0.0856230544253,0.206864541183,-0.562442106444,-4.86419281648e-05,-0.00372193316302,0.725247937294,-1.05080961722,-2.22068157008e-06,0.000555170392524,0.725199295366,0.723547414227,-1.02515257552,-1.05453155038,0.724917917633,-1.02266906018,-0.000281377732848,0.0318624902001,-2.74983547473,-0.562442106444,0.125547123059,0.725594388356,-1.0226408739,0.00043433932463,0.0432241266825,0.00043433932463,0.0432241266825,-0.004305636301,4,0
2580,5.16,1,-0.478404730558,0,2.46919560432,0,0,2.46919560432,0,2.46919560432,0,-0.472145883654,0.860165663538,-0.478404738803,0.917505182713,0.00625885514864,-0.0573395191742,2.77043167066,0.330919505457,2.46919556523,-5.1944429432e-05,-0.00448590521238,-0.478278968117,0.946908361058,1.06691116842e-05,-0.00266727792105,-0.478330912546,-0.470410098364,0.875894479182,0.942422455846,-0.449056461881,0.861127722779,0.0292744506651,-0.0812947330666,6.24305447169,2.46919556523,3.10646041448,-0.472145883654,0.860165663538,0.00625885514864,-0.0573395191742,0.00625885514864,-0.0573395191742,-0.00510923836556,4,0
2580,5.16,2,0.714484989643,0,-1.16244208813,0,0,-1.16244208813,0,-1.16244208813,0,0.715182353427,-1.07520708831,0.714484988631,-1.0715363909,0.000697364795422,-0.00367069741944,-1.98233995564,0.13362398865,-1.16244210644,2.1811151584e-05,0.00199724143845,0.71442584754,-1.08629645385,-1.33363895339e-05,0.00333409738347,0.714447658692,0.713012621796,-1.09486810776,-1.08429921241,0.69867269161,-1.07589499089,-0.0157749670819,0.00840422151685,-4.83625220371,-1.16244210644,-1.85097494225,0.715182353427,-1.07520708831,0.000697364795422,-0.00367069741944,0.000697364795422,-0.00367069741944,0.00225897525746,4,0
2585,5.17,1,-0.468941271305,0,3.46919560432,0,0,3.46919560432,0,3.46919560432,0,-0.463115552422,0.949686523839,-0.468941269831,0.970945988371,0.00582571740889,-0.0212594645318,4.58135447036,0.5154227795,3.46919556523,-4.73794587745e-05,-0.00375084382297,-0.468847341169,0.989052848706,1.29610799146e-05,-0.00324026997865,-0.468894720628,-0.461196715904,0.969139068784,0.985302004883,-0.424967832206,0.951276012181,0.0439268884225,-0.0340259927018,7.05209675811,3.46919556523,5.10109664719,-0.463115552422,0.949686523839,0.00582571740889,-0.0212594645318,0.00582571740889,-0.0212594645318,-0.00431939732826,4,0
2585,5.17,2,0.703428983688,0,-2.16244220734,0,0,-2.16244220734,0,-2.16244220734,0,0.7038944393,-1.18710816306,0.703428988673,-1.13844280591,0.00046545062696,-0.048665357151,-2.63769602303,-0.192770505516,-2.16244210644,1.37470271106e-05,0.000895299861376,0.703414127062,-1.13825179675,-1.62013497957e-05,0.00405033744892,0.703427874089,0.701495893637,-1.2114238441,-1.13735649689,0.681942913861,-1.18802280996,-0.0214849602283,-0.0506663130664,-8.42325660084,-2.16244210644,-2.83152679273,0.7038944393,-1.18710816306,0.00046545062696,-0.048665357151,0.00046545062696,-0.048665357151,0.0010602641867,4,0
2590,5.18,1,-0.458707541227,0,4.06919574738,0,0,4.06919574738,0,4.06919574738,0,-0.453143137211,1.04238631286,-0.45870755243,1.06295936743,0.00556441521876,-0.0205730545728,3.40764979104,0.616756217744,4.06919556523,6.43576835855e-06,0.000826044058566,-0.458739515908,1.05236765553,1.05490050758e-05,-0.00263725126894,-0.458733080139,-0.451042137329,1.05841169475,1.05319369959,-0.424802784897,1.04356716087,0.0339302952424,-0.00962653871537,7.42680967621,4.06919556523,4.02350273551,-0.453143137211,1.04238631286,0.00556441521876,-0.0205730545728,0.00556441521876,-0.0205730545728,0.000903273278869,4,0
2590,5.18,2,0.691262602806,0,-2.64113068581,0,0,-2.64113068581,0,-2.64113068581,0,0.691428920208,-1.30298289861,0.691262625201,-1.27670553085,0.000166295006478,-0.0262773677614,-2.36836251797,-0.278251047077,-2.64113061095,-5.37284889286e-05,-0.00483821223526,0.691405329869,-1.2406388251,-1.31862562535e-05,0.00329656406335,0.69135160138,0.688802670341,-1.32301462583,-1.24547703733,0.671772383108,-1.30380192099,-0.0195792182723,-0.0583248836548,-9.68649497915,-2.64113061095,-2.64113061095,0.691428920208,-1.30298289861,0.000166295006478,-0.0262773677614,0.000166295006478,-0.0262773677614,-0.0054829541024,4,0
2595,5.19,1,-0.447572439909,0,3.06919550896,0,0,3.06919550896,0,3.06919550896,0,-0.442359026187,1.10820023416,-0.44757244907,1.14113294003,0.00521342288375,-0.0329327058704,0.408729966101,0.500390765872,3.06919556523,2.72565388001e-05,0.00212601012041,-0.447624564175,1.13171482566,5.32944228782e-06,-0.00133236057196,-0.447597307636,-0.440134035563,1.11649239331,1.13384083578,-0.438979253202,1.10834105803,0.00861805443441,-0.0254997777484,6.18157236831,3.06919556523,0.906667643387,-0.442359026187,1.10820023416,0.00521342288375,-0.0329327058704,0.00521342288375,-0.0329327058704,0.00245308858601,4,0
2595,5.19,2,0.677765607834,0,-1.69285488129,0,0,-1.69285488129,0,-1.69285488129,0,0.677948781355,-1.38525029963,0.677765607877,-1.38707427111,0.000183173477958,0.00182397148251,-1.50669715215,-0.123246116698,-1.69285493559,-8.04502245899e-05,-0.00653214218694,0.677935753231,-1.35182545374,-6.66180280495e-06,0.00166545070125,0.677855303006,0.675167543062,-1.39561549849,-1.35835759593,0.665477103513,-1.38576995288,-0.0123781994935,-0.0274123569492,-5.19987443043,-1.69285493559,-1.62244572396,0.677948781355,-1.38525029963,0.000183173477958,0.00182397148251,0.000183173477958,0.00182397148251,-0.00749754488201,4,0
2600,5.2,1,-0.43592813611,0,2.06919550896,0,0,2.06919550896,0,2.06919550896,0,-0.43112313466,1.1312876547,-0.435928146553,1.17404813036,0.00480501189289,-0.042760475654,-2.32745719711,0.276988147003,2.06919556523,-2.02119223571e-05,-0.00197001265939,-0.43586408297,1.19212788354,1.27540244627e-06,-0.000318850611565,-0.435884294892,-0.42885958587,1.132730947,1.19015787088,-0.450466590949,1.13048167736,-0.0145822960562,-0.0596761935275,4.95115773416,2.06919556523,-2.04825649438,-0.43112313466,1.1312876547,0.00480501189289,-0.042760475654,0.00480501189289,-0.042760475654,-0.00221255572768,4,0
2600,5.2,2,0.663675785065,0,-0.692854940891,0,0,-0.692854940891,0,-0.692854940891,0,0.663903916879,-1.41410957506,0.663675804382,-1.41248641417,0.000228112496939,-0.00162316089611,-0.687076977241,0.0140897924899,-0.692854935591,-2.40398526275e-05,-0.00166263594373,0.663707723342,-1.40997929627,-1.59425304314e-06,0.000398563260787,0.663683683489,0.661074480877,-1.41591369042,-1.41164193221,0.65820442963,-1.4143470537,-0.00547925385944,-0.00270512148864,-0.731731470894,-0.692854935591,-0.671036070576,0.663903916879,-1.41410957506,0.000228112496939,-0.00162316089611,0.000228112496939,-0.00162316089611,-0.00195111417526,4,0
2605,5.21,1,-0.424154788256,0,1.76083540916,0,0,1.76083540916,0,1.76083540916,0,-0.419704811114,1.16097836261,-0.424154775088,1.17967294843,0.00444996397449,-0.0186945858204,1.87144572599,0.270261895899,1.76083545481,-7.25760400275e-05,-0.0061420300449,-0.423986854991,1.21757889149,7.39636681391e-06,-0.00184909170348,-0.424059431031,-0.417372112125,1.17189676956,1.21143686144,-0.404078118551,1.1616294748,0.01998131248,-0.0498073866386,4.44146356021,1.76083545481,2.14872056441,-0.419704811114,1.16097836261,0.00444996397449,-0.0186945858204,0.00444996397449,-0.0186945858204,-0.00701294252523,4,0
2605,5.21,2,0.649619460106,0,-1.69285488129,0,0,-1.69285488129,0,-1.69285488129,0,0.649631012381,-1.45122295959,0.649619457628,-1.4077674441,1.15547525982e-05,-0.0434555154974,-2.0313688731,-0.122208850769,-1.69285493559,3.80508052354e-05,0.00327727223503,0.649528781652,-1.42851814352,-9.24545842329e-06,0.00231136460582,0.649566832457,0.646715138632,-1.46487096814,-1.42524087128,0.632701214765,-1.45192836783,-0.0168656176921,-0.0266874965419,-4.41776520685,-1.69285493559,-2.15731160576,0.649631012381,-1.45122295959,1.15547525982e-05,-0.0434555154974,1.15547525982e-05,-0.0434555154974,0.00373388189785,4,0
2610,5.22,1,-0.412186175585,0,2.76083540916,0,0,2.76083540916,0,2.76083540916,0,-0.40780063962,1.22197927162,-0.412186187301,1.21386704757,0.00438554768143,0.00811222405755,2.95552907916,0.474238681678,2.76083545481,-5.63100706686e-05,-0.00446134546505,-0.412074396602,1.23551449003,8.56528099386e-06,-0.00214132024846,-0.412130706673,-0.405343770852,1.23485834497,1.23105314456,-0.383171181218,1.22300549906,0.0289595254555,-0.00804764550253,5.23301619105,2.76083545481,3.43490482715,-0.40780063962,1.22197927162,0.00438554768143,0.00811222405755,0.00438554768143,0.00811222405755,-0.00513706631308,4,0
2610,5.22,2,0.635215103626,0,-2.69285488129,0,0,-2.69285488129,0,-2.69285488129,0,0.634750797954,-1.52747409504,0.635215119058,-1.47259465587,-0.00046432110426,-0.054879439175,-2.43647290805,-0.33649754019,-2.69285493559,1.59460979462e-05,0.00103594852224,0.635198131771,-1.47232925349,-1.07066011173e-05,0.00267665027933,0.635214077869,0.631679711983,-1.54357293653,-1.47129330497,0.61447183607,-1.52831905179,-0.0207422417987,-0.057025746819,-7.96907975733,-2.69285493559,-2.77419774994,0.634750797954,-1.52747409504,-0.00046432110426,-0.054879439175,-0.00046432110426,-0.054879439175,0.00122730169759,4,0
2615,5.23,1,-0.39966866374,0,2.69815993309,0,0,2.69815993309,0,2.69815993309,0,-0.395270264104,1.28190051858,-0.399668655349,1.27689792193,0.00439839124486,0.0050025966512,1.97978057353,0.558833018073,2.69815999819,-3.69194752196e-06,-0.000159196743538,-0.399667880929,1.27592452224,6.5096043495e-06,-0.00162740108737,-0.399671572876,-0.392696394513,1.29181699911,1.2757653255,-0.378798992781,1.28258682155,0.0208725800953,0.00682149605532,4.93356198104,2.69815999819,2.53881709171,-0.395270264104,1.28190051858,0.00439839124486,0.0050025966512,0.00439839124486,0.0050025966512,-0.000203500113802,4,0
2615,5.23,2,0.619803905487,0,-2.49805665016,0,0,-2.49805665016,0,-2.49805665016,0,0.619087828509,-1.60237565281,0.619803890091,-1.58520032191,-0.000716061582577,-0.0171753309031,-2.20030798137,-0.302748878941,-2.49805657211,-5.04765695827e-05,-0.00439456937403,0.619927055991,-1.55636132956,-8.13700532387e-06,0.00203425133096,0.619876579422,0.61587049151,-1.6147712533,-1.56075589893,0.600825303505,-1.60313659135,-0.0190512759167,-0.0423806924206,-6.55180687888,-2.49805657211,-2.49805657211,0.619087828509,-1.60237565281,-0.000716061582577,-0.0171753309031,-0.000716061582577,-0.0171753309031,-0.00500028820902,4,0
2620,5.24,1,-0.386661052704,0,1.6981600523,0,0,1.6981600523,0,1.6981600523,0,-0.382232447398,1.32130818555,-0.386661062757,1.31136083595,0.00442861535921,0.00994734959861,0.00811696572969,0.538483745482,1.69815999819,-8.1481910311e-06,-0.000847358607573,-0.386631828709,1.3202395031,2.95679624457e-06,-0.000739199061146,-0.3866399769,-0.379585022586,1.32593000311,1.31939214449,-0.382157060756,1.32131132666,0.00448291614416,0.00191918216253,3.69317181722,1.69815999819,0.547545848112,-0.382232447398,1.32130818555,0.00442861535921,0.00994734959861,0.00442861535921,0.00994734959861,-0.000945136899946,4,0
2620,5.24,2,0.603516459465,0,-1.80506038666,0,0,-1.80506038666,0,-1.80506038666,0,0.602790557584,-1.65163523578,0.603516444403,-1.64884281185,-0.00072588681922,-0.00279242392978,-1.63550305763,-0.173720855514,-1.80506037038,-4.58127524007e-05,-0.0036137897337,0.603606325467,-1.63175619809,-3.69599524053e-06,0.000923998810133,0.603560512715,0.599481276562,-1.65741250763,-1.63536998782,0.589219622278,-1.65220069142,-0.0143408904365,-0.0168307035986,-3.18363861179,-1.80506037038,-1.80506037038,0.602790557584,-1.65163523578,-0.00072588681922,-0.00279242392978,-0.00072588681922,-0.00279242392978,-0.00416354276251,4,0
2625,5.25,1,-0.373544633389,0,0.698159992695,0,0,0.698159992695,0,0.698159992695,0,-0.368935511785,1.33372429982,-0.373544641861,1.30690674137,0.00460913007564,0.0268175584513,-1.4344184431,0.531673636347,0.698159998187,-5.43678197613e-05,-0.00477395465518,-0.373406624943,1.34077507068,6.49414350129e-07,-0.000162353587529,-0.373460992763,-0.366267565419,1.33446024362,1.33600111603,-0.380823140829,1.33322898194,-0.00736214806547,-0.00277213408093,2.47680503881,0.698159998187,-0.897318438262,-0.368935511785,1.33372429982,0.00460913007564,0.0268175584513,0.00460913007564,0.0268175584513,-0.00542636849231,4,0
2625,5.25,2,0.586989998817,0,-1.34518837929,0,0,-1.34518837929,0,-1.34518837929,0,0.586169388031,-1.66715537833,0.586989985975,-1.64720900204,-0.000820597943332,-0.0199463762906,-1.21019234394,-0.133718300325,-1.34518836313,1.02974347578e-05,0.00115414964668,0.586947724289,-1.66049307653,-8.1176792055e-07,0.000202941980127,0.586958021724,0.582834455067,-1.66807530806,-1.65933892688,0.576091300854,-1.66757529863,-0.0108667208699,-0.0082363717482,-0.943931731362,-1.34518836313,-1.34518836313,0.586169388031,-1.66715537833,-0.000820597943332,-0.0199463762906,-0.000820597943332,-0.0199463762906,0.00127771886377,4,0
2630,5.26,1,-0.360607177019,0,0.898159980774,0,0,0.898159980774,0,0.898159980774,0,-0.355546197629,1.34814641054,-0.360607185774,1.28718348839,0.00506098814551,0.0609629221538,0.607031834498,0.713620240702,0.898159998187,-9.11015952613e-05,-0.00758569978087,-0.360403582325,1.33177173319,3.39961402634e-06,-0.000849903506592,-0.360494683921,-0.352844925772,1.35318563905,1.3241860334,-0.350424167098,1.34835982848,0.0100705168228,0.0241737950765,2.48542600272,0.898159998187,1.32933099412,-0.355546197629,1.34814641054,0.00506098814551,0.0609629221538,0.00506098814551,0.0609629221538,-0.00867891892401,4,0
2630,5.26,2,0.570591807365,0,-2.11599183083,0,0,-2.11599183083,0,-2.11599183083,0,0.569432745302,-1.68518301632,0.570591784686,-1.6420542667,-0.00115903938438,-0.0431287496192,-1.87070970001,-0.240096098304,-2.11599171581,5.45519308877e-05,0.0045312943304,0.570471229255,-1.66792795221,-4.24951742495e-06,0.00106237935624,0.570525781186,0.566056155475,-1.69148205179,-1.66339665788,0.55382737448,-1.6858332401,-0.0166984067057,-0.0224365822262,-3.70613882478,-2.11599171581,-2.11599171581,0.569432745302,-1.68518301632,-0.00115903938438,-0.0431287496192,-0.00115903938438,-0.0431287496192,0.00518591750106,4,0
2635,5.27,1,-0.347700864077,0,1.8228777647,0,0,1.8228777647,0,1.8228777647,0,-0.341933449121,1.37465617427,-0.34770087767,1.29680463002,0.00576742854897,0.0778515442542,0.859003618059,0.957709137066,1.82287773458,-6.65678594675e-05,-0.00536616513959,-0.347562576274,1.3251771923,3.3310526914e-06,-0.000832763172856,-0.347629144133,-0.339179043535,1.37970108258,1.31981102716,-0.334736206022,1.3749560594,0.0128929381115,0.0551450322409,3.20878279233,1.82287773458,1.82287773458,-0.341933449121,1.37465617427,0.00576742854897,0.0778515442542,0.00576742854897,0.0778515442542,-0.0061649794532,4,0
2635,5.27,2,0.553938984871,0,-2.3182990551,0,0,-2.3182990551,0,-2.3182990551,0,0.55241680964,-1.71832022006,0.553938959538,-1.685153344,-0.00152214989845,-0.0331668760572,-1.98603336092,-0.330356821019,-2.31829912272,2.24529295507e-05,0.00163950562692,0.553903123741,-1.69009877022,-4.16381572432e-06,0.00104095393108,0.553925576671,0.548973802653,-1.72462635523,-1.6884592646,0.535879334686,-1.71900928151,-0.0180462419845,-0.0305500169177,-4.10812505038,-2.31829912272,-2.31829912272,0.55241680964,-1.71832022006,-0.00152214989845,-0.0331668760572,-0.00152214989845,-0.0331668760572,0.00190894078153,4,0
2640,5.28,1,-0.334613770247,0,1.28816366196,0,0,1.28816366196,0,1.28816366196,0,-0.32807167376,1.39593337002,-0.334613784611,1.31431932723,0.00654211085109,0.0816140427904,0.177273644456,1.10722505563,1.28816367183,-3.85767478001e-05,-0.00320205076187,-0.334527581035,1.3335580262,1.83299819423e-06,-0.000458249548559,-0.334566157783,-0.325276882747,1.39877025498,1.33035597544,-0.326566465168,1.39599608704,0.0079996926152,0.0656401116005,2.46170370317,1.28816367183,1.28816367183,-0.32807167376,1.39593337002,0.00654211085109,0.0816140427904,0.00654211085109,0.0816140427904,-0.00366497173547,4,0
2640,5.28,2,0.536782801151,0,-2.10063242912,0,0,-2.10063242912,0,-2.10063242912,0,0.535089590422,-1.74491671371,0.536782801881,-1.73250837413,-0.00169321145887,-0.0124083395719,-1.80614696821,-0.295781497332,-2.10063246337,-1.34074440396e-05,-0.00113511284232,0.536813849575,-1.72568574241,-2.29124761919e-06,0.000572811904797,0.536800442131,0.531596101654,-1.74846281973,-1.72682085525,0.520075232299,-1.74554231196,-0.0167252098318,-0.0187214567117,-2.76789454367,-2.10063246337,-2.10063246337,0.535089590422,-1.74491671371,-0.00169321145887,-0.0124083395719,-0.00169321145887,-0.0124083395719,-0.00129600217079,4,0
2645,5.29,1,-0.32148039341,0,0.673363864422,0,0,0.673363864422,0,0.673363864422,0,-0.314056383711,1.40507728564,-0.321480388614,1.30968006399,0.00742400490289,0.0953972216455,-0.573876359785,1.24240434386,0.673363877092,-4.9599827915e-05,-0.00424069508624,-0.321362091632,1.33736449793,2.94718383698e-07,-7.36795959189e-05,-0.32141169146,-0.311245673097,1.4055763459,1.33312380284,-0.318790169223,1.40488004457,0.00262152223703,0.0717562417298,1.6408175488,0.673363877092,0.673363877092,-0.314056383711,1.40507728564,0.00742400490289,0.0953972216455,0.00742400490289,0.0953972216455,-0.00483589302122,4,0
2645,5.29,2,0.519340872765,0,-1.83172821999,0,0,-1.83172821999,0,-1.83172821999,0,0.517570477853,-1.75634660744,0.519340849741,-1.74761118365,-0.0017703718885,-0.00873542378734,-1.59335533452,-0.238247413882,-1.83172821476,-6.87016646056e-08,0.000126290785045,0.519332783735,-1.75111710779,-3.68397910178e-07,9.20994775555e-05,0.519332715034,0.514057089584,-1.75697043266,-1.750990817,0.504314485055,-1.75689894047,-0.0150182299786,-0.00590812346533,-1.27284781783,-1.83172821476,-1.83172821476,0.517570477853,-1.75634660744,-0.0017703718885,-0.00873542378734,-0.0017703718885,-0.00873542378734,0.00012546636507,4,0
2650,5.3,1,-0.308484226465,0,0.848914682865,0,0,0.848914682865,0,0.848914682865,0,-0.300000000715,1.40560671787,-0.308484214344,1.29325874966,0.00848421362932,0.112347968207,-0.581526616101,1.42385031859,0.84891468674,-6.87786673461e-05,-0.00576564024652,-0.308327977457,1.32812442422,-4.01429464669e-08,1.00357366175e-05,-0.308396756124,-0.297188813953,1.40556327386,1.32235878398,-0.304782827462,1.40540743342,0.00361392866255,0.0830486494468,1.62154596064,0.84891468674,0.84891468674,-0.300000000715,1.40560671787,0.00848421362932,0.112347968207,0.00848421362932,0.112347968207,-0.00659098425468,4,0
2650,5.3,2,0.501884460449,0,-1.8407946825,0,0,-1.8407946825,0,-1.8407946825,0,0.499999999106,-1.75700839742,0.501884455271,-1.74445390998,-0.00188445616429,-0.012554487439,-1.60375316086,-0.234790782661,-1.84079470092,2.32109933994e-05,0.00197222547697,0.501830692223,-1.75651616501,5.01787009166e-08,-1.25446752337e-05,0.501853903217,0.496486015653,-1.75695409238,-1.75454393954,0.486639827862,-1.75756507122,-0.0152140753543,-0.00302113168254,-0.970947448773,-1.84079470092,-1.84079470092,0.499999999106,-1.75700839742,-0.00188445616429,-0.012554487439,-0.00188445616429,-0.012554487439,0.00225075739777,4,0
2655,5.31,1,-0.295615971088,0,0.727923989296,0,0,0.727923989296,0,0.727923989296,0,-0.285950335307,1.40334849472,-0.295615973182,1.28216577853,0.00966563787531,0.121182716192,-0.897503280425,1.61913680527,0.727924001016,-6.61473805059e-05,-0.00549670760385,-0.295467779641,1.31502404241,-9.29916668557e-07,0.000232479167138,-0.295533927021,-0.283144909892,1.40201526999,1.30952733481,-0.293364237318,1.40303958214,0.00216968970304,0.0935122473302,1.31133252458,0.727924001016,0.727924001016,-0.285950335307,1.40334849472,0.00966563787531,0.121182716192,0.00966563787531,0.121182716192,-0.00629047616992,4,0
2655,5.31,2,0.484426289797,0,-1.75698339939,0,0,-1.75698339939,0,-1.75698339939,0,0.482437917347,-1.75418561805,0.484426281638,-1.74595432301,-0.0019883642908,-0.00823129503879,-1.51553101116,-0.239685054913,-1.75698342579,1.87852548613e-05,0.00154193665665,0.484385066391,-1.75497296691,1.16239594677e-06,-0.000290598986688,0.484403851646,0.478931135579,-1.75251908697,-1.75343103026,0.469815677866,-1.7547115447,-0.0145881737799,-0.00128051443979,-0.316751639362,-1.75698342579,-1.75698342579,0.482437917347,-1.75418561805,-0.0019883642908,-0.00823129503879,-0.0019883642908,-0.00823129503879,0.00176735971499,4,0
2660,5.32,1,-0.282907545567,0,0.310233056545,0,0,0.310233056545,0,0.310233056545,0,-0.271961520454,1.39277215279,-0.282907556609,1.26143696342,0.0109460361549,0.131335189376,-1.50268471672,1.80618879657,0.31023304922,-7.0028320291e-05,-0.00588862953511,-0.282746580343,1.29794514003,-2.22924225707e-06,0.000557310564269,-0.282816608663,-0.26917919846,1.38948906528,1.29205651049,-0.28440621298,1.39225362394,-0.00158960431669,0.100197113445,0.712520296878,0.31023304922,0.31023304922,-0.271961520454,1.39277215279,0.0109460361549,0.131335189376,0.0109460361549,0.131335189376,-0.0067289693786,4,0
2660,5.32,2,0.467030793428,0,-1.56251227856,0,0,-1.56251227856,0,-1.56251227856,0,0.464951898789,-1.74096518969,0.467030790528,-1.73253843514,-0.00207889173883,-0.00842675455785,-1.32938736647,-0.230865183472,-1.5625123196,2.30250116675e-05,0.00198346951864,0.466974816466,-1.74587824705,2.78655296271e-06,-0.000696638240675,0.466997841478,0.461473996299,-1.7368613301,-1.74389477753,0.45387407166,-1.74142676582,-0.0131237698179,0.00246801170912,0.74542265798,-1.5625123196,-1.5625123196,0.464951898789,-1.74096518969,-0.00207889173883,-0.00842675455785,-0.00207889173883,-0.00842675455785,0.00225976965865,4,0
2665,5.33,1,-0.270478844643,0,0.194940060377,0,0,0.194940060377,0,0.194940060377,0,-0.258125232401,1.37332253716,-0.27047885611,1.2297617726,0.0123536237089,0.14356076456,-1.82429506532,2.01134596214,0.194940054063,-8.22940655258e-05,-0.0069016284535,-0.270291197389,1.27191319047,-3.02303459537e-06,0.000755758648837,-0.270373491455,-0.255383093584,1.36880213249,1.26501156201,-0.273235714825,1.37269293372,-0.00286222337066,0.107681371709,0.428162578902,0.194940054063,0.194940054063,-0.258125232401,1.37332253716,0.0123536237089,0.14356076456,0.0123536237089,0.14356076456,-0.00788915723981,4,0
2665,5.33,2,0.449877262115,0,-1.47181558609,0,0,-1.47181558609,0,-1.47181558609,0,0.447656538741,-1.71665316912,0.449877273349,-1.70269290969,-0.00222073460824,-0.0139602594244,-1.2229053745,-0.2452304676,-1.47181563304,3.8043477916e-05,0.00322326920296,0.449788680352,-1.72291478695,3.77879336633e-06,-0.000944698341587,0.44982672383,0.444228865224,-1.7110026631,-1.71969151775,0.437452710675,-1.71707832862,-0.0123740131557,0.00261318912854,1.32974955551,-1.47181563304,-1.47181563304,0.447656538741,-1.71665316912,-0.00222073460824,-0.0139602594244,-0.00222073460824,-0.0139602594244,0.00367979093795,4,0
2670,5.34,1,-0.258349210024,0,0.905477821827,0,0,0.905477821827,0,0.905477821827,0,-0.244504383249,1.35130763126,-0.258349196152,1.20448015547,0.0138448129021,0.146827475787,-1.2822423366,2.22687173141,0.905477834593,-8.15248923587e-05,-0.00671448182681,-0.258171549444,1.24261635289,-2.39620856601e-06,0.000599052141501,-0.258253074336,-0.241805518771,1.34763508274,1.23590187106,-0.255107221844,1.35086584632,0.00314585249212,0.114963975257,0.972386587489,0.905477834593,0.952322175338,-0.244504383249,1.35130763126,0.0138448129021,0.146827475787,0.0138448129021,0.146827475787,-0.00769278053512,4,0
2670,5.34,2,0.433010131121,0,-1.65692055225,0,0,-1.65692055225,0,-1.65692055225,0,0.430630477329,-1.68913453597,0.433010143328,-1.67930872457,-0.00237966599873,-0.00982581139868,-1.38241553989,-0.271143024639,-1.65692052208,3.6363910903e-05,0.00292559061481,0.432935947141,-1.69403553101,2.99526077424e-06,-0.000748815193562,0.432972311052,0.427256896737,-1.68454385021,-1.69110994039,0.419102345634,-1.68961487479,-0.0138699654175,0.00149506560356,0.788050520364,-1.65692052208,-1.65692052208,0.430630477329,-1.68913453597,-0.00237966599873,-0.00982581139868,-0.00237966599873,-0.00982581139868,0.00336195754565,4,0
2675,5.35,1,-0.246304616332,0,1.90547788143,0,0,1.90547788143,0,1.90547788143,0,-0.231064489575,1.33989855694,-0.246304614227,1.20920559498,0.0152401246526,0.130692961951,0.144777640499,2.40746868713,1.90547783459,-4.81895470503e-05,-0.0037906834445,-0.246211059086,1.22686972034,-7.25770772592e-07,0.000181442693145,-0.246259248633,-0.228385240963,1.33907997771,1.2230790369,-0.229823755306,1.3399502542,0.0164354933261,0.116871217301,1.79021755936,1.90547783459,2.55661528564,-0.231064489575,1.33989855694,0.0152401246526,0.130692961951,0.0152401246526,0.130692961951,-0.0043689580091,4,0
2675,5.35,2,0.416157484055,0,-2.05570840836,0,0,-2.05570840836,0,-2.05570840836,0,0.413830610269,-1.67487319277,0.416157496744,-1.69643564013,-0.00232688647547,0.0215624473642,-1.82693551395,-0.22973917595,-2.05570829497,-7.0768615862e-06,-0.000881472597322,0.416192693766,-1.68456404423,9.07213482559e-07,-0.000226803370644,0.416185616904,0.410481549511,-1.67384996872,-1.68544551683,0.398640572537,-1.675506111,-0.0175450443673,0.00993940582089,-0.517698290251,-2.05570829497,-2.05570829497,0.413830610269,-1.67487319277,-0.00232688647547,0.0215624473642,-0.00232688647547,0.0215624473642,-0.000966394936356,4,0
2680,5.36,1,-0.234119266272,0,1.16315424442,0,0,1.16315424442,0,1.16315424442,0,-0.217729752055,1.32118105053,-0.234119261589,1.21945845617,0.0163895095342,0.101722594357,-2.4987252484,2.42495707553,1.16315430075,-1.63761978216e-05,-0.00144967183669,-0.234076920916,1.23036438868,-5.16842064091e-06,0.00129210516023,-0.234093297114,-0.215094787668,1.31360587789,1.22891471685,-0.238502680129,1.32031551186,-0.00440938301445,0.0914007950159,0.853088325134,1.16315430075,-0.0721219866547,-0.217729752055,1.32118105053,0.0163895095342,0.101722594357,0.0163895095342,0.101722594357,-0.00164618621055,4,0
2680,5.36,2,0.399064928293,0,-1.05570828915,0,0,-1.05570828915,0,-1.05570828915,0,0.397162188404,-1.65147630936,0.399064942898,-1.70678791322,-0.0019027544938,0.0553116038659,-0.998032910883,-0.041870178787,-1.05570829497,-4.82854399654e-05,-0.0039142655979,0.399166534904,-1.68613347345,6.46052590447e-06,-0.00161513147612,0.399118249464,0.393868482928,-1.6420073434,-1.69004773905,0.388897044113,-1.65182069037,-0.0102212053515,0.0382270486775,3.81434993833,-1.05570829497,-1.03540939879,0.397162188404,-1.65147630936,-0.0019027544938,0.0553116038659,-0.0019027544938,0.0553116038659,-0.00449369087748,4,0
2685,5.37,1,-0.222083672881,0,0.163154304028,0,0,0.163154304028,0,0.163154304028,0,-0.204734193521,1.27455388898,-0.22208367607,1.18797229276,0.0173494825495,0.0865815962243,-3.90293311958,2.36123458816,0.163154300748,-5.42010765308e-05,-0.00475256971228,-0.221946737367,1.22146141921,-7.57132344151e-06,0.00189283086037,-0.222000938444,-0.202196308181,1.26326417714,1.2167088495,-0.237157321177,1.27320292533,-0.015156382733,0.0564940758323,-0.321432154257,0.163154300748,-1.53629554879,-0.204734193521,1.27455388898,0.0173494825495,0.0865815962243,0.0173494825495,0.0865815962243,-0.00540298263065,4,0
2685,5.37,2,0.382351368666,0,-0.427194803953,0,0,-0.427194803953,0,-0.427194803953,0,0.380917740279,-1.59319235654,0.382351369765,-1.63953247602,-0.00143362948619,0.0463401194805,-0.528070212883,0.101179977265,-0.427194813468,4.78092282476e-08,0.000304004139647,0.382332199386,-1.64768052213,9.46415443076e-06,-0.00236603860768,0.382332247195,0.377745383614,-1.57908021655,-1.64737651799,0.376522248086,-1.59337550205,-0.00580999910954,0.0540010159355,6.46677945277,-0.427194813468,-0.427194813468,0.380917740279,-1.59319235654,-0.00143362948619,0.0463401194805,-0.00143362948619,0.0463401194805,0.000304577850386,4,0
2690,5.38,1,-0.21055559814,0,-0.836845695972,0,0,-0.836845695972,0,-0.836845695972,0,-0.192277785053,1.21628132586,-0.210555594977,1.12628381618,0.0182778099232,0.0899975096751,-3.83411839737,2.39284627259,-0.836845699252,-0.000101630535563,-0.00864372930064,-0.210315858067,1.18170868582,-7.58315169613e-06,0.00189578792404,-0.210417488603,-0.189856718085,1.20484612027,1.17306495652,-0.224091345691,1.21495576083,-0.0136738570884,0.0418908043107,-1.45670495725,-0.836845699252,-1.43140882905,-0.192277785053,1.21628132586,0.0182778099232,0.0899975096751,0.0182778099232,0.0899975096751,-0.0098632957274,4,0
2690,5.38,2,0.366580754519,0,-0.430556952953,0,0,-0.430556952953,0,-0.430556952953,0,0.365347229746,-1.52035165171,0.36658076312,-1.53315060154,-0.00123353337445,0.0127989498301,-0.504871053382,0.0802787752209,-0.430556950733,6.02492111431e-05,0.00524168203786,0.36643119026,-1.56911012218,9.47893972875e-06,-0.00236973493219,0.366491439471,0.362320896047,-1.50605764455,-1.56386844014,0.361097643118,-1.52052871782,-0.00539379635311,0.0433397223281,6.41206529733,-0.430556950733,-0.430556950733,0.365347229746,-1.52035165171,-0.00123353337445,0.0127989498301,-0.00123353337445,0.0127989498301,0.00596467257157,4,0
2695,5.39,1,-0.199713796377,0,-0.275705695152,0,0,-0.275705695152,0,-0.275705695152,0,-0.180384680416,1.16526257082,-0.199713798907,1.0600908193,0.0193291184909,0.105171751522,-2.05310907454,2.58399987802,-0.275705697051,-0.000123624313142,-0.0102224839433,-0.199441544819,1.11901680835,-4.85257792587e-06,0.00121314448147,-0.199565169133,-0.178061845733,1.15777790814,1.1087943244,-0.197366889904,1.16455497876,0.00219827922839,0.055760654355,-1.0066823144,-0.275705697051,0.542596779181,-0.180384680416,1.16526257082,0.0193291184909,0.105171751522,0.0193291184909,0.105171751522,-0.011705975701,4,0
2695,5.39,2,0.351847231388,0,-1.09281647205,0,0,-1.09281647205,0,-1.09281647205,0,0.35048084901,-1.45657820722,0.351847229423,-1.44125978167,-0.00136638041352,-0.0153184255503,-1.02057605228,-0.0639744734998,-1.09281652203,8.78245503137e-05,0.00721210164641,0.35165748508,-1.48134246906,6.06572246492e-06,-0.00151643061624,0.35174530963,0.347577305668,-1.44722237879,-1.47413036741,0.341922024342,-1.45693482492,-0.00982328528742,0.0171955424916,3.67777960118,-1.09281652203,-1.09281652203,0.35048084901,-1.45657820722,-0.00136638041352,-0.0153184255503,-0.00136638041352,-0.0153184255503,0.00826599625018,4,0
2700,5.4,1,-0.189289942384,0,0.724294304848,0,0,0.724294304848,0,0.724294304848,0,-0.168876866497,1.14303178963,-0.189289948756,1.0368620052,0.020413082259,0.106169784427,0.667751000923,2.84889935009,0.724294302949,-7.90690301453e-05,-0.00627311229073,-0.189132548042,1.06755904571,-1.34035509938e-06,0.000335088774849,-0.189211617072,-0.166591819558,1.14151820343,1.06128593342,-0.163261840293,1.14326574905,0.0259497767791,0.081979815636,-0.128823235558,0.724294302949,3.52387229167,-0.168876866497,1.14303178963,0.020413082259,0.106169784427,0.020413082259,0.106169784427,-0.00722194065247,4,0
2700,5.4,2,0.337578773499,0,-2.02624702454,0,0,-2.02624702454,0,-2.02624702454,0,0.336096081675,-1.42878973048,0.337578780141,-1.42907387998,-0.00148269846597,0.000284149500261,-1.85527482949,-0.168552145955,-2.02624708211,2.96767709998e-05,0.00206398541055,0.337538551953,-1.43247481588,1.67544388846e-06,-0.000418860972111,0.337568228724,0.333239773014,-1.42689774772,-1.43041083047,0.320642120335,-1.42943364553,-0.0169261083897,0.000977184932964,0.032484268553,-2.02624708211,-2.02624708211,0.336096081675,-1.42878973048,-0.00148269846597,0.000284149500261,-0.00148269846597,0.000284149500261,0.00242010666255,4,0
2705,5.41,1,-0.178910925984,0,0.524294316769,0,0,0.524294316769,0,0.524294316769,0,-0.157562353882,1.10968719991,-0.17891093111,1.03580850177,0.0213485772275,0.0738786981369,-4.04558546267,2.88171803643,0.524294302949,-2.26567894105e-05,-0.00184260207997,-0.178861638175,1.04691278067,-8.90100359038e-06,0.0022252508976,-0.178884294964,-0.155355779197,1.09661159003,1.04507017859,-0.191199547469,1.10828565017,-0.012315252505,0.0632154715801,-0.475632652351,0.524294302949,-1.16175294269,-0.157562353882,1.10968719991,0.0213485772275,0.0738786981369,0.0213485772275,0.0738786981369,-0.0021144835529,4,0
2705,5.41,2,0.323163896799,0,-1.02624702454,0,0,-1.02624702454,0,-1.02624702454,0,0.321952940973,-1.38710899299,0.323163886668,-1.44066483527,-0.00121094569474,0.05355584228,-0.366463389506,0.0258700415737,-1.02624708211,-4.29291837933e-05,-0.00363124794282,0.323262344473,-1.41904713694,1.11262545734e-05,-0.00278156364336,0.323219415289,0.319194722631,-1.37076448051,-1.42267838488,0.318938865482,-1.38723457947,-0.00428054980706,0.0354438054126,4.26285322698,-1.02624708211,-0.336446949784,0.321952940973,-1.38710899299,-0.00121094569474,0.05355584228,-0.00121094569474,0.05355584228,-0.00414639814834,4,0
2710,5.42,1,-0.168758645654,0,-0.475705683231,0,0,-0.475705683231,0,-0.475705683231,0,-0.146832147482,1.03157341018,-0.168758640963,0.995660002726,0.0219264934814,0.0359134074519,-6.11235068646,2.67189910764,-0.475705697051,-4.67103622318e-05,-0.00413371877565,-0.168637934325,1.02578724036,-1.21722707349e-05,0.00304306768373,-0.168684644688,-0.144787124696,1.01338218966,1.02165352159,-0.197641074567,1.02945637155,-0.0289564298793,0.00780284996195,-1.60920754973,-0.475705697051,-3.43575733571,-0.146832147482,1.03157341018,0.0219264934814,0.0359134074519,0.0219264934814,0.0359134074519,-0.00469424312243,4,0
2710,5.42,2,0.309107631445,0,-0.0262470822781,0,0,-0.0262470822781,0,-0.0262470822781,0,0.308540183045,-1.28946675511,0.309107633159,-1.37120011992,-0.000567450113334,0.0817333648044,0.341594155422,0.361227477061,-0.0262470821051,-1.08825250411e-05,-0.00059257210199,0.309111783274,-1.3745769033,1.52153385225e-05,-0.00380383463063,0.309100900749,0.305983904579,-1.26672772931,-1.3751694754,0.311387883436,-1.28934810093,0.00228698268767,0.085821374473,8.32944118658,-0.0262470821051,0.703544794885,0.308540183045,-1.28946675511,-0.000567450113334,0.0817333648044,-0.000567450113334,0.0817333648044,-0.000723162402483,4,0
2715,5.43,1,-0.159265011549,0,-1.47570574284,0,0,-1.47570574284,0,-1.47570574284,0,-0.13697493865,0.940182024055,-0.159265018793,0.913010405502,0.022290080144,0.0271716185529,-5.66071609127,2.52879307528,-1.47570569705,-0.000107056751532,-0.00922319436256,-0.159004471925,0.974924764016,-1.1400977074e-05,0.00285024426849,-0.159111528677,-0.135111934434,0.922951375135,0.965701569653,-0.183978403877,0.938223546337,-0.0248668752002,-0.0274780233164,-2.70045373519,-1.47570569705,-3.12141514061,-0.13697493865,0.940182024055,0.022290080144,0.0271716185529,0.022290080144,0.0271716185529,-0.0105078753809,4,0
2715,5.43,2,0.296230882406,0,0.709562659264,0,0,0.709562659264,0,0.709562659264,0,0.296218672085,-1.17522752172,0.296230870316,-1.22171576765,-1.2198231551e-05,0.0464882459347,0.27940921471,0.436973276026,0.709562675981,6.74393047743e-05,0.00601054309702,0.296053668679,-1.26629118159,1.4251221427e-05,-0.00356280535675,0.296121107984,0.293889916832,-1.15368921044,-1.2602806385,0.29848631354,-1.17513303666,0.00236520555642,0.0851476018421,11.0491398565,0.709562675981,0.709562675981,0.296218672085,-1.17522752172,-1.2198231551e-05,0.0464882459347,-1.2198231551e-05,0.0464882459347,0.00681981475431,4,0
2720,5.44,1,-0.150731965899,0,-1.27570569515,0,0,-1.27570569515,0,-1.27570569515,0,-0.127973758473,0.865153491089,-0.150731960328,0.816791352649,0.0227582018551,0.0483621384408,-2.81581940682,2.64359704917,-1.27570569705,-0.000151391180485,-0.0125933751853,-0.150394233971,0.89075225672,-6.83394314852e-06,0.00170848578713,-0.150545625151,-0.126254328828,0.85458936519,0.878158881534,-0.151278376878,0.864182465323,-0.000732751727002,-0.0139764162117,-2.55033021137,-1.27570569705,-0.157812288299,-0.127973758473,0.865153491089,0.0227582018551,0.0483621384408,0.0227582018551,0.0483621384408,-0.0144100693511,4,0
2720,5.44,2,0.284988969564,0,-0.205666571856,0,0,-0.205666571856,0,-0.205666571856,0,0.284967196951,-1.08144185498,0.284988970018,-1.06891140573,-2.17730668968e-05,-0.0125304492521,-0.54195201258,0.200538276216,-0.205666570177,0.000124464863135,0.010338468303,0.284712966437,-1.12877360291,8.54242897835e-06,-0.00213560724458,0.2848374313,0.282817909912,-1.06823669754,-1.1184351346,0.280360327827,-1.08163380786,-0.00447710347279,0.0368013267421,7.02937111511,-0.205666570177,-0.353245783024,0.284967196951,-1.08144185498,-2.17730668968e-05,-0.0125304492521,-2.17730668968e-05,-0.0125304492521,0.0118320466606,4,0
2725,5.45,1,-0.142915263772,0,-0.275705695152,0,0,-0.275705695152,0,-0.275705695152,0,-0.119524489315,0.834277106778,-0.142915256505,0.76482626409,0.0233907671904,0.0694508426881,0.9319524385,2.95178875199,-0.275705697051,-0.000110926923431,-0.00892602130051,-0.142686281319,0.811390631934,-1.82373612947e-06,0.000455934032369,-0.142797208242,-0.117857320363,0.832216673975,0.802464610633,-0.111686350671,0.834603695888,0.0311108575716,0.0321390852549,-1.60304160661,-0.275705697051,3.89399833487,-0.119524489315,0.834277106778,0.0233907671904,0.0694508426881,0.0233907671904,0.0694508426881,-0.0102571443817,4,0
2725,5.45,2,0.274748027325,0,-1.20566654205,0,0,-1.20566654205,0,-1.20566654205,0,0.274405610593,-1.04284637441,0.274748024627,-1.00669042928,-0.000342414033821,-0.0361559451305,-1.68516170618,-0.121663758957,-1.20566657018,7.12568836494e-05,0.00552493630895,0.274614475265,-1.03076147626,2.27967017202e-06,-0.000569917543009,0.274685732149,0.272321649421,-1.04027083339,-1.02523653996,0.260333859674,-1.04343269736,-0.0143518724751,-0.0181961574072,2.84415757238,-1.20566657018,-1.81320548405,0.274405610593,-1.04284637441,-0.000342414033821,-0.0361559451305,-0.000342414033821,-0.0361559451305,0.00638001891274,4,0
2730,5.46,1,-0.135382086039,0,-0.475705683231,0,0,-0.475705683231,0,-0.475705683231,0,-0.111337744933,0.789569434508,-0.135382081887,0.743950242005,0.0240443369542,0.0456191925032,-5.39030275152,3.02407581845,-0.475705697051,-4.40463262475e-05,-0.00355713525334,-0.135288523544,0.764187204576,-1.17622942915e-05,0.00294057357288,-0.135332569871,-0.109775554853,0.772273319193,0.760630069323,-0.156145096562,0.787702461524,-0.0208125266909,0.0270723922008,-1.87883647156,-0.475705697051,-2.3621412419,-0.111337744933,0.789569434508,0.0240443369542,0.0456191925032,0.0240443369542,0.0456191925032,-0.00408569116831,4,0
2730,5.46,2,0.264714390039,0,-0.562988877296,0,0,-0.562988877296,0,-0.562988877296,0,0.264172180207,-0.986961783833,0.264714404355,-0.995441272643,-0.000542224148273,0.00847948881021,0.317705006189,-0.0670099341028,-0.562988888118,-1.51123998607e-05,-0.00139881513565,0.264755107222,-0.985788532642,1.47028679237e-05,-0.00367571698091,0.264739994822,0.262219442626,-0.965341639601,-0.987187347777,0.266828278676,-0.986851113063,0.00208828385375,0.000336234713961,5.44211414326,-0.562988888118,0.25227523602,0.264172180207,-0.986961783833,-0.000542224148273,0.00847948881021,-0.000542224148273,0.00847948881021,-0.00158016393398,4,0
2735,5.47,1,-0.128254920244,0,-1.47570574284,0,0,-1.47570574284,0,-1.47570574284,0,-0.10392323803,0.687615338592,-0.128254915079,0.686134779542,0.0243316770487,0.00148055904937,-7.91762752168,2.76158712133,-1.47570569705,-5.97394277158e-05,-0.00520256318322,-0.128106016972,0.722320918374,-1.55817113596e-05,0.00389542783991,-0.1281657564,-0.102571258878,0.664303292807,0.717118355191,-0.169739873749,0.68487297877,-0.0415741173494,-0.0322453764211,-2.94415592678,-1.47570569705,-5.15012096404,-0.10392323803,0.687615338592,0.0243316770487,0.00148055904937,0.0243316770487,0.00148055904937,-0.00591943631581,4,0
2735,5.47,2,0.255212754011,0,0.437011122704,0,0,0.437011122704,0,0.437011122704,0,0.254904046674,-0.859519163448,0.255212766634,-0.90905958562,-0.00030871995977,0.0495404221715,1.19433503464,0.269049433433,0.437011111882,7.03837493975e-06,0.000884204216098,0.255177713169,-0.920950171219,1.94771392683e-05,-0.00486928481706,0.255184751544,0.253214072753,-0.830379106115,-0.920065967002,0.264831531207,-0.859105518259,0.00964677966364,0.0609604487433,9.34484179086,0.437011111882,1.46241580335,0.254904046674,-0.859519163448,-0.00030871995977,0.0495404221715,-0.00030871995977,0.0495404221715,0.000968664715375,4,0
2740,5.48,1,-0.121958911419,0,-2.47570562363,0,0,-2.47570562363,0,-2.47570562363,0,-0.097630121113,0.572051155104,-0.12195891076,0.586521313861,0.024328789647,-0.0144701587572,-7.12754138332,2.54257647778,-2.47570569705,-0.000117540199649,-0.0100913153897,-0.121675141678,0.653528633278,-1.41027953805e-05,0.00352569884513,-0.121792681877,-0.0965075434823,0.550711718824,0.643437317888,-0.156827677457,0.569584590256,-0.0350349955799,-0.073852727632,-3.96683674166,-2.47570569705,-4.57346310775,-0.097630121113,0.572051155104,0.024328789647,-0.0144701587572,0.024328789647,-0.0144701587572,-0.0115017977855,4,0
2740,5.48,2,0.247052833438,0,1.4269785881,0,0,1.4269785881,0,1.4269785881,0,0.247037650628,-0.715063933608,0.247052829838,-0.743838923036,-1.51792098095e-05,0.0287749894278,1.05254593485,0.382747279854,1.42697856268,8.31489121025e-05,0.00731686508308,0.246840476451,-0.796193648306,1.76284942778e-05,-0.00440712356945,0.246923625363,0.24563442861,-0.688389638178,-0.788876783223,0.255724496655,-0.71470198169,0.0088008712918,0.0741748015328,12.9275678661,1.42697856268,1.42697856268,0.247037650628,-0.715063933608,-1.51792098095e-05,0.0287749894278,-1.51792098095e-05,0.0287749894278,0.00831465202831,4,0
2745,5.49,1,-0.116815052927,0,-2.29617834091,0,0,-2.29617834091,0,-2.29617834091,0,-0.0924019636278,0.48035715977,-0.116815052477,0.469874949389,0.0244130888493,0.0104822103811,-3.49725926852,2.61692439938,-2.29617839351,-0.000166630723273,-0.0138759319169,-0.116442132413,0.551811400016,-8.14635440086e-06,0.00203658860021,-0.116608763136,-0.0914542487744,0.467747660898,0.537935468099,-0.121363215077,0.47915044096,-0.00475445194035,-0.0587850271391,-3.76541796112,-2.29617839351,-0.864459368537,-0.0924019636278,0.48035715977,0.0244130888493,0.0104822103811,0.0244130888493,0.0104822103811,-0.0158755005961,4,0
2745,5.49,2,0.240762710571,0,0.447655260563,0,0,0.447655260563,0,0.447655260563,0,0.240502453876,-0.600446439126,0.240762713221,-0.563187576372,-0.000260259344861,-0.0372588627537,0.00554695969974,0.101387060229,0.44765525832,0.000147133502503,0.0122447897883,0.240434468321,-0.634868191711,1.01829430248e-05,-0.0025457357562,0.240581601824,0.23931781033,-0.584684565498,-0.622623401923,0.240432047508,-0.600449372724,-0.000149554315688,0.0221740291985,8.46267786472,0.44765525832,0.09292362811,0.240502453876,-0.600446439126,-0.000260259344861,-0.0372588627537,-0.000260259344861,-0.0372588627537,0.0140103918183,4,0
2750,5.5,1,-0.112582832575,0,-1.29617834091,0,0,-1.29617834091,0,-1.29617834091,0,-0.0878383125658,0.443857567968,-0.112582831408,0.398854905485,0.0247445188422,0.0450026624822,0.910648884826,2.95436833776,-1.29617839351,-0.000127755219236,-0.0103287728682,-0.112315955496,0.453842228871,-2.12859716049e-06,0.000532149290124,-0.112443710715,-0.0869522157139,0.441451978075,0.443513456002,-0.0801640466082,0.444177329049,0.0322796641071,0.000663873046762,-2.74253356541,-1.29617839351,3.87687905809,-0.0878383125658,0.443857567968,0.0247445188422,0.0450026624822,0.0247445188422,0.0450026624822,-0.011861835499,4,0
2750,5.5,2,0.235725834966,0,-0.552344739437,0,0,-0.552344739437,0,-0.552344739437,0,0.234797890155,-0.554821949273,0.235725835064,-0.476841261448,-0.000927944909345,-0.0779806878252,-1.33469885625,-0.345737929959,-0.55234474168,9.60180653877e-05,0.00758847328355,0.235536546828,-0.51329503028,2.66074645583e-06,-0.000665186613959,0.235632564893,0.233690269111,-0.551814961901,-0.505706556997,0.223621963253,-0.555287612894,-0.0120106016399,-0.0495810558967,4.08704976966,-0.55234474168,-1.68917747628,0.234797890155,-0.554821949273,-0.000927944909345,-0.0779806878252,-0.000927944909345,-0.0779806878252,0.0087406900682,4,0
2755,5.51,1,-0.108803465962,0,-1.36884140968,0,0,-1.36884140968,0,-1.36884140968,0,-0.083580711997,0.392163111608,-0.108803464659,0.363746276872,0.0252227526621,0.0284168347356,-6.40149342984,3.05672237912,-1.36884136234,-5.72876809288e-05,-0.00459735261294,-0.10868327625,0.389252434815,-1.34722096747e-05,0.00336805241866,-0.108740563931,-0.0828158245722,0.372339555133,0.384655082202,-0.136790073176,0.389946054892,-0.0280495092449,0.00529097268999,-2.81493444849,-1.36884136234,-3.33948624594,-0.083580711997,0.392163111608,0.0252227526621,0.0284168347356,0.0252227526621,0.0284168347356,-0.00528480478408,4,0
2755,5.51,2,0.231086015701,0,-0.0945186987519,0,0,-0.0945186987519,0,-0.0945186987519,0,0.229475889551,-0.490203878707,0.231086012339,-0.452700503363,-0.00161012278819,-0.0375033753443,0.98570757914,-0.389051846381,-0.0945186999729,4.92648787733e-06,0.000189080490348,0.231085688857,-0.45133600898,1.68402621205e-05,-0.00421006553014,0.231090615345,0.228519780292,-0.465424433073,-0.451146928489,0.237673818542,-0.489862298333,0.00658320319692,-0.0387153698434,5.78110250987,-0.0945186999729,0.596407534413,0.229475889551,-0.490203878707,-0.00161012278819,-0.0375033753443,-0.00161012278819,-0.0375033753443,0.000248198344875,4,0
2760,5.52,1,-0.105541542172,0,-2.36884140968,0,0,-2.36884140968,0,-2.36884140968,0,-0.0802076881877,0.276348686766,-0.1055415385,0.295446624121,0.0253338503123,-0.0190979373555,-9.14174551198,2.76658066195,-2.36884136234,-6.60107235965e-05,-0.00571341679219,-0.105379329386,0.334449617301,-1.74659055123e-05,0.00436647637807,-0.10544534011,-0.079681093807,0.250197761181,0.328736200508,-0.156202752034,0.273182225772,-0.050757411924,-0.055553974736,-3.80643030747,-2.36884136234,-6.36865930456,-0.0802076881877,0.276348686766,0.0253338503123,-0.0190979373555,0.0253338503123,-0.0190979373555,-0.00650554547534,4,0
2760,5.52,2,0.227049529552,0,0.905481278896,0,0,0.905481278896,0,0.905481278896,0,0.225259609899,-0.345435847443,0.227049528788,-0.360100467366,-0.00178991888937,0.0146646199238,1.94461676812,-0.0592349875576,0.905481300027,1.84772795271e-05,0.0018251728578,0.226989587113,-0.377376930654,2.18323819171e-05,-0.00545809547926,0.227008064393,0.224601366945,-0.312747190421,-0.375551757796,0.241419636529,-0.344762513,0.0144115721364,0.0307892447964,9.55010734337,0.905481300027,1.88333488035,0.225259609899,-0.345435847443,-0.00178991888937,0.0146646199238,-0.00178991888937,0.0146646199238,0.00204690021212,4,0
2765,5.53,1,-0.103213325143,0,-3.36884140968,0,0,-3.36884140968,0,-3.36884140968,0,-0.0780946773159,0.147923933376,-0.103213321974,0.185735502959,0.0251186446579,-0.0378115695832,-8.09025537275,2.51018745444,-3.36884136234,-0.000122292937531,-0.0104861792804,-0.102918942689,0.255090021226,-1.54241338152e-05,0.00385603345381,-0.103041235627,-0.0778224119903,0.12456456244,0.244603841946,-0.145297186944,0.145123828808,-0.0422559513175,-0.0994800131374,-4.75573378617,-3.36884136234,-5.56811422378,-0.0780946773159,0.147923933376,0.0251186446579,-0.0378115695832,0.0251186446579,-0.0378115695832,-0.0119536945308,4,0
2765,5.53,2,0.224413409829,0,1.79700505733,0,0,1.79700505733,0,1.79700505733,0,0.22261834642,-0.184904905535,0.224413405986,-0.189262738133,-0.00179505956602,0.00435783259779,1.73661958409,0.0696600834939,1.79700505347,9.32113135478e-05,0.00815607835021,0.224178377109,-0.246670808658,1.92801672838e-05,-0.00482004182094,0.224271588423,0.222278014785,-0.155705691842,-0.238514730308,0.236987940624,-0.184306172443,0.0127163522012,0.054208557865,12.6155416499,1.79700505347,1.79700505347,0.22261834642,-0.184904905535,-0.00179505956602,0.00435783259779,-0.00179505956602,0.00435783259779,0.00927461411278,4,0
2770,5.54,1,-0.102121636271,0,-3.168841362,0,0,-3.168841362,0,-3.168841362,0,-0.0771513110031,0.048540122808,-0.102121636277,0.0618923278276,0.0249703252738,-0.0133522050196,-4.02963312082,2.56261305206,-3.16884136234,-0.000168301873126,-0.0140009831038,-0.10174579472,0.14432534965,-8.66134372544e-06,0.00216533593136,-0.101914096593,-0.0770680798744,0.0351195565666,0.130324366546,-0.110540115289,0.0471489226294,-0.00862601869662,-0.0831754439166,-4.46089074185,-3.16884136234,-1.45099946318,-0.0771513110031,0.048540122808,0.0249703252738,-0.0133522050196,0.0249703252738,-0.0133522050196,-0.0160206055813,4,0
2770,5.54,2,0.223654657602,0,0.80048853159,0,0,0.80048853159,0,0.80048853159,0,0.221439138641,-0.0606751422514,0.223654655773,-0.0112997954836,-0.00221551713201,-0.0493753467678,0.566010492083,-0.181788658996,0.800488519542,0.000153496041634,0.0127570872174,0.223313150315,-0.0857346828343,1.08266796592e-05,-0.0027066699148,0.223466646356,0.221335099753,-0.0438994344457,-0.0729775956169,0.226026270307,-0.0604840117653,0.00255962395093,0.0124935838516,7.98457335309,0.800488519542,0.36962279337,0.221439138641,-0.0606751422514,-0.00221551713201,-0.0493753467678,-0.00221551713201,-0.0493753467678,0.014599039717,4,0
2775,5.55,1,-0.10200894624,0,-2.168841362,0,0,-2.168841362,0,-2.168841362,0,-0.07692,0.00999015786696,-0.102008948261,-0.0157227765352,0.0250889482608,0.0257129344022,0.607243649994,2.89873903134,-2.16884136234,-0.000127960843538,-0.0103460805376,-0.101741603073,0.0393779661403,-2.22509627064e-06,0.000556274067661,-0.101869563917,-0.076901712582,0.00747488678347,0.0290318856027,-0.0717695645561,0.0102047593438,0.0300999993608,-0.0188271262589,-3.36587541738,-2.16884136234,3.517864292,-0.07692,0.00999015786696,0.0250889482608,0.0257129344022,0.0250889482608,0.0257129344022,-0.01188161066,4,0
2775,5.55,2,0.224116101861,0,-0.199511483312,0,0,-0.199511483312,0,-0.199511483312,0,0.22115,-0.0124876860709,0.224116107553,0.0715994424411,-0.00296610755271,-0.084087128512,-0.84050177571,-0.610684213676,-0.199511480458,0.000100535074029,0.00796515960983,0.223916643252,0.0328717172377,2.78137033796e-06,-0.000695342584489,0.224017178326,0.22112714075,-0.00934359721689,0.0408368768475,0.214081660122,-0.0127822002325,-0.00993551820403,-0.0536190770801,3.52204935803,-0.199511480458,-1.46035756988,0.22115,-0.0124876860709,-0.00296610755271,-0.084087128512,-0.00296610755271,-0.084087128512,0.00917158049817,4,0
2780,5.56,1,-0.102402709424,0,-1.96884131432,0,0,-1.96884131432,0,-1.96884131432,0,-0.0770083068525,-0.0436308690182,-0.102402711697,-0.0537338413914,0.025394404844,0.0101029723733,-6.97872806592,2.99516774554,-1.96884136234,-5.59515988271e-05,-0.0044276082611,-0.102288412392,-0.0301714385547,-1.38633713084e-05,0.00346584282711,-0.10234436399,-0.0771155945932,-0.0640413988265,-0.0345990468158,-0.135021165405,-0.0460480714578,-0.0326768014144,-0.011449024642,-3.09606091395,-1.96884136234,-3.97846129294,-0.0770083068525,-0.0436308690182,0.025394404844,0.0101029723733,0.025394404844,0.0101029723733,-0.00509902744702,4,0
2780,5.56,2,0.224922597408,0,0.194587931037,0,0,0.194587931037,0,0.194587931037,0,0.221260383678,0.0545385975174,0.224922595157,0.0874399609191,-0.00366221147922,-0.0329013634017,1.56992517215,-0.615172626153,0.194587937924,7.41537081587e-06,0.000319338655424,0.224920457454,0.089234044585,1.73292141281e-05,-0.00433230353202,0.224927872824,0.221394493377,0.0800517597671,0.0895533832405,0.234317022977,0.0550826241548,0.00938915015264,-0.0344707590856,4.88636659155,0.194587937924,0.954344222888,0.221260383678,0.0545385975174,-0.00366221147922,-0.0329013634017,-0.00366221147922,-0.0329013634017,0.000408323105215,4,0
2785,5.57,1,-0.103305906057,0,-2.96884131432,0,0,-2.96884131432,0,-2.96884131432,0,-0.0780069412082,-0.161968899955,-0.103305903411,-0.120460168192,0.0252989622033,-0.0415087317632,-9.66341826432,2.66824509353,-2.96884136234,-5.84174723506e-05,-0.00507381724363,-0.10316126801,-0.0854382388433,-1.76404151413e-05,0.00441010378532,-0.103219685482,-0.0783572783266,-0.188398870541,-0.0905120560869,-0.15834782249,-0.165316436675,-0.0551281370078,-0.074804380588,-4.0215116915,-2.96884136234,-6.98939834387,-0.0780069412082,-0.161968899955,0.0252989622033,-0.0415087317632,0.0252989622033,-0.0415087317632,-0.00577482691183,4,0
2785,5.57,2,0.226210683584,0,1.19458794594,0,0,1.19458794594,0,1.19458794594,0,0.222508676735,0.202461136103,0.2262106766,0.167342699908,-0.00370199986522,0.0351184361958,2.51693309335,-0.200000108764,1.19458793792,1.28951761456e-05,0.0013520301319,0.226163877553,0.153074823866,2.20505189087e-05,-0.00551262972718,0.226176772729,0.222946598155,0.23549859931,0.154426853998,0.243434233652,0.203333034308,0.0172574609232,0.0489061803108,8.60216425706,1.19458793792,2.31542621234,0.222508676735,0.202461136103,-0.00370199986522,0.0351184361958,-0.00370199986522,0.0351184361958,0.00150677224565,4,0
2790,5.58,1,-0.105128765106,0,-3.96884131432,0,0,-3.96884131432,0,-3.96884131432,0,-0.0802808726083,-0.290683113597,-0.105128762569,-0.22887194658,0.0248478899609,-0.0618111670173,-8.45326437266,2.37480163416,-3.96884136234,-0.000114343213166,-0.00982816539825,-0.104851984744,-0.163364346649,-1.52356505659e-05,0.00380891264147,-0.104966327958,-0.0808855708149,-0.313775841208,-0.173192512047,-0.150509482012,-0.293609305655,-0.0455431540542,-0.120416793608,-4.90653163702,-3.96884136234,-6.06726245454,-0.0802808726083,-0.290683113597,0.0248478899609,-0.0618111670173,0.0248478899609,-0.0618111670173,-0.0112002839562,4,0
2790,5.58,2,0.228776693344,0,2.19458794594,0,0,2.19458794594,0,2.19458794594,0,0.225351091096,0.363353903,0.228776686365,0.326217602896,-0.00342559526918,0.0371363001043,2.26286253042,0.0254844532104,2.19458793792,8.728184905e-05,0.00766777528028,0.228554629217,0.271609557787,1.90445631831e-05,-0.00476114079578,0.228641911066,0.226106963876,0.392219812478,0.279277333067,0.244103096971,0.364135236578,0.015461185905,0.084857903511,12.056274647,2.19458793792,2.27963182616,0.225351091096,0.363353903,-0.00342559526918,0.0371363001043,-0.00342559526918,0.0371363001043,0.00871515746888,4,0
2795,5.59,1,-0.108197309077,0,-3.76884126663,0,0,-3.76884126663,0,-3.76884126663,0,-0.0837146407356,-0.388028359574,-0.108197306546,-0.355317594571,0.0244826658103,-0.0327107650027,-4.35967686665,2.40697395315,-3.76884136234,-0.000166613836365,-0.0138928758526,-0.107823290313,-0.272923952415,-8.32850037907e-06,0.00208212509477,-0.10798990415,-0.0845040405743,-0.400946294654,-0.286816828268,-0.119850110751,-0.389534004158,-0.0118602066013,-0.10271717589,-4.54660726194,-3.76884136234,-1.93681067161,-0.0837146407356,-0.388028359574,0.0244826658103,-0.0327107650027,0.0244826658103,-0.0327107650027,-0.015892241889,4,0
2795,5.59,2,0.233171850443,0,1.29045248032,0,0,1.29045248032,0,1.29045248032,0,0.229643301364,0.485035460295,0.233171852514,0.504827436574,-0.00352855114991,-0.0197919762791,1.08310333627,-0.181298756643,1.29045246845,0.000155710611222,0.0129831074903,0.232822856898,0.428265716645,1.04106254546e-05,-0.00260265636366,0.23297856751,0.230630051184,0.501182879115,0.441248824135,0.238529970631,0.485405738181,0.00555140312143,0.044156914046,7.7161844337,1.29045246845,0.886952944802,0.229643301364,0.485035460295,-0.00352855114991,-0.0197919762791,-0.00352855114991,-0.0197919762791,0.014851634825,4,0
2800,5.6,1,-0.112274192274,0,-2.76884126663,0,0,-2.76884126663,0,-2.76884126663,0,-0.0878383121239,-0.424855158491,-0.112274191509,-0.435837017949,0.024435879385,0.0109818594578,0.0523123902879,2.73784834671,-2.76884136234,-0.000131089706199,-0.0106202491704,-0.111998919884,-0.378803839462,-2.10378745491e-06,0.000525946863728,-0.112130009591,-0.0886896242398,-0.427233898507,-0.389424088632,-0.0873016961162,-0.424832799491,0.0248283134745,-0.0354087108588,-3.38399251808,-2.76884136234,2.80235406264,-0.0878383121239,-0.424855158491,0.024435879385,0.0109818594578,0.024435879385,0.0109818594578,-0.0121933256448,4,0
2800,5.6,2,0.238804474473,0,0.290452480316,0,0,0.290452480316,0,0.290452480316,0,0.234797890707,0.53106895885,0.238804470918,0.589346826795,-0.00400658021069,-0.0582778679443,-0.2520360261,-0.585860789071,0.29045246845,0.000108752476075,0.00866619797482,0.238585440563,0.546063662722,2.62973431281e-06,-0.000657433578202,0.238694193039,0.235862030874,0.534042383863,0.554729860696,0.23261828097,0.530978141778,-0.00607591206889,-0.0237517189184,3.16172288063,0.29045246845,-0.847868042859,0.234797890707,0.53106895885,-0.00400658021069,-0.0582778679443,-0.00400658021069,-0.0582778679443,0.00997122768772,4,0
2805,5.61,1,-0.116889707744,0,-2.56884145737,0,0,-2.56884145737,0,-2.56884145737,0,-0.0922638823078,-0.47515395619,-0.116889708008,-0.477553793116,0.0246258256998,0.00239983692554,-7.06495022065,2.84681898925,-2.56884136234,-6.25609582063e-05,-0.00500338257901,-0.116759195605,-0.450125389339,-1.28974895668e-05,0.00322437239169,-0.116821756563,-0.0932328431424,-0.494153534466,-0.455128771918,-0.150988563957,-0.477600817926,-0.0341668073941,-0.0224720460078,-3.04528603637,-2.56884136234,-4.21237711733,-0.0922638823078,-0.47515395619,0.0246258256998,0.00239983692554,0.0246258256998,0.00239983692554,-0.00575411407748,4,0
2805,5.61,2,0.244808450341,0,0.75460344553,0,0,0.75460344553,0,0.75460344553,0,0.240329853544,0.593942455824,0.244808454595,0.609415908094,-0.0044786010512,-0.0154734522694,2.01249679259,-0.594364812878,0.754603433721,1.99700852374e-05,0.00139754076853,0.244776368125,0.604222245649,1.6121861917e-05,-0.00403046547926,0.24479633821,0.241541054608,0.617691928608,0.605619786418,0.25705797509,0.594639460889,0.0122616368797,-0.010980325529,4.70347714049,0.754603433721,1.41649479792,0.240329853544,0.593942455824,-0.0044786010512,-0.0154734522694,-0.0044786010512,-0.0154734522694,0.00163718179138,4,0
2810,5.62,1,-0.122055456042,0,-3.56884145737,0,0,-3.56884145737,0,-3.56884145737,0,-0.0975364215399,-0.584431842244,-0.122055455013,-0.548296714943,0.0245190334732,-0.0361351273017,-9.43139105623,2.57816686905,-3.56884136234,-6.83177825601e-05,-0.00590773208494,-0.121887955943,-0.508081031521,-1.60881580282e-05,0.00402203950706,-0.121956273725,-0.0987293967192,-0.608553708161,-0.513988763606,-0.17593916825,-0.587698623357,-0.0539828945245,-0.0737098597516,-3.90027818977,-3.56884136234,-6.8464966417,-0.0975364215399,-0.584431842244,0.0245190334732,-0.0361351273017,0.0245190334732,-0.0361351273017,-0.00672754547567,4,0
2810,5.62,2,0.251349717379,0,1.75460338593,0,0,1.75460338593,0,1.75460338593,0,0.246920527688,0.730539813018,0.251349723059,0.694788708361,-0.00442919537065,0.0357511046567,2.85503284327,-0.245529524685,1.75460343372,2.95215337985e-05,0.00274788911907,0.251264831687,0.67192601606,2.01101974746e-05,-0.00502754936866,0.251294353221,0.248411746683,0.760692145324,0.674673905179,0.270645427757,0.731528350521,0.0193510745362,0.0568544453416,8.30741804651,1.75460343372,2.60640117106,0.246920527688,0.730539813018,-0.00442919537065,0.0357511046567,-0.00442919537065,0.0357511046567,0.00310214752466,4,0
2815,5.63,1,-0.128179058433,0,-4.56884145737,0,0,-4.56884145737,0,-4.56884145737,0,-0.103974706963,-0.700836072103,-0.128179060954,-0.660392663597,0.0242043539914,-0.0404434085052,-8.1812228034,2.37790095793,-4.56884136234,-0.00012586924101,-0.0107941796235,-0.127875987967,-0.588970478189,-1.35557956861e-05,0.00338894892153,-0.128001857208,-0.105397176628,-0.721401679314,-0.599764657813,-0.171931045483,-0.703667586208,-0.0439291882748,-0.103902928395,-4.71402058678,-4.56884136234,-5.79101723495,-0.103974706963,-0.700836072103,0.0242043539914,-0.0404434085052,0.0242043539914,-0.0404434085052,-0.0123046105156,4,0
2815,5.63,2,0.259218871593,0,2.44077563286,0,0,2.44077563286,0,2.44077563286,0,0.254968384567,0.876045099874,0.259218872488,0.858330257466,-0.0042504879214,0.0177148424076,2.57998961785,-0.128737944589,2.44077553998,0.000105697239153,0.00920776641159,0.258955029663,0.794368706325,1.69447445468e-05,-0.00423618613671,0.259060726903,0.256746471668,0.901752108796,0.803576472736,0.276343886692,0.876935745796,0.017283159789,0.0733592730595,10.3943586298,2.44077553998,2.44077553998,0.254968384567,0.876045099874,-0.0042504879214,0.0177148424076,-0.0042504879214,0.0177148424076,0.0104761332814,4,0
2820,5.64,1,-0.135513886809,0,-3.96884131432,0,0,-3.96884131432,0,-3.96884131432,0,-0.111449488382,-0.786613922568,-0.13551388983,-0.776513022931,0.0240644014486,-0.0101008996369,-4.45563425614,2.48546117191,-3.96884136234,-0.000164818327171,-0.0136358323281,-0.135149537892,-0.697313496511,-7.18040538754e-06,0.00179510134688,-0.13531435622,-0.113034247231,-0.797764728996,-0.710949328839,-0.148385535,-0.78815292451,-0.0130711787802,-0.0772035956718,-3.89045341786,-3.96884136234,-1.95455943198,-0.111449488382,-0.786613922568,0.0240644014486,-0.0101008996369,0.0240644014486,-0.0101008996369,-0.0156136522542,4,0
2820,5.64,2,0.268792152405,0,1.44966673851,0,0,1.44966673851,0,1.44966673851,0,0.264311861435,0.983267412547,0.268792143693,1.01091223191,-0.00448028225765,-0.0276448193648,1.50688072075,-0.349052475458,1.44966672631,0.000156174646251,0.0128798073752,0.268449528465,0.937145900038,8.97550669554e-06,-0.00224387667388,0.268605703111,0.266292810016,0.997205920522,0.950025707414,0.276724701513,0.983784614217,0.00811899840121,0.0337589068032,5.6734449908,1.44966672631,1.14307434216,0.264311861435,0.983267412547,-0.00448028225765,-0.0276448193648,-0.00448028225765,-0.0276448193648,0.0147539031303,4,0
2825,5.65,1,-0.143719643354,0,-2.96884131432,0,0,-2.96884131432,0,-2.96884131432,0,-0.119524488475,-0.818112691796,-0.143719648543,-0.843337684888,0.0241951600684,0.0252249930912,-0.700700594143,2.81013882776,-2.96884136234,-0.000118382206899,-0.0095493539624,-0.143473787531,-0.792966753066,-1.77654526465e-06,0.000444136316162,-0.143592169738,-0.121162067763,-0.820122053098,-0.802516107028,-0.125262282474,-0.818351766546,0.0183298872638,-0.0158356595179,-2.67307667724,-2.96884136234,2.12040817406,-0.119524488475,-0.818112691796,0.0241951600684,0.0252249930912,0.0241951600684,0.0252249930912,-0.0109699404452,4,0
2825,5.65,2,0.279314279556,0,0.44966673851,0,0,0.44966673851,0,0.44966673851,0,0.274405611644,1.0226408739,0.279314291968,1.06719870343,-0.00490868032459,-0.0445578295296,0.374185373009,-0.658274957037,0.449666726315,9.49609513408e-05,0.00750209820541,0.279127314524,1.03119383515,2.22068157008e-06,-0.000555170392522,0.279222275475,0.276452585773,1.02515257552,1.03869593335,0.277446530133,1.02276757884,-0.00177574534238,-0.0159283545127,1.12810876832,0.449666726315,-0.292731213649,0.274405611644,1.0226408739,-0.00490868032459,-0.0445578295296,-0.00490868032459,-0.0445578295296,0.0086416296215,4,0
2830,5.66,1,-0.152340352535,0,-2.76884126663,0,0,-2.76884126663,0,-2.76884126663,0,-0.127854116346,-0.860165663538,-0.152340349595,-0.874082025391,0.024486233249,0.0139163618526,-6.65287461287,2.90886827607,-2.76884136234,-5.11914875978e-05,-0.00409463921569,-0.152233468935,-0.851511621693,-1.06691116842e-05,0.00266727792105,-0.152284660422,-0.129589901636,-0.875894479182,-0.855606260909,-0.18315948072,-0.862470053721,-0.0308748202974,-0.00686379281149,-2.28331706941,-2.76884136234,-3.73929739974,-0.127854116346,-0.860165663538,0.024486233249,0.0139163618526,0.024486233249,0.0139163618526,-0.00470893706686,4,0
2830,5.66,2,0.289961129427,0,1.04966676235,0,0,1.04966676235,0,1.04966676235,0,0.284817646573,1.07520708831,0.289961137828,1.06669511876,-0.00514349125461,0.00851196955165,2.27157616082,-0.575444839594,1.04966672631,8.0664062378e-06,0.000455990031254,0.289953319442,1.0663903236,1.3336389534e-05,-0.00333409738349,0.289961385848,0.286987378204,1.09486810776,1.06684631364,0.303710042058,1.07599427146,0.01374865621,0.00914795782366,3.21828185144,1.04966672631,1.69557853432,0.284817646573,1.07520708831,-0.00514349125461,0.00851196955165,-0.00514349125461,0.00851196955165,0.000552786906107,4,0
2835,5.67,1,-0.161414951086,0,-3.76884126663,0,0,-3.76884126663,0,-3.76884126663,0,-0.136884447578,-0.949686523839,-0.161414957523,-0.93547042454,0.0245305099452,-0.0142160992993,-8.46973475445,2.70110038122,-3.76884136234,-6.19995276478e-05,-0.00539652809554,-0.161260665358,-0.897992856612,-1.29610799146e-05,0.00324026997864,-0.161322664885,-0.138803284096,-0.969139068784,-0.903389384708,-0.207292163893,-0.952620178685,-0.0459694990076,-0.0492307939774,-3.08725254038,-3.76884136234,-5.7624938508,-0.136884447578,-0.949686523839,0.0245305099452,-0.0142160992993,0.0245305099452,-0.0142160992993,-0.00614052242732,4,0
2835,5.67,2,0.300978899002,0,2.04966664314,0,0,2.04966664314,0,2.04966664314,0,0.2961055607,1.18710816306,0.300978893612,1.13610668495,-0.00487333291274,0.0510014781109,2.92762737765,-0.232859703329,2.04966672631,2.38478651297e-05,0.00229217834022,0.300905640858,1.11561365282,1.62013497957e-05,-0.00405033744894,0.300929488724,0.298504106363,1.2114238441,1.11790583116,0.320438724165,1.18812204488,0.0195092354418,0.0702162137178,6.81135588424,2.04966672631,2.6921893216,0.2961055607,1.18710816306,-0.00487333291274,0.0510014781109,-0.00487333291274,0.0510014781109,0.00257835272178,4,0
2840,5.68,1,-0.171354010701,0,-4.68795394897,0,0,-4.68795394897,0,-4.68795394897,0,-0.146856862789,-1.04238631286,-0.171354003835,-1.03759359201,0.0244971410461,-0.00479272084416,-7.30221838002,2.60227142039,-4.6879541779,-0.000122486218977,-0.0105229470978,-0.171059724219,-0.968509306261,-1.05490050759e-05,0.00263725126896,-0.171182210438,-0.148957862671,-1.05841169475,-0.979032253359,-0.207503453554,-1.04491325414,-0.0363212431166,-0.065881000782,-3.76992906371,-4.6879541779,-4.6879541779,-0.146856862789,-1.04238631286,0.0244971410461,-0.00479272084416,0.0244971410461,-0.00479272084416,-0.0119927817255,4,0
2840,5.68,2,0.31316229701,0,2.48868656158,0,0,2.48868656158,0,2.48868656158,0,0.308571079792,1.30298289861,0.313162303888,1.28117677307,-0.0045912240955,0.021806125538,2.65901861595,-0.160094314954,2.48868654092,0.000103093402702,0.00900063924427,0.312906149002,1.21948521966,1.31862562534e-05,-0.00329656406335,0.313009242405,0.311197329659,1.32301462583,1.2284858589,0.330605998524,1.30390102022,0.0175967561194,0.0754151613194,7.90315605319,2.48868654092,2.48868654092,0.308571079792,1.30298289861,-0.0045912240955,0.021806125538,-0.0045912240955,0.021806125538,0.0102377600767,4,0
2845,5.69,1,-0.182329669595,0,-3.68795418739,0,0,-3.68795418739,0,-3.68795418739,0,-0.157640973813,-1.10820023416,-0.182329673844,-1.13081077247,0.0246887000305,0.0226105383149,-4.3095546558,2.76554507256,-3.6879541779,-0.000148879186488,-0.012256079329,-0.18200418896,-1.06076290534,-5.32944228784e-06,0.00133236057196,-0.182153068147,-0.159865964437,-1.11649239331,-1.07301898467,-0.193374869352,-1.10968914647,-0.0112218012054,-0.0366701618044,-2.50730049962,-3.6879541779,-1.52996695367,-0.157640973813,-1.10820023416,0.0246887000305,0.0226105383149,0.0246887000305,0.0226105383149,-0.0140426295669,4,0
2845,5.69,2,0.326745599508,0,1.52947509289,0,0,1.52947509289,0,1.52947509289,0,0.322051218645,1.38525029963,0.32674559153,1.39700427391,-0.00469437288437,-0.0117539742746,1.79808615206,-0.347629461924,1.52947508651,0.000136329141255,0.0111574183978,0.326451639541,1.33473677274,6.66180280501e-06,-0.00166545070126,0.326587968682,0.324832456938,1.39561549849,1.34589419114,0.336902874387,1.38586911862,0.0103149057051,0.0399749274858,3.35010846625,1.52947508651,1.43766332205,0.322051218645,1.38525029963,-0.00469437288437,-0.0117539742746,-0.00469437288437,-0.0117539742746,0.0127933680929,4,0
2850,5.7,1,-0.193938627839,0,-2.68795418739,0,0,-2.68795418739,0,-2.68795418739,0,-0.16887686534,-1.1312876547,-0.193938632065,-1.17456761668,0.025061766725,0.0432799619788,-1.57940311558,3.05040918759,-2.6879541779,-9.76120560008e-05,-0.00782062043205,-0.193739385698,-1.13450569386,-1.27540244624e-06,0.000318850611561,-0.193836997754,-0.17114041413,-1.132730947,-1.1423263143,-0.181940944235,-1.13183199132,0.0118960535188,0.0104943229724,-1.25791849831,-2.6879541779,1.47999803712,-0.16887686534,-1.1312876547,0.025061766725,0.0432799619788,0.025061766725,0.0432799619788,-0.00899196510406,4,0
2850,5.7,2,0.340918958187,0,0.529475092888,0,0,0.529475092888,0,0.529475092888,0,0.336096083121,1.41410957506,0.340918971545,1.41879542517,-0.00482288842329,-0.00468585010821,0.979173258348,-0.506655419303,0.529475086514,6.87236366454e-05,0.00531883384711,0.340790847591,1.39579811053,1.59425304319e-06,-0.000398563260802,0.340859571227,0.338925519123,1.41591369042,1.40111694438,0.344190611295,1.41444684707,0.00333104006746,0.0133299026928,-1.13063275681,0.529475086514,0.466374321559,0.336096083121,1.41410957506,-0.00482288842329,-0.00468585010821,-0.00482288842329,-0.00468585010821,0.00614351748685,4,0
2855,5.71,1,-0.205771625042,0,-2.28539872169,0,0,-2.28539872169,0,-2.28539872169,0,-0.180295188886,-1.16097836261,-0.205771629589,-1.18913072406,0.0254764407029,0.0281523614517,-5.78393436071,3.11722547692,-2.28539860521,-4.06021846293e-05,-0.00328566072942,-0.205685679041,-1.17079158113,-7.39636681391e-06,0.00184909170348,-0.205726281225,-0.182627887875,-1.17189676956,-1.17407724186,-0.228379721077,-1.16298188479,-0.0226534398517,0.0110953570728,-0.637103818832,-2.28539860521,-2.66293599684,-0.180295188886,-1.16097836261,0.0254764407029,0.0281523614517,0.0254764407029,0.0281523614517,-0.00377288694498,4,0
2855,5.71,2,0.354994922876,0,1.52947509289,0,0,1.52947509289,0,1.52947509289,0,0.350368987619,1.45122295959,0.354994927173,1.40692776277,-0.00462593955359,0.0442951968213,2.32412489018,-0.356821779221,1.52947508651,-4.85943837708e-06,-0.000527562790783,0.355012598114,1.41178485287,9.24545842312e-06,-0.00231136460578,0.355007738676,0.353284861368,1.46487096814,1.41125729008,0.369708002659,1.45202875189,0.0147002639832,0.040771461805,2.56589841478,1.52947508651,1.96788898701,0.350368987619,1.45122295959,-0.00462593955359,0.0442951968213,-0.00462593955359,0.0442951968213,-0.000585876051308,4,0
2860,5.72,1,-0.217886790633,0,-3.28539872169,0,0,-3.28539872169,0,-3.28539872169,0,-0.19219936038,-1.22197927162,-0.217886792655,-1.23223977775,0.0256874322755,0.01026050612,-6.87334239391,2.97409395497,-3.28539860521,-5.60433905911e-05,-0.00491139415476,-0.217745189808,-1.19744172083,-8.5652809938e-06,0.00214132024845,-0.217801233198,-0.194656229148,-1.23485834497,-1.20235311498,-0.249331493308,-1.22435977716,-0.0315302601099,-0.0220066621807,-1.41232685364,-3.28539860521,-3.8936645241,-0.19219936038,-1.22197927162,0.0256874322755,0.01026050612,0.0256874322755,0.01026050612,-0.00558391484186,4,0
2860,5.72,2,0.369360238314,0,2.52947497368,0,0,2.52947497368,0,2.52947497368,0,0.365249202046,1.52747409504,0.369360238782,1.46721699836,-0.00411103673607,0.0602570966775,2.72985323248,-0.111233010117,2.52947508651,1.60574875865e-05,0.00165262552087,0.369303912711,1.45036963589,1.07066011173e-05,-0.00267665027934,0.369319970198,0.368320288017,1.54357293653,1.45202226141,0.38794320205,1.52841967837,0.0186232318516,0.0763974169596,6.13655616088,2.52947508651,2.61677490699,0.365249202046,1.52747409504,-0.00411103673607,0.0602570966775,-0.00411103673607,0.0602570966775,0.0018453153719,4,0
2865,5.73,1,-0.230644732714,0,-3.11689925194,0,0,-3.11689925194,0,-3.11689925194,0,-0.204729735896,-1.28190051858,-0.230644732659,-1.30410778799,0.0259149967637,0.0222072694136,-5.90259889397,2.96169028784,-3.11689934598,-0.000110485241102,-0.00934170368945,-0.230389368234,-1.24641405055,-6.50960434945e-06,0.00162740108736,-0.230499853475,-0.207303605487,-1.29181699911,-1.25575575424,-0.253744069628,-1.28394278249,-0.0232442161528,-0.0281870282421,-0.990172186362,-3.11689934598,-2.93024107954,-0.204729735896,-1.28190051858,0.0259149967637,0.0222072694136,0.0259149967637,0.0222072694136,-0.0106675265827,4,0
2865,5.73,2,0.384704202414,0,2.36491560936,0,0,2.36491560936,0,2.36491560936,0,0.380912171491,1.60237565281,0.384704216776,1.57708045184,-0.00379204528463,0.025295200971,2.49427527683,-0.120971021768,2.36491549083,8.62388309393e-05,0.00735389825937,0.384501872219,1.53099340948,8.13700532387e-06,-0.00203425133096,0.38458811105,0.38412950849,1.6147712533,1.53834730774,0.401591989967,1.60323731191,0.0170038789165,0.0648900041713,4.85156219009,2.36491549083,2.36491549083,0.380912171491,1.60237565281,-0.00379204528463,0.025295200971,-0.00379204528463,0.025295200971,0.00838876423064,4,0
2870,5.74,1,-0.243960931897,0,-2.11689925194,0,0,-2.11689925194,0,-2.11689925194,0,-0.217767552602,-1.32130818555,-0.243960933328,-1.34447598132,0.0261933807261,0.0231677957727,-3.93548913493,3.05568037928,-2.11689934598,-0.000102874883543,-0.00839067755452,-0.243741251689,-1.29821580856,-2.95679624457e-06,0.00073919906114,-0.243844126573,-0.220414977414,-1.32593000311,-1.30660648611,-0.250426386228,-1.32266897028,-0.00658225965541,-0.0160624841685,0.266825678933,-2.11689934598,-0.870183579492,-0.217767552602,-1.32130818555,0.0261933807261,0.0231677957727,0.0261933807261,0.0231677957727,-0.00962517615703,4,0
2870,5.74,2,0.400872856379,0,1.7030390501,0,0,1.7030390501,0,1.7030390501,0,0.397209442416,1.65163523578,0.400872851211,1.63410804985,-0.0036634087953,0.0175271859314,1.93000453571,-0.22008670647,1.70303902188,7.46928400504e-05,0.00598249327957,0.400720418248,1.60361403566,3.69599524042e-06,-0.000923998810102,0.400795111088,0.400518723438,1.65741250763,1.60959652894,0.413207715373,1.65230183049,0.0124126042844,0.0427053015498,1.62101153196,1.70303902188,1.70303902188,0.397209442416,1.65163523578,-0.0036634087953,0.0175271859314,-0.0036634087953,0.0175271859314,0.00687880736018,4,0
2875,5.75,1,-0.257439523935,0,-1.11689937115,0,0,-1.11689937115,0,-1.11689937115,0,-0.231064488215,-1.33372429982,-0.257439527686,-1.34517849963,0.0263750394716,0.0114541998076,-2.49691045805,3.13573878504,-1.11689934598,-5.42957618855e-05,-0.00427597024845,-0.257333370576,-1.32483981163,-6.49414350129e-07,0.000162353587531,-0.257387666338,-0.233732434581,-1.33446024362,-1.32911578187,-0.251795022193,-1.33458807207,0.00559264414462,-0.00547229019527,1.4985876811,-1.11689934598,0.643755846378,-0.231064488215,-1.33372429982,0.0263750394716,0.0114541998076,0.0263750394716,0.0114541998076,-0.00492751939108,4,0
2875,5.75,2,0.417205661535,0,1.29102432728,0,0,1.29102432728,0,1.29102432728,0,0.413830611969,1.66715537833,0.417205667371,1.62484522896,-0.00337505540278,0.0423101493724,1.50515805491,-0.213392684756,1.29102433733,1.1143308914e-05,0.000607313125046,0.417201272251,1.62806331596,8.11767920605e-07,-0.000202941980148,0.41721241556,0.417165544933,1.66807530806,1.62867062909,0.426345692915,1.66767684004,0.00913327735473,0.0390062109515,-0.406332041385,1.29102433733,1.29102433733,0.413830611969,1.66715537833,-0.00337505540278,0.0423101493724,-0.00337505540278,0.0423101493724,0.000741032832014,4,0
2880,5.76,1,-0.270794332027,0,-1.28509926796,0,0,-1.28509926796,0,-1.28509926796,0,-0.244453802371,-1.34814641054,-0.270794326551,-1.33135262648,0.0263405241799,-0.0167937840594,-4.54164261264,3.03039631887,-1.28509927003,-1.79882112552e-05,-0.00151422063148,-0.270751860531,-1.32112634078,-3.3996140264e-06,0.0008499035066,-0.270769848742,-0.247155074228,-1.35318563905,-1.32264056141,-0.282220839045,-1.34972003707,-0.0114509903025,-0.0270794756621,1.53643604574,-1.28509927003,-1.50951621461,-0.244453802371,-1.34814641054,0.0263405241799,-0.0167937840594,0.0263405241799,-0.0167937840594,-0.00173007916654,4,0
2880,5.76,2,0.433348447084,0,2.11569404602,0,0,2.11569404602,0,2.11569404602,0,0.430567254698,1.68518301632,0.43334843394,1.61508226889,-0.00278117924163,0.0701007474322,2.16606053136,-0.05371990673,2.11569398554,-3.54139434221e-05,-0.00292839358609,0.433425342591,1.63111121647,4.249517425e-06,-0.00106237935625,0.433389928647,0.433943844525,1.69148205179,1.62818282289,0.448614371999,1.68593497954,0.0152244433522,0.0577521566557,2.59251954769,2.11569398554,2.11569398554,0.430567254698,1.68518301632,-0.00278117924163,0.0701007474322,-0.00278117924163,0.0701007474322,-0.00335336090716,4,0
2885,5.77,1,-0.284182041883,0,-1.92006921768,0,0,-1.92006921768,0,-1.92006921768,0,-0.258066550879,-1.37465617427,-0.284182031449,-1.34724153701,0.0261154805699,-0.0274146372645,-4.79622792061,2.87166725396,-1.92006922223,-4.50888758261e-05,-0.00395037791009,-0.284069201096,-1.31989350894,-3.33105269146e-06,0.000832763172861,-0.284114289972,-0.260820956465,-1.37970108258,-1.32384388685,-0.297928483437,-1.37631708813,-0.0138141934651,-0.0524732012841,1.11665157863,-1.92006922223,-1.92006922223,-0.258066550879,-1.37465617427,0.0261154805699,-0.0274146372645,0.0261154805699,-0.0274146372645,-0.00449144442,4,0
2885,5.77,2,0.449727594852,0,2.35905575752,0,0,2.35905575752,0,2.35905575752,0,0.44758319036,1.71832022006,0.4497275865,1.65758945905,-0.00214439614014,0.0607307610064,2.28169092614,0.0776120771188,2.35905584972,-1.16285713659e-08,0.000247293085473,0.449713002955,1.65143528837,4.16381572438e-06,-0.00104095393109,0.449712991326,0.451026197347,1.72462635523,1.65168258145,0.466562272004,1.71911101513,0.016849280678,0.0674284336725,3.16875812719,2.35905584972,2.35905584972,0.44758319036,1.71832022006,-0.00214439614014,0.0607307610064,-0.00214439614014,0.0607307610064,0.000247153542617,4,0
2890,5.78,1,-0.297771453857,0,-1.31759548187,0,0,-1.31759548187,0,-1.31759548187,0,-0.27192832624,-1.39593337002,-0.297771467968,-1.3642532007,0.0258431417279,-0.0316801693208,-4.11640955406,2.79230153708,-1.31759551809,-6.83754920391e-05,-0.00569199298907,-0.297618229143,-1.33050300296,-1.83299819428e-06,0.000458249548575,-0.297686604635,-0.274723117253,-1.39877025498,-1.33619499595,-0.306118111101,-1.39735794439,-0.0084315064658,-0.061162948438,1.94242791345,-1.31759551809,-1.31759551809,-0.27192832624,-1.39593337002,0.0258431417279,-0.0316801693208,0.0258431417279,-0.0316801693208,-0.00651249889354,4,0
2890,5.78,2,0.466582089663,0,2.18204331398,0,0,2.18204331398,0,2.18204331398,0,0.464910409578,1.74491671371,0.46658207763,1.70062482528,-0.00167166805155,0.0442918884273,2.10202891158,0.082795849255,2.18204335621,2.93072867259e-05,0.00242971718824,0.466517214549,1.68666113248,2.29124761925e-06,-0.000572811904814,0.466546521836,0.468403898346,1.74846281973,1.68909084966,0.482373820381,1.74564435582,0.0158272985452,0.056553506158,1.99933561819,2.18204335621,2.18204335621,0.464910409578,1.74491671371,-0.00167166805155,0.0442918884273,-0.00167166805155,0.0442918884273,0.00278140462895,4,0
2895,5.79,1,-0.311396688223,0,-0.647683382034,0,0,-0.647683382034,0,-0.647683382034,0,-0.285943616289,-1.40507728564,-0.311396699789,-1.35831189633,0.0254530834996,-0.0467653893123,-3.36642281831,2.71363725978,-0.647683358699,-5.46919050462e-05,-0.00444589696599,-0.311280618782,-1.33395817509,-2.94718383698e-07,7.36795959229e-05,-0.311335310687,-0.288754326903,-1.4055763459,-1.33840407206,-0.313906075507,-1.4062423881,-0.00257076482049,-0.0678383160479,2.82605814944,-0.647683358699,-0.647683358699,-0.285943616289,-1.40507728564,0.0254530834996,-0.0467653893123,0.0254530834996,-0.0467653893123,-0.00510219982654,4,0
2895,5.79,2,0.483683586121,0,1.96256005764,0,0,1.96256005764,0,1.96256005764,0,0.482429522147,1.75634660744,0.483683588399,1.71236408576,-0.00125406625216,0.0439825216725,1.88937382851,0.0740825431396,1.96256005445,1.09239236493e-05,0.000765230120627,0.483668056581,1.71077786812,3.68397910178e-07,-9.20994775468e-05,0.483678980504,0.485942910416,1.75697043266,1.71154309824,0.49813956037,1.75700119236,0.0144605798653,0.045458094122,0.714366561999,1.96256005445,1.96256005445,0.482429522147,1.75634660744,-0.00125406625216,0.0439825216725,-0.00125406625216,0.0439825216725,0.000896317204419,4,0
2900,5.8,1,-0.324870318174,0,-0.774106442928,0,0,-0.774106442928,0,-0.774106442928,0,-0.299999999285,-1.40560671787,-0.324870332139,-1.34039907346,0.0248703328539,-0.0652076444089,-3.35916185998,2.58172489918,-0.774106465099,-3.52696005124e-05,-0.0029072605004,-0.324792329221,-1.32318204833,4.01429464669e-08,-1.00357366228e-05,-0.324827598822,-0.302811186047,-1.40556327386,-1.32608930883,-0.327916793996,-1.40676991765,-0.00308919517491,-0.080680608822,2.90007751386,-0.774106465099,-0.774106465099,-0.299999999285,-1.40560671787,0.0248703328539,-0.0652076444089,0.0248703328539,-0.0652076444089,-0.00333049570655,4,0
2900,5.8,2,0.500778973103,0,2.01877570152,0,0,2.01877570152,0,2.01877570152,0,0.500000000894,1.75700839742,0.500778951202,1.70811873156,-0.000778950307846,0.0488896658623,1.8998173544,0.117593206354,2.0187756974,-1.39185594865e-05,-0.00119811393477,0.500811832668,1.71553795292,-5.01787009721e-08,1.2544675231e-05,0.500797914109,0.503513984347,1.75695409238,1.71433983899,0.515815730455,1.75766738615,0.0150178163467,0.0433275471605,0.610450059035,2.0187756974,2.0187756974,0.500000000894,1.75700839742,-0.000778950307846,0.0488896658623,-0.000778950307846,0.0488896658623,-0.00136513664861,4,0
2905,5.81,1,-0.338199973106,0,-0.607043743134,0,0,-0.607043743134,0,-0.607043743134,0,-0.314049664693,-1.40334849472,-0.338199959606,-1.32760290871,0.0241502949125,-0.075745586014,-3.04279626975,2.43207211919,-0.607043713906,-3.84160653302e-05,-0.00321944386626,-0.338112718452,-1.30810819891,9.29916668613e-07,-0.000232479167153,-0.338151134517,-0.316855090108,-1.40201526999,-1.31132764278,-0.339331737481,-1.40440191442,-0.00118060296424,-0.0930742716395,3.26059125046,-0.607043713906,-0.607043713906,-0.314049664693,-1.40334849472,0.0241502949125,-0.075745586014,0.0241502949125,-0.075745586014,-0.00368043665023,4,0
2905,5.81,2,0.517878830433,0,1.97312378883,0,0,1.97312378883,0,1.97312378883,0,0.517562082653,1.75418561805,0.517878826644,1.71069588075,-0.000316743990645,0.0434897372985,1.81154954882,0.160710959674,1.97312372992,-9.31556445518e-06,-0.000751434649801,0.517898644563,1.71494094847,-1.16239594683e-06,0.000290598986705,0.517889328999,0.521068864421,1.75251908697,1.71418951382,0.5326393466,1.75481383738,0.014750017601,0.0406243235598,0.111773719613,1.97312372992,1.97312372992,0.517562082653,1.75418561805,-0.000316743990645,0.0434897372985,-0.000316743990645,0.0434897372985,-0.000863221423263,4,0
2910,5.82,1,-0.351351439953,0,-0.145944073796,0,0,-0.145944073796,0,-0.145944073796,0,-0.328038479546,-1.39277215279,-0.351351432619,-1.30496801746,0.0233129530733,-0.0878041353352,-2.43645486222,2.28720979242,-0.145944074551,-3.51486811174e-05,-0.00287921108272,-0.351275558762,-1.28880143065,2.22924225707e-06,-0.000557310564266,-0.351310707444,-0.33082080154,-1.38948906528,-1.29168064173,-0.3482796209,-1.39361553368,0.0030310865434,-0.101934891952,3.90577584185,-0.145944074551,-0.145944074551,-0.328038479546,-1.39277215279,0.0233129530733,-0.0878041353352,0.0233129530733,-0.0878041353352,-0.00330099525613,4,0
2910,5.82,2,0.534936666489,0,1.80669987202,0,0,1.80669987202,0,1.80669987202,0,0.535048101211,1.74096518969,0.534936693165,1.69997871324,0.000111408046627,0.0409864764512,1.62526974053,0.180116355393,1.80669985523,-1.31335156815e-05,-0.00115615712304,0.534970205561,1.70828277573,-2.78655296282e-06,0.000696638240703,0.534957072045,0.538526003701,1.7368613301,1.7071266186,0.548579471747,1.7415289968,0.0136223997021,0.0344023781963,-0.841361923559,1.80669985523,1.80669985523,0.535048101211,1.74096518969,0.000111408046627,0.0409864764512,0.000111408046627,0.0409864764512,-0.00131375931121,4,0
2915,5.83,1,-0.364203065634,0,0.0102330390364,0,0,0.0102330390364,0,0.0102330390364,0,-0.341874767599,-1.37332253716,-0.364203077218,-1.27119148644,0.0223283096193,-0.102131050713,-2.11293892453,2.12096885737,0.0102330390431,-2.35439036971e-05,-0.00192057935534,-0.364152459017,-1.26036608156,3.02303459537e-06,-0.000755758648843,-0.36417600292,-0.344616906416,-1.36880213249,-1.26228666092,-0.35943374841,-1.37405416136,0.00474225451037,-0.11176750044,4.2328144152,0.0102330390431,0.0102330390431,-0.341874767599,-1.37332253716,0.0223283096193,-0.102131050713,0.0223283096193,-0.102131050713,-0.00220310619971,4,0
2915,5.83,2,0.551788151264,0,1.73369300365,0,0,1.73369300365,0,1.73369300365,0,0.552343461259,1.71665316912,0.551788157866,1.67420289292,0.00055530339325,0.0424502762005,1.51856407668,0.212480358581,1.73369296939,-2.72736047655e-05,-0.00232125087419,0.551852239616,1.68892223424,-3.77879336644e-06,0.000944698341601,0.551824966011,0.555771134776,1.7110026631,1.68660098336,0.564998262874,1.71718045252,0.0131732968636,0.0305794691521,-1.36317698605,1.73369296939,1.73369296939,0.552343461259,1.71665316912,0.00055530339325,0.0424502762005,0.00055530339325,0.0424502762005,-0.00264853413138,4,0
2920,5.84,1,-0.376731485128,0,-0.669942557812,0,0,-0.669942557812,0,-0.669942557812,0,-0.355495616751,-1.35130763126,-0.37673149278,-1.24318132096,0.0212358760291,-0.108126310301,-2.65237950247,1.94027320045,-0.669942556937,-2.44018049577e-05,-0.00210979229768,-0.376671027888,-1.22845696843,2.39620856601e-06,-0.00059905214151,-0.376695429693,-0.358194481229,-1.34763508274,-1.23056676072,-0.377540485147,-1.35222616744,-0.000845055453897,-0.12165940672,3.71954572195,-0.669942556937,-0.709703688068,-0.355495616751,-1.35130763126,0.0212358760291,-0.108126310301,0.0212358760291,-0.108126310301,-0.00240261395717,4,0
2920,5.84,2,0.568397462368,0,1.92717945576,0,0,1.92717945576,0,1.92717945576,0,0.569369522671,1.68913453597,0.568397487399,1.65526586585,0.000972035272553,0.033868670113,1.67776766925,0.247122861636,1.92717948669,-2.50850210421e-05,-0.00198793554571,0.568446510164,1.66445223986,-2.9952607743e-06,0.000748815193576,0.568421425143,0.572743103263,1.68454385021,1.66246430432,0.583345730297,1.68971687795,0.0149243051543,0.0272525736344,-0.799763988186,1.92717948669,1.92717948669,0.569369522671,1.68913453597,0.000972035272553,0.033868670113,0.000972035272553,0.033868670113,-0.00228895579822,4,0
2925,5.85,1,-0.389141827822,0,-1.66994249821,0,0,-1.66994249821,0,-1.66994249821,0,-0.368935510425,-1.33989855694,-0.389141814892,-1.24422750764,0.0202063044664,-0.0956710492928,-4.07610654202,1.78842891846,-1.66994255694,-5.65761037353e-05,-0.00493194845781,-0.389000183288,-1.20974241697,7.25770772592e-07,-0.000181442693144,-0.389056759392,-0.371614759037,-1.33907997771,-1.21467436543,-0.402797519551,-1.34130947398,-0.0137407601589,-0.126635108557,2.90086934598,-1.66994255694,-2.28206676185,-0.368935510425,-1.33989855694,0.0202063044664,-0.0956710492928,0.0202063044664,-0.0956710492928,-0.00561086170263,4,0
2925,5.85,2,0.585030794144,0,2.33053469658,0,0,2.33053469658,0,2.33053469658,0,0.586169389731,1.67487319277,0.585030808485,1.67565119403,0.00113858124612,-0.000778001268604,2.12190122489,0.210508030143,2.33053459267,1.67493337978e-05,0.0016736703531,0.584974808248,1.65936588798,-9.07213482559e-07,0.00022680337064,0.584991557582,0.589518450489,1.67384996872,1.66103955833,0.603805659229,1.67560803733,0.0188141016473,0.0145684789999,0.512828305427,2.33053459267,2.33053459267,0.586169389731,1.67487319277,0.00113858124612,-0.000778001268604,0.00113858124612,-0.000778001268604,0.00187466235867,4,0
2930,5.86,1,-0.401649922132,0,-0.883097529411,0,0,-0.883097529411,0,-0.883097529411,0,-0.382270247945,-1.32118105053,-0.401649919831,-1.24998740829,0.0193796718859,-0.0711936422452,-1.42863468244,1.78934786245,-0.883097506748,-8.66964634769e-05,-0.00714091295793,-0.401460203079,-1.20927007172,5.16842064086e-06,-0.00129210516022,-0.401546899543,-0.384905212332,-1.31360587789,-1.21641098467,-0.394086844786,-1.32167340873,0.00746005475691,-0.105262424058,3.87901804217,-0.883097506748,0.368894450539,-0.382270247945,-1.32118105053,0.0193796718859,-0.0711936422452,0.0193796718859,-0.0711936422452,-0.00818127051965,4,0
2930,5.86,2,0.601928830147,0,1.33053457737,0,0,1.33053457737,0,1.33053457737,0,0.602837811596,1.65147630936,0.601928817201,1.68849304853,0.000908994394603,-0.0370167391713,1.2925329531,0.0302800860397,1.33053459267,5.50998285388e-05,0.00448571489245,0.601811552325,1.66424240387,-6.46052590458e-06,0.00161513147614,0.601866652154,0.606131517072,1.6420073434,1.66872811876,0.613547435501,1.65192254369,0.0116807833473,-0.0168055750725,-3.82611395988,1.33053459267,1.31766612631,0.602837811596,1.65147630936,0.000908994394603,-0.0370167391713,0.000908994394603,-0.0370167391713,0.00514691283491,4,0
2935,5.87,1,-0.413973629475,0,0.11690249294,0,0,0.11690249294,0,0.11690249294,0,-0.395265806479,-1.27455388898,-0.413973618587,-1.21591848493,0.0187078121082,-0.0586354040523,-0.019886871824,1.86788198267,0.116902493252,-5.10945609608e-05,-0.00403906026418,-0.413872573251,-1.19630255326,7.57132344154e-06,-0.00189283086038,-0.413923667812,-0.397803691819,-1.26326417714,-1.20034161352,-0.395392542092,-1.27455916963,0.01853112572,-0.0742175561117,5.04922461647,0.116902493252,1.85264730584,-0.395265806479,-1.27455388898,0.0187078121082,-0.0586354040523,0.0187078121082,-0.0586354040523,-0.00465219499571,4,0
2935,5.87,2,0.618494093418,0,0.707568764687,0,0,0.707568764687,0,0.707568764687,0,0.619082259721,1.59319235654,0.618494117326,1.62757155478,0.000588142395148,-0.034379198231,0.822037704215,-0.113688827468,0.707568793276,1.09916843003e-05,0.000648183259338,0.618486396883,1.62931884648,-9.46415443071e-06,0.00236603860768,0.618497388567,0.622254616386,1.57908021655,1.62996702974,0.625914212199,1.59347702123,0.0074168236317,-0.0364900085056,-6.46693954015,0.707568793276,0.707568793276,0.619082259721,1.59319235654,0.000588142395148,-0.034379198231,0.000588142395148,-0.034379198231,0.000780083470941,4,0
2940,5.88,1,-0.425773650408,0,1.11690247059,0,0,1.11690247059,0,1.11690247059,0,-0.407722214947,-1.21628132586,-0.425773652314,-1.1530854671,0.0180514373675,-0.0631958587551,-0.083728156342,1.85625733208,1.11690249325,-7.08127524773e-06,-0.00042791486632,-0.42576801781,-1.15383565809,7.58315169613e-06,-0.00189578792404,-0.425775099085,-0.410143281915,-1.20484612027,-1.15426357296,-0.40841447366,-1.21631016997,0.0173606254248,-0.0620465970142,6.18092012813,1.11690249325,1.7730420659,-0.407722214947,-1.21628132586,0.0180514373675,-0.0631958587551,0.0180514373675,-0.0631958587551,-0.000512890169292,4,0
2940,5.88,2,0.634197711945,0,0.688063919544,0,0,0.688063919544,0,0.688063919544,0,0.634652770254,1.52035165171,0.634197696674,1.53010812495,0.000455073580454,-0.00975647323807,0.798255275395,-0.114410620033,0.688063925952,-4.22388554772e-05,-0.00371240432464,0.63430494488,1.55630772154,-9.47893972891e-06,0.00236973493223,0.634262706025,0.637679103953,1.50605764455,1.55259531722,0.641328468383,1.5206298058,0.00706576235889,-0.0319655114231,-6.52440225733,0.688063925952,0.688063925952,0.634652770254,1.52035165171,0.000455073580454,-0.00975647323807,0.000455073580454,-0.00975647323807,-0.00421927059037,4,0
2945,5.89,1,-0.436871886253,0,0.62896579504,0,0,0.62896579504,0,0.62896579504,0,-0.419615319584,-1.16526257082,-0.436871897913,-1.08433136587,0.0172565783291,-0.0809312049505,-1.85942165866,1.68599609347,0.628965777253,1.4332058985e-05,0.00113456222236,-0.43689938899,-1.0891226554,4.85257792587e-06,-0.00121314448147,-0.436885056931,-0.421938154267,-1.15777790814,-1.08798809318,-0.435094514362,-1.16590753727,0.00179054256954,-0.0779194440939,5.80018816696,0.628965777253,-0.174732112124,-0.419615319584,-1.16526257082,0.0172565783291,-0.0809312049505,0.0172565783291,-0.0809312049505,0.00130654693018,4,0
2945,5.89,2,0.64894759655,0,1.31330144405,0,0,1.31330144405,0,1.31330144405,0,0.64951915099,1.45657820722,0.648947584408,1.44511742691,0.000571566582498,0.0114607803178,1.31333700456,-0.00630610738828,1.31330144491,-6.6677817518e-05,-0.00547041393148,0.649090954135,1.47518683478,-6.06572246487e-06,0.00151643061621,0.649024276318,0.652422694332,1.44722237879,1.46971642085,0.660496822136,1.45703561019,0.0114725458183,-0.0126808106568,-3.96333291495,1.31330144491,1.31330144491,0.64951915099,1.45657820722,0.000571566582498,0.0114607803178,0.000571566582498,0.0114607803178,-0.00627054774169,4,0
2950,5.9,1,-0.447504609823,0,-0.371034234762,0,0,-0.371034234762,0,-0.371034234762,0,-0.431123133503,-1.14303178963,-0.447504622486,-1.05514802313,0.0163814889831,-0.0878837664969,-4.5746113142,1.42866592152,-0.371034222747,-2.52679396672e-05,-0.00239505941871,-0.447429008334,-1.03442248801,1.34035509936e-06,-0.000335088774842,-0.447454276274,-0.433408180442,-1.14151820343,-1.03681754743,-0.469156378892,-1.14461650818,-0.0217021026183,-0.107798960759,4.91623672078,-0.371034222747,-3.14324711798,-0.431123133503,-1.14303178963,0.0163814889831,-0.0878837664969,0.0163814889831,-0.0878837664969,-0.00269827469472,4,0
2950,5.9,2,0.663262784481,0,2.21913194656,0,0,2.21913194656,0,2.21913194656,0,0.663903918325,1.42878973048,0.66326280114,1.43356759101,0.000641117184705,-0.00477786053119,2.14737111053,0.0706610981512,2.2191318851,-1.53624428867e-05,-0.000915327100731,0.663273731614,1.43106601763,-1.67544388852e-06,0.000418860972134,0.663258369171,0.666760226986,1.42689774772,1.43015069053,0.68177681222,1.42953443439,0.0185184430483,-0.000616256140999,-0.44338163682,2.2191318851,2.2191318851,0.663903918325,1.42878973048,0.000641117184705,-0.00477786053119,0.000641117184705,-0.00477786053119,-0.00109967641537,4,0
2955,5.91,1,-0.458021461964,0,-0.171034216881,0,0,-0.171034216881,0,-0.171034216881,0,-0.442437646118,-1.10968719991,-0.458021454208,-1.04690548904,0.0155838080897,-0.062781710867,0.144804741417,1.38356936778,-0.171034222747,-7.66952340672e-05,-0.00643504034524,-0.457847224774,-1.00829545975,8.90100359036e-06,-0.00222525089759,-0.457923920008,-0.444644220803,-1.09661159003,-1.01473050009,-0.441171842655,-1.10963445809,0.016752077353,-0.0949039580024,5.25315636935,-0.171034222747,1.53572949235,-0.442437646118,-1.10968719991,0.0155838080897,-0.062781710867,0.0155838080897,-0.062781710867,-0.00735538315404,4,0
2955,5.91,2,0.677703440189,0,1.21913182735,0,0,1.21913182735,0,1.21913182735,0,0.678047059027,1.38710899299,0.677703422133,1.44257786137,0.000343636893251,-0.0554688683798,0.657847237611,-0.124574916182,1.2191318851,4.91383341209e-05,0.00415018503283,0.677590707379,1.41764691072,-1.11262545736e-05,0.00278156364339,0.677639845713,0.680805277369,1.37076448051,1.42179709576,0.683480188116,1.38733537337,0.0058403424027,-0.0344617223875,-4.66894946623,1.2191318851,0.528532476387,0.678047059027,1.38710899299,0.000343636893251,-0.0554688683798,0.000343636893251,-0.0554688683798,0.00473984504228,4,0
2960,5.92,1,-0.468258291483,0,0.828965783119,0,0,0.828965783119,0,0.828965783119,0,-0.453167852518,-1.03157341018,-0.468258280862,-1.00282782868,0.0150904283439,-0.0287455815025,2.21779695587,1.57411993344,0.828965777253,-5.54313038333e-05,-0.0044039963011,-0.468147481606,-0.981151951169,1.2172270735e-05,-0.00304306768374,-0.46820291291,-0.455212875304,-1.01338218966,-0.98555594747,-0.434676071905,-1.03080291932,0.0335268410042,-0.0452469718493,6.37559425569,0.828965777253,3.79698606125,-0.453167852518,-1.03157341018,0.0150904283439,-0.0287455815025,0.0150904283439,-0.0287455815025,-0.0050691719471,4,0
2960,5.92,2,0.691796720028,0,0.219131886959,0,0,0.219131886959,0,0.219131886959,0,0.691459816955,1.28946675511,0.691796706916,1.37707527164,-0.000336889960896,-0.087608516525,-0.0509397979901,-0.462768764183,0.219131885096,2.35625695547e-05,0.00170480075659,0.69176039429,1.37253634947,-1.52153385224e-05,0.00380383463061,0.69178395686,0.694016095421,1.26672772931,1.37424115022,0.691019520112,1.28944840941,-0.000764436747564,-0.0847927408113,-8.73270945067,0.219131885096,-0.515696113764,0.691459816955,1.28946675511,-0.000336889960896,-0.087608516525,-0.000336889960896,-0.087608516525,0.00198755159125,4,0
2965,5.93,1,-0.477818667889,0,1.82896578312,0,0,1.82896578312,0,1.82896578312,0,-0.46302506135,-0.940182024055,-0.477818662234,-0.919835691476,0.0147936008834,-0.0203463325787,1.77227791417,1.70759579041,1.82896577725,-1.72069168655e-06,0.000124368938788,-0.477832237074,-0.926412037122,1.1400977074e-05,-0.0028502442685,-0.477833957765,-0.464888065566,-0.922951375135,-0.926287668183,-0.44828253773,-0.939567752237,0.0295514200351,-0.0132800840542,7.45778611724,1.82896577725,3.47976998394,-0.46302506135,-0.940182024055,0.0147936008834,-0.0203463325787,0.0147936008834,-0.0203463325787,0.00010372063855,4,0
2965,5.93,2,0.704795002937,0,-0.561012268066,0,0,-0.561012268066,0,-0.561012268066,0,0.703781327915,1.17522752172,0.704795025985,1.2390802209,-0.00101369806988,-0.0638526991875,0.0105289189113,-0.575704522719,-0.561012262701,-4.0361731135e-05,-0.0036790003336,0.704906387738,1.26801467239,-1.4251221427e-05,0.00356280535674,0.704866026007,0.706110083168,1.15368921044,1.26433567206,0.703903551222,1.17523261435,-0.000962474784783,-0.0891030577054,-11.6483452435,-0.561012262701,-0.561012262701,0.703781327915,1.17522752172,-0.00101369806988,-0.0638526991875,-0.00101369806988,-0.0638526991875,-0.00416334110723,4,0
2970,5.94,1,-0.486418038607,0,1.62896573544,0,0,1.62896573544,0,1.62896573544,0,-0.472026241527,-0.865153491089,-0.486418042719,-0.822885088005,0.014391801192,-0.0422684030849,-1.06670426937,1.59581580187,1.62896577725,3.90905080143e-05,0.00324507410443,-0.486503802818,-0.841038426769,6.8339431486e-06,-0.00170848578714,-0.48646471231,-0.473745671172,-0.85458936519,-0.837793352665,-0.480930935568,-0.865524520008,0.00553377674171,-0.0277311673428,7.30141348857,1.62896577725,0.525397372291,-0.472026241527,-0.865153491089,0.014391801192,-0.0422684030849,0.014391801192,-0.0422684030849,0.0037141602006,4,0
2970,5.94,2,0.716273784637,0,0.329392701387,0,0,0.329392701387,0,0.329392701387,0,0.715032803049,1.08144185498,0.716273802562,1.09595431532,-0.00124099951296,-0.0145124603397,0.831197668693,-0.405657142161,0.329392709859,-8.72957237219e-05,-0.00724484720807,0.716466600286,1.13750209431,-8.54242897841e-06,0.0021356072446,0.716379304562,0.717182090088,1.06823669754,1.13025724711,0.722016429237,1.08173283941,0.00563712467437,-0.0485244076999,-7.76016610092,0.329392709859,0.433832922425,0.715032803049,1.08144185498,-0.00124099951296,-0.0145124603397,-0.00124099951296,-0.0145124603397,-0.00829239589273,4,0
2975,5.95,1,-0.49427190423,0,0.62896579504,0,0,0.62896579504,0,0.62896579504,0,-0.480475510685,-0.834277106778,-0.494271903347,-0.766430356966,0.0137963926626,-0.0678467498125,-4.80863802995,1.28365138948,0.628965777253,3.53368195733e-06,1.01796129896e-05,-0.494261430847,-0.760240288753,1.82373612945e-06,-0.000455934032367,-0.494257897165,-0.482142679637,-0.832216673975,-0.76023010914,-0.520478482862,-0.835943897285,-0.0262205856962,-0.0757137881454,6.34697429772,0.628965777253,-3.52503922427,-0.480475510685,-0.834277106778,0.0137963926626,-0.0678467498125,0.0137963926626,-0.0678467498125,5.25837964775e-05,4,0
2975,5.95,2,0.726804614067,0,1.32939267159,0,0,1.32939267159,0,1.32939267159,0,0.725594389407,1.04284637441,0.726804633071,1.03592524032,-0.00121024366455,0.00692113409249,1.9737240247,-0.15213853702,1.32939270986,-4.1190812253e-05,-0.00307814788111,0.726874362515,1.0466214546,-2.27967017219e-06,0.00056991754304,0.726833171702,0.727678350579,1.04027083339,1.04354330672,0.742043302785,1.0435317458,0.0152101310826,-1.1560921658e-05,-3.60361260423,1.32939270986,1.8251579253,0.725594389407,1.04284637441,-0.00121024366455,0.00692113409249,-0.00121024366455,0.00692113409249,-0.00357243762814,4,0
2980,5.96,1,-0.50177115202,0,0.828965783119,0,0,0.828965783119,0,0.828965783119,0,-0.488662255067,-0.789569434508,-0.501771152704,-0.737234286337,0.0131088976369,-0.0523351481712,1.51953784626,1.18326319824,0.828965777253,-5.42917694798e-05,-0.00461413965368,-0.501644649596,-0.708727463334,1.17622942915e-05,-0.00294057357288,-0.501698941366,-0.490224445147,-0.772273319193,-0.713341602988,-0.475977581344,-0.789040906437,0.025721360022,-0.075699303449,6.61138473925,0.828965777253,2.70806668539,-0.488662255067,-0.789569434508,0.0131088976369,-0.0523351481712,0.0131088976369,-0.0523351481712,-0.00526564088743,4,0
2980,5.96,2,0.737084686756,0,0.564201951027,0,0,0.564201951027,0,0.564201951027,0,0.735827819793,0.986961783833,0.737084700735,1.01664013971,-0.0012568809422,-0.029678355874,-0.0298354976443,-0.223113154987,0.564201969565,3.02648195289e-05,0.00263221967157,0.737011240003,0.999823754438,-1.47028679236e-05,0.0036757169809,0.737041504823,0.737780557374,0.965341639601,1.00245597411,0.735554703161,0.986950403973,-0.00148680166213,-0.0155055701365,-6.68112190674,0.564201969565,-0.255944050138,0.735827819793,0.986961783833,-0.0012568809422,-0.029678355874,-0.0012568809422,-0.029678355874,0.00299539750591,4,0
2985,5.97,1,-0.508798897266,0,1.82896578312,0,0,1.82896578312,0,1.82896578312,0,-0.49607676197,-0.687615338592,-0.508798924171,-0.674628397388,0.0127221622015,-0.0129869412033,4.05244870376,1.40159902934,1.82896577725,-3.95953012498e-05,-0.00310233558225,-0.508722577009,-0.660382960702,1.55817113596e-05,-0.0038954278399,-0.50876217231,-0.497428741122,-0.664303292807,-0.663485296284,-0.462335123013,-0.686209436968,0.0464270492977,-0.0227241406843,7.66284431454,1.82896577725,5.4576252123,-0.49607676197,-0.687615338592,0.0127221622015,-0.0129869412033,0.0127221622015,-0.0129869412033,-0.00357747919724,4,0
2985,5.97,2,0.746784090996,0,-0.435798019171,0,0,-0.435798019171,0,-0.435798019171,0,0.745095953326,0.859519163448,0.746784077698,0.929137283885,-0.00168812437243,-0.0696181204372,-0.907119001843,-0.555210993505,-0.435798030435,1.29499473148e-05,0.000845372359972,0.746770015486,0.92922769922,-1.94771392682e-05,0.00486928481705,0.746782965433,0.746785927247,0.830379106115,0.93007307158,0.737541404083,0.859204390563,-0.00924156134993,-0.0708686810168,-10.5633634449,-0.435798030435,-1.46333076708,0.745095953326,0.859519163448,-0.00168812437243,-0.0696181204372,-0.00168812437243,-0.0696181204372,0.00100077172775,4,0
2990,5.98,1,-0.514973163605,0,2.82896566391,0,0,2.82896566391,0,2.82896566391,0,-0.502369878887,-0.572051155104,-0.51497315195,-0.574434865351,0.0126032730628,0.00238371024706,3.26727052182,1.58550479323,2.82896577725,1.09935353199e-05,0.00117447292598,-0.515014721292,-0.587114213791,1.41027953805e-05,-0.00352569884513,-0.515003727757,-0.503492456518,-0.550711718824,-0.585939740865,-0.475200679915,-0.570919105146,0.0398030478425,0.0150206357189,8.67419424183,2.82896577725,4.8514689197,-0.502369878887,-0.572051155104,0.0126032730628,0.00238371024706,0.0126032730628,0.00238371024706,0.00130639534982,4,0
2990,5.98,2,0.755186021328,0,-1.43579804897,0,0,-1.43579804897,0,-1.43579804897,0,0.752962349372,0.715063933608,0.755186019692,0.771977777429,-0.00222367032002,-0.0569138438211,-0.765903903014,-0.697922319102,-1.43579803044,-4.64913074315e-05,-0.00417543756602,0.755310242906,0.803590181549,-1.76284942778e-05,0.00440712356945,0.755263751599,0.75436557139,0.688389638178,0.799414743983,0.746630254511,0.714800096322,-0.00863349708798,-0.0846146476606,-14.1897332403,-1.43579803044,-1.45909288886,0.752962349372,0.715063933608,-0.00222367032002,-0.0569138438211,-0.00222367032002,-0.0569138438211,-0.0047333332552,4,0
2995,5.99,1,-0.519999206066,0,2.62896585464,0,0,2.62896585464,0,2.62896585464,0,-0.507598036372,-0.48035715977,-0.519999214754,-0.457824074509,0.012401178382,-0.0225330852616,-0.358817920807,1.49243844793,2.62896577725,5.49014885205e-05,0.00457178237449,-0.520121280796,-0.484176401296,8.14635440083e-06,-0.00203658860021,-0.520066379307,-0.508545751226,-0.467747660898,-0.479604618921,-0.51062651627,-0.480483346433,0.00943986303706,-0.000878727511795,8.44514884528,2.62896577725,1.12838992689,-0.507598036372,-0.48035715977,0.012401178382,-0.0225330852616,0.012401178382,-0.0225330852616,0.00523060023673,4,0
2995,5.99,2,0.761817336082,0,-0.491720348597,0,0,-0.491720348597,0,-0.491720348597,0,0.759497546124,0.600446439126,0.761817354172,0.600164463133,-0.00231980804783,0.000281975992543,0.280604716648,-0.484800557132,-0.491720334302,-9.68757125338e-05,-0.00805653893001,0.762032771476,0.646942698148,-1.01829430249e-05,0.00254573575621,0.761935895763,0.76068218967,0.584684565498,0.638886159218,0.761908558373,0.600546897969,-2.73373896756e-05,-0.0383392612486,-9.89251345056,-0.491720334302,-0.194976793004,0.759497546124,0.600446439126,-0.00231980804783,0.000281975992543,-0.00231980804783,0.000281975992543,-0.00921904748042,4,0
3000,6,1,-0.524088144302,0,1.62896573544,0,0,1.62896573544,0,1.62896573544,0,-0.512161687434,-0.443857567968,-0.524088167533,-0.382371161268,0.0119264800983,-0.0614864066995,-4.76297926287,1.13166665653,1.62896577725,2.13192225906e-05,0.00149870756055,-0.524118127487,-0.38524670691,2.12859716053e-06,-0.000532149290129,-0.524096808264,-0.513047784286,-0.441451978075,-0.38374799935,-0.551798987686,-0.445509122145,-0.0277021794216,-0.0617611227952,7.41503605709,1.62896577725,-3.63306714457,-0.512161687434,-0.443857567968,0.0119264800983,-0.0614864066995,0.0119264800983,-0.0614864066995,0.00175453823164,4,0
3000,6,2,0.767228126526,0,0.508279681206,0,0,0.508279681206,0,0.508279681206,0,0.765202109845,0.554821949273,0.767228144987,0.513204209391,-0.00202603514196,0.0416177398815,1.62041251139,-0.107876481161,0.508279665698,-5.42873116204e-05,-0.0041844283641,0.767328305773,0.530855867086,-2.66074645594e-06,0.000665186613974,0.767274018461,0.766309730889,0.551814961901,0.526671438722,0.778722373727,0.555385293601,0.0114483552661,0.0287138548792,-5.54099639811,0.508279665698,1.51737190633,0.765202109845,0.554821949273,-0.00202603514196,0.0416177398815,-0.00202603514196,0.0416177398815,-0.00483587610355,4,0
3005,6.01,1,-0.527654349804,0,1.58880710602,0,0,1.58880710602,0,1.58880710602,0,-0.516419288003,-0.392163111608,-0.527654332296,-0.339431024427,0.0112350442925,-0.0527320871809,2.5527309352,0.982604894916,1.58880713632,-3.94472686734e-05,-0.00343730080882,-0.52755805496,-0.316969648375,1.34722096746e-05,-0.00336805241865,-0.527597502228,-0.517184175428,-0.372339555133,-0.320406949184,-0.495150865654,-0.391276927343,0.0324466365745,-0.0708699781594,7.36427574297,1.58880713632,3.53924649815,-0.516419288003,-0.392163111608,0.0112350442925,-0.0527320871809,0.0112350442925,-0.0527320871809,-0.0039106680329,4,0
3005,6.01,2,0.772170186043,0,-0.0917203351855,0,0,-0.0917203351855,0,-0.0917203351855,0,0.770524110449,0.490203878707,0.772170176771,0.477865728993,-0.00164606632212,0.0123381497145,-0.700410953947,-0.0764782894401,-0.0917203343018,1.92270967308e-05,0.00178123747086,0.772117966118,0.465004312747,-1.68402621206e-05,0.00421006553013,0.772137193215,0.771480219708,0.465424433073,0.466785550218,0.7646807309,0.489960404559,-0.00745646231439,0.0231748543415,-7.78631220359,-0.0917203343018,-0.778901206019,0.770524110449,0.490203878707,-0.00164606632212,0.0123381497145,-0.00164606632212,0.0123381497145,0.00201196263163,4,0
3010,6.02,1,-0.530650019646,0,2.58880710602,0,0,2.58880710602,0,2.58880710602,0,-0.519792311812,-0.276348686766,-0.530650018107,-0.26789463211,0.0108577062942,-0.00845405465628,5.29585915587,1.21490732235,2.58880713632,-3.22572585481e-05,-0.00250536463952,-0.530589204646,-0.256925184392,1.74659055123e-05,-0.00436647637808,-0.530621461904,-0.520318906193,-0.250197761181,-0.259430549031,-0.475712575735,-0.274512031096,0.0549088861691,-0.0150814820649,8.34359921069,2.58880713632,6.51365892996,-0.519792311812,-0.276348686766,0.0108577062942,-0.00845405465628,0.0108577062942,-0.00845405465628,-0.0028924517421,4,0
3010,6.02,2,0.77642095089,0,-1.09172034264,0,0,-1.09172034264,0,-1.09172034264,0,0.774740390101,0.345435847443,0.776420974009,0.380390521378,-0.00168058390771,-0.0349546739355,-1.65965626632,-0.384452073421,-1.0917203343,1.04132107102e-05,0.000649997165565,0.776411544576,0.381318640518,-2.1832381917e-05,0.00545809547924,0.776421957787,0.775398633055,0.312747190421,0.381968637683,0.76092744406,0.344860308024,-0.0154945137262,-0.037108329659,-11.520659767,-1.0917203343,-2.04488329544,0.774740390101,0.345435847443,-0.00168058390771,-0.0349546739355,-0.00168058390771,-0.0349546739355,0.000774955694087,4,0
3015,6.03,1,-0.532705903053,0,3.58880710602,0,0,3.58880710602,0,3.58880710602,0,-0.521905322684,-0.147923933376,-0.532705873264,-0.15924349634,0.01080055058,0.0113195629641,4.24619304959,1.42555978657,3.58880713632,1.63542579207e-05,0.00161900116043,-0.532759360573,-0.17455048472,1.54241338152e-05,-0.00385603345381,-0.532743006315,-0.52217758801,-0.12456456244,-0.17293148356,-0.486596807212,-0.146452745231,0.0461461991023,0.0264787383284,9.28405491825,3.58880713632,5.66993758391,-0.521905322684,-0.147923933376,0.01080055058,0.0113195629641,0.01080055058,0.0113195629641,0.00181525225548,4,0
3015,6.03,2,0.779280900955,0,-1.9693287611,0,0,-1.9693287611,0,-1.9693287611,0,0.77738165358,0.184904905535,0.779280892487,0.214231787252,-0.0018992389069,-0.0293268817167,-1.45187222587,-0.522239965477,-1.9693287073,-4.70226633269e-05,-0.00421921208496,0.779406283878,0.246109527478,-1.92801672838e-05,0.00482004182095,0.779359261215,0.777721985215,0.155705691842,0.241890315393,0.765343480338,0.184403314983,-0.0140157808771,-0.0574870004096,-14.5209238576,-1.9693287073,-1.9693287073,0.77738165358,0.184904905535,-0.0018992389069,-0.0293268817167,-0.0018992389069,-0.0293268817167,-0.00478348404489,4,0
3020,6.04,1,-0.533545672894,0,3.38880705833,0,0,3.38880705833,0,3.38880705833,0,-0.522848688997,-0.048540122808,-0.533545646221,-0.0369536811126,0.0106969572238,-0.0115864416954,0.186390690294,1.34594435936,3.38880713632,5.68980263151e-05,0.00472781896236,-0.533671589631,-0.0640727510492,8.66134372557e-06,-0.00216533593139,-0.533614691605,-0.522931920126,-0.0351195565665,-0.0593449320868,-0.521343135347,-0.0484773914059,0.0122715562581,0.0108675406809,8.98502178388,3.38880713632,1.52692445438,-0.522848688997,-0.048540122808,0.0106969572238,-0.0115864416954,0.0106969572238,-0.0115864416954,0.00541059527814,4,0
3020,6.04,2,0.780336558819,0,-0.981368601322,0,0,-0.981368601322,0,-0.981368601322,0,0.778560861359,0.0606751422514,0.780336564426,0.0429193881048,-0.00177570306702,0.0177557541466,-0.281358934588,-0.32563719328,-0.981368602285,-9.4164312296e-05,-0.00782468949972,0.780545576943,0.0882540398738,-1.08266796591e-05,0.00270666991478,0.780451412631,0.778664900247,0.0438994344456,0.0804293503741,0.776294759951,0.0605807213594,-0.00415665267956,-0.0198486290146,-9.94524996618,-0.981368602285,-0.598041466621,0.778560861359,0.0606751422514,-0.00177570306702,0.0177557541466,-0.00177570306702,0.0177557541466,-0.00895466124727,4,0
3025,6.05,1,-0.53339111805,0,2.38880705833,0,0,2.38880705833,0,2.38880705833,0,-0.52308,-0.00999015786693,-0.533391120432,0.0443183578103,0.0103111204318,-0.0543085156772,-4.45028452276,0.977551868569,2.38880713632,2.27748833802e-05,0.00162411032611,-0.533424612558,0.0405994622888,2.22509627057e-06,-0.00055627406764,-0.533401837675,-0.523098287418,-0.00747488678344,0.0422235726149,-0.560117215376,-0.0115333751743,-0.0267153777014,-0.0537569477892,7.88586083449,2.38880713632,-3.47463006312,-0.52308,-0.00999015786693,0.0103111204318,-0.0543085156772,0.0103111204318,-0.0543085156772,0.00189740892668,4,0
3025,6.05,2,0.78017526865,0,0.0186313968152,0,0,0.0186313968152,0,0.0186313968152,0,0.77885,0.0124876860709,0.780175293689,-0.0440897886357,-0.00132529368947,0.0565774747065,1.1251297827,0.0528566522852,0.0186313977147,-5.26334898632e-05,-0.0040597293554,0.780272570076,-0.0269023930876,-2.78137033805e-06,0.000695342584503,0.780219936586,0.77887285925,0.00934359721685,-0.030962122443,0.788248858487,0.0128793051745,0.00802892190106,0.0438414276175,-5.49823506635,0.0186313977147,1.18267776622,0.77885,0.0124876860709,-0.00132529368947,0.0565774747065,-0.00132529368947,0.0565774747065,-0.00469133123376,4,0
3030,6.06,1,-0.532664060593,0,2.18880724907,0,0,2.18880724907,0,2.18880724907,0,-0.522991693147,0.0436308690182,-0.532664066987,0.0905083000332,0.00967237383931,-0.046877431015,3.13561022083,0.821878553133,2.18880713632,-3.86687901323e-05,-0.00341264842015,-0.532567627856,0.113418290773,1.38633713085e-05,-0.00346584282712,-0.532606296646,-0.522884405407,0.0640413988265,0.110005642353,-0.496874644456,0.0447190793803,0.0357316521894,-0.0652865629727,7.60759875116,2.18880713632,3.96136544786,-0.522991693147,0.0436308690182,0.00967237383931,-0.046877431015,0.00967237383931,-0.046877431015,-0.00387667390174,4,0
3030,6.06,2,0.779559254646,0,-0.478995680809,0,0,-0.478995680809,0,-0.478995680809,0,0.778739616322,-0.0545385975174,0.779559256309,-0.0751909181025,-0.000819639987274,0.0206523205851,-1.28528817154,0.0703750989781,-0.478995669704,2.00469502949e-05,0.00189211347188,0.779503273486,-0.0893146295394,-1.73292141279e-05,0.00433230353198,0.779523320437,0.778605506623,-0.0800517597671,-0.0874225160675,0.768029702851,-0.054984843912,-0.0114936175851,0.0324376721555,-7.24955541758,-0.478995669704,-1.21704574944,0.778739616322,-0.0545385975174,-0.000819639987274,0.0206523205851,-0.000819639987274,0.0206523205851,0.00213267687542,4,0
3035,6.07,1,-0.531358361244,0,3.18880724907,0,0,3.18880724907,0,3.18880724907,0,-0.521993058792,0.161968899955,-0.531358343948,0.162420685741,0.00936528515636,-0.000451785785819,5.81943204954,1.06867855482,3.18880713632,-3.53376905028e-05,-0.00276422842214,-0.531290436257,0.174982581142,1.76404151413e-05,-0.00441010378533,-0.531325773947,-0.521642721673,0.188398870541,0.17221835272,-0.47355531601,0.163987139237,0.0577704579373,-0.00823121348249,8.5215841413,3.18880713632,6.89129888507,-0.521993058792,0.161968899955,0.00936528515636,-0.000451785785819,0.00936528515636,-0.000451785785819,-0.00318828070817,4,0
3035,6.07,2,0.77832698822,0,-1.47899568081,0,0,-1.47899568081,0,-1.47899568081,0,0.777491323265,-0.202461136103,0.778326974422,-0.16486139808,-0.000835651157016,-0.0375997380238,-2.23219462817,-0.286828354222,-1.4789956697,1.47794580351e-05,0.00101215053464,0.778307810283,-0.166058011225,-2.20505189087e-05,0.00551262972718,0.778322589741,0.777053401845,-0.235498599309,-0.16504586069,0.758912044522,-0.203235272718,-0.0194105452191,-0.0381894120278,-10.9156666668,-1.4789956697,-2.52021248643,0.777491323265,-0.202461136103,-0.000835651157016,-0.0375997380238,-0.000835651157016,-0.0375997380238,0.00118950403106,4,0
3040,6.08,1,-0.529106914997,0,4.18880701065,0,0,4.18880701065,0,4.18880701065,0,-0.519719127392,0.290683113597,-0.529106919936,0.271817458563,0.00938779254435,0.018865655034,4.60731514852,1.28898547604,4.18880713632,1.37473821377e-05,0.00140894490349,-0.529155010979,0.257608342405,1.52356505659e-05,-0.00380891264149,-0.529141263597,-0.519114429185,0.313775841208,0.259017287309,-0.481404468937,0.292279557699,0.0477367946594,0.0332622703903,9.39763344284,4.18880713632,5.89472671108,-0.519719127392,0.290683113597,0.00938779254435,0.018865655034,0.00938779254435,0.018865655034,0.00157391348915,4,0
3040,6.08,2,0.775776147842,0,-2.44778370857,0,0,-2.44778370857,0,-2.44778370857,0,0.774648908904,-0.363353903,0.775776139455,-0.32421467015,-0.00112723055092,-0.03913923285,-1.97789468192,-0.474420627409,-2.44778381866,-4.42365262931e-05,-0.00400065235079,0.775896156437,-0.293341389327,-1.90445631831e-05,0.00476114079577,0.775851919911,0.773893036124,-0.392219812478,-0.297342041678,0.758232715979,-0.364037911039,-0.0176192039322,-0.0666958693608,-14.2159884219,-2.44778381866,-2.44778381866,0.774648908904,-0.363353903,-0.00112723055092,-0.03913923285,-0.00112723055092,-0.03913923285,-0.00453149066631,4,0
3045,6.09,1,-0.525622367859,0,3.95225310326,0,0,3.95225310326,0,3.95225310326,0,-0.516285359264,0.388028359574,-0.525622348531,0.396236365657,0.00933698926659,-0.00820800608319,0.510801076137,1.20356150899,3.95225302165,5.79036215656e-05,0.00482253094858,-0.525751350686,0.368287634016,8.32850037913e-06,-0.00208212509477,-0.525693447064,-0.515495959426,0.400946294654,0.373110164964,-0.512081959319,0.388203501238,0.0136114877446,0.015093336274,8.9973630858,3.95225302165,1.70884521072,-0.516285359264,0.388028359574,0.00933698926659,-0.00820800608319,0.00933698926659,-0.00820800608319,0.00551737440737,4,0
3045,6.09,2,0.771451354027,0,-1.45730793476,0,0,-1.45730793476,0,-1.45730793476,0,0.770356698636,-0.485035460295,0.771451346041,-0.494811479957,-0.00109464740544,0.00977601966236,-0.797793469597,-0.292744904833,-1.45730793144,-9.68982164723e-05,-0.00807128835489,0.771667840804,-0.447557045823,-1.04106254545e-05,0.00260265636363,0.771570942588,0.769369948816,-0.501182879115,-0.455628334178,0.763796759064,-0.48530879111,-0.00777418352344,-0.0296804569329,-9.5479321701,-1.45730793144,-1.08130430748,0.770356698636,-0.485035460295,-0.00109464740544,0.00977601966236,-0.00109464740544,0.00977601966236,-0.00923406695256,4,0
3050,6.1,1,-0.521125137806,0,2.95225310326,0,0,2.95225310326,0,2.95225310326,0,-0.512161687876,0.424855158491,-0.521125131423,0.479293773497,0.00896344354734,-0.054438615006,-3.90464276796,0.823682673147,2.95225302165,2.60751183404e-05,0.00190728608073,-0.52116657866,0.473702913749,2.10378745491e-06,-0.000525946863733,-0.521140503541,-0.51131037576,0.427233898507,0.475610199829,-0.54466245423,0.423500959893,-0.0235219506886,-0.0521092399362,7.83247042572,2.95225302165,-3.08318028232,-0.512161687876,0.424855158491,0.00896344354734,-0.054438615006,0.00896344354734,-0.054438615006,0.00222018750082,4,0
3050,6.1,2,0.76591604948,0,-0.457307934761,0,0,-0.457307934761,0,-0.457307934761,0,0.765202109293,-0.53106895885,0.765916032736,-0.581307322594,-0.000713923443176,0.0502383637434,0.537749681276,0.077350145674,-0.457307931439,-5.93900741776e-05,-0.00463783418382,0.766029485665,-0.560332824965,-2.62973431275e-06,0.000657433578192,0.765970095591,0.764137969126,-0.534042383863,-0.564970659149,0.769720100528,-0.530880709216,0.0037500049363,0.0340899499336,-5.01395916685,-0.457307931439,0.620450342024,0.765202109293,-0.53106895885,-0.000713923443176,0.0502383637434,-0.000713923443176,0.0502383637434,-0.00535051507396,4,0
3055,6.11,1,-0.516037106514,0,2.75225305557,0,0,2.75225305557,0,2.75225305557,0,-0.507736117692,0.47515395619,-0.51603711034,0.527451763998,0.00830099264788,-0.0522978078073,3.20898521991,0.643499225484,2.75225302165,-3.34363107223e-05,-0.00296427645809,-0.515953183988,0.547430450108,1.28974895668e-05,-0.00322437239168,-0.515986620299,-0.506767156858,0.494153534466,0.54446617365,-0.481012922694,0.476267422649,0.0349736976049,-0.0681987510015,7.48789830081,2.75225302165,3.85584995758,-0.507736117692,0.47515395619,0.00830099264788,-0.0522978078073,0.00830099264788,-0.0522978078073,-0.00336551218676,4,0
3055,6.11,2,0.759926140308,0,-0.98328101635,0,0,-0.98328101635,0,-0.98328101635,0,0.759670146456,-0.593942455824,0.759926168667,-0.61306226781,-0.000256022210892,0.0191198119857,-1.72635823271,0.10525782162,-0.98328102798,9.94453087611e-06,0.00103122707206,0.759894082335,-0.621638377055,-1.6121861917e-05,0.00403046547926,0.759904026866,0.758458945392,-0.617691928608,-0.620607149983,0.745299189416,-0.594541245701,-0.0146048374495,0.0260659042823,-6.78651793672,-0.98328102798,-1.62225097253,0.759670146456,-0.593942455824,-0.000256022210892,0.0191198119857,-0.000256022210892,0.0191198119857,0.00115056144257,4,0
3060,6.12,1,-0.510347783566,0,3.75225305557,0,0,3.75225305557,0,3.75225305557,0,-0.50246357846,0.584431842244,-0.510347795898,0.601774224065,0.00788421743831,-0.0173423818206,5.57119442591,0.825262823931,3.75225302165,-2.764496798e-05,-0.00211208420813,-0.51029792613,0.610179184966,1.60881580282e-05,-0.00402203950705,-0.510325571098,-0.501270603281,0.608553708161,0.608067100758,-0.456097090421,0.586363779246,0.0542284806769,-0.0217033215116,8.33473654776,3.75225302165,6.39890107367,-0.50246357846,0.584431842244,0.00788421743831,-0.0173423818206,0.00788421743831,-0.0173423818206,-0.00244382382389,4,0
3060,6.12,2,0.753304243088,0,-1.98328101635,0,0,-1.98328101635,0,-1.98328101635,0,0.753079472312,-0.730539813018,0.75330422081,-0.704668595347,-0.000224748497759,-0.0258712176706,-2.56839949184,-0.188902030769,-1.98328102798,7.25703138987e-07,-0.000177352699174,0.753317888779,-0.698321466249,-2.01101974746e-05,0.00502754936866,0.753318614482,0.751588253317,-0.760692145324,-0.698498818948,0.731714640304,-0.731430014352,-0.0216039741778,-0.0329311954033,-10.3556511233,-1.98328102798,-2.75713287835,0.753079472312,-0.730539813018,-0.000224748497759,-0.0258712176706,-0.000224748497759,-0.0258712176706,-0.000168644261506,4,0
3065,6.13,1,-0.503686666489,0,4.75225305557,0,0,4.75225305557,0,4.75225305557,0,-0.496025293037,0.700836072103,-0.503686687425,0.713749549656,0.0076613943884,-0.0129134775538,4.31600447606,0.946129262472,4.75225302165,2.39962110134e-05,0.00227503959326,-0.503758093824,0.694346489851,1.35557956861e-05,-0.00338894892153,-0.503734097613,-0.494602823372,0.721401679314,0.696621529444,-0.460142244314,0.702331199133,0.0435918532997,0.0057096696888,9.14259636644,4.75225302165,5.2595707444,-0.496025293037,0.700836072103,0.0076613943884,-0.0129134775538,0.0076613943884,-0.0129134775538,0.00256299412542,4,0
3065,6.13,2,0.745340585709,0,-2.5596306324,0,0,-2.5596306324,0,-2.5596306324,0,0.745031615433,-0.876045099874,0.745340578092,-0.866009806956,-0.000308962658533,-0.0100352929179,-2.29276896362,-0.273169277853,-2.55963064581,-6.26447479344e-05,-0.00555585868912,0.745502762683,-0.825659445666,-1.69447445469e-05,0.00423618613674,0.745440117935,0.743253528332,-0.901752108796,-0.831215304355,0.726010792961,-0.876837634144,-0.0194293249739,-0.0456223297886,-11.9887263549,-2.55963064581,-2.55963064581,0.745031615433,-0.876045099874,-0.000308962658533,-0.0100352929179,-0.000308962658533,-0.0100352929179,-0.00630759566433,4,0
3070,6.14,1,-0.495854079723,0,3.86356782913,0,0,3.86356782913,0,3.86356782913,0,-0.488550511618,0.786613922568,-0.495854087576,0.823650501786,0.00730357595741,-0.0370365792183,0.584786790322,0.792855142131,3.86356790981,5.34217800454e-05,0.00433563010806,-0.495966937734,0.80041936809,7.18040538755e-06,-0.00179510134688,-0.495913515954,-0.486965752769,0.797764728996,0.804754998198,-0.483727134713,0.786814896606,0.0121863812412,-0.0179401015922,8.03310391963,3.86356790981,1.37266524098,-0.488550511618,0.786613922568,0.00730357595741,-0.0370365792183,0.00730357595741,-0.0370365792183,0.0049766914686,4,0
3070,6.14,2,0.735752940178,0,-1.57064187527,0,0,-1.57064187527,0,-1.57064187527,0,0.735688138565,-0.983267412547,0.735752931898,-1.00904428412,-6.47933334808e-05,0.0257768715738,-1.21900155259,-0.0796404025577,-1.57064182619,-9.90292000494e-05,-0.00811816814771,0.735967298848,-0.963544309893,-8.97550669543e-06,0.00224387667386,0.735868269648,0.733707189984,-0.997205920522,-0.971662478041,0.725624817657,-0.983686717585,-0.0102434519907,-0.012024239544,-7.30265699101,-1.57064182619,-1.2893354366,0.735688138565,-0.983267412547,-6.47933334808e-05,0.0257768715738,-6.47933334808e-05,0.0257768715738,-0.0093065185483,4,0
3075,6.15,1,-0.487196594477,0,2.86356782913,0,0,2.86356782913,0,2.86356782913,0,-0.480475511525,0.818112691796,-0.487196604006,0.887793490092,0.00672109248065,-0.0696807982957,-3.17598499671,0.438062729143,2.86356790981,9.18940351256e-06,0.000481000156121,-0.487198765378,0.891156692578,1.77654526468e-06,-0.000444136316163,-0.487189575974,-0.478837932237,0.820122053098,0.891637692734,-0.506901102677,0.817011625498,-0.0197115267032,-0.0746260672356,6.82004570454,2.86356790981,-2.73851354057,-0.480475511525,0.818112691796,0.00672109248065,-0.0696807982957,0.00672109248065,-0.0696807982957,0.000591272998271,4,0
3075,6.15,2,0.725253582001,0,-0.570641815662,0,0,-0.570641815662,0,-0.570641815662,0,0.725594388356,-1.0226408739,0.725253600841,-1.06600057293,0.000340787515548,0.043359699023,-0.0856230544231,0.1985307469,-0.57064182619,-4.76521081527e-05,-0.0036394122883,0.72533925971,-1.0514408729,-2.22068157019e-06,0.000555170392541,0.725291607602,0.723547414227,-1.02515257552,-1.05508028519,0.724917132341,-1.02266909291,-0.000374475261457,0.0324111922877,-2.78207737328,-0.57064182619,0.117118930064,0.725594388356,-1.0226408739,0.000340787515548,0.043359699023,0.000340787515548,0.043359699023,-0.00421123758613,4,0
3080,6.16,1,-0.478133410215,0,2.43793559074,0,0,2.43793559074,0,2.43793559074,0,-0.472145883654,0.860165663538,-0.478133411065,0.917296180702,0.00598752741046,-0.0571305171631,2.77043167066,0.299933514438,2.43793570607,-5.15363472298e-05,-0.00445475481945,-0.478008380422,0.94657051023,1.06691116842e-05,-0.00266727792105,-0.478059916769,-0.470410098364,0.875894479182,0.94211575541,-0.449056761755,0.861127710284,0.0290031550143,-0.0809880451258,6.20815018148,2.43793570607,3.07543837608,-0.472145883654,0.860165663538,0.00598752741046,-0.0571305171631,0.00598752741046,-0.0571305171631,-0.00507319098621,4,0
3080,6.16,2,0.71457773447,0,-1.1706417799,0,0,-1.1706417799,0,-1.1706417799,0,0.715182353427,-1.07520708831,0.714577732851,-1.07157481902,0.000604620576125,-0.00363226929807,-1.98233995564,0.124944699714,-1.17064182619,2.28015786049e-05,0.00207983623942,0.71451634542,-1.08683891022,-1.33363895339e-05,0.00333409738347,0.714539146998,0.713012621796,-1.09486810776,-1.08475907398,0.698671905642,-1.07589502364,-0.0158672413567,0.00886405033817,-4.86883914865,-1.17064182619,-1.85974871111,0.715182353427,-1.07520708831,0.000604620576125,-0.00363226929807,0.000604620576125,-0.00363226929807,0.00235345518268,4,0
3085,6.17,1,-0.468673825264,0,3.43793559074,0,0,3.43793559074,0,3.43793559074,0,-0.463115552422,0.949686523839,-0.468673834887,0.970474952974,0.00555828246448,-0.0207884291353,4.58135447036,0.486247967142,3.43793570607,-4.72037305106e-05,-0.00373503556407,-0.468580374124,0.98846057636,1.29610799146e-05,-0.00324026997864,-0.468627577855,-0.461196715904,0.969139068784,0.984725540796,-0.424967981255,0.951276005971,0.0436595965997,-0.0334495348254,7.01750754997,3.43793570607,5.07190391784,-0.463115552422,0.949686523839,0.00555828246448,-0.0207884291353,0.00555828246448,-0.0207884291353,-0.0043014803302,4,0
3085,6.17,2,0.703522145748,0,-2.17064189911,0,0,-2.17064189911,0,-2.17064189911,0,0.7038944393,-1.18710816306,0.703522139144,-1.13834852804,0.000372300155851,-0.0487596350266,-2.63769602303,-0.202014414269,-2.17064182619,1.48093129248e-05,0.000984052281129,0.703504871811,-1.13869513626,-1.62013497956e-05,0.00405033744892,0.703519681124,0.701495893637,-1.2114238441,-1.13771108398,0.681942069495,-1.18802284514,-0.0215776116293,-0.0503117611622,-8.456274605,-2.17064182619,-2.84087220133,0.7038944393,-1.18710816306,0.000372300155851,-0.0487596350266,0.000372300155851,-0.0487596350266,0.00116176403623,4,0
3090,6.18,1,-0.458444923162,0,4.0379357338,0,0,4.0379357338,0,4.0379357338,0,-0.453143137211,1.04238631286,-0.458444929148,1.06251173011,0.00530179193716,-0.0201254172496,3.40764979104,0.589104202796,4.03793570607,6.99741998055e-06,0.000875211374867,-0.458478322921,1.05156677987,1.05490050758e-05,-0.00263725126895,-0.458471325501,-0.451042137329,1.05841169475,1.05244199125,-0.424803249982,1.04356714149,0.0336680755182,-0.00887484975274,7.39246476513,4.03793570607,3.99579481342,-0.453143137211,1.04238631286,0.00530179193716,-0.0201254172496,0.00530179193716,-0.0201254172496,0.000959180414634,4,0
3090,6.18,2,0.691357493401,0,-2.65123224258,0,0,-2.65123224258,0,-2.65123224258,0,0.691428920208,-1.30298289861,0.69135752089,-1.27649099167,7.13993176775e-05,-0.026491906935,-2.36836251797,-0.288246628926,-2.65123226873,-5.26179732813e-05,-0.00474546248656,0.691497730503,-1.24097672605,-1.31862562535e-05,0.00329656406337,0.691445112529,0.688802670341,-1.32301462583,-1.24572218854,0.671771500674,-1.30380195775,-0.0196736118555,-0.0580797692138,-9.72758920815,-2.65123226873,-2.65123226873,0.691428920208,-1.30298289861,7.13993176775e-05,-0.026491906935,7.13993176775e-05,-0.026491906935,-0.00537687816593,4,0
3095,6.19,1,-0.447314232588,0,3.0379357338,0,0,3.0379357338,0,3.0379357338,0,-0.442359026187,1.10820023416,-0.447314239346,1.14065429678,0.00495521315988,-0.0324540626189,0.408729966101,0.473367807489,3.03793570607,2.80440420496e-05,0.00219033827065,-0.44736804524,1.13087973467,5.32944228782e-06,-0.00133236057196,-0.447340001198,-0.440134035563,1.11649239331,1.13307007294,-0.438979866955,1.10834103246,0.00836013424354,-0.0247290404819,6.14730180915,3.03793570607,0.879570906815,-0.442359026187,1.10820023416,0.00495521315988,-0.0324540626189,0.00495521315988,-0.0324540626189,0.00252686677525,4,0
3095,6.19,2,0.677862763405,0,-1.70315444469,0,0,-1.70315444469,0,-1.70315444469,0,0.677948781355,-1.38525029963,0.677862754613,-1.3868456776,8.60267414841e-05,0.00159537797063,-1.50669715215,-0.133691576143,-1.70315443519,-7.93833058855e-05,-0.00644342989468,0.678030512371,-1.35212489956,-6.66180280506e-06,0.00166545070126,0.677951129065,0.675167543062,-1.39561549849,-1.35856832945,0.665476259018,-1.38576998806,-0.0124748700473,-0.0272016586106,-5.24194417685,-1.70315443519,-1.63299269872,0.677948781355,-1.38525029963,8.60267414841e-05,0.00159537797063,8.60267414841e-05,0.00159537797063,-0.00739602956531,4,0
3100,6.2,1,-0.4356764853,0,2.0379357338,0,0,2.0379357338,0,2.0379357338,0,-0.43112313466,1.1312876547,-0.435676499373,1.17323407705,0.00455336471325,-0.0419464223441,-2.32745719711,0.251284338841,2.03793570607,-1.98545930967e-05,-0.00194286429476,-0.435613068742,1.19120857944,1.27540244627e-06,-0.000318850611565,-0.435632923335,-0.42885958587,1.132730947,1.18926571515,-0.450466852464,1.13048166646,-0.0148339291285,-0.0587840486878,4.91708647468,2.03793570607,-2.07399173885,-0.43112313466,1.1312876547,0.00455336471325,-0.0419464223441,0.00455336471325,-0.0419464223441,-0.00218111941192,4,0
3100,6.2,2,0.663775205612,0,-0.703154444695,0,0,-0.703154444695,0,-0.703154444695,0,0.663903916879,-1.41410957506,0.663775220187,-1.41226326048,0.0001286966918,-0.00184631458552,-0.687076977241,0.00330600163666,-0.703154435195,-2.30146867884e-05,-0.00157739581449,0.663804845197,-1.41026330674,-1.59425304314e-06,0.000398563260788,0.663781830511,0.661074480877,-1.41591369042,-1.41184070256,0.658203618187,-1.41434708751,-0.00557821232326,-0.00250638495156,-0.773896346507,-0.703154435195,-0.681917403549,0.663903916879,-1.41410957506,0.0001286966918,-0.00184631458552,0.0001286966918,-0.00184631458552,-0.00185357205595,4,0
3105,6.21,1,-0.423914670944,0,1.73744571209,0,0,1.73744571209,0,1.73744571209,0,-0.419704811114,1.16097836261,-0.423914662445,1.1782939059,0.00420985133081,-0.0173155432866,1.87144572599,0.247559865695,1.73744566261,-7.28369194798e-05,-0.0061667037907,-0.42374604586,1.21637081324,7.39636681391e-06,-0.00184909170348,-0.42381888278,-0.417372112125,1.17189676956,1.21020410945,-0.40407788725,1.16162948444,0.0197409955297,-0.0485746250109,4.41571617428,1.73744566261,2.12604633851,-0.419704811114,1.16097836261,0.00420985133081,-0.0173155432866,0.00420985133081,-0.0173155432866,-0.00704074682446,4,0
3105,6.21,2,0.649720966816,0,-1.70315444469,0,0,-1.70315444469,0,-1.70315444469,0,0.649631012381,-1.45122295959,0.649720955581,-1.40758728725,-8.9943200079e-05,-0.0436356723409,-2.0313688731,-0.133229235039,-1.70315443519,3.90431398922e-05,0.00335994276994,0.649628107061,-1.42880436303,-9.24545842307e-06,0.00231136460578,0.649667150201,0.646715138632,-1.46487096814,-1.42544442026,0.632700427977,-1.45192840061,-0.0169667222239,-0.0264839803453,-4.45995540309,-1.70315443519,-2.16842656859,0.649631012381,-1.45122295959,-8.9943200079e-05,-0.0436356723409,-8.9943200079e-05,-0.0436356723409,0.00382846044865,4,0
3110,6.22,1,-0.411961704493,0,2.73744559288,0,0,2.73744559288,0,2.73744559288,0,-0.40780063962,1.22197927162,-0.411961690945,1.21222419321,0.00416105132496,0.00975507841783,2.95552907916,0.455323544083,2.73744566261,-5.65189135662e-05,-0.00447682717562,-0.41184955423,1.23392179456,8.5652809938e-06,-0.00214132024844,-0.411906073144,-0.405343770852,1.23485834497,1.22944496738,-0.383171031579,1.22300550529,0.0287350415652,-0.00643946208649,5.20787710699,2.73744566261,3.41600767739,-0.40780063962,1.22197927162,0.00416105132496,0.00975507841783,0.00416105132496,0.00975507841783,-0.00515505413842,4,0
3110,6.22,2,0.635317564011,0,-2.70315432549,0,0,-2.70315432549,0,-2.70315432549,0,0.634750797954,-1.52747409504,0.63531753677,-1.47255863821,-0.000566738816496,-0.0549154568289,-2.43647290805,-0.347299912711,-2.70315443519,1.6719232857e-05,0.00109995369589,0.635298839147,-1.47266831643,-1.07066011173e-05,0.00267665027935,0.63531555838,0.631679711983,-1.54357293653,-1.47156836273,0.614471226439,-1.52831907719,-0.0208443319413,-0.0567507144579,-8.01100999009,-2.70315443519,-2.78507340525,0.634750797954,-1.52747409504,-0.000566738816496,-0.0549154568289,-0.000566738816496,-0.0549154568289,0.00130058449017,4,0
3115,6.23,1,-0.399460554123,0,2.681224823,0,0,2.681224823,0,2.681224823,0,-0.395270264104,1.28190051858,-0.399460561124,1.27529721696,0.00419029702003,0.0066033016248,1.97978057353,0.542842172092,2.68122492576,-3.37831692541e-06,-0.000130158174293,-0.399460629156,1.27411208318,6.5096043495e-06,-0.00162740108737,-0.399464007473,-0.392696394513,1.29181699911,1.273981925,-0.378799265659,1.28258681018,0.0206647418141,0.00860488518105,4.91527343923,2.68122492576,2.5227934436,-0.395270264104,1.28190051858,0.00419029702003,0.0066033016248,0.00419029702003,0.0066033016248,-0.000170697977398,4,0
3115,6.23,2,0.619905650616,0,-2.50823116302,0,0,-2.50823116302,0,-2.50823116302,0,0.619087828509,-1.60237565281,0.619905672545,-1.58535259337,-0.000817844036549,-0.0170230594358,-2.20030798137,-0.312860270607,-2.50823106762,-4.97992204341e-05,-0.00433959371413,0.62002739112,-1.55681832635,-8.13700532387e-06,0.00203425133096,0.6199775919,0.61587049151,-1.6147712533,-1.56115792007,0.600824778551,-1.60313661322,-0.0191528133486,-0.0419786931569,-6.59272584323,-2.50823106762,-2.50823106762,0.619087828509,-1.60237565281,-0.000817844036549,-0.0170230594358,-0.000817844036549,-0.0170230594358,-0.00493718435934,4,0
3120,6.24,1,-0.386469304562,0,1.68122494221,0,0,1.68122494221,0,1.68122494221,0,-0.382232447398,1.32130818555,-0.386469313345,1.3096587798,0.00423686594743,0.0116494057446,0.00811696573386,0.524487180116,1.68122492576,-7.79751911428e-06,-0.000820075655502,-0.386440744285,1.31841709094,2.95679624457e-06,-0.000739199061137,-0.386448541805,-0.379585022586,1.32593000311,1.31759701528,-0.382157322726,1.32131131574,0.00429121907871,0.0037143004578,3.67513615825,1.68122492576,0.533517791735,-0.382232447398,1.32130818555,0.00423686594743,0.0116494057446,0.00423686594743,0.0116494057446,-0.000913645884873,4,0
3120,6.24,2,0.603615403175,0,-1.81408846378,0,0,-1.81408846378,0,-1.81408846378,0,0.602790557584,-1.65163523578,0.60361538909,-1.64920562375,-0.000824831506202,-0.00242961202965,-1.63550305763,-0.182701525836,-1.81408848842,-4.53121412154e-05,-0.00357234934358,0.603704163173,-1.63236162401,-3.69599524053e-06,0.000923998810134,0.603658851031,0.599481276562,-1.65741250763,-1.63593397336,0.589219227566,-1.65220070787,-0.0144396234656,-0.0162667345105,-3.21928253943,-1.81408848842,-1.81408848842,0.602790557584,-1.65163523578,-0.000824831506202,-0.00242961202965,-0.000824831506202,-0.00242961202965,-0.00411609503817,4,0
3125,6.25,1,-0.373372226954,0,0.681224942207,0,0,0.681224942207,0,0.681224942207,0,-0.368935511785,1.33372429982,-0.373372236008,1.30477515793,0.00443672422234,0.0289491418867,-1.4344184431,0.520776239109,0.681224925761,-5.45639279045e-05,-0.00479331267124,-0.37323358145,1.33882557091,6.49414350129e-07,-0.000162353587528,-0.373288145378,-0.366267565419,1.33446024362,1.33403225824,-0.380822960215,1.33322898947,-0.00753481483629,-0.000803268766103,2.45922351881,0.681224925761,-0.908194124185,-0.368935511785,1.33372429982,0.00443672422234,0.0289491418867,0.00443672422234,0.0289491418867,-0.00544807980609,4,0
3125,6.25,2,0.58708435297,0,-1.35298347473,0,0,-1.35298347473,0,-1.35298347473,0,0.586169388031,-1.66715537833,0.5870843737,-1.6477184573,-0.000914985668286,-0.0194369210366,-1.21019234394,-0.141469269029,-1.3529834461,1.07606348459e-05,0.00119270551683,0.587041072941,-1.6612329231,-8.1176792055e-07,0.000202941980127,0.587051833575,0.582834455067,-1.66807530806,-1.66004021758,0.576090933872,-1.66757531392,-0.0109608997034,-0.00753509633925,-0.97401801836,-1.3529834461,-1.3529834461,0.586169388031,-1.66715537833,-0.000914985668286,-0.0194369210366,-0.000914985668286,-0.0194369210366,0.00132183313498,4,0
3130,6.26,1,-0.360460102558,0,0.881224930286,0,0,0.881224930286,0,0.881224930286,0,-0.355546197629,1.34814641054,-0.360460088935,1.2843878279,0.00491389130581,0.0637585826425,0.607031834503,0.707865559031,0.881224925761,-9.19606491333e-05,-0.00765911596866,-0.360254463937,1.32943786168,3.39961402634e-06,-0.000849903506583,-0.360346424586,-0.352844925772,1.35318563905,1.32177874572,-0.3504234706,1.3483598575,0.00992295398631,0.0265811117869,2.46865772182,0.881224925761,1.32366003729,-0.355546197629,1.34814641054,0.00491389130581,0.0637585826425,0.00491389130581,0.0637585826425,-0.00876264375826,4,0
3130,6.26,2,0.570680558681,0,-2.12267637253,0,0,-2.12267637253,0,-2.12267637253,0,0.569432745302,-1.68518301632,0.570680550064,-1.64264176808,-0.00124780476229,-0.042541248244,-1.87070970001,-0.24673572347,-2.1226764261,5.50232290511e-05,0.00457072387294,0.570558924316,-1.66875544933,-4.24951742495e-06,0.00106237935624,0.570613947545,0.566056155475,-1.69148205179,-1.66418472546,0.553826999422,-1.68583325573,-0.0167869481229,-0.0216485302706,-3.73133833745,-2.1226764261,-2.1226764261,0.569432745302,-1.68518301632,-0.00124780476229,-0.042541248244,-0.00124780476229,-0.042541248244,0.00523100262156,4,0
3135,6.27,1,-0.347584486008,0,1.82355582714,0,0,1.82355582714,0,1.82355582714,0,-0.341933449121,1.37465617427,-0.347584494793,1.29359162653,0.00565104567232,0.0810645477442,0.859003618059,0.958313360595,1.82355579864,-6.73627710503e-05,-0.0054304667323,-0.347444530152,1.32230662014,3.3310526914e-06,-0.000832763172857,-0.347511892923,-0.339179043535,1.37970108258,1.31687615341,-0.334735591751,1.374956085,0.0127763011725,0.0580799315875,3.21054318727,1.82355579864,1.82355579864,-0.341933449121,1.37465617427,0.00565104567232,0.0810645477442,0.00565104567232,0.0810645477442,-0.0062388199849,4,0
3135,6.27,2,0.554021716118,0,-2.32411456108,0,0,-2.32411456108,0,-2.32411456108,0,0.55241680964,-1.71832022006,0.554021729004,-1.68575368617,-0.00160491936394,-0.03256653389,-1.98603336092,-0.336123483149,-2.32411458097,2.29628742654e-05,0.0016821824135,0.553984734199,-1.69095900424,-4.16381572443e-06,0.00104095393109,0.554007697073,0.548973802653,-1.72462635523,-1.68927682183,0.535878928757,-1.71900929843,-0.0181287683165,-0.0297324765993,-4.12962254132,-2.32411458097,-2.32411458097,0.55241680964,-1.71832022006,-0.00160491936394,-0.03256653389,-0.00160491936394,-0.03256653389,0.00195773690468,4,0
3140,6.28,1,-0.334528416395,0,1.29311311245,0,0,1.29311311245,0,1.29311311245,0,-0.32807167376,1.39593337002,-0.334528424249,1.31128039365,0.0064567504886,0.0846529763712,0.177273644456,1.11216772265,1.29311316147,-3.86651701459e-05,-0.00320781232401,-0.334442120179,1.33052631595,1.83299819423e-06,-0.000458249548559,-0.334480785349,-0.325276882747,1.39877025498,1.32731850362,-0.326566408411,1.39599608941,0.00791437693801,0.0686775857824,2.46831179663,1.29311316147,1.29311316147,-0.32807167376,1.39593337002,0.0064567504886,0.0846529763712,0.0064567504886,0.0846529763712,-0.00367179436576,4,0
3140,6.28,2,0.53685760498,0,-2.10510325432,0,0,-2.10510325432,0,-2.10510325432,0,0.535089590422,-1.74491671371,0.536857605052,-1.73343563875,-0.00176801463028,-0.0114810749517,-1.8061469682,-0.300248328661,-2.10510320128,-1.33452793808e-05,-0.00113195222965,0.536888640902,-1.72659202057,-2.2912476193e-06,0.000572811904834,0.536875295623,0.531596101654,-1.74846281973,-1.7277239728,0.5200751998,-1.74554231332,-0.0168000958227,-0.017818340511,-2.78354183608,-2.10510320128,-2.10510320128,0.535089590422,-1.74491671371,-0.00176801463028,-0.0114810749517,-0.00176801463028,-0.0114810749517,-0.00129209558222,4,0
3145,6.29,1,-0.321425139904,0,0.681546211243,0,0,0.681546211243,0,0.681546211243,0,-0.314056383711,1.40507728564,-0.32142514594,1.30666349796,0.00736876222887,0.0984137876799,-0.573876359785,1.25058059004,0.681546183111,-4.96509241824e-05,-0.00424614177073,-0.321306661187,1.33440559101,2.94718383698e-07,-7.36795959191e-05,-0.321356312111,-0.311245673097,1.4055763459,1.33015944924,-0.318790118812,1.40488004667,0.00256619329941,0.0747205974365,1.65103783477,0.681546183111,0.681546183111,-0.314056383711,1.40507728564,0.00736876222887,0.0984137876799,0.00736876222887,0.0984137876799,-0.00484195286092,4,0
3145,6.29,2,0.519404649734,0,-1.83396875858,0,0,-1.83396875858,0,-1.83396875858,0,0.517570477853,-1.75634660744,0.519404644846,-1.74881702876,-0.00183416699286,-0.00752957867661,-1.59335533452,-0.240511670683,-1.83396881163,-3.09202333759e-07,0.000105516857418,0.519397168203,-1.7521829377,-3.68397910178e-07,9.20994775364e-05,0.519396859001,0.514057089584,-1.75697043266,-1.75207742085,0.50431468188,-1.75689893227,-0.015082177121,-0.00482151142114,-1.27864937934,-1.83396881163,-1.83396881163,0.517570477853,-1.75634660744,-0.00183416699286,-0.00752957867661,-0.00183416699286,-0.00752957867661,0.000101806429413,4,0
3150,6.3,1,-0.308459430933,0,0.860598325729,0,0,0.860598325729,0,0.860598325729,0,-0.300000000715,1.40560671787,-0.308459445501,1.2902024556,0.00845944478573,0.115404262268,-0.581526616101,1.43550668819,0.860598305785,-6.9060015204e-05,-0.00578951351765,-0.308302558979,1.32521373246,-4.01429464669e-08,1.00357366177e-05,-0.308371618995,-0.297188813953,1.40556327386,1.31942421894,-0.304782600777,1.40540744287,0.00358901821802,0.0859832239245,1.63569457641,0.860598305785,0.860598305785,-0.300000000715,1.40560671787,0.00845944478573,0.115404262268,0.00845944478573,0.115404262268,-0.0066182337001,4,0
3150,6.3,2,0.501934945583,0,-1.84068238735,0,0,-1.84068238735,0,-1.84068238735,0,0.499999999106,-1.75700839742,0.501934965502,-1.74585232059,-0.001934966396,-0.0111560768261,-1.60375316086,-0.234713300692,-1.84068243927,2.28497097782e-05,0.00194178120156,0.501882037359,-1.75772482958,5.01787009166e-08,-1.25446752348e-05,0.501904887069,0.496486015653,-1.75695409238,-1.75578304838,0.486640117191,-1.75756505916,-0.015264769878,-0.00178201078237,-0.966490400892,-1.84068243927,-1.84068243927,0.499999999106,-1.75700839742,-0.001934966396,-0.0111560768261,-0.001934966396,-0.0111560768261,0.0022159777189,4,0
3155,6.31,1,-0.295621335506,0,0.74298709631,0,0,0.74298709631,0,0.74298709631,0,-0.285950335307,1.40334849472,-0.295621342207,1.27918420179,0.00967100690004,0.12416429293,-0.897503280425,1.63417772082,0.742987068744,-6.63819283926e-05,-0.00551604520651,-0.295472628988,1.3121572104,-9.29916668557e-07,0.000232479167138,-0.295539010917,-0.283144909892,1.40201526999,1.30664116519,-0.293364053037,1.40303958981,0.00217495788028,0.0963984246221,1.32927108617,0.742987068744,0.742987068744,-0.285950335307,1.40334849472,0.00967100690004,0.12416429293,0.00967100690004,0.12416429293,-0.00631262834722,4,0
3155,6.31,2,0.484462082386,0,-1.75468468666,0,0,-1.75468468666,0,-1.75468468666,0,0.482437917347,-1.75418561805,0.484462097027,-1.74746106228,-0.00202417968005,-0.00672455577447,-1.51553101117,-0.237426882238,-1.75468470506,1.8362352619e-05,0.00150646343025,0.484421848664,-1.7562617531,1.16239594677e-06,-0.000290598986697,0.484440211016,0.478931135579,-1.75251908697,-1.75475528967,0.469816015181,-1.75471153064,-0.0146241958352,4.37590325506e-05,-0.302942704316,-1.75468470506,-1.75468470506,0.482437917347,-1.75418561805,-0.00202417968005,-0.00672455577447,-0.00202417968005,-0.00672455577447,0.00172681166168,4,0
3160,6.32,1,-0.282942473888,0,0.328409463167,0,0,0.328409463167,0,0.328409463167,0,-0.271961520454,1.39277215279,-0.282942475896,1.25848840347,0.0109809554422,0.134283749321,-1.50268471672,1.82433585003,0.328409463893,-7.03276968786e-05,-0.00591439822848,-0.282780773286,1.2951693137,-2.22924225707e-06,0.000557310564269,-0.282851100983,-0.26917919846,1.38948906528,1.28925491547,-0.284405968727,1.39225363411,-0.00155486774443,0.102998718645,0.733936670638,0.328409463893,0.328409463893,-0.271961520454,1.39277215279,0.0109809554422,0.134283749321,0.0109809554422,0.134283749321,-0.00675833059103,4,0
3160,6.32,2,0.467051237822,0,-1.55827748775,0,0,-1.55827748775,0,-1.55827748775,0,0.464951898789,-1.74096518969,0.467051241258,-1.73408725024,-0.00209934246883,-0.00687793945536,-1.32938736647,-0.226676002779,-1.55827748698,2.25488461552e-05,0.00194353157503,0.466996355669,-1.74718165814,2.78655296271e-06,-0.000696638240684,0.467018904515,0.461473996299,-1.7368613301,-1.74523812657,0.453874451433,-1.74142675,-0.0131444530818,0.00381137656746,0.767331421661,-1.55827748698,-1.55827748698,0.464951898789,-1.74096518969,-0.00209934246883,-0.00687793945536,-0.00209934246883,-0.00687793945536,0.00221411772889,4,0
3165,6.33,1,-0.270543366671,0,0.216395810246,0,0,0.216395810246,0,0.216395810246,0,-0.258125232401,1.37332253716,-0.270543367176,1.22679714321,0.0124181347751,0.146525393947,-1.82429506532,2.03275486484,0.21639581036,-8.27788767669e-05,-0.00694266431573,-0.270354581754,1.26920530602,-3.02303459537e-06,0.000755758648846,-0.270437360631,-0.255383093584,1.36880213249,1.26226264171,-0.273235325055,1.37269294996,-0.00279796442435,0.110430308256,0.453254307537,0.21639581036,0.21639581036,-0.258125232401,1.37332253716,0.0124181347751,0.146525393947,0.0124181347751,0.146525393947,-0.00793601083693,4,0
3165,6.33,2,0.449882239103,0,-1.46588659286,0,0,-1.46588659286,0,-1.46588659286,0,0.447656538741,-1.71665316912,0.449882229453,-1.70423788263,-0.00222569071268,-0.0124152864861,-1.2229053745,-0.239353273483,-1.4658866118,3.750324999e-05,0.00317792481078,0.449794873259,-1.72418054567,3.77879336633e-06,-0.000944698341577,0.449832376509,0.444228865224,-1.7110026631,-1.72100262086,0.437453141819,-1.71707831065,-0.0123792346901,0.00392431020416,1.35858803064,-1.4658866118,-1.4658866118,0.447656538741,-1.71665316912,-0.00222569071268,-0.0124152864861,-0.00222569071268,-0.0124152864861,0.00362796381066,4,0
3170,6.34,1,-0.258442848921,0,0.929561793804,0,0,0.929561793804,0,0.929561793804,0,-0.244504383249,1.35130763126,-0.258442851869,1.20163665731,0.0139384686196,0.149670973949,-1.28224233661,2.25150710521,0.929561773157,-8.19877508146e-05,-0.00675178643441,-0.258264255671,1.23996264079,-2.39620856599e-06,0.000599052141496,-0.258346243422,-0.241805518771,1.34763508274,1.23321085435,-0.255106865306,1.35086586117,0.00323937811616,0.117655006822,1.00050028167,0.929561773157,0.97700040805,-0.244504383249,1.35130763126,0.0139384686196,0.149670973949,0.0139384686196,0.149670973949,-0.00773563944418,4,0
3170,6.34,2,0.432999849319,0,-1.6495051384,0,0,-1.6495051384,0,-1.6495051384,0,0.430630477329,-1.68913453597,0.432999852192,-1.68081508878,-0.00236937486311,-0.0083194471869,-1.38241553989,-0.263786369198,-1.64950511522,3.57508332369e-05,0.00287419613195,0.43292705458,-1.69522733229,2.9952607743e-06,-0.000748815193571,0.432962805413,0.427256896737,-1.68454385021,-1.69235313615,0.419102834381,-1.68961485442,-0.0138599710324,0.00273828173206,0.822840607965,-1.64950511522,-1.64950511522,0.430630477329,-1.68913453597,-0.00236937486311,-0.0083194471869,-0.00236937486311,-0.0083194471869,0.00330320613079,4,0
3175,6.35,1,-0.246424376965,0,1.9295617342,0,0,1.9295617342,0,1.9295617342,0,-0.231064489575,1.33989855694,-0.246424372858,1.20679022011,0.0153598832834,0.133108336825,0.144777640499,2.43428822859,1.92956177316,-4.81935584873e-05,-0.00378834145808,-0.246330982856,1.22438173682,-7.25770772592e-07,0.000181442693146,-0.246379176414,-0.228385240963,1.33907997771,1.22059339536,-0.229823774389,1.3399502534,0.0165554020255,0.119356858039,1.81855205313,1.92956177316,2.58343253325,-0.231064489575,1.33989855694,0.0153598832834,0.133108336825,0.0153598832834,0.133108336825,-0.00436666415993,4,0
3175,6.35,2,0.416132748127,0,-2.04708242416,0,0,-2.04708242416,0,-2.04708242416,0,0.413830610269,-1.67487319277,0.41613275457,-1.69782661934,-0.00230214430097,0.022953426571,-1.82693551395,-0.221172569796,-2.04708236338,-7.70194124268e-06,-0.000933297071549,0.416169341065,-1.68565007426,9.07213482559e-07,-0.000226803370644,0.416161639124,0.410481549511,-1.67384996872,-1.68658337133,0.398641066058,-1.67550609044,-0.0175205730651,0.011077280886,-0.478222119034,-2.04708236338,-2.04708236338,0.413830610269,-1.67487319277,-0.00230214430097,0.022953426571,-0.00230214430097,0.022953426571,-0.00102572036646,4,0
3180,6.36,1,-0.234259456396,0,1.1901845932,0,0,1.1901845932,0,1.1901845932,0,-0.217729752055,1.32118105053,-0.234259453949,1.21763867004,0.0165297018943,0.103542380492,-2.4987252484,2.45199768475,1.19018456735,-1.58669918884e-05,-0.0014070918116,-0.234218262186,1.22829365635,-5.16842064091e-06,0.00129210516023,-0.234234129178,-0.215094787668,1.31360587789,1.22688656454,-0.238503085179,1.32031549498,-0.00426895600129,0.0934289304446,0.884231873966,1.19018456735,-0.0451300679315,-0.217729752055,1.32118105053,0.0165297018943,0.103542380492,0.0165297018943,0.103542380492,-0.00159749571426,4,0
3180,6.36,2,0.399027019739,0,-1.04708230495,0,0,-1.04708230495,0,-1.04708230495,0,0.397162188404,-1.65147630936,0.399027032507,-1.70806671158,-0.00186484410332,0.0565904022256,-0.998032910883,-0.0324109637289,-1.04708236338,-4.89251955694e-05,-0.00396804397809,0.399130089878,-1.68708150333,6.46052590447e-06,-0.00161513147612,0.399081164683,0.393868482928,-1.6420073434,-1.6910495473,0.388897555354,-1.65182066907,-0.0101836093289,0.0392288782367,3.85352434924,-1.04708236338,-1.02588872829,0.397162188404,-1.65147630936,-0.00186484410332,0.0565904022256,-0.00186484410332,0.0565904022256,-0.00455514632493,4,0
3185,6.37,1,-0.222240135074,0,0.190184563398,0,0,0.190184563398,0,0.190184563398,0,-0.204734193521,1.27455388898,-0.222240131756,1.18642813443,0.0175059382355,0.0881257545523,-3.90293311958,2.38784643884,0.190184567351,-5.39818209007e-05,-0.00473693634481,-0.222103516875,1.21988086175,-7.57132344154e-06,0.00189283086038,-0.222157498696,-0.202196308181,1.26326417714,1.2151439254,-0.237157473116,1.273202919,-0.014999974421,0.0580589935958,-0.290498643311,0.190184567351,-1.50970196254,-0.204734193521,1.27455388898,0.0175059382355,0.0881257545523,0.0175059382355,0.0881257545523,-0.00538471819562,4,0
3185,6.37,2,0.382301449776,0,-0.416978061199,0,0,-0.416978061199,0,-0.416978061199,0,0.380917740279,-1.59319235654,0.382301445409,-1.64067204718,-0.0013837051297,0.047479690631,-0.528070212883,0.111331392636,-0.416978057544,-6.37431280058e-07,0.000246886472454,0.382283819822,-1.64847613223,9.46415443076e-06,-0.00236603860768,0.382283182391,0.377745383614,-1.57908021655,-1.64822924576,0.376522791647,-1.5933754794,-0.00576039074438,0.0548537663562,6.51193794085,-0.416978057544,-0.416978057544,0.380917740279,-1.59319235654,-0.0013837051297,0.047479690631,-0.0013837051297,0.047479690631,0.000239237297093,4,0
3190,6.38,1,-0.210727527738,0,-0.809815406799,0,0,-0.809815406799,0,-0.809815406799,0,-0.192277785053,1.21628132586,-0.210727532471,1.12469183854,0.0184497474177,0.091589487322,-3.83411839737,2.42006294716,-0.809815432649,-0.000102048339462,-0.00868166671215,-0.21048665191,1.18041236785,-7.58315169616e-06,0.00189578792404,-0.21058870025,-0.189856718085,1.20484612027,1.17173070113,-0.224090988386,1.21495577572,-0.0135022881362,0.0432250745844,-1.42576732007,-0.809815432649,-1.40414920342,-0.192277785053,1.21628132586,0.0184497474177,0.091589487322,0.0184497474177,0.091589487322,-0.00990624678569,4,0
3190,6.38,2,0.366520404816,0,-0.419926375151,0,0,-0.419926375151,0,-0.419926375151,0,0.365347229746,-1.52035165171,0.366520399614,-1.53413046316,-0.00117316986764,0.0137788114489,-0.504871053384,0.090842416708,-0.41992637766,5.95481248307e-05,0.00518316348676,0.366372410379,-1.56973678873,9.4789397288e-06,-0.0023697349322,0.366431958504,0.362320896047,-1.50605764455,-1.56455362524,0.361098199914,-1.52052869462,-0.00533375858978,0.0440249306227,6.45839917553,-0.41992637766,-0.41992637766,0.365347229746,-1.52035165171,-0.00117316986764,0.0137788114489,-0.00117316986764,0.0137788114489,0.00589774098473,4,0
3195,6.39,1,-0.199902951717,0,-0.24772721529,0,0,-0.24772721529,0,-0.24772721529,0,-0.180384680416,1.16526257082,-0.199902945348,1.05831836402,0.0195182649314,0.106944206806,-2.05310907454,2.61337099198,-0.247727215472,-0.000124614988504,-0.0103051531167,-0.199628460534,1.11773500809,-4.85257792587e-06,0.00121314448147,-0.199753075523,-0.178061845733,1.15777790814,1.10742985497,-0.197366103292,1.16455501154,0.00238697223005,0.0571251565623,-0.974505367945,-0.247727215472,0.572062450418,-0.180384680416,1.16526257082,0.0195182649314,0.106944206806,0.0195182649314,0.106944206806,-0.0118005329788,4,0
3195,6.39,2,0.351778000593,0,-1.08195376396,0,0,-1.08195376396,0,-1.08195376396,0,0.35048084901,-1.45657820722,0.351777994922,-1.442086356,-0.00129714591195,-0.0144918512287,-1.02057605228,-0.0531816210225,-1.08195377504,8.70934068462e-05,0.00715098084877,0.351589903644,-1.48180041685,6.06572246492e-06,-0.00151643061624,0.35167699705,0.347577305668,-1.44722237879,-1.474649436,0.341922605787,-1.45693480069,-0.00975439126302,0.0177146353053,3.72453850267,-1.08195377504,-1.08195377504,0.35048084901,-1.45657820722,-0.00129714591195,-0.0144918512287,-0.00129714591195,-0.0144918512287,0.00819610173092,4,0
3200,6.4,1,-0.189496159554,0,0.75227278471,0,0,0.75227278471,0,0.75227278471,0,-0.168876866497,1.14303178963,-0.189496155628,1.03524595767,0.0206192891313,0.107785831962,0.667751000925,2.88052833491,0.752272784528,-7.97706974933e-05,-0.00632898772648,-0.189337344233,1.06622107276,-1.34035509941e-06,0.000335088774853,-0.18941711493,-0.166591819558,1.14151820343,1.05989208504,-0.163261305426,1.14326577134,0.0261558095035,0.0833736863023,-0.0963372293111,0.752272784528,3.55556557193,-0.168876866497,1.14303178963,0.0206192891313,0.107785831962,0.0206192891313,0.107785831962,-0.0072862360964,4,0
3200,6.4,2,0.337502270937,0,-2.01531052589,0,0,-2.01531052589,0,-2.01531052589,0,0.336096081675,-1.42878973048,0.337502279037,-1.42973101501,-0.00140619736148,0.000941284531945,-1.85527482949,-0.157684757409,-2.01531058171,2.8950070279e-05,0.00200359397325,0.337463675003,-1.43277341453,1.67544388846e-06,-0.000418860972119,0.337492625074,0.333239773014,-1.42689774772,-1.43076982056,0.320642695268,-1.42943362158,-0.0168499298051,0.00133619897828,0.0790299619028,-2.01531058171,-2.01531058171,0.336096081675,-1.42878973048,-0.00140619736148,0.000941284531945,-0.00140619736148,0.000941284531945,0.00235099481659,4,0
3205,6.41,1,-0.17913082242,0,0.552272796631,0,0,0.552272796631,0,0.552272796631,0,-0.157562353882,1.10968719991,-0.179130818398,1.03460672358,0.0215684645161,0.075080476327,-4.04558546268,2.91407009164,0.552272784528,-2.27447865207e-05,-0.00184813527555,-0.179081411898,1.04572458411,-8.90100359038e-06,0.00222525089759,-0.179104156685,-0.155355779197,1.09661159003,1.04387644883,-0.191199492655,1.10828565246,-0.0120953359703,0.0644092036233,-0.443117438916,0.552272784528,-1.12939429832,-0.157562353882,1.10968719991,0.0215684645161,0.075080476327,0.0215684645161,0.075080476327,-0.0021210727138,4,0
3205,6.41,2,0.32308191061,0,-1.01531052589,0,0,-1.01531052589,0,-1.01531052589,0,0.321952940973,-1.38710899299,0.323081909314,-1.44114271714,-0.0011289683402,0.0540337241545,-0.366463389506,0.0365454547734,-1.01531058171,-4.36217917009e-05,-0.00368896131417,0.32318192654,-1.41917785323,1.11262545734e-05,-0.00278156364336,0.323138304748,0.319194722631,-1.37076448051,-1.42286681454,0.318939414734,-1.38723455658,-0.00419889001438,0.0356322579616,4.30881540362,-1.01531058171,-0.325705511918,0.321952940973,-1.38710899299,-0.0011289683402,0.0540337241545,-0.0011289683402,0.0540337241545,-0.00421242281458,4,0
3210,6.42,1,-0.168989256024,0,-0.447727203369,0,0,-0.447727203369,0,-0.447727203369,0,-0.146832147482,1.03157341018,-0.168989256034,0.994632282304,0.0221571085521,0.0369411278745,-6.11235068646,2.70405290334,-0.447727215472,-4.68779028206e-05,-0.00414966169548,-0.168868045019,1.02489910176,-1.21722707349e-05,0.00304306768373,-0.168914922922,-0.144787124696,1.01338218966,1.02074944007,-0.197640925214,1.02945637777,-0.0287260022927,0.0087069377074,-1.5768152289,-0.447727215472,-3.40358558659,-0.146832147482,1.03157341018,0.0221571085521,0.0369411278745,0.0221571085521,0.0369411278745,-0.00471219652933,4,0
3210,6.42,2,0.309021770954,0,-0.0153105817735,0,0,-0.0153105817735,0,-0.0153105817735,0,0.308540183045,-1.28946675511,0.309021768645,-1.37153477253,-0.000481585599812,0.0820680174218,0.341594155421,0.371552128823,-0.0153105817149,-1.1605403238e-05,-0.000653074561699,0.309027562382,-1.37454268073,1.52153385226e-05,-0.00380383463064,0.309015956979,0.305983904579,-1.26672772931,-1.37519575529,0.311388458912,-1.28934807695,0.00237250193285,0.0858476783405,8.3748221428,-0.0153105817149,0.713938623645,0.308540183045,-1.28946675511,-0.000481585599812,0.0820680174218,-0.000481585599812,0.0820680174218,-0.000792339400555,4,0
3215,6.43,1,-0.159506395459,0,-1.44772720337,0,0,-1.44772720337,0,-1.44772720337,0,-0.13697493865,0.940182024055,-0.159506395202,0.911865134325,0.0225314565525,0.0283168897294,-5.66071609127,2.56156579471,-1.44772721547,-0.000107744524982,-0.00928321106287,-0.159244125017,0.974198417585,-1.1400977074e-05,0.00285024426849,-0.159351869542,-0.135111934434,0.922951375135,0.964915206522,-0.183977835947,0.938223570001,-0.024625966405,-0.0266916365215,-2.66801922814,-1.44772721547,-3.0885741512,-0.13697493865,0.940182024055,0.0225314565525,0.0283168897294,0.0225314565525,0.0283168897294,-0.0105761453627,4,0
3215,6.43,2,0.296142309904,0,0.719612419605,0,0,0.719612419605,0,0.719612419605,0,0.296218672085,-1.17522752172,0.296142305791,-1.22194820747,7.63662937063e-05,0.0467206857539,0.279409214711,0.446947327743,0.719612448513,6.66487197451e-05,0.00594430930442,0.295966906002,-1.26611847986,1.4251221427e-05,-0.00356280535674,0.296033554722,0.293889916832,-1.15368921044,-1.26017417055,0.298486943453,-1.17513301041,0.0024533887316,0.0850411601443,11.0904896513,0.719612448513,0.719612448513,0.296218672085,-1.17522752172,7.63662937063e-05,0.0467206857539,7.63662937063e-05,0.0467206857539,0.00674409394136,4,0
3220,6.44,1,-0.150986626744,0,-1.24772727489,0,0,-1.24772727489,0,-1.24772727489,0,-0.127973758473,0.865153491089,-0.150986624883,0.815347096156,0.0230128664103,0.049806394933,-2.81581940682,2.67849152522,-1.24772721547,-0.000152644046476,-0.0126991216447,-0.150646024678,0.88995215372,-6.83394314852e-06,0.00170848578713,-0.150798668724,-0.126254328828,0.85458936519,0.877253032075,-0.151277372116,0.864182507188,-0.000478703391327,-0.0130705248876,-2.51757590903,-1.24772721547,-0.122797031397,-0.127973758473,0.865153491089,0.0230128664103,0.049806394933,0.0230128664103,0.049806394933,-0.0145308502025,4,0
3220,6.44,2,0.284898221493,0,-0.195651352406,0,0,-0.195651352406,0,-0.195651352406,0,0.284967196951,-1.08144185498,0.284898208976,-1.06912129151,6.89879750764e-05,-0.0123205634683,-0.54195201258,0.210481735869,-0.195651351078,0.000123580543436,0.0102645642754,0.284624207021,-1.12853694117,8.54242897835e-06,-0.00213560724458,0.284747787565,0.282817909912,-1.06823669754,-1.11827237689,0.280361030905,-1.08163377857,-0.0043867566594,0.0366385983242,7.07039264305,-0.195651351078,-0.343217807508,0.284967196951,-1.08144185498,6.89879750764e-05,-0.0123205634683,6.89879750764e-05,-0.0123205634683,0.0117475307966,4,0
3225,6.45,1,-0.143184676766,0,-0.24772721529,0,0,-0.24772721529,0,-0.24772721529,0,-0.119524489315,0.834277106778,-0.143184672873,0.763378325855,0.0236601835579,0.0708987809233,0.9319524385,2.98933514014,-0.247727215472,-0.000111992551615,-0.00901233156702,-0.142953460704,0.810405544887,-1.82373612947e-06,0.00045593403237,-0.143065453255,-0.117857320363,0.832216673975,0.80139321332,-0.111685526287,0.834603730238,0.0313799269686,0.0332105169181,-1.56988229762,-0.247727215472,3.93164382082,-0.119524489315,0.834277106778,0.0236601835579,0.0708987809233,0.0236601835579,0.0708987809233,-0.0103562421864,4,0
3225,6.45,2,0.274655431509,0,-1.1956512928,0,0,-1.1956512928,0,-1.1956512928,0,0.274405610593,-1.04284637441,0.274655433813,-1.00685102974,-0.000249823220246,-0.0359953446686,-1.68516170618,-0.111692149481,-1.19565135108,7.03738817881e-05,0.00545155538842,0.274523858017,-1.03048641123,2.27967017202e-06,-0.000569917543009,0.274594231898,0.272321649421,-1.04027083339,-1.02503485584,0.260334558269,-1.04343266825,-0.0142596736296,-0.0183978124165,2.88505412203,-1.19565135108,-1.80314989763,0.274405610593,-1.04284637441,-0.000249823220246,-0.0359953446686,-0.000249823220246,-0.0359953446686,0.00629604196988,4,0
3230,6.46,1,-0.135664403439,0,-0.447727203369,0,0,-0.447727203369,0,-0.447727203369,0,-0.111337744933,0.789569434508,-0.135664400378,0.74276723191,0.0243266554445,0.0468022025988,-5.39030275151,3.06299235385,-0.447727215472,-4.45094664123e-05,-0.00359390821803,-0.135569886096,0.76320448707,-1.17622942915e-05,0.00294057357288,-0.135614395563,-0.109775554853,0.772273319193,0.759610578852,-0.156144744418,0.787702476197,-0.0205303488548,0.0280918973447,-1.84551454822,-0.447727215472,-2.32318237585,-0.111337744933,0.789569434508,0.0243266554445,0.0468022025988,0.0243266554445,0.0468022025988,-0.00412802181498,4,0
3230,6.46,2,0.264620631933,0,-0.552943348885,0,0,-0.552943348885,0,-0.552943348885,0,0.264172180207,-0.986961783833,0.264620646576,-0.995530018147,-0.000448466368467,0.00856823431458,0.317705006189,-0.057168159896,-0.552943333195,-1.59448000888e-05,-0.0014680862088,0.264663218237,-0.985462303152,1.47028679237e-05,-0.00367571698091,0.264647273437,0.262219442626,-0.965341639601,-0.98693038936,0.26682893803,-0.98685108559,0.00218166459376,7.93037702567e-05,5.48292985568,-0.552943333195,0.262196270103,0.264172180207,-0.986961783833,-0.000448466368467,0.00856823431458,-0.000448466368467,0.00856823431458,-0.00165942380986,4,0
3235,6.47,1,-0.12854860723,0,-1.44772720337,0,0,-1.44772720337,0,-1.44772720337,0,-0.10392323803,0.687615338592,-0.128548605667,0.684988940331,0.0246253676368,0.00262639826084,-7.91762752168,2.8011073687,-1.44772721547,-6.02683853791e-05,-0.00524852661728,-0.128398396344,0.721492632242,-1.55817113596e-05,0.0038954278399,-0.128458664729,-0.102571258878,0.664303292807,0.716244105624,-0.16973943858,0.684872996902,-0.0412807738511,-0.0313711087223,-2.91080417821,-1.44772721547,-5.11054840574,-0.10392323803,0.687615338592,0.0246253676368,0.00262639826084,0.0246253676368,0.00262639826084,-0.00597174724183,4,0
3235,6.47,2,0.255118399858,0,0.447056680918,0,0,0.447056680918,0,0.447056680918,0,0.254904046674,-0.859519163448,0.255118399896,-0.909106804001,-0.000214353222007,0.0495876405525,1.19433503464,0.27867262379,0.447056666805,6.18668208287e-06,0.000812989368928,0.255085278387,-0.920564719044,1.94771392683e-05,-0.00486928481706,0.255091465069,0.253214072753,-0.830379106115,-0.919751729675,0.264832208658,-0.859105490032,0.00974074358881,0.0606462396429,9.38543537251,0.447056666805,1.47212042887,0.254904046674,-0.859519163448,-0.000214353222007,0.0495876405525,-0.000214353222007,0.0495876405525,0.000887229553922,4,0
3240,6.48,1,-0.122265294194,0,-2.44772720337,0,0,-2.44772720337,0,-2.44772720337,0,-0.097630121113,0.572051155104,-0.122265296423,0.585134232037,0.0246351753095,-0.0130830769333,-7.12754138332,2.58362151654,-2.44772721547,-0.000118565689365,-0.0101793594988,-0.121979051701,0.652726121953,-1.41027953805e-05,0.00352569884513,-0.12209761739,-0.0965075434823,0.550711718824,0.642546762455,-0.156826842657,0.569584625039,-0.0347292252661,-0.0729621374153,-3.93327961396,-2.44772721547,-4.53231771901,-0.097630121113,0.572051155104,0.0246351753095,-0.0130830769333,0.0246351753095,-0.0130830769333,-0.0116021477712,4,0
3240,6.48,2,0.246958047152,0,1.43656003475,0,0,1.43656003475,0,1.43656003475,0,0.247037650628,-0.715063933608,0.246958048273,-0.743881518651,7.96023545546e-05,0.0288175850425,1.05254593485,0.39224113,1.43656002822,8.22334199311e-05,0.00724023559708,0.246747776881,-0.795769027358,1.76284942778e-05,-0.00440712356945,0.246830010301,0.24563442861,-0.688389638178,-0.788528791761,0.255725225518,-0.714701951321,0.00889521521682,0.0738268404401,12.9661741228,1.43656002822,1.43656002822,0.247037650628,-0.715063933608,7.96023545546e-05,0.0288175850425,7.96023545546e-05,0.0288175850425,0.00822703663626,4,0
3245,6.49,1,-0.117137402296,0,-2.25333452225,0,0,-2.25333452225,0,-2.25333452225,0,-0.0924019636278,0.48035715977,-0.117137403618,0.468221983804,0.0247354399906,0.012135175966,-3.49725926852,2.66072349452,-2.25333446135,-0.000168141163904,-0.0140004646187,-0.116761168876,0.550869239369,-8.14635440087e-06,0.00203658860022,-0.11692931004,-0.0914542487744,0.467747660898,0.53686877475,-0.12136202832,0.479150490408,-0.00443271828084,-0.057718284342,-3.71664935787,-2.25333446135,-0.820517615411,-0.0924019636278,0.48035715977,0.0247354399906,0.012135175966,0.0247354399906,0.012135175966,-0.0160181585856,4,0
3245,6.49,2,0.240666866302,0,0.457251191139,0,0,0.457251191139,0,0.457251191139,0,0.240502453876,-0.600446439126,0.240666862031,-0.563395709033,-0.000164408155003,-0.037050730093,0.00554695970029,0.111103797905,0.457251194286,0.000146054915693,0.0121512795295,0.240341229984,-0.634454422812,1.01829430248e-05,-0.0025457357562,0.2404872849,0.23931781033,-0.584684565498,-0.622303143283,0.240432933081,-0.600449335826,-5.43518183329e-05,0.0218538074575,8.5014630676,0.457251194286,0.102746819088,0.240502453876,-0.600446439126,-0.000164408155003,-0.037050730093,-0.000164408155003,-0.037050730093,0.0139039385178,4,0
3250,6.5,1,-0.112920477986,0,-1.25333440304,0,0,-1.25333440304,0,-1.25333440304,0,-0.0878383125658,0.443857567968,-0.112920479265,0.39745415989,0.0250821666991,0.0464034080772,0.910648884826,3.00014109741,-1.25333446135,-0.000128738553669,-0.0104075804632,-0.11265159561,0.452845447307,-2.12859716049e-06,0.000532149290124,-0.112780334164,-0.0869522157139,0.441451978075,0.442437866844,-0.0801632928534,0.444177360456,0.0326170413107,0.00173949361153,-2.69350269006,-1.25333446135,3.92274242534,-0.0878383125658,0.443857567968,0.0250821666991,0.0464034080772,0.0250821666991,0.0464034080772,-0.0119524431072,4,0
3250,6.5,2,0.235626071692,0,-0.542748808861,0,0,-0.542748808861,0,-0.542748808861,0,0.234797890155,-0.554821949273,0.235626077292,-0.477344765879,-0.000828187137363,-0.0774771833941,-1.33469885625,-0.334648319473,-0.542748805714,9.45265497137e-05,0.0074636932331,0.235440179627,-0.513039563133,2.66074645583e-06,-0.000665186613959,0.235534706177,0.233690269111,-0.551814961901,-0.5055758699,0.223623150178,-0.555287563438,-0.0119115559988,-0.0497116935388,4.12665476729,-0.542748805714,-1.67794518755,0.234797890155,-0.554821949273,-0.000828187137363,-0.0774771833941,-0.000828187137363,-0.0774771833941,0.00859801182966,4,0
3255,6.51,1,-0.109152019024,0,-1.32273507118,0,0,-1.32273507118,0,-1.32273507118,0,-0.083580711997,0.392163111608,-0.109152021114,0.362878487175,0.0255713091166,0.0292846244328,-6.40149342984,3.10247702345,-1.32273503764,-5.75831811987e-05,-0.00461948443076,-0.109031293341,0.388483139946,-1.34722096747e-05,0.00336805241866,-0.109088876522,-0.0828158245722,0.372339555133,0.383863655516,-0.136789859565,0.389946063792,-0.0277009830431,0.00608240827679,-2.76275654231,-1.32273503764,-3.29370592379,-0.083580711997,0.392163111608,0.0255713091166,0.0292846244328,0.0255713091166,0.0292846244328,-0.00531048260515,4,0
3255,6.51,2,0.230980053544,0,-0.0825319439173,0,0,-0.0825319439173,0,-0.0825319439173,0,0.229475889551,-0.490203878707,0.230980060379,-0.453375809301,-0.00150417082747,-0.0368280694062,0.985707579139,-0.376340701905,-0.0825319424941,3.42090910782e-06,6.36314570235e-05,0.230983129066,-0.451255219961,1.68402621206e-05,-0.00421006553014,0.230986549975,0.228519780292,-0.465424433073,-0.451191588504,0.237675012436,-0.489862248587,0.00668846246071,-0.0386706600835,5.83107608867,-0.0825319424941,0.609262194867,0.229475889551,-0.490203878707,-0.00150417082747,-0.0368280694062,-0.00150417082747,-0.0368280694062,0.000104682366317,4,0
3260,6.52,1,-0.105896405876,0,-2.32273507118,0,0,-2.32273507118,0,-2.32273507118,0,-0.0802076881877,0.276348686766,-0.105896403753,0.29493359167,0.0256887155651,-0.0185849049041,-9.14174551198,2.81090412451,-2.32273503764,-6.62711157085e-05,-0.00573681250673,-0.105733500606,0.334114679199,-1.74659055123e-05,0.00436647637807,-0.105799771722,-0.079681093807,0.250197761181,0.328377866692,-0.156202531413,0.273182234965,-0.0504027596911,-0.0551956317274,-3.75458765075,-2.32273503764,-6.32430932157,-0.0802076881877,0.276348686766,0.0256887155651,-0.0185849049041,0.0256887155651,-0.0185849049041,-0.00653206589523,4,0
3260,6.52,2,0.226935908198,0,0.917468070984,0,0,0.917468070984,0,0.917468070984,0,0.225259609899,-0.345435847443,0.226935907209,-0.360930685538,-0.00167629731078,0.0154948380953,1.94461676812,-0.0449347461254,0.917468057506,1.69309317069e-05,0.00169609070043,0.226879459472,-0.377427721053,2.18323819171e-05,-0.00545809547926,0.226896390404,0.224601366945,-0.312747190421,-0.375731630352,0.241420864716,-0.344762461825,0.0145244743123,0.0309691685271,9.60075664184,0.917468057506,1.89778276011,0.225259609899,-0.345435847443,-0.00167629731078,0.0154948380953,-0.00167629731078,0.0154948380953,0.00189926188091,4,0
3265,6.53,1,-0.103572681546,0,-3.32273507118,0,0,-3.32273507118,0,-3.32273507118,0,-0.0780946773159,0.147923933376,-0.103572684365,0.185291975602,0.0254780070487,-0.0373680422256,-8.09025537275,2.55353711186,-3.32273503764,-0.000123023066457,-0.010549569216,-0.103276496758,0.255082300433,-1.54241338153e-05,0.00385603345381,-0.103399519825,-0.0778224119903,0.12456456244,0.244532731217,-0.145296586724,0.145123853817,-0.041897066899,-0.0994088773998,-4.70411686642,-3.32273503764,-5.52469241488,-0.0780946773159,0.147923933376,0.0254780070487,-0.0373680422256,0.0254780070487,-0.0373680422256,-0.0120258460134,4,0
3265,6.53,2,0.224290460348,0,1.81331276894,0,0,1.81331276894,0,1.81331276894,0,0.22261834642,-0.184904905535,0.224290466713,-0.190264467438,-0.00167212029322,0.00535956190265,1.73661958408,0.0858151415159,1.81331277991,9.16125201945e-05,0.00802259544784,0.224059051518,-0.246866152117,1.92801672838e-05,-0.00482004182094,0.224150664038,0.222278014785,-0.155705691842,-0.238843556669,0.236989210656,-0.184306119525,0.0128385466182,0.0545374371441,12.6842251886,1.81331277991,1.81331277991,0.22261834642,-0.184904905535,-0.00167212029322,0.00535956190265,-0.00167212029322,0.00535956190265,0.00912194569017,4,0
3270,6.54,1,-0.102486766875,0,-3.1227350235,0,0,-3.1227350235,0,-3.1227350235,0,-0.0771513110031,0.048540122808,-0.102486767392,0.0612337603591,0.0253354563891,-0.0126936375511,-4.02963312082,2.60642177479,-3.12273503764,-0.000169713117553,-0.0141203911855,-0.10210766622,0.144401799052,-8.66134372546e-06,0.00216533593137,-0.102277379337,-0.0770680798744,0.0351195565666,0.130281407867,-0.110538981067,0.0471489698887,-0.00826160172956,-0.083132437978,-4.40922316066,-3.12273503764,-1.40705439744,-0.0771513110031,0.048540122808,0.0253354563891,-0.0126936375511,0.0253354563891,-0.0126936375511,-0.0161569485961,4,0
3270,6.54,2,0.223522439599,0,0.817021727562,0,0,0.817021727562,0,0.817021727562,0,0.221439138641,-0.0606751422514,0.223522437968,-0.0121744465897,-0.00208329932692,-0.0485006956617,0.566010492083,-0.164761151796,0.817021700446,0.000152018920802,0.0126346144012,0.223184214744,-0.085887806859,1.08266796592e-05,-0.0027066699148,0.223336233665,0.221335099753,-0.0438994344457,-0.0732531924578,0.226027436601,-0.0604839631698,0.00269120293663,0.012769229288,8.05411571175,0.817021700446,0.386790498836,0.221439138641,-0.0606751422514,-0.00208329932692,-0.0485006956617,-0.00208329932692,-0.0485006956617,0.0144588414508,4,0
3275,6.55,1,-0.10238044709,0,-2.1227350235,0,0,-2.1227350235,0,-2.1227350235,0,-0.07692,0.00999015786696,-0.102380444774,-0.0162960889797,0.0254604447742,0.0262862468466,0.607243649994,2.94366864506,-2.12273503764,-0.000129242846929,-0.010450497302,-0.102110370678,0.0393776507506,-2.22509627064e-06,0.00055627406766,-0.102239613525,-0.076901712582,0.00747488678347,0.0289271534486,-0.0717685679463,0.0102048008692,0.0304710455785,-0.0187223525794,-3.31403925456,-2.12273503764,3.56291370652,-0.07692,0.00999015786696,0.0254604447742,0.0262862468466,0.0254604447742,0.0262862468466,-0.0120014114652,4,0
3275,6.55,2,0.223976075649,0,-0.18297830224,0,0,-0.18297830224,0,-0.18297830224,0,0.22115,-0.0124876860709,0.223976071367,0.0708840105651,-0.00282607136659,-0.083371696636,-0.840501775711,-0.593266373632,-0.182978299554,9.91786974212e-05,0.00785259151069,0.223779628492,0.0328216246003,2.78137033796e-06,-0.000695342584493,0.223878807189,0.22112714075,-0.0093435972169,0.040674216111,0.214082731966,-0.0127821555723,-0.00979607522338,-0.0534563716833,3.59128381385,-0.182978299554,-1.44281088522,0.22115,-0.0124876860709,-0.00282607136659,-0.083371696636,-0.00282607136659,-0.083371696636,0.00904273587974,4,0
3280,6.56,1,-0.102777704597,0,-1.92273509502,0,0,-1.92273509502,0,-1.92273509502,0,-0.0770083068525,-0.0436308690182,-0.102777703394,-0.0539092610028,0.025769396541,0.0102783919846,-6.97872806592,3.03987261157,-1.92273503764,-5.66169196973e-05,-0.00447994074483,-0.102662061459,-0.0300765339521,-1.38633713084e-05,0.00346584282711,-0.102718678379,-0.0771155945932,-0.0640413988265,-0.034556474697,-0.13502066364,-0.046048050551,-0.0323019852608,-0.011491575854,-3.04430357746,-1.92273503764,-3.93369611057,-0.0770083068525,-0.0436308690182,0.025769396541,0.0102783919846,0.025769396541,0.0102783919846,-0.0051593437812,4,0
3280,6.56,2,0.224776685238,0,0.212170302868,0,0,0.212170302868,0,0.212170302868,0,0.221260383678,0.0545385975174,0.22477668301,0.0869519283496,-0.00351629933214,-0.0324133308323,1.56992517215,-0.597932072402,0.212170296751,6.17343916068e-06,0.000216476418271,0.224777308028,0.0893541886381,1.73292141281e-05,-0.00433230353202,0.224783481467,0.221394493377,0.0800517597671,0.0895706650563,0.234318002655,0.0550826649747,0.0095345211872,-0.0344880000816,4.95918487797,0.212170296751,0.971702542056,0.221260383678,0.0545385975174,-0.00351629933214,-0.0324133308323,-0.00351629933214,-0.0324133308323,0.0002905576882,4,0
3285,6.57,1,-0.103680938482,0,-2.92273497581,0,0,-2.92273497581,0,-2.92273497581,0,-0.0780069412082,-0.161968899955,-0.103680938936,-0.120389106706,0.0256739977277,-0.0415797932492,-9.66341826432,2.71145095294,-2.92273503764,-5.8968515894e-05,-0.0051212113429,-0.103534970413,-0.0850499339116,-1.76404151413e-05,0.00441010378532,-0.103593938929,-0.0783572783266,-0.188398870541,-0.0901711452545,-0.158347373215,-0.165316417955,-0.0547534342862,-0.0751452727006,-3.97005176862,-2.92273503764,-6.94613847784,-0.0780069412082,-0.161968899955,0.0256739977277,-0.0415797932492,0.0256739977277,-0.0415797932492,-0.00582883353363,4,0
3285,6.57,2,0.226061269641,0,1.21217024326,0,0,1.21217024326,0,1.21217024326,0,0.222508676735,0.202461136103,0.226061267546,0.167079537369,-0.00355259081084,0.0353815987343,2.51693309335,-0.183454057295,1.21217029675,1.16947883776e-05,0.0012518767296,0.226017176922,0.153415391417,2.20505189087e-05,-0.00551262972718,0.226028871711,0.222946598155,0.23549859931,0.154667268146,0.243435186648,0.203333074017,0.0174063149376,0.0486658058703,8.67415455455,1.21217029675,2.33208682187,0.222508676735,0.202461136103,-0.00355259081084,0.0353815987343,-0.00355259081084,0.0353815987343,0.00139221419013,4,0
3290,6.58,1,-0.105503045022,0,-3.92273497581,0,0,-3.92273497581,0,-3.92273497581,0,-0.0802808726083,-0.290683113597,-0.105503046418,-0.228828638568,0.0252221738095,-0.0618544750285,-8.45326437266,2.41697341539,-3.92273503764,-0.000115321889728,-0.0099121195658,-0.105223910749,-0.162765036367,-1.52356505659e-05,0.00380891264147,-0.105339232639,-0.0808855708149,-0.313775841208,-0.172677155933,-0.150508685908,-0.293609272484,-0.045169453269,-0.120932116551,-4.85526589076,-3.92273503764,-6.02499497503,-0.0802808726083,-0.290683113597,0.0252221738095,-0.0618544750285,0.0252221738095,-0.0618544750285,-0.0112959822425,4,0
3290,6.58,2,0.228625774384,0,2.21217036247,0,0,2.21217036247,0,2.21217036247,0,0.225351091096,0.363353903,0.228625776228,0.326137397093,-0.00327468513246,0.0372165059072,2.26286253041,0.0411745169298,2.21217029675,8.60372357681e-05,0.00756377340298,0.228406537949,0.272159608077,1.90445631832e-05,-0.0047611407958,0.228492575185,0.226106963876,0.392219812478,0.27972338148,0.244104086397,0.364135277804,0.0156115112124,0.0844118963247,12.1274703648,2.21217029675,2.29544082711,0.225351091096,0.363353903,-0.00327468513246,0.0372165059072,-0.00327468513246,0.0372165059072,0.0085962202322,4,0
3295,6.59,1,-0.108572296798,0,-3.72273492813,0,0,-3.72273492813,0,-3.72273492813,0,-0.0837146407356,-0.388028359574,-0.108572295992,-0.355451007247,0.024857655256,-0.0325773523265,-4.35967686664,2.44933847861,-3.72273503764,-0.00016807493232,-0.0140155475928,-0.108194961731,-0.272319005438,-8.32850037909e-06,0.00208212509477,-0.108363036663,-0.0845040405743,-0.400946294654,-0.286334553031,-0.119848944402,-0.38953395556,-0.0114859077384,-0.103199402529,-4.4953037495,-3.72273503764,-1.89430594125,-0.0837146407356,-0.388028359574,0.024857655256,-0.0325773523265,0.024857655256,-0.0325773523265,-0.0160324467806,4,0
3295,6.59,2,0.233020573854,0,1.30608570576,0,0,1.30608570576,0,1.30608570576,0,0.229643301364,0.485035460295,0.233020571768,0.504804256281,-0.00337727040381,-0.0197687959859,1.08310333627,-0.166094550708,1.30608567891,0.000154357496173,0.0128699123972,0.232674643292,0.428927671871,1.04106254546e-05,-0.00260265636366,0.232829000788,0.230630051184,0.501182879115,0.441797584268,0.238531047366,0.485405783045,0.00570204657771,0.0436081987772,7.77918456925,1.30608567891,0.90228658321,0.229643301364,0.485035460295,-0.00337727040381,-0.0197687959859,-0.00337727040381,-0.0197687959859,0.0147222023513,4,0
3300,6.6,1,-0.112650044262,0,-2.72273492813,0,0,-2.72273492813,0,-2.72273492813,0,-0.0878383121239,-0.424855158491,-0.112650042217,-0.435844076431,0.0248117300936,0.01098891794,0.0523123902871,2.78063407966,-2.72273503764,-0.000132309490681,-0.0107192903265,-0.11237219441,-0.378274081443,-2.10378745491e-06,0.000525946863726,-0.112504503901,-0.0886896242398,-0.427233898507,-0.38899337177,-0.0873007504366,-0.424832760088,0.0252037534646,-0.0358393883177,-3.33261451496,-2.72273503764,2.84525347416,-0.0878383121239,-0.424855158491,0.0248117300936,0.01098891794,0.0248117300936,0.01098891794,-0.0123070042147,4,0
3300,6.6,2,0.238653331995,0,0.306085675955,0,0,0.306085675955,0,0.306085675955,0,0.234797890707,0.53106895885,0.238653328935,0.589390928871,-0.00385543822775,-0.0583219700211,-0.2520360261,-0.570959806776,0.306085678909,0.000107387025888,0.00855264259659,0.238437355893,0.546783824538,2.62973431281e-06,-0.000657433578202,0.238544742919,0.235862030874,0.534042383863,0.555336467134,0.232619361934,0.530978186818,-0.00592538098502,-0.0243582803162,3.22449331325,0.306085678909,-0.832837119783,0.234797890707,0.53106895885,-0.00385543822775,-0.0583219700211,-0.00385543822775,-0.0583219700211,0.00984128690725,4,0
3305,6.61,1,-0.117263093591,0,-2.52273511887,0,0,-2.52273511887,0,-2.52273511887,0,-0.0922638823078,-0.47515395619,-0.117263090815,-0.477106205011,0.0249992085073,0.00195224882094,-7.06495022065,2.88851062309,-2.52273503764,-6.31147699372e-05,-0.00504598370216,-0.11713150854,-0.449472313068,-1.28974895668e-05,0.00322437239169,-0.117194623309,-0.0932328431424,-0.494153534466,-0.45451829677,-0.150988154278,-0.477600800856,-0.0337935309683,-0.0230825040857,-2.99411096123,-2.52273503764,-4.17063623662,-0.0922638823078,-0.47515395619,0.0249992085073,0.00195224882094,0.0249992085073,0.00195224882094,-0.00580336094141,4,0
3305,6.61,2,0.244658216834,0,0.769467771053,0,0,0.769467771053,0,0.769467771053,0,0.240329853544,0.593942455824,0.244658222246,0.609529233828,-0.00432836870183,-0.0155867780035,2.01249679259,-0.579837557166,0.769467747706,1.86545220222e-05,0.0012879411718,0.244629093199,0.60499256583,1.6121861917e-05,-0.00403046547925,0.244647747721,0.241541054608,0.617691928608,0.606280507002,0.257059018165,0.59463950435,0.0124112704437,-0.0116410026518,4.76294573141,0.769467747706,1.43114743999,0.240329853544,0.593942455824,-0.00432836870183,-0.0155867780035,-0.00432836870183,-0.0155867780035,0.00151179543607,4,0
3310,6.62,1,-0.122422240674,0,-3.52273511887,0,0,-3.52273511887,0,-3.52273511887,0,-0.0975364215399,-0.584431842244,-0.12242224275,-0.547534831977,0.0248858212099,-0.0368970102668,-9.43139105623,2.61729486714,-3.52273503764,-6.87104080896e-05,-0.00594183688591,-0.122253772899,-0.507083496362,-1.60881580282e-05,0.00402203950706,-0.122322483308,-0.0987293967192,-0.608553708161,-0.513025333248,-0.175938845341,-0.587698609903,-0.0536163620336,-0.0746732766549,-3.84955810213,-3.52273503764,-6.8073298273,-0.0975364215399,-0.584431842244,0.0248858212099,-0.0368970102668,0.0248858212099,-0.0368970102668,-0.00676636178299,4,0
3310,6.62,2,0.251200854778,0,1.76946771145,0,0,1.76946771145,0,1.76946771145,0,0.246920527688,0.730539813018,0.251200846819,0.69493592734,-0.00428031913117,0.0356038856785,2.85503284327,-0.2313875369,1.76946774771,2.8194023417e-05,0.00263710831877,0.251118952369,0.672741363178,2.01101974746e-05,-0.00502754936866,0.251147146392,0.248411746683,0.760692145324,0.675378471496,0.270646481851,0.731528394442,0.0194993354587,0.0561499229452,8.36669020373,1.76946774771,2.62066986977,0.246920527688,0.730539813018,-0.00428031913117,0.0356038856785,-0.00428031913117,0.0356038856785,0.00297543659977,4,0
3315,6.63,1,-0.128537788987,0,-4.52273511887,0,0,-4.52273511887,0,-4.52273511887,0,-0.103974706963,-0.700836072103,-0.128537793179,-0.659592835218,0.0245630862161,-0.0412432368844,-8.1812228034,2.41481035943,-4.52273503764,-0.000126676531061,-0.0108638254632,-0.128232749727,-0.587701055434,-1.35557956861e-05,0.00338894892153,-0.128359426259,-0.105397176628,-0.721401679314,-0.598564880897,-0.171930385517,-0.703667558709,-0.043570959259,-0.105102677812,-4.66367088013,-4.52273503764,-5.75402850014,-0.103974706963,-0.700836072103,0.0245630862161,-0.0412432368844,0.0245630862161,-0.0412432368844,-0.0123839438359,4,0
3315,6.63,2,0.259071558714,0,2.45471358299,0,0,2.45471358299,0,2.45471358299,0,0.254968384567,0.876045099874,0.25907154793,0.85848766647,-0.00410316336331,0.017557433404,2.57998961785,-0.114930573718,2.45471352089,0.000104329397643,0.00909357046292,0.258810796377,0.795215855171,1.69447445469e-05,-0.00423618613672,0.258915125775,0.256746471668,0.901752108796,0.804309425634,0.276344973222,0.876935791068,0.0174298474477,0.0726263654345,10.44978952,2.45471352089,2.45471352089,0.254968384567,0.876045099874,-0.00410316336331,0.017557433404,-0.00410316336331,0.017557433404,0.0103455232346,4,0
3320,6.64,1,-0.135865151882,0,-3.92273497581,0,0,-3.92273497581,0,-3.92273497581,0,-0.111449488382,-0.786613922568,-0.135865148221,-0.775768126139,0.0244156598396,-0.0108457964294,-4.45563425614,2.52123726001,-3.92273503764,-0.000166040870087,-0.013737413117,-0.135498070996,-0.695972997831,-7.18040538754e-06,0.00179510134688,-0.135664111866,-0.113034247231,-0.797764728996,-0.709710410948,-0.148384567918,-0.788152884215,-0.012720456052,-0.078442473267,-3.84026475975,-3.92273503764,-1.91866709258,-0.111449488382,-0.786613922568,0.0244156598396,-0.0108457964294,0.0244156598396,-0.0108457964294,-0.0157299035581,4,0
3320,6.64,2,0.268646091223,0,1.46358883381,0,0,1.46358883381,0,1.46358883381,0,0.264311861435,0.983267412547,0.268646080073,1.0110229633,-0.0043342186374,-0.0277555507567,1.50688072075,-0.335244117525,1.46358888224,0.00015475273621,0.0127613580906,0.268306661046,0.937965621635,8.97550669549e-06,-0.00224387667388,0.268461413782,0.266292810016,0.997205920522,0.950726979726,0.276725828824,0.983784661188,0.00826441504156,0.0330576814626,5.72892064591,1.46358888224,1.1570182123,0.264311861435,0.983267412547,-0.0043342186374,-0.0277555507567,-0.0043342186374,-0.0277555507567,0.0146183909251,4,0
3325,6.65,1,-0.144062072039,0,-2.92273497581,0,0,-2.92273497581,0,-2.92273497581,0,-0.119524488475,-0.818112691796,-0.144062076164,-0.842317463982,0.0245375876898,0.0242047721854,-0.700700594143,2.84457110785,-2.92273503764,-0.000119253804843,-0.00961926056423,-0.143814430679,-0.791586948576,-1.77654526465e-06,0.000444136316162,-0.143933684484,-0.121162067763,-0.820122053098,-0.80120620914,-0.12526161392,-0.81835173869,0.018672070564,-0.0171455295497,-2.62308772683,-2.92273503764,2.15492081993,-0.119524488475,-0.818112691796,0.0245375876898,0.0242047721854,0.0245375876898,0.0242047721854,-0.0110503062223,4,0
3325,6.65,2,0.279169291258,0,0.463588893414,0,0,0.463588893414,0,0.463588893414,0,0.274405611644,1.0226408739,0.279169297715,1.06730940673,-0.00476368607063,-0.0446685328236,0.374185373009,-0.644450510182,0.463588882237,9.35847331113e-05,0.00738777748297,0.278985393081,1.03198241037,2.22068157008e-06,-0.000555170392522,0.279078977814,0.276452585773,1.02515257552,1.03937018786,0.277447618538,1.02276762419,-0.00163135927612,-0.0166025636638,1.18367984771,0.463588882237,-0.278775931453,0.274405611644,1.0226408739,-0.00476368607063,-0.0446685328236,-0.00476368607063,-0.0446685328236,0.0085107942803,4,0
3330,6.66,1,-0.152669280767,0,-2.72273492813,0,0,-2.72273492813,0,-2.72273492813,0,-0.127854116346,-0.860165663538,-0.152669273881,-0.872485231237,0.0248151575355,0.0123195676983,-6.65287461287,2.94022133574,-2.72273503764,-5.14009661213e-05,-0.00410879524313,-0.152562085751,-0.849876246534,-1.06691116842e-05,0.00266727792105,-0.152613486717,-0.129589901636,-0.875894479182,-0.853985041777,-0.183159342046,-0.862470047943,-0.0305458553289,-0.0084850061653,-2.23383793204,-2.72273503764,-3.7079276703,-0.127854116346,-0.860165663538,0.0248151575355,0.0123195676983,0.0248151575355,0.0123195676983,-0.00472560683659,4,0
3330,6.66,2,0.289817452431,0,1.06358885765,0,0,1.06358885765,0,1.06358885765,0,0.284817646573,1.07520708831,0.289817461261,1.06684254915,-0.0049998146874,0.00836453916535,2.27157616082,-0.561793222221,1.06358888224,6.77394484055e-06,0.00034858051839,0.289812534192,1.06717727472,1.3336389534e-05,-0.00333409738349,0.289819308137,0.286987378204,1.09486810776,1.06752585524,0.303711064608,1.07599431407,0.0138917564716,0.00846845883016,3.27381473421,1.06358888224,1.70935307074,0.284817646573,1.07520708831,-0.0049998146874,0.00836453916535,-0.0049998146874,0.00836453916535,0.000429867856477,4,0
3335,6.67,1,-0.161725148559,0,-3.72273492813,0,0,-3.72273492813,0,-3.72273492813,0,-0.136884447578,-0.949686523839,-0.161725149492,-0.93345252725,0.0248407019145,-0.0162339965892,-8.46973475444,2.72784849037,-3.72273503764,-6.20778275194e-05,-0.00540451359071,-0.161570588864,-0.895894449591,-1.29610799146e-05,0.00324026997865,-0.161632666692,-0.138803284096,-0.969139068784,-0.901298963182,-0.207292089646,-0.952620175592,-0.0456594229542,-0.0513212124101,-3.03853815734,-3.72273503764,-5.73573681655,-0.136884447578,-0.949686523839,0.0248407019145,-0.0162339965892,0.0248407019145,-0.0162339965892,-0.00614944752094,4,0
3335,6.67,2,0.300836861134,0,2.06358885765,0,0,2.06358885765,0,2.06358885765,0,0.2961055607,1.18710816306,0.300836871303,1.13628189209,-0.00473131060284,0.0508262709731,2.92762737765,-0.219530923738,2.06358888224,2.25799538167e-05,0.0021864779654,0.30076647384,1.11642403558,1.62013497957e-05,-0.00405033744893,0.300789053794,0.298504106363,1.2114238441,1.11861051355,0.320439730047,1.18812208679,0.0196506762525,0.0695115732401,6.86676318293,2.06358888224,2.7056390165,0.2961055607,1.18710816306,-0.00473131060284,0.0508262709731,-0.00473131060284,0.0508262709731,0.0024574374112,4,0
3340,6.68,1,-0.171642959118,0,-4.66548681259,0,0,-4.66548681259,0,-4.66548681259,0,-0.146856862789,-1.04238631286,-0.171642959399,-1.03543319841,0.0247860966099,-0.0069531144448,-7.30221838002,2.62468818744,-4.66548685247,-0.000122991352788,-0.0105674438732,-0.171347392038,-0.966032012022,-1.05490050758e-05,0.00263725126896,-0.171470383391,-0.148957862671,-1.05841169475,-0.976599455895,-0.207503032965,-1.04491323662,-0.0360326495739,-0.0683137807213,-3.74542080442,-4.66548685247,-4.66548685247,-0.146856862789,-1.04238631286,0.0247860966099,-0.0069531144448,0.0247860966099,-0.0069531144448,-0.0120433401067,4,0
3340,6.68,2,0.313022106886,0,2.50183963776,0,0,2.50183963776,0,2.50183963776,0,0.308571079792,1.30298289861,0.313022099389,1.28135489485,-0.00445101959681,0.0216280037599,2.65901861595,-0.147063863086,2.50183962853,0.000101808231877,0.00889342555914,0.312768850061,1.22031236165,1.31862562534e-05,-0.00329656406335,0.312870658293,0.311197329659,1.32301462583,1.22920578721,0.330607018717,1.30390106273,0.0177363604244,0.0746952755196,7.95539908629,2.50183962853,2.50183962853,0.308571079792,1.30298289861,-0.00445101959681,0.0216280037599,-0.00445101959681,0.0216280037599,0.0101151243417,4,0
3345,6.69,1,-0.182599946856,0,-3.66548681259,0,0,-3.66548681259,0,-3.66548681259,0,-0.157640973813,-1.10820023416,-0.182599940197,-1.12908517059,0.0249589663835,0.020884936432,-4.3095546558,2.78650746759,-3.66548685247,-0.000150133272912,-0.0123610617478,-0.182271599999,-1.05840243893,-5.32944228784e-06,0.00133236057196,-0.182421733272,-0.159865964437,-1.11649239331,-1.07076350068,-0.193373870824,-1.10968910487,-0.0109521375519,-0.0389256041921,-2.48292556265,-3.66548685247,-1.50888452719,-0.157640973813,-1.10820023416,0.0249589663835,0.020884936432,0.0249589663835,0.020884936432,-0.0141626610228,4,0
3345,6.69,2,0.326609820127,0,1.54247260094,0,0,1.54247260094,0,1.54247260094,0,0.322051218645,1.38525029963,0.326609830433,1.39762421605,-0.00455861178752,-0.012373916419,1.79808615206,-0.335629180088,1.54247256832,0.000135652728499,0.0111034562527,0.326317244965,1.33563238225,6.66180280501e-06,-0.00166545070126,0.326452897693,0.324832456938,1.39561549849,1.3467358385,0.336903390816,1.38586914014,0.0104504931232,0.0391333016404,3.40118350116,1.54247256832,1.44972568298,0.322051218645,1.38525029963,-0.00455861178752,-0.012373916419,-0.00455861178752,-0.012373916419,0.0127312889947,4,0
3350,6.7,1,-0.194192364812,0,-2.66548681259,0,0,-2.66548681259,0,-2.66548681259,0,-0.16887686534,-1.1312876547,-0.19419236909,-1.17291807621,0.0253155037495,0.0416304215033,-1.57940311558,3.07064445125,-2.66548685247,-9.86484070177e-05,-0.00790454407124,-0.193990948486,-1.1324064436,-1.27540244624e-06,0.000318850611561,-0.194089596893,-0.17114041413,-1.132730947,-1.14031098767,-0.181940142628,-1.13183195792,0.0121494542656,0.00847902974926,-1.23356024262,-2.66548685247,1.50032966062,-0.16887686534,-1.1312876547,0.0253155037495,0.0416304215033,0.0253155037495,0.0416304215033,-0.00908832495546,4,0
3350,6.7,2,0.340792059898,0,0.542472541332,0,0,0.542472541332,0,0.542472541332,0,0.336096083121,1.41410957506,0.340792047342,1.41985526319,-0.00469596422084,-0.0057456881284,0.979173258348,-0.497328412837,0.542472568322,6.84016008792e-05,0.00529282336167,0.340664593266,1.39699655238,1.59425304319e-06,-0.000398563260802,0.340732994867,0.338925519123,1.41591369042,1.40228937574,0.344190859821,1.41444685743,0.0034578649543,0.0121574816845,-1.08103158185,0.542472568322,0.475731202939,0.336096083121,1.41410957506,-0.00469596422084,-0.0057456881284,-0.00469596422084,-0.0057456881284,0.00611364257222,4,0
3355,6.71,1,-0.206007674336,0,-2.266497612,0,0,-2.266497612,0,-2.266497612,0,-0.180295188886,-1.16097836261,-0.206007676491,-1.18725910551,0.0257124876044,0.0262807428948,-5.78393436071,3.13559409268,-2.26649765681,-4.10179369371e-05,-0.0033171131979,-0.205920951405,-1.16877733701,-7.39636681393e-06,0.00184909170348,-0.205961969342,-0.182627887875,-1.17189676956,-1.1720944502,-0.228379417924,-1.16298187216,-0.0224174485819,0.00911257804848,-0.616531022803,-2.26649765681,-2.64453093959,-0.180295188886,-1.16097836261,0.0257124876044,0.0262807428948,0.0257124876044,0.0262807428948,-0.00380932844114,4,0
3355,6.71,2,0.354881227016,0,1.54247260094,0,0,1.54247260094,0,1.54247260094,0,0.350368987619,1.45122295959,0.354881229151,1.40843105736,-0.00451224153208,0.0427919022303,2.32412489018,-0.351031213499,1.54247256832,-5.05607214481e-06,-0.000543742023642,0.354899300191,1.41336678832,9.24545842312e-06,-0.00231136460578,0.354894244119,0.353284861368,1.46487096814,1.4128230463,0.369708156882,1.45202875831,0.0148139127624,0.0392057120162,2.6136900895,1.54247256832,1.97369809157,0.350368987619,1.45122295959,-0.00451224153208,0.0427919022303,-0.00451224153208,0.0427919022303,-0.00060441488938,4,0
3360,6.72,1,-0.218103572726,0,-3.266497612,0,0,-3.266497612,0,-3.266497612,0,-0.19219936038,-1.22197927162,-0.218103577486,-1.230315096,0.0259042171059,0.00833582437516,-6.87334239391,2.98966053387,-3.26649765681,-5.6322639978e-05,-0.0049360563176,-0.21796125858,-1.19533802193,-8.56528099377e-06,0.00214132024844,-0.218017581219,-0.194656229148,-1.23485834497,-1.20027407825,-0.24933126027,-1.22435976745,-0.0313136790502,-0.024085689204,-1.39215821011,-3.26649765681,-3.87806993205,-0.19219936038,-1.22197927162,0.0259042171059,0.00833582437516,0.0259042171059,0.00833582437516,-0.00561192799733,4,0
3360,6.72,2,0.369264364243,0,2.54247260094,0,0,2.54247260094,0,2.54247260094,0,0.365249202046,1.52747409504,0.369264351979,1.46917624519,-0.00401514993257,0.0582978498536,2.72985323248,-0.109688158696,2.54247256832,1.59782541091e-05,0.00164610864286,0.369208197424,1.45236625096,1.07066011174e-05,-0.00267665027935,0.369224175678,0.368320288017,1.54357293653,1.4540123596,0.387943264173,1.52841968096,0.018719088494,0.0744073213617,6.18232792462,2.54247256832,2.61832722609,0.365249202046,1.52747409504,-0.00401514993257,0.0582978498536,-0.00401514993257,0.0582978498536,0.00183784769217,4,0
3365,6.73,1,-0.230842322111,0,-3.10277891159,0,0,-3.10277891159,0,-3.10277891159,0,-0.204729735896,-1.28190051858,-0.230842320081,-1.30217758228,0.0261125841855,0.0202770636996,-5.90259889397,2.97489237363,-3.1027787946,-0.000110901276679,-0.00937629143807,-0.230586048337,-1.24428957263,-6.50960434945e-06,0.00162740108736,-0.230696949614,-0.207303605487,-1.29181699911,-1.25366586407,-0.253743740365,-1.28394276877,-0.0230467907507,-0.0302769046989,-0.975077843618,-3.1027787946,-2.91699941358,-0.204729735896,-1.28190051858,0.0261125841855,0.0202770636996,0.0261125841855,0.0202770636996,-0.0107071067582,4,0
3365,6.73,2,0.384627193213,0,2.36443161964,0,0,2.36443161964,0,2.36443161964,0,0.380912171491,1.60237565281,0.384627202353,1.57882147152,-0.00371503086235,0.023554181292,2.49427527683,-0.12149451407,2.36443158775,8.58396161583e-05,0.00731909961365,0.384425844161,1.53296716114,8.13700532376e-06,-0.00203425133094,0.384511683777,0.38412950849,1.6147712533,1.54028626075,0.401592319305,1.60323732563,0.0170806355279,0.0629510648815,4.84328932119,2.36443158775,2.36443158775,0.380912171491,1.60237565281,-0.00371503086235,0.023554181292,-0.00371503086235,0.023554181292,0.00834917500755,4,0
3370,6.74,1,-0.244138047099,0,-2.10277891159,0,0,-2.10277891159,0,-2.10277891159,0,-0.217767552602,-1.32130818555,-0.244138043064,-1.34230897897,0.0263704904614,0.0210007934232,-3.93548913493,3.06624550255,-2.1027787946,-0.000102968384618,-0.00839595516835,-0.243918312903,-1.29607184243,-2.95679624457e-06,0.000739199061139,-0.244021281288,-0.220414977414,-1.32593000311,-1.3044677976,-0.25042633299,-1.32266896806,-0.00640505170234,-0.0182011704632,0.281553051706,-2.1027787946,-0.859612056597,-0.217767552602,-1.32130818555,0.0263704904614,0.0210007934232,0.0263704904614,0.0210007934232,-0.00963157578376,4,0
3370,6.74,2,0.400811195374,0,1.70222401619,0,0,1.70222401619,0,1.70222401619,0,0.397209442416,1.65163523578,0.400811203848,1.63551221292,-0.00360176143173,0.0161230228653,1.93000453571,-0.220954431072,1.7022239909,7.41413951501e-05,0.00593641699861,0.400660019183,1.60529646912,3.69599524042e-06,-0.000923998810102,0.400734160578,0.400518723438,1.65741250763,1.61123288612,0.413208153725,1.65230184875,0.0124739931475,0.0410689626389,1.61233988651,1.7022239909,1.7022239909,0.397209442416,1.65163523578,-0.00360176143173,0.0161230228653,-0.00360176143173,0.0161230228653,0.00682611374041,4,0
3375,6.75,1,-0.257592052221,0,-1.10277879238,0,0,-1.10277879238,0,-1.10277879238,0,-0.231064488215,-1.33372429982,-0.25759205385,-1.34249074417,0.0265275656356,0.00876644435135,-2.49691045805,3.14211885859,-1.1027787946,-5.37953172851e-05,-0.00423144881534,-0.257487206208,-1.32248030327,-6.49414350129e-07,0.00016235358753,-0.257541001525,-0.233732434581,-1.33446024362,-1.32671175208,-0.25179544252,-1.33458808958,0.00574555900552,-0.00787633750113,1.51267130186,-1.1027787946,0.650085393157,-0.231064488215,-1.33372429982,0.0265275656356,0.00876644435135,0.0265275656356,0.00876644435135,-0.00487699262277,4,0
3375,6.75,2,0.417156249285,0,1.2902944088,0,0,1.2902944088,0,1.2902944088,0,0.413830611969,1.66715537833,0.417156258408,1.62595604699,-0.00332564643937,0.0411993313391,1.50515805491,-0.214173411151,1.29029435128,1.06081950167e-05,0.000562994139495,0.417153049634,1.62943396577,8.11767920605e-07,-0.000202941980147,0.417163657829,0.417165544933,1.66807530806,1.62999695991,0.426346115018,1.66767685763,0.00918245718932,0.037679897713,-0.413649129115,1.29029435128,1.29029435128,0.413830611969,1.66715537833,-0.00332564643937,0.0411993313391,-0.00332564643937,0.0411993313391,0.000690292479696,4,0
3380,6.76,1,-0.270916044712,0,-1.2822855711,0,0,-1.2822855711,0,-1.2822855711,0,-0.244453802371,-1.34814641054,-0.270916050198,-1.32807322778,0.0264622478265,-0.0200731827644,-4.54164261264,3.03083139611,-1.28228560175,-1.69425031707e-05,-0.00142754712578,-0.270875903785,-1.31834808864,-3.39961402637e-06,0.000849903506595,-0.270892846288,-0.247155074228,-1.35318563905,-1.31977563576,-0.282221664462,-1.34972007146,-0.011328818174,-0.0299444356991,1.53832907156,-1.28228560175,-1.50918035937,-0.244453802371,-1.34814641054,0.0264622478265,-0.0200731827644,0.0264622478265,-0.0200731827644,-0.00163085716383,4,0
3380,6.76,2,0.4333088696,0,2.11512851715,0,0,2.11512851715,0,2.11512851715,0,0.430567254698,1.68518301632,0.43330887277,1.61603183473,-0.00274161807237,0.069151181589,2.16606053136,-0.0543222105172,2.11512847973,-3.58290316743e-05,-0.00296021050833,0.433386570839,1.6322039783,4.24951742495e-06,-0.00106237935624,0.433350741808,0.433943844525,1.69148205179,1.62924376779,0.448614678118,1.6859349923,0.01526393631,0.0566912245071,2.58674409485,2.11512847973,2.11512847973,0.430567254698,1.68518301632,-0.00274161807237,0.069151181589,-0.00274161807237,0.069151181589,-0.00339015888842,4,0
3385,6.77,1,-0.284269750118,0,-1.92560529709,0,0,-1.92560529709,0,-1.92560529709,0,-0.258066550879,-1.37465617427,-0.284269759803,-1.34382147702,0.0262032089239,-0.0308346972526,-4.79622792061,2.86619395255,-1.92560530389,-4.44043450097e-05,-0.00389581202889,-0.284158279484,-1.31673196197,-3.33105269146e-06,0.00083276317286,-0.284202683829,-0.260820956465,-1.37970108258,-1.320627774,-0.297929005699,-1.37631710989,-0.0137263218702,-0.0556893358923,1.10933887464,-1.92560530389,-1.92560530389,-0.258066550879,-1.37465617427,0.0262032089239,-0.0308346972526,0.0262032089239,-0.0308346972526,-0.00442866416901,4,0
3385,6.77,2,0.4496974051,0,2.35802102089,0,0,2.35802102089,0,2.35802102089,0,0.44758319036,1.71832022006,0.44969741824,1.65853700383,-0.00211422787971,0.0597832162249,2.28169092614,0.0765711682973,2.35802112187,-8.25934554377e-08,0.00024196369065,0.449682895682,1.65237307722,4.16381572443e-06,-0.00104095393111,0.449682813089,0.451026197347,1.72462635523,1.65261504091,0.466562323423,1.71911101727,0.0168795103341,0.0664959763548,3.16145376747,2.35802112187,2.35802112187,0.44758319036,1.71832022006,-0.00211422787971,0.0597832162249,-0.00211422787971,0.0597832162249,0.000240972569185,4,0
3390,6.78,1,-0.297825574875,0,-1.32738244534,0,0,-1.32738244534,0,-1.32738244534,0,-0.27192832624,-1.39593337002,-0.297825586811,-1.36092147139,0.025897260571,-0.0350118986287,-4.11640955406,2.78253296795,-1.32738246631,-6.81778555004e-05,-0.00567598553306,-0.29767276476,-1.32726118507,-1.83299819428e-06,0.000458249548575,-0.297740942615,-0.274723117253,-1.39877025498,-1.3329371706,-0.306118263995,-1.39735795076,-0.0083773213794,-0.0644207801564,1.93030547268,-1.32738246631,-1.32738246631,-0.27192832624,-1.39593337002,0.025897260571,-0.0350118986287,0.025897260571,-0.0350118986287,-0.00649411979906,4,0
3390,6.78,2,0.466562092304,0,2.17988920212,0,0,2.17988920212,0,2.17988920212,0,0.464910409578,1.74491671371,0.466562090758,1.70169148677,-0.00165168117955,0.0432252269331,2.10202891158,0.0806705978315,2.17988923279,2.95979960843e-05,0.00245510067513,0.466496497504,1.68755103134,2.29124761925e-06,-0.000572811904814,0.4665260955,0.468403898346,1.74846281973,1.69000613202,0.482373580198,1.74564434582,0.0158474846982,0.0556382137994,1.98744419349,2.17988923279,2.17988923279,0.464910409578,1.74491671371,-0.00165168117955,0.0432252269331,-0.00165168117955,0.0432252269331,0.00281027662814,4,0
3395,6.79,1,-0.311417400837,0,-0.661253094673,0,0,-0.661253094673,0,-0.661253094673,0,-0.285943616289,-1.40507728564,-0.311417387174,-1.3549440946,0.0254737708845,-0.0501331910392,-3.36642281831,2.70009640111,-0.661253088624,-5.44020728542e-05,-0.0044205037002,-0.311302034831,-1.3307683674,-2.94718383698e-07,7.36795959231e-05,-0.311356436904,-0.288754326903,-1.4055763459,-1.3351888711,-0.313906315684,-1.40624239811,-0.00254987877955,-0.0710535270155,2.8096904939,-0.661253088624,-0.661253088624,-0.285943616289,-1.40507728564,0.0254737708845,-0.0501331910392,0.0254737708845,-0.0501331910392,-0.00507332857445,4,0
3395,6.79,2,0.483674913645,0,1.95887553692,0,0,1.95887553692,0,1.95887553692,0,0.482429522147,1.75634660744,0.48367492718,1.71353664729,-0.00124540503234,0.0428099601501,1.88937382851,0.070445629835,1.95887557912,1.14163015985e-05,0.000806883611678,0.483658246654,1.71168721846,3.68397910289e-07,-9.20994775666e-05,0.483669662955,0.485942910416,1.75697043266,1.71249410208,0.498139164706,1.75700117588,0.014469501751,0.0445070737994,0.696008467857,1.95887557912,1.95887557912,0.482429522147,1.75634660744,-0.00124540503234,0.0428099601501,-0.00124540503234,0.0428099601501,0.00094387923086,4,0
3400,6.8,1,-0.324856907129,0,-0.791778743267,0,0,-0.791778743267,0,-0.791778743267,0,-0.299999999285,-1.40560671787,-0.3248568927,-1.33697145198,0.0248568934153,-0.0686352658896,-3.35916185998,2.5641008064,-0.791778727743,-3.4767038638e-05,-0.00286512137987,-0.324780027654,-1.32000666798,4.01429464669e-08,-1.00357366224e-05,-0.324814794693,-0.302811186047,-1.40556327386,-1.32287178936,-0.327917194716,-1.40676993435,-0.00310240002343,-0.0838981449863,2.87909238263,-0.791778727743,-0.791778727743,-0.299999999285,-1.40560671787,0.0248568934153,-0.0686352658896,0.0248568934153,-0.0686352658896,-0.00328232584353,4,0
3400,6.8,2,0.500782489777,0,2.01349234581,0,0,2.01349234581,0,2.01349234581,0,0.500000000894,1.75700839742,0.500782481275,1.70936427101,-0.000782480381086,0.0476441264102,1.8998173544,0.112368538433,2.01349231746,-1.33073007144e-05,-0.00114673701695,0.50081395877,1.71646581292,-5.01787008611e-08,1.2544675229e-05,0.50080065147,0.503513984347,1.75695409238,1.71531907591,0.515815242036,1.7576673658,0.0150145905667,0.0423482898917,0.58536370094,2.01349231746,2.01349231746,0.500000000894,1.75700839742,-0.000782480381086,0.0476441264102,-0.000782480381086,0.0476441264102,-0.00130642462552,4,0
3405,6.81,1,-0.338152647018,0,-0.62861430645,0,0,-0.62861430645,0,-0.62861430645,0,-0.314049664693,-1.40334849472,-0.338152641436,-1.32424879002,0.0241029767427,-0.0790997047006,-3.04279626974,2.41054192979,-0.628614303418,-3.79884886006e-05,-0.00318417466762,-0.338066343617,-1.30496068812,9.29916668557e-07,-0.000232479167143,-0.338104332105,-0.316855090108,-1.40201526999,-1.30814486278,-0.339332073566,-1.40440192842,-0.00122774146014,-0.0962570656402,3.2352297881,-0.628614303418,-0.628614303418,-0.314049664693,-1.40334849472,0.0241029767427,-0.0790997047006,0.0241029767427,-0.0790997047006,-0.00364003653083,4,0
3405,6.81,2,0.517895042896,0,1.96630454063,0,0,1.96630454063,0,1.96630454063,0,0.517562082653,1.75418561805,0.517895070658,1.71198012717,-0.000332988005042,0.0422054908783,1.81154954882,0.153959033866,1.96630456797,-8.61418009242e-06,-0.000692615117314,0.51791328629,1.71586427943,-1.16239594683e-06,0.000290598986721,0.51790467211,0.521068864421,1.75251908697,1.71517166431,0.53263878727,1.75481381408,0.0147341151595,0.0396421497657,0.0803027155073,1.96630456797,1.96630456797,0.517562082653,1.75418561805,-0.000332988005042,0.0422054908783,-0.000332988005042,0.0422054908783,-0.000795985278424,4,0
3410,6.82,1,-0.351271003485,0,-0.171020194888,0,0,-0.171020194888,0,-0.171020194888,0,-0.328038479546,-1.39277215279,-0.351270995276,-1.30167777094,0.0232325157299,-0.0910943818537,-2.43645486223,2.26217659388,-0.17102019761,-3.4704091558e-05,-0.0028416216392,-0.351196156284,-1.28574871002,2.22924225712e-06,-0.000557310564284,-0.351230860375,-0.33082080154,-1.38948906528,-1.28859033166,-0.348279977985,-1.39361554856,0.00295088239068,-0.105025216898,3.87650361049,-0.17102019761,-0.17102019761,-0.328038479546,-1.39277215279,0.0232325157299,-0.0910943818537,0.0232325157299,-0.0910943818537,-0.0032580707379,4,0
3410,6.82,2,0.534965872765,0,1.79845941067,0,0,1.79845941067,0,1.79845941067,0,0.535048101211,1.74096518969,0.534965843811,1.70126958143,8.22573996585e-05,0.0396956082636,1.62526974052,0.171950578289,1.79845945897,-1.23542201945e-05,-0.00109088952033,0.534997581414,1.70917493997,-2.78655296271e-06,0.000696638240665,0.534985227194,0.538526003701,1.7368613301,1.70808405044,0.548578850998,1.74152897093,0.0135936238044,0.0334449204895,-0.878652529203,1.79845945897,1.79845945897,0.535048101211,1.74096518969,8.22573996585e-05,0.0396956082636,8.22573996585e-05,0.0396956082636,-0.00123914016266,4,0
3415,6.83,1,-0.36408996582,0,-0.0183138474822,0,0,-0.0183138474822,0,-0.0183138474822,0,-0.341874767599,-1.37332253716,-0.36408997698,-1.26794527258,0.0222152093806,-0.105377264577,-2.11293892454,2.09247654704,-0.0183138471064,-2.29755650981e-05,-0.00187282361192,-0.364040658587,-1.25741222568,3.02303459548e-06,-0.000755758648871,-0.364063634152,-0.344616906416,-1.36880213249,-1.25928504929,-0.35943420242,-1.37405418027,0.00462943173163,-0.11476913098,4.19967293244,-0.0183138471064,-0.0183138471064,-0.341874767599,-1.37332253716,0.0222152093806,-0.105377264577,0.0222152093806,-0.105377264577,-0.0021485303931,4,0
3415,6.83,2,0.551830112934,0,1.72416913509,0,0,1.72416913509,0,1.72416913509,0,0.552343461259,1.71665316912,0.5518301136,1.67547339844,0.000513347659521,0.0411797706719,1.51856407668,0.203037940358,1.72416913577,-2.6422919936e-05,-0.00225004369044,0.55189226058,1.68975859112,-3.77879336633e-06,0.000944698341583,0.55186583766,0.555771134776,1.7110026631,1.68750854743,0.564997585589,1.7171804243,0.0131317479286,0.0296718768674,-1.40563334805,1.72416913577,1.72416913577,0.552343461259,1.71665316912,0.000513347659521,0.0411797706719,0.000513347659521,0.0411797706719,-0.00256711872967,4,0
3420,6.84,1,-0.376586794853,0,-0.701139569283,0,0,-0.701139569283,0,-0.701139569283,0,-0.355495616751,-1.35130763126,-0.376586793778,-1.24011246259,0.0210911770276,-0.111195168666,-2.65237950248,1.90853295954,-0.701139592894,-2.38813116321e-05,-0.0020675980761,-0.376527415427,-1.22561030538,2.39620856607e-06,-0.00059905214152,-0.376551296738,-0.358194481229,-1.34763508274,-1.22767790346,-0.377540888116,-1.35222618423,-0.000989591377165,-0.124548280773,3.68338977879,-0.701139592894,-0.741492369124,-0.355495616751,-1.35130763126,0.0210911770276,-0.111195168666,0.0210911770276,-0.111195168666,-0.00235417381568,4,0
3420,6.84,2,0.568451941013,0,1.91651165485,0,0,1.91651165485,0,1.91651165485,0,0.569369522671,1.68913453597,0.568451913227,1.65649426174,0.000917609444203,0.0326402742263,1.67776766925,0.236543008053,1.91651168316,-2.41654932982e-05,-0.00191101994194,0.568498848608,1.66521310367,-2.99526077419e-06,0.000748815193559,0.568474683114,0.572743103263,1.68454385021,1.66330208372,0.583344998651,1.68971684747,0.0148703155371,0.0264147637421,-0.846741999256,1.91651168316,1.91651168316,0.569369522671,1.68913453597,0.000917609444203,0.0326402742263,0.000917609444203,0.0326402742263,-0.00220100586152,4,0
3425,6.85,1,-0.388968884945,0,-1.70113956928,0,0,-1.70113956928,0,-1.70113956928,0,-0.368935510425,-1.33989855694,-0.388968893771,-1.24160366974,0.0200333833458,-0.0982948871979,-4.07610654202,1.75447969999,-1.70113959289,-5.64634315278e-05,-0.00492489071449,-0.388827364024,-1.20710999748,7.25770772592e-07,-0.000181442693145,-0.388883827456,-0.371614759037,-1.33907997771,-1.21203488819,-0.402797589511,-1.3413094769,-0.0139137620551,-0.129274588705,2.86452040199,-1.70113959289,-2.31602439014,-0.368935510425,-1.33989855694,0.0200333833458,-0.0982948871979,0.0200333833458,-0.0982948871979,-0.00560245189283,4,0
3425,6.85,2,0.585096955299,0,2.31892585754,0,0,2.31892585754,0,2.31892585754,0,0.586169389731,1.67487319277,0.58509697902,1.67677918486,0.00107241071189,-0.00190599209592,2.12190122489,0.198988310582,2.31892585171,1.76852656538e-05,0.00175146057226,0.58503888583,1.66003171733,-9.07213482559e-07,0.000226803370642,0.585056571096,0.589518450489,1.67384996872,1.66178317791,0.60380491867,1.67560800647,0.018748347574,0.0138248285659,0.462250388924,2.31892585171,2.31892585171,0.586169389731,1.67487319277,0.00107241071189,-0.00190599209592,0.00107241071189,-0.00190599209592,0.0019636837601,4,0
3430,6.86,1,-0.401454389095,0,-0.91729092598,0,0,-0.91729092598,0,-0.91729092598,0,-0.382270247945,-1.32118105053,-0.401454389938,-1.24794756937,0.0191841419929,-0.0732334811645,-1.42863468244,1.75498936148,-0.917290922819,-8.7016944028e-05,-0.00716769523928,-0.401263951613,-1.20707393291,5.16842064086e-06,-0.00129210516022,-0.401350968557,-0.384905212332,-1.31360587789,-1.21424162815,-0.394086589995,-1.32167339812,0.00726437856219,-0.107431769969,3.83980714498,-0.917290922819,0.334566577616,-0.382270247945,-1.32118105053,0.0191841419929,-0.0732334811645,0.0191841419929,-0.0732334811645,-0.00821189856761,4,0
3430,6.86,2,0.602005660534,0,1.31892585754,0,0,1.31892585754,0,1.31892585754,0,0.602837811596,1.65147630936,0.602005652532,1.68952671262,0.000832159063929,-0.0380504032658,1.2925329531,0.0180636077481,1.31892585171,5.6055125306e-05,0.00456567895752,0.601886219483,1.66479079655,-6.46052590447e-06,0.00161513147612,0.601942274608,0.606131517072,1.6420073434,1.66935647551,0.613546674925,1.65192251199,0.0116044003164,-0.0174339635167,-3.87642359304,1.31892585171,1.30535822039,0.602837811596,1.65147630936,0.000832159063929,-0.0380504032658,0.000832159063929,-0.0380504032658,0.00523834046119,4,0
3435,6.87,1,-0.413759857416,0,0.0827090740204,0,0,0.0827090740204,0,0.0827090740204,0,-0.395265806479,-1.27455388898,-0.413759843975,-1.21420024923,0.0184940374957,-0.0603536397536,-0.0198868718147,1.83376042288,0.0827090771815,-5.11743076707e-05,-0.00404357332559,-0.413658755916,-1.19460343036,7.57132344142e-06,-0.00189283086036,-0.413709930224,-0.397803691819,-1.26326417714,-1.19864700368,-0.395392496588,-1.27455916774,0.0183174336362,-0.0759121640515,5.01022012629,0.0827090771815,1.81853121608,-0.395265806479,-1.27455388898,0.0184940374957,-0.0603536397536,0.0184940374957,-0.0603536397536,-0.00465766501764,4,0
3435,6.87,2,0.618580579758,0,0.694742977619,0,0,0.694742977619,0,0.694742977619,0,0.619082259721,1.59319235654,0.618580568351,1.62847487423,0.000501691370191,-0.0352825176842,0.822037704215,-0.126422036638,0.69474296751,1.19645433629e-05,0.000729125546884,0.61857066595,1.62973873979,-9.46415443071e-06,0.00236603860768,0.618582630493,0.622254616386,1.57908021655,1.63046786534,0.625913441731,1.59347698913,0.00733081123809,-0.0369908762122,-6.52177796545,0.69474296751,0.69474296751,0.619082259721,1.59319235654,0.000501691370191,-0.0352825176842,0.000501691370191,-0.0352825176842,0.000872700067239,4,0
3440,6.88,1,-0.425543308258,0,1.08270907402,0,0,1.08270907402,0,1.08270907402,0,-0.407722214947,-1.21628132586,-0.425543304058,-1.15143788338,0.0178210891118,-0.0648434424809,-0.0837281563324,1.82166403324,1.08270907718,-6.65699198164e-06,-0.000390157632655,-0.425538780373,-1.15246663683,7.58315169608e-06,-0.00189578792402,-0.425545437365,-0.410143281915,-1.20484612027,-1.15285679446,-0.408414830113,-1.21631018482,0.0171306072521,-0.0634533903601,6.14196671117,1.08270907718,1.73840591845,-0.407722214947,-1.21628132586,0.0178210891118,-0.0648434424809,0.0178210891118,-0.0648434424809,-0.000470041536435,4,0
3440,6.88,2,0.634292244911,0,0.675029277802,0,0,0.675029277802,0,0.675029277802,0,0.634652770254,1.52035165171,0.634292216325,1.5308483859,0.000360553928516,-0.01049673419,0.798255275393,-0.127355028849,0.675029281791,-4.12910449375e-05,-0.00363354270793,0.63439734,1.55657751136,-9.4789397288e-06,0.00236973493221,0.634356048955,0.637679103953,1.50605764455,1.55294396865,0.641327717726,1.52062977452,0.0069716687705,-0.0323141941338,-6.57961135871,0.675029281791,0.675029281791,0.634652770254,1.52035165171,0.000360553928516,-0.01049673419,0.000360553928516,-0.01049673419,-0.00412903524718,4,0
3445,6.89,1,-0.436624765396,0,0.593808233738,0,0,0.593808233738,0,0.593808233738,0,-0.419615319584,-1.16526257082,-0.436624766533,-1.08265977567,0.0170094469497,-0.0826027951511,-1.85942165866,1.64987583222,0.593808223333,1.51918873709e-05,0.0012063028534,-0.43665419027,-1.08787574894,4.85257792587e-06,-0.00121314448147,-0.436638998383,-0.421938154267,-1.15777790814,-1.08666944609,-0.435095196998,-1.16590756571,0.00154380138479,-0.0792381196246,5.76012185047,0.593808223333,-0.210934431948,-0.419615319584,-1.16526257082,0.0170094469497,-0.0826027951511,0.0170094469497,-0.0826027951511,0.00138860550185,4,0
3445,6.89,2,0.649048507214,0,1.30030286312,0,0,1.30030286312,0,1.30030286312,0,0.64951915099,1.45657820722,0.649048507664,1.44569413729,0.000470643326359,0.0108840699383,1.31333700456,-0.0192157717479,1.30030285308,-6.57458871215e-05,-0.00539266962227,0.649189778746,1.47529686635,-6.06572246487e-06,0.00151643061623,0.649124032859,0.652422694332,1.44722237879,1.46990419673,0.660496082358,1.45703557936,0.0113720494993,-0.0128686173667,-4.01786738767,1.30030285308,1.30030285308,0.64951915099,1.45657820722,0.000470643326359,0.0108840699383,0.000470643326359,0.0108840699383,-0.00618162026773,4,0
3450,6.9,1,-0.447242081165,0,-0.406191766262,0,0,-0.406191766262,0,-0.406191766262,0,-0.431123133503,-1.14303178963,-0.447242085817,-1.05373315293,0.0161189523135,-0.0892986366957,-4.5746113142,1.39112570149,-0.406191776667,-2.46617400828e-05,-0.00234675456996,-0.447167692606,-1.03324887512,1.34035509936e-06,-0.000335088774843,-0.447192354346,-0.433408180442,-1.14151820343,-1.03559562969,-0.46915684125,-1.14461652745,-0.0219644869039,-0.109020897758,4.87603482935,-0.406191776667,-3.18084291726,-0.431123133503,-1.14303178963,0.0161189523135,-0.0892986366957,0.0161189523135,-0.0892986366957,-0.00264269545096,4,0
3450,6.9,2,0.663368523121,0,2.20633363724,0,0,2.20633363724,0,2.20633363724,0,0.663903918325,1.42878973048,0.663368520654,1.43398077557,0.000535397670901,-0.00519104509553,2.14737111053,0.0579506620412,2.20633361156,-1.44397137268e-05,-0.000838562420457,0.66337738345,1.43102155062,-1.67544388852e-06,0.000418860972132,0.663362943736,0.666760226986,1.42689774772,1.4301829882,0.68177608151,1.42953440394,0.0184131377736,-0.0006485842564,-0.496576519839,2.20633361156,2.20633361156,0.663903918325,1.42878973048,0.000535397670901,-0.00519104509553,0.000535397670901,-0.00519104509553,-0.00101183898518,4,0
3455,6.91,1,-0.457747578621,0,-0.206191778183,0,0,-0.206191778183,0,-0.206191778183,0,-0.442437646118,-1.10968719991,-0.457747569905,-1.04595647896,0.0153099237876,-0.0637307209414,0.144804741422,1.34604787355,-0.206191776667,-7.66000343995e-05,-0.00642852843483,-0.45757348692,-1.00736966611,8.90100359036e-06,-0.00222525089758,-0.457650086954,-0.444644220803,-1.09661159003,-1.01379819454,-0.44117190633,-1.10963446075,0.0164781806236,-0.0958362662029,5.21307283825,-0.206191776667,1.49820034382,-0.442437646118,-1.10968719991,0.0153099237876,-0.0637307209414,0.0153099237876,-0.0637307209414,-0.00734772884763,4,0
3455,6.91,2,0.677812337875,0,1.20633363724,0,0,1.20633363724,0,1.20633363724,0,0.678047059027,1.38710899299,0.677812341686,1.44283744209,0.00023471734104,-0.0557284490971,0.657847237611,-0.136917045137,1.20633361156,5.00453143767e-05,0.0042257786864,0.677697586064,1.41745288688,-1.11262545736e-05,0.00278156364339,0.677747631379,0.680805277369,1.37076448051,1.42167866557,0.683479468719,1.38733534339,0.00573183734077,-0.0343433221755,-4.72159444979,1.20633361156,0.516103870015,0.678047059027,1.38710899299,0.00023471734104,-0.0557284490971,0.00023471734104,-0.0557284490971,0.00482632245892,4,0
3460,6.92,1,-0.467976719141,0,0.793808221817,0,0,0.793808221817,0,0.793808221817,0,-0.453167852518,-1.03157341018,-0.46797672966,-1.0021502427,0.0148088771422,-0.0294231674805,2.21779695587,1.53751787743,0.793808223333,-5.52752060147e-05,-0.00438943036184,-0.467866381704,-0.980596249908,1.2172270735e-05,-0.00304306768375,-0.46792165691,-0.455212875304,-1.01338218966,-0.984985680269,-0.434676208661,-1.03080292502,0.0332454482489,-0.0458172447479,6.33577069843,0.793808223333,3.76036756613,-0.453167852518,-1.03157341018,0.0148088771422,-0.0294231674805,0.0148088771422,-0.0294231674805,-0.00505273283402,4,0
3460,6.92,2,0.691907346249,0,0.206333607435,0,0,0.206333607435,0,0.206333607435,0,0.691459816955,1.28946675511,0.691907351645,1.37719103369,-0.000447534689895,-0.0877242785788,-0.0509397979902,-0.474588773045,0.206333611556,2.44723990243e-05,0.00178064780876,0.691868990022,1.37219637073,-1.52153385224e-05,0.00380383463061,0.691893462421,0.694016095421,1.26672772931,1.37397701854,0.691018798324,1.28944837934,-0.000874664096893,-0.084528639201,-8.78479700321,0.206333611556,-0.527602887632,0.691459816955,1.28946675511,-0.000447534689895,-0.0877242785788,-0.000447534689895,-0.0877242785788,0.00207431659705,4,0
3465,6.93,1,-0.477530747652,0,1.79380822182,0,0,1.79380822182,0,1.79380822182,0,-0.46302506135,-0.940182024055,-0.477530758828,-0.919199843672,0.0145056974775,-0.0209821803824,1.77227791418,1.67142490412,1.79380822333,-1.15719494051e-06,0.000173434134178,-0.477545738592,-0.926116412549,1.1400977074e-05,-0.00285024426849,-0.477546895786,-0.464888065566,-0.922951375135,-0.925942978415,-0.44828300215,-0.939567771588,0.0292638936364,-0.0136247931728,7.41811154385,1.79380822333,3.4435432705,-0.46302506135,-0.940182024055,0.0145056974775,-0.0209821803824,0.0145056974775,-0.0209821803824,0.000159547794892,4,0
3465,6.93,2,0.704906046391,0,-0.572273552418,0,0,-0.572273552418,0,-0.572273552418,0,0.703781327915,1.17522752172,0.704906020643,1.23906296213,-0.00112469272805,-0.0638354404131,0.0105289189114,-0.586878184392,-0.572273548261,-3.94431670995e-05,-0.00360239921471,0.705015312026,1.26753657516,-1.4251221427e-05,0.00356280535674,0.704975868859,0.706110083168,1.15368921044,1.26393417595,0.703902822289,1.17523258398,-0.00107304657034,-0.0887015919639,-11.693739376,-0.572273548261,-0.572273548261,0.703781327915,1.17522752172,-0.00112469272805,-0.0638354404131,-0.00112469272805,-0.0638354404131,-0.00407571721991,4,0
3470,6.94,1,-0.486123293638,0,1.59380817413,0,0,1.59380817413,0,1.59380817413,0,-0.472026241527,-0.865153491089,-0.486123306774,-0.822178760152,0.0140970652475,-0.0429747309371,-1.06670426937,1.55910585783,1.59380822333,4.00556407927e-05,0.00332627300004,-0.486211264989,-0.84082170795,6.83394314849e-06,-0.00170848578712,-0.486171209348,-0.473745671172,-0.85458936519,-0.83749543495,-0.480931707399,-0.865524552167,0.00523950194891,-0.0280291172178,7.26169990613,1.59380822333,0.48859464778,-0.472026241527,-0.865153491089,0.0140970652475,-0.0429747309371,0.0140970652475,-0.0429747309371,0.00380694068955,4,0
3470,6.94,2,0.716384410858,0,0.318276792765,0,0,0.318276792765,0,0.318276792765,0,0.715032803049,1.08144185498,0.716384416707,1.09590138852,-0.0013516136575,-0.0144595335366,0.831197668691,-0.416505589276,0.318276790629,-8.63323340379e-05,-0.00716448655566,0.716575041747,1.13696570666,-8.5424289783e-06,0.00213560724458,0.716488709413,0.717182090088,1.06823669754,1.1298012201,0.722015664553,1.08173280754,0.00552695513976,-0.0480684125584,-7.80474760796,0.318276790629,0.422892553979,0.715032803049,1.08144185498,-0.0013516136575,-0.0144595335366,-0.0013516136575,-0.0144595335366,-0.00820047456411,4,0
3475,6.95,1,-0.493970900774,0,0.593808233738,0,0,0.593808233738,0,0.593808233738,0,-0.480475510685,-0.834277106778,-0.493970903231,-0.765895409791,0.0134953925465,-0.068381696987,-4.80863802995,1.24628870551,0.593808223333,4.30849440448e-06,7.26587185958e-05,-0.493962039269,-0.760034224455,1.82373612945e-06,-0.000455934032366,-0.493957730774,-0.482142679637,-0.832216673975,-0.759961565737,-0.520479079965,-0.835943922165,-0.0265213491912,-0.075982356428,6.30720066213,0.593808223333,-3.56247368508,-0.480475510685,-0.834277106778,0.0134953925465,-0.068381696987,0.0134953925465,-0.068381696987,0.00012436065145,4,0
3475,6.95,2,0.726914405823,0,1.31827676296,0,0,1.31827676296,0,1.31827676296,0,0.725594389407,1.04284637441,0.726914433807,1.03582275988,-0.00132004440023,0.00702361453205,1.9737240247,-0.162675026101,1.31827679063,-4.02309060505e-05,-0.00299826861711,0.726982010844,1.0460422755,-2.27967017219e-06,0.00056991754304,0.726941779938,0.727678350579,1.04027083339,1.04304400689,0.742042542454,1.04353171412,0.0151007625161,0.00048770723153,-3.64800151525,1.31827679063,1.81453003808,0.725594389407,1.04284637441,-0.00132004440023,0.00702361453205,-0.00132004440023,0.00702361453205,-0.00348103948972,4,0
3480,6.96,1,-0.501467108727,0,0.793808221817,0,0,0.793808221817,0,0.793808221817,0,-0.488662255067,-0.789569434508,-0.501467121737,-0.737087033465,0.0128048666698,-0.0524824010429,1.51953784626,1.14652247826,0.793808223333,-5.40180708508e-05,-0.00459281408615,-0.501341162759,-0.708690897758,1.17622942916e-05,-0.00294057357289,-0.50139518083,-0.490224445147,-0.772273319193,-0.713283711844,-0.475977786071,-0.789040914967,0.025417394759,-0.0757572031232,6.57177782793,0.793808223333,2.67130135546,-0.488662255067,-0.789569434508,0.0128048666698,-0.0524824010429,0.0128048666698,-0.0524824010429,-0.00524103093636,4,0
3480,6.96,2,0.737193286419,0,0.553647816181,0,0,0.553647816181,0,0.553647816181,0,0.735827819793,0.986961783833,0.73719326051,1.01650674259,-0.00136544071756,-0.0295449587541,-0.0298354976443,-0.233351490989,0.553647816145,3.12131211101e-05,0.00271129451306,0.737117664185,0.999215407197,-1.47028679236e-05,0.0036757169809,0.737148877306,0.737780557374,0.965341639601,1.00192670171,0.73555395068,0.98695037262,-0.00159492662623,-0.0149763290903,-6.7231178048,0.553647816145,-0.266272840599,0.735827819793,0.986961783833,-0.00136544071756,-0.0295449587541,-0.00136544071756,-0.0295449587541,0.00308585196638,4,0
3485,6.97,1,-0.508494853973,0,1.79380822182,0,0,1.79380822182,0,1.79380822182,0,-0.49607676197,-0.687615338592,-0.508494843346,-0.674687268511,0.0124180813768,-0.01292807008,4.05244870376,1.36631643215,1.79380822333,-3.92798879885e-05,-0.00307460124906,-0.50841929901,-0.660640417483,1.55817113596e-05,-0.00389542783991,-0.508458578898,-0.497428741122,-0.664303292807,-0.663715018733,-0.462335385218,-0.686209447894,0.0461231936801,-0.022494429161,7.62353707141,1.79380822333,5.42231109581,-0.49607676197,-0.687615338592,0.0124180813768,-0.01292807008,0.0124180813768,-0.01292807008,-0.00354595990492,4,0
3485,6.97,2,0.746891200542,0,-0.446352183819,0,0,-0.446352183819,0,-0.446352183819,0,0.745095953326,0.859519163448,0.746891175037,0.928983022942,-0.00179522171116,-0.0694638594936,-0.907119001843,-0.565158556964,-0.446352183855,1.39032613071e-05,0.000924839155743,0.746874966187,0.928596048734,-1.94771392682e-05,0.00486928481705,0.746888869449,0.746785927247,0.830379106115,0.92952088789,0.737540647841,0.859204359053,-0.00934822160761,-0.070316528837,-10.6052363157,-0.446352183855,-1.4733692371,0.745095953326,0.859519163448,-0.00179522171116,-0.0694638594936,-0.00179522171116,-0.0694638594936,0.00109167829143,4,0
3490,6.98,1,-0.514669716358,0,2.79380822182,0,0,2.79380822182,0,2.79380822182,0,-0.502369878887,-0.572051155104,-0.514669740062,-0.574479186544,0.0122998611752,0.00242803144039,3.26727052182,1.55116562763,2.79380822333,1.16935013243e-05,0.00123481733137,-0.514713015382,-0.587564466123,1.41027953805e-05,-0.00352569884513,-0.51470132188,-0.503492456518,-0.550711718824,-0.586329648791,-0.475201251788,-0.570919128975,0.0395000700918,0.0154105198168,8.63507406327,2.79380822333,4.8170610101,-0.502369878887,-0.572051155104,0.0122998611752,0.00242803144039,0.0122998611752,0.00242803144039,0.00137513934726,4,0
3490,6.98,2,0.755291461945,0,-1.44635224342,0,0,-1.44635224342,0,-1.44635224342,0,0.752962349372,0.715063933608,0.755291479156,0.771808707354,-0.00232912978391,-0.0567447737462,-0.765903903014,-0.707576708285,-1.44635218386,-4.55298492708e-05,-0.00409526147008,0.755413535421,0.802938787954,-1.76284942778e-05,0.00440712356945,0.755368005571,0.75436557139,0.688389638178,0.798843526484,0.746629491556,0.714800064532,-0.00873851401566,-0.0840434619516,-14.2314960145,-1.44635218386,-1.46883899164,0.752962349372,0.715063933608,-0.00232912978391,-0.0567447737462,-0.00232912978391,-0.0567447737462,-0.00464161966133,4,0
3495,6.99,1,-0.519695341587,0,2.59380817413,0,0,2.59380817413,0,2.59380817413,0,-0.507598036372,-0.48035715977,-0.519695346813,-0.457728959474,0.0120973104408,-0.0226282002968,-0.358817920807,1.45800867554,2.59380822333,5.60090459087e-05,0.00466484245986,-0.519819932233,-0.484642453786,8.14635440083e-06,-0.00203658860021,-0.519763923187,-0.508545751226,-0.467747660898,-0.479977611326,-0.51062740099,-0.480483383296,0.00913652219648,-0.000505771970517,8.40601921855,2.59380822333,1.09385380373,-0.507598036372,-0.48035715977,0.0120973104408,-0.0226282002968,0.0120973104408,-0.0226282002968,0.00533695101076,4,0
3495,6.99,2,0.761921226978,0,-0.50140953064,0,0,-0.50140953064,0,-0.50140953064,0,0.759497546124,0.600446439126,0.761921247041,0.600020840497,-0.00242370091637,0.000425598628287,0.280604716648,-0.494345134547,-0.501409548067,-9.58912785917e-05,-0.00797444173442,0.762134446058,0.646305700037,-1.01829430249e-05,0.00254573575621,0.76203855478,0.76068218967,0.584684565498,0.638331258303,0.761907777143,0.600546865418,-0.000130777636661,-0.0377843928845,-9.93085173163,-0.501409548067,-0.204615280822,0.759497546124,0.600446439126,-0.00242370091637,0.000425598628287,-0.00242370091637,0.000425598628287,-0.00912513707752,4,0
3500,7,1,-0.523783743382,0,1.59380817413,0,0,1.59380817413,0,1.59380817413,0,-0.512161687434,-0.443857567968,-0.523783737676,-0.38237881763,0.011622050242,-0.0614787503381,-4.76297926287,1.09693707869,1.59380822333,2.22411190333e-05,0.001573467765,-0.523815638593,-0.385657410514,2.12859716053e-06,-0.000532149290129,-0.523793397474,-0.513047784286,-0.441451978075,-0.384083942749,-0.551799701638,-0.445509151893,-0.0280063041638,-0.0614252091433,7.37586187704,1.59380822333,-3.66788254537,-0.512161687434,-0.443857567968,0.011622050242,-0.0614787503381,0.011622050242,-0.0614787503381,0.0018403611934,4,0
3500,7,2,0.767330765724,0,0.498590439558,0,0,0.498590439558,0,0.498590439558,0,0.765202109845,0.554821949273,0.767330744099,0.513082431003,-0.00212863425357,0.0417395182694,1.62041251139,-0.11740009488,0.498590451933,-5.33059565391e-05,-0.00410273168183,0.767428702304,0.530245823872,-2.66074645594e-06,0.000665186613974,0.767375396348,0.766309730889,0.551814961901,0.52614309219,0.778721596136,0.555385261202,0.0113461997884,0.0292421690117,-5.57941515396,0.498590451933,1.50775481967,0.765202109845,0.554821949273,-0.00212863425357,0.0417395182694,-0.00212863425357,0.0417395182694,-0.0047424031603,4,0
3505,7.01,1,-0.527351915836,0,1.55436348915,0,0,1.55436348915,0,1.55436348915,0,-0.516419288003,-0.392163111608,-0.527351896032,-0.339766946804,0.0109326080287,-0.0523961648033,2.5527309352,0.948740339473,1.55436352932,-3.90269691806e-05,-0.00340424933645,-0.527256467352,-0.317477978541,1.34722096746e-05,-0.00336805241865,-0.527295494321,-0.517184175428,-0.372339555133,-0.320882227878,-0.495151182562,-0.391276940548,0.0321443117582,-0.0703947126701,7.32597721618,1.55436352932,3.50534384764,-0.516419288003,-0.392163111608,0.0109326080287,-0.0523961648033,0.0109326080287,-0.0523961648033,-0.00387257296662,4,0
3505,7.01,2,0.772271633148,0,-0.101409547031,0,0,-0.101409547031,0,-0.101409547031,0,0.770524110449,0.490203878707,0.772271617777,0.477752137298,-0.00174750732858,0.0124517414088,-0.700410953947,-0.0859594451275,-0.101409548067,2.01861632683e-05,0.0018610105947,0.772217257538,0.464414759073,-1.68402621206e-05,0.00421006553013,0.772237443702,0.771480219708,0.465424433073,0.466275769668,0.764679971536,0.489960372919,-0.00755747216571,0.0236846032514,-7.8247825083,-0.101409548067,-0.788473643629,0.770524110449,0.490203878707,-0.00174750732858,0.0124517414088,-0.00174750732858,0.0124517414088,0.00210324455392,4,0
3510,7.02,1,-0.530352175236,0,2.55436348915,0,0,2.55436348915,0,2.55436348915,0,-0.519792311812,-0.276348686766,-0.530352159772,-0.268402787378,0.0105598479599,-0.00794589938756,5.29585915588,1.18277751278,2.55436352932,-3.18615315208e-05,-0.00247107862202,-0.530292320329,-0.257668229534,1.74659055122e-05,-0.00436647637806,-0.530324181861,-0.520318906193,-0.250197761181,-0.260139308156,-0.475712900461,-0.274512044626,0.0546112814001,-0.0143727364703,8.30560839648,2.55436352932,6.48149008566,-0.519792311812,-0.276348686766,0.0105598479599,-0.00794589938756,0.0105598479599,-0.00794589938756,-0.00285341700027,4,0
3510,7.02,2,0.776521325111,0,-1.10140955448,0,0,-1.10140955448,0,-1.10140955448,0,0.774740390101,0.345435847443,0.776521313887,0.380283662795,-0.001780923786,-0.0348478153522,-1.65965626632,-0.393850187083,-1.10140954807,1.13565548928e-05,0.000728616330505,0.776509761445,0.380739798963,-2.1832381917e-05,0.00545809547924,0.776521118,0.775398633055,0.312747190421,0.381468415293,0.760926695865,0.344860276849,-0.0155944221348,-0.0366081384435,-11.5591466089,-1.10140954807,-2.05437134839,0.774740390101,0.345435847443,-0.001780923786,-0.0348478153522,-0.001780923786,-0.0348478153522,0.000864894989219,4,0
3515,7.03,1,-0.532412946224,0,3.55436348915,0,0,3.55436348915,0,3.55436348915,0,-0.521905322684,-0.147923933376,-0.532412970226,-0.159702364026,0.0105076475418,0.0117784306496,4.2461930496,1.3946840317,3.55436352932,1.71140292175e-05,0.0016842981942,-0.532468296066,-0.175444413447,1.54241338152e-05,-0.00385603345379,-0.532451182037,-0.52217758801,-0.12456456244,-0.173760115253,-0.486597426257,-0.146452771025,0.0458537557802,0.027307344228,9.24626803324,3.55436352932,5.63898741476,-0.521905322684,-0.147923933376,0.0105076475418,0.0117784306496,0.0105076475418,0.0117784306496,0.00188966654481,4,0
3515,7.03,2,0.779380261898,0,-1.97874855995,0,0,-1.97874855995,0,-1.97874855995,0,0.77738165358,0.184904905535,0.779380250981,0.214141021449,-0.00199859740095,-0.0292361159138,-1.45187222587,-0.531568900806,-1.97874854647,-4.6070022988e-05,-0.00413973992776,0.779503493238,0.245539954395,-1.92801672838e-05,0.00482004182095,0.779457423215,0.777721985215,0.155705691842,0.241400214467,0.765342724119,0.184403283474,-0.0141146990959,-0.0569969309929,-14.5583550279,-1.97874854647,-1.97874854647,0.77738165358,0.184904905535,-0.00199859740095,-0.0292361159138,-0.00199859740095,-0.0292361159138,-0.00469258020362,4,0
3520,7.04,1,-0.533256173134,0,3.35436344147,0,0,3.35436344147,0,3.35436344147,0,-0.522848688997,-0.048540122808,-0.53325617621,-0.0372276262268,0.0104074872127,-0.0113124965812,0.186390690294,1.31525227172,3.35436352932,5.80730062902e-05,0.00482661667868,-0.533384797328,-0.0649443460378,8.66134372557e-06,-0.00216533593139,-0.533326724322,-0.522931920126,-0.0351195565665,-0.0601177293591,-0.521344074529,-0.0484774305385,0.0119826497929,0.0116402988207,8.94723812944,3.35436352932,1.49611946926,-0.522848688997,-0.048540122808,0.0104074872127,-0.0113124965812,0.0104074872127,-0.0113124965812,0.00552349275416,4,0
3520,7.04,2,0.780435204506,0,-0.990792751312,0,0,-0.990792751312,0,-0.990792751312,0,0.778560861359,0.0606751422514,0.780435217979,0.0428608671262,-0.00187435661984,0.0178142751252,-0.281358934588,-0.335017153742,-0.990792741111,-9.31944878221e-05,-0.00774387950347,0.780642048253,0.0877106347422,-1.08266796591e-05,0.00270666991478,0.780548853765,0.778664900247,0.0438994344456,0.0799667552388,0.776293990888,0.0605806893151,-0.00425486287795,-0.0193860659237,-9.98279494778,-0.990792741111,-0.607513874972,0.778560861359,0.0606751422514,-0.00187435661984,0.0178142751252,-0.00187435661984,0.0178142751252,-0.00886221335733,4,0
3525,7.05,1,-0.533104479313,0,2.35436344147,0,0,2.35436344147,0,2.35436344147,0,-0.52308,-0.00999015786693,-0.533104464116,0.0439944887854,0.0100244641161,-0.0539846466524,-4.45028452276,0.946733701568,2.35436352932,2.3781977422e-05,0.00170602406386,-0.533140092339,0.0398285264384,2.22509627057e-06,-0.000556274067641,-0.533116310362,-0.523098287418,-0.00747488678344,0.0415345505023,-0.560117997343,-0.0115334077562,-0.0270016869808,-0.0530679582585,7.8480297853,2.35436352932,-3.50554222899,-0.52308,-0.00999015786693,0.0100244641161,-0.0539846466524,0.0100244641161,-0.0539846466524,0.00199140779292,4,0
3525,7.05,2,0.780273497105,0,0.00920725893229,0,0,0.00920725893229,0,0.00920725893229,0,0.77885,0.0124876860709,0.780273514245,-0.0441240866568,-0.00142351424495,0.0566117727277,1.1251297827,0.0433905512182,0.00920725888941,-5.16679254973e-05,-0.00397931512646,0.780368621466,-0.0274179940235,-2.78137033805e-06,0.000695342584503,0.780316953541,0.77887285925,0.00934359721685,-0.03139730915,0.78824809314,0.0128792732851,0.00793113959976,0.0442765824351,-5.53588225694,0.00920725888941,1.17311966415,0.77885,0.0124876860709,-0.00142351424495,0.0566117727277,-0.00142351424495,0.0566117727277,-0.00459933023243,4,0
3530,7.06,1,-0.532382309437,0,2.1543636322,0,0,2.1543636322,0,2.1543636322,0,-0.522991693147,0.0436308690182,-0.532382306368,0.0898885998746,0.0093906132204,-0.0462577308564,3.13561022083,0.792034305595,2.15436352932,-3.8167341208e-05,-0.00337336206639,-0.532286871744,0.112597672483,1.38633713084e-05,-0.0034658428271,-0.532325039086,-0.522884405407,0.0640413988265,0.109224310416,-0.496875021333,0.0447190636771,0.0354500177524,-0.0645052467392,7.5699218208,2.15436352932,3.93147589659,-0.522991693147,0.0436308690182,0.0093906132204,-0.0462577308564,0.0093906132204,-0.0462577308564,-0.00383137016088,4,0
3530,7.06,2,0.779657244682,0,-0.488588064909,0,0,-0.488588064909,0,-0.488588064909,0,0.778739616322,-0.0545385975174,0.779657221243,-0.0752115583956,-0.000917604920781,0.0206729608782,-1.28528817154,0.0608489836374,-0.488588062553,2.09991226283e-05,0.00197145012151,0.779599096447,-0.0898113463106,-1.73292141279e-05,0.00433230353198,0.779620095569,0.778605506623,-0.0800517597671,-0.0878398961891,0.768028947806,-0.0549848753722,-0.0115911477632,0.0328550208169,-7.28794252375,-0.488588062553,-1.2266626275,0.778739616322,-0.0545385975174,-0.000917604920781,0.0206729608782,-0.000917604920781,0.0206729608782,0.00222343959305,4,0
3535,7.07,1,-0.531084001064,0,3.1543636322,0,0,3.1543636322,0,3.1543636322,0,-0.521993058792,0.161968899955,-0.531083981761,0.161632616681,0.00909092296888,0.000336283273336,5.81943204956,1.04079808044,3.15436352932,-3.49232072268e-05,-0.00272846419958,-0.531017084395,0.173952519512,1.76404151412e-05,-0.00441010378529,-0.531052007602,-0.521642721673,0.188398870541,0.171224055313,-0.473555654905,0.163987125117,0.0574963526972,-0.0072369301958,8.4842286323,3.15436352932,6.86337767268,-0.521993058792,0.161968899955,0.00909092296888,0.000336283273336,0.00909092296888,0.000336283273336,-0.0031475426863,4,0
3535,7.07,2,0.778424859047,0,-1.48858809471,0,0,-1.48858809471,0,-1.48858809471,0,0.777491323265,-0.202461136103,0.778424840582,-0.164862638104,-0.000933517317332,-0.0375984979998,-2.23219462817,-0.29641128577,-1.48858806255,1.57389899027e-05,0.00109219051907,0.778403512199,-0.166541339646,-2.20505189087e-05,0.00551262972718,0.778419251189,0.777053401845,-0.235498599309,-0.165449149126,0.758911282892,-0.203235304452,-0.0195079682976,-0.0377861553259,-10.9541087575,-1.48858806255,-2.52988697234,0.777491323265,-0.202461136103,-0.000933517317332,-0.0375984979998,-0.000933517317332,-0.0375984979998,0.0012810583979,4,0
3540,7.08,1,-0.528840243816,0,4.1543636322,0,0,4.1543636322,0,4.1543636322,0,-0.519719127392,0.290683113597,-0.528840245775,0.271091010531,0.00912111838379,0.0195921030654,4.60731514852,1.26262889781,4.15436352932,1.45195908065e-05,0.00147531799881,-0.528890205922,0.256439430592,1.52356505659e-05,-0.00380891264149,-0.528875686332,-0.519114429185,0.313775841208,0.25791474859,-0.481405098175,0.292279531481,0.0474705881566,0.0343647828905,9.36050434869,4.15436352932,5.86829449325,-0.519719127392,0.290683113597,0.00912111838379,0.0195921030654,0.00912111838379,0.0195921030654,0.00164955308848,4,0
3540,7.08,2,0.775874197483,0,-2.45758318901,0,0,-2.45758318901,0,-2.45758318901,0,0.774648908904,-0.363353903,0.775874178132,-0.324182937891,-0.00122526922801,-0.0391709651089,-1.97789468192,-0.484126043354,-2.45758314833,-4.32529415298e-05,-0.00391854164499,0.775991972414,-0.293805606328,-1.90445631831e-05,0.00476114079579,0.775948719473,0.773893036124,-0.392219812478,-0.297724147973,0.758231934721,-0.364037943591,-0.017716784752,-0.0663137956185,-14.2553462362,-2.45758314833,-2.45758314833,0.774648908904,-0.363353903,-0.00122526922801,-0.0391709651089,-0.00122526922801,-0.0391709651089,-0.00443757694335,4,0
3545,7.09,1,-0.525361120701,0,3.92611432076,0,0,3.92611432076,0,3.92611432076,0,-0.516285359264,0.388028359574,-0.525361137297,0.395841932889,0.00907577803231,-0.0078135733156,0.510801076137,1.17726016764,3.92611443478,5.91926300778e-05,0.00493221361544,-0.525493141475,0.367210262363,8.32850037902e-06,-0.00208212509477,-0.525433948845,-0.515495959426,0.400946294654,0.372142475979,-0.512083000435,0.388203457858,0.01335094841,0.0160609818798,8.96844851252,3.92611443478,1.6824187186,-0.516285359264,0.388028359574,0.00907577803231,-0.0078135733156,0.00907577803231,-0.0078135733156,0.00564252517638,4,0
3545,7.09,2,0.771549522877,0,-1.46713590622,0,0,-1.46713590622,0,-1.46713590622,0,0.770356698636,-0.485035460295,0.77154951773,-0.494839687082,-0.00119281909464,0.00980422678713,-0.797793469592,-0.302521992254,-1.4671358849,-9.59923007075e-05,-0.00799740559928,0.771764050457,-0.44800628473,-1.04106254547e-05,0.00260265636367,0.771668058156,0.769369948816,-0.501182879115,-0.45600369033,0.763796054007,-0.485308820488,-0.00787200414873,-0.0293051301582,-9.58743930342,-1.4671358849,-1.09116614864,0.770356698636,-0.485035460295,-0.00119281909464,0.00980422678713,-0.00119281909464,0.00980422678713,-0.00914931320777,4,0
3550,7.1,1,-0.520866632462,0,2.92611432076,0,0,2.92611432076,0,2.92611432076,0,-0.512161687876,0.424855158491,-0.520866611721,0.479069426227,0.00870492384479,-0.0542142677358,-3.90464276796,0.796353293036,2.92611443478,2.73402312364e-05,0.00201094812694,-0.520910792137,0.472895888458,2.10378745491e-06,-0.000525946863733,-0.520883451905,-0.51131037576,0.427233898507,0.474906836585,-0.544663442875,0.4235009187,-0.02377999097,-0.0514059178858,7.80332304201,2.92611443478,-3.11062850583,-0.512161687876,0.424855158491,0.00870492384479,-0.0542142677358,0.00870492384479,-0.0542142677358,0.00233903090177,4,0
3550,7.1,2,0.766013264656,0,-0.467135876417,0,0,-0.467135876417,0,-0.467135876417,0,0.765202109293,-0.53106895885,0.766013242,-0.581448296784,-0.000811132707083,0.050379337934,0.537749681276,0.0680076001628,-0.467135884905,-5.86466279114e-05,-0.00457618318398,0.76612504276,-0.560837179838,-2.62973431275e-06,0.000657433578192,0.766066396132,0.764137969126,-0.534042383863,-0.565413363022,0.769719513444,-0.530880733677,0.00365311731194,0.034532629345,-5.05318560513,-0.467135884905,0.611037224158,0.765202109293,-0.53106895885,-0.000811132707083,0.050379337934,-0.000811132707083,0.050379337934,-0.00527994271892,4,0
3555,7.11,1,-0.515781283379,0,2.72611451149,0,0,2.72611451149,0,2.72611451149,0,-0.507736117692,0.47515395619,-0.515781258187,0.527132825468,0.00804514049502,-0.0519788692773,3.20898521991,0.615867388638,2.72611443478,-3.26566804593e-05,-0.0029019728401,-0.515698955669,0.546774323089,1.28974895668e-05,-0.00322437239168,-0.51573161235,-0.506767156858,0.494153534466,0.543872350249,-0.481013518819,0.47626739781,0.0347180935312,-0.0676049524393,7.45866546715,2.72611443478,3.82814646155,-0.507736117692,0.47515395619,0.00804514049502,-0.0519788692773,0.00804514049502,-0.0519788692773,-0.00329385300562,4,0
3555,7.11,2,0.760021448135,0,-0.992428302765,0,0,-0.992428302765,0,-0.992428302765,0,0.759670146456,-0.593942455824,0.760021422548,-0.613283282813,-0.000351276092361,0.0193408269886,-1.72635823271,0.0965338186998,-0.992428329299,1.06539907695e-05,0.00109051065296,0.759987732561,-0.622217492517,-1.6121861917e-05,0.00403046547926,0.759998386552,0.758458945392,-0.617691928608,-0.621126981864,0.74529862542,-0.594541269201,-0.0146997611322,0.026585712663,-6.82268372162,-0.992428329299,-1.63104277255,0.759670146456,-0.593942455824,-0.000351276092361,0.0193408269886,-0.000351276092361,0.0193408269886,0.00121835854219,4,0
3560,7.12,1,-0.510095179081,0,3.72611451149,0,0,3.72611451149,0,3.72611451149,0,-0.50246357846,0.584431842244,-0.510095170311,0.601481461112,0.00763159185081,-0.017049618868,5.57119442591,0.798115252981,3.72611443478,-2.69625580139e-05,-0.00205397621198,-0.510046914765,0.609509940564,1.60881580282e-05,-0.00402203950705,-0.510073877323,-0.501270603281,0.608553708161,0.607455964352,-0.456097641938,0.586363756266,0.0539762353853,-0.0210922080857,8.30556307672,3.72611443478,6.3716872058,-0.50246357846,0.584431842244,0.00763159185081,-0.017049618868,0.00763159185081,-0.017049618868,-0.00237752690815,4,0
3560,7.12,2,0.753396987915,0,-1.99242830276,0,0,-1.99242830276,0,-1.99242830276,0,0.753079472312,-0.730539813018,0.753396987832,-0.704932923869,-0.000317515520482,-0.0256068891491,-2.56839949184,-0.197037344764,-1.9924283293,1.46507733121e-06,-0.000115574693112,0.753408981361,-0.698960148402,-2.01101974745e-05,0.00502754936864,0.753410446438,0.751588253317,-0.760692145324,-0.699075723095,0.73171405257,-0.731430038841,-0.0216963938676,-0.0323543157458,-10.3915470403,-1.9924283293,-2.76533884284,0.753079472312,-0.730539813018,-0.000317515520482,-0.0256068891491,-0.000317515520482,-0.0256068891491,-9.79937651371e-05,4,0
3565,7.13,1,-0.503435611725,0,4.72611427307,0,0,4.72611427307,0,4.72611427307,0,-0.496025293037,0.700836072103,-0.503435615655,0.713712734903,0.0074103226179,-0.0128766628006,4.31600447606,0.918798330363,4.72611443478,2.50449825877e-05,0.00236452534506,-0.503509507942,0.693731958812,1.35557956861e-05,-0.00338894892153,-0.503484462959,-0.494602823372,0.721401679314,0.696096484157,-0.460143093431,0.702331163753,0.0433413695275,0.00623467959562,9.11335964361,4.72611443478,5.23213774128,-0.496025293037,0.700836072103,0.0074103226179,-0.0128766628006,0.0074103226179,-0.0128766628006,0.00266506513612,4,0
3565,7.13,2,0.745430588722,0,-2.56736254692,0,0,-2.56736254692,0,-2.56736254692,0,0.745031615433,-0.876045099874,0.745430594565,-0.866277550634,-0.000398979132159,-0.00976754923992,-2.29276896362,-0.280826537634,-2.56736260739,-6.18634689157e-05,-0.0054905322433,0.74559099555,-0.826329659646,-1.69447445469e-05,0.00423618613674,0.745529132081,0.743253528332,-0.901752108796,-0.83182019189,0.726010171525,-0.876837660037,-0.0195189605554,-0.0450174681473,-12.0188058581,-2.56736260739,-2.56736260739,0.745031615433,-0.876045099874,-0.000398979132159,-0.00976754923992,-0.000398979132159,-0.00976754923992,-0.00623289387029,4,0
3570,7.14,1,-0.495601683855,0,3.83594107628,0,0,3.83594107628,0,3.83594107628,0,-0.488550511618,0.786613922568,-0.495601691018,0.823854402683,0.00705117939982,-0.0372404801147,0.584786790322,0.764290336353,3.83594109589,5.47143422675e-05,0.00444239979637,-0.495717389968,0.800005391677,7.18040538755e-06,-0.00179510134688,-0.495662675626,-0.486965752769,0.797764728996,0.804447791474,-0.48372815195,0.786814854221,0.0119345236753,-0.0176329372528,8.00214173711,3.83594109589,1.34397815477,-0.488550511618,0.786613922568,0.00705117939982,-0.0372404801147,0.00705117939982,-0.0372404801147,0.00509897190358,4,0
3570,7.14,2,0.735840797424,0,-1.57834684849,0,0,-1.57834684849,0,-1.57834684849,0,0.735688138565,-0.983267412547,0.735840821934,-1.00921735743,-0.000152683369072,0.0259499448796,-1.21900155259,-0.0872945139206,-1.57834679861,-9.81415251353e-05,-0.00804383259344,0.736053169629,-0.964170026121,-8.97550669554e-06,0.00224387667388,0.735955028104,0.733707189984,-0.997205920522,-0.972213858714,0.725624110654,-0.983686747043,-0.0103309174498,-0.0114728883288,-7.33280640601,-1.57834679861,-1.29707453562,0.735688138565,-0.983267412547,-0.000152683369072,0.0259499448796,-0.000152683369072,0.0259499448796,-0.00922153089506,4,0
3575,7.15,1,-0.486942261457,0,2.83594107628,0,0,2.83594107628,0,2.83594107628,0,-0.480475511525,0.818112691796,-0.48694226171,0.887944224764,0.00646675018507,-0.0698315329673,-3.17598499671,0.40850747897,2.83594109589,1.01127981684e-05,0.000555545586801,-0.486946344418,0.890912932685,1.77654526468e-06,-0.000444136316163,-0.48693623162,-0.478837932237,0.820122053098,0.891468478272,-0.506901814992,0.817011595819,-0.019965583372,-0.0744568824532,6.78889760581,2.83594109589,-2.76815441691,-0.480475511525,0.818112691796,0.00646675018507,-0.0698315329673,0.00646675018507,-0.0698315329673,0.000676899164821,4,0
3575,7.15,2,0.725340306759,0,-0.578346788883,0,0,-0.578346788883,0,-0.578346788883,0,0.725594388356,-1.0226408739,0.725340311498,-1.06608355289,0.000254076858599,0.0434426789879,-0.0856230544231,0.190618566697,-0.578346798606,-4.6722841748e-05,-0.00356194581705,0.725423877752,-1.05198903872,-2.22068157019e-06,0.000555170392541,0.72537715491,0.723547414227,-1.02515257552,-1.05555098454,0.72491639514,-1.02266912362,-0.000460759770021,0.0328818609188,-2.81253201207,-0.578346798606,0.109118132192,0.725594388356,-1.0226408739,0.000254076858599,0.0434426789879,0.000254076858599,0.0434426789879,-0.00412261991802,4,0
3580,7.16,1,-0.477879315615,0,2.40847563744,0,0,2.40847563744,0,2.40847563744,0,-0.472145883654,0.860165663538,-0.47787930408,0.917121645504,0.00573342042524,-0.0569559819659,2.77043167066,0.270736578377,2.40847573445,-5.11834049307e-05,-0.00442805930647,-0.477754897901,0.946291150794,1.06691116842e-05,-0.00266727792105,-0.477806081306,-0.470410098364,0.875894479182,0.941863091488,-0.449057019065,0.861127699563,0.0287490622402,-0.0807353919246,6.17524270985,2.40847573445,3.0462105092,-0.472145883654,0.860165663538,0.00573342042524,-0.0569559819659,0.00573342042524,-0.0569559819659,-0.00504226016564,4,0
3580,7.16,2,0.714664101601,0,-1.17834675312,0,0,-1.17834675312,0,-1.17834675312,0,0.715182353427,-1.07520708831,0.71466410968,-1.07156994067,0.000518243747243,-0.00363714764404,-1.98233995564,0.116668498703,-1.17834679861,2.37294824695e-05,0.00215720247077,0.714600618597,-1.08730586219,-1.33363895339e-05,0.00333409738347,0.714624348079,0.713012621796,-1.09486810776,-1.08514865972,0.698671169411,-1.07589505432,-0.0159531786684,0.00925360540192,-4.89961607331,-1.17834679861,-1.8681134132,0.715182353427,-1.07520708831,0.000518243747243,-0.00363714764404,0.000518243747243,-0.00363714764404,0.0024419562604,4,0
3585,7.17,1,-0.46842327714,0,3.40847563744,0,0,3.40847563744,0,3.40847563744,0,-0.463115552422,0.949686523839,-0.468423267437,0.970037687982,0.00530771501513,-0.0203511641427,4.58135447036,0.458814931678,3.40847573445,-4.70740430891e-05,-0.00372313697484,-0.468330166374,0.987927186349,1.29610799146e-05,-0.00324026997864,-0.468377240417,-0.461196715904,0.969139068784,0.984204049374,-0.424968093184,0.951276001307,0.0434091472323,-0.0329280480674,6.98490960351,3.40847573445,5.04445742753,-0.463115552422,0.949686523839,0.00530771501513,-0.0203511641427,0.00530771501513,-0.0203511641427,-0.00428802549191,4,0
3585,7.17,2,0.703609287739,0,-2.17834687233,0,0,-2.17834687233,0,-2.17834687233,0,0.7038944393,-1.18710816306,0.703609285529,-1.13822249191,0.000285153770822,-0.0488856711516,-2.63769602303,-0.210851455418,-2.17834679861,1.58030364993e-05,0.00106707932956,0.703589767571,-1.13907210269,-1.62013497957e-05,0.00405033744894,0.703605570608,0.701495893637,-1.2114238441,-1.13800502336,0.681941279601,-1.18802287805,-0.0216642910062,-0.0500178546925,-8.48745046215,-2.17834679861,-2.84980419421,0.7038944393,-1.18710816306,0.000285153770822,-0.0488856711516,0.000285153770822,-0.0488856711516,0.00125671576755,4,0
3590,7.18,1,-0.458198934793,0,4.00847578049,0,0,4.00847578049,0,4.00847578049,0,-0.453143137211,1.04238631286,-0.45819892147,1.0620816763,0.00505578425922,-0.0196953634414,3.40764979104,0.56318532042,4.00847573445,7.48986999327e-06,0.000918472876441,-0.458233581371,1.05082167885,1.05490050759e-05,-0.00263725126896,-0.458226091501,-0.451042137329,1.05841169475,1.05174015172,-0.42480365903,1.04356712445,0.0334224324708,-0.00817302727207,7.36011264288,4.00847573445,3.96982676014,-0.453143137211,1.04238631286,0.00505578425922,-0.0196953634414,0.00505578425922,-0.0196953634414,0.00100835131636,4,0
3590,7.18,2,0.691446661949,0,-2.66089510918,0,0,-2.66089510918,0,-2.66089510918,0,0.691428920208,-1.30298289861,0.691446661289,-1.27625662178,-1.77410809122e-05,-0.0267262768275,-2.36836251797,-0.297810023972,-2.66089501318,-5.15779595209e-05,-0.00465859324738,0.691584535244,-1.24125919041,-1.31862562536e-05,0.00329656406339,0.691532957284,0.688802670341,-1.32301462583,-1.24591778365,0.671770674197,-1.30380199219,-0.0197622830874,-0.0578842085374,-9.76702439583,-2.66089501318,-2.66089501318,0.691428920208,-1.30298289861,-1.77410809122e-05,-0.0267262768275,-1.77410809122e-05,-0.0267262768275,-0.00527752876163,4,0
3595,7.19,1,-0.447072535753,0,3.00847578049,0,0,3.00847578049,0,3.00847578049,0,-0.442359026187,1.10820023416,-0.447072550486,1.14018198946,0.00471352429921,-0.0319817553045,0.408729966106,0.448131464362,3.00847573445,2.87529367715e-05,0.00224819255362,-0.447127875198,1.13008805452,5.32944228782e-06,-0.00133236057195,-0.447099122261,-0.440134035563,1.11649239331,1.13233624708,-0.438980419005,1.10834100946,0.00811870325628,-0.023995237616,6.11503629848,3.00847573445,0.854268202673,-0.442359026187,1.10820023416,0.00471352429921,-0.0319817553045,0.00471352429921,-0.0319817553045,0.00259322779488,4,0
3595,7.19,2,0.677954256535,0,-1.71299660206,0,0,-1.71299660206,0,-1.71299660206,0,0.677948781355,-1.38525029963,0.677954261524,-1.38661085407,-5.48016872171e-06,0.00136055444087,-1.50669715215,-0.143655049727,-1.71299656962,-7.83893248035e-05,-0.00636080067089,0.678119796154,-1.3523815004,-6.66180280495e-06,0.00166545070125,0.678041406829,0.675167543062,-1.39561549849,-1.35874230108,0.665475472409,-1.38577002084,-0.0125659344208,-0.0270277197623,-5.28223181017,-1.71299656962,-1.64305072931,0.677948781355,-1.38525029963,-5.48016872171e-06,0.00136055444087,-5.48016872171e-06,0.00136055444087,-0.00730147256853,4,0
3600,7.2,1,-0.435441285372,0,2.00847578049,0,0,2.00847578049,0,2.00847578049,0,-0.43112313466,1.1312876547,-0.435441287381,1.17243237679,0.00431815272117,-0.0411447220878,-2.32745719711,0.227393111454,2.00847573445,-1.95507969898e-05,-0.00192002514511,-0.435378379152,1.1903241445,1.27540244627e-06,-0.000318850611565,-0.435397929949,-0.42885958587,1.132730947,1.18840411935,-0.450467072787,1.13048165728,-0.0150691428382,-0.0579224620718,4.88502667498,2.00847573445,-2.09790945094,-0.43112313466,1.1312876547,0.00431815272117,-0.0411447220878,0.00431815272117,-0.0411447220878,-0.00215463470899,4,0
3600,7.2,2,0.663868963718,0,-0.712996542454,0,0,-0.712996542454,0,-0.712996542454,0,0.663903916879,-1.41410957506,0.663868980843,-1.41204672417,3.49360353892e-05,-0.00206285089552,-0.687076977241,-0.00693094200506,-0.712996569621,-2.20632919628e-05,-0.00149830442344,0.663896477949,-1.41051702891,-1.59425304314e-06,0.000398563260789,0.663874414657,0.661074480877,-1.41591369042,-1.41201533333,0.65820286526,-1.41434711888,-0.00567154939655,-0.00233178554672,-0.814228091292,-0.712996569621,-0.692244855319,0.663903916879,-1.41410957506,3.49360353892e-05,-0.00206285089552,3.49360353892e-05,-0.00206285089552,-0.001763063927,4,0
3605,7.21,1,-0.423690736294,0,1.71583080292,0,0,1.71583080292,0,1.71583080292,0,-0.419704811114,1.16097836261,-0.423690742574,1.17694871689,0.00398593146057,-0.015970354279,1.87144572599,0.226610625937,1.7158307989,-7.31166592069e-05,-0.00619279726552,-0.423521396834,1.21520189179,7.39636681391e-06,-0.00184909170348,-0.423594513493,-0.417372112125,1.17189676956,1.20900909452,-0.404077642256,1.16162949465,0.0195168712373,-0.0473795998762,4.39194600944,1.7158307989,2.1051265491,-0.419704811114,1.16097836261,0.00398593146057,-0.015970354279,0.00398593146057,-0.015970354279,-0.007070197176,4,0
3605,7.21,2,0.649816632271,0,-1.71299660206,0,0,-1.71299660206,0,-1.71299660206,0,0.649631012381,-1.45122295959,0.649816654369,-1.40742690644,-0.000185641988602,-0.0437960531527,-2.0313688731,-0.143623726856,-1.71299656962,3.99605148469e-05,0.00343634874099,0.649721802691,-1.42907258278,-9.24545842318e-06,0.0023113646058,0.649761763206,0.646715138632,-1.46487096814,-1.42563623404,0.632699700785,-1.45192843091,-0.017062062421,-0.0262921968697,-4.50026002001,-1.71299656962,-2.17890847487,0.649631012381,-1.45122295959,-0.000185641988602,-0.0437960531527,-0.000185641988602,-0.0437960531527,0.00391587491915,4,0
3610,7.22,1,-0.411752939224,0,2.71583080292,0,0,2.71583080292,0,2.71583080292,0,-0.40780063962,1.22197927162,-0.411752942144,1.2106305671,0.0039523025237,0.0113487045298,2.95552907916,0.43802441502,2.7158307989,-5.67349858049e-05,-0.004492989482,-0.411640438234,1.23238418449,8.5652809938e-06,-0.00214132024844,-0.41169717322,-0.405343770852,1.23485834497,1.22789119501,-0.383170875556,1.22300551179,0.0285262976631,-0.00488568321465,5.18469255374,2.7158307989,3.3987273035,-0.40780063962,1.22197927162,0.0039523025237,0.0113487045298,0.0039523025237,0.0113487045298,-0.00517380931166,4,0
3610,7.22,2,0.635413885117,0,-2.71299648285,0,0,-2.71299648285,0,-2.71299648285,0,0.634750797954,-1.52747409504,0.635413881958,-1.47255483235,-0.000663084004145,-0.0549192626884,-2.43647290805,-0.357381234173,-2.71299656962,1.74166427448e-05,0.00115765146911,0.635393644202,-1.47300180905,-1.07066011173e-05,0.00267665027933,0.635411060845,0.631679711983,-1.54357293653,-1.47184415758,0.614470676837,-1.52831910009,-0.0209403840072,-0.0564749425075,-8.05099952305,-2.71299656962,-2.7952207934,0.634750797954,-1.52747409504,-0.000663084004145,-0.0549192626884,-0.000663084004145,-0.0549192626884,0.00136665118205,4,0
3615,7.23,1,-0.399267733097,0,2.66583299637,0,0,2.66583299637,0,2.66583299637,0,-0.395270264104,1.28190051858,-0.399267736751,1.2737418023,0.00399747264618,0.00815871628068,1.97978057353,0.528363619843,2.6658330165,-3.10111333886e-06,-0.000104290031776,-0.399268558878,1.27236558594,6.5096043495e-06,-0.00162740108737,-0.399271659991,-0.392696394513,1.29181699911,1.2722612959,-0.378799508525,1.28258680006,0.0204721514664,0.0103255041593,4.89869326795,2.6658330165,2.50828569676,-0.395270264104,1.28190051858,0.00399747264618,0.00815871628068,0.00399747264618,0.00815871628068,-0.000141503391842,4,0
3615,7.23,2,0.620001077652,0,-2.5176358223,0,0,-2.5176358223,0,-2.5176358223,0,0.619087828509,-1.60237565281,0.62000107243,-1.5855314617,-0.000913243921513,-0.0168441911132,-2.20030798138,-0.32220807703,-2.51763577192,-4.91881426215e-05,-0.00429002877046,0.620121486867,-1.55727129379,-8.13700532376e-06,0.00203425133094,0.620072298724,0.61587049151,-1.6147712533,-1.56156132256,0.600824305224,-1.60313663295,-0.0192479935001,-0.0415753103824,-6.63044629505,-2.51763577192,-2.51763577192,0.619087828509,-1.60237565281,-0.000913243921513,-0.0168441911132,-0.000913243921513,-0.0168441911132,-0.00488028648192,4,0
3620,7.24,1,-0.386292368174,0,1.66583299637,0,0,1.66583299637,0,1.66583299637,0,-0.382232447398,1.32130818555,-0.386292357051,1.30800848806,0.00405990965298,0.0132996974852,0.00811696572939,0.511944232998,1.6658330165,-7.48226759003e-06,-0.000795631863111,-0.386264380557,1.31666094106,2.95679624457e-06,-0.000739199061145,-0.386271862825,-0.379585022586,1.32593000311,1.31586530919,-0.382157557542,1.32131130596,0.00411430528311,0.00544599676569,3.65880175557,1.6658330165,0.520946617802,-0.382232447398,1.32130818555,0.00405990965298,0.0132996974852,0.00405990965298,0.0132996974852,-0.000885419074191,4,0
3620,7.24,2,0.60370773077,0,-1.82236373425,0,0,-1.82236373425,0,-1.82236373425,0,0.602790557584,-1.65163523578,0.60370775612,-1.64958346521,-0.000917198536126,-0.00205177057309,-1.63550305763,-0.190934397056,-1.82236372966,-4.48649994007e-05,-0.00353534503103,0.60379554217,-1.63295588142,-3.69599524042e-06,0.000923998810114,0.603750677171,0.599481276562,-1.65741250763,-1.63649122645,0.589218875094,-1.65220072255,-0.0145318020763,-0.0157094961008,-3.25182394284,-1.82236372966,-1.82236372966,0.602790557584,-1.65163523578,-0.000917198536126,-0.00205177057309,-0.000917198536126,-0.00205177057309,-0.00407372502384,4,0
3625,7.25,1,-0.373213976622,0,0.665832996368,0,0,0.665832996368,0,0.665832996368,0,-0.368935511785,1.33372429982,-0.37321396922,1.30272054016,0.00427845743507,0.0310037596614,-1.4344184431,0.511207296586,0.665833016499,-5.47637350416e-05,-0.00481280425743,-0.373074680086,1.33695001363,6.49414350129e-07,-0.000162353587527,-0.373129443821,-0.366267565419,1.33446024362,1.33213720937,-0.38082277812,1.33322899706,-0.00769333429884,0.00109178768492,2.44332407064,0.665833016499,-0.917741177436,-0.368935511785,1.33372429982,0.00427845743507,0.0310037596614,0.00427845743507,0.0310037596614,-0.00546996907793,4,0
3625,7.25,2,0.587172091007,0,-1.3600590229,0,0,-1.3600590229,0,-1.3600590229,0,0.586169388031,-1.66715537833,0.587172091697,-1.64823356328,-0.00100270366531,-0.0189218150493,-1.21019234394,-0.148505649436,-1.36005907308,1.11727692363e-05,0.00122700647294,0.587127866727,-1.66195289008,-8.1176792055e-07,0.000202941980126,0.587139039497,0.582834455067,-1.66807530806,-1.66072588361,0.576090607384,-1.66757532753,-0.0110484321124,-0.00684944391696,-1.00116895605,-1.36005907308,-1.36005907308,0.586169388031,-1.66715537833,-0.00100270366531,-0.0189218150493,-0.00100270366531,-0.0189218150493,0.00136107970378,4,0
3630,7.26,1,-0.360326141119,0,0.865833044052,0,0,0.865833044052,0,0.865833044052,0,-0.355546197629,1.34814641054,-0.360326132852,1.28170699415,0.00477993522279,0.066439416395,0.607031834508,0.703196528708,0.865833016499,-9.27862492106e-05,-0.00772964977282,-0.360118566113,1.32720046818,3.39961402629e-06,-0.000849903506573,-0.360211352362,-0.352844925772,1.35318563905,1.3194708184,-0.35042280142,1.34835988538,0.00978855094223,0.0288890669822,2.45353170471,0.865833016499,1.31907144798,-0.355546197629,1.34814641054,0.00477993522279,0.066439416395,0.00477993522279,0.066439416395,-0.00884308476335,4,0
3630,7.26,2,0.570762634277,0,-2.12867498398,0,0,-2.12867498398,0,-2.12867498398,0,0.569432745302,-1.68518301632,0.570762627808,-1.64322887056,-0.00132988250587,-0.0419541457652,-1.87070970001,-0.252694201541,-2.12867493473,5.54416498289e-05,0.00460573338822,0.570640051365,-1.6695558545,-4.24951742495e-06,0.00106237935624,0.570695493014,0.566056155475,-1.69148205179,-1.66495012111,0.553826666412,-1.68583326961,-0.0168688266021,-0.0208831484961,-3.75376311733,-2.12867493473,-2.12867493473,0.569432745302,-1.68518301632,-0.00132988250587,-0.0419541457652,-0.00132988250587,-0.0419541457652,0.00527103318617,4,0
3635,7.27,1,-0.347479939461,0,1.82500767708,0,0,1.82500767708,0,1.82500767708,0,-0.341933449121,1.37465617427,-0.347479948993,1.29051698623,0.00554649987211,0.0841391880442,0.859003618054,0.959693985487,1.82500764903,-6.81290756862e-05,-0.00549249657618,-0.34733837825,1.31956327067,3.33105269146e-06,-0.000832763172866,-0.347406507326,-0.339179043535,1.37970108258,1.3140707741,-0.334734999233,1.37495610969,0.0126715080924,0.0608853355877,3.21313020661,1.82500764903,1.82500764903,-0.341933449121,1.37465617427,0.00554649987211,0.0841391880442,0.00554649987211,0.0841391880442,-0.00631004548441,4,0
3635,7.27,2,0.554097831249,0,-2.32927274704,0,0,-2.32927274704,0,-2.32927274704,0,0.55241680964,-1.71832022006,0.554097846581,-1.68634830435,-0.00168103694116,-0.0319719157096,-1.98603336092,-0.341237987145,-2.3292728218,2.34196593158e-05,0.00172043782034,0.554059811818,-1.69178718454,-4.16381572432e-06,0.00104095393109,0.554083231477,0.548973802653,-1.72462635523,-1.69006674672,0.535878564915,-1.71900931359,-0.0182046665622,-0.0289425668663,-4.1484814542,-2.3292728218,-2.3292728218,0.55241680964,-1.71832022006,-0.00168103694116,-0.0319719157096,-0.00168103694116,-0.0319719157096,0.00200147373213,4,0
3640,7.28,1,-0.334453463554,0,1.29860115051,0,0,1.29860115051,0,1.29860115051,0,-0.32807167376,1.39593337002,-0.33445347772,1.3083873561,0.00638180395972,0.0875460139211,0.177273644451,1.11764970861,1.29860119342,-3.87454060178e-05,-0.00321289547878,-0.334367091552,1.32763624052,1.83299819428e-06,-0.000458249548568,-0.334405836958,-0.325276882747,1.39877025498,1.32442334505,-0.326566358115,1.3959960915,0.00783947884278,0.0715727464564,2.47547752607,1.29860119342,1.29860119342,-0.32807167376,1.39593337002,0.00638180395972,0.0875460139211,0.00638180395972,0.0875460139211,-0.00367784035099,4,0
3640,7.28,2,0.536925911903,0,-2.10898065567,0,0,-2.10898065567,0,-2.10898065567,0,0.535089590422,-1.74491671371,0.536925937648,-1.73433651043,-0.00183634722648,-0.0105802032724,-1.80614696821,-0.304124527501,-2.10898054786,-1.33130907623e-05,-0.00113119075756,0.536957022806,-1.72745948049,-2.29124761919e-06,0.000572811904797,0.536943709715,0.531596101654,-1.74846281973,-1.72859067124,0.520075190252,-1.74554231371,-0.0168685194626,-0.0169516424692,-2.79684338423,-2.10898054786,-2.10898054786,0.535089590422,-1.74491671371,-0.00183634722648,-0.0105802032724,-0.00183634722648,-0.0105802032724,-0.00129094784671,4,0
3645,7.29,1,-0.32137876749,0,0.690030097961,0,0,0.690030097961,0,0.690030097961,0,-0.314056383711,1.40507728564,-0.321378761125,1.30381037383,0.00732237741408,0.101266911805,-0.57387635979,1.2590603907,0.690030075213,-4.96824485664e-05,-0.00424985492198,-0.321260139072,1.33159756985,2.94718383698e-07,-7.36795959286e-05,-0.32130982152,-0.311245673097,1.4055763459,1.32734771493,-0.318790084775,1.40488004809,0.00251973674494,0.077532333164,1.6615459654,0.690030075213,0.690030075213,-0.314056383711,1.40507728564,0.00732237741408,0.101266911805,0.00732237741408,0.101266911805,-0.00484604430477,4,0
3645,7.29,2,0.519462347031,0,-1.83572852612,0,0,-1.83572852612,0,-1.83572852612,0,0.517570477853,-1.75634660744,0.519462346818,-1.74997801915,-0.00189186896512,-0.00636858828754,-1.59335533452,-0.242296417429,-1.83572852691,-5.64510575727e-07,8.35490911513e-05,0.519455490174,-1.7531976205,-3.68397910178e-07,9.20994775557e-05,0.519454925664,0.514057089584,-1.75697043266,-1.75311407141,0.504314890114,-1.75689892359,-0.01514003555,-0.00378485218234,-1.28261565901,-1.83572852691,-1.83572852691,0.517570477853,-1.75634660744,-0.00189186896512,-0.00636858828754,-0.00189186896512,-0.00636858828754,7.67749642426e-05,4,0
3650,7.3,1,-0.308441758156,0,0.872295856476,0,0,0.872295856476,0,0.872295856476,0,-0.300000000715,1.40560671787,-0.308441768879,1.28733075303,0.00844176816355,0.118275964844,-0.581526616101,1.4471806991,0.872295855194,-6.93028598188e-05,-0.0058101378816,-0.308284321325,1.32246767922,-4.01429464669e-08,1.00357366175e-05,-0.308353624185,-0.297188813953,1.40556327386,1.31665754133,-0.304782404962,1.40540745103,0.0035712192228,0.0887499096915,1.64980241857,0.872295855194,0.872295855194,-0.300000000715,1.40560671787,0.00844176816355,0.118275964844,0.00844176816355,0.118275964844,-0.00664177219942,4,0
3650,7.3,2,0.50197994709,0,-1.84021520615,0,0,-1.84021520615,0,-1.84021520615,0,0.499999999106,-1.75700839742,0.501979926147,-1.74719031924,-0.00197992704056,-0.0098180781775,-1.60375316086,-0.234281435059,-1.84021519749,2.24817913625e-05,0.00191082007352,0.501927845408,-1.75887080472,5.01787009166e-08,-1.25446752335e-05,0.5019503272,0.496486015653,-1.75695409238,-1.75695998465,0.486640411481,-1.7575650469,-0.0153099157184,-0.000605062256243,-0.960760037109,-1.84021519749,-1.84021519749,0.499999999106,-1.75700839742,-0.00197992704056,-0.0098180781775,-0.00197992704056,-0.0098180781775,0.00218060156987,4,0
3655,7.31,1,-0.295631885529,0,0.75775963068,0,0,0.75775963068,0,0.75775963068,0,-0.285950335307,1.40334849472,-0.295631872287,1.27640109092,0.00968153698047,0.126947403797,-0.897503280425,1.64893176298,0.757759607044,-6.65780821153e-05,-0.0055321875065,-0.295482725833,1.30946957623,-9.29916668557e-07,0.000232479167138,-0.295549303915,-0.283144909892,1.40201526999,1.30393738872,-0.293363899169,1.40303959623,0.00218540474599,0.0991022075051,1.34682123157,0.757759607044,0.757759607044,-0.285950335307,1.40334849472,0.00968153698047,0.126947403797,0.00968153698047,0.126947403797,-0.00633112449188,4,0
3655,7.31,2,0.484493046999,0,-1.75216305256,0,0,-1.75216305256,0,-1.75216305256,0,0.482437917347,-1.75418561805,0.484493050585,-1.74889376867,-0.00205513323842,-0.00529184938065,-1.51553101116,-0.234945565965,-1.75216307197,1.79414720709e-05,0.00147119717957,0.484453762066,-1.75747857063,1.16239594677e-06,-0.000290598986687,0.484471703538,0.478931135579,-1.75251908697,-1.75600737345,0.469816350572,-1.75471151667,-0.0146553529658,0.00129585678371,-0.288440910161,-1.75216307197,-1.75216307197,0.482437917347,-1.75418561805,-0.00205513323842,-0.00529184938065,-0.00205513323842,-0.00529184938065,0.00168649484442,4,0
3660,7.32,1,-0.282980471849,0,0.345988035202,0,0,0.345988035202,0,0.345988035202,0,-0.271961520454,1.39277215279,-0.282980482117,1.25575376058,0.0110189616627,0.137018392211,-1.50268471672,1.84188929176,0.345988040264,-7.05833100523e-05,-0.00593646550445,-0.282818155145,1.29258399196,-2.22924225707e-06,0.000557310564269,-0.282888738455,-0.26917919846,1.38948906528,1.28664752645,-0.284405759635,1.39225364283,-0.00151702118006,0.105606116374,0.754614655364,0.345988040264,0.345988040264,-0.271961520454,1.39277215279,0.0110189616627,0.137018392211,0.0110189616627,0.137018392211,-0.00678346522508,4,0
3660,7.32,2,0.467067629099,0,-1.55395448208,0,0,-1.55395448208,0,-1.55395448208,0,0.464951898789,-1.74096518969,0.467067638111,-1.73555113757,-0.00211573932242,-0.00541405212168,-1.32938736647,-0.222397681947,-1.55395450639,2.20827313004e-05,0.00190446519741,0.467013816136,-1.74840612038,2.78655296282e-06,-0.000696638240702,0.467035898867,0.461473996299,-1.7368613301,-1.74650165518,0.453874822953,-1.74142673452,-0.0131610759141,0.00507492065945,0.789348951137,-1.55395450639,-1.55395450639,0.464951898789,-1.74096518969,-0.00211573932242,-0.00541405212168,-0.00211573932242,-0.00541405212168,0.00216945797301,4,0
3665,7.33,1,-0.270608723164,0,0.236921042204,0,0,0.236921042204,0,0.236921042204,0,-0.258125232401,1.37332253716,-0.270608720039,1.22406387343,0.0124834876381,0.149258663728,-1.82429506531,2.05323863897,0.236921041976,-8.32075513223e-05,-0.00697897770272,-0.270418936793,1.26669967371,-3.02303459543e-06,0.000755758648856,-0.270502144345,-0.255383093584,1.36880213249,1.25972069601,-0.273234980175,1.37269296433,-0.00273283583043,0.112972268326,0.477228741138,0.236921041976,0.236921041976,-0.258125232401,1.37332253716,0.0124834876381,0.149258663728,0.0124834876381,0.149258663728,-0.00797746831858,4,0
3665,7.33,2,0.449884027243,0,-1.46000277996,0,0,-1.46000277996,0,-1.46000277996,0,0.447656538741,-1.71665316912,0.449884033749,-1.7056893557,-0.0022274950087,-0.010963813419,-1.2229053745,-0.233519532583,-1.46000279739,3.69810076287e-05,0.00313411820865,0.4497978713,-1.72536290642,3.77879336633e-06,-0.000944698341586,0.449834852308,0.444228865224,-1.7110026631,-1.72222878821,0.437453558375,-1.7170782933,-0.0123812939331,0.00515049491677,1.38696516656,-1.46000279739,-1.46000279739,0.447656538741,-1.71665316912,-0.0022274950087,-0.010963813419,-0.0022274950087,-0.010963813419,0.00357789030019,4,0
3670,7.34,1,-0.258534967899,0,0.952438771725,0,0,0.952438771725,0,0.952438771725,0,-0.244504383249,1.35130763126,-0.258534972097,1.19903272072,0.0140305888479,0.152274910543,-1.2822423366,2.27487420255,0.952438751867,-8.23943171008e-05,-0.00678446970768,-0.258355547946,1.23752267678,-2.39620856601e-06,0.000599052141506,-0.258437942263,-0.241805518771,1.34763508274,1.23073820707,-0.255106552831,1.35086587419,0.00333138943219,0.12012766712,1.02717258352,0.952438751867,1.00040506746,-0.244504383249,1.35130763126,0.0140305888479,0.152274910543,0.0140305888479,0.152274910543,-0.00777320151289,4,0
3670,7.34,2,0.432987391949,0,-1.64226806164,0,0,-1.64226806164,0,-1.64226806164,0,0.430630477329,-1.68913453597,0.432987390068,-1.68222036453,-0.0023569127394,-0.00691417143232,-1.38241553989,-0.256605411409,-1.64226810293,3.51655158469e-05,0.00282516543621,0.432915925261,-1.69633334188,2.99526077419e-06,-0.000748815193553,0.432951090777,0.427256896737,-1.68454385021,-1.69350817644,0.419103300692,-1.68961483499,-0.0138477900849,0.003893341452,0.856606080223,-1.64226810293,-1.64226810293,0.430630477329,-1.68913453597,-0.0023569127394,-0.00691417143232,-0.0023569127394,-0.00691417143232,0.00324715162637,4,0
3675,7.35,1,-0.246540248394,0,1.95243871212,0,0,1.95243871212,0,1.95243871212,0,-0.231064489575,1.33989855694,-0.246540250366,1.20460366355,0.0154757607917,0.135294893384,0.144777640499,2.45954220807,1.95243875187,-4.81676416533e-05,-0.00378366327974,-0.246447082532,1.22211203297,-7.25770772592e-07,0.000181442693146,-0.246495250173,-0.228385240963,1.33907997771,1.21832836969,-0.229823815893,1.33995025167,0.0166714342802,0.121621881986,1.84540514117,1.95243875187,2.60868152355,-0.231064489575,1.33989855694,0.0154757607917,0.135294893384,0.0154757607917,0.135294893384,-0.00436167497958,4,0
3675,7.35,2,0.416106879711,0,-2.03876566887,0,0,-2.03876566887,0,-2.03876566887,0,0.413830610269,-1.67487319277,0.416106875942,-1.69911360453,-0.00227626567309,0.0242404117681,-1.82693551395,-0.212911774398,-2.03876555633,-8.29228902303e-06,-0.000982224549882,0.416144773577,-1.68664951779,9.07213482559e-07,-0.000226803370644,0.416136481287,0.410481549511,-1.67384996872,-1.68763174234,0.398641532013,-1.67550607103,-0.0174949492742,0.0121256713146,-0.440317573695,-2.03876555633,-2.03876555633,0.413830610269,-1.67487319277,-0.00227626567309,0.0242404117681,-0.00227626567309,0.0242404117681,-0.00108173201816,4,0
3680,7.36,1,-0.234393626451,0,1.2155983448,0,0,1.2155983448,0,1.2155983448,0,-0.217729752055,1.32118105053,-0.234393624716,1.2160241646,0.016663872661,0.10515688593,-2.4987252484,2.47728705181,1.21559835514,-1.53592954673e-05,-0.00136464939167,-0.234353578219,1.22642874059,-5.16842064091e-06,0.00129210516023,-0.234368937514,-0.215094787668,1.31360587789,1.2250640912,-0.238503488935,1.32031547816,-0.00413455142064,0.0952513869646,0.913466992676,1.21559835514,-0.0198892356534,-0.217729752055,1.32118105053,0.016663872661,0.10515688593,0.016663872661,0.10515688593,-0.00154896093728,4,0
3680,7.36,2,0.39898905158,0,-1.03876554966,0,0,-1.03876554966,0,-1.03876554966,0,0.397162188404,-1.65147630936,0.398989052708,-1.70923585251,-0.00182686430412,0.0577595431574,-0.998032910884,-0.023385914681,-1.03876555633,-4.95210562631e-05,-0.00401809637502,0.399093472905,-1.68794335271,6.46052590453e-06,-0.00161513147613,0.399043951848,0.393868482928,-1.6420073434,-1.69196144908,0.388898031217,-1.65182064924,-0.0101459206311,0.0401407998435,3.89110595099,-1.03876555633,-1.01680647652,0.397162188404,-1.65147630936,-0.00182686430412,0.0577595431574,-0.00182686430412,0.0577595431574,-0.00461234905018,4,0
3685,7.37,1,-0.222388550639,0,0.215598359704,0,0,0.215598359704,0,0.215598359704,0,-0.204734193521,1.27455388898,-0.222388545629,1.18508713713,0.0176543521084,0.0894667518502,-3.90293311958,2.41254694677,0.215598355137,-5.37432319183e-05,-0.00471950286861,-0.222252310062,1.21848863705,-7.57132344154e-06,0.00189283086038,-0.222306053294,-0.202196308181,1.26326417714,1.21376913418,-0.237157641961,1.27320291196,-0.0148515886673,0.059433777784,-0.261489587205,0.215598355137,-1.48502175116,-0.204734193521,1.27455388898,0.0176543521084,0.0894667518502,0.0176543521084,0.0894667518502,-0.00536442165163,4,0
3685,7.37,2,0.382252544165,0,-0.407319396734,0,0,-0.407319396734,0,-0.407319396734,0,0.380917740279,-1.59319235654,0.382252542988,-1.64170507922,-0.00133480270901,0.0485127226708,-0.528070212881,0.120929185648,-0.407319388572,-1.27552734005e-06,0.000193667666682,0.382236357759,-1.64918806821,9.46415443071e-06,-0.00236603860768,0.382235082232,0.377745383614,-1.57908021655,-1.64899440054,0.376523298067,-1.5933754583,-0.00571178416483,0.0556189422417,6.55449748893,-0.407319388572,-0.407319388572,0.380917740279,-1.59319235654,-0.00133480270901,0.0485127226708,-0.00133480270901,0.0485127226708,0.000178361338601,4,0
3690,7.38,1,-0.210889294744,0,-0.784401655197,0,0,-0.784401655197,0,-0.784401655197,0,-0.192277785053,1.21628132586,-0.210889298836,1.12332179087,0.0186115137828,0.0929595349873,-3.83411839737,2.44511763734,-0.784401644863,-0.000102403538711,-0.0087141855377,-0.210647428583,1.17930111357,-7.58315169616e-06,0.00189578792404,-0.210749832122,-0.189856718085,1.20484612027,1.17058692803,-0.224090682407,1.21495578847,-0.0133408502849,0.0443688604339,-1.39678745267,-0.784401644863,-1.37905773202,-0.192277785053,1.21628132586,0.0186115137828,0.0929595349873,0.0186115137828,0.0929595349873,-0.00994302800223,4,0
3690,7.38,2,0.366462051868,0,-0.409928202629,0,0,-0.409928202629,0,-0.409928202629,0,0.365347229746,-1.52035165171,0.366462057693,-1.53501550379,-0.00111482794672,0.0146638520803,-0.504871053385,0.100777556119,-0.409928212819,5.88883063835e-05,0.0051280558764,0.36631556106,-1.5702884897,9.4789397288e-06,-0.00236973493221,0.366374449367,0.362320896047,-1.50605764455,-1.56516043382,0.361098724216,-1.52052867277,-0.00527572515066,0.0446317610521,6.50185520577,-0.409928212819,-0.409928212819,0.365347229746,-1.52035165171,-0.00111482794672,0.0146638520803,-0.00111482794672,0.0146638520803,0.005834715553,4,0
3695,7.39,1,-0.200079575181,0,-0.222052887082,0,0,-0.222052887082,0,-0.222052887082,0,-0.180384680416,1.16526257082,-0.200079569952,1.05678435863,0.0196948895357,0.108478212192,-2.05310907454,2.64023990292,-0.222052884837,-0.000125513684556,-0.0103802604969,-0.199803056133,1.11664819636,-4.85257792587e-06,0.00121314448147,-0.199928569818,-0.178061845733,1.15777790814,1.10626793587,-0.197365388769,1.16455504131,0.00256318104904,0.0582871054401,-0.945019457132,-0.222052884837,0.599017253085,-0.180384680416,1.16526257082,0.0196948895357,0.108478212192,0.0196948895357,0.108478212192,-0.0118864247116,4,0
3695,7.39,2,0.351711660624,0,-1.07176744938,0,0,-1.07176744938,0,-1.07176744938,0,0.35048084901,-1.45657820722,0.351711670911,-1.4428253905,-0.00123082190118,-0.0137528167209,-1.02057605228,-0.0430607208742,-1.07176742355,8.64073443373e-05,0.00709376225842,0.351525124511,-1.4821962136,6.06572246492e-06,-0.00151643061624,0.351611531855,0.347577305668,-1.44722237879,-1.47510245134,0.34192315027,-1.45693477801,-0.00968838158515,0.0181676733342,3.76827689896,-1.07176742355,-1.07176742355,0.35048084901,-1.45657820722,-0.00123082190118,-0.0137528167209,-0.00123082190118,-0.0137528167209,0.00813065039047,4,0
3700,7.4,1,-0.189687505364,0,0.777947127819,0,0,0.777947127819,0,0.777947127819,0,-0.168876866497,1.14303178963,-0.189687508075,1.03385662422,0.0208106415777,0.109175165404,0.667751000925,2.90935104103,0.777947115163,-8.04107681323e-05,-0.00637992464063,-0.189527411939,1.06508445509,-1.34035509941e-06,0.000335088774853,-0.189607822707,-0.166591819558,1.14151820343,1.05870453045,-0.163260817792,1.14326579166,0.0263470049149,0.0845612612046,-0.0665837671402,0.777947115163,3.58444689582,-0.168876866497,1.14303178963,0.0208106415777,0.109175165404,0.0208106415777,0.109175165404,-0.00734485385821,4,0
3700,7.4,2,0.33742955327,0,-2.00511908531,0,0,-2.00511908531,0,-2.00511908531,0,0.336096081675,-1.42878973048,0.337429547593,-1.43030328155,-0.00133346591764,0.00151355107306,-1.85527482949,-0.147556709661,-2.00511914307,2.8283074379e-05,0.00194820703016,0.33739243144,-1.43301778371,1.67544388846e-06,-0.000418860972119,0.337420714514,0.333239773014,-1.42689774772,-1.43106957668,0.32064322261,-1.42943359961,-0.0167774919038,0.00163597707763,0.122292443222,-2.00511914307,-2.00511914307,0.336096081675,-1.42878973048,-0.00133346591764,0.00151355107306,-0.00133346591764,0.00151355107306,0.00228760392271,4,0
3705,7.41,1,-0.179333746433,0,0.57794713974,0,0,0.57794713974,0,0.57794713974,0,-0.157562353882,1.10968719991,-0.179333742523,1.03360556999,0.0217713886403,0.0760816299201,-4.04558546268,2.94342335654,0.577947115163,-2.28114696582e-05,-0.00185198931119,-0.179284265988,1.04472788373,-8.90100359038e-06,0.00222525089759,-0.179307077458,-0.155355779197,1.09661159003,1.04287589442,-0.191199453937,1.10828565407,-0.0118923764787,0.0654097596527,-0.413355878682,0.577947115163,-1.10003637918,-0.157562353882,1.10968719991,0.0217713886403,0.0760816299201,0.0217713886403,0.0760816299201,-0.00212572694709,4,0
3705,7.41,2,0.323004513979,0,-1.00511908531,0,0,-1.00511908531,0,-1.00511908531,0,0.321952940973,-1.38710899299,0.323004514563,-1.44154134604,-0.00105157358918,0.0544323530488,-0.366463389506,0.0464184822436,-1.00511914307,-4.42509579499e-05,-0.00374136930053,0.32310594747,-1.41926145306,1.11262545734e-05,-0.00278156364336,0.323061696512,0.319194722631,-1.37076448051,-1.42300282236,0.318939913518,-1.3872345358,-0.00412178299375,0.0357682865568,4.35150687833,-1.00511914307,-0.315772526466,0.321952940973,-1.38710899299,-0.00105157358918,0.0544323530488,-0.00105157358918,0.0544323530488,-0.00427238079593,4,0
3710,7.42,1,-0.169200971723,0,-0.422052890062,0,0,-0.422052890062,0,-0.422052890062,0,-0.146832147482,1.03157341018,-0.169200973467,0.993796012588,0.022368825985,0.0377773975905,-6.11235068646,2.73306827742,-0.422052884837,-4.70158017996e-05,-0.00416299276955,-0.169079333907,1.02418360091,-1.21722707349e-05,0.00304306768373,-0.169126349709,-0.144787124696,1.01338218966,1.02002060814,-0.197640800549,1.02945638297,-0.02851445084,0.00943577482974,-1.54718904357,-0.422052884837,-3.37455522665,-0.146832147482,1.03157341018,0.022368825985,0.0377773975905,0.022368825985,0.0377773975905,-0.00472718239114,4,0
3710,7.42,2,0.308941245079,0,-0.00511914305389,0,0,-0.00511914305389,0,-0.00511914305389,0,0.308540183045,-1.28946675511,0.308941250919,-1.37179481745,-0.000401067873421,0.0823280623412,0.341594155422,0.381010516495,-0.00511914307277,-1.2262342083e-05,-0.000708074298278,0.308948539392,-1.37446704022,1.52153385225e-05,-0.00380383463063,0.30893627705,0.305983904579,-1.26672772931,-1.37517511452,0.311388982029,-1.28934805516,0.00245270497906,0.0858270593665,8.41694061577,-0.00511914307277,0.72345989432,0.308540183045,-1.28946675511,-0.000401067873421,0.0823280623412,-0.000401067873421,0.0823280623412,-0.000855222403274,4,0
3715,7.43,1,-0.159726902843,0,-1.42205286026,0,0,-1.42205286026,0,-1.42205286026,0,-0.13697493865,0.940182024055,-0.159726909575,0.91092218818,0.022751970926,0.0292598358752,-5.66071609127,2.59099886892,-1.42205288484,-0.000108365822064,-0.00933749791602,-0.159463078028,0.973635872995,-1.1400977074e-05,0.0028502442685,-0.15957144385,-0.135111934434,0.922951375135,0.964298375078,-0.183977322318,0.938223591402,-0.0244058784682,-0.0260747836765,-2.63837552528,-1.42205288484,-3.05907933457,-0.13697493865,0.940182024055,0.022751970926,0.0292598358752,0.022751970926,0.0292598358752,-0.0106378877808,4,0
3715,7.43,2,0.296059817076,0,0.728726387024,0,0,0.728726387024,0,0.728726387024,0,0.296218672085,-1.17522752172,0.296059810033,-1.22210993684,0.000158862052131,0.0468824151245,0.279409214711,0.455991981546,0.728726360595,6.59258362869e-05,0.00588372562653,0.295886059211,-1.26590915475,1.4251221427e-05,-0.00356280535674,0.295951985047,0.293889916832,-1.15368921044,-1.26002542913,0.298487519605,-1.1751329864,0.00253553455817,0.0848924427229,11.1278198503,0.728726360595,0.728726360595,0.296218672085,-1.17522752172,0.000158862052131,0.0468824151245,0.000158862052131,0.0468824151245,0.00667483566197,4,0
3720,7.44,1,-0.151218235493,0,-1.22205293179,0,0,-1.22205293179,0,-1.22205293179,0,-0.127973758473,0.865153491089,-0.151218241516,0.814131426458,0.0232444830433,0.051022064631,-2.81581940682,2.7097306297,-1.22205288484,-0.000153786722738,-0.0127955888082,-0.150875019733,0.889324105534,-6.83394314852e-06,0.00170848578713,-0.151028806455,-0.126254328828,0.85458936519,0.876528516726,-0.151276455546,0.864182545378,-0.000247649090853,-0.0123459713481,-2.48765803779,-1.22205288484,-0.0914477476429,-0.127973758473,0.865153491089,0.0232444830433,0.051022064631,0.0232444830433,0.051022064631,-0.014641029481,4,0
3720,7.44,2,0.284814119339,0,-0.186579406261,0,0,-0.186579406261,0,-0.186579406261,0,0.284967196951,-1.08144185498,0.28481411953,-1.06927795622,0.000153077420477,-0.0121638987593,-0.541952012579,0.219489834218,-0.18657940403,0.000122756842041,0.0101956771009,0.284541984818,-1.12827657194,8.5424289783e-06,-0.00213560724458,0.28466474166,0.282817909912,-1.06823669754,-1.11808089484,0.280361686198,-1.08163375126,-0.00430305546212,0.0364471435778,7.10740812621,-0.18657940403,-0.334130937566,0.284967196951,-1.08144185498,0.000153077420477,-0.0121638987593,0.000153077420477,-0.0121638987593,0.0116687592054,4,0
3725,7.45,1,-0.143428698182,0,-0.222052887082,0,0,-0.222052887082,0,-0.222052887082,0,-0.119524489315,0.834277106778,-0.14342870483,0.762164067322,0.0239042155145,0.072113039456,0.9319524385,3.02286295922,-0.222052884837,-0.00011295957482,-0.00909059392791,-0.143195466626,0.809609594112,-1.82373612947e-06,0.00045593403237,-0.143308426201,-0.117857320363,0.832216673975,0.800519000184,-0.111684778696,0.834603761387,0.0316236475044,0.034084761203,-1.53961264297,-0.222052884837,3.96526150655,-0.119524489315,0.834277106778,0.0239042155145,0.072113039456,0.0239042155145,0.072113039456,-0.0104461088257,4,0
3725,7.45,2,0.274569958448,0,-1.18657934666,0,0,-1.18657934666,0,-1.18657934666,0,0.274405610593,-1.04284637441,0.274569946355,-1.0069749848,-0.000164335761854,-0.0358713896115,-1.68516170618,-0.102629221496,-1.18657940403,6.95479042222e-05,0.0053829236893,0.274440216032,-1.03020313404,2.27967017202e-06,-0.000569917543009,0.274509763937,0.272321649421,-1.04027083339,-1.02482021035,0.260335211663,-1.04343264103,-0.0141745522736,-0.0186124306773,2.92199996281,-1.18657940403,-1.79400842621,0.274405610593,-1.04284637441,-0.000164335761854,-0.0358713896115,-0.000164335761854,-0.0358713896115,0.00621749853997,4,0
3730,7.46,1,-0.135919079185,0,-0.422052890062,0,0,-0.422052890062,0,-0.422052890062,0,-0.111337744933,0.789569434508,-0.135919079056,0.741804322111,0.0245813341227,0.0477651123975,-5.39030275152,3.09760997282,-0.422052884837,-4.49151519554e-05,-0.0036260095029,-0.135823732595,0.762415116976,-1.17622942915e-05,0.00294057357288,-0.135868647747,-0.109775554853,0.772273319193,0.758789107473,-0.156144436872,0.787702489011,-0.0202757891255,0.0289133815378,-1.81511949628,-0.422052884837,-2.28852778737,-0.111337744933,0.789569434508,0.0245813341227,0.0477651123975,0.0245813341227,0.0477651123975,-0.00416499132636,4,0
3730,7.46,2,0.264534264803,0,-0.543804109097,0,0,-0.543804109097,0,-0.543804109097,0,0.264172180207,-0.986961783833,0.264534277094,-0.995595054109,-0.000362096886644,0.0086332702766,0.317705006188,-0.0481982521169,-0.543804107083,-1.67185737108e-05,-0.00153245092663,0.26457858453,-0.985142140463,1.47028679237e-05,-0.00367571698092,0.264561865956,0.262219442626,-0.965341639601,-0.98667459139,0.266829550717,-0.986851060062,0.00226768476034,-0.000176468671788,5.51999413565,-0.543804107083,0.271239827882,0.264172180207,-0.986961783833,-0.000362096886644,0.0086332702766,-0.000362096886644,0.0086332702766,-0.00173307381116,4,0
3735,7.47,1,-0.128812462091,0,-1.42205286026,0,0,-1.42205286026,0,-1.42205286026,0,-0.10392323803,0.687615338592,-0.128812457542,0.684065551792,0.0248892195117,0.00354978679918,-7.91762752168,2.83609469986,-1.42205288484,-6.07342910994e-05,-0.00528910237189,-0.128661087455,0.720851510163,-1.55817113596e-05,0.00389542783991,-0.128721821746,-0.102571258878,0.664303292807,0.715562407791,-0.169739054525,0.684873012904,-0.0410172327794,-0.0306893948872,-2.88040824699,-1.42205288484,-5.07551490796,-0.10392323803,0.687615338592,0.0248892195117,0.00354978679918,0.0248892195117,0.00354978679918,-0.00601791386508,4,0
3735,7.47,2,0.255031585693,0,0.456195890903,0,0,0.456195890903,0,0.456195890903,0,0.254904046674,-0.859519163448,0.255031591567,-0.909141318048,-0.000127544893096,0.0496221546003,1.19433503464,0.287464183203,0.456195892917,5.39653992393e-06,0.000746913729941,0.255000262858,-0.920197619187,1.94771392681e-05,-0.00486928481704,0.255005659398,0.253214072753,-0.830379106115,-0.919450705457,0.264832837211,-0.859105463842,0.00982717781299,0.0603452416145,9.42232294398,0.456195892917,1.48098754563,0.254904046674,-0.859519163448,-0.000127544893096,0.0496221546003,-0.000127544893096,0.0496221546003,0.000811672209029,4,0
3740,7.48,1,-0.122539505363,0,-2.42205286026,0,0,-2.42205286026,0,-2.42205286026,0,-0.097630121113,0.572051155104,-0.122539503502,0.583991285548,0.0249093823887,-0.0119401304444,-7.12754138332,2.61982970687,-2.42205288484,-0.000119492993013,-0.0102590383006,-0.122251015987,0.652113560849,-1.41027953805e-05,0.00352569884513,-0.12237050898,-0.0965075434823,0.550711718824,0.641854522548,-0.156826087248,0.569584656515,-0.0344555782672,-0.0722698660337,-3.90272021729,-2.42205288484,-4.49601872223,-0.097630121113,0.572051155104,0.0249093823887,-0.0119401304444,0.0249093823887,-0.0119401304444,-0.0116929542168,4,0
3740,7.48,2,0.24687089026,0,1.44534909725,0,0,1.44534909725,0,1.44534909725,0,0.247037650628,-0.715063933608,0.246870892929,-0.74392108922,0.000166757699006,0.0288571556123,1.05254593485,0.40094871439,1.44534913469,8.13817326422e-05,0.00716893375925,0.246662559277,-0.79537357941,1.76284942778e-05,-0.00440712356945,0.24674394101,0.24563442861,-0.688389638178,-0.78820464565,0.255725903691,-0.714701923064,0.00898196268133,0.0735027225867,13.0015715513,1.44534913469,1.44534913469,0.247037650628,-0.715063933608,0.000166757699006,0.0288571556123,0.000166757699006,0.0288571556123,0.00814551455095,4,0
3745,7.49,1,-0.117425225675,0,-2.22205281258,0,0,-2.22205281258,0,-2.22205281258,0,-0.0924019636278,0.48035715977,-0.117425225466,0.466750717302,0.0250232618387,0.0136064424682,-3.49725926852,2.69949684423,-2.22205288484,-0.000169557484424,-0.0141186943878,-0.117045807558,0.550098119268,-8.14635440087e-06,0.00203658860022,-0.117215365043,-0.0914542487744,0.467747660898,0.53597942488,-0.121360903393,0.47915053728,-0.00414553835073,-0.0568288875995,-3.68010761461,-2.22205288484,-0.781609040085,-0.0924019636278,0.48035715977,0.0250232618387,0.0136064424682,0.0250232618387,0.0136064424682,-0.0161533842009,4,0
3745,7.49,2,0.240578889847,0,0.466059535742,0,0,0.466059535742,0,0.466059535742,0,0.240502453876,-0.600446439126,0.240578886698,-0.563526428109,-7.6432822343e-05,-0.0369200110171,0.00554695970094,0.120013212547,0.466059528775,0.000145097454988,0.012070050369,0.240255482573,-0.634074159666,1.01829430248e-05,-0.00254573575619,0.240400580028,0.23931781033,-0.584684565498,-0.622004109297,0.240433704398,-0.600449303687,3.31243697518e-05,0.0215548056099,8.53704698318,0.466059528775,0.11174895242,0.240502453876,-0.600446439126,-7.6432822343e-05,-0.0369200110171,-7.6432822343e-05,-0.0369200110171,0.0138112198288,4,0
3750,7.5,1,-0.113223068416,0,-1.22205293179,0,0,-1.22205293179,0,-1.22205293179,0,-0.0878383125658,0.443857567968,-0.113223065624,0.396018952353,0.0253847530582,0.0478386156142,0.910648884826,3.04153212144,-1.22205288484,-0.00012984329862,-0.0104970391352,-0.112951865119,0.451889683266,-2.12859716049e-06,0.000532149290124,-0.113081708418,-0.0869522157139,0.441451978075,0.441392644131,-0.0801624383734,0.444177396059,0.0329192700445,0.00278475192793,-2.65656428504,-1.22205288484,3.96423616498,-0.0878383125658,0.443857567968,0.0253847530582,0.0478386156142,0.0253847530582,0.0478386156142,-0.0120551587186,4,0
3750,7.5,2,0.235536038876,0,-0.533940494061,0,0,-0.533940494061,0,-0.533940494061,0,0.234797890155,-0.554821949273,0.235536043417,-0.477594060934,-0.000738153262378,-0.0772278883387,-1.33469885625,-0.325058517355,-0.533940471225,9.34254709684e-05,0.0073719181532,0.235352625513,-0.51273802386,2.66074645583e-06,-0.000665186613959,0.235446050984,0.233690269111,-0.551814961901,-0.505366105707,0.223624023562,-0.555287527047,-0.0118220274226,-0.0499214213404,4.16262893764,-0.533940471225,-1.66825039741,0.234797890155,-0.554821949273,-0.000738153262378,-0.0772278883387,-0.000738153262378,-0.0772278883387,0.00849302380482,4,0
3755,7.51,1,-0.109466910362,0,-1.28033518791,0,0,-1.28033518791,0,-1.28033518791,0,-0.083580711997,0.392163111608,-0.10946691325,0.361847730061,0.025886201253,0.0303153815469,-6.40149342984,3.14482371828,-1.28033523287,-5.80401243662e-05,-0.00465352924296,-0.109345360457,0.387596423221,-1.34722096747e-05,0.00336805241866,-0.109403400581,-0.0828158245722,0.372339555133,0.382942893978,-0.136789530735,0.389946077494,-0.0273861301534,0.00700318351528,-2.71467283762,-1.28033523287,-3.25131970083,-0.083580711997,0.392163111608,0.025886201253,0.0303153815469,0.025886201253,0.0303153815469,-0.00535001073535,4,0
3755,7.51,2,0.23088696599,0,-0.0725078433752,0,0,-0.0725078433752,0,-0.0725078433752,0,0.229475889551,-0.490203878707,0.23088697098,-0.453746962494,-0.00141108142838,-0.0364569162131,0.985707579139,-0.366061262092,-0.0725078422088,2.30501509553e-06,-3.14554926108e-05,0.230892660518,-0.451017994364,1.68402621206e-05,-0.00421006553014,0.230894965533,0.228519780292,-0.465424433073,-0.451049449857,0.23767591485,-0.489862210986,0.00678094931673,-0.0388127611298,5.87223185526,-0.0725078422088,0.619650112358,0.229475889551,-0.490203878707,-0.00141108142838,-0.0364569162131,-0.00141108142838,-0.0364569162131,-3.79531146439e-06,4,0
3760,7.52,1,-0.106219127774,0,-2.28033518791,0,0,-2.28033518791,0,-2.28033518791,0,-0.0802076881877,0.276348686766,-0.10621912408,0.294278331652,0.0260114358919,-0.017929644886,-9.14174551198,2.85225736189,-2.28033523287,-6.64855111227e-05,-0.00575585723709,-0.106055665242,0.333600173198,-1.74659055123e-05,0.00436647637807,-0.106122150753,-0.079681093807,0.250197761181,0.327844315961,-0.15620235158,0.273182242458,-0.0500802008267,-0.0546620735029,-3.70676592107,-2.28033523287,-6.28293446672,-0.0802076881877,0.276348686766,0.0260114358919,-0.017929644886,0.0260114358919,-0.017929644886,-0.00655368337056,4,0
3760,7.52,2,0.226837724447,0,0.927492141724,0,0,0.927492141724,0,0.927492141724,0,0.225259609899,-0.345435847443,0.226837720149,-0.361534229397,-0.00157811025079,0.0160983819548,1.94461676812,-0.0333823139021,0.927492157791,1.5520700258e-05,0.00157788204599,0.226784492293,-0.377306940979,2.1832381917e-05,-0.00545809547926,0.226800012993,0.224601366945,-0.312747190421,-0.375729058933,0.24142198886,-0.344762414986,0.0146219758669,0.0309666439472,9.64255503521,0.927492157791,1.90947032376,0.225259609899,-0.345435847443,-0.00157811025079,0.0160983819548,-0.00157811025079,0.0160983819548,0.00176413044908,4,0
3765,7.53,1,-0.10390111059,0,-3.28033518791,0,0,-3.28033518791,0,-3.28033518791,0,-0.0780946773159,0.147923933376,-0.103901111404,0.184743805689,0.0258064340882,-0.0368198723129,-8.09025537274,2.59404465084,-3.28033523287,-0.00012361556235,-0.0106012070892,-0.103603443724,0.254893377597,-1.54241338153e-05,0.00385603345382,-0.103727059287,-0.0778224119903,0.12456456244,0.244292170508,-0.145296098007,0.145123874181,-0.0415690387202,-0.0991682963276,-4.65650580732,-3.28033523287,-5.48412612806,-0.0780946773159,0.147923933376,0.0258064340882,-0.0368198723129,0.0258064340882,-0.0368198723129,-0.0120845938374,4,0
3765,7.53,2,0.224184796214,0,1.82690167427,0,0,1.82690167427,0,1.82690167427,0,0.22261834642,-0.184904905535,0.224184794074,-0.191111196159,-0.00156644765443,0.00620629062403,1.73661958408,0.0992576874571,1.82690168331,9.00811654335e-05,0.00789461424689,0.22395684874,-0.246937060937,1.92801672838e-05,-0.00482004182094,0.224046929906,0.222278014785,-0.155705691842,-0.23904244669,0.236990428188,-0.184306068795,0.0129434982819,0.0547363778952,12.7412109494,1.82690168331,1.82690168331,0.22261834642,-0.184904905535,-0.00156644765443,0.00620629062403,-0.00156644765443,0.00620629062403,0.00897558823209,4,0
3770,7.54,1,-0.10282163322,0,-3.08033514023,0,0,-3.08033514023,0,-3.08033514023,0,-0.0771513110031,0.048540122808,-0.102821636931,0.0605310333515,0.0256703259279,-0.0119909105435,-4.02963312082,2.64729555103,-3.08033523287,-0.000170917439453,-0.0142224112267,-0.102439749287,0.144327961188,-8.66134372547e-06,0.00216533593137,-0.102610666726,-0.0770680798744,0.0351195565666,0.130105549962,-0.11053801215,0.0471490102602,-0.00792734542317,-0.0829565397016,-4.36158589438,-3.08033523287,-1.36606414929,-0.0771513110031,0.048540122808,0.0256703259279,-0.0119909105435,0.0256703259279,-0.0119909105435,-0.0162734205001,4,0
3770,7.54,2,0.223408341408,0,0.830895066261,0,0,0.830895066261,0,0.830895066261,0,0.221439138641,-0.0606751422514,0.223408342932,-0.013008337594,-0.00196920429088,-0.0476668046574,0.566010492082,-0.150070894237,0.830895068969,0.000150566851526,0.0125141153798,0.223073352875,-0.0860098248216,1.08266796592e-05,-0.0027066699148,0.223223919726,0.221335099753,-0.0438994344457,-0.0734957094418,0.226028583975,-0.0604839153625,0.00280466424876,0.0130117940793,8.11256709361,0.830895068969,0.401618680247,0.221439138641,-0.0606751422514,-0.00196920429088,-0.0476668046574,-0.00196920429088,-0.0476668046574,0.0143209175981,4,0
3775,7.55,1,-0.102721892297,0,-2.08033514023,0,0,-2.08033514023,0,-2.08033514023,0,-0.07692,0.00999015786696,-0.102721888747,-0.01687865445,0.0258018887468,0.026868812317,0.607243649994,2.98545623007,-2.08033523287,-0.000130325796238,-0.010538510892,-0.102449521724,0.0392737632188,-2.22509627064e-06,0.00055627406766,-0.10257984752,-0.076901712582,0.00747488678347,0.0287352523269,-0.0717677276636,0.010204835881,0.0308121198562,-0.0185304164459,-3.26627605261,-2.08033523287,3.60480230051,-0.07692,0.00999015786696,0.0258018887468,0.026868812317,0.0258018887468,0.026868812317,-0.0121024204468,4,0
3775,7.55,2,0.223853930831,0,-0.169104933739,0,0,-0.169104933739,0,-0.169104933739,0,0.22115,-0.0124876860709,0.223853925273,0.0701036659846,-0.00270392527307,-0.0825913520555,-0.840501775711,-0.577643726951,-0.169104931031,9.78346533813e-05,0.00774104688032,0.223660476425,0.0327005465563,2.78137033796e-06,-0.000695342584493,0.223758311078,0.22112714075,-0.0093435972169,0.0404415934366,0.214083794065,-0.0127821113182,-0.0096745170134,-0.0532237047548,3.64984318958,-0.169104931031,-1.42706056538,0.22115,-0.0124876860709,-0.00270392527307,-0.0825913520555,-0.00270392527307,-0.0825913520555,0.00891506272089,4,0
3780,7.56,1,-0.103122718632,0,-1.88033521175,0,0,-1.88033521175,0,-1.88033521175,0,-0.0770083068525,-0.0436308690182,-0.103122718962,-0.0540977650643,0.0261144121095,0.0104668960462,-6.97872806592,3.08129812648,-1.88033523287,-5.71466123485e-05,-0.00452146535409,-0.103006015202,-0.030052509888,-1.38633713084e-05,0.00346584282711,-0.103063161814,-0.0771155945932,-0.0640413988265,-0.0345739752421,-0.135020265324,-0.0460480339545,-0.0319571035098,-0.0114740587123,-2.99664641806,-1.88033523287,-3.89222271474,-0.0770083068525,-0.0436308690182,0.0261144121095,0.0104668960462,0.0261144121095,0.0104668960462,-0.00520722470227,4,0
3780,7.56,2,0.224647596478,0,0.228204488754,0,0,0.228204488754,0,0.228204488754,0,0.221260383678,0.0545385975174,0.224647596771,0.0863456492428,-0.00338721309253,-0.0318070517254,1.56992517215,-0.58200311691,0.228204491011,4.96641160224e-06,0.000116896428715,0.224650887853,0.0893310303863,1.73292141281e-05,-0.00433230353202,0.224655854265,0.221394493377,0.0800517597671,0.089447926815,0.234318951543,0.0550827045118,0.00966309727821,-0.0343652223032,5.02607202403,0.228204491011,0.987745561869,0.221260383678,0.0545385975174,-0.00338721309253,-0.0318070517254,-0.00338721309253,-0.0318070517254,0.000176493367942,4,0
3785,7.57,1,-0.104026161134,0,-2.88033533096,0,0,-2.88033533096,0,-2.88033533096,0,-0.0780069412082,-0.161968899955,-0.104026162096,-0.12033397477,0.0260192208879,-0.0416349251845,-9.66341826432,2.75138386884,-2.88033523287,-5.94217580241e-05,-0.00516041280986,-0.103879082986,-0.0847277360496,-1.76404151413e-05,0.00441010378531,-0.103938504744,-0.0783572783266,-0.188398870541,-0.0898881488595,-0.158347001856,-0.165316402482,-0.0544084971122,-0.0754282536224,-3.92269193271,-2.88033523287,-6.90616092157,-0.0780069412082,-0.161968899955,0.0260192208879,-0.0416349251845,0.0260192208879,-0.0416349251845,-0.00587347390614,4,0
3785,7.57,2,0.225927382708,0,1.22820448875,0,0,1.22820448875,0,1.22820448875,0,0.222508676735,0.202461136103,0.225927377863,0.166677654281,-0.00341870112821,0.0357834818222,2.51693309335,-0.167899258781,1.22820449101,1.05689879067e-05,0.00115801705607,0.225885822591,0.153577814556,2.20505189087e-05,-0.00551262972718,0.225896391579,0.222946598155,0.23549859931,0.154735831612,0.243436079842,0.203333111233,0.017539688263,0.0485972796205,8.74036505247,1.22820449101,2.34774898966,0.222508676735,0.202461136103,-0.00341870112821,0.0357834818222,-0.00341870112821,0.0357834818222,0.00128484491095,4,0
3790,7.58,1,-0.105847597122,0,-3.88033533096,0,0,-3.88033533096,0,-3.88033533096,0,-0.0802808726083,-0.290683113597,-0.105847595518,-0.228785260787,0.0255667229101,-0.0618978528099,-8.45326437266,2.45586245905,-3.88033523287,-0.000116182046902,-0.00998604901038,-0.105566378274,-0.162229051282,-1.52356505659e-05,0.00380891264147,-0.105682560321,-0.0808855708149,-0.313775841208,-0.172215100292,-0.150507985031,-0.293609243281,-0.0448254247091,-0.121394142989,-4.80810313367,-3.88033523287,-5.98602168004,-0.0802808726083,-0.290683113597,0.0255667229101,-0.0618978528099,0.0255667229101,-0.0618978528099,-0.0113802335732,4,0
3790,7.58,2,0.228488877416,0,2.22820448875,0,0,2.22820448875,0,2.22820448875,0,0.225351091096,0.363353903,0.228488883784,0.325899616183,-0.00313779268849,0.0374542868174,2.26286253042,0.0561677861602,2.22820449101,8.48793044854e-05,0.00746702282287,0.228272267492,0.272507986128,1.90445631831e-05,-0.00476114079579,0.228357146797,0.226106963876,0.392219812478,0.279975008951,0.244105006847,0.364135316156,0.0157478600506,0.0841603072058,12.1930036126,2.22820449101,2.3105447421,0.225351091096,0.363353903,-0.00313779268849,0.0374542868174,-0.00313779268849,0.0374542868174,0.00848557447669,4,0
3795,7.59,1,-0.108917459846,0,-3.68033528328,0,0,-3.68033528328,0,-3.68033528328,0,-0.0837146407356,-0.388028359574,-0.10891745745,-0.35557228606,0.0252028167147,-0.032456073514,-4.35967686664,2.48834102606,-3.68033523287,-0.000169405153699,-0.0141273983905,-0.108537093541,-0.271764575385,-8.32850037909e-06,0.00208212509477,-0.108706498694,-0.0845040405743,-0.400946294654,-0.285891973776,-0.119847881136,-0.389533911257,-0.0111413824412,-0.103641937481,-4.44811834705,-3.68033523287,-1.85517558035,-0.0837146407356,-0.388028359574,0.0252028167147,-0.032456073514,0.0252028167147,-0.032456073514,-0.0161602602349,4,0
3795,7.59,2,0.232881858945,0,1.32107234001,0,0,1.32107234001,0,1.32107234001,0,0.229643301364,0.485035460295,0.232881863596,0.50465284952,-0.00323856223216,-0.019617389225,1.08310333627,-0.151480005999,1.32107238186,0.000153119738083,0.0127665080979,0.232538732752,0.429399726374,1.04106254546e-05,-0.00260265636366,0.23269185249,0.230630051184,0.501182879115,0.442166234472,0.238532031136,0.485405824036,0.00584017864579,0.043239589564,7.84009611237,1.32107238186,0.917019385315,0.229643301364,0.485035460295,-0.00323856223216,-0.019617389225,-0.00323856223216,-0.019617389225,0.0146039449549,4,0
3800,7.6,1,-0.112995997071,0,-2.68033528328,0,0,-2.68033528328,0,-2.68033528328,0,-0.0878383121239,-0.424855158491,-0.112995998593,-0.435851418659,0.0251576864689,0.0109962601681,0.0523123902872,2.82001949044,-2.68033523287,-0.000133432573677,-0.0108104868886,-0.112715778301,-0.377786999676,-2.10378745491e-06,0.000525946863726,-0.112849210875,-0.0886896242398,-0.427233898507,-0.388597486565,-0.0872998796687,-0.424832723806,0.0255493312059,-0.0362352372407,-3.28536144874,-2.68033523287,2.8847435585,-0.0878383121239,-0.424855158491,0.0251576864689,0.0109962601681,0.0251576864689,0.0109962601681,-0.0124116777727,4,0
3800,7.6,2,0.238513708115,0,0.321072369814,0,0,0.321072369814,0,0.321072369814,0,0.234797890707,0.53106895885,0.238513708692,0.589344953945,-0.00371581798457,-0.0582759950948,-0.2520360261,-0.556685473793,0.321072381865,0.000106156718169,0.00845037708732,0.238300487011,0.547345604006,2.62973431281e-06,-0.000657433578202,0.238406643729,0.235862030874,0.534042383863,0.555795981093,0.232620335487,0.530978227383,-0.00578630824206,-0.0248177537103,3.28506214329,0.321072381865,-0.818445757598,0.234797890707,0.53106895885,-0.00371581798457,-0.0582759950948,-0.00371581798457,-0.0582759950948,0.00972425770536,4,0
3805,7.61,1,-0.117606773973,0,-2.4803352356,0,0,-2.4803352356,0,-2.4803352356,0,-0.0922638823078,-0.47515395619,-0.11760677112,-0.476691783488,0.0253428888119,0.00153782729799,-7.06495022065,2.92688906063,-2.48033523287,-6.36208084967e-05,-0.00508481573201,-0.117474215845,-0.448872048281,-1.28974895668e-05,0.00322437239169,-0.117537836654,-0.0932328431424,-0.494153534466,-0.453956864013,-0.150987780722,-0.477600785291,-0.0334499440684,-0.0236439212776,-2.94704470813,-2.48033523287,-4.13221289459,-0.0922638823078,-0.47515395619,0.0253428888119,0.00153782729799,0.0253428888119,0.00153782729799,-0.00584826543397,4,0
3805,7.61,2,0.244518816471,0,0.783660650253,0,0,0.783660650253,0,0.783660650253,0,0.240329853544,0.593942455824,0.244518821669,0.609587173263,-0.00418896812473,-0.0156447174391,2.01249679259,-0.566024803975,0.783660661604,1.74769017429e-05,0.00118984080934,0.244492339518,0.60563846679,1.6121861917e-05,-0.00403046547926,0.24450981642,0.241541054608,0.617691928608,0.6068283076,0.257059951809,0.594639543252,0.0125501353894,-0.0121887643477,4.819988827,0.783660661604,1.44507242498,0.240329853544,0.593942455824,-0.00418896812473,-0.0156447174391,-0.00418896812473,-0.0156447174391,0.00139956363025,4,0
3810,7.62,1,-0.122759796679,0,-3.4803352356,0,0,-3.4803352356,0,-3.4803352356,0,-0.0975364215399,-0.584431842244,-0.122759800219,-0.546826717951,0.0252233786792,-0.0376051242935,-9.43139105623,2.65329177196,-3.48033523287,-6.90619532851e-05,-0.00597240771128,-0.122590459042,-0.506163402006,-1.60881580282e-05,0.00402203950706,-0.122659520995,-0.0987293967192,-0.608553708161,-0.512135809718,-0.175938555932,-0.587698597844,-0.0532790349374,-0.0755627881262,-3.80291461492,-3.48033523287,-6.77129813311,-0.0975364215399,-0.584431842244,0.0252233786792,-0.0376051242935,0.0252233786792,-0.0376051242935,-0.0068011511507,4,0
3810,7.62,2,0.251062452793,0,1.78366065025,0,0,1.78366065025,0,1.78366065025,0,0.246920527688,0.730539813018,0.25106244215,0.695059680948,-0.00414191446137,0.0354801320696,2.85503284327,-0.218080023529,1.7836606616,2.70036339433e-05,0.00253774397278,0.250983236754,0.673464968954,2.01101974746e-05,-0.00502754936865,0.251010240388,0.248411746683,0.760692145324,0.676002712927,0.270647427285,0.731528433835,0.0196371868968,0.0555257209078,8.42341277759,1.7836606616,2.63409103216,0.246920527688,0.730539813018,-0.00414191446137,0.0354801320696,-0.00414191446137,0.0354801320696,0.0028617875801,4,0
3815,7.63,1,-0.128867849708,0,-4.4803352356,0,0,-4.4803352356,0,-4.4803352356,0,-0.103974706963,-0.700836072103,-0.128867851009,-0.658847265457,0.0248931440458,-0.041988806646,-8.1812228034,2.44873761602,-4.48033523287,-0.000127411049314,-0.010927230859,-0.128561012274,-0.586527171813,-1.35557956861e-05,0.00338894892154,-0.128688423323,-0.105397176628,-0.721401679314,-0.597454402672,-0.17192978473,-0.703667533676,-0.0432413614076,-0.106213131004,-4.61737310485,-4.48033523287,-5.72002902393,-0.103974706963,-0.700836072103,0.0248931440458,-0.041988806646,0.0248931440458,-0.041988806646,-0.0124561634508,4,0
3815,7.63,2,0.258934646845,0,2.46765804291,0,0,2.46765804291,0,2.46765804291,0,0.254968384567,0.876045099874,0.258934638918,0.85865107794,-0.00396625435093,0.0173940219337,2.57998961785,-0.102103830523,2.46765804342,0.000103096262894,0.00899058874721,0.258676676282,0.796001965765,1.69447445469e-05,-0.00423618613672,0.258779772545,0.256746471668,0.901752108796,0.804992554513,0.276345953016,0.876935831893,0.017566180471,0.0719432773801,10.5012620778,2.46765804342,2.46765804342,0.254968384567,0.876045099874,-0.00396625435093,0.0173940219337,-0.00396625435093,0.0173940219337,0.0102277439019,4,0
3820,7.64,1,-0.136188179255,0,-3.88033533096,0,0,-3.88033533096,0,-3.88033533096,0,-0.111449488382,-0.786613922568,-0.136188184813,-0.775064949098,0.0247386964309,-0.0115489734697,-4.45563425614,2.55408373779,-3.88033523287,-0.000167151510817,-0.0138296592102,-0.135818634312,-0.694729872321,-7.18040538755e-06,0.00179510134689,-0.135985785823,-0.113034247231,-0.797764728996,-0.708559531531,-0.148383689661,-0.788152847621,-0.012397903838,-0.0795933160902,-3.79412167247,-3.88033523287,-1.88571504101,-0.111449488382,-0.786613922568,0.0247386964309,-0.0115489734697,0.0247386964309,-0.0115489734697,-0.01583547734,4,0
3820,7.64,2,0.268510520458,0,1.47649908066,0,0,1.47649908066,0,1.47649908066,0,0.264311861435,0.983267412547,0.268510517181,1.01114354075,-0.00419865574511,-0.0278761282049,1.50688072075,-0.322488811393,1.4764991005,0.000153449316137,0.0126527186867,0.268174031822,0.938737583284,8.9755066956e-06,-0.00224387667389,0.268327481138,0.266292810016,0.997205920522,0.95139030197,0.276726862699,0.983784704266,0.00839938156162,0.032394402296,5.78031428633,1.4764991005,1.16989779887,0.264311861435,0.983267412547,-0.00419865574511,-0.0278761282049,-0.00419865574511,-0.0278761282049,0.0144941104804,4,0
3825,7.65,1,-0.144376754761,0,-2.88033533096,0,0,-2.88033533096,0,-2.88033533096,0,-0.119524488475,-0.818112691796,-0.144376748175,-0.841350372904,0.0248522597002,0.023237681108,-0.700700594142,2.8761156493,-2.88033523287,-0.000120034110299,-0.00968174566024,-0.144127511573,-0.790300702985,-1.77654526465e-06,0.000444136316164,-0.144247545683,-0.121162067763,-0.820122053098,-0.799982448646,-0.125261016218,-0.818351713786,0.0189865294653,-0.0183692651402,-2.57713959663,-2.88033523287,2.18653721014,-0.119524488475,-0.818112691796,0.0248522597002,0.023237681108,0.0248522597002,0.023237681108,-0.0111221549838,4,0
3825,7.65,2,0.279034912586,0,0.47649911046,0,0,0.47649911046,0,0.47649911046,0,0.274405611644,1.0226408739,0.279034919971,1.0674327336,-0.00462930832746,-0.0447918596953,0.374185373009,-0.631722270419,0.476499100497,9.23177558439e-05,0.00728253816367,0.278853843822,1.03272959142,2.22068157008e-06,-0.000555170392523,0.278946161578,0.276452585773,1.02515257552,1.04001212958,0.277448620491,1.02276766594,-0.00149754108704,-0.01724446364,1.23514371471,0.476499100497,-0.265927248644,0.274405611644,1.0226408739,-0.00462930832746,-0.0447918596953,-0.00462930832746,-0.0447918596953,0.0083903512338,4,0
3830,7.66,1,-0.152971163392,0,-2.68033528328,0,0,-2.68033528328,0,-2.68033528328,0,-0.127854116346,-0.860165663538,-0.1529711569,-0.870973499704,0.0251170405546,0.0108078361657,-6.65287461287,2.96883762929,-2.68033523287,-5.15641115648e-05,-0.00411929573887,-0.152863755344,-0.848345019018,-1.06691116842e-05,0.00266727792105,-0.152915319455,-0.129589901636,-0.875894479182,-0.852464314757,-0.183159238407,-0.862470043624,-0.0302439189514,-0.0100057288672,-2.18837498165,-2.68033523287,-3.6792989185,-0.127854116346,-0.860165663538,0.0251170405546,0.0108078361657,0.0251170405546,0.0108078361657,-0.00473806507765,4,0
3830,7.66,2,0.289684534073,0,1.0764991045,0,0,1.0764991045,0,1.0764991045,0,0.284817646573,1.07520708831,0.289684542557,1.06700534201,-0.00486689598334,0.0082017463041,2.27157616082,-0.549271861305,1.0764991005,5.58765892784e-06,0.000250026330466,0.289682267757,1.06792642201,1.33363895339e-05,-0.00333409738349,0.289687855416,0.286987378204,1.09486810776,1.06817644834,0.303712002893,1.07599435316,0.0140241474765,0.00781790481987,3.32522395803,1.0764991005,1.72198722127,0.284817646573,1.07520708831,-0.00486689598334,0.0082017463041,-0.00486689598334,0.0082017463041,0.000317078237601,4,0
3835,7.67,1,-0.1620092839,0,-3.68033528328,0,0,-3.68033528328,0,-3.68033528328,0,-0.136884447578,-0.949686523839,-0.162009288291,-0.931539863216,0.0251248407129,-0.0181466606227,-8.46973475444,2.75210118723,-3.68033523287,-6.21161157427e-05,-0.00540905752888,-0.161854556029,-0.893924314153,-1.29610799146e-05,0.00324026997866,-0.161916672145,-0.138803284096,-0.969139068784,-0.899333371682,-0.207292048023,-0.952620173857,-0.0453753758785,-0.0532868021752,-2.99380000683,-3.68033523287,-5.71147911629,-0.136884447578,-0.949686523839,0.0251248407129,-0.0181466606227,0.0251248407129,-0.0181466606227,-0.00615445091779,4,0
3835,7.67,2,0.30070579052,0,2.07649898529,0,0,2.07649898529,0,2.07649898529,0,0.2961055607,1.18710816306,0.300705776767,1.13647504425,-0.00460021606765,0.0506331188103,2.92762737765,-0.207367528214,2.0764991005,2.14179272844e-05,0.00208959559711,0.300637996717,1.11719957844,1.62013497957e-05,-0.00405033744893,0.300659414644,0.298504106363,1.2114238441,1.11928917404,0.320440652002,1.1881221252,0.0197812373574,0.0688329511651,6.91803163274,2.0764991005,2.71791323871,0.2961055607,1.18710816306,-0.00460021606765,0.0506331188103,-0.00460021606765,0.0506331188103,0.00234661072452,4,0
3840,7.68,1,-0.171906933188,0,-4.6453127861,0,0,-4.6453127861,0,-4.6453127861,0,-0.146856862789,-1.04238631286,-0.171906931936,-1.0333781132,0.0250500691468,-0.00900819965611,-7.30221838002,2.64481863216,-4.64531274577,-0.000123425918076,-0.0106058910672,-0.171610247943,-0.963700682481,-1.05490050759e-05,0.00263725126896,-0.171733673861,-0.148957862671,-1.05841169475,-0.974306573548,-0.207502669746,-1.04491322148,-0.0357689958842,-0.0706066479339,-3.72344998826,-4.64531274577,-4.64531274577,-0.146856862789,-1.04238631286,0.0250500691468,-0.00900819965611,0.0250500691468,-0.00900819965611,-0.0120870020841,4,0
3840,7.68,2,0.312893003225,0,2.51379084587,0,0,2.51379084587,0,2.51379084587,0,0.308571079792,1.30298289861,0.312893007769,1.28155003655,-0.00432192797712,0.0214328620614,2.65901861595,-0.135225402737,2.51379076605,0.000100627588195,0.00879491610682,0.312642431477,1.22110556051,1.31862562535e-05,-0.00329656406336,0.312743059065,0.311197329659,1.32301462583,1.22990047661,0.330607956066,1.30390110179,0.0178648970015,0.0740006251734,8.00273669291,2.51379076605,2.51379076605,0.308571079792,1.30298289861,-0.00432192797712,0.0214328620614,-0.00432192797712,0.0214328620614,0.0100024471652,4,0
3845,7.69,1,-0.182846114039,0,-3.6453127861,0,0,-3.6453127861,0,-3.6453127861,0,-0.157640973813,-1.10820023416,-0.182846117768,-1.12744193604,0.0252051439542,0.019241701879,-4.3095546558,2.8052191557,-3.64531274577,-0.000151282057595,-0.0124573121532,-0.182515156686,-1.05617559482,-5.32944228784e-06,0.00133236057196,-0.182666438744,-0.159865964437,-1.11649239331,-1.06863290697,-0.193372955448,-1.10968906673,-0.010706516704,-0.0410561597535,-2.46108837574,-3.64531274577,-1.49006280325,-0.157640973813,-1.10820023416,0.0252051439542,0.019241701879,0.0252051439542,0.019241701879,-0.0142726968444,4,0
3845,7.69,2,0.326485097408,0,1.55428266525,0,0,1.55428266525,0,1.55428266525,0,0.322051218645,1.38525029963,0.326485108544,1.39822112524,-0.0044338898985,-0.0129708256123,1.79808615206,-0.32473541619,1.55428268812,0.000135031968213,0.0110539722945,0.326193774821,1.33648129511,6.66180280501e-06,-0.00166545070126,0.32632880679,0.324832456938,1.39561549849,1.3475352674,0.336903864436,1.38586915987,0.0105750576468,0.0383338924698,3.44747899084,1.55428268812,1.46067637996,0.322051218645,1.38525029963,-0.0044338898985,-0.0129708256123,-0.0044338898985,-0.0129708256123,0.0126743559131,4,0
3850,7.7,1,-0.194422841072,0,-2.6453127861,0,0,-2.6453127861,0,-2.6453127861,0,-0.16887686534,-1.1312876547,-0.194422833815,-1.17135282769,0.0255459684745,0.0400651729874,-1.57940311558,3.08865913674,-2.64531274577,-9.96051381413e-05,-0.00798202346141,-0.194219405758,-1.13042596524,-1.27540244624e-06,0.000318850611561,-0.194319010896,-0.17114041413,-1.132730947,-1.13840798871,-0.181939402578,-1.13183192709,0.0123796083182,0.00657606161813,-1.21173989801,-2.64531274577,1.51843330628,-0.16887686534,-1.1312876547,0.0255459684745,0.0400651729874,0.0255459684745,0.0400651729874,-0.0091772851191,4,0
3850,7.7,2,0.340675711632,0,0.554282665253,0,0,0.554282665253,0,0.554282665253,0,0.336096083121,1.41410957506,0.340675708035,1.42085506008,-0.00457962491402,-0.00674548502017,0.979173258348,-0.488901179289,0.55428268812,6.81133461953e-05,0.00526958973018,0.34054885039,1.39811908643,1.59425304319e-06,-0.000398563260801,0.340616963736,0.338925519123,1.41591369042,1.40338867616,0.344191081875,1.41444686668,0.00357411813807,0.0110581905211,-1.03607875488,0.55428268812,0.484185129174,0.336096083121,1.41410957506,-0.00457962491402,-0.00674548502017,-0.00457962491402,-0.00674548502017,0.00608694988452,4,0
3855,7.71,1,-0.206221416593,0,-2.24972748756,0,0,-2.24972748756,0,-2.24972748756,0,-0.180295188886,-1.16097836261,-0.20622141277,-1.18549305347,0.0259262238842,0.0245146908533,-5.78393436071,3.15186993722,-2.24972751519,-4.13980425248e-05,-0.00334578901178,-0.206133982385,-1.16688196406,-7.39636681393e-06,0.00184909170348,-0.206175380427,-0.182627887875,-1.17189676956,-1.17022775307,-0.228379141428,-1.16298186064,-0.0222037610011,0.00724589243169,-0.59831629205,-2.24972751519,-2.62822185797,-0.180295188886,-1.16097836261,0.0259262238842,0.0245146908533,0.0259262238842,0.0245146908533,-0.00384256552208,4,0
3855,7.71,2,0.354777306318,0,1.55428266525,0,0,1.55428266525,0,1.55428266525,0,0.350368987619,1.45122295959,0.354777310362,1.40984040218,-0.00440832274235,0.041382557415,2.32412489018,-0.345878150847,1.55428268812,-5.22240839149e-06,-0.000557378666312,0.354795713755,1.41483987898,9.24545842318e-06,-0.00231136460579,0.354790491347,0.353284861368,1.46487096814,1.41428250031,0.369708286928,1.45202876373,0.0149177955816,0.0377462634213,2.6569805089,1.55428268812,1.9788667869,0.350368987619,1.45122295959,-0.00440832274235,0.041382557415,-0.00440832274235,0.041382557415,-0.00062004756701,4,0
3860,7.72,1,-0.21829919517,0,-3.24972748756,0,0,-3.24972748756,0,-3.24972748756,0,-0.19219936038,-1.22197927162,-0.218299188609,-1.22850682798,0.0260998282286,0.00652755635035,-6.87334239391,3.00333820649,-3.24972751519,-5.65767506034e-05,-0.00495852827596,-0.218156216187,-1.19336600325,-8.5652809938e-06,0.00214132024845,-0.218212792938,-0.194656229148,-1.23485834497,-1.19832453153,-0.249331047961,-1.22435975861,-0.0311182550229,-0.0260352270781,-1.37431606105,-3.24972751519,-3.86436673813,-0.19219936038,-1.22197927162,0.0260998282286,0.00652755635035,0.0260998282286,0.00652755635035,-0.0056374492832,4,0
3860,7.72,2,0.369177103043,0,2.55428266525,0,0,2.55428266525,0,2.55428266525,0,0.365249202046,1.52747409504,0.369177102095,1.47100796925,-0.00392790004883,0.0564661257932,2.72985323248,-0.108481436665,2.55428268812,1.59265805426e-05,0.00164188214522,0.369121057477,1.45422173195,1.07066011174e-05,-0.00267665027935,0.369136984058,0.368320288017,1.54357293653,1.4558636141,0.387943304491,1.52841968264,0.0188063204331,0.0725560685458,6.22374928063,2.55428268812,2.6195387947,0.365249202046,1.52747409504,-0.00392790004883,0.0564661257932,-0.00392790004883,0.0564661257932,0.00183300111173,4,0
3865,7.73,1,-0.231019943953,0,-3.09043669701,0,0,-3.09043669701,0,-3.09043669701,0,-0.204729735896,-1.28190051858,-0.231019945362,-1.30037328018,0.0262902094667,0.0184727615975,-5.90259889397,2.9863906773,-3.09043665554,-0.000111285290105,-0.00940825752094,-0.230762834322,-1.24230518733,-6.50960434942e-06,0.00162740108736,-0.230874119612,-0.207303605487,-1.29181699911,-1.25171344485,-0.253743436108,-1.28394275609,-0.0228693164957,-0.0322293112367,-0.961932056168,-3.09043665554,-2.90546453566,-0.204729735896,-1.28190051858,0.0262902094667,0.0184727615975,0.0262902094667,0.0184727615975,-0.0107436810022,4,0
3865,7.73,2,0.38455760479,0,2.36374330521,0,0,2.36374330521,0,2.36374330521,0,0.380912171491,1.60237565281,0.384557593275,1.58044939683,-0.00364542178363,0.0219262559772,2.49427527683,-0.122217495508,2.36374332676,8.54903677701e-05,0.00728857015285,0.384357102747,1.53480046279,8.13700532387e-06,-0.00203425133096,0.384442593115,0.38412950849,1.6147712533,1.54208903294,0.401592608141,1.60323733767,0.0171500150259,0.0611483047304,4.83460827607,2.36374332676,2.36374332676,0.380912171491,1.60237565281,-0.00364542178363,0.0219262559772,-0.00364542178363,0.0219262559772,0.00831445456609,4,0
3870,7.74,1,-0.244296595454,0,-2.09043669701,0,0,-2.09043669701,0,-2.09043669701,0,-0.217767552602,-1.32130818555,-0.244296590797,-1.34029411835,0.026529038195,0.018985932808,-3.93548913493,3.07533165878,-2.09043665554,-0.000103056127944,-0.00840093018188,-0.244076813622,-1.29407797557,-2.95679624457e-06,0.000739199061144,-0.24417986975,-0.220414977414,-1.32593000311,-1.30247890576,-0.250426282844,-1.32266896597,-0.00624641309458,-0.0201900602173,0.294365930605,-2.09043665554,-0.850519872436,-0.217767552602,-1.32130818555,0.026529038195,0.018985932808,0.026529038195,0.018985932808,-0.00963760371722,4,0
3870,7.74,2,0.40075597167,0,1.7012193203,0,0,1.7012193203,0,1.7012193203,0,0.397209442416,1.65163523578,0.400755976355,1.63682744694,-0.00354653393865,0.0148077888446,1.93000453571,-0.222005836214,1.70121931341,7.36522982002e-05,0.00589555850162,0.400605898308,1.60685824795,3.69599524042e-06,-0.000923998810102,0.400679550607,0.400518723438,1.65741250763,1.61275380645,0.413208542448,1.65230186495,0.012528991841,0.0395480584984,1.603254222,1.70121931341,1.70121931341,0.397209442416,1.65163523578,-0.00354653393865,0.0148077888446,-0.00354653393865,0.0148077888446,0.00677938608003,4,0
3875,7.75,1,-0.2577278018,0,-1.09043669701,0,0,-1.09043669701,0,-1.09043669701,0,-0.231064488215,-1.33372429982,-0.257727796042,-1.34000020158,0.0266633078267,0.00627590175952,-2.49691045805,3.14736519465,-1.09043665554,-5.33302146077e-05,-0.00419006282411,-0.257624165979,-1.32029508443,-6.49414350129e-07,0.00016235358753,-0.257677496194,-0.233732434581,-1.33446024362,-1.32448514725,-0.251795833235,-1.33458810586,0.00588166295882,-0.0101029586113,1.5248955253,-1.09043665554,0.655284762002,-0.231064488215,-1.33372429982,0.0266633078267,0.00627590175952,0.0266633078267,0.00627590175952,-0.00483002539941,4,0
3875,7.75,2,0.417112529278,0,1.28935515881,0,0,1.28935515881,0,1.28935515881,0,0.413830611969,1.66715537833,0.417112515004,1.62700001569,-0.00328190303531,0.0401553626404,1.50515805491,-0.215157216621,1.28935516998,1.01372986605e-05,0.000524020730733,0.417110348455,1.63070583009,8.11767920605e-07,-0.000202941980147,0.417120485753,0.417165544933,1.66807530806,1.63122985083,0.426346486242,1.66767687309,0.00922600048862,0.0364470222687,-0.421532446925,1.28935516998,1.28935516998,0.413830611969,1.66715537833,-0.00328190303531,0.0401553626404,-0.00328190303531,0.0401553626404,0.000645668314659,4,0
3880,7.76,1,-0.271023273468,0,-1.2803221941,0,0,-1.2803221941,0,-1.2803221941,0,-0.244453802371,-1.34814641054,-0.271023278233,-1.32503958236,0.0265694758614,-0.0231068281841,-4.54164261264,3.03060269241,-1.28032214644,-1.59675904983e-05,-0.00134676123266,-0.270985293404,-1.31578118082,-3.39961402637e-06,0.000849903506595,-0.271001260995,-0.247155074228,-1.35318563905,-1.31712794205,-0.282222433833,-1.34972010352,-0.0112211728381,-0.0325921614678,1.53936181273,-1.28032214644,-1.50950154791,-0.244453802371,-1.34814641054,0.0265694758614,-0.0231068281841,0.0265694758614,-0.0231068281841,-0.00153837231864,4,0
3880,7.76,2,0.433274418116,0,2.11432361603,0,0,2.11432361603,0,2.11432361603,0,0.430567254698,1.68518301632,0.433274406293,1.61692664337,-0.00270715159511,0.0682563729506,2.16606053136,-0.055158451748,2.11432370694,-3.61859100992e-05,-0.00298739640917,0.433352774403,1.63321809199,4.24951742495e-06,-0.00106237935624,0.433316588493,0.433943844525,1.69148205179,1.63023069558,0.4486149399,1.6859350032,0.015298351407,0.0557043076213,2.5802147166,2.11432370694,2.11432370694,0.430567254698,1.68518301632,-0.00270715159511,0.0682563729506,-0.00270715159511,0.0682563729506,-0.00342162733036,4,0
3885,7.77,1,-0.284345597029,0,-1.93132591248,0,0,-1.93132591248,0,-1.93132591248,0,-0.258066550879,-1.37465617427,-0.284345587571,-1.34066638825,0.0262790366914,-0.0339897860255,-4.79622792061,2.86053157772,-1.93132589379,-4.37693342517e-05,-0.00384521708544,-0.284235356951,-1.313815463,-3.33105269146e-06,0.00083276317286,-0.284279126285,-0.260820956465,-1.37970108258,-1.31766068008,-0.297929489984,-1.37631713007,-0.0136503636988,-0.0586564499857,1.10190170335,-1.93132589379,-1.93132589379,-0.258066550879,-1.37465617427,0.0262790366914,-0.0339897860255,0.0262790366914,-0.0339897860255,-0.00437044909646,4,0
3885,7.77,2,0.449671775103,0,2.35677433014,0,0,2.35677433014,0,2.35677433014,0,0.44758319036,1.71832022006,0.449671782814,1.65942580627,-0.00208859245425,0.0588944137842,2.28169092614,0.0753207243011,2.35677426519,-1.25620000624e-07,0.000238892685429,0.44965726762,1.65324234316,4.16381572443e-06,-0.00104095393111,0.449657142,0.451026197347,1.72462635523,1.65348123584,0.466562353265,1.71911101851,0.0169052112655,0.065629782668,3.15348270155,2.35677426519,2.35677426519,0.44758319036,1.71832022006,-0.00208859245425,0.0588944137842,-0.00208859245425,0.0588944137842,0.000237385245421,4,0
3890,7.78,1,-0.297870486975,0,-1.33697354794,0,0,-1.33697354794,0,-1.33697354794,0,-0.27192832624,-1.39593337002,-0.29787048255,-1.35785994725,0.0259421563101,-0.0380734227683,-4.11640955406,2.77295810034,-1.33697353954,-6.80031604839e-05,-0.00566187625389,-0.297718026387,-1.32427823446,-1.83299819428e-06,0.000458249548575,-0.297786029547,-0.274723117253,-1.39877025498,-1.32994011071,-0.306118398808,-1.39735795637,-0.0083323692602,-0.0674178456632,1.91849156707,-1.33697353954,-1.33697353954,-0.27192832624,-1.39593337002,0.0259421563101,-0.0380734227683,0.0259421563101,-0.0380734227683,-0.0064779141797,4,0
3890,7.78,2,0.466545969248,0,2.1776163578,0,0,2.1776163578,0,2.1776163578,0,0.464910409578,1.74491671371,0.466545962172,1.70268484518,-0.00163555259357,0.0422318685264,2.10202891158,0.0784260642684,2.17761632283,2.98845312281e-05,0.00248003864215,0.466479654553,1.68837235407,2.2912476193e-06,-0.000572811904823,0.466509539084,0.468403898346,1.74846281973,1.69085239271,0.482373344138,1.74564433598,0.0158638050541,0.0547919432678,1.97528203918,2.17761632283,2.17761632283,0.464910409578,1.74491671371,-0.00163555259357,0.0422318685264,-0.00163555259357,0.0422318685264,0.00283865301688,4,0
3895,7.79,1,-0.311431616545,0,-0.67426276207,0,0,-0.67426276207,0,-0.67426276207,0,-0.285943616289,-1.40507728564,-0.311431623476,-1.3518591586,0.0254880071868,-0.0532181270382,-3.36642281831,2.68711245644,-0.674262781699,-5.41440570325e-05,-0.00439785148467,-0.311316922636,-1.32784311576,-2.94718383698e-07,7.36795959231e-05,-0.311371066693,-0.288754326903,-1.4055763459,-1.33224096724,-0.313906529882,-1.40624240704,-0.00253546318947,-0.0740014397926,2.79404378617,-0.674262781699,-0.674262781699,-0.285943616289,-1.40507728564,0.0254880071868,-0.0532181270382,0.0254880071868,-0.0532181270382,-0.00504758016906,4,0
3895,7.79,2,0.483669310808,0,1.95520448685,0,0,1.95520448685,0,1.95520448685,0,0.482429522147,1.75634660744,0.483669312468,1.71462318438,-0.00123979032105,0.0417234230567,1.88937382851,0.0668200813219,1.95520449103,1.18879815922e-05,0.00084676302809,0.483651533071,1.71252225442,3.68397910233e-07,-9.20994775571e-05,0.483663421052,0.485942910416,1.75697043266,1.71336901745,0.498138785867,1.75700116009,0.0144753648152,0.0436321426409,0.677951016927,1.95520449103,1.95520449103,0.482429522147,1.75634660744,-0.00123979032105,0.0417234230567,-0.00123979032105,0.0417234230567,0.000989418807196,4,0
3900,7.8,1,-0.324839919806,0,-0.808496773243,0,0,-0.808496773243,0,-0.808496773243,0,-0.299999999285,-1.40560671787,-0.324839917882,-1.33384014091,0.0248399185972,-0.0717665769583,-3.35916185998,2.54742635693,-0.808496789801,-3.43120164806e-05,-0.00282696905416,-0.324764082727,-1.31710352919,4.01429464669e-08,-1.00357366224e-05,-0.324798394744,-0.302811186047,-1.40556327386,-1.31993049825,-0.327917557525,-1.40676994946,-0.00311916278092,-0.0868394512182,2.85927499486,-0.808496789801,-0.808496789801,-0.299999999285,-1.40560671787,0.0248399185972,-0.0717665769583,0.0248399185972,-0.0717665769583,-0.00323871325193,4,0
3900,7.8,2,0.500788152218,0,2.00836253166,0,0,2.00836253166,0,2.00836253166,0,0.500000000894,1.75700839742,0.500788135269,1.71051363641,-0.000788134375734,0.046494761012,1.8998173544,0.107294563279,2.00836261412,-1.27268765258e-05,-0.0010979739186,0.500818281127,1.71731417812,-5.01787009721e-08,1.25446752293e-05,0.50080555425,0.503513984347,1.75695409238,1.7162162042,0.51581477844,1.75766734648,0.0150092241893,0.0414511422806,0.561179776485,2.00836261412,2.00836261412,0.500000000894,1.75700839742,-0.000788134375734,0.046494761012,-0.000788134375734,0.046494761012,-0.00125069643691,4,0
3905,7.81,1,-0.338104784489,0,-0.648842453957,0,0,-0.648842453957,0,-0.648842453957,0,-0.314049664693,-1.40334849472,-0.338104778656,-1.32119498828,0.0240551139627,-0.0821535064373,-3.04279626974,2.39034993547,-0.64884247073,-3.76054227308e-05,-0.00315259846738,-0.338019324774,-1.30209151126,9.29916668557e-07,-0.000232479167143,-0.338056930197,-0.316855090108,-1.40201526999,-1.30524410972,-0.339332374485,-1.40440194096,-0.00127544428779,-0.0991578312391,3.21147515675,-0.64884247073,-0.64884247073,-0.314049664693,-1.40334849472,0.0240551139627,-0.0821535064373,0.0240551139627,-0.0821535064373,-0.00360386354015,4,0
3905,7.81,2,0.517912447453,0,1.95978116989,0,0,1.95978116989,0,1.95978116989,0,0.517562082653,1.75418561805,0.517912424697,1.71315982732,-0.00035034204372,0.0410257907269,1.81154954882,0.147498937029,1.95978119108,-7.95383915132e-06,-0.000637259160552,0.517929133193,1.71670476898,-1.16239594694e-06,0.000290598986722,0.517921179354,0.521068864421,1.75251908697,1.71606750982,0.53263826085,1.75481379214,0.0147170814957,0.0387462823201,0.0503375968549,1.95978119108,1.95978119108,0.517562082653,1.75418561805,-0.00035034204372,0.0410257907269,-0.00035034204372,0.0410257907269,-0.000732705230368,4,0
3910,7.82,1,-0.351193040609,0,-0.194386139512,0,0,-0.194386139512,0,-0.194386139512,0,-0.328038479546,-1.39277215279,-0.351193035654,-1.29869127691,0.0231545561079,-0.0940808758869,-2.43645486223,2.23884906318,-0.194386140673,-3.43064195183e-05,-0.00280798134077,-0.351119123438,-1.2829751766,2.22924225712e-06,-0.000557310564284,-0.351153429858,-0.33082080154,-1.38948906528,-1.28578315795,-0.348280297533,-1.39361556188,0.00287313232482,-0.10783240393,3.84925237302,-0.194386140673,-0.194386140673,-0.328038479546,-1.39277215279,0.0231545561079,-0.0940808758869,0.0231545561079,-0.0940808758869,-0.00321965837498,4,0
3910,7.82,2,0.534995019436,0,1.79065465927,0,0,1.79065465927,0,1.79065465927,0,0.535048101211,1.74096518969,0.534995023409,1.70245037617,5.30778022718e-05,0.0385148135215,1.62526974053,0.164215632874,1.79065467387,-1.16246947059e-05,-0.00102980413671,0.535025100477,1.70998287755,-2.78655296282e-06,0.000696638240703,0.535013475782,0.538526003701,1.7368613301,1.70895307341,0.54857827001,1.74152894673,0.0135647942275,0.0325758733147,-0.913850026672,1.79065467387,1.79065467387,0.535048101211,1.74096518969,5.30778022718e-05,0.0385148135215,5.30778022718e-05,0.0385148135215,-0.00116930047318,4,0
3915,7.83,1,-0.363982409239,0,-0.044782936573,0,0,-0.044782936573,0,-0.044782936573,0,-0.341874767599,-1.37332253716,-0.363982414962,-1.2650062006,0.0221076473634,-0.108316336553,-2.11293892454,2.06605668554,-0.0447829350054,-2.24630334867e-05,-0.00182974759414,-0.363934269208,-1.25473697524,3.02303459543e-06,-0.000755758648862,-0.363956732242,-0.344616906416,-1.36880213249,-1.25656672283,-0.359434611929,-1.37405419734,0.00452212031268,-0.117487474505,4.16896581841,-0.0447829350054,-0.0447829350054,-0.341874767599,-1.37332253716,0.0221076473634,-0.108316336553,0.0221076473634,-0.108316336553,-0.00209930399598,4,0
3915,7.83,2,0.55187100172,0,1.71521317959,0,0,1.71521317959,0,1.71521317959,0,0.552343461259,1.71665316912,0.551870978623,1.67663095431,0.000472482636651,0.0400222148051,1.51856407668,0.194157864756,1.71521315285,-2.56296428615e-05,-0.00218365569843,0.551931322332,1.69051169754,-3.77879336633e-06,0.000944698341583,0.551905692689,0.555771134776,1.7110026631,1.68832804184,0.564996954124,1.71718039799,0.0130912614343,0.0288523561455,-1.44544879007,1.71521315285,1.71521315285,0.552343461259,1.71665316912,0.000472482636651,0.0400222148051,0.000472482636651,0.0400222148051,-0.00249121141277,4,0
3920,7.84,1,-0.376450687647,0,-0.729972720146,0,0,-0.729972720146,0,-0.729972720146,0,-0.355495616751,-1.35130763126,-0.376450679431,-1.23734425459,0.0209550626802,-0.113963376669,-2.65237950247,1.8792184685,-0.729972724169,-2.34143942349e-05,-0.00202979633158,-0.376392272273,-1.22303985063,2.39620856607e-06,-0.000599052141511,-0.376415686667,-0.358194481229,-1.34763508274,-1.22506964696,-0.377541249195,-1.35222619928,-0.00112556252777,-0.127156552316,3.64999750539,-0.729972724169,-0.770850264911,-0.355495616751,-1.35130763126,0.0209550626802,-0.113963376669,0.0209550626802,-0.113963376669,-0.0023107690624,4,0
3920,7.84,2,0.568504095078,0,1.90653645992,0,0,1.90653645992,0,1.90653645992,0,0.569369522671,1.68913453597,0.568504109414,1.65760824338,0.00086541325767,0.031526292583,1.67776766925,0.226649446798,1.90653650029,-2.33119011391e-05,-0.00183964142818,0.568549108552,1.66589371253,-2.9952607743e-06,0.000748815193577,0.568525796651,0.572743103263,1.68454385021,1.6640540711,0.58334431965,1.68971681917,0.0148185229993,0.0256627480752,-0.890568621991,1.90653650029,1.90653650029,0.569369522671,1.68913453597,0.00086541325767,0.031526292583,0.00086541325767,0.031526292583,-0.00211938424185,4,0
3925,7.85,1,-0.388807445765,0,-1.72997272015,0,0,-1.72997272015,0,-1.72997272015,0,-0.368935510425,-1.33989855694,-0.38880743265,-1.23925645946,0.0198719222247,-0.100642097477,-4.07610654202,1.72324623425,-1.72997272417,-5.63791053055e-05,-0.00492004982726,-0.388665950462,-1.20474409456,7.25770772592e-07,-0.000181442693145,-0.388722329567,-0.371614759037,-1.33907997771,-1.20966414438,-0.4027976382,-1.34130947893,-0.014075308633,-0.131645334543,2.83096812382,-1.72997272417,-2.34726370868,-0.368935510425,-1.33989855694,0.0198719222247,-0.100642097477,0.0198719222247,-0.100642097477,-0.00559659909093,4,0
3925,7.85,2,0.585159778595,0,2.30812454224,0,0,2.30812454224,0,2.30812454224,0,0.586169389731,1.67487319277,0.585159789066,1.67779593998,0.00100960066497,-0.00292274721573,2.12190122489,0.188269257414,2.30812457156,1.854989968e-05,0.00182331194618,0.585099763207,1.66062186832,-9.07213482559e-07,0.000226803370641,0.585118313107,0.589518450489,1.67384996872,1.66244518027,0.603804234632,1.67560797797,0.0186859215255,0.013162797699,0.415286956242,2.30812457156,2.30812457156,0.586169389731,1.67487319277,0.00100960066497,-0.00292274721573,0.00100960066497,-0.00292274721573,0.00204591074234,4,0
3930,7.86,1,-0.40127286315,0,-0.94872045517,0,0,-0.94872045517,0,-0.94872045517,0,-0.382270247945,-1.32118105053,-0.401272868012,-1.2461488612,0.0190026200668,-0.0750321893311,-1.42863468244,1.72351674569,-0.94872046115,-8.73374790291e-05,-0.00719447023155,-0.401081708367,-1.20511877981,5.16842064086e-06,-0.00129210516022,-0.401169045846,-0.384905212332,-1.31360587789,-1.21231325005,-0.394086335258,-1.3216733875,0.00708271058762,-0.109360137456,3.80380256209,-0.94872046115,0.303124583234,-0.382270247945,-1.32118105053,0.0190026200668,-0.0750321893311,0.0190026200668,-0.0750321893311,-0.0082425199799,4,0
3930,7.86,2,0.602078020573,0,1.30812454224,0,0,1.30812454224,0,1.30812454224,0,0.602837811596,1.65147630936,0.602078027305,1.69045029169,0.000759784290893,-0.0389739823317,1.29253295311,0.00675247770002,1.30812457156,5.69321935279e-05,0.00463907213248,0.601956604885,1.66526933009,-6.46052590458e-06,0.00161513147614,0.602013537079,0.606131517072,1.6420073434,1.66990840223,0.61354597682,1.65192248291,0.0115324397412,-0.0179859193192,-3.92311959119,1.30812457156,1.29396317235,0.602837811596,1.65147630936,0.000759784290893,-0.0389739823317,0.000759784290893,-0.0389739823317,0.00532225845481,4,0
3935,7.87,1,-0.413562357426,0,0.0512795373797,0,0,0.0512795373797,0,0.0512795373797,0,-0.395265806479,-1.27455388898,-0.413562364633,-1.21270510566,0.0182965581535,-0.0618487833189,-0.0198868718189,1.80265188443,0.0512795388504,-5.12706223376e-05,-0.00404961738479,-0.413461187051,-1.19311501981,7.57132344148e-06,-0.00189283086037,-0.413512457674,-0.397803691819,-1.26326417714,-1.1971646372,-0.395392436693,-1.27455916524,0.0181200209806,-0.0773945280409,4.9744275226,0.0512795388504,1.78742987746,-0.395265806479,-1.27455388898,0.0182965581535,-0.0618487833189,0.0182965581535,-0.0618487833189,-0.00466486485284,4,0
3935,7.87,2,0.618661522865,0,0.682919919491,0,0,0.682919919491,0,0.682919919491,0,0.619082259721,1.59319235654,0.618661499215,1.62927680502,0.00042076050617,-0.0360844484792,0.82203770422,-0.138160056133,0.682919894992,1.28577522416e-05,0.000803460067926,0.61864959237,1.63009633809,-9.46415443082e-06,0.00236603860772,0.618662450122,0.622254616386,1.57908021655,1.63089979815,0.625912734185,1.59347695965,0.00725028406276,-0.0374228385078,-6.57223284211,0.682919894992,0.682919894992,0.619082259721,1.59319235654,0.00042076050617,-0.0360844484792,0.00042076050617,-0.0360844484792,0.000957753094826,4,0
3940,7.88,1,-0.425331473351,0,1.05127954483,0,0,1.05127954483,0,1.05127954483,0,-0.407722214947,-1.21628132586,-0.42533146007,-1.15001162922,0.0176092451229,-0.0662696966359,-0.0837281563414,1.79026320836,1.05127953885,-6.28323927368e-06,-0.00035676667839,-0.425327923421,-1.15128939972,7.58315169613e-06,-0.00189578792404,-0.42533420666,-0.410143281915,-1.20484612027,-1.1516461664,-0.408415145199,-1.21631019795,0.016919061461,-0.0646640315508,6.10624172453,1.05127953885,1.70696721757,-0.407722214947,-1.21628132586,0.0176092451229,-0.0662696966359,0.0176092451229,-0.0662696966359,-0.000432165549674,4,0
3940,7.88,2,0.634380280972,0,0.663043618202,0,0,0.663043618202,0,0.663043618202,0,0.634652770254,1.52035165171,0.634380291604,1.53150276268,0.000272478649717,-0.0111511109703,0.798255275395,-0.139257459843,0.663043614008,-4.04169309787e-05,-0.00356079528385,0.634483454799,1.55679751622,-9.47893972891e-06,0.00236973493223,0.634443037868,0.637679103953,1.50605764455,1.55323672094,0.641327025288,1.52062974567,0.00688398741963,-0.0326069752697,-6.63028731115,0.663043614008,0.663043614008,0.634652770254,1.52035165171,0.000272478649717,-0.0111511109703,0.000272478649717,-0.0111511109703,-0.00404579845559,4,0
3945,7.89,1,-0.436398357153,0,0.561942219734,0,0,0.561942219734,0,0.561942219734,0,-0.419615319584,-1.16526257082,-0.436398357797,-1.08120632229,0.0167830382131,-0.0840562485332,-1.85942165867,1.61717825238,0.561942209518,1.59781191719e-05,0.00127198212748,-0.436429552483,-1.08681208871,4.85257792593e-06,-0.00121314448148,-0.436413574364,-0.421938154267,-1.15777790814,-1.08554010658,-0.435095821863,-1.16590759175,0.00131775250018,-0.0803674851722,5.7238350975,0.561942209518,-0.243707125839,-0.419615319584,-1.16526257082,0.0167830382131,-0.0840562485332,0.0167830382131,-0.0840562485332,0.00146371955754,4,0
3945,7.89,2,0.649142205715,0,1.28836929798,0,0,1.28836929798,0,1.28836929798,0,0.64951915099,1.45657820722,0.649142212366,1.44619717099,0.000376938624001,0.0103810362373,1.31333700456,-0.0310676809763,1.28836925889,-6.48889056934e-05,-0.00532126843879,0.649281557897,1.47537257984,-6.06572246498e-06,0.00151643061625,0.649216668991,0.652422694332,1.44722237879,1.4700513114,0.66049540283,1.45703555105,0.0112787338386,-0.0130157603485,-4.06785189028,1.28836925889,1.28836925889,0.64951915099,1.45657820722,0.000376938624001,0.0103810362373,0.000376938624001,0.0103810362373,-0.00609993530711,4,0
3950,7.9,1,-0.447002321482,0,-0.438057780266,0,0,-0.438057780266,0,-0.438057780266,0,-0.431123133503,-1.14303178963,-0.4470023125,-1.05251043945,0.0158791789967,-0.0905213501798,-4.5746113142,1.35719143775,-0.438057790482,-2.41045126953e-05,-0.00230236960287,-0.446929040505,-1.03224743122,1.34035509936e-06,-0.000335088774843,-0.446953145018,-0.433408180442,-1.14151820343,-1.03454980083,-0.46915726611,-1.14461654515,-0.0222041210921,-0.110066744327,4.83963019033,-0.438057790482,-3.21482825269,-0.431123133503,-1.14303178963,0.0158791789967,-0.0905213501798,0.0158791789967,-0.0905213501798,-0.00259162375522,4,0
3950,7.9,2,0.663466334343,0,2.19462561607,0,0,2.19462561607,0,2.19462561607,0,0.663903918325,1.42878973048,0.663466337569,1.43432912445,0.000437580756213,-0.00553939397187,2.14737111053,0.0463224202243,2.19462558196,-1.36012629366e-05,-0.000768836051997,0.663473323331,1.43095479265,-1.67544388852e-06,0.000418860972133,0.663459722068,0.666760226986,1.42689774772,1.4301859566,0.681775417764,1.42953437629,0.0183156956958,-0.00065158030812,-0.545153856023,2.19462558196,2.19462558196,0.663903918325,1.42878973048,0.000437580756213,-0.00553939397187,0.000437580756213,-0.00553939397187,-0.000932051207236,4,0
3955,7.91,1,-0.457498133183,0,-0.238057792187,0,0,-0.238057792187,0,-0.238057792187,0,-0.442437646118,-1.10968719991,-0.457498138298,-1.04516114602,0.0150604921801,-0.0645260538816,0.144804741422,1.31220349333,-0.238057790482,-7.65195446176e-05,-0.00642315682142,-0.457324172726,-1.00659163409,8.90100359036e-06,-0.00222525089758,-0.45740069227,-0.444644220803,-1.09661159003,-1.01301479091,-0.441171959051,-1.10963446294,0.0162287332189,-0.0966196720325,5.17678476772,-0.238057790482,1.46434962611,-0.442437646118,-1.10968719991,0.0150604921801,-0.0645260538816,0.0150604921801,-0.0645260538816,-0.00734139135683,4,0
3955,7.91,2,0.677912771702,0,1.19462561607,0,0,1.19462561607,0,1.19462561607,0,0.678047059027,1.38710899299,0.677912767679,1.44304159745,0.000134291347932,-0.0559326044602,0.657847237611,-0.148157573061,1.19462558196,5.08655287586e-05,0.00429413168462,0.677796166908,1.41724701408,-1.11262545736e-05,0.00278156364339,0.677847032436,0.680805277369,1.37076448051,1.42154114577,0.683478818219,1.38733531629,0.00563178578254,-0.0342058294768,-4.76965255865,1.19462558196,0.504785146521,0.678047059027,1.38710899299,0.000134291347932,-0.0559326044602,0.000134291347932,-0.0559326044602,0.00490451802973,4,0
3960,7.92,1,-0.467721015215,0,0.761942207813,0,0,0.761942207813,0,0.761942207813,0,-0.453167852518,-1.03157341018,-0.467721003112,-1.001601017,0.014553150594,-0.0299723931784,2.21779695587,1.50459745556,0.761942209518,-5.5138810487e-05,-0.0043766117692,-0.467611055341,-0.980156090318,1.2172270735e-05,-0.00304306768375,-0.467666194152,-0.455212875304,-1.01338218966,-0.984532702087,-0.434676328913,-1.03080293003,0.0329898652386,-0.046270227941,6.29973059686,0.761942209518,3.72743268892,-0.453167852518,-1.03157341018,0.014553150594,-0.0299723931784,0.014553150594,-0.0299723931784,-0.00503827749504,4,0
3960,7.92,2,0.692009031773,0,0.194625586271,0,0,0.194625586271,0,0.194625586271,0,0.691459816955,1.28946675511,0.692009004836,1.37726077782,-0.000549187880788,-0.0877940227026,-0.0509397979901,-0.485294362529,0.194625581961,2.52949409551e-05,0.00184922308171,0.691968790486,1.37185396121,-1.52153385224e-05,0.00380383463061,0.691994085427,0.694016095421,1.26672772931,1.37370318429,0.691018145742,1.28944835215,-0.00097593968486,-0.0842548321419,-8.83232666934,0.194625581961,-0.538386922893,0.691459816955,1.28946675511,-0.000549187880788,-0.0877940227026,-0.000549187880788,-0.0877940227026,0.00215276237317,4,0
3965,7.93,1,-0.477269887924,0,1.76194226742,0,0,1.76194226742,0,1.76194226742,0,-0.46302506135,-0.940182024055,-0.477269891908,-0.918682323529,0.0142448305572,-0.0214997005257,1.77227791418,1.63896472718,1.76194220952,-6.40837300823e-07,0.000218429620324,-0.477286161329,-0.925911619534,1.1400977074e-05,-0.00285024426849,-0.477286802166,-0.464888065566,-0.922951375135,-0.925693189914,-0.448283428009,-0.939567789332,0.0290033741573,-0.0138745994185,7.38221479193,1.76194220952,3.41103190178,-0.46302506135,-0.940182024055,0.0142448305572,-0.0214997005257,0.0142448305572,-0.0214997005257,0.000210739572714,4,0
3965,7.93,2,0.705007612705,0,-0.582409739494,0,0,-0.582409739494,0,-0.582409739494,0,0.703781327915,1.17522752172,0.705007620197,1.23900909304,-0.00122629228219,-0.0637815713272,0.010528918916,-0.596935034275,-0.582409748238,-3.86114098201e-05,-0.00353303020284,0.705115036421,1.26706522848,-1.42512214271e-05,0.00356280535678,0.705076425011,0.706110083168,1.15368921044,1.26353219828,0.703902162184,1.17523255648,-0.00117426282692,-0.0882996418015,-11.7344664022,-0.582409748238,-0.582409748238,0.703781327915,1.17522752172,-0.00122629228219,-0.0637815713272,-0.00122629228219,-0.0637815713272,-0.00399636712068,4,0
3970,7.94,1,-0.485856801271,0,1.56194221973,0,0,1.56194221973,0,1.56194221973,0,-0.472026241527,-0.865153491089,-0.485856790052,-0.821589983131,0.0138305485249,-0.0435635079584,-1.06670426937,1.5261958894,1.56194220952,4.09442583153e-05,0.00340103875151,-0.485946772009,-0.84068363835,6.83394314849e-06,-0.00170848578712,-0.485905827751,-0.473745671172,-0.85458936519,-0.837282599599,-0.480932418075,-0.865524581779,0.00497340967576,-0.0282419821805,7.22577067245,1.56194220952,0.455599250189,-0.472026241527,-0.865153491089,0.0138305485249,-0.0435635079584,0.0138305485249,-0.0435635079584,0.00389236985129,4,0
3970,7.94,2,0.716485321522,0,0.308280825615,0,0,0.308280825615,0,0.308280825615,0,0.715032803049,1.08144185498,0.716485341155,1.09582380099,-0.00145253810555,-0.0143819460061,0.831197668693,-0.426255124349,0.308280821897,-8.54534060743e-05,-0.00709115127638,0.716673982827,1.1364465982,-8.54242897841e-06,0.0021356072446,0.716588529421,0.717182090088,1.06823669754,1.12935544692,0.722014966744,1.08173277847,0.00542643732308,-0.0476226684552,-7.8447205667,0.308280821897,0.413059136494,0.715032803049,1.08144185498,-0.00145253810555,-0.0143819460061,-0.00145253810555,-0.0143819460061,-0.00811659214927,4,0
3975,7.95,1,-0.493699222803,0,0.561942219734,0,0,0.561942219734,0,0.561942219734,0,-0.480475510685,-0.834277106778,-0.49369921044,-0.765460893394,0.0132236997546,-0.0688162133839,-4.80863802995,1.21281983669,0.561942209518,5.01846234768e-06,0.000129871159977,-0.493691817959,-0.759900013784,1.82373612945e-06,-0.000455934032366,-0.493686799497,-0.482142679637,-0.832216673975,-0.759770142624,-0.520479626783,-0.835943944949,-0.0267928272861,-0.0761738023248,6.27121915101,0.561942209518,-3.59600828596,-0.480475510685,-0.834277106778,0.0132236997546,-0.0688162133839,0.0132236997546,-0.0688162133839,0.000190092708149,4,0
3975,7.95,2,0.727014362812,0,1.30828082561,0,0,1.30828082561,0,1.30828082561,0,0.725594389407,1.04284637441,0.727014368153,1.03570722249,-0.00141997874646,0.0071391519215,1.9737240247,-0.172147169685,1.3082808219,-3.93539942585e-05,-0.00292530253575,0.72707997931,1.04549144907,-2.27967017219e-06,0.000569917543039,0.727040625315,0.727678350579,1.04027083339,1.04256614654,0.742041847918,1.04353168518,0.0150012226022,0.000965538643057,-3.68782386699,1.3082808219,1.80497440548,0.725594389407,1.04284637441,-0.00141997874646,0.0071391519215,-0.00141997874646,0.0071391519215,-0.00339755046686,4,0
3980,7.96,1,-0.501193225384,0,0.761942207813,0,0,0.761942207813,0,0.761942207813,0,-0.488662255067,-0.789569434508,-0.501193213583,-0.737008705645,0.0125309585157,-0.0525607288634,1.51953784626,1.11367852973,0.761942209518,-5.37761806583e-05,-0.00457404392313,-0.501067731779,-0.708709027111,1.17622942916e-05,-0.00294057357289,-0.50112150796,-0.490224445147,-0.772273319193,-0.713283071034,-0.475977966365,-0.789040922479,0.0251435415942,-0.0757578514447,6.53595498854,0.761942209518,2.63843573409,-0.488662255067,-0.789569434508,0.0125309585157,-0.0525607288634,0.0125309585157,-0.0525607288634,-0.00521935809103,4,0
3980,7.96,2,0.737291872501,0,0.544157326221,0,0,0.544157326221,0,0.544157326221,0,0.735827819793,0.986961783833,0.737291875741,1.01636842423,-0.00146405594804,-0.0294066404009,-0.0298354976421,-0.242561303993,0.544157349738,3.20772311269e-05,0.0027833393821,0.737214333944,0.998644512072,-1.47028679236e-05,0.00367571698091,0.737246411175,0.737780557374,0.965341639601,1.00142785145,0.735553265085,0.986950344053,-0.0016931460899,-0.0144775074006,-6.7608071002,0.544157349738,-0.275565067791,0.735827819793,0.986961783833,-0.00146405594804,-0.0294066404009,-0.00146405594804,-0.0294066404009,0.00316826615563,4,0
3985,7.97,1,-0.508221447468,0,1.76194226742,0,0,1.76194226742,0,1.76194226742,0,-0.49607676197,-0.687615338592,-0.508221446329,-0.674795761924,0.0121446843589,-0.0128195766674,4.05244870377,1.33487186374,1.76194220952,-3.89994372567e-05,-0.00304987822662,-0.508146619866,-0.660927257111,1.55817113596e-05,-0.00389542783989,-0.508185619303,-0.497428741122,-0.664303292807,-0.663977135338,-0.462335618883,-0.68620945763,0.0458500004203,-0.0222323222916,7.58799626968,1.76194220952,5.39083843898,-0.49607676197,-0.687615338592,0.0121446843589,-0.0128195766674,0.0121446843589,-0.0128195766674,-0.0035178714737,4,0
3985,7.97,2,0.746988296509,0,-0.455842643976,0,0,-0.455842643976,0,-0.455842643976,0,0.745095953326,0.859519163448,0.746988321768,0.92883101106,-0.00189236844207,-0.069311847612,-0.907119001843,-0.574114287985,-0.455842650262,1.47711509528e-05,0.000997185939701,0.746970158591,0.928009401128,-1.94771392682e-05,0.00486928481705,0.746984929742,0.746785927247,0.830379106115,0.929006587068,0.737539959358,0.859204330366,-0.00944497038392,-0.0698022567017,-10.6428327985,-0.455842650262,-1.48240772958,0.745095953326,0.859519163448,-0.00189236844207,-0.069311847612,-0.00189236844207,-0.069311847612,0.00117443975113,4,0
3990,7.98,1,-0.514397442341,0,2.76194214821,0,0,2.76194214821,0,2.76194214821,0,-0.502369878887,-0.572051155104,-0.514397470253,-0.574568702376,0.0120275913661,0.00251754727275,3.26727052181,1.52063400985,2.76194220952,1.2332524094e-05,0.00128994669843,-0.514442305537,-0.588025644754,1.41027953806e-05,-0.00352569884515,-0.514429973013,-0.503492456518,-0.550711718824,-0.586735698056,-0.475201774195,-0.570919150741,0.0392281988175,0.0158165473142,8.59970949019,2.76194220952,4.78646659467,-0.502369878887,-0.572051155104,0.0120275913661,0.00251754727275,0.0120275913661,0.00251754727275,0.00143793698756,4,0
3990,7.98,2,0.755387067795,0,-1.45584261417,0,0,-1.45584261417,0,-1.45584261417,0,0.752962349372,0.715063933608,0.755387051745,0.771648681743,-0.00242470237288,-0.0565847481345,-0.765903903014,-0.716281780812,-1.45584265026,-4.46541578379e-05,-0.00402223485904,0.755507134187,0.802339388858,-1.76284942778e-05,0.00440712356945,0.755462480029,0.75436557139,0.688389638178,0.798317153999,0.746628796638,0.714800035577,-0.00883368339139,-0.0835171184212,-14.2690118076,-1.45584265026,-1.47762759907,0.752962349372,0.715063933608,-0.00242470237288,-0.0565847481345,-0.00242470237288,-0.0565847481345,-0.0045580847531,4,0
3995,7.99,1,-0.51942306757,0,2.56194210052,0,0,2.56194210052,0,2.56194210052,0,-0.507598036372,-0.48035715977,-0.519423096282,-0.457682056019,0.0118250599101,-0.0226751037513,-0.358817920797,1.42741786147,2.56194220952,5.70294010394e-05,0.00475059481022,-0.519550003544,-0.485112820379,8.14635440083e-06,-0.00203658860019,-0.519492974143,-0.508545751226,-0.467747660898,-0.480362225569,-0.510628216214,-0.480483417264,0.00886475792935,-0.000121191694974,8.37064658791,2.56194220952,1.06316499305,-0.507598036372,-0.48035715977,0.0118250599101,-0.0226751037513,0.0118250599101,-0.0226751037513,0.00543494762269,4,0
3995,7.99,2,0.762015342712,0,-0.510150432587,0,0,-0.510150432587,0,-0.510150432587,0,0.759497546124,0.600446439126,0.762015356118,0.599887553331,-0.00251780999374,0.000558885795144,0.280604716646,-0.502965574508,-0.510150430378,-9.49949327915e-05,-0.00789969716614,0.762226535783,0.645723377769,-1.01829430248e-05,0.00254573575619,0.76213154085,0.76068218967,0.584684565498,0.637823680603,0.761907065872,0.600546835782,-0.000224474978294,-0.0372768448215,-9.9654163263,-0.510150430378,-0.213321221502,0.759497546124,0.600446439126,-0.00251780999374,0.000558885795144,-0.00251780999374,0.000558885795144,-0.00903963635963,4,0
