cycle,t,joint_id,motor_q,motor_dq,motor_tau,motor_kp,motor_kd,tau_applied,tau_dist,tau_total,disturbance_scale,q_ref_shaped,dq_ref_shaped,q_actual,dq_actual,q_error_raw,dq_error_raw,u_star,u_feedback,u_t,eta_q,eta_dq,x_hat_q,x_hat_dq,rho_q,rho_dq,x_bar_q,q_ref_shaped_next,dq_ref_shaped_next,x_bar_dq,r_d_q,r_d_dq,e_q,e_dq,observer_qacc,observer_tau_applied,u_raw,q_ref_raw,dq_ref_raw,q_error_raw2,dq_error_raw2,q_error_shaped,dq_error_shaped,eta_u,flags,joint_flags
0,0,1,-0.523079991341,0,-0.20000000298,0,0,-0.20000000298,0,-0.20000000298,0,-0.52308,0,-0.52308,0,0,-0.00421921584824,-5.42478037477,0,-0.2,0,0,-0.52308,0,-1.45471412694e-11,3.63679208488e-09,-0.52308,-0.523080000011,-1.6448834841e-08,0,-0.568208155631,-0.00188033981794,-0.0451281556307,-0.00188033981794,5.19833872031,-0.2,-5.42478037477,-0.52308,-0.00421921584824,0,-0.00421921584824,0,0,0,4,0
0,0,2,0.778850018978,0,0.20000000298,0,0,0.20000000298,0,0.20000000298,0,0.77885,0,0.77885,0,0,0.00527401081489,1.41891908035,0,0.2,0,0,0.77885,0,1.81838988311e-11,-4.54597841752e-09,0.77885,0.778850000014,2.05610084822e-08,0,0.790653832904,0.000491826371007,0.0118038329042,0.000491826371007,-4.87277582942,0.2,1.41891908035,0.77885,0.00527401081489,0,0.00527401081489,0,0,0,4,0
5,0.01,1,-0.523193240166,0,-1.20000004768,0,0,-1.20000004768,0,-1.20000004768,0,-0.523080000997,-2.31712083585e-07,-0.523193269573,-0.0241772431982,8.32962634089e-05,0.0231983851214,-5.42478114414,-0.139220140083,-1.2,-9.24878307521e-05,-0.00819896072734,-0.522953557827,0.0352278288954,-5.98521232575e-12,1.49630517091e-09,-0.523046045658,-0.523080001482,-2.47060544964e-07,0.027028868168,-0.568130724015,-0.00187734517116,-0.045084678357,-0.0289062133392,4.17599922832,-1.2,-5.55469246953,-0.523109973309,-0.000978858076791,8.32962634089e-05,0.0231983851214,0.000113268575905,0.0241770114861,-0.00930881469637,4,0
5,0.01,2,0.779066026211,0,1.20000004768,0,0,1.20000004768,0,1.20000004768,0,0.778850001246,2.89639610469e-07,0.779065998194,0.0460685486947,-0.000178531621205,-0.0448449781857,1.41891953811,0.0422790096043,1.2,0.000100214915255,0.00889686923469,0.77880540864,-0.0186873169389,7.48157091834e-12,-1.87038166921e-09,0.778905623555,0.778850001853,3.08825154469e-07,-0.00979044770418,0.790569821751,0.000488615493994,0.0116641981959,0.0102790631982,-0.836992666591,1.2,1.4510990995,0.778887466573,0.00122357050905,-0.000178531621205,-0.0448449781857,-0.000215996947923,-0.0460682590551,0.0100994482177,4,0
10,0.02,1,-0.523761332035,0,-2.20000004768,0,0,-2.20000004768,0,-2.20000004768,0,-0.523080002312,1.77047548013e-07,-0.523761337169,-0.0808891967967,0.000663920246244,0.0839607859342,-5.4246815162,0.0491798789776,-2.2,-0.000181173813077,-0.0153407354359,-0.523338091156,0.016047240461,1.51084811328e-10,-3.77712072952e-08,-0.523519264969,-0.523080001742,3.98440210889e-07,0.00070650502503,-0.568061631664,-0.00187405750878,-0.0445423666947,-0.00258056253381,3.21431303463,-2.2,-5.35798681603,-0.523097416923,0.00307158913752,0.000663920246244,0.0839607859342,0.000681334857331,0.0808893738442,-0.0175148211929,4,0
10,0.02,2,0.780112743378,0,1.01340949535,0,0,1.01340949535,0,1.01340949535,0,0.77885000289,-2.21309057551e-07,0.78011275651,0.14375346243,-0.0012409853934,-0.147592942304,1.41888816091,-0.386115521697,1.01340951422,0.000200196076397,0.016960772084,0.779644470255,0.0363901883483,-1.88855819871e-10,4.7213948001e-08,0.779844666332,0.778850002177,-4.98049414132e-07,0.0533509604323,0.790492498856,0.000484882689526,0.0106478325244,-0.0528660777428,-1.85191002659,1.01340951422,1.01340951422,0.778871771117,-0.00383947987324,-0.0012409853934,-0.147592942304,-0.00126275362012,-0.143753683739,0.0193631250008,4,0
15,0.03,1,-0.52497625351,0,-3.20000004768,0,0,-3.20000004768,0,-3.20000004768,0,-0.52307999481,1.26018863881e-06,-0.524976244173,-0.149957120794,0.00191366109588,0.153028709932,-5.42474067136,0.480722790153,-3.2,-0.000217289002197,-0.0181896079225,-0.52448190569,-0.0390928927512,3.72863961928e-11,-9.32160360309e-09,-0.524699194692,-0.5230799922,1.33304063599e-06,-0.0572825006737,-0.568034811548,-0.00187185717546,-0.0433356168563,0.0554106434983,2.29467898001,-3.2,-4.92322080526,-0.523062583077,0.00307158913752,0.00191366109588,0.153028709932,0.0018962493631,0.149958380983,-0.0207970759488,4,0
15,0.03,2,0.782051086426,0,0.445376604795,0,0,0.445376604795,0,0.445376604795,0,0.778849993512,-1.57523311178e-06,0.782051072506,0.224094458858,-0.00322284362287,-0.227933938731,1.41890554089,-0.9503591455,0.445376606043,0.000241995944069,0.0202658380213,0.781499994697,0.100396484753,-4.66080507522e-11,1.16520008407e-08,0.781741990641,0.77884999025,-1.66629795294e-06,0.120662322774,0.790460966835,0.000482215322016,0.0087189761942,-0.120180107452,-4.42526864281,0.445376606043,0.445376606043,0.778828228883,-0.00383947987324,-0.00322284362287,-0.227933938731,-0.00320107899402,-0.224096034091,0.0231697893501,4,0
20,0.04,1,-0.526944279671,0,-4.19999980927,0,0,-4.19999980927,0,-4.19999980927,0,-0.523079984156,2.71213945027e-07,-0.526944273624,-0.229433295109,0.00389424693323,0.228454437032,-5.42504376947,1.09087219402,-4.2,-0.000230556757673,-0.0192491228864,-0.526423116167,-0.113156514251,-4.4900849705e-10,1.12252117214e-07,-0.526653672925,-0.523079984241,-3.78987070572e-07,-0.132405637137,-0.568027183869,-0.00187252877409,-0.0413735109441,0.130533108363,1.40363607895,-4.2,-4.31215577147,-0.523050026691,-0.000978858076791,0.00389424693323,0.228454437032,0.00386428946752,0.229433566323,-0.0220158039784,4,0
20,0.04,2,0.784652292728,0,-0.12248814106,0,0,-0.12248814106,0,-0.12248814106,0,0.778849980195,-3.39016853056e-07,0.784652310316,0.281131924234,-0.00583977688836,-0.279908353725,1.41900075504,-1.51676571195,-0.12248813954,0.000258802883568,0.0216175480317,0.78406663778,0.150324204102,5.61259483334e-10,-1.40314881811e-07,0.784325440664,0.778849980301,4.73733030208e-07,0.171941752134,0.790448823085,0.000482946103566,0.00612338242176,-0.17145880603,-6.94594280444,-0.12248813954,-0.12248813954,0.778812533427,0.00122357050905,-0.00583977688836,-0.279908353725,-0.00580233012008,-0.281132263251,0.0247231826345,4,0
25,0.05,1,-0.529717624187,0,-3.57628059387,0,0,-3.57628059387,0,-3.57628059387,0,-0.52308,-3.47694639346e-06,-0.529717653465,-0.305754870115,0.00663765346496,0.301535654267,-5.42447589355,1.82636304202,-3.57628048586,-0.000230064355547,-0.0190715934014,-0.529206511956,-0.193646660463,8.56790638437e-10,-2.14197660501e-07,-0.529436576312,-0.523080006611,-2.66276073145e-06,-0.212718253864,-0.568024001618,-0.0018761436805,-0.0385874253065,0.210842110184,2.14558201454,-3.57628048586,-3.57628048586,-0.52308,-0.00421921584824,0.00663765346496,0.301535654267,0.00663765346496,0.305751393169,-0.021832365668,4,0
25,0.05,2,0.78765642643,0,-0.636297285557,0,0,-0.636297285557,0,-0.636297285557,0,0.77885,4.34617557894e-06,0.787656414052,0.30710895053,-0.0088064140516,-0.301834939715,1.41882761956,-2.03050331376,-0.636297276871,0.000259527836281,0.0215072486342,0.787080235905,0.18084343051,-1.0709890752e-09,2.6774727294e-07,0.787339763741,0.778850008263,3.32844228714e-06,0.202350679145,0.790448247794,0.000487606500325,0.00310848405292,-0.201863072644,-9.17464133502,-0.636297276871,-0.636297276871,0.77885,0.00527401081489,-0.0088064140516,-0.301834939715,-0.0088064140516,-0.307104604354,0.0246215826696,4,0
30,0.06,1,-0.533092081547,0,-2.84400105476,0,0,-2.84400105476,0,-2.84400105476,0,-0.523079914685,3.65230291881e-05,-0.533092080289,-0.355202232507,0.010084136844,0.383663729313,-5.41598605446,2.55305337548,-2.84400111464,-0.000200282137882,-0.0165281786938,-0.53265188586,-0.259511893865,1.46086051034e-08,-3.6521512813e-06,-0.532852167998,-0.523079821424,5.75867936001e-05,-0.276040072559,-0.567977421709,-0.00183420643012,-0.0351252537107,0.274205866128,2.98800501454,-2.84400111464,-2.84400111464,-0.523007943445,0.0284614968061,0.010084136844,0.383663729313,0.0100121656036,0.355238755536,-0.0189315643484,4,0
30,0.06,2,0.790658175945,0,-1.00377500057,0,0,-1.00377500057,0,-1.00377500057,0,0.778849893356,-4.56538006573e-05,0.790658161727,0.290685913191,-0.0118982325114,-0.32626279319,1.41614877269,-2.39880376783,-1.00377499488,0.000223599132086,0.0184368101539,0.790167723596,0.184283984695,-1.82607575727e-08,4.5651893802e-06,0.790391322728,0.77884977678,-7.19835077267e-05,0.202720794849,0.790454985402,0.000437891701232,6.36626737992e-05,-0.202282903147,-10.6988797445,-1.00377499488,-1.00377499488,0.778759929216,-0.0355768799993,-0.0118982325114,-0.32626279319,-0.0118082683711,-0.290731566992,0.0211199997389,4,0
35,0.07,1,-0.536822259426,0,-2.17704105377,0,0,-2.17704105377,0,-2.17704105377,0,-0.523078865247,0.000196611478985,-0.536822289168,-0.38231566124,0.0144480138311,0.484587858275,-5.40403028387,3.21132874521,-2.17704116871,-0.000165762666732,-0.013671217955,-0.536458514517,-0.303308033125,3.34622423104e-08,-8.36556057458e-06,-0.536624277184,-0.523078423782,0.000245829316394,-0.31697925108,-0.567904126229,-0.00167110772861,-0.0312798490455,0.315308143352,3.74840192326,-2.17704116871,-2.17704116871,-0.522374275337,0.102272197035,0.0144480138311,0.484587858275,0.0137434239209,0.382512272719,-0.0156603699558,4,0
35,0.07,2,0.79330945015,0,-1.18572998047,0,0,-1.18572998047,0,-1.18572998047,0,0.778848581558,-0.000245764371321,0.79330942921,0.245192284086,-0.0153415852184,-0.373032539335,1.41227808864,-2.58086224364,-1.18572994464,0.000181670525058,0.0149657433368,0.792911877628,0.159081742746,-4.18278042202e-08,1.04569510497e-05,0.793093548153,0.778848029727,-0.000307286669955,0.174047486082,0.790454534826,0.000237817014814,-0.00263901332751,-0.173809669068,-11.3591671788,-1.18572994464,-1.18572994464,0.777967843991,-0.127840255249,-0.0153415852184,-0.373032539335,-0.0144608476512,-0.245438048458,0.0171457896375,4,0
40,0.08,1,-0.540719687939,0,-1.58953487873,0,0,-1.58953487873,0,-1.58953487873,0,-0.523075502301,0.000498972683882,-0.540719713207,-0.392837002211,0.0197861689507,0.577788043193,-5.3924631134,3.7898763928,-1.58953485934,-0.000137974613785,-0.0113961658967,-0.540415839349,-0.326600660101,5.11263258396e-08,-1.27815814682e-05,-0.540553813962,-0.523074429147,0.000574921746902,-0.337996825998,-0.567826237154,-0.00136564126833,-0.0272724231915,0.33663118473,4.41218210939,-1.58953485934,-1.58953485934,-0.520933544256,0.184951040982,0.0197861689507,0.577788043193,0.0176442109064,0.393335974895,-0.0130518612621,4,0
40,0.08,2,0.795404732227,0,-1.20647573471,0,0,-1.20647573471,0,-1.20647573471,0,0.778844377875,-0.000623715887404,0.795404759451,0.184564525683,-0.0192378293995,-0.415753335784,1.40839274441,-2.60092148365,-1.20647574348,0.000147618829178,0.0121755782859,0.795080761485,0.114168944034,-6.39079087428e-08,1.5976977187e-05,0.795228380314,0.778843036433,-0.000718652218349,0.12634452232,0.790444619735,-0.000140372476598,-0.00478376057911,-0.126484894797,-11.2889176644,-1.20647574348,-1.20647574348,0.776166930052,-0.231188810101,-0.0192378293995,-0.415753335784,-0.0165603815757,-0.185188241571,0.013947004236,4,0
45,0.09,1,-0.544648885727,0,-1.07994520664,0,0,-1.07994520664,0,-1.07994520664,0,-0.523068504934,0.00091350124734,-0.544648899728,-0.391700754707,0.0259132179244,0.641384023154,-5.38625053739,4.29500224146,-1.07994525722,-0.000119217222919,-0.00987243203036,-0.544384680999,-0.333765076112,5.96652086626e-08,-1.49163021691e-05,-0.544503898222,-0.523066588605,0.00100291350106,-0.343637508143,-0.56778210631,-0.00094956547664,-0.0232782080879,0.342687942666,4.98335771153,-1.07994525722,-1.07994525722,-0.518735681804,0.249683268447,0.0259132179244,0.641384023154,0.0215803947939,0.392614255954,-0.0113030387054,4,0
45,0.09,2,0.796862006187,0,-1.10797119141,0,0,-1.10797119141,0,-1.10797119141,0,0.778835631167,-0.00114187660318,0.796862012555,0.11988814378,-0.0234424106576,-0.431992238114,1.40606481579,-2.50228834649,-1.10797113544,0.000124070662422,0.0102587567885,0.796588052067,0.0600212384028,-7.45815125214e-08,1.86453781417e-05,0.796712122729,0.778833235755,-0.00125364192281,0.0702799951913,0.790434803806,-0.000658577743195,-0.0062773189231,-0.0709385729345,-10.6970655693,-1.10797113544,-1.10797113544,0.773419601897,-0.312104094333,-0.0234424106576,-0.431992238114,-0.0180263813884,-0.121030020383,0.0117476047376,4,0
50,0.1,1,-0.548517107964,0,-0.63950407505,0,0,-0.63950407505,0,-0.63950407505,0,-0.523057157585,0.00134828298473,-0.548517117016,-0.382736259975,0.0324455852539,0.657837462865,-5.3873600885,4.73754629776,-0.63950405298,-0.00010846918213,-0.00900810756885,-0.54827505069,-0.329320174097,5.84963785188e-08,-1.46240946207e-05,-0.548383519873,-0.523054377347,0.00143399114011,-0.338328281665,-0.567788252357,-0.000515512630775,-0.0194047324846,0.337812769035,5.47370899409,-0.63950405298,-0.63950405298,-0.516071531762,0.27510120289,0.0324455852539,0.657837462865,0.0254599594313,0.38408454296,-0.0103097377544,4,0
50,0.1,2,0.797689735889,0,-0.932593882084,0,0,-0.932593882084,0,-0.932593882084,0,0.77882144698,-0.00168535378799,0.797689761197,0.0589123304038,-0.0276003469381,-0.402788842738,1.40599209574,-2.32816835817,-0.932593882616,0.000109743413306,0.00910069922901,0.7974457127,0.00523139941781,-7.31204750082e-08,1.82801187568e-05,0.797555456113,0.778817971683,-0.00179248898503,0.0143320986468,0.790431078665,-0.00120161913442,-0.00712437744758,-0.0155337177812,-9.78711875105,-0.932593882616,-0.932593882616,0.770089414258,-0.343876512334,-0.0276003469381,-0.402788842738,-0.0188683142167,-0.0605976841918,0.0104176201887,4,0
55,0.11,1,-0.55226123333,0,-0.222140312195,0,0,-0.222140312195,0,-0.222140312195,0,-0.523041164193,0.00190380769693,-0.552261253468,-0.368179615766,0.0390512321471,0.674819523192,-5.35964084227,5.12765298405,-0.222140305559,-0.000103440235357,-0.00860626983766,-0.552029392857,-0.316820465692,1.01465608693e-07,-2.53664021673e-05,-0.552132833092,-0.523037208725,0.00205383313413,-0.325426735529,-0.567545510449,4.94599362381e-05,-0.0154126773574,0.325476195466,5.93153446893,-0.222140305559,-0.222140305559,-0.513210021321,0.306639907426,0.0390512321471,0.674819523192,0.0292200892754,0.370083423462,-0.00984755266195,4,0
55,0.11,2,0.797952950001,0,-0.727497756481,0,0,-0.727497756481,0,-0.727497756481,0,0.778801455239,-0.00237975969276,0.797952924151,0.00572808198854,-0.0314403980308,-0.389027974924,1.39683330492,-2.11464201089,-0.727497740772,0.000101901327012,0.00846621887824,0.797725296434,-0.0445353969118,-1.26832012781e-07,3.17080031995e-05,0.797827197761,0.778796510904,-0.00256729149227,-0.0360691780336,0.790340956966,-0.00189894712079,-0.00748624079447,0.0341702309128,-8.77050492756,-0.727497740772,-0.727497740772,0.76651252612,-0.383299892935,-0.0314403980308,-0.389027974924,-0.0191514689119,-0.0081078416813,0.00968903480239,4,0
60,0.12,1,-0.555832087994,0,0.148016497493,0,0,0.148016497493,0,0.148016497493,0,-0.523018003022,0.00278039482625,-0.555832098379,-0.34918372515,0.0460219995257,0.726167119459,-5.33280303247,5.47114645804,0.148016490143,-0.0001014935975,-0.00845514140191,-0.55560389955,-0.298496392361,1.41954805688e-07,-3.54887014108e-05,-0.555705393148,-0.523012232933,0.00299151065871,-0.306951533763,-0.567300540016,0.000935289118142,-0.0115951468689,0.307886822881,6.33415799376,0.148016490143,0.148016490143,-0.509810098854,0.376983394308,0.0460219995257,0.726167119459,0.0328140953574,0.351964119977,-0.00967306457192,4,0
60,0.12,2,0.797739028931,0,-0.508417844772,0,0,-0.508417844772,0,-0.508417844772,0,0.778772503774,-0.00347549361978,0.797739011087,-0.0381542994715,-0.0354763881375,-0.433074951884,1.38764116639,-1.88678318902,-0.508417865469,9.74389229008e-05,0.00810657576351,0.797520632351,-0.0865190515779,-1.77443509108e-07,4.43608772856e-05,0.797618071274,0.778765291163,-0.00373938841352,-0.0784124758144,0.790238974404,-0.00299772401023,-0.00737909687075,0.0754147518042,-7.72176208138,-0.508417865469,-0.508417865469,0.76226262295,-0.471229251355,-0.0354763881375,-0.433074951884,-0.0189665073129,0.0346788058517,0.00927584283832,4,0
65,0.13,1,-0.55919277668,0,0.468270838261,0,0,0.468270838261,0,0.468270838261,0,-0.522984631188,0.00393202327581,-0.559192800497,-0.326970410123,0.0535457952594,0.781516104761,-5.31310583886,5.7716793498,0.468270847845,-0.000101668268053,-0.00847731768148,-0.558963714046,-0.275988501986,1.70000244104e-07,-4.25000610176e-05,-0.559065382314,-0.522976514074,0.00418605736644,-0.284465819667,-0.567103107461,0.00209375343111,-0.00803772514705,0.286559573098,6.67993588857,0.468270847845,0.468270847845,-0.505647005238,0.454545694638,0.0535457952594,0.781516104761,0.0362081693091,0.330902433399,-0.00969733689812,4,0
65,0.13,2,0.797146499157,0,-0.291053235531,0,0,-0.291053235531,0,-0.291053235531,0,0.778730788981,-0.00491502919786,0.797146492651,-0.0719609150506,-0.0400877368045,-0.496221211473,1.38040354268,-1.66237352272,-0.291053248131,9.53291518946e-05,0.00793931826934,0.796932305006,-0.11950392716,-2.12500307351e-07,5.31250768445e-05,0.797027634158,0.778720642588,-0.00523257181447,-0.11156460889,0.790138652617,-0.00443970154636,-0.00688898154042,0.107124907344,-6.70992500903,-0.291053248131,-0.291053248131,0.757058755846,-0.568182126523,-0.0400877368045,-0.496221211473,-0.0184157036698,0.0670458858528,0.00908326809207,4,0
70,0.14,1,-0.562317430973,0,0.735572516918,0,0,0.735572516918,0,0.735572516918,0,-0.522938837373,0.00523897569223,-0.562317413935,-0.302557670234,0.0615377260359,0.816729138001,-5.30653793139,6.03225310891,0.735572492954,-0.000103292061558,-0.0086178107014,-0.562084337406,-0.250622825117,1.76252445305e-07,-4.40631113335e-05,-0.562187629467,-0.522928094403,0.00550367397009,-0.259240635819,-0.567001345096,0.0034030378704,-0.0048137156291,0.262643673689,6.96673979199,0.735572492954,0.735572492954,-0.500779687899,0.514171467767,0.0615377260359,0.816729138001,0.0393785765625,0.307796645926,-0.0098573154401,4,0
70,0.14,2,0.796276330948,0,-0.0862222984433,0,0,-0.0862222984433,0,-0.0862222984433,0,0.778673546711,-0.00654871973549,0.796276345155,-0.095741827423,-0.045301736063,-0.546972515287,1.37709404276,-1.45427085219,-0.0862223012238,9.48694021038e-05,0.00790705896943,0.796062797769,-0.143220499307,-2.20315559019e-07,5.50788897551e-05,0.796157667171,0.778660117999,-0.00687959258641,-0.135313440338,0.790054193235,-0.0060745261303,-0.0061034739355,0.129238914207,-5.78087309017,-0.0862223012238,-0.0862223012238,0.750974609092,-0.64271434271,-0.045301736063,-0.546972515287,-0.0176027984444,0.0891931076875,0.00904549179467,4,0
75,0.15,1,-0.565189421177,0,0.954320728779,0,0,0.954320728779,0,0.954320728779,0,-0.522879947085,0.00651561902921,-0.565189434707,-0.276849325845,0.0697029401781,0.813985327145,-5.31124501577,6.25545532749,0.954320746724,-0.000105909266092,-0.00883952381291,-0.564950234355,-0.22350720579,1.68752561036e-07,-4.21881402678e-05,-0.565056143621,-0.522866670661,0.00676477676234,-0.232346729603,-0.566979506856,0.00467813737209,-0.00192336323458,0.237024866975,7.19978997764,0.954320746724,0.954320746724,-0.495486494529,0.5371360013,0.0697029401781,0.813985327145,0.0423094876214,0.283364944874,-0.010110435006,4,0
75,0.15,2,0.795225799084,0,0.097022652626,0,0,0.097022652626,0,0.097022652626,0,0.77859993385,-0.00814452392558,0.795225776116,-0.110056333698,-0.0508676588166,-0.561363675826,1.37730950258,-1.27116688192,0.0970226546237,9.56028850765e-05,0.00797273141839,0.795010281669,-0.158026695858,-2.10940704015e-07,5.27351760104e-05,0.795105884554,0.778583338319,-0.00845597109602,-0.15005396444,0.789981753219,-0.00767028145191,-0.00512413133596,0.142383682988,-4.97092733485,0.0970226546237,0.0970226546237,0.7443581173,-0.671420009524,-0.0508676588166,-0.561363675826,-0.0166258422659,0.101911809772,0.0091199660393,4,0
80,0.16,1,-0.567796170712,0,1.1921864748,0,0,1.1921864748,0,1.1921864748,0,-0.52280788021,0.0079932398353,-0.567796197195,-0.249580256438,0.0777808677682,0.815131261358,-5.26141890669,6.44325675821,1.19218644187,-0.000108481150906,-0.00904681654214,-0.567551668078,-0.195156838831,2.43577226833e-07,-6.089430671e-05,-0.567660149228,-0.522791535258,0.00835515924608,-0.204203655373,-0.566490960832,0.00617311147608,0.00116918839687,0.210376766849,7.44668693318,1.19218644187,1.19218644187,-0.490015329426,0.56555100492,0.0777808677682,0.815131261358,0.0449883169843,0.257573496273,-0.010348590353,4,0
80,0.16,2,0.794078588486,0,0.233348071575,0,0,0.233348071575,0,0.233348071575,0,0.778509850255,-0.00999154995295,0.794078565496,-0.117126051072,-0.0565594046531,-0.589812712847,1.36035954562,-1.11783131646,0.233348072828,9.63220635547e-05,0.00802429156635,0.793861996721,-0.165212822933,-3.04471536094e-07,7.61178840104e-05,0.793958318785,0.778489419064,-0.0104439492203,-0.157188531367,0.789750164066,-0.00952320354419,-0.00420815471904,0.147665327823,-4.37726430311,0.233348072828,0.233348072828,0.737519160843,-0.70693876392,-0.0565594046531,-0.589812712847,-0.0155687152412,0.10713450112,0.00918015632901,4,0
85,0.17,1,-0.570117354393,0,1.38311684132,0,0,1.38311684132,0,1.38311684132,0,-0.522718333513,0.00999262997917,-0.570117382232,-0.2202467864,0.0860545999998,0.848254124869,-5.22097733796,6.59363707947,1.38311679198,-0.000109648651568,-0.00914126664269,-0.569870411261,-0.165312085665,3.01765254562e-07,-7.54413136382e-05,-0.569980059913,-0.522697900326,0.0104429174338,-0.174453352307,-0.566064082871,0.00818655708922,0.00391597704163,0.182639909397,7.64108087518,1.38311679198,1.38311679198,-0.484062782232,0.628007338469,0.0860545999998,0.848254124869,0.0473990487191,0.230239416379,-0.0104570504615,4,0
85,0.17,2,0.79288995266,0,0.344855010509,0,0,0.344855010509,0,0.344855010509,0,0.778397916881,-0.0124907876516,0.792889948403,-0.119446495499,-0.0628114716292,-0.66556268504,1.34582433124,-0.99187758085,0.344855019486,9.54231886884e-05,0.00794665264397,0.792675580296,-0.167016002595,-3.77206570645e-07,9.43016426547e-05,0.792771003484,0.778372375397,-0.0130536469736,-0.159069349951,0.789518049432,-0.0120274487954,-0.00325295405243,0.147041901156,-3.90311213205,0.344855019486,0.344855019486,0.730078476774,-0.785009180539,-0.0628114716292,-0.66556268504,-0.0144920315218,0.106955707848,0.00909173090823,4,0
90,0.18,1,-0.572136700153,0,1.51991689205,0,0,1.51991689205,0,1.51991689205,0,-0.522606793164,0.012360084102,-0.572136705096,-0.18960769908,0.0946977965326,0.885187269678,-5.19634870944,6.70571796429,1.51991691977,-0.000110588006566,-0.00922060883809,-0.571887550104,-0.134170621201,3.33319840506e-07,-8.3329960126e-05,-0.571998138111,-0.522581574692,0.0128592260077,-0.143391230039,-0.565746905839,0.0105625794072,0.00625123227114,0.153953809447,7.77585923039,1.51991691977,1.51991691977,-0.477438908563,0.695579570597,0.0946977965326,0.885187269678,0.0495299119318,0.201967783182,-0.0105476649169,4,0
90,0.18,2,0.791702508926,0,0.435690462589,0,0,0.435690462589,0,0.435690462589,0,0.778258491444,-0.0154501053235,0.791702527162,-0.117775608625,-0.0699038925468,-0.751698861684,1.33584421203,-0.891154577191,0.435690476699,9.44288522556e-05,0.00786601190919,0.791490249804,-0.164913694902,-4.16649803103e-07,0.000104162450773,0.791584678657,0.778226968353,-0.0160740327092,-0.157047682993,0.789296370575,-0.0149901936931,-0.00228830808168,0.1420574893,-3.52720662553,0.435690476699,0.435690476699,0.721798634616,-0.869474470309,-0.0699038925468,-0.751698861684,-0.0134440357186,0.102325503302,0.00899915813626,4,0
95,0.19,1,-0.573846578598,0,1.59980976582,0,0,1.59980976582,0,1.59980976582,0,-0.522470636121,0.0148748775987,-0.573846554049,-0.15858191933,0.103638586261,0.904934302106,-5.19211306764,6.78124273114,1.59980981178,-0.000111948242867,-0.00933676936923,-0.573594155172,-0.102385684201,3.31386848407e-07,-8.28467120936e-05,-0.573706103415,-0.522440387414,0.0153728938726,-0.11172245357,-0.56557441084,0.0130788869854,0.00813169257502,0.124801340555,7.84885045375,1.59980981178,1.59980981178,-0.470207967788,0.746352382776,0.103638586261,0.904934302106,0.0513759179277,0.173456796929,-0.0106801482836,4,0
95,0.19,2,0.79055327177,0,0.507725596428,0,0,0.507725596428,0,0.507725596428,0,0.778088295138,-0.0185935972132,0.790553296282,-0.112575463438,-0.0777933377047,-0.820365021757,1.33204904909,-0.815345196715,0.507725592766,9.41630241971e-05,0.007848303319,0.790341326559,-0.159705527882,-4.14233563228e-07,0.000103558390793,0.790435489584,0.778050484253,-0.0192161175595,-0.151857224563,0.789094776576,-0.01813499382,-0.00134071300792,0.133722230743,-3.23977062238,0.507725592766,0.507725592766,0.712759958578,-0.932940485196,-0.0777933377047,-0.820365021757,-0.0124650011441,0.0939818662251,0.00897825960936,4,0
100,0.2,1,-0.575248777866,0,1.63394653797,0,0,1.63394653797,0,1.63394653797,0,-0.522309673435,0.0172761449731,-0.575248759202,-0.128114870435,0.112630437307,0.893535439735,-5.20039161562,6.82345980166,1.63394657898,-0.000113992940089,-0.00951047765716,-0.5749915443,-0.07080460637,3.15843696086e-07,-7.89609240204e-05,-0.57510553724,-0.522274658768,0.0177442160928,-0.0803150840271,-0.565480667315,0.0154773535614,0.00962486992533,0.0957924375885,7.87204571071,1.63394657898,1.63394657898,-0.462618321895,0.7654205693,0.112630437307,0.893535439735,0.0529390857674,0.145391015408,-0.0108783929382,4,0
100,0.2,2,0.789475381374,0,0.558677077293,0,0,0.558677077293,0,0.558677077293,0,0.777887091778,-0.0215951814525,0.789475381863,-0.104202274992,-0.086202480718,-0.852573443214,1.3322324806,-0.764495467955,0.558677088407,9.49657906903e-05,0.00792033475351,0.789261271787,-0.15187592181,-3.94804623216e-07,9.87011558004e-05,0.789356237577,0.777843323444,-0.0221802703567,-0.143955587056,0.788894419803,-0.0211365427848,-0.000461817774593,0.122819044272,-3.04868058523,0.558677088407,0.558677088407,0.703272901145,-0.956775718206,-0.086202480718,-0.852573443214,-0.0115882900851,0.0826070935395,0.00905992424179,4,0
105,0.21,1,-0.576347649097,0,1.71521043777,0,0,1.71521043777,0,1.71521043777,0,-0.522124263076,0.0199354892324,-0.576347624232,-0.0975704763675,0.121466348676,0.886496929191,-5.13157975352,6.83575770714,1.71521046189,-0.000115714869915,-0.00964392983119,-0.576087179728,-0.0396849658252,4.15596105752e-07,-0.000103899026449,-0.576202894598,-0.522083777278,0.0205545956994,-0.0493288956564,-0.56472153652,0.0181606028389,0.0114813580784,0.0674894984953,7.9381195805,1.71521046189,1.71521046189,-0.454881275556,0.788926452824,0.121466348676,0.886496929191,0.0542233611567,0.1175059656,-0.0110325082702,4,0
105,0.21,2,0.788490116596,0,0.561598420143,0,0,0.561598420143,0,0.561598420143,0,0.777655328826,-0.024919361798,0.788490091332,-0.0949062804479,-0.0948884981756,-0.89125179198,1.30816961033,-0.737463816318,0.561598439656,9.55843524552e-05,0.00796034212795,0.788275327878,-0.142560942364,-5.19495134688e-07,0.000129873783669,0.788370912231,0.777604721579,-0.0256932448855,-0.134600600237,0.788462085895,-0.0244690802535,9.11736645097e-05,0.110131519983,-3.05705406923,0.561598439656,0.561598439656,0.693601593157,-0.986158072428,-0.0948884981756,-0.89125179198,-0.0108347625057,0.0699869186499,0.00910735435742,4,0
110,0.22,1,-0.577135741711,0,1.74545860291,0,0,1.74545860291,0,1.74545860291,0,-0.521908749151,0.0232569573689,-0.577135766151,-0.0662810485031,0.130385642084,0.905852320408,-5.08216487885,6.81659441855,1.74545863149,-0.000115696877401,-0.00964072926475,-0.576875475964,-0.00844302851033,4.82359267306e-07,-0.000120589816839,-0.576991172841,-0.521861516616,0.0239780369433,-0.0180837577751,-0.56409497407,0.0214991979973,0.0128961987719,0.0395829557723,7.94865285929,1.74545863149,1.74545863149,-0.446750124067,0.839571271905,0.130385642084,0.905852320408,0.0552270170001,0.089538005872,-0.0110290917936,4,0
110,0.22,2,0.78759086132,0,0.554003298283,0,0,0.554003298283,0,0.554003298283,0,0.777385936418,-0.0290711969862,0.78759084566,-0.0867294199826,-0.104153191927,-0.962734675865,1.28949380061,-0.726508192621,0.554003323355,9.42817227517e-05,0.00785090395763,0.787379075569,-0.133718563388,-6.02949086437e-07,0.000150737271598,0.787473357292,0.777326895749,-0.0299725464575,-0.12586765943,0.788038371906,-0.0286273455075,0.000565014614521,0.0972403139226,-3.10652194592,0.554003323355,0.554003323355,0.683437653733,-1.04946409585,-0.104153191927,-0.962734675865,-0.0102049092421,0.0576582229964,0.00898228463065,4,0
115,0.23,1,-0.577612280846,0,1.72176599503,0,0,1.72176599503,0,1.72176599503,0,-0.521657801691,0.0269740708012,-0.577612275676,-0.0353573205773,0.139530602987,0.928264944551,-5.05616829322,6.76688335755,1.72176598714,-0.000115885977957,-0.00966029106916,-0.577351313659,0.0226832410512,5.10225023231e-07,-0.000127556255796,-0.577467199637,-0.521603089123,0.0277389531014,0.0130229499821,-0.563627582242,0.0252253299449,0.0138396173943,0.0122023799628,7.90108876491,1.72176598714,1.72176598714,-0.438081672689,0.892907623974,0.139530602987,0.928264944551,0.0559544739846,0.0623313913785,-0.0110509228046,4,0
115,0.23,2,0.786769092083,0,0.54138314724,0,0,0.54138314724,0,0.54138314724,0,0.777072252091,-0.033717588792,0.786769065278,-0.0791846365219,-0.114166975824,-1.0369498989,1.27770172232,-0.727405216646,0.541383163615,9.34974195683e-05,0.00779137302051,0.78655868199,-0.125946174132,-6.3778128101e-07,0.00015944532024,0.786652179409,0.777003861379,-0.0346736916703,-0.118154801111,0.787627164093,-0.0332778007919,0.000974984683483,0.0848770003194,-3.17334102342,0.541383163615,0.541383163615,0.672602089453,-1.11613453542,-0.114166975824,-1.0369498989,-0.00969681318709,0.0454670477298,0.00891334205532,4,0
120,0.24,1,-0.577787637711,0,1.64805328846,0,0,1.64805328846,0,1.64805328846,0,-0.521368937808,0.0307906321536,-0.577787647702,-0.00592492750444,0.148846192622,0.937562160188,-5.05422745529,6.69111044272,1.64805325471,-0.000117083474206,-0.00976526560151,-0.577523656308,0.0528570566009,4.98834449192e-07,-0.000124708612311,-0.577640739782,-0.521306605452,0.0315403035222,0.0430917909994,-0.563321579926,0.0290426053986,0.014319159856,-0.0140491856008,7.80036853844,1.64805325471,1.64805325471,-0.428941455079,0.931637232684,0.148846192622,0.937562160188,0.056418709894,0.036715559658,-0.011170267292,4,0
120,0.24,2,0.786022245884,0,0.524233996868,0,0,0.524233996868,0,0.524233996868,0,0.776711172233,-0.0384882904983,0.786022230552,-0.07164750838,-0.124845413163,-1.0928990375,1.27326765334,-0.740046088228,0.52423397842,9.41984057924e-05,0.00785720581817,0.785809789915,-0.118963864776,-6.23543063849e-07,0.000155885765966,0.785903988321,0.776633256788,-0.0394253797125,-0.111106658958,0.787228580066,-0.0380500651719,0.00132459174575,0.0730565937861,-3.25689039225,0.52423397842,0.52423397842,0.661176817389,-1.16454654588,-0.124845413163,-1.0928990375,-0.00931105831925,0.0331592178817,0.00898758668768,4,0
125,0.25,1,-0.577682614326,0,1.54458594322,0,0,1.54458594322,0,1.54458594322,0,-0.521042601984,0.0344255673227,-0.577682627332,0.021079461929,0.158150385304,0.924531485982,-5.06188212551,6.59507430928,1.54458596594,-0.000119381194072,-0.00996120783981,-0.577413179264,0.0811309166787,4.79386923824e-07,-0.000119846730961,-0.577532560458,-0.520973044744,0.0351381603346,0.0711697088389,-0.563057063073,0.0326749647774,0.0144754973854,-0.0384947440615,7.6679078993,1.54458596594,1.54458596594,-0.419532242028,0.945610947911,0.158150385304,0.924531485982,0.0566400253476,0.0133461053937,-0.0113937821687,4,0
125,0.25,2,0.785353124142,0,0.497479826212,0,0,0.497479826212,0,0.497479826212,0,0.776303252451,-0.0430319594794,0.785353111811,-0.0636821234944,-0.135937810786,-1.11833156624,1.27195722586,-0.765266136644,0.497479839223,9.64767923246e-05,0.008053528485,0.785135129014,-0.11231274118,-5.99233657694e-07,0.000149808414426,0.785231605807,0.7762163059,-0.0439227007487,-0.104259212695,0.78680789835,-0.0425942659002,0.00157629254372,0.0616649467952,-3.3793673943,0.497479839223,0.497479839223,0.649415301025,-1.18201368974,-0.135937810786,-1.11833156624,-0.00904985936068,0.020650164015,0.0092112499929,4,0
130,0.26,1,-0.577318429947,0,1.51107633114,0,0,1.51107633114,0,1.51107633114,0,-0.52067948072,0.0383395014943,-0.577318443736,0.0466291900115,0.167302982206,0.916101560217,-4.98436864871,6.48387102648,1.51107627514,-0.000121386483771,-0.0101172595606,-0.577045185476,0.107372745508,5.86112462897e-07,-0.000146528115727,-0.57716657196,-0.520601931133,0.0392143781437,0.0972554859469,-0.5620476173,0.0366158291368,0.0151189546599,-0.0606396568102,7.60326464706,1.51107627514,1.51107627514,-0.41001546153,0.962730750228,0.167302982206,0.916101560217,0.0566389630153,-0.00828968851722,-0.0115738973659,4,0
130,0.26,2,0.784757971764,0,0.432041496038,0,0,0.432041496038,0,0.432041496038,0,0.775849350867,-0.0479243772125,0.78475799908,-0.0571910730819,-0.147238673725,-1.14622236933,1.24385722986,-0.802417670551,0.432041496237,9.85730145791e-05,0.00821518689486,0.784536123738,-0.106504331237,-7.32640580536e-07,0.000183160145128,0.784634696752,0.775752413882,-0.049017973027,-0.098289144342,0.786118681891,-0.0474964884198,0.00148398513855,0.0507926559221,-3.65430988491,0.432041496237,0.432041496237,0.637519325355,-1.20341344241,-0.147238673725,-1.14622236933,-0.00890864821296,0.0092666958694,0.00939806306981,4,0
135,0.27,1,-0.576701760292,0,1.4342341423,0,0,1.4342341423,0,1.4342341423,0,-0.52027355458,0.0429300606387,-0.57670177156,0.0715317809942,0.176485155662,0.926850073605,-4.93396591021,6.35660605054,1.43423417087,-0.000121606129181,-0.0101347569917,-0.576428079014,0.132370741039,6.47511226193e-07,-0.000161877806555,-0.576549685143,-0.520186727218,0.0438993147712,0.122235984047,-0.561222228796,0.0412238658797,0.0153274563476,-0.0810121181677,7.49293888712,1.43423417087,1.43423417087,-0.400216615898,0.998381854599,0.176485155662,0.926850073605,0.0564282169799,-0.0286017203555,-0.0115940305419,4,0
135,0.27,2,0.784209311008,0,0.370369493961,0,0,0.370369493961,0,0.370369493961,0,0.775341943189,-0.0536625761544,0.784209304166,-0.0536349224434,-0.158938535895,-1.19434239991,1.22351951298,-0.843745670338,0.370369496497,9.86391537686e-05,0.00822067629656,0.783987292101,-0.102989831956,-8.09389033796e-07,0.000202347258456,0.784085931254,0.775233408985,-0.0548741438216,-0.0947691556591,0.785442034698,-0.0532417390082,0.00135610344368,0.041527416651,-3.90524824553,0.370369496497,0.370369496497,0.625270768271,-1.24797732236,-0.158938535895,-1.19434239991,-0.00886736097741,-2.76537109835e-05,0.00940434614178,4,0
140,0.28,1,-0.575845718384,0,1.31691038609,0,0,1.31691038609,0,1.31691038609,0,-0.519819756597,0.0478586000621,-0.575845732038,0.0946828045678,0.185797474547,0.939448202883,-4.909914401,6.21516610633,1.31691043391,-0.000122236598193,-0.010191889394,-0.575570326807,0.155964631583,6.65485133555e-07,-0.00016637128339,-0.575692563405,-0.519723041156,0.0488568341561,0.145772742189,-0.560567810717,0.0461607644737,0.0151247526874,-0.0996119777155,7.34025682071,1.31691043391,1.31691043391,-0.390048257491,1.03413100745,0.185797474547,0.939448202883,0.0560259754413,-0.0468242045057,-0.0116587285723,4,0
140,0.28,2,0.783684849739,0,0.315376251936,0,0,0.315376251936,0,0.315376251936,0,0.774774695706,-0.0598232504408,0.783684820712,-0.0518098963989,-0.171124500487,-1.24085386642,1.21102137935,-0.886160487294,0.315376248819,9.94134424312e-05,0.00829168192972,0.783460650789,-0.101731679538,-8.31856417749e-07,0.00020796410445,0.783560064232,0.774653801404,-0.0610710430597,-0.0934399976083,0.784770148623,-0.0594067732359,0.00121008439131,0.0340332243724,-4.12113140061,0.315376248819,0.315376248819,0.612560320225,-1.29266376282,-0.171124500487,-1.24085386642,-0.00891012500626,-0.0080133540419,0.00948464323889,4,0
145,0.29,1,-0.574773609638,0,1.16985285282,0,0,1.16985285282,0,1.16985285282,0,-0.519316281124,0.0528206467819,-0.574773599667,0.115165052334,0.195200523132,0.943218836606,-4.90680986451,6.0648358986,1.16985283468,-0.000123948661144,-0.0103394166524,-0.574494032283,0.177433679413,6.49396612817e-07,-0.000162349153214,-0.574617980945,-0.519209663001,0.0537961089273,0.167094262761,-0.560037110772,0.0511239455466,0.0145808701729,-0.115970317214,7.15700888026,1.16985283468,1.16985283468,-0.379573076535,1.05838388894,0.195200523132,0.943218836606,0.0554573185434,-0.0623444055521,-0.0118268005861,4,0
145,0.29,2,0.783173680305,0,0.264302939177,0,0,0.264302939177,0,0.264302939177,0,0.774145351361,-0.0660258088483,0.783173695153,-0.0506934642432,-0.183707351156,-1.27228639994,1.20496583598,-0.930955002684,0.264302948789,0.000101685595629,0.00848765736258,0.782943988757,-0.101930217481,-8.11745767604e-07,0.000202936441893,0.783045674353,0.774012078706,-0.067245136532,-0.0934425601184,0.784088571754,-0.0656115079985,0.00104289740157,0.0278310521199,-4.31622118603,0.264302948789,0.264302948789,0.599466343997,-1.32297986419,-0.183707351156,-1.27228639994,-0.00902834379235,-0.0153323446051,0.00970788451012,4,0
150,0.3,1,-0.573515534401,0,1.01821768284,0,0,1.01821768284,0,1.01821768284,0,-0.51876395433,0.0576047910413,-0.573515524632,0.132465135119,0.204580012847,0.933919977831,-4.90525886413,5.91139887754,1.01821773161,-0.000126552139915,-0.0105590925285,-0.573229930066,0.196104777084,6.36620329009e-07,-0.000159155082256,-0.573356482206,-0.518647801044,0.0585541082124,0.185545684556,-0.559469794019,0.0559087143876,0.0138866881871,-0.129636970168,6.96931858213,1.01821773161,1.01821773161,-0.368935511785,1.06638511295,0.204580012847,0.933919977831,0.0547515703024,-0.0748603440781,-0.0120777182075,4,0
150,0.3,2,0.782672345638,0,0.209683164954,0,0,0.209683164954,0,0.209683164954,0,0.773454942865,-0.0720059891863,0.782672367731,-0.0497783589988,-0.196502979699,-1.283203035,1.19951867914,-0.979789849081,0.209683164577,0.000105188073444,0.0087834085971,0.782434537712,-0.102866218055,-7.95775413565e-07,0.000198943853391,0.782539725785,0.773309751257,-0.0731926356537,-0.0940828094583,0.783350038992,-0.0715936935144,0.000810313207146,0.0224891159439,-4.5230866492,0.209683164577,0.209683164577,0.586169388031,-1.332981394,-0.196502979699,-1.283203035,-0.00921742486607,-0.0222276301875,0.0100456654784,4,0
155,0.31,1,-0.572098493576,0,0.934834003448,0,0,0.934834003448,0,0.934834003448,0,-0.518163294146,0.0626419449477,-0.572098517786,0.147740259675,0.213861546339,0.928302874244,-4.83647120717,5.75904001754,0.934833988411,-0.000128625299892,-0.0107216744465,-0.571808896055,0.212137068915,7.2172073784e-07,-0.000180430184467,-0.571937521355,-0.518036933873,0.0637214266888,0.201415394469,-0.558295337369,0.06096977648,0.0136421839863,-0.140445617989,6.84978654659,0.934833988411,0.934833988411,-0.358236971446,1.07604313392,0.213861546339,0.928302874244,0.0539352236399,-0.0850983147273,-0.0122651780452,4,0
155,0.31,2,0.78217202425,0,0.130329728127,0,0,0.130329728127,0,0.130329728127,0,0.77270411763,-0.0783024315811,0.782172051288,-0.0506303605688,-0.209375838708,-1.29442355939,1.17287486463,-1.0322318251,0.130329734296,0.000108124651233,0.00901580941346,0.781928382774,-0.104849231058,-9.02150922855e-07,0.000225537730713,0.782036507426,0.772546167289,-0.0796517837582,-0.0958334216445,0.782375340308,-0.0778994639695,0.000338832882674,0.017933957675,-4.82443588958,0.130329734296,0.130329734296,0.572796212581,-1.34505391996,-0.209375838708,-1.29442355939,-0.00946793365773,-0.0276720710123,0.0103133052283,4,0
160,0.32,1,-0.570535957813,0,0.82317918539,0,0,0.82317918539,0,0.82317918539,0,-0.517509437117,0.0681843910481,-0.570535973229,0.161696909503,0.223149844049,0.932763524075,-4.79588192355,5.60674455533,0.823179197417,-0.000129168339476,-0.0107665455622,-0.570245164875,0.226359531869,7.60170532965e-07,-0.00019004263324,-0.570374333214,-0.517371930049,0.0693236622868,0.215592986307,-0.557303395034,0.0665263094682,0.0130709381801,-0.149066676839,6.70168357955,0.823179197417,0.823179197417,-0.347386129181,1.09446043358,0.223149844049,0.932763524075,0.053026536112,-0.0935125184549,-0.0123165656359,4,0
160,0.32,2,0.781646668911,0,0.0619200803339,0,0,0.0619200803339,0,0.0619200803339,0,0.771886796341,-0.0852304892067,0.781646656799,-0.0540694950098,-0.222413997073,-1.31400604895,1.15448347997,-1.08214193326,0.0619200815463,0.00010925860925,0.00911036185432,0.781400447469,-0.108862298094,-9.50213165707e-07,0.00023755329142,0.781509706078,0.771714912505,-0.0866545782542,-0.0997519362398,0.781404123328,-0.0848339339156,-0.000105582750625,0.0149180023243,-5.07295191403,0.0619200815463,0.0619200815463,0.559232659726,-1.36807554396,-0.222413997073,-1.31400604895,-0.00975986045733,-0.0311609941969,0.0104214651653,4,0
165,0.33,1,-0.568845927715,0,0.692202925682,0,0,0.692202925682,0,0.692202925682,0,-0.516799004295,0.0739112391305,-0.568845950352,0.173552971395,0.232489171251,0.936823165068,-4.7762921208,5.4560901578,0.692202903026,-0.000130058822581,-0.0108441601558,-0.56855292457,0.238752866067,7.64181578461e-07,-0.000191045394623,-0.568682983393,-0.51665003489,0.0750578390023,0.227908705911,-0.556429262221,0.0722599783836,0.0122537211722,-0.155648727528,6.53431443586,0.692202903026,0.692202903026,-0.3363567791,1.11037613646,0.232489171251,0.936823165068,0.0520469460563,-0.0996417322641,-0.0124048660267,4,0
165,0.33,2,0.781077861786,0,0.00390720181167,0,0,0.00390720181167,0,0.00390720181167,0,0.77099875531,-0.0923890493039,0.781077857044,-0.0588677754141,-0.235631884936,-1.3291023965,1.14240325928,-1.12791149346,0.00390720189969,0.000110921619632,0.00925350448401,0.78082761936,-0.114615111173,-9.55226972299e-07,0.000238806743075,0.78093854098,0.770812543552,-0.0938222991423,-0.105361606689,0.780414231458,-0.0919967377977,-0.00052430952129,0.0133648688909,-5.27236030872,0.00390720189969,0.00390720189969,0.545445972109,-1.38797017191,-0.235631884936,-1.3291023965,-0.0100791017346,-0.0335212738897,0.0105845639196,4,0
170,0.34,1,-0.567052304745,0,0.558458983898,0,0,0.558458983898,0,0.558458983898,0,-0.516031305314,0.0796162099103,-0.567052316593,0.18289654808,0.24184748765,0.93573184491,-4.76507488208,5.31097667686,0.558459002849,-0.000131632657277,-0.0109776161851,-0.566755608912,0.248940960861,7.54524845048e-07,-0.000188631211272,-0.56688724157,-0.515870940331,0.0807483848871,0.237963344676,-0.555566980938,0.0779688900926,0.0113202606314,-0.159994454583,6.36489150419,0.558459002849,0.558459002849,-0.325204828942,1.11862839299,0.24184748765,0.93573184491,0.0510210112786,-0.10328033817,-0.0125572080724,4,0
170,0.34,2,0.78045719862,0,-0.0490930192173,0,0,-0.0490930192173,0,-0.0490930192173,0,0.770039131579,-0.0995202627739,0.780457172927,-0.0642594239482,-0.248951138527,-1.3340260681,1.13289894859,-1.17115956876,-0.0490930201743,0.000113489528768,0.00947052565978,0.780200971672,-0.121366785605,-9.43156056255e-07,0.000235789014066,0.780314461201,0.76983867535,-0.100935481495,-0.111896259945,0.779373480684,-0.0991313315612,-0.000940980517452,0.012764928384,-5.4470962488,-0.0490930201743,-0.0490930201743,0.5315060344,-1.39828549205,-0.248951138527,-1.3340260681,-0.010418041348,-0.0352608388257,0.010832400005,4,0
175,0.35,1,-0.565179824829,0,0.445567399263,0,0,0.445567399263,0,0.445567399263,0,-0.515206864528,0.0852743143043,-0.565179809087,0.189875080488,0.251172499276,0.930279298966,-4.74195958334,5.17480057808,0.445567402205,-0.000133417704804,-0.0111253950063,-0.564879159361,0.256776694601,7.64836737499e-07,-0.000191209184369,-0.565012577066,-0.515035173543,0.0864191201288,0.245651299595,-0.554548838954,0.0836350653698,0.0104637381111,-0.162016234225,6.21739111216,0.445567402205,0.445567402205,-0.31400730981,1.12015437945,0.251172499276,0.930279298966,0.0499729445588,-0.104600766183,-0.0127264074639,4,0
175,0.35,2,0.779779493809,0,-0.104372218251,0,0,-0.104372218251,0,-0.104372218251,0,0.769008580593,-0.106592893271,0.779779522577,-0.0702076927665,-0.262270387098,-1.32998528215,1.11968813462,-1.21295650262,-0.104372221312,0.000116348743922,0.0097076683833,0.77951697482,-0.128703092455,-9.56045922984e-07,0.000239011480734,0.779633323564,0.76879396686,-0.108023900553,-0.118995424072,0.778230772187,-0.106208635287,-0.00140255137695,0.0127867887844,-5.62767629194,-0.104372221312,-0.104372221312,0.517509135479,-1.40019297492,-0.262270387098,-1.32998528215,-0.0107709419842,-0.0363852005041,0.0111038533104,4,0
180,0.36,1,-0.563247561455,0,0.356582850218,0,0,0.356582850218,0,0.356582850218,0,-0.514325161406,0.0911058812768,-0.563247590796,0.195281363626,0.260448352529,0.926462406471,-4.70518543827,5.04893943139,0.356582862525,-0.000134540722417,-0.0112143807323,-0.562944686077,0.262629945186,7.91377675946e-07,-0.000197844418978,-0.5630792268,-0.514141763498,0.0922924870644,0.251415564454,-0.553360363365,0.0894794145285,0.0097188634346,-0.161936149925,6.094706778,0.356582862525,0.356582862525,-0.302799238267,1.1217437701,0.260448352529,0.926462406471,0.0489224293899,-0.104175482349,-0.0128288694013,4,0
180,0.36,2,0.779035151005,0,-0.161477819085,0,0,-0.161477819085,0,-0.161477819085,0,0.767906451686,-0.113882351987,0.779035134411,-0.077461365427,-0.275536088367,-1.32471834753,1.10201565057,-1.25219979881,-0.161477823848,0.000118399270881,0.00987288435512,0.778768306832,-0.136841382598,-9.89222093462e-07,0.000247305523367,0.778886706103,0.767677204301,-0.11536560922,-0.126968498243,0.776980048705,-0.113504285445,-0.00190665739866,0.0134642127982,-5.81090493567,-0.161477823848,-0.161477823848,0.503499046044,-1.40217971296,-0.275536088367,-1.32471834753,-0.0111286827252,-0.0364209865603,0.0112936756057,4,0
185,0.37,1,-0.561270058155,0,0.259057253599,0,0,0.259057253599,0,0.259057253599,0,-0.513384412999,0.097042120434,-0.561270046561,0.199177965491,0.269691848868,0.92259207288,-4.68697520064,4.93313988636,0.259057248354,-0.000135200112841,-0.0112701612752,-0.560965614279,0.266877937879,7.87530679336e-07,-0.000196882669837,-0.561100814392,-0.513189146288,0.0982240034969,0.255607776603,-0.552267596122,0.0954219878038,0.0088332182696,-0.160185788799,5.96440321522,0.259057248354,0.259057248354,-0.291578197693,1.12177003837,0.269691848868,0.92259207288,0.0478856335629,-0.102135845057,-0.0128925626293,4,0
185,0.37,2,0.778211236,0,-0.208030566573,0,0,-0.208030566573,0,-0.208030566573,0,0.766730516173,-0.121302650919,0.778211217758,-0.0857629286864,-0.288738472431,-1.31644961902,1.08996908845,-1.28656274844,-0.208030569977,0.00011989022565,0.00999822728463,0.777940977453,-0.145916764646,-9.84413346394e-07,0.000246103336585,0.778060867679,0.766486432784,-0.122780004743,-0.135918537361,0.775702707606,-0.120928809609,-0.00235816007281,0.0149897277521,-5.94663896973,-0.208030569977,-0.208030569977,0.489472745327,-1.40221254771,-0.288738472431,-1.31644961902,-0.0114807015847,-0.0355397222324,0.0114369099924,4,0
190,0.38,1,-0.559263765812,0,0.168542951345,0,0,0.168542951345,0,0.168542951345,0,-0.512384554987,0.102914106272,-0.559263789951,0.201371159289,0.278882919383,0.915481089853,-4.67315931606,4.82872524832,0.168542951771,-0.000136077867706,-0.011344085094,-0.558957341771,0.269525893347,7.76447943829e-07,-0.000194111985946,-0.559093419639,-0.512177561539,0.104079060182,0.258181808253,-0.551152102688,0.101298791784,0.00794131695097,-0.156883016469,5.84223534211,0.168542951771,0.168542951771,-0.280380870568,1.11685224914,0.278882919383,0.915481089853,0.046879234964,-0.0984570530174,-0.0129770195065,4,0
190,0.38,2,0.777301430702,0,-0.248690873384,0,0,-0.248690873384,0,-0.248690873384,0,0.765480693655,-0.128642633193,0.777301454123,-0.0944947745055,-0.301825367697,-1.301570536,1.07929872066,-1.31638371254,-0.248690866597,0.000121653154529,0.0101460368628,0.77702720088,-0.155547776649,-9.70559926761e-07,0.000242639981692,0.777148854034,0.765221951844,-0.130098825576,-0.145401739786,0.774362713864,-0.128272549018,-0.00278614017031,0.0171291907681,-6.05515912257,-0.248690866597,-0.248690866597,0.475476086426,-1.39606531051,-0.301825367697,-1.301570536,-0.0118207604676,-0.0341478586879,0.0116058747171,4,0
195,0.39,1,-0.557244360447,0,0.106077305973,0,0,0.106077305973,0,0.106077305973,0,-0.511326280884,0.108749850706,-0.55724434451,0.202191631803,0.28799147526,0.906393729278,-4.64398826819,4.73701472928,0.106077307393,-0.000136873787968,-0.0114083608483,-0.556936250018,0.270679495833,7.89897022013e-07,-0.000197474255505,-0.557073123806,-0.511107599982,0.109932873333,0.259271134985,-0.549850543665,0.10714467309,0.00722258014056,-0.152126461895,5.74923735264,0.106077307393,0.106077307393,-0.26925286925,1.10858536108,0.28799147526,0.906393729278,0.0459180636263,-0.0934417810971,-0.0130508463039,4,0
195,0.39,2,0.776301801205,0,-0.290214449167,0,0,-0.290214449167,0,-0.290214449167,0,0.764157851022,-0.135937313716,0.776301775655,-0.103719157583,-0.314735690864,-1.28201254232,1.06383461806,-1.34228972624,-0.290214438049,0.000123291101806,0.0102798366495,0.776024026286,-0.165506397897,-9.87371275629e-07,0.000246842818908,0.776147317388,0.763884499895,-0.137416091997,-0.155226561247,0.772909950474,-0.135572642906,-0.00323736691465,0.0196539183416,-6.16417748521,-0.290214438049,-0.290214438049,0.461566084791,-1.38573169991,-0.314735690864,-1.28201254232,-0.0121439246328,-0.0322181561335,0.0117593298711,4,0
200,0.4,1,-0.55522018671,0,0.0860728174448,0,0,0.0860728174448,0,0.0860728174448,0,-0.510208744366,0.114840828171,-0.555220179592,0.202605614725,0.297021202548,0.900934611931,-4.5845758137,4.65760785576,0.0860728192377,-0.000136832108307,-0.0113987918814,-0.554912588501,0.270894278741,8.43796276739e-07,-0.000210949069177,-0.555049420609,-0.509977790237,0.116109911533,0.259495486859,-0.54823884519,0.113256240637,0.0068105754196,-0.146239246223,5.69927193275,0.0860728192377,0.0860728192377,-0.258198977045,1.10354022666,0.297021202548,0.900934611931,0.0450114352262,-0.0877647865542,-0.0130407771811,4,0
200,0.4,2,0.775202810764,0,-0.336313486099,0,0,-0.336313486099,0,-0.336313486099,0,0.762760930372,-0.143551035539,0.775202795154,-0.114287386584,-0.327454075604,-1.26513789508,1.03867114153,-1.36317972206,-0.336313493652,0.000123850752829,0.0103187040947,0.774924308479,-0.176127287847,-1.0547453454e-06,0.000263686336357,0.775048159232,0.762472237711,-0.145137389742,-0.165808583752,0.771303318407,-0.143195102704,-0.0037448408241,0.0226134810479,-6.28672803896,-0.336313493652,-0.336313493652,0.44774871955,-1.37942528167,-0.327454075604,-1.26513789508,-0.0124418647814,-0.0292636489554,0.0118049131286,4,0
205,0.41,1,-0.553194344044,0,-0.00522096594796,0,0,-0.00522096594796,0,-0.00522096594796,0,-0.50902923051,0.120971060173,-0.553194326894,0.202292768245,0.306008708243,0.894668351469,-4.60649902319,4.58827984885,-0.0052209657761,-0.000136309871592,-0.0113624900987,-0.552887419786,0.270545560031,7.70573172493e-07,-0.00019264329312,-0.553023729657,-0.508786125121,0.12213062435,0.259183069933,-0.547242062244,0.119378858851,0.00578166741361,-0.139804211082,5.57885857204,-0.0052209657761,-0.0052209657761,-0.247185618652,1.09696111971,0.306008708243,0.894668351469,0.0441650963843,-0.0813217080723,-0.0129982085578,4,0
205,0.41,2,0.773992300034,0,-0.349582821131,0,0,-0.349582821131,0,-0.349582821131,0,0.761286538049,-0.151213825529,0.773992297717,-0.125366469096,-0.340010276141,-1.24583492864,1.03872065645,-1.37649605098,-0.349582835673,0.000123783628001,0.0103220376084,0.773713355737,-0.187451084518,-9.63216462035e-07,0.000240804115506,0.773837139365,0.760982656312,-0.152663280745,-0.17712904691,0.769829316963,-0.150857876408,-0.00400782240153,0.026271170502,-6.27310005957,-0.349582835673,-0.349582835673,0.433982021576,-1.37120139773,-0.340010276141,-1.24583492864,-0.0127057596678,-0.0258473564332,0.0118074411445,4,0
210,0.42,1,-0.551183581352,0,-0.0785245448351,0,0,-0.0785245448351,0,-0.0785245448351,0,-0.507791154733,0.126558800055,-0.55118357896,0.200036046143,0.314884139942,0.878558659928,-4.6235286706,4.53189578966,-0.0785245421283,-0.000137432813169,-0.0114591450533,-0.550873950608,0.268924275697,7.05730999417e-07,-0.000176432749847,-0.551011383421,-0.50753697336,0.127619984748,0.257465130643,-0.546144738082,0.124960734082,0.004866645339,-0.132504396562,5.47791599481,-0.0785245421283,-0.0785245421283,-0.236299439018,1.07859470607,0.314884139942,0.878558659928,0.0433924242275,-0.0734772460887,-0.0131083388114,4,0
210,0.42,2,0.772679626942,0,-0.36079069972,0,0,-0.36079069972,0,-0.36079069972,0,0.759738943325,-0.158198500349,0.772679619019,-0.135037554299,-0.352305321963,-1.21320582581,1.03770599777,-1.38650092525,-0.360790703971,0.000125722648972,0.010487104699,0.772396093746,-0.198174373686,-8.82163743943e-07,0.000220540935999,0.772521816395,0.759421216608,-0.159524981208,-0.187687268987,0.768271714663,-0.15784296821,-0.00425010173214,0.029844300777,-6.25242418527,-0.360790703971,-0.360790703971,0.420374297056,-1.34824338011,-0.352305321963,-1.21320582581,-0.012940675694,-0.0231609460497,0.0119957764866,4,0
215,0.43,1,-0.549203515053,0,-0.111551508307,0,0,-0.111551508307,0,-0.111551508307,0,-0.50649939869,0.131752068954,-0.549203534883,0.196563249411,0.323565830791,0.856589178102,-4.61537549547,4.49060962177,-0.111551510919,-0.000138581807727,-0.0115513810877,-0.548891559145,0.265919340007,6.81738766661e-07,-0.000170434691666,-0.549030140953,-0.506234872589,0.132774354218,0.25436795892,-0.544784274664,0.130156865789,0.00424586628947,-0.124211093131,5.41885485452,-0.111551510919,-0.111551510919,-0.225637704092,1.05315242751,0.323565830791,0.856589178102,0.0427041361932,-0.0648111804567,-0.0132143627804,4,0
215,0.43,2,0.77127546072,0,-0.378978937864,0,0,-0.378978937864,0,-0.378978937864,0,0.758124248268,-0.164690086434,0.77127548154,-0.143982155208,-0.364228353113,-1.17245837607,1.02918024419,-1.39598723376,-0.378978931086,0.000127619706107,0.0106405050411,0.770988004336,-0.207926163304,-8.52173453025e-07,0.000213043363265,0.771115624042,0.757793590642,-0.165967943006,-0.197285658263,0.766584629295,-0.164337570558,-0.00453099474678,0.0329480877054,-6.26187178193,-0.378978931086,-0.378978931086,0.407047128426,-1.31644053127,-0.364228353113,-1.17245837607,-0.0131512332717,-0.0207079312258,0.0121719415144,4,0
220,0.44,1,-0.547258734703,0,-0.0808943286538,0,0,-0.0808943286538,0,-0.0808943286538,0,-0.505156090832,0.136962797528,-0.547258727826,0.193225532858,0.332025862963,0.835660300986,-4.55673868784,4.46264896931,-0.080894330716,-0.000138470626658,-0.0115337402945,-0.546947558404,0.262285260741,7.38575678283e-07,-0.000184643919562,-0.547086029031,-0.504881068203,0.138065246,0.250751520447,-0.542953331456,0.135387912502,0.00413269757507,-0.115363607945,5.4241990103,-0.080894330716,-0.080894330716,-0.215232864863,1.02888583384,0.332025862963,0.835660300986,0.0421026369942,-0.0562627353302,-0.0131953878144,4,0
220,0.44,2,0.769778907299,0,-0.410306543112,0,0,-0.410306543112,0,-0.410306543112,0,0.756445113443,-0.171203497114,0.769778889859,-0.153668304277,-0.375737810434,-1.13243898442,1.00488721449,-1.40300737627,-0.410306550563,0.000127883424666,0.0106517876863,0.769491529215,-0.217436990258,-9.23219593885e-07,0.000230804898474,0.76961941264,0.756101335157,-0.172581557698,-0.206785202572,0.764703283224,-0.170859406707,-0.00491612941575,0.0359257958654,-6.32263544526,-0.410306550563,-0.410306550563,0.394041079425,-1.2861072887,-0.375737810434,-1.13243898442,-0.0133337764156,-0.0175351928376,0.0121863887823,4,0
225,0.45,1,-0.545336604118,0,0.0100051090121,0,0,0.0100051090121,0,0.0100051090121,0,-0.503757682244,0.142924410057,-0.545336593403,0.191972233203,0.340319437119,0.825614349677,-4.4459793377,4.44302894064,0.0100051093206,-0.000136086565451,-0.0113224675935,-0.545031621428,0.259481707493,8.57890233075e-07,-0.000214472558273,-0.545167707993,-0.503470522701,0.144223189549,0.248159239899,-0.540635523475,0.141387833339,0.00453218451766,-0.10677140656,5.48882181292,0.0100051093206,0.0100051093206,-0.205017156285,1.01758658288,0.340319437119,0.825614349677,0.041578911159,-0.0490478231459,-0.0129555063789,4,0
225,0.45,2,0.768170297146,0,-0.450809955597,0,0,-0.450809955597,0,-0.450809955597,0,0.754697102707,-0.178655512753,0.768170281597,-0.166200760398,-0.386898837859,-1.1057824644,0.96362527846,-1.40251516261,-0.450809954527,0.000125257402556,0.010416981549,0.767889885726,-0.228202431892,-1.07236278912e-06,0.000268090697282,0.768015143128,0.754338153277,-0.180278987115,-0.217785450343,0.762614234421,-0.178325632265,-0.00540090870763,0.0394598180777,-6.41215388816,-0.450809954527,-0.450809954527,0.381271443738,-1.2719832248,-0.386898837859,-1.1057824644,-0.0134731788903,-0.012454752355,0.0119200703797,4,0
230,0.46,1,-0.543421983719,0,-0.114715278149,0,0,-0.114715278149,0,-0.114715278149,0,-0.502297972526,0.148741784776,-0.543421955841,0.19060383934,0.348531434987,0.812648528498,-4.55327143263,4.42579805476,-0.114715278199,-0.000133748927066,-0.0111531125435,-0.54312058362,0.25768792687,6.44854363574e-07,-0.000161213590906,-0.543254332547,-0.501999503139,0.149718334444,0.246534814327,-0.540070007185,0.147167949999,0.00318432536199,-0.0993668643277,5.33800499568,-0.114715278199,-0.114715278199,-0.194890520854,1.00325236784,0.348531434987,0.812648528498,0.0411239833154,-0.0418620545641,-0.0127580996683,4,0
230,0.46,2,0.76643127203,0,-0.411138057709,0,0,-0.411138057709,0,-0.411138057709,0,0.752872465557,-0.185927231125,0.766431288777,-0.178303315589,-0.397818139288,-1.07576214017,0.990281468641,-1.38971513334,-0.411138059246,0.000122662003052,0.0102324505099,0.76615466467,-0.239933321739,-8.06067948833e-07,0.000201516987205,0.766277326673,0.752499378823,-0.1871479182,-0.229700871229,0.76101314139,-0.185588036298,-0.0052641852825,0.0441128349309,-6.17512079362,-0.411138059246,-0.411138059246,0.368613149489,-1.25406545576,-0.397818139288,-1.07576214017,-0.0135588232198,-0.00762391553572,0.0117043945465,4,0
235,0.47,1,-0.541541337967,0,-0.18404263258,0,0,-0.18404263258,0,-0.18404263258,0,-0.500787609458,0.153138940931,-0.541541362087,0.186056909487,0.356518141224,0.781590392108,-4.61696178671,4.41992258183,-0.184042625417,-0.000136187758765,-0.011362326354,-0.541234109151,0.254501249776,5.0365734916e-07,-0.000125914337285,-0.54137029691,-0.500480566418,0.153899262757,0.243138923422,-0.539087493331,0.151543112436,0.00228280357924,-0.0915958109852,5.24447769705,-0.184042625417,-0.184042625417,-0.185023220863,0.967647301595,0.356518141224,0.781590392108,0.0407537526292,-0.0329179685559,-0.0129965794592,4,0
235,0.47,2,0.764600396156,0,-0.385675013065,0,0,-0.385675013065,0,-0.385675013065,0,0.750984511721,-0.191423676269,0.764600398964,-0.185818810608,-0.408321374421,-1.02374031183,1.00466169125,-1.37831198136,-0.385675003711,0.000125950910797,0.0105133026715,0.764315925328,-0.249251331092,-6.29571678901e-07,0.000157392919724,0.764441876239,0.750600707921,-0.19237407854,-0.23873802842,0.759242150356,-0.191079607993,-0.00519972588205,0.0476584204271,-6.00464693971,-0.385675003711,-0.385675003711,0.356279024544,-1.20955912244,-0.408321374421,-1.02374031183,-0.0136158872434,-0.00560486566163,0.012024713601,4,0
240,0.48,1,-0.539714872837,0,-0.169944152236,0,0,-0.169944152236,0,-0.169944152236,0,-0.499237827695,0.156755832968,-0.539714859696,0.180399303579,0.364147865543,0.742879862061,-4.61293427392,4.4298009422,-0.169944154358,-0.000138311154085,-0.0115294435123,-0.539403474873,0.249620088019,4.72145200381e-07,-0.000118036300097,-0.539541786027,-0.49892361103,0.157462441276,0.238090644507,-0.537502604928,0.15516146725,0.00203918109938,-0.0829291772567,5.23640201263,-0.169944154358,-0.169944154358,-0.175566994153,0.92327916564,0.364147865543,0.742879862061,0.0404770320012,-0.0236434706111,-0.0131891773613,4,0
240,0.48,2,0.762708246708,0,-0.387487530708,0,0,-0.387487530708,0,-0.387487530708,0,0.749047284517,-0.195944791258,0.762708267607,-0.191443196173,-0.418249526403,-0.962655755758,0.998672120363,-1.37388328003,-0.387487533263,0.000128723528625,0.0107316912562,0.76241838661,-0.255895641438,-5.9018149301e-07,0.000147545373258,0.762547110139,0.748654513686,-0.196828051633,-0.245163950182,0.757253003034,-0.19560288632,-0.00529410710476,0.0495610638617,-5.95257823831,-0.387487533263,-0.387487533263,0.344458741204,-1.15409895193,-0.418249526403,-0.962655755758,-0.0136609830901,-0.00450159508549,0.0122763735997,4,0
245,0.49,1,-0.537937760353,0,-0.0499952472746,0,0,-0.0499952472746,0,-0.0499952472746,0,-0.497652004192,0.160530570465,-0.537937765087,0.176325131845,0.371398673758,0.708212493843,-4.51336500171,4.45027264141,-0.0499952460212,-0.00013752184602,-0.0114468521202,-0.537629259201,0.244677538819,5.93411364713e-07,-0.000148352841172,-0.537766781047,-0.497330073604,0.161410352443,0.233230686698,-0.535089241384,0.158970685582,0.00267753966302,-0.0742600011166,5.33422953986,-0.0499952460212,-0.0499952460212,-0.166539091329,0.884537625689,0.371398673758,0.708212493843,0.0402857608948,-0.0157945613806,-0.0130971142724,4,0
245,0.49,2,0.760753571987,0,-0.41953510046,0,0,-0.41953510046,0,-0.41953510046,0,0.747065005138,-0.200663213077,0.760753588092,-0.19859405688,-0.427579725365,-0.907077969685,0.962778719006,-1.37014702135,-0.41953511107,0.000127796369298,0.0106332522912,0.760467182418,-0.2619864287,-7.41764200063e-07,0.000185441050009,0.760594978788,0.746662591903,-0.201762940542,-0.251353176409,0.754973041826,-0.200333711549,-0.00562193696142,0.0510194648602,-6.0212859386,-0.41953511107,-0.41953511107,0.333173862727,-1.10567202656,-0.427579725365,-0.907077969685,-0.0136885829549,-0.00206915619747,0.0121668087227,4,0
250,0.5,1,-0.536175906658,0,0.145456656814,0,0,0.145456656814,0,0.145456656814,0,-0.49602247829,0.165739353203,-0.536175928296,0.176936353707,0.378372471379,0.690757877974,-4.3383745131,4.47122068122,0.145456651042,-0.000132631045021,-0.0110189103808,-0.535879764009,0.242272129661,7.97854139145e-07,-0.000199463534789,-0.536012395054,-0.495689757099,0.166958986127,0.23125321928,-0.532008036947,0.164239954926,0.00400435810678,-0.0670132643543,5.50459883598,0.145456651042,0.145456651042,-0.157803456918,0.867694231681,0.378372471379,0.690757877974,0.0401534500062,-0.0111970005038,-0.0126104829211,4,0
250,0.5,2,0.75869935751,0,-0.465851902962,0,0,-0.465851902962,0,-0.465851902962,0,0.745028097761,-0.207174191463,0.758699385415,-0.21090638127,-0.436445065646,-0.873711402623,0.902036139576,-1.35632716273,-0.465851898922,0.000121709269483,0.0101003645375,0.758428358364,-0.270536400408,-9.97317669893e-07,0.000249329417486,0.758550067634,0.744612196272,-0.208698732613,-0.26043603587,0.752435864253,-0.206865534526,-0.00611420338034,0.0535705013439,-6.13379958663,-0.465851898922,-0.465851898922,0.32225431977,-1.08461778389,-0.436445065646,-0.873711402623,-0.0136712876547,0.00373218980664,0.0115608757712,4,0
255,0.51,1,-0.534397661686,0,-0.0583331249654,0,0,-0.0583331249654,0,-0.0583331249654,0,-0.494338336442,0.170583251617,-0.534397675186,0.177497158786,0.385197836988,0.669008421202,-4.55370905086,4.48309881554,-0.0583331250162,-0.000128617760041,-0.0107336971805,-0.534107363556,0.242240662675,4.12307879838e-07,-0.000103076969955,-0.534235981316,-0.493996519723,0.171217590338,0.231506965494,-0.532118012897,0.169009098431,0.00211796841916,-0.0624978670631,5.27518178443,-0.0583331250162,-0.0583331250162,-0.149199838198,0.846505579988,0.385197836988,0.669008421202,0.0400593387443,-0.00691390716973,-0.012277110301,4,0
255,0.51,2,0.756516516209,0,-0.372861325741,0,0,-0.372861325741,0,-0.372861325741,0,0.742922920451,-0.213229064439,0.756516516526,-0.221831760013,-0.445016720098,-0.836300209065,0.963019108824,-1.32473214181,-0.372861324258,0.000116733093519,0.009747494148,0.756252702138,-0.280746484962,-5.15384842137e-07,0.000128846210533,0.756369435231,0.742495649552,-0.214021987829,-0.270998990814,0.750841429851,-0.212899126547,-0.00552800537994,0.0580998642669,-5.68106154048,-0.372861324258,-0.372861324258,0.311499796427,-1.05813196908,-0.445016720098,-0.836300209065,-0.0135935960752,0.00860269557366,0.0111482912702,4,0
260,0.52,1,-0.53264862299,0,-0.155754685402,0,0,-0.155754685402,0,-0.155754685402,0,-0.492619096253,0.172951250884,-0.532648621986,0.172697025376,0.391677205389,0.623202033026,-4.67223076701,4.50373946454,-0.155754692388,-0.000133343304664,-0.011136490425,-0.532347072464,0.240011516786,1.85397730446e-07,-4.63494326071e-05,-0.532480415769,-0.49227290147,0.173236439839,0.228875026361,-0.531380919395,0.171336174919,0.00109949637351,-0.057538851442,5.15475850057,-0.155754692388,-0.155754692388,-0.140971416597,0.795899058402,0.391677205389,0.623202033026,0.0400295257334,0.000254225507295,-0.0127366100809,4,0
260,0.52,2,0.754277527332,0,-0.316609025002,0,0,-0.316609025002,0,-0.316609025002,0,0.740773870215,-0.21618906346,0.754277528379,-0.224500765965,-0.453063258891,-0.770373050698,0.996176239574,-1.30106692757,-0.316609025114,0.000122604582018,0.0102470821384,0.753999802178,-0.28658763715,-2.317471538e-07,5.793678844e-05,0.75412240676,0.740341126737,-0.21654554964,-0.276340555012,0.748963468017,-0.215847830218,-0.00515893874235,0.0604927247936,-5.39485589477,-0.316609025114,-0.316609025114,0.301214269488,-0.994873816663,-0.453063258891,-0.770373050698,-0.0135036581638,0.00831170250523,0.0117183371226,4,0
265,0.53,1,-0.530960023403,0,-0.115546442568,0,0,-0.115546442568,0,-0.115546442568,0,-0.490883292445,0.174134436046,-0.530960034547,0.166383771036,0.397645166943,0.56900910717,-4.66958064081,4.54094895752,-0.115546440843,-0.000137191565592,-0.0114389436658,-0.530651012376,0.23510146411,1.54370810912e-07,-3.85927027213e-05,-0.530788203941,-0.490534799218,0.174362391889,0.223662520444,-0.529620169243,0.172520399513,0.00116803469844,-0.0511421209313,5.17476239888,-0.115546440843,-0.115546440843,-0.133314867604,0.735392878206,0.397645166943,0.56900910717,0.0400767421021,0.00775066501045,-0.0130852424529,4,0
265,0.53,2,0.752033948898,0,-0.3132340312,0,0,-0.3132340312,0,-0.3132340312,0,0.738604115458,-0.217668044843,0.752033968065,-0.224264919382,-0.460390384752,-0.694976171578,0.992733212662,-1.29383146794,-0.313234035945,0.000127226461222,0.0106090631279,0.751747349182,-0.288001858831,-1.92963504619e-07,4.82408761412e-05,0.751874575643,0.738168498924,-0.217952989633,-0.277392795703,0.746761598428,-0.21732814972,-0.00511297721552,0.0600646459836,-5.33714040669,-0.313234035945,-0.313234035945,0.291643583313,-0.91924109096,-0.460390384752,-0.694976171578,-0.0134298526068,0.00659687453846,0.0121357806625,4,0
270,0.54,1,-0.52932113409,0,0.0791098326445,0,0,0.0791098326445,0,0.0791098326445,0,-0.48913513741,0.175708636176,-0.529321132069,0.162897921338,0.403089974548,0.521712744072,-4.51966962309,4.58583302308,0.0791098303532,-0.000136019866034,-0.0113141919689,-0.529016513838,0.230273734593,3.58428745184e-07,-8.96071862892e-05,-0.529152533704,-0.488783215091,0.176229980919,0.218959542624,-0.526626075581,0.174146513752,0.0025264581226,-0.0448130288718,5.34875249044,0.0791098303532,0.0791098303532,-0.126231157521,0.68461066541,0.403089974548,0.521712744072,0.0401859946593,0.0128107148381,-0.0129464303613,4,0
270,0.54,2,0.749779939651,0,-0.359630733728,0,0,-0.359630733728,0,-0.359630733728,0,0.736418921666,-0.219635794942,0.749779950852,-0.226913048274,-0.466991005073,-0.628850276353,0.943097743973,-1.29078850966,-0.359630743187,0.000125528337562,0.010433637446,0.749499364641,-0.288855041943,-4.48035924028e-07,0.000112008981007,0.749624892978,0.735979018768,-0.220287475858,-0.278421404497,0.744165121457,-0.219313036617,-0.00545977152154,0.0591083678797,-5.4784288301,-0.359630743187,-0.359630743187,0.282788945778,-0.855763324628,-0.466991005073,-0.628850276353,-0.0133610291858,0.00727725333254,0.0119399774968,4,0
275,0.55,1,-0.527677357197,0,0.362553954124,0,0,0.362553954124,0,0.362553954124,0,-0.487361600679,0.179549006471,-0.527677345891,0.166615435544,0.408152856575,0.496666025204,-4.27233864508,4.62268210302,0.362553951592,-0.000128603898556,-0.010667246874,-0.527391304209,0.229479211018,6.61870936225e-07,-0.000165467734062,-0.527519908107,-0.487001439218,0.18057713377,0.218811964144,-0.522801141627,0.178072358931,0.00471876648048,-0.0407396052131,5.60657955419,0.362553951592,0.362553951592,-0.119524489315,0.663281460749,0.408152856575,0.496666025204,0.0403157452113,0.0129335709265,-0.0122104936566,4,0
275,0.55,2,0.747454345226,0,-0.423992425203,0,0,-0.423992425203,0,-0.423992425203,0,0.734202000756,-0.224436257761,0.747454358935,-0.23773924507,-0.473048748342,-0.591362573608,0.861003597215,-1.27399893815,-0.423992439619,0.000116018275348,0.00960487937451,0.747197538995,-0.293918705845,-8.27338664577e-07,0.000206834666143,0.74731355727,0.73375179893,-0.225721416876,-0.28431382647,0.741273112009,-0.224141628125,-0.00604044526119,0.0601721983449,-5.67096540475,-0.423992439619,-0.423992439619,0.274405610593,-0.829101818678,-0.473048748342,-0.591362573608,-0.0132523581793,0.013302987309,0.0109970986787,4,0
280,0.56,1,-0.525983393192,0,0.0400307029486,0,0,0.0400307029486,0,0.0400307029486,0,-0.485546114248,0.182785104836,-0.525983374161,0.169807213175,0.41299888985,0.466762520142,-4.61028773114,4.6385524871,0.0400307022164,-0.000123135149528,-0.0102883244652,-0.525704707533,0.232124414319,8.47085654954e-08,-2.11771413766e-05,-0.525827842683,-0.485180371052,0.18293512904,0.221836089854,-0.523800714884,0.181191163143,0.00202712779811,-0.0406449267114,5.25744838369,0.0400307022164,0.0400307022164,-0.112984484311,0.636569733317,0.41299888985,0.466762520142,0.0404372599133,0.012977891661,-0.0117659462595,4,0
280,0.56,2,0.745013296604,0,-0.281467616558,0,0,-0.281467616558,0,-0.281467616558,0,0.73193264272,-0.228481380663,0.745013287125,-0.24626323564,-0.478782682714,-0.549448923598,0.961521686044,-1.23256146912,-0.281467613055,0.000109029939612,0.00911947070418,0.744765976552,-0.301705288056,-1.05885697876e-07,2.64714244818e-05,0.744875006491,0.731475463727,-0.228668910906,-0.292585817352,0.739844688663,-0.228151712083,-0.00503031782835,0.0644341052695,-5.02463686303,-0.281467613055,-0.281467613055,0.266230604411,-0.795712159238,-0.478782682714,-0.549448923598,-0.0130806444048,0.0177818549762,0.0104278299795,4,0
285,0.57,1,-0.524311363697,0,-0.112315297127,0,0,-0.112315297127,0,-0.112315297127,0,-0.483717994733,0.182399977867,-0.52431137325,0.164738888424,0.417399410158,0.409402661834,-4.78688764238,4.6620567761,-0.112315297283,-0.000130876121814,-0.0109450555339,-0.52401449073,0.231190609037,-2.28956636095e-07,5.72391590244e-05,-0.524145366852,-0.483353520037,0.182065630526,0.220245553503,-0.52343547472,0.180745082867,0.000709892132453,-0.0395004706355,5.08235230475,-0.112315297283,-0.112315297283,-0.106911963092,0.574141550258,0.417399410158,0.409402661834,0.0405933785166,0.0176610894427,-0.0125155689956,4,0
285,0.57,2,0.74256592989,0,-0.202188104391,0,0,-0.202188104391,0,-0.202188104391,0,0.729647493331,-0.22799997188,0.742565930502,-0.242629732237,-0.483925977538,-0.475047197859,1.01523118413,-1.20607163815,-0.202188098622,0.00011853788126,0.00992519002955,0.742296295344,-0.30312699173,2.86195805388e-07,-7.15489513353e-05,0.742414833225,0.729191899962,-0.227582037689,-0.293201801701,0.737998690887,-0.227652005315,-0.00441614233791,0.0655497963854,-4.66132909889,-0.202188098622,-0.202188098622,0.258639952963,-0.717676930096,-0.483925977538,-0.475047197859,-0.0129184371705,0.0146297603565,0.0113476446047,4,0
290,0.58,1,-0.522708714008,0,-0.0639992430806,0,0,-0.0639992430806,0,-0.0639992430806,0,-0.481903349951,0.180451399181,-0.522708743721,0.157396354429,0.421172562772,0.34390279722,-4.78206004169,4.70499483344,-0.0639992441051,-0.000136946194854,-0.0114226098093,-0.522400033461,0.226082155221,-2.49885484305e-07,6.24713710719e-05,-0.522536979656,-0.481542834382,0.180070370496,0.214659545411,-0.521576090978,0.178798368305,0.000960888678537,-0.0358611771059,5.11196937925,-0.0639992441051,-0.0639992441051,-0.101536180949,0.501299151649,0.421172562772,0.34390279722,0.0408053937699,0.0230550447526,-0.0130659641476,4,0
290,0.58,2,0.740184187889,0,-0.203937724233,0,0,-0.203937724233,0,-0.203937724233,0,0.727379187359,-0.225564248447,0.740184163611,-0.235303018027,-0.488263938247,-0.391320913485,1.01397638939,-1.20591254929,-0.203937717455,0.000125772524141,0.0104922872675,0.739900564998,-0.298405629765,3.12356865151e-07,-7.80892162894e-05,0.740026337522,0.726928542898,-0.225087962575,-0.287913342498,0.735714506584,-0.225216943479,-0.00431183093788,0.0626963990181,-4.64679973008,-0.203937717455,-0.203937717455,0.251920225363,-0.626623931511,-0.488263938247,-0.391320913485,-0.0128049762519,0.00973876957938,0.0120015575572,4,0
295,0.59,1,-0.521160900593,0,0.190725281835,0,0,0.190725281835,0,0.190725281835,0,-0.480106628986,0.179210721801,-0.521160875901,0.15396136824,0.424319116738,0.287705730962,-4.57651496045,4.75434414964,0.190725279947,-0.000135567963074,-0.0112692752053,-0.520857766035,0.220892087385,4.9032904792e-08,-1.2258226203e-05,-0.520993333998,-0.479748179574,0.179261480391,0.209622812179,-0.518070876082,0.177628878172,0.00292245791653,-0.0319939340073,5.34735752749,0.190725279947,0.190725279947,-0.0968417591633,0.441667099201,0.424319116738,0.287705730962,0.0410542469155,0.0252493535614,-0.0128960907622,4,0
295,0.59,2,0.737853765488,0,-0.274878442287,0,0,-0.274878442287,0,-0.274878442287,0,0.725133286157,-0.224013401651,0.737853746669,-0.232659441808,-0.491801548456,-0.319424423919,0.949627495959,-1.21275430525,-0.274878438809,0.000123654978741,0.0102677697689,0.737578034494,-0.29337198994,-6.12911226217e-08,1.5322780644e-05,0.737701689473,0.724685224394,-0.224076849877,-0.283104220171,0.732935373088,-0.223688314696,-0.00476631638488,0.0594159054754,-4.90806756561,-0.274878438809,-0.274878438809,0.246052198213,-0.552083865727,-0.491801548456,-0.319424423919,-0.0127204605117,0.00864604015645,0.0117516295138,4,0
300,0.6,1,-0.51959425211,0,0.544524729252,0,0,0.544524729252,0,0.544524729252,0,-0.478308568026,0.181146248958,-0.519594233545,0.160090272199,0.427008771754,0.25710200406,-4.25591075014,4.78852037678,0.5445247406,-0.000125670937582,-0.0104070627171,-0.51931582927,0.221039608659,4.55961544188e-07,-0.000113990386045,-0.519441500207,-0.477945495249,0.181878359777,0.210632545942,-0.513613904341,0.179675193278,0.00582759586601,-0.0309573526642,5.67516825735,0.5445247406,0.5445247406,-0.0925854617913,0.417192276259,0.427008771754,0.25710200406,0.041285665519,0.0210559767584,-0.0119151139681,4,0
300,0.6,2,0.735485136509,0,-0.364748060703,0,0,-0.364748060703,0,-0.364748060703,0,0.722885709964,-0.226432810539,0.735485157268,-0.241591207604,-0.494753330687,-0.279899129368,0.846498858877,-1.20075841456,-0.364748073588,0.000110897015343,0.00915775372242,0.735241200122,-0.294632173496,-5.69951923102e-07,0.000142487980764,0.735352097137,0.722431868994,-0.227347949052,-0.285474419774,0.729840388711,-0.226143032258,-0.00551170842638,0.0593313875156,-5.21583288895,-0.364748073588,-0.364748073588,0.240731826581,-0.521490336972,-0.494753330687,-0.279899129368,-0.0125994473039,0.0151583970649,0.0104885179065,4,0
305,0.61,1,-0.517952501774,0,0.0836214274168,0,0,0.0836214274168,0,0.0836214274168,0,-0.476486509319,0.182242851368,-0.517952480396,0.164879235701,0.429432477326,0.221756633461,-4.71922729108,4.79146878588,0.0836214310394,-0.00011894912934,-0.00995254669132,-0.517682446642,0.225458915738,-3.12824572413e-07,7.82061430982e-05,-0.517801395771,-0.476122433306,0.18180338778,0.215506369047,-0.515650577435,0.180611015197,0.00215081833574,-0.03489535385,5.18722044516,0.0836214310394,0.0836214310394,-0.0885200030702,0.386635869162,0.429432477326,0.221756633461,0.0414659710774,0.0173636156674,-0.0113799362434,4,0
305,0.61,2,0.733017802238,0,-0.177777275443,0,0,-0.177777275443,0,-0.177777275443,0,0.720608136587,-0.227803563491,0.733017816845,-0.247349600616,-0.497367813581,-0.235945227392,0.988016214276,-1.15599191383,-0.177777270693,0.000102286319971,0.00857413530412,0.732784681505,-0.29987126575,3.91030724911e-07,-9.77576812373e-05,0.732886967825,0.720153041573,-0.227254233991,-0.291297130446,0.728745797396,-0.227464494291,-0.00414117042892,0.0638326361554,-4.40099598866,-0.177777270693,-0.177777270693,0.235650003264,-0.483294828008,-0.497367813581,-0.235945227392,-0.0124096802576,0.0195460371251,0.00980157114377,4,0
310,0.62,1,-0.516337513924,0,-0.135211139917,0,0,-0.135211139917,0,-0.135211139917,0,-0.474679517502,0.178601826105,-0.516337523043,0.158255718199,0.431352581968,0.158052898767,-4.95090073055,4.80324443207,-0.135211133462,-0.000129980720381,-0.0108853963704,-0.516041721346,0.2246507656,-7.04307987653e-07,0.000176076996917,-0.516171702066,-0.474323349221,0.177555909347,0.213765369229,-0.515761990144,0.176890056411,0.000409711921885,-0.0368753128177,4.94684147304,-0.135211133462,-0.135211133462,-0.0849849410743,0.316308616966,0.431352581968,0.158052898767,0.0416580055409,0.0203461079061,-0.0124451650149,4,0
310,0.62,2,0.730597436428,0,-0.0818967670202,0,0,-0.0818967670202,0,-0.0818967670202,0,0.718349396823,-0.223252281838,0.730597453485,-0.2371215988,-0.499366277631,-0.158264163779,1.06192878915,-1.13270571095,-0.0818967701919,0.000115951513913,0.00972843021598,0.730332466001,-0.296816066466,8.80384994684e-07,-0.000220096248661,0.730448417515,0.717904186474,-0.221944885876,-0.28708763625,0.727090961668,-0.22288804997,-0.00335745584662,0.0641995862806,-3.99085583221,-0.0818967701919,-0.0818967701919,0.231231175854,-0.39538576258,-0.499366277631,-0.158264163779,-0.0122480566619,0.0138693169623,0.0111198483829,4,0
315,0.63,1,-0.514814257622,0,-0.0873275101185,0,0,-0.0873275101185,0,-0.0873275101185,0,-0.472920707687,0.173093057179,-0.514814281469,0.148513959971,0.432586575525,0.0871929957731,-4.94007790722,4.83954450036,-0.0873275113601,-0.000138370143114,-0.0115454537836,-0.514502121756,0.218004431977,-7.05232558795e-07,0.000176308139698,-0.514640491899,-0.472575597808,0.172026014796,0.206458978193,-0.51390681801,0.171385302582,0.000733673889142,-0.0350736756114,4.97882728385,-0.0873275113601,-0.0873275113601,-0.0822277059435,0.235706955744,0.432586575525,0.0871929957731,0.0418935737818,0.0245790972076,-0.013205895501,4,0
315,0.63,2,0.728314340115,0,-0.0947408378124,0,0,-0.0947408378124,0,-0.0947408378124,0,0.716150884563,-0.216366320606,0.728314338983,-0.222657420009,-0.500529706955,-0.0719762658754,1.06219464681,-1.14489921604,-0.0947408388039,0.000126082824859,0.0105232756699,0.728029741469,-0.286028306615,8.81540707987e-07,-0.000220385176996,0.728155824294,0.715719497217,-0.215032517613,-0.275505030945,0.724887037441,-0.216002314236,-0.00326878685292,0.0595027167093,-4.04741884631,-0.0947408388039,-0.0947408388039,0.227784632028,-0.294633685884,-0.500529706955,-0.0719762658754,-0.0121634544202,0.00629109940301,0.0120362695682,4,0
320,0.64,1,-0.513364970684,0,0.216408550739,0,0,0.216408550739,0,0.216408550739,0,-0.471214048209,0.168667750256,-0.513364993444,0.143679598786,0.433147453203,0.027292366026,-4.67955899237,4.88296078988,0.216408548368,-0.000136802554909,-0.011365120207,-0.513059579326,0.211016720612,-3.09011041422e-07,7.72527603607e-05,-0.513196381881,-0.470877234425,0.168175133952,0.199651600405,-0.510034586787,0.167050227815,0.00316179509431,-0.0326013725898,5.26616725568,0.216408548368,0.216408548368,-0.080217540241,0.170971964812,0.433147453203,0.027292366026,0.042150945235,0.0249881514702,-0.0130067508659,4,0
320,0.64,2,0.726143598557,0,-0.193701818585,0,0,-0.193701818585,0,-0.193701818585,0,0.714017560225,-0.210834686884,0.726143575628,-0.214864574045,-0.50087165064,0.00114962692451,0.98380660187,-1.16576122193,-0.193701825674,0.000123702327073,0.0102627776931,0.725868358129,-0.275333225754,3.86263810381e-07,-9.65659525994e-05,0.725992060457,0.713596542996,-0.210218916491,-0.265070448061,0.722104016207,-0.210497751218,-0.0038880442491,0.0545726968438,-4.44594157205,-0.193701825674,-0.193701825674,0.225271924988,-0.21371494712,-0.50087165064,0.00114962692451,-0.0121260154029,0.00402988716104,0.011747205618,4,0
325,0.65,1,-0.511898815632,0,0.62417703867,0,0,0.62417703867,0,0.62417703867,0,-0.469533800652,0.16830725985,-0.511898805045,0.15052744669,0.433219752525,-0.00563807996378,-4.29378529348,4.90616585002,0.624177056474,-0.000124577242887,-0.0103015730133,-0.511623801135,0.210525528265,1.93625198652e-07,-4.84062996692e-05,-0.511748378378,-0.469196775884,0.168657602843,0.200223955251,-0.505155197895,0.166823034965,0.00659318048255,-0.0334009202863,5.64960160527,0.624177056474,0.624177056474,-0.0786790525204,0.144889366726,0.433219752525,-0.00563807996378,0.042365004393,0.0177798131602,-0.0117964999279,4,0
325,0.65,2,0.723966836929,0,-0.309291452169,0,0,-0.309291452169,0,-0.309291452169,0,0.711917250788,-0.210384073814,0.723966822561,-0.22196152762,-0.500618007134,0.0408498281329,0.862657135319,-1.16175441643,-0.30929145147,0.000107999478108,0.00889817661823,0.723730571335,-0.273043047748,-2.42031490183e-07,6.05078725568e-05,0.723838570814,0.711495969831,-0.210822002542,-0.26414487113,0.719008797117,-0.210088592717,-0.00482977369615,0.0540562784135,-4.87308817475,-0.30929145147,-0.30929145147,0.223348815426,-0.181111699487,-0.500618007134,0.0408498281329,-0.0120495717725,0.0115774538065,0.0101941703555,4,0
330,0.66,1,-0.510350525379,0,0.0311322379857,0,0,0.0311322379857,0,0.0311322379857,0,-0.467851475583,0.166904568647,-0.510350524837,0.155139071111,0.433006937031,-0.0427308197105,-4.87056567753,4.89050940577,0.031132238358,-0.000116810273663,-0.00978678683048,-0.510084554612,0.214986817569,-7.43675400927e-07,0.000185918850228,-0.510201364885,-0.467518711063,0.165824503572,0.205200030738,-0.508276103666,0.165220209143,0.00192526121944,-0.039979821595,5.03140889934,0.031132238358,0.031132238358,-0.0773435878054,0.1124082514,0.433006937031,-0.0427308197105,0.0424990492533,0.011765497536,-0.0111885101144,4,0
330,0.66,2,0.721707761288,0,-0.0840973332524,0,0,-0.0840973332524,0,-0.0840973332524,0,0.709814344463,-0.208630709746,0.721707768159,-0.225061779164,-0.500028283537,0.084551473863,1.04193736207,-1.11661189346,-0.0840973300562,9.81399796744e-05,0.00824511891437,0.721482971189,-0.275955850904,9.29594260013e-07,-0.000232398565013,0.721581111168,0.709398388814,-0.20728062839,-0.267710731989,0.71840372038,-0.208272819082,-0.00317739078825,0.0594379129068,-3.91806459168,-0.0840973300562,-0.0840973300562,0.221679484622,-0.140510305301,-0.500028283537,0.084551473863,-0.0118934236967,0.0164310694181,0.00942279867046,4,0
335,0.67,1,-0.508849859238,0,-0.248033717275,0,0,-0.248033717275,0,-0.248033717275,0,-0.466214659649,0.159815932801,-0.508849841996,0.145478392233,0.432281736018,-0.106877542265,-5.14726089967,4.88668277393,-0.24803371576,-0.000130881899948,-0.0109738271775,-0.508551182079,0.212670909108,-1.19330733811e-06,0.00029832683453,-0.508682063979,-0.465896795321,0.158037183756,0.201697081931,-0.508929805491,0.158036135057,-0.000247741511611,-0.0436609468733,4.73434651108,-0.24803371576,-0.24803371576,-0.0765681059788,0.0386008499682,0.432281736018,-0.106877542265,0.0426351823471,0.0143375405679,-0.0125444099769,4,0
335,0.67,2,0.719545066357,0,0.0237182956189,0,0,0.0237182956189,0,0.0237182956189,0,0.707768324556,-0.199769914872,0.719545062567,-0.208805828746,-0.498834930139,0.160554775273,1.13323764304,-1.09839842537,0.0237182950707,0.000115781263526,0.0097315474407,0.719279378994,-0.268865834091,1.49163418128e-06,-0.000372908545326,0.719395160258,0.707370994147,-0.197546478553,-0.25913428665,0.717103091034,-0.199380966269,-0.00229206922364,0.0597533203815,-3.48207801503,0.0237182950707,0.0237182950707,0.220710132428,-0.0482510534735,-0.498834930139,0.160554775273,-0.0117767380117,0.00903591387418,0.011120922603,4,0
340,0.68,1,-0.507476747036,0,-0.199951812625,0,0,-0.199951812625,0,-0.199951812625,0,-0.464661979473,0.15067697016,-0.507476755942,0.132044847902,0.430874090858,-0.176740422962,-5.12697676449,4.91353952547,-0.199951806325,-0.000141269521603,-0.0117901984369,-0.507157891025,0.203051609272,-1.16549888229e-06,0.000291374720572,-0.507299160546,-0.464362398289,0.148916467553,0.191261410835,-0.507200555543,0.148904529491,9.86050033108e-05,-0.0423568813444,4.771809868,-0.199951806325,-0.199951806325,-0.0766026650841,-0.0446955750596,0.430874090858,-0.176740422962,0.0428147764699,0.0186321222579,-0.0134854326961,4,0
340,0.68,2,0.71758377552,0,-0.00127320818137,0,0,-0.00127320818137,0,-0.00127320818137,0,0.705827474347,-0.188346211508,0.717583782869,-0.188032981381,-0.496830451469,0.243902459195,1.13414473817,-1.12314490547,-0.00127320819136,0.000128521787614,0.0107307794358,0.717293448269,-0.252715906883,1.45687361086e-06,-0.00036421840272,0.717421970056,0.70545299787,-0.186145583237,-0.241985127447,0.715160202504,-0.187957347835,-0.0022617675521,0.0540277796122,-3.61507811531,-0.00127320819136,-0.00127320819136,0.2207533314,0.0558694778138,-0.496830451469,0.243902459195,-0.0117563085225,-0.000313230127016,0.0122730408871,4,0
345,0.69,1,-0.506209850311,0,0.143224731088,0,0,0.143224731088,0,0.143224731088,0,-0.463196172491,0.143015901482,-0.506209846003,0.124459983149,0.428806784434,-0.234925950067,-4.81944563774,4.94941946188,0.143224725587,-0.000139430729817,-0.0115777326838,-0.505898944345,0.192922603802,-6.81751271547e-07,0.000170437817892,-0.506038375075,-0.462911232063,0.141958900453,0.181344871118,-0.503178381735,0.141349976096,0.00285999333914,-0.0399948950218,5.10418274092,0.143224725587,0.143224725587,-0.0774030615687,-0.110465966917,0.428806784434,-0.234925950067,0.0430136735118,0.0185559183322,-0.0132509014416,4,0
345,0.69,2,0.715787887573,0,-0.124664336443,0,0,-0.124664336443,0,-0.124664336443,0,0.703995215632,-0.178769875601,0.715787911055,-0.175803253059,-0.494034083959,0.313885720662,1.04437632265,-1.15709525807,-0.124664339231,0.000125863252636,0.0104350447783,0.715508351268,-0.237121842104,8.52189097178e-07,-0.000213047274303,0.715634214521,0.703639040099,-0.177448624303,-0.226686797325,0.712583895719,-0.178412013931,-0.0030503188017,0.0482747833947,-4.13736157604,-0.124664339231,-0.124664339231,0.221753827096,0.138082467603,-0.494034083959,0.313885720662,-0.0117926954234,-0.00296662254207,0.01194540381,4,0
350,0.7,1,-0.504943609238,0,0.587239027023,0,0,0.587239027023,0,0.587239027023,0,-0.461785587812,0.140167484409,-0.504943589436,0.130260751953,0.426264537095,-0.266778226537,-4.38666584393,4.96205562182,0.587239006078,-0.000125248358582,-0.010346247887,-0.504667805341,0.190281789249,-1.05240209713e-07,2.63100524241e-05,-0.5047930537,-0.461505272967,0.140078492287,0.179935541362,-0.498179209572,0.138651083502,0.00661384412816,-0.0412844578602,5.52864320379,0.587239006078,0.587239006078,-0.0786790523412,-0.136517474584,0.426264537095,-0.266778226537,0.0431580016243,0.0099067324552,-0.01184922819,4,0
350,0.7,2,0.714014291763,0,-0.259266078472,0,0,-0.259266078472,0,-0.259266078472,0,0.702231984796,-0.175209354199,0.714014306311,-0.181175167779,-0.49066549066,0.351822019937,0.911171947094,-1.16028176194,-0.259266087179,0.000107748353805,0.00886329208931,0.713779525504,-0.231743231395,1.31550270677e-07,-3.28875676577e-05,0.713887273858,0.701881591242,-0.175098114034,-0.222879939306,0.709727435816,-0.17489704374,-0.00415983804174,0.0479828955661,-4.65924213268,-0.259266087179,-0.259266087179,0.22334881565,0.170646852159,-0.49066549066,0.351822019937,-0.0117823215149,0.00596581357949,0.010156272335,4,0
355,0.71,1,-0.503606379032,0,-0.106538854539,0,0,-0.106538854539,0,-0.106538854539,0,-0.460396983549,0.136132349306,-0.503606367473,0.133066183735,0.423448873681,-0.30194857394,-5.04882572319,4.93109621336,-0.106538857907,-0.00011672956413,-0.0097898971565,-0.503339992622,0.19313673107,-1.16293931335e-06,0.000290734828341,-0.503456722186,-0.460126385085,0.134427027672,0.183346833914,-0.50230451967,0.134386201968,0.00115220251519,-0.048960631946,4.81489589537,-0.106538857907,-0.106538857907,-0.0801574937919,-0.168882390206,0.423448873681,-0.30194857394,0.0432093839241,0.00306616557139,-0.0111906519261,4,0
355,0.71,2,0.712174773216,0,-0.0048572961241,0,0,-0.0048572961241,0,-0.0048572961241,0,0.700496229481,-0.170165435261,0.712174780644,-0.181825225967,-0.486977913091,0.392928222616,1.11974003758,-1.11526367316,-0.00485729625235,9.70641602535e-05,0.00816889074938,0.711951602423,-0.232540081836,1.45367414883e-06,-0.000363418537209,0.712048666583,0.700157981403,-0.168033783208,-0.224371191087,0.70973357889,-0.169780545702,-0.00231508769314,0.054590645385,-3.60315993366,-0.00485729625235,-0.00485729625235,0.225196867553,0.211102996649,-0.486977913091,0.392928222616,-0.0116785511637,0.0116597907057,0.00933366067242,4,0
360,0.72,1,-0.502348661423,0,-0.425042003393,0,0,-0.425042003393,0,-0.425042003393,0,-0.459083980952,0.125777652083,-0.502348689985,0.11955106797,0.420158371475,-0.361083418367,-5.35332370609,4.91551801192,-0.425041999866,-0.000133083195197,-0.0111666959679,-0.502044492839,0.188087027638,-1.64064832525e-06,0.000410162081316,-0.502177576034,-0.458834864847,0.1233275662,0.17692033167,-0.503511516579,0.123926504765,-0.00133394054452,-0.0529938269047,4.48516357581,-0.425041999866,-0.425041999866,-0.0821903185096,-0.241532350397,0.420158371475,-0.361083418367,0.0432647090326,0.00622658411296,-0.0127636943102,4,0
360,0.72,2,0.710472881794,0,0.110609591007,0,0,0.110609591007,0,0.110609591007,0,0.698854976249,-0.157222063682,0.710472910435,-0.160680335211,-0.482735011896,0.462595781988,1.22303766402,-1.10110390442,0.110609587581,0.000117780876696,0.00991080149893,0.710201943738,-0.222066045074,2.05081041238e-06,-0.000512702603085,0.710319724614,0.69854358112,-0.154159456321,-0.212155243575,0.708935088487,-0.156802059006,-0.00138463612722,0.0553531845694,-3.15927174275,0.110609587581,0.110609587581,0.227737898539,0.301915446778,-0.482735011896,0.462595781988,-0.0116179341861,0.0034582715281,0.0113241720193,4,0
365,0.73,1,-0.501259982586,0,-0.371199905872,0,0,-0.371199905872,0,-0.371199905872,0,-0.45788829297,0.113352913944,-0.501259968511,0.101991588121,0.416245468135,-0.424281306625,-5.32107252947,4.93605093904,-0.371199919583,-0.000144782630776,-0.0120842792708,-0.500933126816,0.174777800842,-1.57801019979e-06,0.000394502549951,-0.501077909446,-0.457663984108,0.11097092347,0.162693521572,-0.502038733388,0.11151331226,-0.000960823941891,-0.0511802093113,4.53634560849,-0.371199919583,-0.371199919583,-0.0850145003753,-0.322289718503,0.416245468135,-0.424281306625,0.0433716755408,0.0113613258232,-0.0138216708401,4,0
365,0.73,2,0.709022879601,0,0.0760807916522,0,0,0.0760807916522,0,0.0760807916522,0,0.697360366285,-0.141691140968,0.709022865937,-0.135040249232,-0.47775473998,0.537902405979,1.22361778734,-1.13490056678,0.0760807942599,0.000132311092457,0.0110486931886,0.708723883463,-0.201659599285,1.97251275502e-06,-0.000493128188747,0.708856194555,0.69707998021,-0.138713652867,-0.190610906097,0.707434388006,-0.141271390063,-0.00142180654924,0.0493395160337,-3.35707006696,0.0760807942599,0.0760807942599,0.231268125958,0.402862156747,-0.47775473998,0.537902405979,-0.0116624996523,-0.00665089173638,0.0126364262981,4,0
370,0.74,1,-0.500314414501,0,-0.00135699042585,0,0,-0.00135699042585,0,-0.00135699042585,0,-0.456810739064,0.102768017992,-0.500314391253,0.0910824545435,0.41173922406,-0.476045370223,-4.98243106749,4.9675272568,-0.00135699041781,-0.00014258588232,-0.0118357896875,-0.499996707838,0.160983668071,-1.03018715319e-06,0.000257546788295,-0.50013929372,-0.456606823723,0.101185030063,0.149147878383,-0.498146344587,0.101045701095,0.00199294913354,-0.0481021772885,4.90366979982,-0.00135699041781,-0.00135699041781,-0.0885751671924,-0.38496291568,0.41173922406,-0.476045370223,0.0435036521888,0.0116855634482,-0.0135468202754,4,0
370,0.74,2,0.707778811455,0,-0.0625234544277,0,0,-0.0625234544277,0,-0.0625234544277,0,0.696013423918,-0.128460020987,0.707778835512,-0.119391928071,-0.472059875948,0.600595581126,1.12725502415,-1.17751185536,-0.0625234560887,0.000129293466313,0.0107151032817,0.707491934907,-0.182260060128,1.28773394759e-06,-0.00032193348689,0.707621228373,0.695758529745,-0.126481286067,-0.171544956847,0.705288890671,-0.128073543205,-0.00233233770246,0.0434714136412,-3.96512510278,-0.0625234560887,-0.0625234560887,0.235718959564,0.481203653054,-0.472059875948,0.600595581126,-0.0117654115945,-0.00906809291565,0.0122666248775,4,0
375,0.75,1,-0.499396443367,0,0.455583661795,0,0,0.455583661795,0,0.455583661795,0,-0.455815228323,0.0974750737616,-0.499396433028,0.094577265213,0.406810971763,-0.503923686103,-4.53083471413,4.97439495968,0.455583657853,-0.000127139040761,-0.0104977438147,-0.499116777216,0.155382336061,-4.16042725992e-07,0.000104010681501,-0.499243916257,-0.455620755461,0.0969243988905,0.144884592247,-0.493406726154,0.095908761352,0.00583719010272,-0.0489758308946,5.34906215333,0.455583657853,0.455583657853,-0.0925854612648,-0.40934642089,0.406810971763,-0.503923686103,0.0435812047054,0.00289780854865,-0.0120234123038,4,0
375,0.75,2,0.706581294537,0,-0.204380854964,0,0,-0.204380854964,0,-0.204380854964,0,0.694769035506,-0.121843840647,0.70658127651,-0.122949245863,-0.465849449271,0.634632280351,0.990854945468,-1.18490489395,-0.20438085323,0.000109657151879,0.00901501892267,0.70634266314,-0.174276715636,5.20053415554e-07,-0.000130013353887,0.706452320292,0.694525944432,-0.121155497045,-0.165261696713,0.702925907942,-0.121503970962,-0.0035264123499,0.0437577257516,-4.53626863355,-0.20438085323,-0.20438085323,0.240731827239,0.511683034488,-0.465849449271,0.634632280351,-0.0118122410036,0.00110540521622,0.0103309047452,4,0
380,0.76,1,-0.498431563377,0,-0.286916971207,0,0,-0.286916971207,0,-0.286916971207,0,-0.454865712734,0.0909350297504,-0.498431563008,0.0945980468164,0.401646650041,-0.534159576945,-5.23421974223,4.93595481932,-0.286916969352,-0.000118322867525,-0.00992807915044,-0.498161286843,0.155605672478,-1.5217122496e-06,0.000380428062399,-0.498279609711,-0.454686045533,0.0886923161945,0.145677593327,-0.498314212882,0.0891246755776,-3.46031717008e-05,-0.0565529177495,4.59500910318,-0.286916969352,-0.286916969352,-0.0967849129676,-0.439561530129,0.401646650041,-0.534159576945,0.0435658502741,-0.00366301706602,-0.0113479535607,4,0
380,0.76,2,0.705336511135,0,0.0655028522015,0,0,0.0655028522015,0,0.0655028522015,0,0.693582141036,-0.113668785583,0.705336509468,-0.12126180259,-0.459355367517,0.670713723528,1.21498469738,-1.13998277674,0.0655028489177,9.87184953203e-05,0.00831444977137,0.705109155469,-0.173004270278,1.90214031615e-06,-0.000475535079045,0.705207873964,0.693357557039,-0.110865393632,-0.164689820507,0.703610444335,-0.113250939612,-0.00159742962961,0.0514388808943,-3.43722481903,0.0655028489177,0.0655028489177,0.245981141951,0.549451920938,-0.459355367517,0.670713723528,-0.0117543684313,0.007593017007,0.00949907171522,4,0
385,0.77,1,-0.497579962015,0,-0.614127457142,0,0,-0.614127457142,0,-0.614127457142,0,-0.45401814336,0.0778951329219,-0.497579970721,0.0774911097603,0.396081656345,-0.583980294653,-5.54277351676,4.91562334487,-0.614127464932,-0.000135762339128,-0.011393558888,-0.497269526842,0.147455522556,-1.98851699035e-06,0.000497129247581,-0.497405289181,-0.453865316978,0.0749218030823,0.136061963668,-0.500019536578,0.0759784082045,-0.00261424739678,-0.0600835554636,4.26585189162,-0.614127464932,-0.614127464932,-0.101498314377,-0.506489184893,0.396081656345,-0.583980294653,0.0435618273618,0.000404023161582,-0.0130227069575,4,0
385,0.77,2,0.70426017046,0,0.182959288359,0,0,0.182959288359,0,0.182959288359,0,0.692522679334,-0.0973689145238,0.704260166411,-0.0967814139346,-0.452387272617,0.729892903075,1.32247336031,-1.12787995728,0.182959287989,0.000120977604704,0.0101823837821,0.703981689649,-0.159895016904,2.48564623961e-06,-0.000621411559899,0.704102667253,0.692331646361,-0.0936522522217,-0.149712633122,0.703427407891,-0.096914550834,-0.000675259362094,0.0527980822881,-3.00762004127,0.182959287989,0.182959287989,0.251872893794,0.63311148914,-0.452387272617,0.729892903075,-0.0117374870767,-0.00058750058929,0.0116341150386,4,0
390,0.78,1,-0.496932566166,0,-0.549110651016,0,0,-0.549110651016,0,-0.549110651016,0,-0.453314066923,0.0629583758049,-0.496932565464,0.0565446830325,0.389997900194,-0.636177896668,-5.49753669606,4.93431691056,-0.549110627622,-0.000147807084961,-0.0123354728567,-0.496598975391,0.130815639816,-1.88884589003e-06,0.000472211472507,-0.496746782476,-0.453191017253,0.0601082006076,0.118480166959,-0.498930101903,0.0610577076807,-0.0021833194269,-0.0574224592787,4.33811147919,-0.549110627622,-0.549110627622,-0.106934665269,-0.579633213635,0.389997900194,-0.636177896668,0.0436184985405,0.00641369277233,-0.0141091578763,4,0
390,0.78,2,0.703467428684,0,0.143382772803,0,0,0.143382772803,0,0.143382772803,0,0.691642583805,-0.0786979681174,0.703467452824,-0.0681868811224,-0.444799120336,0.792728405871,1.32180376774,-1.16542759348,0.143382771344,0.000136062495492,0.0113606529661,0.703160074567,-0.136658380569,2.36105736373e-06,-0.00059026434093,0.703296137063,0.691488771721,-0.075135249119,-0.125297727603,0.702530434327,-0.078244307679,-0.000765702735636,0.0470534199241,-3.24888581938,0.143382771344,0.143382771344,0.258668332488,0.724541524749,-0.444799120336,0.792728405871,-0.0118248690191,-0.010511086995,0.012993402912,4,0
395,0.79,1,-0.496459126472,0,-0.172772407532,0,0,-0.172772407532,0,-0.172772407532,0,-0.452751855952,0.0501329693279,-0.496459127736,0.0427425966271,0.383427255109,-0.678013825283,-5.1513992964,4.96482900714,-0.172772406731,-0.000145241909791,-0.0120549796097,-0.496135597109,0.113917741116,-1.31408547754e-06,0.00032852136938,-0.496280839019,-0.452653637613,0.0481236053097,0.101862761506,-0.495491001163,0.0483521716107,0.000789837856211,-0.0535105898953,4.72205764728,-0.172772406731,-0.172772406731,-0.113031872627,-0.635271228656,0.383427255109,-0.678013825283,0.043707271784,0.00739037270072,-0.0137978825272,4,0
395,0.79,2,0.702905654907,0,0.00239485921338,0,0,0.00239485921338,0,0.00239485921338,0,0.690939820108,-0.0626662100077,0.702905664521,-0.0503317396449,-0.436615822759,0.844420782886,1.22566553354,-1.21068565278,0.00239485926264,0.000132658596298,0.0109931183389,0.702611335558,-0.114822374903,1.64260685032e-06,-0.000410651712587,0.702743994154,0.690817047187,-0.0601545049801,-0.103829256564,0.701031304437,-0.062245731494,-0.00171268971739,0.0415835250699,-3.88836475885,0.00239485926264,0.00239485926264,0.266289841762,0.794089043241,-0.436615822759,0.844420782886,-0.0119658444131,-0.0123344703628,0.0125850214945,4,0
400,0.8,1,-0.496041476727,0,0.265125989914,0,0,0.265125989914,0,0.265125989914,0,-0.452293373978,0.0426880404629,-0.496041489445,0.0433553617889,0.37651700097,-0.699809987889,-4.71799508974,4.97086264583,0.265126003973,-0.000129590892479,-0.0107033571701,-0.495756210306,0.105437121742,-7.11674551679e-07,0.000177918637925,-0.495885801198,-0.452208921445,0.0416925105497,0.0947337645714,-0.491439883304,0.0410569359076,0.0044459178941,-0.0536768286638,5.15887975643,0.265126003973,0.265126003973,-0.119524488475,-0.6564546261,0.37651700097,-0.699809987889,0.0437481154664,-0.00066732132603,-0.0122584478799,4,0
400,0.8,2,0.70241111517,0,-0.132150307298,0,0,-0.132150307298,0,-0.132150307298,0,0.690366717657,-0.0533600488877,0.702411127067,-0.0517415369629,-0.428005515423,0.872309826886,1.09741793373,-1.21893310264,-0.132150302647,0.000112828271871,0.00928119447364,0.70216522519,-0.10472668215,8.89593196662e-07,-0.000222398299159,0.702278053462,0.690261151994,-0.0521156364853,-0.0954454876763,0.69940754511,-0.0529833477438,-0.00287050835258,0.0424621399325,-4.45133435912,-0.132150302647,-0.132150302647,0.274405611644,0.820568289923,-0.428005515423,0.872309826886,-0.0120444094097,-0.00161851192472,0.0106351337361,4,0
405,0.81,1,-0.495607346296,0,-0.459523022175,0,0,-0.459523022175,0,-0.459523022175,0,-0.451902529697,0.0340403263107,-0.495607343759,0.0403658668605,0.369426260325,-0.722987269381,-5.40429757873,4.93315983659,-0.459523016133,-0.000121125654867,-0.0101612181458,-0.495330797298,0.102755015292,-1.77206387414e-06,0.000443015968541,-0.495451922953,-0.451837032989,0.0314193057457,0.0925937971462,-0.496763669546,0.0321711121503,-0.00131174659294,-0.0604226849959,4.43348639762,-0.459523016133,-0.459523016133,-0.126181083434,-0.68262140252,0.369426260325,-0.722987269381,0.0437048140628,-0.00632554054987,-0.0116147260042,4,0
405,0.81,2,0.701892971992,0,0.133695319295,0,0,0.133695319295,0,0.133695319295,0,0.689878162322,-0.0425504061651,0.70189296878,-0.0477212267117,-0.419166613364,0.900997987002,1.31870379862,-1.17515719645,0.133695318961,0.000102413776619,0.00862231788555,0.701657316156,-0.101298907413,2.21507984299e-06,-0.000553769960758,0.701759729933,0.689796291441,-0.0392741304582,-0.0926765895276,0.70076636349,-0.0420967311164,-0.000993366442458,0.0505798584111,-3.39029855038,0.133695318961,0.133695318961,0.282726355416,0.85327676029,-0.419166613364,0.900997987002,-0.0120148064576,0.00517082054663,0.00985128320497,4,0
410,0.82,1,-0.495312333107,0,-0.760380685329,0,0,-0.760380685329,0,-0.760380685329,0,-0.451632865738,0.0192801756147,-0.495312342262,0.020993047692,0.362033441073,-0.760614488857,-5.68804414603,4.91442011277,-0.760380667559,-0.000138115359462,-0.011585981388,-0.494996839437,0.0920322718329,-2.18268653396e-06,0.000545671633494,-0.495134954796,-0.451597565691,0.016013008925,0.0804462904449,-0.498840913824,0.0173131736111,-0.00370595902825,-0.0631331168339,4.14145871069,-0.760380667559,-0.760380667559,-0.133278901189,-0.739621441165,0.362033441073,-0.760614488857,0.0436794765236,-0.00171287207736,-0.0132433657016,4,0
410,0.82,2,0.701561391354,0,0.24497461319,0,0,0.24497461319,0,0.24497461319,0,0.689541082392,-0.0241002178049,0.701561379982,-0.0218192740565,-0.409962752303,0.946346082275,1.42059886995,-1.16368706564,0.244974617471,0.000124201197379,0.0104467724687,0.701275922763,-0.086426574789,2.72835816406e-06,-0.000682089541014,0.70140012396,0.689496957335,-0.0200162594479,-0.0759798023203,0.701259585128,-0.0236119468576,-0.000140538832019,0.0523678554627,-3.00570314905,0.244974617471,0.244974617471,0.291598627679,0.924526808219,-0.409962752303,0.946346082275,-0.0120202975909,-0.00228094374844,0.0119371868373,4,0
415,0.83,1,-0.49523973465,0,-0.682632863522,0,0,-0.682632863522,0,-0.682632863522,0,-0.45152188597,0.00300390553213,-0.495239741854,-0.00153103192399,0.354253906665,-0.799025190288,-5.63066771865,4.9337813689,-0.682632858892,-0.000149353028108,-0.0124612545279,-0.494902858407,0.0734366974533,-2.04857720865e-06,0.000512144302165,-0.495052211435,-0.451518986234,-8.65648917374e-05,0.0609754429254,-0.4982442227,0.0010571415017,-0.00319201126478,-0.0599183014237,4.23693804119,-0.682632858892,-0.682632858892,-0.140985835189,-0.800556222212,0.354253906665,-0.799025190288,0.0437178558845,0.00453493745612,-0.0142534908652,4,0
415,0.83,2,0.701522409916,0,0.205256968737,0,0,0.205256968737,0,0.205256968737,0,0.689402357698,-0.00375488023031,0.701522428544,0.00740620140197,-0.4002901333,0.993289082671,1.41793276332,-1.19946887634,0.20525696372,0.000138339810697,0.0115468455332,0.701210142745,-0.0621149470801,2.56072150717e-06,-0.000640180376788,0.701348482556,0.689398733031,0.000108207793905,-0.0505681015469,0.701088118586,-0.00326797352665,-0.000260363969843,0.0473001280203,-3.26513399911,0.20525696372,0.20525696372,0.301232295245,1.00069528407,-0.4002901333,0.993289082671,-0.0121200708465,-0.0111610816323,0.0132069232616,4,0
420,0.84,1,-0.495356202126,0,-0.329109996557,0,0,-0.329109996557,0,-0.329109996557,0,-0.451565228683,-0.0110382610146,-0.495356188731,-0.0169289777931,0.346119715605,-0.828734136178,-5.30719708557,4.96416482749,-0.32910998178,-0.000146527970662,-0.0121639406568,-0.495029625028,0.0549548977238,-1.49611673111e-06,0.000374029182781,-0.495176152999,-0.451589619871,-0.0133176816577,0.0427909570669,-0.495599403873,-0.0128730183142,-0.000423250873949,-0.0556639753811,4.60863324777,-0.32910998178,-0.32910998178,-0.149236473126,-0.845663113971,0.346119715605,-0.828734136178,0.0437909600482,0.00589071677852,-0.0139222763048,4,0
420,0.84,2,0.701720714569,0,0.076476469636,0,0,0.076476469636,0,0.076476469636,0,0.689456536106,0.0137978279331,0.701720729544,0.0260733548942,-0.390175136817,1.03100554349,1.33052228938,-1.24126750067,0.0764764680681,0.000134660299165,0.0111623970599,0.701421706719,-0.0395070108763,1.8701459138e-06,-0.000467536478462,0.701556367018,0.689487025095,0.0166471037367,-0.0283446138164,0.700418704304,0.0142545849414,-0.00113766271434,0.0425991987578,-3.8725434007,0.0764764680681,0.0764764680681,0.311545592727,1.05707889839,-0.390175136817,1.03100554349,-0.0122641934378,-0.0122755269611,0.0127783206498,4,0
425,0.85,1,-0.4955509305,0,0.0488905459642,0,0,0.0488905459642,0,0.0488905459642,0,-0.451725932846,-0.0201040573498,-0.495550940808,-0.0192084265834,0.337747484992,-0.843106946298,-4.93543660056,4.97182219975,0.0488905450303,-0.000132067041551,-0.0109201413436,-0.49525937836,0.0444239453713,-9.64969775918e-07,0.000241242443975,-0.495391445401,-0.451767461355,-0.0214879818761,0.0335038040278,-0.492679263769,-0.0218104461382,0.00271218163217,-0.055314250166,4.99720695549,0.0488905450303,0.0488905450303,-0.157803455816,-0.862315372882,0.337747484992,-0.843106946298,0.0438250079618,-0.000895630766355,-0.0125049458422,4,0
425,0.85,2,0.702003717422,0,-0.0353156328201,0,0,-0.0353156328201,0,-0.0353156328201,0,0.689657416326,0.0251300733717,0.70200373427,0.0272836484751,-0.379749413123,1.05061057339,1.22351983957,-1.24784809174,-0.0353156312406,0.000116382264588,0.00959079189468,0.701748920083,-0.0278803646775,1.2062122251e-06,-0.000301553056266,0.701865302347,0.689709326966,0.026859979038,-0.0182895727828,0.699744341474,0.0255503619195,-0.00212096087294,0.0438399347024,-4.36521799406,-0.0353156312406,-0.0353156312406,0.322254321147,1.07789422186,-0.379749413123,1.05061057339,-0.0123463179438,-0.00215357510341,0.0109873790697,4,0
430,0.86,1,-0.495760649443,0,-0.582928359509,0,0,-0.582928359509,0,-0.582928359509,0,-0.451971290904,-0.0302104828666,-0.495760664216,-0.0248484987352,0.329261728526,-0.85794116295,-5.53591100031,4.94102767837,-0.582928354159,-0.000124770241931,-0.0104577248766,-0.495476360206,0.0391578553879,-1.87221966902e-06,0.000468054917251,-0.495601130448,-0.452034459545,-0.032988485061,0.0287001305112,-0.497924478003,-0.0321251989957,-0.0023233475552,-0.060825329507,4.37652496172,-0.582928354159,-0.582928354159,-0.16649893569,-0.882789661685,0.329261728526,-0.85794116295,0.0437893733118,-0.0053619841314,-0.0119549677798,4,0
430,0.86,2,0.702292859554,0,0.201621681452,0,0,0.201621681452,0,0.201621681452,0,0.689964113916,0.0377631052777,0.702292857234,0.0336398338351,-0.369169186188,1.06984724883,1.42003466213,-1.20808858337,0.201621675767,0.000107472572248,0.00903473212287,0.702046382637,-0.0222077012015,2.3402745819e-06,-0.000585068645478,0.702153855209,0.69004307472,0.0412356080146,-0.0131729690787,0.701691339642,0.038251739683,-0.000462515567007,0.0514247087616,-3.44369226276,0.201621675767,0.201621675767,0.333123671047,1.10348708266,-0.369169186188,1.06984724883,-0.0123287433184,0.00412327144259,0.0103244029898,4,0
435,0.87,1,-0.496120393276,0,-0.821993291378,0,0,-0.821993291378,0,-0.821993291378,0,-0.452346984731,-0.0453995189052,-0.496120397807,-0.0443975576207,0.32058521001,-0.88188300453,-5.76299163154,4.92762950466,-0.821993265214,-0.000139555378489,-0.0116941971291,-0.495802396405,0.027047986562,-2.1786644176e-06,0.000544666104402,-0.495941951784,-0.452441045321,-0.048664293301,0.0153537894328,-0.500177468778,-0.0473924557405,-0.00423551699456,-0.0627462451733,4.15708550723,-0.821993265214,-0.821993265214,-0.175535187798,-0.926280562151,0.32058521001,-0.88188300453,0.0437734130763,-0.00100196128445,-0.013368861671,4,0
435,0.87,2,0.702771782875,0,0.295974910259,0,0,0.295974910259,0,0.295974910259,0,0.690433731216,0.0567494002772,0.702771808566,0.0587155867219,-0.358352822332,1.09913512104,1.50527230862,-1.19715761499,0.295974897361,0.000126481538456,0.010622017811,0.702482150248,-0.00663870820951,2.72333051277e-06,-0.000680832628198,0.702608631786,0.690551306957,0.0608303682583,0.00398330960144,0.702854937558,0.0572669505414,0.000246305772173,0.05328364094,-3.14329345305,0.295974897361,0.295974897361,0.344418986234,1.15785070777,-0.358352822332,1.09913512104,-0.0123380773496,-0.0019661864447,0.0121397962724,4,0
440,0.88,1,-0.496696233749,0,-0.735283255577,0,0,-0.735283255577,0,-0.735283255577,0,-0.452882268456,-0.0615201268201,-0.496696247258,-0.0659768731298,0.311667797361,-0.905200465978,-5.69636262944,4.94688906906,-0.73528326162,-0.00014874339597,-0.0124053780083,-0.496361035679,0.00856769223087,-2.0179265644e-06,0.000504481641095,-0.496509779075,-0.453008368973,-0.0645637032858,-0.00383768577742,-0.500151639664,-0.0634896839538,-0.00364186058949,-0.0596519981763,4.27100852776,-0.73528326162,-0.73528326162,-0.185028449897,-0.971177339108,0.311667797361,-0.905200465978,0.0438139788024,0.00445674630974,-0.0141902987599,4,0
440,0.88,2,0.703525960445,0,0.260615378618,0,0,0.260615378618,0,0.260615378618,0,0.691102835889,0.0769001600991,0.703525946511,0.085895401974,-0.347240382604,1.12807627643,1.50015113594,-1.22636156894,0.260615366647,0.000138061996614,0.0115174563926,0.70321465387,0.0166578980233,2.52240819643e-06,-0.000630602049101,0.703352715867,0.691260461538,0.0807046306674,0.0281753544159,0.70347283466,0.0774155767145,0.000120118792947,0.0492402222986,-3.3947824189,0.260615366647,0.260615366647,0.356285563907,1.2139716784,-0.347240382604,1.12807627643,-0.0124231106227,-0.00899524187493,0.013174200352,4,0
445,0.89,1,-0.497454375029,0,-0.441773027182,0,0,-0.441773027182,0,-0.441773027182,0,-0.453570062629,-0.0754843882618,-0.497454377252,-0.0811417891096,0.302540276764,-0.921777086594,-5.43019726793,4.97455658767,-0.441773040916,-0.000145885164623,-0.0121170173672,-0.497128792298,-0.00936793242685,-1.5459136935e-06,0.00038647842338,-0.497274677463,-0.453723406819,-0.0778315301699,-0.0214849497941,-0.498627917425,-0.0773617988783,-0.00135323996246,-0.0558768490842,4.59211642626,-0.441773040916,-0.441773040916,-0.194914100488,-1.0029188757,0.302540276764,-0.921777086594,0.0438843146226,0.00565740084785,-0.0138676393427,4,0
445,0.89,2,0.704502403736,0,0.15896064043,0,0,0.15896064043,0,0.15896064043,0,0.691962578621,0.0943554868439,0.704502417571,0.103783423087,-0.335859790383,1.14986517559,1.43106323625,-1.25934241836,0.158960646748,0.000134379937086,0.0111476118982,0.704203422666,0.038070983055,1.93239211299e-06,-0.000483098028253,0.704337802603,0.692154258861,0.0972894142228,0.0492185949532,0.703761286962,0.0948470996915,-0.000576515641198,0.0456285047383,-3.90305131001,0.158960646748,0.158960646748,0.368642627188,1.25364859868,-0.335859790383,1.14986517559,-0.0125398389497,-0.00942793624309,0.0127601711433,4,0
450,0.9,1,-0.498303562403,0,-0.170628622174,0,0,-0.170628622174,0,-0.170628622174,0,-0.454378425478,-0.0854362385528,-0.498303562229,-0.0859937088971,0.293286407238,-0.927999964514,-5.16656004448,4.98319960203,-0.17062861546,-0.000134230801656,-0.0111210573684,-0.498005749228,-0.0206777923481,-1.15122170952e-06,0.000287805427376,-0.49813998003,-0.454550929873,-0.0871156138593,-0.0317988497165,-0.497252559696,-0.0872226608119,0.00088742033348,-0.0554238110955,4.88518468913,-0.17062861546,-0.17062861546,-0.205017154991,-1.01399367341,0.293286407238,-0.927999964514,0.0439251367505,0.000557470344206,-0.0127318269882,4,0
450,0.9,2,0.705576837063,0,0.0847900509834,0,0,0.0847900509834,0,0.0847900509834,0,0.692973032197,0.106795299704,0.705576813133,0.108057942612,-0.324305367777,1.15943415301,1.35910070019,-1.26298142325,0.0847900487344,0.000119692607314,0.00989291691644,0.705312788892,0.0504718841776,1.43902713967e-06,-0.000359756784928,0.705432481499,0.693188662694,0.108894518842,0.0603648010941,0.704184995915,0.107262464859,-0.00124748558409,0.0468976637651,-4.26385607417,0.0847900487344,0.0847900487344,0.381271445356,1.26749209562,-0.324305367777,1.15943415301,-0.0126037809361,-0.00126264290733,0.0113292282042,4,0
455,0.91,1,-0.499197274446,0,-0.632188081741,0,0,-0.632188081741,0,-0.632188081741,0,-0.455281876014,-0.0961451068853,-0.499197262721,-0.0936030480121,0.283992111922,-0.933885951721,-5.60734131601,4.96280816011,-0.632188068001,-0.000129013569622,-0.0107969250559,-0.498904283489,-0.0278757087772,-1.79144139473e-06,0.000447860348675,-0.499033297058,-0.45547681435,-0.098812749154,-0.0386726338331,-0.501826038743,-0.098084446999,-0.00279274168477,-0.0594118131659,4.4462515795,-0.632188068001,-0.632188068001,-0.215205150799,-1.02748899973,0.283992111922,-0.933885951721,0.0439153867077,-0.0025420588732,-0.0123450878914,4,0
455,0.91,2,0.706692695618,0,0.264456838369,0,0,0.264456838369,0,0.264456838369,0,0.694102345381,0.120181385104,0.706692672862,0.116629740992,-0.312686232708,1.1677315123,1.50707951339,-1.23175275651,0.264456832521,0.000113391217592,0.00950922975006,0.706434011916,0.0583413205954,2.23930173404e-06,-0.000559825433517,0.706547403134,0.694346018305,0.123515937926,0.0678505503455,0.706549149588,0.120700001946,1.74645433437e-06,0.0528494516002,-3.59564018223,0.264456832521,0.264456832521,0.394006440154,1.28436125329,-0.312686232708,1.1677315123,-0.0125903274804,0.00355164411128,0.0108699243612,4,0
460,0.92,1,-0.50023329258,0,-0.776469290257,0,0,-0.776469290257,0,-0.776469290257,0,-0.456312504755,-0.110242259849,-0.500233274273,-0.110880280785,0.274621217967,-0.943857788011,-5.74558963439,4.95575194632,-0.776469300447,-0.000139761300233,-0.0116912520178,-0.499916068024,-0.0398616074506,-1.94727257707e-06,0.00048681814427,-0.500055829324,-0.456535912749,-0.113164451339,-0.0515528594684,-0.503998227432,-0.11222916496,-0.00394239810823,-0.0606763054918,4.33090830004,-0.776469300447,-0.776469300447,-0.225612056306,-1.0547380688,0.274621217967,-0.943857788011,0.0439207695181,0.000638020936436,-0.0133683876206,4,0
460,0.92,2,0.707984507084,0,0.329467475414,0,0,0.329467475414,0,0.329467475414,0,0.695390631323,0.137802826218,0.707984478251,0.138367765947,-0.300969406179,1.18005482312,1.5642322913,-1.22257877504,0.329467471575,0.000127233636176,0.0106592410557,0.707694720476,0.0733075932436,2.43409070622e-06,-0.000608522676561,0.707821954112,0.695669891318,0.141455565558,0.0839668342993,0.708301934588,0.138340797188,0.000479980476104,0.0543739628885,-3.42314955328,0.329467471575,0.329467471575,0.407015072071,1.31842258907,-0.300969406179,1.18005482312,-0.0125938469276,-0.000564939728256,0.0121860446898,4,0
465,0.93,1,-0.50145149231,0,-0.689347326756,0,0,-0.689347326756,0,-0.689347326756,0,-0.457487142663,-0.124506323321,-0.501451466779,-0.12871626579,0.265156316845,-0.952059546256,-5.67457979292,4.97134242234,-0.689347297242,-0.000145665474719,-0.0121420876389,-0.501123576033,-0.0558623478599,-1.77277512753e-06,0.000443193781881,-0.501269241508,-0.457738842234,-0.127179367183,-0.0680044354987,-0.504577802375,-0.126468434143,-0.00330856086684,-0.0584639986441,4.45221732529,-0.689347297242,-0.689347297242,-0.236295149934,-1.08077581205,0.265156316845,-0.952059546256,0.043964324116,0.0042099424689,-0.0138900733355,4,0
465,0.93,2,0.709505021572,0,0.302305698395,0,0,0.302305698395,0,0.302305698395,0,0.696858928721,0.155632905444,0.709505007954,0.160589726686,-0.28913606882,1.19038004081,1.55656731183,-1.24141793953,0.302305690001,0.000134682915628,0.0112274873166,0.709201804576,0.0932275955294,2.21596889483e-06,-0.000553992223696,0.709336487492,0.697173553188,0.158974210248,0.104455082846,0.709700997043,0.156167991624,0.000364509550936,0.0517129087777,-3.64092317531,0.302305690001,0.302305690001,0.420368939134,1.3509697675,-0.28913606882,1.19038004081,-0.0126460792335,-0.00495682124273,0.0128436823041,4,0
470,0.94,1,-0.502821266651,0,-0.497240960598,0,0,-0.497240960598,0,-0.497240960598,0,-0.458796345535,-0.136930611381,-0.502821238575,-0.141652814638,0.255626577181,-0.955504741361,-5.50198121975,4.99112769382,-0.497240969856,-0.000143084606679,-0.0118955407841,-0.502501134138,-0.0709116523226,-1.44365180416e-06,0.000360912951037,-0.502644218745,-0.4590724066,-0.139113271348,-0.0828071931067,-0.504453485198,-0.1388329922,-0.00180926645324,-0.0560257990936,4.67876123559,-0.497240969856,-0.497240969856,-0.247194661394,-1.097157556,0.255626577181,-0.955504741361,0.0440248930406,0.00472220325718,-0.0136125560642,4,0
470,0.94,2,0.711209774017,0,0.24193803966,0,0,0.24193803966,0,0.24193803966,0,0.698495432323,0.171163265423,0.711209764475,0.175937301556,-0.277216435994,1.19550964537,1.51568838507,-1.26125882206,0.241938037196,0.000131401734297,0.0109147050046,0.710916418201,0.111243022139,1.80456474719e-06,-0.000451141186796,0.711047819935,0.698840508657,0.17389159037,0.122157727144,0.711000362868,0.171684304196,-4.74570671947e-05,0.0495265770518,-3.98383907015,0.241938037196,0.241938037196,0.433993328481,1.37144694692,-0.277216435994,1.19550964537,-0.0127143321514,-0.00477403613313,0.0124915258162,4,0
475,0.95,1,-0.50428378582,0,-0.380999028683,0,0,-0.380999028683,0,-0.380999028683,0,-0.460217356154,-0.146886783521,-0.504283766248,-0.148639384133,0.246084790608,-0.953319638098,-5.39177177726,4.99785035277,-0.38099901538,-0.000135907518527,-0.0112915188872,-0.503980133,-0.0815969104444,-1.25053333899e-06,0.000312633334752,-0.504116040518,-0.460512957806,-0.148738726132,-0.0928884293316,-0.504963416756,-0.148751202712,-0.000847376237306,-0.0558627733808,4.82657300212,-0.38099901538,-0.38099901538,-0.25819897564,-1.10195902223,0.246084790608,-0.953319638098,0.0440664100942,0.00175260061278,-0.0129224091095,4,0
475,0.95,2,0.713019728661,0,0.218629658222,0,0,0.218629658222,0,0.218629658222,0,0.700271695609,0.183608480569,0.713019728959,0.183531419537,-0.265271007653,1.19391735997,1.49199947845,-1.26174140456,0.218629658142,0.000122421372779,0.0101593592685,0.71274696392,0.123452849812,1.56316667377e-06,-0.000390791668443,0.712869385293,0.700641197677,0.185923408834,0.13361220908,0.712586740845,0.184121607453,-0.000282644447707,0.0505093983733,-4.15559884895,0.218629658142,0.218629658142,0.447748721306,1.37744877951,-0.265271007653,1.19391735997,-0.0127480333499,7.70610319173e-05,0.0116284157418,4,0
480,0.96,1,-0.505817294121,0,-0.59840375185,0,0,-0.59840375185,0,-0.59840375185,0,-0.461735850292,-0.157202218014,-0.505817298292,-0.157442240855,0.236577960155,-0.950185184232,-5.60041950031,4.98924832581,-0.598403771296,-0.000133668145971,-0.011163385449,-0.505515134631,-0.0899776380855,-1.51410770849e-06,0.000378526927116,-0.505648802777,-0.462052516004,-0.159468437217,-0.101141023535,-0.508218917997,-0.159139012501,-0.00257011522052,-0.0579979889667,4.64151120317,-0.598403771296,-0.598403771296,-0.269239338137,-1.10762742509,0.236577960155,-0.950185184232,0.0440814480001,0.000240022841897,-0.0127674032007,4,0
480,0.96,2,0.714909911156,0,0.312099039555,0,0,0.312099039555,0,0.312099039555,0,0.702169813293,0.196502773641,0.714909890283,0.193977568139,-0.253360715839,1.19055671468,1.5679305591,-1.24437627501,0.312099031223,0.00011982369487,0.0100173685278,0.714638430565,0.133238076891,1.89263462136e-06,-0.000473158655336,0.71475825426,0.702565645436,0.199335547624,0.143255445419,0.715117961421,0.197042279813,0.000359707160438,0.053786834394,-3.85447985572,0.312099031223,0.312099031223,0.461549174443,1.38453428282,-0.253360715839,1.19055671468,-0.01274007699,0.00252520550236,0.0114552528663,4,0
485,0.97,1,-0.507466614246,0,-0.619474947453,0,0,-0.619474947453,0,-0.619474947453,0,-0.463364838155,-0.168586558365,-0.507466598357,-0.170019698809,0.22710360546,-0.946902804714,-5.62040879461,4.98770134086,-0.619474955664,-0.000138628337941,-0.0115689580266,-0.507153681922,-0.100298537992,-1.47907342063e-06,0.000369768355159,-0.50729231026,-0.463704242591,-0.170811522954,-0.111867496018,-0.510010325544,-0.170530120339,-0.00271801528384,-0.0586626243208,4.65590168151,-0.619474955664,-0.619474955664,-0.280362992897,-1.11692250352,0.22710360546,-0.946902804714,0.0441017602011,0.00143314044418,-0.0132324980819,4,0
485,0.97,2,0.716943383217,0,0.335249871016,0,0,0.335249871016,0,0.335249871016,0,0.704206048133,0.210733198951,0.716943386388,0.209753890955,-0.241489643483,1.18639923932,1.58626935665,-1.23896187075,0.335249877849,0.00012625596314,0.010542536492,0.716658027377,0.146105391652,1.84884175514e-06,-0.000462210438786,0.71678428334,0.70463030368,0.213514404657,0.156647928144,0.717301743789,0.211278852937,0.000517460449031,0.0546309247931,-3.85190616282,0.335249877849,0.335249877849,0.475453742905,1.39615313028,-0.241489643483,1.18639923932,-0.0127373382551,0.000979307996393,0.0120576080497,4,0
490,0.98,1,-0.509237349033,0,-0.543525159359,0,0,-0.543525159359,0,-0.543525159359,0,-0.46510499181,-0.179236401357,-0.509237334701,-0.181432967087,0.217672674711,-0.941032198813,-5.55157765535,4.9946985334,-0.543525175171,-0.000140127019782,-0.0116724225453,-0.508922372405,-0.111523502758,-1.30798841008e-06,0.000326997102519,-0.509062499424,-0.465465444745,-0.1812074584,-0.123195925303,-0.511176870149,-0.181156062954,-0.0021143707243,-0.0579601376509,4.76930811006,-0.543525175171,-0.543525175171,-0.29156465999,-1.1224651659,0.217672674711,-0.941032198813,0.0441323428908,0.0021965657304,-0.0133539467827,4,0
490,0.98,2,0.719129562378,0,0.319530755281,0,0,0.319530755281,0,0.319530755281,0,0.706381240211,0.224045502535,0.719129561786,0.224074404274,-0.229673735009,1.17900705331,1.57638302327,-1.2446381662,0.319530764298,0.000128182535097,0.0106759023571,0.718841549989,0.160173417903,1.63498549288e-06,-0.000408746373223,0.718969732524,0.706831806381,0.226509323809,0.17084932026,0.719393390759,0.224587675474,0.000423658235218,0.0537383552143,-4.01079982449,0.319530764298,0.319530764298,0.489455826777,1.40308145758,-0.229673735009,1.17900705331,-0.0127483215751,-2.89017396956e-05,0.0122140927782,4,0
495,0.99,1,-0.51110637188,0,-0.493358254433,0,0,-0.493358254433,0,-0.493358254433,0,-0.46694518977,-0.188620595697,-0.511106367733,-0.190276171677,0.208313191803,-0.93218162031,-5.50701704252,5.00049811298,-0.49335824479,-0.000138166987053,-0.0115026809119,-0.510796170927,-0.121477981926,-1.18278515071e-06,0.000295696287678,-0.510934337914,-0.467324209619,-0.190397013553,-0.132980662838,-0.512647980961,-0.190524878664,-0.00171364304717,-0.0575442158259,4.85703428829,-0.49335824479,-0.49335824479,-0.30279317593,-1.12245779199,0.208313191803,-0.93218162031,0.0441611779637,0.00165557597981,-0.0131606847565,4,0
495,0.99,2,0.721438229084,0,0.312923669815,0,0,0.312923669815,0,0.312923669815,0,0.708681487668,0.235775745331,0.721438229264,0.235046582411,-0.217946757563,1.16802565725,1.57294589993,-1.24804614078,0.312923666305,0.000125767246387,0.0104668858904,0.721156078791,0.172509486717,1.47848142651e-06,-0.000369620356633,0.721281846038,0.709155262481,0.237996267632,0.182976372608,0.721667025058,0.236316809389,0.000385179020002,0.0533404367809,-4.12722740616,0.312923666305,0.312923666305,0.503491471701,1.40307223966,-0.217946757563,1.16802565725,-0.0127567415962,0.000729162919868,0.0119760928471,4,0
500,1,1,-0.513059437275,0,-0.575113296509,0,0,-0.575113296509,0,-0.575113296509,0,-0.46887596884,-0.197626567828,-0.513059458334,-0.198958961874,0.199052149951,-0.92172527109,-5.58972516975,5.00154572203,-0.575113275382,-0.000136999274597,-0.0114221810443,-0.512750735915,-0.130231138812,-1.24978758048e-06,0.000312446895122,-0.512887735189,-0.469273109513,-0.199507677044,-0.141653319857,-0.51526758615,-0.199559551882,-0.00237985096045,-0.0579062320255,4.81360342858,-0.575113275382,-0.575113275382,-0.314007308383,-1.12068423296,0.199052149951,-0.92172527109,0.0441834894939,0.00133239404675,-0.0130661723394,4,0
500,1,2,0.723851561546,0,0.351210832596,0,0,0.351210832596,0,0.351210832596,0,0.711094961513,0.24703321044,0.723851542325,0.245920197135,-0.206342405063,1.15493509354,1.60882579762,-1.24574492105,0.351210827643,0.000124429040947,0.0103769004441,0.723570927744,0.183395807675,1.56223447267e-06,-0.000390558618178,0.723695356785,0.711591387355,0.249384596957,0.193772708119,0.724379862022,0.247586747961,0.000684505236946,0.0538140398419,-4.06065980001,0.351210827643,0.351210827643,0.517509137263,1.40085529067,-0.206342405063,1.15493509354,-0.0127565808129,0.00111301330454,0.0118700489355,4,0
505,1.01,1,-0.515106797218,0,-0.484291285276,0,0,-0.484291285276,0,-0.484291285276,0,-0.470897796678,-0.206498616898,-0.515106776336,-0.208217147742,0.189900445347,-0.909952398012,-5.50246076794,5.00496811437,-0.484291294833,-0.000138509330765,-0.0115392467717,-0.51479537168,-0.139086969006,-1.04255631844e-06,0.000260639079609,-0.514933881011,-0.471312383179,-0.208075168153,-0.150626215778,-0.516562346355,-0.208401306467,-0.00162846534488,-0.0577750906896,4.94354398386,-0.484291294833,-0.484291294833,-0.32520633099,-1.11816954575,0.189900445347,-0.909952398012,0.044208979659,0.00171853084469,-0.0132013587408,4,0
505,1.01,2,0.72638386488,0,0.332417875528,0,0,0.332417875528,0,0.332417875528,0,0.713622246316,0.258123271707,0.726383855119,0.257646706035,-0.194875939604,1.14006522537,1.59177952089,-1.24730830019,0.332417879476,0.000126472637509,0.0105356695723,0.726099573441,0.194558067867,1.30319537961e-06,-0.000325798844894,0.726226046078,0.714140479444,0.26009396075,0.20509373744,0.726763815921,0.258670837107,0.000537769842811,0.0535770996677,-4.22644910622,0.332417879476,0.332417879476,0.531507915515,1.3977119314,-0.194875939604,1.14006522537,-0.0127616088034,0.000476565672521,0.0120533412224,4,0
510,1.02,1,-0.517226576805,0,-0.36025094986,0,0,-0.36025094986,0,-0.36025094986,0,-0.47299991644,-0.213599826253,-0.517226581031,-0.213976596788,0.180878786167,-0.894949992812,-5.38064935027,5.00743301974,-0.360250947094,-0.000136186605891,-0.011331144161,-0.516921298623,-0.146373635104,-7.87142844072e-07,0.000196785711018,-0.517057485229,-0.473428320032,-0.21479215295,-0.157704779265,-0.517653093287,-0.215460375288,-0.000595608058149,-0.0577555960231,5.10578702994,-0.360250947094,-0.360250947094,-0.336347794863,-1.1089265896,0.180878786167,-0.894949992812,0.0442266645909,0.000376770535004,-0.0129653834317,4,0
510,1.02,2,0.72900801897,0,0.30288207531,0,0,0.30288207531,0,0.30288207531,0,0.716249896024,0.266999783239,0.729008008108,0.26495564893,-0.183573262761,1.12120258669,1.56239189734,-1.24774635109,0.302882086401,0.000123622887851,0.010279985202,0.728731260604,0.203749369015,9.83928529874e-07,-0.000245982132468,0.728854883492,0.716785400514,0.268490191573,0.214029354217,0.729149404689,0.267537262767,0.000294521197105,0.0535079085496,-4.42737713475,0.302882086401,0.302882086401,0.545434745346,1.38615823562,-0.183573262761,1.12120258669,-0.0127581120839,0.0020441343093,0.0117634598562,4,0
515,1.03,1,-0.519384205341,0,-0.307994395494,0,0,-0.307994395494,0,-0.307994395494,0,-0.475163952593,-0.218989286618,-0.519384185215,-0.216708770932,0.172019991732,-0.876917134309,-5.32172297972,5.0011223307,-0.307994396912,-0.000132378266384,-0.0110177129072,-0.519087168274,-0.150861785113,-6.3962305713e-07,0.000159905764283,-0.51921954654,-0.475602895287,-0.219951064306,-0.16187949802,-0.519329914972,-0.220829535051,-0.000110368431307,-0.058950037031,5.19427138506,-0.307994396912,-0.307994396912,-0.347364193483,-1.09362590524,0.172019991732,-0.876917134309,0.0442202326219,-0.00228051568671,-0.0126062521038,4,0
515,1.03,2,0.731681406498,0,0.30137193203,0,0,0.30137193203,0,0.30137193203,0,0.718954941218,0.273736608507,0.731681392424,0.26867785946,-0.172476148821,1.09835452005,1.55101358123,-1.23831852542,0.301371917871,0.000118949166624,0.00989574794466,0.731414760708,0.209614117906,7.99528797724e-07,-0.000199882199444,0.731533709874,0.719503619586,0.274938830581,0.21950986585,0.731763457904,0.274270296702,0.000229748030118,0.0547604308514,-4.50331922192,0.301371917871,0.301371917871,0.559205243603,1.36703237951,-0.172476148821,1.09835452005,-0.0127264512056,0.00505874904656,0.0113231379442,4,0
520,1.04,1,-0.521568059921,0,-0.434139639139,0,0,-0.434139639139,0,-0.434139639139,0,-0.477378089618,-0.223939329363,-0.521568049305,-0.219922568283,0.163351864355,-0.857307308511,-5.4342008586,4.98752795557,-0.434139651786,-0.000131363784468,-0.0109568858286,-0.521271724771,-0.153888060138,-7.71640951414e-07,0.000192910237847,-0.521403088556,-0.477827093987,-0.225080915423,-0.164844945966,-0.522480350476,-0.225818590233,-0.00107726192045,-0.0609736442663,5.10434938223,-0.434139651786,-0.434139651786,-0.35821618495,-1.07722987679,0.163351864355,-0.857307308511,0.0441899596873,-0.00401676108095,-0.0125332512422,4,0
520,1.04,2,0.734393656254,0,0.358371138573,0,0,0.358371138573,0,0.358371138573,0,0.721722612501,0.27992416178,0.734393655242,0.273529393227,-0.161623422328,1.07300795022,1.59258935571,-1.22297029119,0.358371133054,0.000117845533404,0.00983378506249,0.734127495285,0.214138955332,9.64551174043e-07,-0.000241137793513,0.734245340819,0.722283867963,0.281351144332,0.223972740395,0.73487761915,0.280472287057,0.000632278331189,0.0564995466623,-4.34184692978,0.358371133054,0.358371133054,0.572770232914,1.34653734344,-0.161623422328,1.07300795022,-0.0126710427413,0.0063947685536,0.0112479314633,4,0
525,1.05,1,-0.523818492889,0,-0.746107041836,0,0,-0.746107041836,0,-0.746107041836,0,-0.479649790062,-0.231052959414,-0.523818495253,-0.229885345508,0.154882984828,-0.839107386243,-5.73884735934,4.97958837903,-0.746107055311,-0.000137412511588,-0.0115029748558,-0.523505777025,-0.159626072992,-1.14405578738e-06,0.000286013946842,-0.523643189536,-0.480113695663,-0.232810842321,-0.171129047848,-0.527281225218,-0.233037602546,-0.00363803568184,-0.061908554698,4.83366597151,-0.746107055311,-0.746107055311,-0.368935510425,-1.06899273175,0.154882984828,-0.839107386243,0.0441687051905,-0.00116761390641,-0.0131519249948,4,0
525,1.05,2,0.737200737,0,0.465607762337,0,0,0.465607762337,0,0.465607762337,0,0.724562238057,0.288816199267,0.737200722242,0.287310856843,-0.151031332511,1.0489300551,1.69602939853,-1.21837686958,0.465607769892,0.00012564925398,0.0105369680033,0.73691350176,0.222508694206,1.43006972841e-06,-0.000357517432093,0.737039151014,0.725142120058,0.291013552893,0.233045662209,0.738571122406,0.289399902782,0.00153197139192,0.0563542405723,-3.99940720443,0.465607769892,0.465607769892,0.586169389731,1.33624091194,-0.151031332511,1.0489300551,-0.0126384841856,0.0015053424238,0.0120447590511,4,0
530,1.06,1,-0.526182949543,0,-0.299356609583,0,0,-0.299356609583,0,-0.299356609583,0,-0.481997250545,-0.237473627122,-0.526182921759,-0.238940913074,0.146593404395,-0.819512048449,-5.30783807909,4.99486369583,-0.299356610777,-0.000143214970609,-0.0118991928341,-0.525862852216,-0.168335574057,-3.98351269082e-07,9.95878172714e-05,-0.526006067187,-0.482472860106,-0.23810354356,-0.180234766891,-0.526039291224,-0.23930871215,-3.32240373351e-05,-0.0590739452594,5.32247307219,-0.299356610777,-0.299356610777,-0.379589517364,-1.05845296152,0.146593404395,-0.819512048449,0.0441856712138,0.00146728595143,-0.0136177724814,4,0
530,1.06,2,0.740161955357,0,0.314716637135,0,0,0.314716637135,0,0.314716637135,0,0.72749656366,0.296842033809,0.740161971219,0.299507946318,-0.140675072843,1.02355825259,1.57001802584,-1.2426694322,0.314716639211,0.000132977294095,0.0110362269033,0.739865526456,0.234293131192,4.97939064648e-07,-0.000124484766161,0.73999850375,0.72809107561,0.297629429324,0.245329358095,0.740452288344,0.297381855671,0.000453784594449,0.0520524975754,-4.70462113346,0.314716639211,0.314716639211,0.599486898376,1.32306619891,-0.140675072843,1.02355825259,-0.0126654075586,-0.00266591250852,0.0126319544325,4,0
535,1.07,1,-0.528563380241,0,-0.0169072374701,0,0,-0.0169072374701,0,-0.0169072374701,0,-0.484382613052,-0.238930970963,-0.528563385157,-0.236269573267,0.138514653956,-0.794983166439,-5.02951948125,5.00003365684,-0.0169072379156,-0.000132535628348,-0.010988158961,-0.528268728918,-0.17150190751,9.21703097734e-08,-2.30425774395e-05,-0.528401264547,-0.484860369978,-0.238809335222,-0.182490066471,-0.526117996579,-0.240669945277,0.00228326796761,-0.0581798788057,5.64144588754,-0.0169072379156,-0.0169072379156,-0.390048731201,-1.03125273971,0.138514653956,-0.794983166439,0.044180772105,-0.00266139769624,-0.0125785865012,4,0
535,1.07,2,0.74314647913,0,0.225007563829,0,0,0.225007563829,0,0.225007563829,0,0.730478266792,0.298663713425,0.743146502332,0.296237997342,-0.130585586692,0.992827923744,1.48688022024,-1.25054553915,0.225007567446,0.000119552106707,0.00989248835919,0.742881917267,0.238323470954,-1.15212915319e-07,2.88032288174e-05,0.743001469373,0.731075462949,0.298511668705,0.248215959314,0.742753231977,0.299175170307,-0.000248237396017,0.0509592109936,-5.12842095963,0.225007567446,0.225007567446,0.61256091564,1.28906592109,-0.130585586692,0.992827923744,-0.0126682355402,0.00242571608262,0.0113271136397,4,0
540,1.08,1,-0.530881166458,0,5.81253589189e-05,0,0,5.81253589189e-05,0,5.81253589189e-05,0,-0.486766788387,-0.237697973703,-0.53088117152,-0.228691771788,0.130693511015,-0.767378335093,-4.98868299751,4.97705333632,5.81253587492e-05,-0.000122841209459,-0.0102136920349,-0.530606135287,-0.167802434308,1.94784644636e-07,-4.86961611572e-05,-0.530728976497,-0.4872418801,-0.237399767849,-0.178016126343,-0.528169868132,-0.239423102026,0.00255910836476,-0.0614069756825,5.68854653723,5.81253587492e-05,5.81253587492e-05,-0.400187660505,-0.996070106881,0.130693511015,-0.767378335093,0.0441143831327,-0.00900620191461,-0.0116877865484,4,0
540,1.08,2,0.746054708958,0,0.240000903606,0,0,0.240000903606,0,0.240000903606,0,0.733458485957,0.297122466639,0.746054701201,0.287221566597,-0.120820123969,0.957866062852,1.47509479982,-1.2248609017,0.240000898486,0.000107627621697,0.00894146817119,0.74581414743,0.234034240543,-2.43480831941e-07,6.08702079866e-05,0.745921775052,0.734052350597,0.296749709283,0.242975708714,0.745644511331,0.297630217697,-0.000277263720217,0.0546545089823,-5.09965154789,0.240000898486,0.240000898486,0.625234577232,1.24508762945,-0.120820123969,0.957866062852,-0.0125962152438,0.00990090004194,0.0102329996316,4,0
545,1.09,1,-0.533139884472,0,-0.325871944427,0,0,-0.325871944427,0,-0.325871944427,0,-0.4891384724,-0.237071692012,-0.533139857141,-0.225186454072,0.123158600177,-0.739129192595,-5.27812327613,4.94048800395,-0.325871950582,-0.000123036184735,-0.0102868873866,-0.532860650154,-0.162597270883,-2.33673286776e-07,5.84183216879e-05,-0.532983686338,-0.489612894131,-0.237386120744,-0.172884158269,-0.532948745851,-0.238897120072,3.49404869469e-05,-0.0660129618031,5.39271608687,-0.325871950582,-0.325871950582,-0.409981256965,-0.964315646667,0.123158600177,-0.739129192595,0.0440013847419,-0.0118852379396,-0.0117633216034,4,0
545,1.09,2,0.748900592327,0,0.366839617491,0,0,0.366839617491,0,0.366839617491,0,0.736423090967,0.29633961435,0.748900564161,0.284498223842,-0.111423991399,0.920896329878,1.56661621228,-1.18941868211,0.366839607977,0.000108189837225,0.00905964414922,0.748654071372,0.229023620793,2.92091591136e-07,-7.30228977793e-05,0.748762261209,0.73701611813,0.296732650238,0.238083264942,0.749369433761,0.2968790453,0.000607172551545,0.0587957803584,-4.62369031977,0.366839607977,0.366839607977,0.637476572763,1.20539455372,-0.111423991399,0.920896329878,-0.0124774731949,0.0118413905082,0.0103579221959,4,0
550,1.1,1,-0.535440802574,0,-0.884401738644,0,0,-0.884401738644,0,-0.884401738644,0,-0.491524779166,-0.241451896015,-0.535440802257,-0.236003555603,0.115908561437,-0.714128930118,-5.81904548723,4.92147858361,-0.884401734738,-0.000137028292363,-0.0115208293792,-0.535125658943,-0.164516989685,-9.37310636384e-07,0.000234327659093,-0.535262687235,-0.492009248849,-0.242937824511,-0.176037819065,-0.539823263616,-0.243464332867,-0.00456057638105,-0.0674265138024,4.87403936853,-0.884401734738,-0.884401734738,-0.41953224082,-0.950132485721,0.115908561437,-0.714128930118,0.0439160230916,-0.00544834041165,-0.0131651688876,4,0
550,1.1,2,0.751821696758,0,0.546100318432,0,0,0.546100318432,0,0.546100318432,0,0.739405974417,0.301814869259,0.75182167969,0.300513381199,-0.102406377156,0.887152221161,1.74108557756,-1.18284536453,0.546100327861,0.000125992999714,0.0106279691741,0.751529574081,0.233765749065,1.17163828706e-06,-0.000292909571776,0.75165556708,0.740011561519,0.303672279869,0.244393718239,0.753788884856,0.302414157194,0.0021333177757,0.0580204389555,-3.98384969323,0.546100327861,0.546100327861,0.649415302535,1.18766560236,-0.102406377156,0.887152221161,-0.0124157052734,0.00130148806029,0.0121398851707,4,0
555,1.11,1,-0.537871360779,0,-0.0567387342453,0,0,-0.0567387342453,0,-0.0567387342453,0,-0.49396348808,-0.24455309097,-0.537871347364,-0.244271784523,0.108899545712,-0.687958100477,-5.0190292824,4.94831231717,-0.0567387344954,-0.000147359927936,-0.0122099116027,-0.537544018981,-0.172536262903,3.78224749853e-07,-9.45561874699e-05,-0.537691378909,-0.494452132295,-0.244038438931,-0.184746174506,-0.5355999613,-0.246287944021,0.002091417609,-0.061541769515,5.74226250698,-0.0567387344954,-0.0567387344954,-0.428971801652,-0.932229885,0.108899545712,-0.687958100477,0.0439078592833,-0.000281306446852,-0.0139782307379,4,0
555,1.11,2,0.754925131798,0,0.252369195223,0,0,0.252369195223,0,0.252369195223,0,0.742454360552,0.305691362843,0.754925123592,0.3122432446,-0.0937103700668,0.85304410664,1.49722669848,-1.23170970927,0.252369183215,0.00013885373808,0.0114815611388,0.754618093796,0.245289655988,-4.72780960714e-07,0.000118195240184,0.754756947534,0.743065165819,0.30504804776,0.256771217127,0.754800250819,0.306205774938,4.33032846667e-05,0.0494345578109,-5.26276691252,0.252369183215,0.252369183215,0.661214753526,1.16528735124,-0.0937103700668,0.85304410664,-0.0124707630401,-0.00655188175696,0.0131478059958,4,0
560,1.12,1,-0.540252685547,0,0.386708259583,0,0,0.386708259583,0,0.386708259583,0,-0.496388144796,-0.239367767204,-0.540252712106,-0.232187859457,0.102161137524,-0.656593628036,-4.58078644761,4.95540680275,0.386708272998,-0.000127813333021,-0.0105541578617,-0.539971198152,-0.170834169342,1.1006827193e-06,-0.000275170679823,-0.540099011485,-0.496865271143,-0.237737661581,-0.181388327203,-0.534394649029,-0.240951371547,0.00570436245598,-0.0595630443441,6.21586290736,0.386708272998,0.386708272998,-0.438091574581,-0.888781487494,0.102161137524,-0.656593628036,0.0438645673098,-0.00717990774717,-0.0120879178579,4,0
560,1.12,2,0.757970154285,0,0.09961681813,0,0,0.09961681813,0,0.09961681813,0,0.745485181437,0.29920970794,0.757970175918,0.29694844016,-0.085355706283,0.814028413717,1.35812193984,-1.24772892274,0.0996168181521,0.00011429771472,0.00940462637245,0.757720520821,0.242959575753,-1.37585342808e-06,0.000343963357021,0.757834818535,0.746081589369,0.297172075867,0.252364202126,0.756693603545,0.299676725528,-0.00114121499049,0.0473125234022,-5.91053694932,0.0996168181521,0.0996168181521,0.672614469635,1.11097685388,-0.085355706283,0.814028413717,-0.0124849944807,0.00226126778044,0.0107761989491,4,0
565,1.13,1,-0.542461574078,0,0.35908856988,0,0,0.35908856988,0,0.35908856988,0,-0.498738806528,-0.230594791376,-0.542461549812,-0.213438902483,0.0957455814588,-0.622488657933,-4.5658459961,4.91428339397,0.359088582213,-0.000112061120704,-0.00930645089531,-0.542211266252,-0.158116518994,1.13797875145e-06,-0.000284494687863,-0.542323327373,-0.499198258036,-0.228872270068,-0.16742296989,-0.536632974806,-0.232173715054,0.00569035256695,-0.0647507451643,6.2074759915,0.359088582213,0.359088582213,-0.446715968354,-0.835927560416,0.0957455814588,-0.622488657933,0.0437227432844,-0.0171558888926,-0.0106511843438,4,0
565,1.13,2,0.760799407959,0,0.1328060776,0,0,0.1328060776,0,0.1328060776,0,0.748423508591,0.28824348794,0.760799430806,0.273897717875,-0.0774044690133,0.771011726639,1.34727303571,-1.20544988803,0.132806079763,9.49802454712e-05,0.00787730497251,0.760587898646,0.227231273342,-1.42247346591e-06,0.000355618366485,0.760682878892,0.748997822973,0.286090336264,0.235108578315,0.759556313869,0.288707354826,-0.00112656502329,0.0535987765114,-5.75948582256,0.132806079763,0.132806079763,0.683394961793,1.04490944451,-0.0774044690133,0.771011726639,-0.0123759222154,0.0143457700642,0.00901706791816,4,0
570,1.14,1,-0.544519066811,0,-0.175517648458,0,0,-0.175517648458,0,-0.175517648458,0,-0.501006004731,-0.223635546782,-0.544519049157,-0.202640448772,0.0896832470347,-0.588169469184,-5.03992123462,4.85351090077,-0.175517655848,-0.000113640721686,-0.00952898934402,-0.54425929584,-0.144002373668,3.93704777002e-07,-9.84261942509e-05,-0.544372936561,-0.501452571375,-0.222988043338,-0.153531363012,-0.542841944197,-0.225378710927,0.00153099236436,-0.0718473479142,5.6921251711,-0.175517655848,-0.175517655848,-0.454835802122,-0.790809917956,0.0896832470347,-0.588169469184,0.0435130444255,-0.0209950980101,-0.0108926780043,4,0
570,1.14,2,0.763454198837,0,0.331167221069,0,0,0.331167221069,0,0.331167221069,0,0.751257506331,0.279544432018,0.763454224051,0.262636937166,-0.06990947011,0.725875453888,1.4901869459,-1.14965694859,0.331167209631,9.74198774808e-05,0.00819374915505,0.763229839962,0.211607988359,-4.92130989627e-07,0.000123032747401,0.76332725984,0.751815714633,0.278735052685,0.219801737514,0.763576320818,0.280057715955,0.000249060978547,0.060255978441,-4.95227154633,0.331167209631,0.331167209631,0.693544753941,0.988512391054,-0.06990947011,0.725875453888,-0.0121967177202,0.0169074948519,0.00936278768482,4,0
575,1.15,1,-0.54658895731,0,-0.978184044361,0,0,-0.978184044361,0,-0.978184044361,0,-0.503237932483,-0.224626391403,-0.546588972949,-0.213566317641,0.0839706520328,-0.55800560363,-5.81344160353,4.82217413274,-0.97818401989,-0.000135670126286,-0.0114554093851,-0.546273899384,-0.141486519918,-6.42369043957e-07,0.000160592260994,-0.54640956951,-0.503688384948,-0.225708008836,-0.152941929303,-0.551490478641,-0.22663691416,-0.00508090913003,-0.0736949848571,4.92308930598,-0.97818401989,-0.97818401989,-0.462618320916,-0.771571921271,0.0839706520328,-0.55800560363,0.043351040465,-0.0110600737625,-0.0130834509006,4,0
575,1.15,2,0.766155362129,0,0.580465018749,0,0,0.580465018749,0,0.580465018749,0,0.754047416006,0.280782987688,0.76615535458,0.279783733096,-0.0628824522117,0.684681161959,1.73369084651,-1.1410978276,0.580465025277,0.000125248629459,0.0106250100731,0.765861239481,0.211839812624,8.02961294566e-07,-0.000200740323632,0.765986488111,0.754610481583,0.282135009464,0.222464822697,0.768368909409,0.28137971658,0.00238242129885,0.0589148938829,-4.01349401046,0.580465025277,0.580465025277,0.703272902368,0.964464895055,-0.0628824522117,0.684681161959,-0.0121079385741,0.000999254592033,0.0121279936266,4,0
580,1.16,1,-0.548809528351,0,0.0218159798533,0,0,0.0218159798533,0,0.0218159798533,0,-0.505492394654,-0.223770724035,-0.548809556926,-0.223451398219,0.0785592436081,-0.523979978083,-4.64699079292,4.86812377671,0.0218159801104,-0.000152194013357,-0.0126037220221,-0.548471985254,-0.149628926635,1.23049449507e-06,-0.00030762362377,-0.548624179267,-0.505938234325,-0.221996964623,-0.162232648657,-0.544030161664,-0.225376464327,0.00459401760264,-0.0631438156699,5.96003741772,0.0218159801104,0.235563033967,-0.470250313317,-0.747431376302,0.0785592436081,-0.523979978083,0.043317162272,-0.0003193258159,-0.0144300501824,4,0
580,1.16,2,0.769065201283,0,0.142281711102,0,0,0.142281711102,0,0.142281711102,0,0.756865493702,0.279713403359,0.769065225463,0.292259006651,-0.0562523326586,0.642030207015,1.37194654861,-1.21587238065,0.142281710937,0.000145732898397,0.0120436622453,0.768743502176,0.222274424328,-1.53811814207e-06,0.000384529535514,0.768889235074,0.757422793288,0.277496204059,0.234318086573,0.7681638293,0.280184167342,-0.000725405774231,0.0458660807689,-5.86402470191,0.142281710937,0.142281710937,0.712812892805,0.934289213666,-0.0562523326586,0.642030207015,-0.0121997317607,-0.0125456032921,0.013792457026,4,0
585,1.17,1,-0.55094742775,0,0.848417639732,0,0,0.848417639732,0,0.848417639732,0,-0.507675054731,-0.211436603894,-0.550947424381,-0.20387615226,0.0734898079161,-0.486588673452,-4.05837305164,4.89494821147,0.848417663012,-0.000125850911373,-0.0103322922459,-0.550674010216,-0.145098600416,2.16199837244e-06,-0.000540499593118,-0.550799861128,-0.508094733079,-0.20821767522,-0.155430892662,-0.541337700541,-0.212839214136,0.00946216058653,-0.0574083214744,6.80784997572,0.848417663012,0.848417663012,-0.477457616465,-0.690464825712,0.0734898079161,-0.486588673452,0.0432723696504,-0.00756045163359,-0.0118425031824,4,0
585,1.17,2,0.771851718426,0,-0.0830660387874,0,0,-0.0830660387874,0,-0.0830660387874,0,0.759593818781,0.264295752992,0.771851739424,0.265538746693,-0.050029717754,0.597542278359,1.1791268268,-1.25163896625,-0.0830660376006,0.000112729656422,0.00920114227313,0.771610208086,0.214323548892,-2.70249799306e-06,0.000675624498269,0.771722937743,0.760118416712,0.260272092108,0.223524691165,0.769315049384,0.264700804267,-0.00240788835927,0.0411761131023,-6.77191678623,-0.0830660376006,-0.0830660376006,0.72182202167,0.863081025052,-0.050029717754,0.597542278359,-0.012257920643,-0.00124299370132,0.0105538981502,4,0
590,1.18,1,-0.552798271179,0,0.775774121284,0,0,0.775774121284,0,0.775774121284,0,-0.50970669937,-0.194782914192,-0.552798297949,-0.172841840604,0.0687727256219,-0.4504187704,-4.0758553063,4.84208404788,0.775774142919,-0.000100633745766,-0.00833779638352,-0.552574728961,-0.123614007314,2.11673576023e-06,-0.000529183940051,-0.552675362706,-0.510093038974,-0.191582250139,-0.131951803698,-0.543533887488,-0.196192380364,0.00914147521875,-0.0642405766663,6.73991492417,0.775774142919,0.775774142919,-0.484025572327,-0.623260611004,0.0687727256219,-0.4504187704,0.0430915985788,-0.0219410735884,-0.00954540133272,4,0
590,1.18,2,0.774269282818,0,-0.0326162427664,0,0,-0.0326162427664,0,-0.0326162427664,0,0.76213337456,0.243478640663,0.774269278391,0.226528677791,-0.0442373119667,0.552547078481,1.17067907145,-1.1955625396,-0.0326162431309,8.17131562029e-05,0.00675221710598,0.774088793675,0.18694775698,-2.6459197251e-06,0.000661479931281,0.774170506831,0.762616299061,0.239477810559,0.193699974086,0.771807797824,0.243881741632,-0.0023627090072,0.0501817675466,-6.49431892622,-0.0326162431309,-0.0326162431309,0.730031966424,0.779075756272,-0.0442373119667,0.552547078481,-0.0121359038309,0.0169499628723,0.00773277498042,4,0
595,1.19,1,-0.554394602776,0,0.0404648594558,0,0,0.0404648594558,0,0.0404648594558,0,-0.511581014247,-0.181227635145,-0.554394622708,-0.153647359765,0.064433178322,-0.413967333939,-4.72758270216,4.7581983228,0.0404648607053,-0.000102460397,-0.00861971530403,-0.5541585213,-0.0999283656047,1.06166293146e-06,-0.000265415732871,-0.554260981697,-0.511941723452,-0.179558355155,-0.108548080909,-0.55082732381,-0.182862898043,0.00343365788647,-0.0743148171343,6.00844432557,0.0404648607053,0.0404648607053,-0.489961444386,-0.567614693704,0.064433178322,-0.413967333939,0.0428136084605,-0.0275802753795,-0.00984924006803,4,0
595,1.19,2,0.776381552219,0,0.23868060112,0,0,0.23868060112,0,0.23868060112,0,0.764476268135,0.226534541684,0.776381549477,0.204903176353,-0.0389297430557,0.50461518301,1.36231902197,-1.11547138264,0.238680605365,8.45834368118e-05,0.00715203272078,0.776184173055,0.159457064918,-1.32707868228e-06,0.000331769670556,0.776268756492,0.764927154636,0.224447941669,0.166609097639,0.77574131067,0.227003918456,-0.000527445822678,0.0603948208174,-5.33857794414,0.238680605365,0.238680605365,0.737451806421,0.709518359364,-0.0389297430557,0.50461518301,-0.0119052813421,0.0216313653305,0.00816703396252,4,0
600,1.2,1,-0.555954515934,0,-0.959535121918,0,0,-0.959535121918,0,-0.959535121918,0,-0.513367085832,-0.178429907731,-0.555954537382,-0.161584584609,0.0604680435424,-0.382946070756,-5.70995059029,4.70834884695,-0.959535139295,-0.000130981541642,-0.011092312517,-0.555648255038,-0.0911157466405,-2.80057091961e-07,7.0014272977e-05,-0.55577923658,-0.513724671513,-0.179002883421,-0.102208059157,-0.560762190158,-0.180404703745,-0.00498295357821,-0.0781966445876,5.02959150462,-0.959535139295,-0.988937652323,-0.49548649384,-0.544530655365,0.0604680435424,-0.382946070756,0.0425874515506,-0.0168453231223,-0.0126640910167,4,0
600,1.2,2,0.778487384319,0,0.557783186436,0,0,0.557783186436,0,0.557783186436,0,0.766708857593,0.223037382309,0.778487366139,0.219907417088,-0.0341292479784,0.460755894252,1.66684510576,-1.09736555641,0.55778318697,0.000120376627476,0.0102518428447,0.778202125575,0.153531180119,3.50071353017e-07,-8.75178382632e-05,0.778322502202,0.767155839689,0.223753601904,0.163783022964,0.780477859271,0.223611090712,0.00215535706858,0.0598280677482,-4.08791817895,0.55778318697,0.55778318697,0.744358118161,0.68066331134,-0.0341292479784,0.460755894252,-0.0117785085466,0.0031299652208,0.0116963623744,4,0
605,1.21,1,-0.557660937309,0,0.0404648594558,0,0,0.0404648594558,0,0.0404648594558,0,-0.515141542732,-0.173285588685,-0.557660942823,-0.172123877758,0.056829571163,-0.343545127611,-4.210744174,4.76473728338,0.0404648607053,-0.000153454664825,-0.0127139985481,-0.557320155311,-0.0975494329709,2.08940091428e-06,-0.000522350228575,-0.557473609976,-0.515485156912,-0.1702400392,-0.110263431519,-0.550049178527,-0.17474007351,0.00742443144878,-0.0644766419905,6.05752394503,0.0404648607053,0.568548563901,-0.50083137166,-0.51566900537,0.056829571163,-0.343545127611,0.0425194000911,-0.00116171092649,-0.014555454526,4,0
605,1.21,2,0.780802607536,0,-0.00225946865976,0,0,-0.00225946865976,0,-0.00225946865976,0,0.768926928694,0.216606983382,0.780802594617,0.232064157159,-0.0297633792599,0.412522091564,1.19713014734,-1.18536240539,-0.00225946876409,0.000148123383591,0.0122497301106,0.780474995842,0.160721161603,-2.61175116401e-06,0.000652937791,0.780623119225,0.769356446414,0.212800046494,0.172970891713,0.778769032847,0.217017071055,-0.00185408637892,0.0440461793413,-6.40411441647,-0.00225946876409,-0.00225946876409,0.751039215357,0.644586248723,-0.0297633792599,0.412522091564,-0.011875665923,-0.0154571737776,0.0140272107137,4,0
610,1.22,1,-0.559280097485,0,1.04046487808,0,0,1.04046487808,0,1.04046487808,0,-0.516785299206,-0.153884596565,-0.559280119518,-0.151369167258,0.0536067758551,-0.297394552322,-3.49493491174,4.82688389746,1.04046486071,-0.000126622747035,-0.01038802271,-0.559005718779,-0.09254433766,3.18709486735e-06,-0.000796773716847,-0.559132341526,-0.517088339136,-0.149129643852,-0.10293236037,-0.545760223985,-0.155091885097,0.0133721175419,-0.0521595247275,7.06960595264,1.04046486071,1.34385648139,-0.505673343663,-0.44876371958,0.0536067758551,-0.297394552322,0.0424948203122,-0.0025154293069,-0.0119074956744,4,0
610,1.22,2,0.782953262329,0,-0.295396029949,0,0,-0.295396029949,0,-0.295396029949,0,0.770981624261,0.192355743064,0.782953249429,0.199066280771,-0.0258615691488,0.361888360462,0.957633598452,-1.24229933606,-0.295396030023,0.000114680256434,0.0093541293414,0.78270820062,0.147271322167,-3.98386860756e-06,0.000995967151901,0.782822880876,0.771360424168,0.186412052138,0.156625451508,0.778858809476,0.192683959115,-0.00396407140047,0.0360585076067,-7.54943783573,-0.295396030023,-0.295396030023,0.75709168028,0.560954641233,-0.0258615691488,0.361888360462,-0.0119716251676,-0.00671053770682,0.0107302924186,4,0
615,1.23,1,-0.560549199581,0,1.24526667595,0,0,1.24526667595,0,1.24526667595,0,-0.518203240257,-0.129675866316,-0.560549210358,-0.109768976291,0.0507770375663,-0.261662928919,-3.54920122771,4.78570600679,1.24526664124,-9.29804250198e-05,-0.00764609705796,-0.560345711097,-0.065520140259,3.04736505452e-06,-0.000761841263639,-0.560438691522,-0.518457950455,-0.125069575178,-0.073166237317,-0.547655768775,-0.130903055005,0.0127829227473,-0.0577368176876,7.26298898989,1.24526664124,1.24526664124,-0.509772172792,-0.37143190521,0.0507770375663,-0.261662928919,0.0423459701013,-0.019906890025,-0.00876186215819,4,0
615,1.23,2,0.784622311592,0,-0.244545161724,0,0,-0.244545161724,0,-0.244545161724,0,0.772754050547,0.162094830083,0.784622307586,0.145314444868,-0.0224070909782,0.318975428155,0.953001486981,-1.1906970708,-0.244545155958,7.3159551123e-05,0.00597165752153,0.784464638734,0.111452641017,-3.80920633902e-06,0.000952301584768,0.784537798285,0.773072438289,0.156336966128,0.117424298538,0.780624985021,0.162422785686,-0.00391281326413,0.0449984871476,-7.21968462334,-0.244545155958,-0.244545155958,0.762215216607,0.464289873023,-0.0224070909782,0.318975428155,-0.011868257038,0.0167803852148,0.00684957213501,4,0
620,1.24,1,-0.561453104019,0,0.390539854765,0,0,0.390539854765,0,0.390539854765,0,-0.519393384195,-0.109825720014,-0.561453119169,-0.0809602721312,0.0483020086997,-0.227793878574,-4.35560134822,4.68609138489,0.39053986942,-9.06457958701e-05,-0.00764585114468,-0.561242941035,-0.0328332825724,1.71369398727e-06,-0.000428423496817,-0.561333586831,-0.51961027752,-0.107161391877,-0.0404791337171,-0.555554502372,-0.111332433271,0.00577908445951,-0.0708532995543,6.39323447347,0.39053986942,0.33922363737,-0.513151110469,-0.308754150705,0.0483020086997,-0.227793878574,0.042059734974,-0.0288654478828,-0.00873360069512,4,0
620,1.24,2,0.785844862461,0,0.0910778343678,0,0,0.0910778343678,0,0.0910778343678,0,0.774241730441,0.137282147062,0.785844877126,0.111715732212,-0.0194059885084,0.274226947517,1.18625707278,-1.0883102265,0.0910778309792,7.08305238895e-05,0.00601904901873,0.785677644107,0.0727632827716,-2.14211749971e-06,0.00053552937493,0.785748474631,0.774512847091,0.133951736868,0.0787823317904,0.784052930919,0.137690947082,-0.00169554371234,0.0589086152919,-5.74485203153,0.0910778309792,0.0910778309792,0.766438888618,0.385942679729,-0.0194059885084,0.274226947517,-0.0116031466853,0.0255664148505,0.0068690153054,4,0
625,1.25,1,-0.562245428562,0,-0.609460115433,0,0,-0.609460115433,0,-0.609460115433,0,-0.520443712624,-0.103148916731,-0.562245428534,-0.0823305589439,0.0461738971273,-0.200943966794,-5.50250927683,4.61178330766,-0.60946013058,-0.000122153102692,-0.0103715155815,-0.56195803095,-0.0158587484068,1.22343548625e-07,-3.05858871542e-05,-0.562080184052,-0.520650189184,-0.103146522126,-0.0262302639883,-0.566120012859,-0.105052095908,-0.00403982880635,-0.0788218319192,5.39510066548,-0.60946013058,-0.878888616358,-0.516071531407,-0.283274525738,0.0461738971273,-0.200943966794,0.04180171591,-0.0208183577872,-0.0118373528138,4,0
625,1.25,2,0.786979675293,0,0.475954174995,0,0,0.475954174995,0,0.475954174995,0,0.775554640947,0.128936142856,0.786979687357,0.120922022387,-0.0168902726538,0.233171126082,1.53769390351,-1.0510032805,0.475954187642,0.000110130625192,0.00941486786598,0.78671639083,0.0591967989063,-1.52929447994e-07,3.82323619922e-05,0.786826521455,0.775812736641,0.128933149581,0.0686116667723,0.788257233403,0.129465417541,0.0014307119483,0.0608537507691,-4.1845956398,0.475954187642,0.475954187642,0.770089414703,0.354093148468,-0.0168902726538,0.233171126082,-0.0114250464095,0.0080141204692,0.0107364353683,4,0
630,1.26,1,-0.563125729561,0,0.35073903203,0,0,0.35073903203,0,0.35073903203,0,-0.521446723979,-0.0937411339438,-0.563125718287,-0.0872418161884,0.044332261971,-0.164263438144,-3.73612410293,4.65163959497,0.350739045983,-0.000146993921261,-0.0121761653182,-0.562799430541,-0.0159000760221,2.87892600048e-06,-0.000719731500132,-0.562946424462,-0.521630089255,-0.0895234435129,-0.0280762413403,-0.552411166355,-0.0950313190428,0.0105352581078,-0.0669550777025,6.36501756921,0.350739045983,0.929455584418,-0.518793456316,-0.251505254332,0.044332261971,-0.164263438144,0.0416789943075,-0.00649931775536,-0.0139400923733,4,0
630,1.26,2,0.788278102875,0,-0.163795813918,0,0,-0.163795813918,0,-0.163795813918,0,0.77680840511,0.117176414264,0.788278096872,0.128064848936,-0.0147862761203,0.186316710214,0.980190102648,-1.13067779564,-0.163795820505,0.000140573327646,0.0116212475854,0.787967443595,0.0605000423047,-3.59865751753e-06,0.000899664379391,0.788108016923,0.777037611699,0.1119043012,0.07212128989,0.784851790692,0.11751155533,-0.00325622623086,0.0453902654396,-6.77867776578,-0.163795820505,-0.163795820505,0.773491820752,0.31438155915,-0.0147862761203,0.186316710214,-0.0114696917621,-0.0108884346723,0.0133081275171,4,0
635,1.27,1,-0.563859283924,0,1.35073900223,0,0,1.35073900223,0,1.35073900223,0,-0.522264150042,-0.0679920642313,-0.563859264163,-0.0603122204921,0.0428934058979,-0.118552918016,-2.92944589664,4.70945181737,1.35073904598,-0.000119564439279,-0.00979526199891,-0.563601020227,-0.00513273472527,4.08146434017e-06,-0.00102036608504,-0.563720584666,-0.522394062964,-0.0618953628409,-0.0149279967242,-0.546540469166,-0.0690035775281,0.0171801155001,-0.0540755808039,7.35825759006,1.35073904598,1.79123595599,-0.520965858265,-0.178865138509,0.0428934058979,-0.118552918016,0.0415951141208,-0.00767984373913,-0.0112300352703,4,0
635,1.27,2,0.789342522621,0,-0.487776041031,0,0,-0.487776041031,0,-0.487776041031,0,0.777830187657,0.0849900769947,0.789342520368,0.0871617962693,-0.0131351972678,0.136419617989,0.705752586858,-1.18358970395,-0.487776035601,0.000106434533303,0.0086617041136,0.789116343408,0.0396241468314,-5.101830442e-06,0.00127545761051,0.789222777942,0.777992578803,0.0773692002315,0.048285850945,0.783618585591,0.085231260242,-0.00560419235072,0.0369454092969,-7.99817031412,-0.487776035601,-0.487776035601,0.776207323101,0.223581414259,-0.0131351972678,0.136419617989,-0.0115123327117,-0.00217171927457,0.00993891851324,4,0
640,1.28,1,-0.564176619053,0,1.64725744724,0,0,1.64725744724,0,1.64725744724,0,-0.522790041067,-0.037256175513,-0.564176617259,-0.0113704666689,0.0418386011066,-0.0848943001123,-3.02190612756,4.66121417873,1.64725740267,-8.46611377465e-05,-0.00693341783715,-0.563992736164,0.0283309562177,3.84254263819e-06,-0.00096063565954,-0.564077397302,-0.522858702167,-0.031448643042,0.0213975383805,-0.547862818407,-0.0383008745688,0.0162145788951,-0.0596984129493,7.62237842022,1.64725740267,1.64725740267,-0.522338016153,-0.0962647667812,0.0418386011066,-0.0848943001123,0.0413865761927,-0.0258857088441,-0.00794935149011,4,0
640,1.28,2,0.789840102196,0,-0.426127880812,0,0,-0.426127880812,0,-0.426127880812,0,0.778487551404,0.0465702159764,0.789840126698,0.024418886077,-0.0119176063277,0.0959120634362,0.70610869673,-1.1263452944,-0.426127881005,6.33693955395e-05,0.00513085059266,0.789705646625,-0.0040467265476,-4.8031783122e-06,0.00120079457804,0.789769016021,0.778573377772,0.039310800366,0.00108412404506,0.784312583612,0.0468129256518,-0.00545643240866,0.0457288016067,-7.57264310997,-0.426127881005,-0.426127881005,0.777922520371,0.120330949513,-0.0119176063277,0.0959120634362,-0.0113525752948,0.0221513298994,0.00589128333913,4,0
645,1.29,1,-0.564054608345,0,0.728390753269,0,0,0.728390753269,0,0.728390753269,0,-0.523027654053,-0.0120009814628,-0.564054587895,0.0240383881914,0.041106879528,-0.0545318370912,-3.94394493381,4.54500875996,0.728390759196,-8.16755223334e-05,-0.00690941370095,-0.563864000927,0.0679392177578,2.29026256837e-06,-0.000572565642106,-0.563945676449,-0.523048008297,-0.00845942521975,0.0610298040568,-0.555771269281,-0.0133652987639,0.00817440716852,-0.0743951028208,6.66679316199,0.728390759196,0.608953346118,-0.522947708367,-0.0304934488998,0.041106879528,-0.0545318370912,0.0410269338421,-0.0360393696542,-0.00788951996895,4,0
645,1.29,2,0.789808690548,0,-0.0500076711178,0,0,-0.0500076711178,0,-0.0500076711178,0,0.778784567602,0.0150012233128,0.789808687707,-0.0161133814509,-0.0111240521584,0.0542301835793,0.969449055242,-1.0135995228,-0.0500076697437,6.00812531425e-05,0.0051362271476,0.789664965171,-0.049986591003,-2.86282822248e-06,0.000715707055629,0.789725046424,0.7788100104,0.010574277991,-0.0448503638554,0.786800583017,0.0153352239551,-0.00292446340663,0.0601855878105,-5.88465202664,-0.0500076697437,-0.0500076697437,0.778684635549,0.0381168021283,-0.0111240521584,0.0542301835793,-0.0110241201053,0.0311146047638,0.00585720218531,4,0
650,1.3,1,-0.563765823841,0,-0.271609246731,0,0,-0.271609246731,0,-0.271609246731,0,-0.52308,-0.00169018661535,-0.563765837329,0.0277197998921,0.0406858373292,-0.0319390157403,-5.19180469154,4.44939133462,-0.271609240804,-0.000115146835407,-0.00979601362938,-0.563493659671,0.0909189162529,5.3324526339e-07,-0.000133311315844,-0.563608806507,-0.52308297973,-0.00108993099822,0.0811229026235,-0.566177069664,-0.00348589785136,-0.00256826315744,-0.0846088004749,5.64690971306,-0.271609240804,-0.731235581267,-0.52308,-0.00421921584824,0.0406858373292,-0.0319390157403,0.0406858373292,-0.0294099865074,-0.0111777756543,4,0
650,1.3,2,0.789641737938,0,0.367797911167,0,0,0.367797911167,0,0.367797911167,0,0.77885,0.0021127296657,0.789641748225,-0.0104180824398,-0.0107917482252,0.0156920932547,1.34802644894,-0.970300315961,0.367797901212,0.000101558634299,0.00870952815965,0.789397151532,-0.0681057793029,-6.66556591034e-07,0.000166639147762,0.789498710167,0.778853724655,0.00136241012654,-0.0593962511433,0.789981492968,0.00257654187269,0.000482782801099,0.0619727930159,-4.1522886996,0.367797901212,0.367797901212,0.77885,0.00527401081489,-0.0107917482252,0.0156920932547,-0.0107917482252,0.0125308121055,0.00992823177124,4,0
655,1.31,1,-0.563529610634,0,0.540776610374,0,0,0.540776610374,0,0.540776610374,0,-0.523050780485,0.0115768169791,-0.563529610483,0.0251501465608,0.0405216670382,0.00331135024526,-3.25373668185,4.48055107495,0.540776585855,-0.000142801628024,-0.0118372334063,-0.563212199422,0.0946051289534,3.52248736313e-06,-0.000880621840774,-0.56335500105,-0.523022556946,0.016753635177,0.0827678955471,-0.550005532615,0.010453702307,0.0133494684354,-0.07231419324,6.44981743021,0.540776585855,1.24036524605,-0.523007943445,0.0284614968061,0.0405216670382,0.00331135024526,0.0404788299978,-0.0135733295818,-0.0135508529426,4,0
655,1.31,2,0.789615809917,0,-0.33282315731,0,0,-0.33282315731,0,-0.33282315731,0,0.77881347557,-0.0144710249143,0.789615799731,-0.00525340686595,-0.0108558705153,-0.0303234731334,0.732605529097,-1.05260608105,-0.332823167811,0.000135344167281,0.0111984858534,0.789316224281,-0.0704625236419,-4.40310921468e-06,0.00110077730366,0.789451568448,0.778778196138,-0.0209420476779,-0.0592640377885,0.784801271035,-0.0142215334366,-0.00465029741309,0.0450425043519,-6.95280922761,-0.332823167811,-0.332823167811,0.778759929216,-0.0355768799993,-0.0108558705153,-0.0303234731334,-0.0108023241613,-0.00921761804836,0.0128226158607,4,0
660,1.32,1,-0.563125252724,0,1.54077661037,0,0,1.54077661037,0,1.54077661037,0,-0.522790348015,0.0423235634876,-0.563125276345,0.0544664999224,0.0407510010085,0.0478056971128,-2.40394502499,4.54463864988,1.54077658585,-0.000115846925095,-0.00948231098578,-0.562875583876,0.107704131353,4.75323873073e-06,-0.00118830968269,-0.562991430801,-0.522698617685,0.0494300938974,0.0982218203676,-0.542698057277,0.0414940756016,0.0202933735234,-0.0567277447659,7.42403672122,1.54077658585,2.15156609898,-0.522374275337,0.102272197035,0.0407510010085,0.0478056971128,0.0403349283303,-0.0121429364349,-0.0108724740869,4,0
660,1.32,2,0.789323329926,0,-0.685655713081,0,0,-0.685655713081,0,-0.685655713081,0,0.778487934945,-0.0529044581233,0.789323350941,-0.0503303706644,-0.0113555069498,-0.0775098845843,0.439141991196,-1.11530640816,-0.685655711994,0.000101781421764,0.00826991796515,0.789107883927,-0.0954346241555,-5.9415484216e-06,0.00148538710539,0.789209665349,0.778373272025,-0.061787621148,-0.0871647061903,0.782062152175,-0.0527555324054,-0.00714751317432,0.0344091737849,-8.24750783871,-0.685655711994,-0.685655711994,0.777967843991,-0.127840255249,-0.0113555069498,-0.0775098845843,-0.0108354159961,-0.00257408745893,0.00949129502632,4,0
665,1.33,1,-0.562275528908,0,1.97646760941,0,0,1.97646760941,0,1.97646760941,0,-0.522188439716,0.0778814333423,-0.562275548503,0.107284618903,0.0413420042463,0.0776664220791,-2.53246274873,4.5014663446,1.97646758048,-7.98004110911e-05,-0.00650637967072,-0.562103884861,0.143980437461,4.41892367642e-06,-0.00110473091912,-0.562183685273,-0.522025948268,0.0845599163125,0.13747405779,-0.543193628741,0.0770062171329,0.0189900565314,-0.0604678406572,7.80659096617,1.97646758048,1.97646758048,-0.520933544256,0.184951040982,0.0413420042463,0.0776664220791,0.0400871087872,-0.0294031855604,-0.00746398460381,4,0
665,1.33,2,0.788413465023,0,-0.625530064106,0,0,-0.625530064106,0,-0.625530064106,0,0.777735549533,-0.0973517954964,0.788413460526,-0.118987431718,-0.012246530474,-0.112201378383,0.445224952839,-1.06547824115,-0.625530073213,5.72224966198e-05,0.00459011494003,0.788294472346,-0.143633749651,-5.52365460182e-06,0.00138091365045,0.788351694843,0.777532435216,-0.105699899218,-0.139043634711,0.781395430306,-0.0971993004642,-0.00695626453707,0.0418443342471,-7.78465111861,-0.625530073213,-0.625530073213,0.776166930052,-0.231188810101,-0.012246530474,-0.112201378383,-0.0106779109929,0.0216356362217,0.00527678489946,4,0
670,1.34,1,-0.560935616493,0,1.03047657013,0,0,1.03047657013,0,1.03047657013,0,-0.521254068259,0.107090173256,-0.560935604641,0.147742270278,0.0421999228378,0.101940998169,-3.51640718289,4.37744614925,1.03047657445,-7.41689138297e-05,-0.00628333650366,-0.560762009562,0.187854925113,2.73397975181e-06,-0.000683494937959,-0.560836178476,-0.521035562328,0.11130345064,0.18157158861,-0.550447001246,0.105873801048,0.0103891772303,-0.0756977875617,6.80168678021,1.03047657445,0.868212329824,-0.518735681804,0.249683268447,0.0421999228378,0.101940998169,0.0396815363823,-0.0406520970223,-0.00717336346961,4,0
670,1.34,2,0.786909222603,0,-0.231787964702,0,0,-0.231787964702,0,-0.231787964702,0,0.776567585174,-0.133862720434,0.786909237474,-0.165696686099,-0.0134896355763,-0.146407408235,0.72311089702,-0.949961527448,-0.23178796899,5.04467933456e-05,0.00433197704218,0.786787369328,-0.194687934725,-3.41747469668e-06,0.000854368674165,0.786837816121,0.776294452752,-0.139129317175,-0.190355957683,0.782541992593,-0.133613786792,-0.00429582352873,0.0567421708915,-5.97882779693,-0.23178796899,-0.23178796899,0.773419601897,-0.312104094333,-0.0134896355763,-0.146407408235,-0.0103416522998,0.0318339656648,0.00493733856232,4,0
675,1.35,1,-0.559383451939,0,0.0304765738547,0,0,0.0304765738547,0,0.0304765738547,0,-0.520099648882,0.120455978307,-0.55938347231,0.155752745299,0.043311940548,0.119348457592,-4.78543690504,4.26826522543,0.0304765744527,-0.00010765004068,-0.00917277670097,-0.559128074573,0.215241527484,9.19324770976e-07,-0.000229831192731,-0.559235724614,-0.519857769319,0.121629274989,0.206068750783,-0.55982212232,0.118800875247,-0.000586397706197,-0.0872678755364,5.75881254792,0.0304765744527,-0.506707102426,-0.516071531762,0.27510120289,0.043311940548,0.119348457592,0.0392838234285,-0.0352967669919,-0.0104645771891,4,0
675,1.35,2,0.785218000412,0,0.194537684321,0,0,0.194537684321,0,0.194537684321,0,0.775124560913,-0.150569976812,0.785218017098,-0.164578504007,-0.0151286028392,-0.179298008327,1.10437403649,-0.900840542641,0.194537691475,9.17656735562e-05,0.00789461429145,0.784995389087,-0.217398734899,-1.14915597416e-06,0.00028728899353,0.78508715476,0.774822211452,-0.152036597681,-0.209504120607,0.784236892844,-0.150190296315,-0.00085026191654,0.059313824292,-4.16714117317,0.194537691475,0.194537691475,0.770089414258,-0.343876512334,-0.0151286028392,-0.179298008327,-0.0100934561842,0.0140085271951,0.00899580237412,4,0
680,1.36,1,-0.557847440243,0,0.779943883419,0,0,0.779943883419,0,0.779943883419,0,-0.518833903004,0.136809487693,-0.557847458563,0.156260269208,0.0446374372416,0.150379638218,-2.79630804844,4.28979708819,0.779943881777,-0.000136149226509,-0.0112867816493,-0.557544811006,0.222466225196,3.94978021734e-06,-0.000987445054324,-0.557680960232,-0.518554571394,0.142628139701,0.211179443546,-0.541988599512,0.135844708672,0.0156923607208,-0.0753347348746,6.47650046662,0.779943881777,1.50640961212,-0.513210021321,0.306639907426,0.0446374372416,0.150379638218,0.0390135555592,-0.0194507815158,-0.0129205723674,4,0
680,1.36,2,0.783627927303,0,-0.522040784359,0,0,-0.522040784359,0,-0.522040784359,0,0.773542378526,-0.171011863602,0.78362793224,-0.163146660695,-0.0171154061205,-0.22015323224,0.469111693032,-0.979168561125,-0.522040783804,0.000126500005294,0.0104659156471,0.78334803329,-0.224015781484,-4.9372252745e-06,0.00123430631863,0.783474533295,0.773193214006,-0.178285178617,-0.213549865837,0.777345174594,-0.170853413765,-0.00612935870133,0.0426964520711,-6.98714954404,-0.522040783804,-0.522040783804,0.76651252612,-0.383299892935,-0.0171154061205,-0.22015323224,-0.0100855537146,-0.0078652029065,0.0119839157107,4,0
685,1.37,1,-0.556114792824,0,1.77994382381,0,0,1.77994382381,0,1.77994382381,0,-0.517305433448,0.170634241803,-0.556114813303,0.188435439161,0.0463047144496,0.188547955147,-1.95974367512,4.34772532668,1.77994388178,-0.000109413071151,-0.00894553903622,-0.555879629987,0.238441346147,5.12161455912e-06,-0.00128040363978,-0.555989043058,-0.516956520902,0.17829748388,0.229495807111,-0.533522987798,0.169958510372,0.0224660552595,-0.0595372967388,7.42827805969,1.77994388178,2.39824014745,-0.509810098854,0.376983394308,0.0463047144496,0.188547955147,0.0388093798554,-0.0178011973578,-0.01025849589,4,0
685,1.37,2,0.781733214855,0,-0.872950434685,0,0,-0.872950434685,0,-0.872950434685,0,0.771631791541,-0.213292806246,0.781733214966,-0.212091040295,-0.0194705920157,-0.25913821106,0.175786492346,-1.04007901577,-0.872950444477,9.30576419107e-05,0.00754122935197,0.781537479716,-0.252788132039,-6.40201819668e-06,0.00160050454918,0.781630537358,0.771195650851,-0.222871858839,-0.245246902687,0.773022115878,-0.213234876065,-0.00860842147986,0.0320120266213,-8.23071319791,-0.872950444477,-0.872950444477,0.76226262295,-0.471229251355,-0.0194705920157,-0.25913821106,-0.0101014234244,-0.00120176595063,0.0086579210549,4,0
690,1.38,1,-0.553909242153,0,2.18547201157,0,0,2.18547201157,0,2.18547201157,0,-0.515407250881,0.208718999287,-0.553909240127,0.243842551429,0.0482622348892,0.210703143209,-2.11832584161,4.29695770861,2.18547195721,-7.32594377657e-05,-0.00596097696108,-0.553752183123,0.277325034834,4.70488511417e-06,-0.00117622127853,-0.553825442561,-0.514982648417,0.215829895951,0.271364057873,-0.532972470304,0.207987115145,0.0208529722571,-0.063376942728,7.75818156278,2.18547195721,2.18547195721,-0.505647005238,0.454545694638,0.0482622348892,0.210703143209,0.0385019892456,-0.0351235521414,-0.00684009021427,4,0
690,1.38,2,0.779184877872,0,-0.804272651672,0,0,-0.804272651672,0,-0.804272651672,0,0.769259063293,-0.260898753078,0.779184865411,-0.28408378361,-0.0221261095649,-0.284098342913,0.187736778591,-0.987602165952,-0.804272623377,4.81192775162e-05,0.0038298046855,0.779086300077,-0.304216670055,-5.88110638899e-06,0.00147027659726,0.779134419355,0.768728310205,-0.269787373903,-0.30038686537,0.770784161741,-0.260835207309,-0.00835025761399,0.0395516580604,-7.691671678,-0.804272623377,-0.804272623377,0.757058755846,-0.568182126523,-0.0221261095649,-0.284098342913,-0.00992580211822,0.0231850305322,0.00440723601569,4,0
695,1.39,1,-0.551193535328,0,1.23115670681,0,0,1.23115670681,0,1.23115670681,0,-0.51315416247,0.239947189643,-0.551193556352,0.285944525973,0.0504138684533,0.228226941793,-3.09853687757,4.16651166727,1.23115666603,-6.83025279263e-05,-0.00579672010967,-0.551033033059,0.323173731111,2.99486069555e-06,-0.0007487151739,-0.551101335587,-0.512669553872,0.244550444396,0.317377011002,-0.538875511742,0.238875466757,0.0122258238447,-0.0785015442447,6.72269095476,1.23115666603,1.07459114014,-0.500779687899,0.514171467767,0.0504138684533,0.228226941793,0.0380393938829,-0.0459973363301,-0.00661635044479,4,0
695,1.39,2,0.776015758514,0,-0.412741959095,0,0,-0.412741959095,0,-0.412741959095,0,0.766442702739,-0.299933991004,0.776015765853,-0.333056905875,-0.0250411567609,-0.309657436834,0.461429606977,-0.870041832587,-0.412741960076,4.19542321758e-05,0.00362628368032,0.775912896248,-0.357843453957,-3.74357587019e-06,0.00093589396756,0.77595485048,0.765836941984,-0.305688059446,-0.354217170277,0.770246930448,-0.299775481516,-0.00570792003232,0.0544416887604,-5.85510422695,-0.412741960076,-0.412741960076,0.750974609092,-0.64271434271,-0.0250411567609,-0.309657436834,-0.00957306311405,0.0331229148712,0.00412973446643,4,0
700,1.4,1,-0.548249721527,0,0.231156662107,0,0,0.231156662107,0,0.231156662107,0,-0.510660878575,0.255486422272,-0.548249746664,0.295601822742,0.0527632521355,0.241534178558,-4.29756317744,4.05424915114,0.231156666032,-0.000101806573962,-0.00868324989046,-0.548007678993,0.352086409747,1.24830006654e-06,-0.000312075016621,-0.548109485567,-0.510148428131,0.257161446653,0.343403159857,-0.546329439395,0.254000232237,0.00178004617147,-0.0894029276193,5.65762932502,0.231156666032,-0.23340909752,-0.495486494529,0.5371360013,0.0527632521355,0.241534178558,0.0375888680896,-0.0401154004706,-0.00990492877801,4,0
700,1.4,2,0.772635877132,0,-0.0106644574553,0,0,-0.0106644574553,0,-0.0106644574553,0,0.763326097831,-0.319358031823,0.772635889309,-0.334617070756,-0.0282777720092,-0.336802938768,0.817717831974,-0.820206669395,-0.0106644572789,8.319630191e-05,0.00717726423553,0.772432769307,-0.383050788864,-1.56037509136e-06,0.000390093772837,0.772515965609,0.762685534769,-0.321451812313,-0.375873524628,0.770060591103,-0.319077427937,-0.00245537450613,0.0567960966913,-4.10034804336,-0.0106644572789,-0.0106644572789,0.7443581173,-0.671420009524,-0.0282777720092,-0.336802938768,-0.00930979147832,0.0152590389327,0.00817561985845,4,0
705,1.41,1,-0.545299887657,0,1.03649258614,0,0,1.03649258614,0,1.03649258614,0,-0.508033789397,0.273829065873,-0.545299900632,0.298780459232,0.0552845712056,0.266770545689,-2.39573164201,4.06922775372,1.03649257667,-0.000129004981008,-0.0106854119038,-0.54501366304,0.361282014006,4.10347078517e-06,-0.00102586769629,-0.545142668021,-0.507480170663,0.279886970171,0.350596602102,-0.527861850433,0.273002896663,0.0172808175882,-0.0775937054389,6.4078258101,1.03649257667,1.68572958339,-0.490015329426,0.56555100492,0.0552845712056,0.266770545689,0.0372661112352,-0.0249513933589,-0.0122334716759,4,0
705,1.41,2,0.769323885441,0,-0.699673116207,0,0,-0.699673116207,0,-0.699673116207,0,0.760042236318,-0.342286336345,0.769323897226,-0.336684030713,-0.0318047363824,-0.370254733207,0.206568161979,-0.895242538423,-0.699673142443,0.000116254704717,0.00960370954288,0.769067529215,-0.392238680633,-5.12933847563e-06,0.00128233461891,0.76918378392,0.759350212893,-0.349858716709,-0.38263497109,0.76166915677,-0.342218547992,-0.00751462714941,0.0404164230973,-6.7687163688,-0.699673142443,-0.699673142443,0.737519160843,-0.70693876392,-0.0318047363824,-0.370254733207,-0.00928166090738,-0.00560230563129,0.0109987659995,4,0
710,1.42,1,-0.542127013206,0,2.03649258614,0,0,2.03649258614,0,2.03649258614,0,-0.505130600063,0.308360311186,-0.542126995778,0.333400054749,0.0580642135461,0.29460728372,-1.63351796059,4.11099101732,2.03649257667,-0.000101762044061,-0.00830844987679,-0.541909000595,0.379594459439,5.12483518689e-06,-0.00128120879672,-0.542010762639,-0.504506218598,0.316034358757,0.371286009562,-0.518640381965,0.307797403606,0.0233703806742,-0.0634886059556,7.33577587756,2.03649257667,2.48700265113,-0.484062782232,0.628007338469,0.0580642135461,0.29460728372,0.0369963957155,-0.0250397435639,-0.00952959440552,4,0
710,1.42,2,0.765680670738,0,-1.02145314217,0,0,-1.02145314217,0,-1.02145314217,0,0.756413249611,-0.385450392917,0.765680674054,-0.387589402979,-0.0356021972802,-0.39741977756,-0.0654833414185,-0.948376950051,-1.02145312684,8.18967305282e-05,0.00661007459981,0.76551012877,-0.42267569885,-6.40604397006e-06,0.00160151099253,0.7655920255,0.755632772772,-0.39504295236,-0.41606562425,0.755805336875,-0.385475722614,-0.00978668862513,0.030589901636,-7.85776316785,-1.02145312684,-1.02145312684,0.730078476774,-0.785009180539,-0.0356021972802,-0.39741977756,-0.00926742444336,0.00213901006232,0.00759283536615,4,0
715,1.43,1,-0.538464665413,0,2.23678946495,0,0,2.23678946495,0,2.23678946495,0,-0.50185573286,0.346233020842,-0.538464678856,0.389020209005,0.0610257702932,0.306559361593,-1.81236998223,4.0429377491,2.23678950588,-6.64663016318e-05,-0.00542414339265,-0.538321283396,0.419838018515,4.64771014252e-06,-0.00116192753563,-0.538387749698,-0.501156188297,0.353258064311,0.414413875122,-0.51688088289,0.345606972924,0.0215068668072,-0.0688069021979,7.438397886,2.23678950588,2.23678950588,-0.477438908563,0.695579570597,0.0610257702932,0.306559361593,0.0366089459963,-0.0427871881624,-0.00622173901224,4,0
715,1.43,2,0.761376917362,0,-0.939594864845,0,0,-0.939594864845,0,-0.939594864845,0,0.752319665569,-0.43279127988,0.761376916535,-0.458847180496,-0.0395782819194,-0.410627289812,-0.0482284230453,-0.88792214101,-0.939594839503,3.76446617583e-05,0.00299253950592,0.76129995948,-0.474629916926,-5.80963766406e-06,0.00145240941602,0.761337604142,0.751445234857,-0.441572584195,-0.47163737742,0.751889806032,-0.432809190694,-0.00944779810942,0.0388281867256,-7.23286602373,-0.939594839503,-0.939594839503,0.721798634616,-0.869474470309,-0.0395782819194,-0.410627289812,-0.00905725096599,0.0260559006163,0.00344427544702,4,0
720,1.44,1,-0.534312725067,0,1.29727351665,0,0,1.29727351665,0,1.29727351665,0,-0.498229298908,0.377191280023,-0.534312750995,0.428650723827,0.0641047832067,0.317701658949,-2.71543557248,3.91090542987,1.29727347313,-6.52507149113e-05,-0.00554521176946,-0.534158874071,0.464431226884,3.03519930178e-06,-0.000758799825448,-0.534224124785,-0.497470160836,0.381845435442,0.458886015115,-0.520766067175,0.376252248012,0.0134580576104,-0.0826337671025,6.39752466056,1.29727347313,1.20179807774,-0.470207967788,0.746352382776,0.0641047832067,0.317701658949,0.0360834520868,-0.0514594438037,-0.00632822034839,4,0
720,1.44,2,0.756476938725,0,-0.576799511909,0,0,-0.576799511909,0,-0.576799511909,0,0.747786623091,-0.471489103768,0.756476915639,-0.505272078856,-0.043716957061,-0.42766840634,0.200514623193,-0.773753105408,-0.576799503205,3.59569345062e-05,0.00312953777588,0.756387290079,-0.527146994602,-3.7939991212e-06,0.000948499780295,0.756423247013,0.746837700493,-0.477306798032,-0.524017456826,0.749425058603,-0.471420835621,-0.00699818841025,0.052596621205,-5.48581388637,-0.576799503205,-0.576799503205,0.712759958578,-0.932940485196,-0.043716957061,-0.42766840634,-0.00869029254778,0.0337829750879,0.00356102098996,4,0
725,1.45,1,-0.529952287674,0,0.297273486853,0,0,0.297273486853,0,0.297273486853,0,-0.49436014307,0.393779106877,-0.529952265601,0.436730800381,0.0673339437068,0.328689768919,-3.74815959352,3.80932148685,0.297273473128,-9.83929639532e-05,-0.00839068662707,-0.529718425849,0.491265713973,1.49167942065e-06,-0.000372919855165,-0.529816818813,-0.493570695068,0.395842760421,0.482875027346,-0.525461050034,0.392483235753,0.00435576877905,-0.0903917915925,5.313127287,0.297273473128,0.0707332955237,-0.462618321895,0.7654205693,0.0673339437068,0.328689768919,0.0355921225318,-0.0429516935049,-0.00957140219451,4,0
725,1.45,2,0.751376271248,0,-0.23621404171,0,0,-0.23621404171,0,-0.23621404171,0,0.742950178256,-0.492223887333,0.751376276177,-0.507153039004,-0.0481033750321,-0.449622679202,0.502870990507,-0.731529659496,-0.236214038105,7.67862320343e-05,0.00663393433127,0.751188197573,-0.552107222942,-1.8645992812e-06,0.000466149820298,0.751264983805,0.741963368246,-0.494803454272,-0.545473288611,0.747070654829,-0.492052200809,-0.00419432897597,0.0534210878023,-3.94670055699,-0.236214038105,-0.236214038105,0.703272901145,-0.956775718206,-0.0481033750321,-0.449622679202,-0.00842609792101,0.0149291516712,0.00755536911568,4,0
730,1.46,1,-0.525581479073,0,1.2906460762,0,0,1.2906460762,0,1.2906460762,0,-0.490344288955,0.412763551238,-0.525581505635,0.441947750774,0.0707002300786,0.34697870205,-2.08019816678,3.8228071631,1.29064607633,-0.00012171848955,-0.0100604921643,-0.525312638761,0.500424249888,3.94513619723e-06,-0.000986284049306,-0.525434357251,-0.489513005376,0.418600641537,0.490363757724,-0.507553387487,0.412046505466,0.0178809697637,-0.0783172522584,6.22869750651,1.29064607633,1.75413011035,-0.454881275556,0.788926452824,0.0707002300786,0.34697870205,0.0352372166803,-0.0291841995365,-0.0115211140389,4,0
730,1.46,2,0.746319234371,0,-0.852905094624,0,0,-0.852905094624,0,-0.852905094624,0,0.737930360575,-0.515954442762,0.746319211374,-0.512375685081,-0.0527176182176,-0.473782387347,-0.0373490535798,-0.805650191366,-0.852905106296,0.000105037186567,0.00864541511158,0.746089386675,-0.561807338488,-4.9314202315e-06,0.00123285505788,0.746194423862,0.736891256094,-0.523250805614,-0.553161923377,0.737537252097,-0.515970822282,-0.00865717176473,0.0371911010943,-6.29088439788,-0.852905106296,-0.852905106296,0.693601593157,-0.986158072428,-0.0527176182176,-0.473782387347,-0.00838885079961,-0.00357875768128,0.00990586135038,4,0
735,1.47,1,-0.520965158939,0,2.2906460762,0,0,2.2906460762,0,2.2906460762,0,-0.486059857513,0.445343418008,-0.520965149226,0.478406713635,0.0742150251588,0.36116455827,-1.45376586484,3.83916933469,2.29064607633,-9.30632828658e-05,-0.00758503751864,-0.520766649523,0.520291115627,4.72699538928e-06,-0.00118174884732,-0.520859712806,-0.485162091618,0.452428193718,0.512706078109,-0.498081187714,0.444842529249,0.0227785250921,-0.0678635488596,7.13310717405,2.29064607633,2.39410526675,-0.446750124067,0.839571271905,0.0742150251588,0.36116455827,0.034905291713,-0.0330632956272,-0.00870179691303,4,0
735,1.47,2,0.740916907787,0,-1.11823141575,0,0,-1.11823141575,0,-1.11823141575,0,0.732574821236,-0.556679276079,0.7409169201,-0.563199260775,-0.0574792663666,-0.486264835073,-0.266550800279,-0.84536254415,-1.11823141122,6.85293989617e-05,0.005495714007,0.740776503404,-0.591587558858,-5.90874421158e-06,0.00147718605288,0.740845032803,0.731452613861,-0.56553524568,-0.586091844851,0.730304854924,-0.556773858008,-0.0105401778786,0.0293179868428,-7.12442578102,-1.11823141122,-1.11823141122,0.683437653733,-1.04946409585,-0.0574792663666,-0.486264835073,-0.00834209886373,0.00651998469606,0.00631806679454,4,0
740,1.48,1,-0.515868186951,0,2.11812758446,0,0,2.11812758446,0,2.11812758446,0,-0.481430769248,0.480016873126,-0.515868194567,0.529760764653,0.0777865218777,0.36314685932,-1.63976087793,3.75205722174,2.11812753438,-6.17751114809e-05,-0.00508988923702,-0.515732533761,0.559420268987,4.21954657032e-06,-0.00105488664257,-0.515794308872,-0.480464307383,0.486395592564,0.55433037975,-0.495023251916,0.479450519682,0.0207710569561,-0.0748798600688,6.84428817653,2.11812753438,2.11812753438,-0.438081672689,0.892907623974,0.0777865218777,0.36314685932,0.0344374253184,-0.0497438915271,-0.00583119057479,4,0
740,1.48,2,0.734887123108,0,-1.02288389206,0,0,-1.02288389206,0,-1.02288389206,0,0.72678846087,-0.600021094784,0.734887136342,-0.628089034819,-0.0622850468884,-0.488045500602,-0.245276988661,-0.774924643878,-1.0228838601,2.89087489202e-05,0.00233532257075,0.734826342104,-0.64097444817,-5.27443318843e-06,0.00131860829711,0.734855250853,0.725580383532,-0.607994494044,-0.638639125599,0.724725715224,-0.600107042519,-0.0101295356291,0.0385320830797,-6.42610345897,-1.0228838601,-1.0228838601,0.672602089453,-1.11613453542,-0.0622850468884,-0.488045500602,-0.00809867547137,0.028067940035,0.0026822275578,4,0
745,1.49,1,-0.510348498821,0,1.24949836731,0,0,1.24949836731,0,1.24949836731,0,-0.476481413291,0.508227679681,-0.510348496558,0.563222353469,0.0814070414783,0.368414879215,-2.38973803875,3.62732991548,1.24949835598,-6.55069441808e-05,-0.00556164026087,-0.51019427343,0.599004146845,2.8336113751e-06,-0.000708402843772,-0.510259780374,-0.475460540897,0.512561405531,0.593442506584,-0.496308577091,0.507401547856,0.013951203283,-0.0860409587279,5.85820862567,1.24949835598,1.24393960032,-0.428941455079,0.931637232684,0.0814070414783,0.368414879215,0.0338670832667,-0.0549946737876,-0.00634772359104,4,0
745,1.49,2,0.728339552879,0,-0.718991994858,0,0,-0.718991994858,0,-0.718991994858,0,0.720601765891,-0.63528460282,0.728339579668,-0.66771531545,-0.0671627622789,-0.496831230431,-0.042766400028,-0.672924233155,-0.718992014466,3.32984603436e-05,0.00290179975909,0.728256215838,-0.688107517727,-3.54201420605e-06,0.000885503551513,0.728289514299,0.719325675392,-0.640701760112,-0.685205717967,0.720218533048,-0.635300570855,-0.00807098125024,0.0499051471126,-4.90750823244,-0.718992014466,-0.718992014466,0.661176817389,-1.16454654588,-0.0671627622789,-0.496831230431,-0.00773781377698,0.0324307126306,0.00330138128321,4,0
750,1.5,1,-0.504667282104,0,0.395967751741,0,0,0.395967751741,0,0.395967751741,0,-0.471306121014,0.524579352942,-0.504667266082,0.567403890195,0.0851350240545,0.378207057716,-3.16205832724,3.54864210096,0.395967743139,-9.65952102086e-05,-0.00822482689485,-0.504438545495,0.620572232243,1.62724690073e-06,-0.000406811725178,-0.504535140705,-0.47025479184,0.526885022153,0.612347405348,-0.49753287477,0.523486571535,0.00700226593503,-0.088860833813,4.904239825,0.395967743139,0.395967743139,-0.419532242028,0.945610947911,0.0851350240545,0.378207057716,0.0333611450683,-0.0428245372537,-0.00938396941735,4,0
750,1.5,2,0.721626520157,0,-0.473748385906,0,0,-0.473748385906,0,-0.473748385906,0,0.714132650513,-0.655724194356,0.721626533938,-0.668502003611,-0.0722112329129,-0.513511686126,0.177623394294,-0.644312640371,-0.473748382961,7.17704491108e-05,0.00619789149426,0.721450951635,-0.710421275498,-2.03405862786e-06,0.000508514656974,0.721522722084,0.712818489039,-0.658606280874,-0.704223384004,0.715551555947,-0.655665073296,-0.00597116613751,0.048558310708,-3.72968086606,-0.473748382961,-0.473748382961,0.649415301025,-1.18201368974,-0.0722112329129,-0.513511686126,-0.00749388342554,0.0127778092548,0.00705913688359,4,0
755,1.51,1,-0.498989701271,0,1.39596772194,0,0,1.39596772194,0,1.39596772194,0,-0.465982416448,0.542708714242,-0.498989694064,0.572397229232,0.088974232534,0.390333520996,-1.87177242161,3.56851202857,1.39596774314,-0.000114985482204,-0.00949295226137,-0.498736417023,0.627354926178,3.45988818157e-06,-0.000864972045397,-0.498851402505,-0.464891922044,0.547842118092,0.617861973917,-0.481463037399,0.542063688369,0.0173883651062,-0.0757982855482,5.80819420359,1.39596774314,1.707612385,-0.41001546153,0.962730750228,0.088974232534,0.390333520996,0.0330072776159,-0.0296885149901,-0.0108727780478,4,0
755,1.51,2,0.714940309525,0,-0.971560060978,0,0,-0.971560060978,0,-0.971560060978,0,0.707478019773,-0.678385895916,0.714940283203,-0.675407667841,-0.077420957848,-0.52800577457,-0.245478632409,-0.717235992496,-0.971560052866,9.40104772522e-05,0.00771730223372,0.714735894332,-0.719101240505,-4.32486020308e-06,0.00108121505077,0.714829904809,0.706114901762,-0.684802650694,-0.711383938271,0.705362325683,-0.678474049837,-0.00946757912532,0.0329098884345,-5.57082949639,-0.971560052866,-0.971560052866,0.637519325355,-1.20341344241,-0.077420957848,-0.52800577457,-0.00746226342976,-0.00297822807554,0.00884542796074,4,0
760,1.52,1,-0.49307924509,0,2.1372013092,0,0,2.1372013092,0,2.1372013092,0,-0.460419746916,0.570594925073,-0.493079243499,0.60671872771,0.0928626276012,0.39166312689,-1.43805440056,3.56717935533,2.13720130848,-8.64361629188e-05,-0.00703911976268,-0.492894833091,0.645674709893,3.92300520191e-06,-0.000980751300483,-0.492981269254,-0.459272666905,0.576482259227,0.638635590131,-0.472315578155,0.570099265438,0.0206656910995,-0.0685363246921,6.43653497365,2.13720130848,2.13720130848,-0.400216615898,0.998381854599,0.0928626276012,0.39166312689,0.0326594965831,-0.0361238026362,-0.00807635371771,4,0
760,1.52,2,0.707929432392,0,-1.16224122047,0,0,-1.16224122047,0,-1.16224122047,0,0.700524682828,-0.713243659236,0.70792941822,-0.721845384371,-0.0826586499487,-0.526131937985,-0.411478746511,-0.74551642104,-1.16224119679,5.72275920848e-05,0.00455929813467,0.707813543483,-0.745005791092,-4.90375646667e-06,0.00122593911666,0.707870771075,0.699090832809,-0.720602826874,-0.740446492957,0.697057994919,-0.713388104566,-0.0108127761562,0.0270583883913,-6.09162709983,-1.16224119679,-1.16224119679,0.625270768271,-1.24797732236,-0.0826586499487,-0.526131937985,-0.00740473539173,0.00860172513459,0.00524602923969,4,0
765,1.53,1,-0.486761271954,0,1.87384808064,0,0,1.87384808064,0,1.87384808064,0,-0.454568918671,0.599064665481,-0.486761283243,0.647398199319,0.0967130257522,0.386732808132,-1.61561233445,3.48348495565,1.87384802409,-6.29622932792e-05,-0.00521985536233,-0.486621170585,0.678352670671,3.42155109789e-06,-0.000855387774476,-0.486684132878,-0.453365574624,0.604238186917,0.673132815308,-0.467959312556,0.598506732403,0.0187248203218,-0.0746260829055,6.04509240007,1.87384802409,1.87384802409,-0.390048257491,1.03413100745,0.0967130257522,0.386732808132,0.0321923645718,-0.0483335338372,-0.00597540288168,4,0
765,1.53,2,0.700387477875,0,-1.06827306747,0,0,-1.06827306747,0,-1.06827306747,0,0.693211147495,-0.748830834475,0.700387487204,-0.774120790988,-0.0878271669792,-0.51854297183,-0.388119098234,-0.677598291326,-1.06827308002,2.71786370764e-05,0.00222954681903,0.70032838526,-0.787006716673,-4.27693883831e-06,0.00106923470959,0.700355563897,0.691706967431,-0.755297736218,-0.784777169854,0.689961166584,-0.748966250346,-0.010394397313,0.0358109195081,-5.40321582307,-1.06827308002,-1.06827308002,0.612560320225,-1.29266376282,-0.0878271669792,-0.51854297183,-0.0071763397089,0.0252899565126,0.00255569046394,4,0
770,1.54,1,-0.480116456747,0,1.24604403973,0,0,1.24604403973,0,1.24604403973,0,-0.448457080127,0.622057041774,-0.480116462003,0.673240288429,0.100543385468,0.385143600511,-2.14001323379,3.37949204325,1.24604407547,-6.80268033195e-05,-0.00574894436981,-0.479958143288,0.709565736639,2.38785500112e-06,-0.00059696375028,-0.480026170092,-0.447209269645,0.625696132185,0.70381679227,-0.46620500083,0.621317545078,0.0138211692619,-0.0824992471919,5.28917879644,1.24604407547,1.24604407547,-0.379573076535,1.05838388894,0.100543385468,0.385143600511,0.031659381876,-0.0511832466554,-0.00656526600964,4,0
770,1.54,2,0.692435979843,0,-0.850215852261,0,0,-0.850215852261,0,-0.850215852261,0,0.68557134929,-0.777571304619,0.692435956704,-0.805582981224,-0.0929696127064,-0.517396882963,-0.251951725417,-0.595000939512,-0.850215828193,3.31924047596e-05,0.00286485440675,0.692354781793,-0.825034968899,-2.98481873207e-06,0.000746204683029,0.692387974197,0.684011586183,-0.782120167602,-0.822170114492,0.683448244497,-0.777659767318,-0.00893972970053,0.0445103471742,-4.23805456302,-0.850215828193,-0.850215828193,0.599466343997,-1.32297986419,-0.0929696127064,-0.517396882963,-0.00686460741372,0.028011676605,0.00326316326386,4,0
775,1.55,1,-0.473335891962,0,0.755356788635,0,0,0.755356788635,0,0.755356788635,0,-0.442155570951,0.636828918644,-0.473335900799,0.678631810654,0.104400389014,0.387753302297,-2.56785616133,3.31448370482,0.755356781257,-9.03317255176e-05,-0.00764525705978,-0.473125099874,0.727014090311,1.64106796058e-06,-0.000410266990147,-0.4732154316,-0.440879617208,0.639207672325,0.719368833251,-0.463444668409,0.635941872916,0.00977076319109,-0.0834269603348,4.68221364491,0.755356781257,0.755356781257,-0.368935511785,1.06638511295,0.104400389014,0.387753302297,0.0311803298483,-0.0418028920102,-0.008729237766,4,0
775,1.55,2,0.684332847595,0,-0.714156448841,0,0,-0.714156448841,0,-0.714156448841,0,0.677694462796,-0.79603615063,0.684332873558,-0.810136958628,-0.0981634855266,-0.522844435372,-0.13828184912,-0.569931019429,-0.714156473492,6.08142897057e-05,0.00521383346698,0.684186665703,-0.844536192931,-2.05133494913e-06,0.000512833737275,0.684247479993,0.676099520613,-0.799009592731,-0.839322359464,0.676494666991,-0.796086142122,-0.00775281300171,0.0432362173424,-3.47821041862,-0.714156473492,-0.714156473492,0.586169388031,-1.332981394,-0.0981634855266,-0.522844435372,-0.00663841076181,0.0141008079988,0.00594360494344,4,0
780,1.56,1,-0.466508805752,0,1.5290607214,0,0,1.5290607214,0,1.5290607214,0,-0.435715832355,0.652575284141,-0.466508815369,0.688864255294,0.108271843923,0.387178878625,-1.78465880579,3.30437516313,1.52906077086,-9.89297726915e-05,-0.00815725624566,-0.46629130556,0.736043179218,2.65921088288e-06,-0.000664802720727,-0.466390235332,-0.434406744678,0.656538246781,0.727885922973,-0.450484478946,0.651959923867,0.0159057563866,-0.0759259991062,5.33980636387,1.52906077086,1.52906077086,-0.358236971446,1.07604313392,0.108271843923,0.387178878625,0.0307929830141,-0.0362889711528,-0.00934441351796,4,0
780,1.56,2,0.676186382771,0,-1.01810979843,0,0,-1.01810979843,0,-1.01810979843,0,0.669644789528,-0.815719107396,0.676186355347,-0.822348147013,-0.103390142767,-0.522705772948,-0.402416119302,-0.609058148196,-1.01810977887,7.08112603555e-05,0.00578577624616,0.676033775758,-0.854728393755,-3.32401357184e-06,0.000831003392972,0.676104587018,0.668008429927,-0.820672810649,-0.848942617509,0.666241933675,-0.815860893057,-0.00986265334275,0.0330817244524,-4.50717565441,-1.01810977887,-1.01810977887,0.572796212581,-1.34505391996,-0.103390142767,-0.522705772948,-0.00654156581905,0.00662903961688,0.00663551137043,4,0
785,1.57,1,-0.459470868111,0,1.68722224236,0,0,1.68722224236,0,1.68722224236,0,-0.429088243037,0.673164148868,-0.459470879688,0.714493776016,0.112084750507,0.379966657562,-1.5913222538,3.27102557165,1.68722222964,-7.96535075803e-05,-0.00656306969609,-0.459296250819,0.752425975162,2.74118303856e-06,-0.000685295759639,-0.459375904326,-0.42773777926,0.677287776238,0.745862905466,-0.442263730111,0.67261517024,0.0171121742147,-0.073247735226,5.37246418774,1.68722222964,1.68722222964,-0.347386129181,1.09446043358,0.112084750507,0.379966657562,0.0303826366503,-0.0413296271479,-0.00751891178706,4,0
785,1.57,2,0.66776829958,0,-1.09994208813,0,0,-1.09994208813,0,-1.09994208813,0,0.66136030286,-0.841455188021,0.667768303635,-0.855818926849,-0.10853564391,-0.512256617111,-0.487763069336,-0.607932092471,-1.0999420925,4.55660797277e-05,0.00370013773627,0.667671752764,-0.87613729085,-3.42647875351e-06,0.000856619688377,0.667717318843,0.659672223134,-0.846609722167,-0.872437153114,0.657267325391,-0.841625728749,-0.0104499934527,0.030811424365,-4.58802270922,-1.0999420925,-1.0999420925,0.559232659726,-1.36807554396,-0.10853564391,-0.512256617111,-0.00640800077488,0.014363738828,0.004246930693,4,0
790,1.58,1,-0.452174842358,0,1.46514558792,0,0,1.46514558792,0,1.46514558792,0,-0.422256542365,0.692657050182,-0.452174831411,0.73872251932,0.115818052311,0.371653617142,-1.74363016898,3.20206214064,1.46514554507,-7.0422830893e-05,-0.00586849943119,-0.452016293486,0.774037296324,2.28576583788e-06,-0.000571441459472,-0.452086716317,-0.420867741514,0.696114749776,0.768168796893,-0.436705761878,0.692054999369,0.0153809544391,-0.0761137975233,5.01808389515,1.46514554507,1.46514554507,-0.3363567791,1.11037613646,0.115818052311,0.371653617142,0.0299182890459,-0.0460654691379,-0.0067135734019,4,0
790,1.58,2,0.659013271332,0,-1.0286052227,0,0,-1.0286052227,0,-1.0286052227,0,0.652820677002,-0.865821314328,0.659013268613,-0.887289876018,-0.113567296504,-0.500680295893,-0.464737483286,-0.560682584017,-1.02860526343,3.34296631667e-05,0.00278404016789,0.658938054113,-0.904088200267,-2.85720725546e-06,0.000714301813863,0.658971483776,0.651084675936,-0.870143438757,-0.901304160099,0.648928079323,-0.865983505898,-0.0100434044536,0.0353206542008,-4.02829025418,-1.02860526343,-1.02860526343,0.545445972109,-1.38797017191,-0.113567296504,-0.500680295893,-0.00619259161042,0.0214685616896,0.00318519612589,4,0
795,1.59,1,-0.444690048695,0,1.15888988972,0,0,1.15888988972,0,1.15888988972,0,-0.415248717033,0.708173478467,-0.444690059912,0.753622383227,0.11948523097,0.365006009762,-1.97967111742,3.13133685057,1.15888991104,-7.53161374303e-05,-0.00632038423942,-0.444517795017,0.792491951522,1.7161299366e-06,-0.000429032484149,-0.444593111155,-0.413829746837,0.710772195272,0.786171567283,-0.43165728776,0.70748978802,0.0129358233946,-0.0786817792625,4.58087299921,1.15888991104,1.15888991104,-0.325204828942,1.11862839299,0.11948523097,0.365006009762,0.0294413428797,-0.0454489047602,-0.00722417788859,4,0
795,1.59,2,0.65001732111,0,-0.931695759296,0,0,-0.931695759296,0,-0.931695759296,0,0.644060895322,-0.88521684941,0.650017310696,-0.905975005546,-0.118511276295,-0.4923104865,-0.412090830105,-0.515810688233,-0.931695742885,3.9234448863e-05,0.00332341116008,0.649925608113,-0.927072856668,-2.14516239616e-06,0.000536290599028,0.649964842562,0.642287182575,-0.888465245378,-0.923749445508,0.640601192961,-0.885361003675,-0.00936364960042,0.0383884418332,-3.38697203907,-0.931695742885,-0.931695742885,0.5315060344,-1.39828549205,-0.118511276295,-0.4923104865,-0.00595641537321,0.0207581561358,0.00379422454643,4,0
800,1.6,1,-0.437106847763,0,1.09471428394,0,0,1.09471428394,0,1.09471428394,0,-0.408105507262,0.720073673418,-0.437106846119,0.760947793268,0.123099536308,0.359206586185,-1.99667365644,3.083297522,1.094714281,-8.45431913989e-05,-0.00707589714765,-0.436914830625,0.803942863477,1.52883628435e-06,-0.000382209071085,-0.436999373816,-0.406663105523,0.722347496287,0.796866966329,-0.424648314119,0.719384389799,0.0123510596971,-0.0774825765305,4.39001530712,1.094714281,1.094714281,-0.31400730981,1.12015437945,0.123099536308,0.359206586185,0.0290013388571,-0.0408741198505,-0.00809041544444,4,0
800,1.6,2,0.640900850296,0,-0.930748641491,0,0,-0.930748641491,0,-0.930748641491,0,0.635131883096,-0.900092092989,0.640900861065,-0.914831642927,-0.123391725586,-0.485361331989,-0.424317375415,-0.501584799535,-0.930748629902,5.04550256453e-05,0.00424099464388,0.640785224874,-0.940907251019,-1.91104535019e-06,0.000477761337536,0.6408356799,0.633328880921,-0.902934371571,-0.936666256375,0.63156171605,-0.90024084995,-0.00927396385024,0.0364254064253,-3.16485588958,-0.930748629902,-0.930748629902,0.517509135479,-1.40019297492,-0.123391725586,-0.485361331989,-0.00576897796874,0.0147395499378,0.00484645495163,4,0
805,1.61,1,-0.429441601038,0,1.23562300205,0,0,1.23562300205,0,1.23562300205,0,-0.400845895289,0.732005267151,-0.429441610049,0.770952925825,0.126642371782,0.350790844272,-1.82421620614,3.05181137354,1.23562296652,-8.45299934655e-05,-0.00701343920168,-0.429253170023,0.812459745089,1.58168034459e-06,-0.000395420086148,-0.429337700016,-0.399379493419,0.734387195285,0.805446305887,-0.415954568346,0.731375739107,0.0133831316702,-0.0740705667797,4.40402937426,1.23562296652,1.23562296652,-0.302799238267,1.1217437701,0.126642371782,0.350790844272,0.0285957147596,-0.0389476586734,-0.00802779912326,4,0
805,1.61,2,0.631680428982,0,-1.00481235981,0,0,-1.00481235981,0,-1.00481235981,0,0.626057368119,-0.915006585016,0.631680449671,-0.927882341742,-0.128181403627,-0.474297371216,-0.495621776316,-0.504485945975,-1.00481234033,4.97905509565e-05,0.00410713143197,0.631570837014,-0.951734753966,-1.97710039285e-06,0.000494275098208,0.631620627565,0.624224365779,-0.917983995127,-0.947627622534,0.621895207473,-0.915180008376,-0.0097254200927,0.0324476141581,-3.24858442382,-1.00481234033,-1.00481234033,0.503499046044,-1.40217971296,-0.128181403627,-0.474297371216,-0.00562308155175,0.0128757567264,0.00470461804345,4,0
810,1.62,1,-0.421665996313,0,1.1155039072,0,0,1.1155039072,0,1.1155039072,0,-0.393468622939,0.743057730309,-0.421665989454,0.781516281869,0.130087791761,0.340253756502,-1.9052930079,3.01317458184,1.11550393972,-8.00133959523e-05,-0.0066622050315,-0.421486252614,0.82142845267,1.24313220451e-06,-0.000310783051124,-0.42156626601,-0.391980601355,0.74494314114,0.814766247639,-0.409255137813,0.742399958856,0.012311128197,-0.0723662887834,4.15567578632,1.11550393972,1.11550393972,-0.291578197693,1.12177003837,0.130087791761,0.340253756502,0.0281973665152,-0.0384585515601,-0.00762236578293,4,0
810,1.62,2,0.622312068939,0,-0.985020160675,0,0,-0.985020160675,0,-0.985020160675,0,0.616835777672,-0.928822163632,0.622312074582,-0.942269940236,-0.132839329255,-0.459942607472,-0.487331791027,-0.493547587806,-0.985020151516,4.35263754096e-05,0.00361845617858,0.622214621153,-0.963867978806,-1.55391520462e-06,0.000388478801146,0.622258147528,0.61497575069,-0.931178927095,-0.960249522627,0.612747271076,-0.928992518073,-0.0095108764524,0.0312570045542,-2.94751507235,-0.985020151516,-0.985020151516,0.489472745327,-1.40221254771,-0.132839329255,-0.459942607472,-0.00547629690995,0.0134477766039,0.0041407726835,4,0
815,1.63,1,-0.413811475039,0,0.966031491756,0,0,0.966031491756,0,0.966031491756,0,-0.385994488907,0.751277858055,-0.413811470172,0.787420929333,0.133430599604,0.32943131981,-2.01574117642,2.97401847343,0.966031468807,-8.11799645914e-05,-0.00678001221313,-0.413627902086,0.828404411034,8.74452036281e-07,-0.000218613009072,-0.413709082051,-0.384490594528,0.752603028395,0.821624398821,-0.402698713555,0.750581848695,0.0110103684953,-0.071042550126,3.87901052373,0.966031468807,0.966031468807,-0.280380870568,1.11685224914,0.133430599604,0.32943131981,0.0278169812649,-0.0361430712772,-0.00775417178823,4,0
815,1.63,2,0.612832784653,0,-0.951277136803,0,0,-0.951277136803,0,-0.951277136803,0,0.607493110126,-0.939097322934,0.612832808112,-0.950882012576,-0.137356721686,-0.44518329793,-0.467331322378,-0.479667390594,-0.951277141348,4.46915877678e-05,0.0037421293232,0.612731175587,-0.97369214331,-1.09306499818e-06,0.000273266249536,0.612775867175,0.605613242152,-0.940753785787,-0.969950013987,0.603569840103,-0.939260792518,-0.00920602707245,0.0306892214692,-2.59990546137,-0.951277141348,-0.951277141348,0.475476086426,-1.39606531051,-0.137356721686,-0.44518329793,-0.00533969798604,0.0117846896425,0.00427842837641,4,0
820,1.64,1,-0.40591698885,0,1.03552520275,0,0,1.03552520275,0,1.03552520275,0,-0.378450128187,0.757476332782,-0.405916999261,0.790945552061,0.13666413001,0.31763980902,-1.91630079683,2.94389288529,1.03552519517,-8.32551512065e-05,-0.00693404489315,-0.405730111485,0.832349523385,8.56679502725e-07,-0.000214169875687,-0.405813366636,-0.376933916983,0.758748111756,0.825415478492,-0.394325630635,0.756814853514,0.0114877360005,-0.0686006249787,3.82242884757,1.03552519517,1.03552519517,-0.26925286925,1.10858536108,0.13666413001,0.31763980902,0.0274668710735,-0.0334692192783,-0.00793310670763,4,0
820,1.64,2,0.603290200233,0,-0.989748895168,0,0,-0.989748895168,0,-0.989748895168,0,0.598062659225,-0.946845416032,0.603290216447,-0.956762043941,-0.141724131656,-0.428969655965,-0.510790694656,-0.474483747118,-0.989748902554,4.70059927104e-05,0.00391038886739,0.603185132761,-0.979926564178,-1.07084934997e-06,0.000267712337487,0.603232138754,0.596167395219,-0.948435139705,-0.97601617531,0.593776224656,-0.947024017472,-0.00945591409786,0.0289921578377,-2.55414230558,-0.989748902554,-0.989748902554,0.461566084791,-1.38573169991,-0.141724131656,-0.428969655965,-0.00522755722214,0.00991662790867,0.00447446077991,4,0
825,1.65,1,-0.397954970598,0,1.43899774551,0,0,1.43899774551,0,1.43899774551,0,-0.370839632056,0.765375851634,-0.397954963471,0.801563948663,0.139755986426,0.301976277993,-1.48064603027,2.91240203931,1.43899769368,-7.6681503639e-05,-0.00632150660084,-0.397787191903,0.837798742783,1.29643629365e-06,-0.000324109073411,-0.397863873407,-0.369306833031,0.767371839912,0.831477236182,-0.383096721933,0.764865139555,0.0147671514734,-0.0666120966271,4.09481878797,1.43899769368,1.43899769368,-0.258198977045,1.10354022666,0.139755986426,0.301976277993,0.0271153314145,-0.03618809703,-0.00724168464451,4,0
825,1.65,2,0.593644559383,0,-1.12730956078,0,0,-1.12730956078,0,-1.12730956078,0,0.588549539061,-0.956719814461,0.593644578035,-0.972184351865,-0.145895858485,-0.407240929803,-0.66050006793,-0.463270085692,-1.12730959742,3.80808251725e-05,0.00308247389376,0.593565201164,-0.988438101484,-1.62054535868e-06,0.000405136339664,0.593603281989,0.58663354028,-0.959214799798,-0.98535562759,0.583025466867,-0.956949984136,-0.0105778151224,0.028405643454,-2.88961998626,-1.12730959742,-1.12730959742,0.44774871955,-1.37942528167,-0.145895858485,-0.407240929803,-0.00509503897355,0.0154645374037,0.00353944379582,4,0
830,1.66,1,-0.389863401651,0,0.872318029404,0,0,0.872318029404,0,0.872318029404,0,-0.363144967217,0.772282281498,-0.389863411343,0.811806264988,0.142677792691,0.285154854726,-1.98662430238,2.85247573798,0.872318051332,-6.74459387884e-05,-0.00565726446677,-0.389709385319,0.846609135359,2.9140385549e-07,-7.28509638708e-05,-0.389776831258,-0.361599871245,0.772766538675,0.840951870893,-0.379617682808,0.771595918349,0.0101591484504,-0.0693559525439,3.39621484282,0.872318051332,0.872318051332,-0.247185618652,1.09696111971,0.142677792691,0.285154854726,0.0267184441259,-0.03952398349,-0.00646661573223,4,0
830,1.66,2,0.583816409111,0,-0.93397539854,0,0,-0.93397539854,0,-0.93397539854,0,0.578931208013,-0.965352851626,0.583816399024,-0.98664074031,-0.149834377448,-0.384560657424,-0.516401257129,-0.415065231133,-0.933975381238,2.5819664698e-05,0.00219905700032,0.583755386787,-1.00093882492,-3.64254777785e-07,9.10636944518e-05,0.583781206452,0.576999838049,-0.965958173035,-0.998739767921,0.574614451132,-0.965532716496,-0.00916675531969,0.0332070514249,-1.88235851149,-0.933975381238,-0.933975381238,0.433982021576,-1.37120139773,-0.149834377448,-0.384560657424,-0.00488519101086,0.0212878886841,0.00250889297669,4,0
835,1.67,1,-0.381770789623,0,0.453310966492,0,0,0.453310966492,0,0.453310966492,0,-0.355417738707,0.772133886474,-0.381770793883,0.805782166171,0.145471354866,0.2728125399,-2.35887979272,2.80445302805,0.453310977471,-8.03814763258e-05,-0.00677316442963,-0.381585239668,0.847965623789,-4.7922428964e-07,0.000119806072409,-0.381665621144,-0.353874132315,0.771443777453,0.841192459359,-0.374976632715,0.771318932557,0.00668898842901,-0.0698735268021,2.85312792865,0.453310977471,0.453310977471,-0.236299439018,1.07859470607,0.145471354866,0.2728125399,0.0263530551768,-0.0336482796976,-0.00773774214554,4,0
835,1.67,2,0.573980569839,0,-0.798527419567,0,0,-0.798527419567,0,-0.798527419567,0,0.56927217238,-0.965167357488,0.573980590637,-0.979194717407,-0.153606293581,-0.369048662699,-0.407302022406,-0.387083727109,-0.798527396275,4.2439159049e-05,0.00363237685233,0.573879084611,-1.00296742228,5.9903041616e-07,-0.000149757604052,0.57392152377,0.567342664392,-0.964304721131,-0.999335045425,0.56584941742,-0.965309972278,-0.00807210635009,0.0340250731471,-1.15672940832,-0.798527396275,-0.798527396275,0.420374297056,-1.34824338011,-0.153606293581,-0.369048662699,-0.00470841825722,0.0140273599191,0.00414164676092,4,0
840,1.68,1,-0.373795896769,0,0.392317831516,0,0,0.392317831516,0,0.392317831516,0,-0.347717540486,0.767484533808,-0.373795900332,0.79168170358,0.14815819624,0.261470723934,-2.41255734888,2.79592852925,0.39231783956,-9.35119162464e-05,-0.00782451619933,-0.37358365955,0.839154487688,-7.23185335061e-07,0.000180796333759,-0.373677171466,-0.346183665465,0.766395121593,0.831329971489,-0.367712915374,0.766651393187,0.00596425609223,-0.0646785783016,2.67799354605,0.39231783956,0.39231783956,-0.225637704092,1.05315242751,0.14815819624,0.261470723934,0.0260783598459,-0.024197169772,-0.00894665919428,4,0
840,1.68,2,0.564291656017,0,-0.806889355183,0,0,-0.806889355183,0,-0.806889355183,0,0.559646924612,-0.959355666253,0.564291626515,-0.961845978843,-0.157244498089,-0.35459455243,-0.393054526467,-0.408151063935,-0.806889332497,5.91995714471e-05,0.0049733472373,0.56415612493,-0.992340398052,9.03981718148e-07,-0.000225995429534,0.564215324502,0.557729580838,-0.95799390091,-0.987367050814,0.556329864492,-0.959493877092,-0.00788546000926,0.0278731737228,-1.05886556497,-0.806889332497,-0.806889332497,0.407047128426,-1.31644053127,-0.157244498089,-0.35459455243,-0.00464470190339,0.00249031259008,0.00568374209467,4,0
845,1.69,1,-0.365941613913,0,0.865468621254,0,0,0.865468621254,0,0.865468621254,0,-0.340067363742,0.763118270359,-0.365941627152,0.783062741692,0.150708762288,0.245823092152,-1.95128193183,2.80799630873,0.865468630339,-9.24254496049e-05,-0.00764514804018,-0.365737681079,0.827469983547,-1.34340984892e-07,3.35852462194e-05,-0.365830106529,-0.338541435963,0.762863133759,0.819824835507,-0.356227039403,0.76244495054,0.00960306712645,-0.057379884967,3.03794058668,0.865468630339,0.865468630339,-0.215232864863,1.02888583384,0.150708762288,0.245823092152,0.0258742634097,-0.0199444713325,-0.00875425343544,4,0
845,1.69,2,0.554740250111,0,-0.990430057049,0,0,-0.990430057049,0,-0.990430057049,0,0.550084203694,-0.953897836618,0.554740233541,-0.95323481656,-0.160699154117,-0.332872472135,-0.539221358777,-0.445802354348,-0.990430084815,5.75005841341e-05,0.00471636468012,0.554616158874,-0.979600668766,1.67926261452e-07,-4.19815653677e-05,0.554673659458,0.548176793973,-0.95357891582,-0.974884304085,0.545553505069,-0.954086615727,-0.00912015438839,0.0207976883584,-1.66623210183,-0.990430084815,-0.990430084815,0.394041079425,-1.2861072887,-0.160699154117,-0.332872472135,-0.00465602984788,-0.000663020057369,0.00540637168973,4,0
850,1.7,1,-0.358053594828,0,1.74858427048,0,0,1.74858427048,0,1.74858427048,0,-0.332430775456,0.766153132037,-0.358053595738,0.796584545871,0.153036439454,0.22100203701,-1.05102284762,2.79320975214,1.74858428868,-6.88736018686e-05,-0.00557090094582,-0.357909692484,0.826229057682,9.59660219957e-07,-0.000239915054985,-0.357978566086,-0.330896779984,0.767717481158,0.820658156736,-0.341120900629,0.765791043488,0.0168576654576,-0.0548671132474,3.79324805838,1.74858428868,1.74858428868,-0.205017156285,1.01758658288,0.153036439454,0.22100203701,0.0256228202822,-0.0304314138334,-0.00639738416825,4,0
850,1.7,2,0.545111238956,0,-1.26797640324,0,0,-1.26797640324,0,-1.26797640324,0,0.54053846835,-0.957691413563,0.545111248241,-0.97465379041,-0.163839804502,-0.297329434391,-0.828881793355,-0.436788161493,-1.26797637033,2.65147344518e-05,0.00198823867381,0.545066109945,-0.981621771829,-1.1995752639e-06,0.000299893815967,0.545092624679,0.538620974013,-0.959646849951,-0.979633533155,0.533623904395,-0.957979520395,-0.0114687202845,0.0216540127601,-2.57963648869,-1.26797637033,-1.26797637033,0.381271443738,-1.2719832248,-0.163839804502,-0.297329434391,-0.00457277989038,0.016962376847,0.00230641548723,4,0
855,1.71,1,-0.349975645542,0,0.748584270477,0,0,0.748584270477,0,0.748584270477,0,-0.3247505031,0.767157934095,-0.349975643048,0.810667432722,0.155085122193,0.192584935116,-2.25904465897,2.69116691727,0.748584288681,-4.79944839574e-05,-0.00407446533992,-0.349863066889,0.83685241455,-1.12579228029e-06,0.00028144807007,-0.349911061373,-0.323217706296,0.76555405745,0.83277794921,-0.3435045628,0.766376514941,0.00640649857322,-0.066401434269,2.66018429755,0.748584288681,0.436772657442,-0.194890520854,1.00325236784,0.155085122193,0.192584935116,0.0252251399483,-0.0435094986271,-0.00465039914741,4,0
855,1.71,2,0.535214245319,0,-0.792146146297,0,0,-0.792146146297,0,-0.792146146297,0,0.530938127921,-0.958947415955,0.535214227509,-0.992722895314,-0.16660107802,-0.26134256045,-0.460766738824,-0.331355168322,-0.792146161859,-7.86052300813e-07,3.36873404099e-05,0.535209938327,-0.995214654137,1.40724039266e-06,-0.000351810098171,0.535209152275,0.52902213192,-0.956942570085,-0.995180966797,0.527104857957,-0.959107135536,-0.008104294318,0.0360738312602,-0.432426845477,-0.792146161859,-0.792146161859,0.368613149489,-1.25406545576,-0.16660107802,-0.26134256045,-0.00427609958845,0.0337754793594,2.42547128002e-05,4,0
860,1.72,1,-0.341953903437,0,-0.25141569972,0,0,-0.25141569972,0,-0.25141569972,0,-0.317132003881,0.754894032223,-0.34195390364,0.792612069093,0.156930682777,0.175035232502,-2.91939734868,2.59950717243,-0.251415711319,-7.50077052811e-05,-0.00641543991278,-0.341774573596,0.834629895737,-2.30933623135e-06,0.000577334057837,-0.341849581301,-0.315625609334,0.751465271206,0.828214455825,-0.341357294554,0.753884645112,0.000492286747443,-0.0743298107131,1.54363516438,-0.251415711319,-0.312574643872,-0.185023220863,0.967647301595,0.156930682777,0.175035232502,0.0248218997591,-0.0377180368698,-0.00731553237615,4,0
860,1.72,2,0.525423467159,0,-0.520628750324,0,0,-0.520628750324,0,-0.520628750324,0,0.521415003916,-0.943617538255,0.525423466523,-0.965018516752,-0.169144441979,-0.244540605687,-0.250504837758,-0.266608598468,-0.520628737008,3.46147485212e-05,0.00309992379986,0.525331770933,-0.988228904751,2.88667034265e-06,-0.00072166758566,0.525366385682,0.519532010736,-0.939331586904,-0.985128980951,0.519301838119,-0.94370558683,-0.00606454756342,0.0414233941204,0.795047221079,-0.520628737008,-0.520628737008,0.356279024544,-1.20955912244,-0.169144441979,-0.244540605687,-0.00400846260725,0.0214009784969,0.00351530078212,4,0
865,1.73,1,-0.334246575832,0,-0.287979692221,0,0,-0.287979692221,0,-0.287979692221,0,-0.309672700718,0.736655867449,-0.334246577876,0.756048118202,0.158679583722,0.167231047438,-2.90449655173,2.60630955825,-0.287979688976,-0.000106320994354,-0.00893145256955,-0.334003194215,0.810808956163,-2.3967267388e-06,0.000599181684693,-0.33410951521,-0.308203032481,0.733036573612,0.801877503593,-0.333749976952,0.735652647606,0.000359538258027,-0.0662248559878,1.4121801781,-0.287979688976,-0.287979688976,-0.175566994153,0.92327916564,0.158679583722,0.167231047438,0.0245738771572,-0.0193922507536,-0.0102073045018,4,0
865,1.73,2,0.516063511372,0,-0.568667948246,0,0,-0.568667948246,0,-0.568667948246,0,0.512090874985,-0.920819831893,0.516063529692,-0.916945779126,-0.171604788488,-0.237153172804,-0.2445501305,-0.316822304851,-0.568667972857,7.5556858807e-05,0.00638885519981,0.515888139981,-0.956791950641,2.99590847153e-06,-0.000748977117877,0.51596369684,0.510253789693,-0.916295714525,-0.950403095441,0.50999579837,-0.920907126752,-0.00596789846919,0.0294959686891,0.638364454505,-0.568667972857,-0.568667972857,0.344458741204,-1.15409895193,-0.171604788488,-0.237153172804,-0.00397265470739,-0.00387405276689,0.0072955375055,4,0
870,1.74,1,-0.32684597373,0,0.533128798008,0,0,0.533128798008,0,0.533128798008,0,-0.302389734514,0.721214292103,-0.326845983802,0.732912120845,0.160306892474,0.151625504844,-2.07955315283,2.65906657298,0.533128799689,-0.000104777309091,-0.00862390303908,-0.326617584186,0.782007928093,-1.18661741416e-06,0.000296654353545,-0.326722361495,-0.300949273621,0.719340483402,0.773384025054,-0.319607109256,0.720496901489,0.00711525223935,-0.0528871235652,2.1415940218,0.533128799689,0.589394650896,-0.166539091329,0.884537625689,0.160306892474,0.151625504844,0.024456249288,-0.011697828742,-0.00988123074817,4,0
870,1.74,2,0.507087051868,0,-0.908700406551,0,0,-0.908700406551,0,-0.908700406551,0,0.502987167255,-0.901517862394,0.50708702979,-0.889853238009,-0.173913167062,-0.215818788555,-0.493055394747,-0.408799883708,-0.908700425944,7.32917883467e-05,0.00596564602857,0.506931824311,-0.922154303931,1.48327179783e-06,-0.000370817949457,0.507005116099,0.501186591145,-0.899175601472,-0.916188657903,0.498828549226,-0.901691138145,-0.00817656687275,0.0144975197573,-0.691707411103,-0.908700425944,-0.908700425944,0.333173862727,-1.10567202656,-0.173913167062,-0.215818788555,-0.00409986253423,-0.0116646243847,0.00684514748873,4,0
875,1.75,1,-0.319492310286,0,1.53312885761,0,0,1.53312885761,0,1.53312885761,0,-0.29520493435,0.71886960529,-0.319492301439,0.741611849769,0.161688844521,0.126082381912,-0.73587580285,2.68074216753,1.53312879969,-6.81402509934e-05,-0.00545480061297,-0.319353636471,0.769380189316,5.43089124116e-07,-0.000135772281029,-0.319421776722,-0.293765988541,0.719880221589,0.763925388703,-0.301274424701,0.718616709859,0.018147352021,-0.0453086788442,3.03128615652,1.53312879969,1.9511388483,-0.157803456918,0.867694231681,0.161688844521,0.126082381912,0.0242873670887,-0.0227422444786,-0.00627248362489,4,0
875,1.75,2,0.498110383749,0,-1.338326931,0,0,-1.338326931,0,-1.338326931,0,0.494006167079,-0.898587003721,0.498110386019,-0.910056815953,-0.175856066249,-0.17456096794,-0.915132149038,-0.421090694823,-1.33832696693,2.51416049156e-05,0.00180242380912,0.498072998262,-0.914378635492,-6.78861392323e-07,0.000169715348083,0.498098139867,0.492207484823,-0.899850274077,-0.912576211683,0.48637577868,-0.898904936571,-0.0117223611874,0.0136712751122,-2.25850660969,-1.33832696693,-1.33832696693,0.32225431977,-1.08461778389,-0.175856066249,-0.17456096794,-0.00410421894004,0.0114698122318,0.00210412306811,4,0
880,1.76,1,-0.311962932348,0,0.691736161709,0,0,0.691736161709,0,0.691736161709,0,-0.28802226234,0.713519997858,-0.311962940124,0.755694188612,0.162763101926,0.0908113913759,-2.62018577172,2.56896807771,0.691736152652,-3.69502879788e-05,-0.00314601528675,-0.311875680413,0.776241238254,-2.56820374706e-06,0.00064205093676,-0.311912630701,-0.286598835372,0.709787331248,0.773095222968,-0.309789441707,0.712613032051,0.00212318899429,-0.0604821909169,2.0669666314,0.691736152652,-0.0476282752701,-0.149199838198,0.846505579988,0.162763101926,0.0908113913759,0.0239406777837,-0.0421741907546,-0.0035894187425,4,0
880,1.76,2,0.488841563463,0,-0.620653867722,0,0,-0.620653867722,0,-0.620653867722,0,0.485027827096,-0.891899994248,0.488841573539,-0.929202857301,-0.177341777111,-0.128929111777,-0.330127059745,-0.29192391917,-0.620653865213,-1.55958913206e-05,-0.00120996300644,0.488871146604,-0.924170614201,3.21025472377e-06,-0.000802563680944,0.488855550712,0.483248543392,-0.887234160926,-0.925380577208,0.482293158567,-0.89201393877,-0.00656239214502,0.0333666384378,0.833067035981,-0.620653865213,-0.620653865213,0.311499796427,-1.05813196908,-0.177341777111,-0.128929111777,-0.00381374644277,0.0373028630528,-0.00139711370228,4,0
885,1.77,1,-0.304508417845,0,-0.308263838291,0,0,-0.308263838291,0,-0.308263838291,0,-0.280998163854,0.689099613908,-0.304508430806,0.734362470884,0.163537014209,0.0615365875182,-3.54445415177,2.42110024116,-0.308263847348,-6.61689247179e-05,-0.00570147028952,-0.304347597438,0.772555496191,-4.11409348655e-06,0.00102852337164,-0.304413766363,-0.2796260564,0.682968156878,0.766854025902,-0.310430055606,0.687873285085,-0.00601628924287,-0.0789807408162,0.960216081548,-0.308263847348,-1.11685841323,-0.140971416597,0.795899058402,0.163537014209,0.0615365875182,0.0235102669525,-0.0452628569753,-0.00649549738613,4,0
885,1.77,2,0.479748308659,0,-0.219939053059,0,0,-0.219939053059,0,-0.219939053059,0,0.47624770402,-0.861374513978,0.4797482982,-0.889921511902,-0.178534028712,-0.104952304761,-0.0257296191896,-0.191772183412,-0.219939056571,2.29828435147e-05,0.00216145984691,0.479680871306,-0.908129140252,5.14261690693e-06,-0.00128565422674,0.47970385415,0.474532569709,-0.853710192617,-0.905967680405,0.476013386878,-0.861384277192,-0.00369046727195,0.0445834032126,2.52711397477,-0.219939056571,-0.219939056571,0.301214269488,-0.994873816663,-0.178534028712,-0.104952304761,-0.00350059418004,0.0285469979236,0.00243725396909,4,0
890,1.78,1,-0.297436892986,0,-1.0605404377,0,0,-1.0605404377,0,-1.0605404377,0,-0.274264102244,0.657547630205,-0.297436894346,0.686096252494,0.164122026742,0.0492966257119,-3.4534662663,2.38275704678,-1.06054045856,-0.000105082171305,-0.00890777490827,-0.297190829408,0.742667419809,-4.02234954133e-06,0.00100558738533,-0.297295911579,-0.272955128274,0.651470222691,0.733759644901,-0.302908518232,0.656354112872,-0.00561260665343,-0.0774055320289,0.13254362321,-1.06054045856,-1.06054045856,-0.133314867604,0.735392878206,0.164122026742,0.0492966257119,0.0231727921024,-0.0285486222891,-0.0101687609639,4,0
890,1.78,2,0.471256285906,0,-0.264538884163,0,0,-0.264538884163,0,-0.264538884163,0,0.467830127043,-0.821934533992,0.471256289777,-0.820086981968,-0.179612706464,-0.0991541089919,-0.030213965851,-0.227041189735,-0.26453888119,7.42969072206e-05,0.00639216271762,0.471076292438,-0.862609554026,5.02793696971e-06,-0.00125698424242,0.471150589346,0.466193909589,-0.814337774534,-0.856217391309,0.467518187842,-0.821947531459,-0.00363240150365,0.0342698598495,2.30859850616,-0.26453888119,-0.26453888119,0.291643583313,-0.91924109096,-0.179612706464,-0.0991541089919,-0.00342616273417,-0.0018475520246,0.00728372560426,4,0
895,1.79,1,-0.290849119425,0,-0.105083346367,0,0,-0.105083346367,0,-0.105083346367,0,-0.26782944078,0.631344823949,-0.290849109178,0.645125021312,0.164617951657,0.0394856440974,-2.2895639792,2.45274810912,-0.105083347776,-0.000115600401998,-0.00951860172826,-0.290596517218,0.699498048008,-2.22079726592e-06,0.000555199316483,-0.29071211762,-0.266570344441,0.627882571684,0.689979446279,-0.286785349322,0.630554994426,0.00392676829781,-0.059424451853,1.02292274706,-0.105083347776,0.174089936472,-0.126231157521,0.68461066541,0.164617951657,0.0394856440974,0.0230196683981,-0.0137801973633,-0.0109058065522,4,0
895,1.79,2,0.463396430016,0,-0.735509395599,0,0,-0.735509395599,0,-0.735509395599,0,0.459786800253,-0.789181025888,0.463396430082,-0.770157764386,-0.180607484304,-0.0856055602419,-0.373229395305,-0.354008068304,-0.735509420786,8.83652733121e-05,0.00721157389722,0.463207537798,-0.809809453751,2.77599660986e-06,-0.000693999152466,0.463295903071,0.458212929837,-0.784853210514,-0.802597879854,0.456613132156,-0.789313262059,-0.00668277091468,0.0132846177951,0.357189705684,-0.735509420786,-0.735509420786,0.282788945778,-0.855763324628,-0.180607484304,-0.0856055602419,-0.00360962982922,-0.0190232615021,0.00827195717697,4,0
900,1.8,1,-0.284451842308,0,0.894916653633,0,0,0.894916653633,0,0.894916653633,0,-0.261576029076,0.623513031694,-0.284451846805,0.64134623546,0.16492735749,0.0219352252888,-0.557616907986,2.52466064305,0.894916652224,-7.5266793631e-05,-0.00601640187337,-0.284299257843,0.67176119841,7.82178755654e-08,-1.95544688847e-05,-0.284374524637,-0.260328367004,0.623889699674,0.665744796537,-0.266157219825,0.623322148746,0.0182173048118,-0.0424226477909,1.94198010183,0.894916652224,1.97396333846,-0.119524489315,0.663281460749,0.16492735749,0.0219352252888,0.022875817729,-0.017833203766,-0.00691960339694,4,0
900,1.8,2,0.455684036016,0,-1.31989240646,0,0,-1.31989240646,0,-1.31989240646,0,0.451970035664,-0.779391285419,0.455684024749,-0.781026126445,-0.181278414156,-0.0480756922335,-0.910038019798,-0.40682233631,-1.31989245204,3.53188222482e-05,0.00260827006453,0.455626499748,-0.78923787795,-9.77723307871e-08,2.4443082701e-05,0.45566181857,0.450410458082,-0.779862120374,-0.786629607885,0.444374305066,-0.779707774194,-0.0112875135041,0.00692183369132,-1.90118172611,-1.31989245204,-1.31989245204,0.274405610593,-0.829101818678,-0.181278414156,-0.0480756922335,-0.00371398908479,0.00163484102603,0.00303209593151,4,0
905,1.81,1,-0.277971208096,0,0.294916659594,0,0,0.294916659594,0,0.294916659594,0,-0.255372411706,0.611838371234,-0.27797122175,0.648027151124,0.164986737439,-0.0114574178067,-3.0413173376,2.43956048409,0.294916652224,-3.67160540843e-05,-0.00311326609425,-0.277885188296,0.668227363983,-3.92571355712e-06,0.000981428389285,-0.27792190435,-0.254154325728,0.60609870385,0.665114097889,-0.280643234407,0.610785420288,-0.00272133005639,-0.0543286776005,1.24376266373,0.294916652224,-0.598202994769,-0.112984484311,0.636569733317,0.164986737439,-0.0114574178067,0.0225988100447,-0.0361887798898,-0.00355385874326,4,0
905,1.81,2,0.447729021311,0,-0.420985907316,0,0,-0.420985907316,0,-0.420985907316,0,0.444215513994,-0.764797959674,0.447729027481,-0.79519065221,-0.18149842307,-0.000521507027516,-0.131672697824,-0.290678724855,-0.42098592193,-1.50924473683e-05,-0.00118439138032,0.447758314088,-0.790142806833,4.90714198104e-06,-0.00122678549526,0.44774322164,0.44269290653,-0.757623375393,-0.791327198214,0.443131502649,-0.764843126813,-0.0046117189911,0.0264840714002,1.85796294459,-0.42098592193,-0.42098592193,0.266230604411,-0.795712159238,-0.18149842307,-0.000521507027516,-0.00351351348739,0.0303926925362,-0.00136550074874,4,0
910,1.82,1,-0.271645754576,0,-0.705083370209,0,0,-0.705083370209,0,-0.705083370209,0,-0.249419243362,0.576153716346,-0.271645742399,0.617765588529,0.164733779307,-0.0436240382714,-4.18450908511,2.28237471505,-0.705083347776,-6.66944449714e-05,-0.00575873300501,-0.271482919446,0.656566399034,-5.75369908506e-06,0.00143842477126,-0.271549613891,-0.248275483285,0.56756476421,0.650807666029,-0.284175153397,0.574705553428,-0.012625539506,-0.076102112601,0.162378042279,-0.705083347776,-1.89557530372,-0.106911963092,0.574141550258,0.164733779307,-0.0436240382714,0.0222264990373,-0.0416118721834,-0.00655906634467,4,0
910,1.82,2,0.440051108599,0,0.0611300244927,0,0,0.0611300244927,0,0.0611300244927,0,0.436774053609,-0.720192140782,0.440051099526,-0.742641394904,-0.181411146563,0.024964464808,0.252432431002,-0.188666520937,0.0611300259453,2.48602169457e-05,0.00233756151631,0.43997826281,-0.76229406415,7.19212389633e-06,-0.00179803097408,0.440003123027,0.435344353522,-0.709455950553,-0.759956502633,0.438852083809,-0.72010555619,-0.0011510392189,0.0398509464427,3.80341321644,0.0611300259453,0.0611300259453,0.258639952963,-0.717676930096,-0.181411146563,0.024964464808,-0.00327704591684,0.0224492541219,0.00263588411966,4,0
915,1.83,1,-0.265796601772,0,-1.70508337021,0,0,-1.70508337021,0,-1.70508337021,0,-0.243875509977,0.532600026609,-0.265796591218,0.560188028401,0.164260410269,-0.0588888767525,-4.01513640286,2.23123632902,-1.70508334778,-0.000107703509517,-0.00912927869381,-0.265544472415,0.618122022239,-5.47215854554e-06,0.00136803963639,-0.265652175925,-0.242818642609,0.524329565291,0.608992743546,-0.277190294161,0.531211910602,-0.0115381182359,-0.077780832944,-0.884189666794,-1.70508334778,-1.77347835303,-0.101536180949,0.501299151649,0.164260410269,-0.0588888767525,0.0219210812408,-0.0275880017921,-0.010421720808,4,0
915,1.83,2,0.433123677969,0,-0.000337165867677,0,0,-0.000337165867677,0,-0.000337165867677,0,0.429844386927,-0.665750028321,0.433123683193,-0.657723942113,-0.18120345783,0.031100010602,0.23594856449,-0.228517259586,-0.000337165863888,7.93230098399e-05,0.00681659464947,0.432932069895,-0.702871314527,6.84019821645e-06,-0.00171004955412,0.433011392905,0.428523302726,-0.655411951621,-0.696054719878,0.431742592212,-0.665670936434,-0.00126880069234,0.0303837834435,3.4318687281,-0.000337165863888,-0.000337165863888,0.251920225363,-0.626623931511,-0.18120345783,0.031100010602,-0.00327929626666,-0.0080260862083,0.00776847076755,4,0
920,1.84,1,-0.260554432869,0,-0.773475170135,0,0,-0.773475170135,0,-0.773475170135,0,-0.238741331811,0.49680061721,-0.260554437922,0.505074037409,0.163712678759,-0.0634069382077,-2.56358510921,2.31980802163,-0.773475193517,-0.000122402386656,-0.0100918250153,-0.260286199611,0.562945322376,-3.15459762207e-06,0.000788649405518,-0.260408601998,-0.237752786879,0.491906517632,0.552853497361,-0.259971344613,0.495916033343,0.00043725738464,-0.0569374640175,0.0156246775918,-0.773475193517,-0.232216433931,-0.0968417591633,0.441667099201,0.163712678759,-0.0634069382077,0.0218131061108,-0.008273420199,-0.0115606536552,4,0
920,1.84,2,0.426987469196,0,-0.567930519581,0,0,-0.567930519581,0,-0.567930519581,0,0.423426664269,-0.621000766344,0.426987456363,-0.592099425442,-0.18093525815,0.0400155597148,-0.186343130907,-0.372258060474,-0.567930502164,9.93627151762e-05,0.00813695820139,0.426773331433,-0.637390829552,3.94324705011e-06,-0.000985811762533,0.426872694149,0.422190983115,-0.614883141838,-0.629253871351,0.421798886592,-0.621068590414,-0.00507380755707,0.00818528093675,1.00958921717,-0.567930502164,-0.567930502164,0.246052198213,-0.552083865727,-0.18093525815,0.0400155597148,-0.00356079209372,-0.0289013409024,0.0093293107835,4,0
925,1.85,1,-0.255626946688,0,0.226524800062,0,0,0.226524800062,0,0.226524800062,0,-0.233863405474,0.483808065828,-0.255626940353,0.490216858476,0.163041478562,-0.0730245822173,-0.53070464409,2.44011585259,0.226524806483,-8.03401509896e-05,-0.00641749201197,-0.255464346176,0.522553127799,-3.99031018894e-07,9.97577547243e-05,-0.255544686327,-0.232895768341,0.483519293202,0.516135635787,-0.238216872956,0.48362667135,0.0173278133709,-0.0325089644371,0.970133740887,0.226524806483,1.91679278232,-0.0925854617913,0.417192276259,0.163041478562,-0.0730245822173,0.021763534879,-0.00640879264791,-0.00738157382384,4,0
925,1.85,2,0.421102285385,0,-1.26208770275,0,0,-1.26208770275,0,-1.26208770275,0,0.4173292564,-0.604760076986,0.421102274061,-0.596592537856,-0.18037044748,0.0751022008834,-0.810670471429,-0.447581542854,-1.26208770037,4.4050571473e-05,0.00330707922769,0.421026974539,-0.608353296695,4.9878878694e-07,-0.000124697196734,0.421071025111,0.416119709995,-0.604399111184,-0.605046217467,0.410553468608,-0.605042401477,-0.0105175565027,3.81599009303e-06,-1.75464755857,-1.26208770037,-1.26208770037,0.240731826581,-0.521490336972,-0.18037044748,0.0751022008834,-0.00377301766109,-0.00816753913013,0.00383568608537,4,0
930,1.86,1,-0.250698328018,0,-0.0599591396749,0,0,-0.0599591396749,0,-0.0599591396749,0,-0.229081041437,0.46634084802,-0.250698324668,0.491452009164,0.162178321598,-0.104816140002,-3.48787649119,2.38448162305,-0.0599591408665,-3.55252899169e-05,-0.00296333921068,-0.250617268082,0.510129909058,-5.08832409685e-06,0.00127208102421,-0.250652793372,-0.228155652014,0.458878468696,0.507166569848,-0.258068107075,0.465133053618,-0.00741531370252,-0.0420335162296,0.616586824496,-0.0599591408665,-1.10000522545,-0.0885200030702,0.386635869162,0.162178321598,-0.104816140002,0.0216172832306,-0.0251111611446,-0.00338964268968,4,0
930,1.86,2,0.4149941504,0,-0.262087702751,0,0,-0.262087702751,0,-0.262087702751,0,0.411351301408,-0.582926054582,0.414994138685,-0.610932665432,-0.179344135422,0.127637837423,0.121721105756,-0.323470938829,-0.262087700368,-1.47221935913e-05,-0.001221556019,0.415025645794,-0.604841243418,6.36040514718e-06,-0.00159010128679,0.4150109236,0.410194564639,-0.573598080389,-0.606062799437,0.412375517656,-0.582883378905,-0.0026354059449,0.0231794205313,2.35931926175,-0.262087700368,-0.200351610731,0.235650003264,-0.483294828008,-0.179344135422,0.127637837423,-0.00364283727749,0.0280066108493,-0.00139822234209,4,0
935,1.87,1,-0.245970636606,0,-1.0599591732,0,0,-1.0599591732,0,-1.0599591732,0,-0.224628649748,0.421204293486,-0.245970643006,0.455435895842,0.160985701932,-0.139127278877,-4.78613366751,2.215945319,-1.05995914087,-6.43641397863e-05,-0.00558525675979,-0.24581195252,0.493544492318,-7.0926035125e-06,0.00177315087813,-0.24587631666,-0.223796798665,0.410606089024,0.487959235559,-0.264391084752,0.419547525361,-0.0185147680924,-0.0684117101976,-0.434879879116,-1.05995914087,-2.56383072207,-0.0849849410743,0.316308616966,0.160985701932,-0.139127278877,0.0213419932574,-0.0342316023562,-0.00635762643722,4,0
935,1.87,2,0.409201711416,0,0.361766159534,0,0,0.361766159534,0,0.361766159534,0,0.405785811853,-0.52650536121,0.409201719996,-0.549833398062,-0.177970544142,0.154447635482,0.564286727494,-0.199954084861,0.361766154936,2.38372605885e-05,0.0022804405704,0.409129669305,-0.569619657931,8.86575441844e-06,-0.00221643860461,0.409153506566,0.40474599801,-0.51325760559,-0.56733921736,0.410458701196,-0.526310657487,0.00130519462976,0.041028559873,4.8069382843,0.361766154936,0.361766154936,0.231231175854,-0.39538576258,-0.177970544142,0.154447635482,-0.00341590814355,0.0233280368524,0.00256648769746,4,0
940,1.88,1,-0.241784960032,0,-2.0599591732,0,0,-2.0599591732,0,-2.0599591732,0,-0.22068380207,0.367959433465,-0.241784964296,0.391214515542,0.159557258353,-0.155507559798,-4.54186863144,2.15245184336,-2.05995914087,-0.000108280818889,-0.00918380789319,-0.241531160706,0.449588219617,-6.62432182777e-06,0.00165608045694,-0.241639441525,-0.21995797522,0.357945183795,0.440404411723,-0.258379902898,0.366388762597,-0.0167404613728,-0.0740156491263,-1.44961898031,-2.05995914087,-2.37893361036,-0.0822277059435,0.235706955744,0.159557258353,-0.155507559798,0.0211011622266,-0.023255082077,-0.0104831777199,4,0
940,1.88,2,0.40427416563,0,0.294993817806,0,0,0.294993817806,0,0.294993817806,0,0.400854752312,-0.459949285986,0.404274173826,-0.453059992917,-0.176489541799,0.158426307033,0.535015058469,-0.231961892293,0.29499380858,8.22803897223e-05,0.00707199291947,0.404075366155,-0.499898362033,8.2804023076e-06,-0.00207010057691,0.404157646545,0.399947468761,-0.447431473864,-0.492826369114,0.405238439251,-0.459766632363,0.00108079270688,0.0330597367508,4.3346326564,0.29499380858,0.29499380858,0.227784632028,-0.294633685884,-0.176489541799,0.158426307033,-0.0034194215144,-0.00688929306878,0.00805935759614,4,0
945,1.89,1,-0.23828856647,0,-1.34603345394,0,0,-1.34603345394,0,-1.34603345394,0,-0.217236528116,0.324536743471,-0.238288572863,0.326294373857,0.158071032622,-0.155322409045,-2.87859364274,2.25054156377,-1.34603339673,-0.000126381317511,-0.0104404944079,-0.238010526953,0.386478048838,-3.90942462095e-06,0.000977356155236,-0.23813690827,-0.216593688014,0.318487982477,0.37603755443,-0.241083764768,0.32354310861,-0.00294685649706,-0.0524944458203,-0.730759135752,-1.34603339673,-0.616095008749,-0.080217540241,0.170971964812,0.158071032622,-0.155322409045,0.0210520447474,-0.0017576303868,-0.011957070218,4,0
945,1.89,2,0.400259107351,0,-0.334095746279,0,0,-0.334095746279,0,-0.334095746279,0,0.396545659928,-0.405670923341,0.400259098168,-0.375128806624,-0.17498717318,0.161413859504,0.0554841501125,-0.379497062315,-0.334095741992,0.00010702594535,0.00879851844502,0.400026587565,-0.424680915299,4.88678079175e-06,-0.00122169519794,0.400133613511,0.395742109813,-0.398109972075,-0.415882396854,0.396923348555,-0.405655186315,-0.00321026495572,0.0102272105388,1.58665878275,-0.334095741992,-0.334095741992,0.225271924988,-0.21371494712,-0.17498717318,0.161413859504,-0.00371343823947,-0.0305421167172,0.0100828297892,4,0
950,1.9,1,-0.23520308733,0,-0.346033394337,0,0,-0.346033394337,0,-0.346033394337,0,-0.214106126441,0.307135224947,-0.235203088382,0.302685953444,0.156524035862,-0.157796586718,-0.659953089084,2.40633352747,-0.346033396729,-8.45808963639e-05,-0.00676003080852,-0.235031577768,0.336869323621,-8.51206214514e-07,0.000212801553628,-0.235116158665,-0.213492447324,0.306201154131,0.330109292813,-0.219531524743,0.306909166685,0.0155846339216,-0.0232001261278,0.262006023146,-0.346033396729,1.75415543995,-0.0786790525204,0.144889366726,0.156524035862,-0.157796586718,0.0210969619409,0.0044492715028,-0.00777500156489,4,0
950,1.9,2,0.39659050107,0,-1.0950961113,0,0,-1.0950961113,0,-1.0950961113,0,0.392632657896,-0.383919025086,0.396590495829,-0.372650681152,-0.173241680402,0.191538981665,-0.620984707085,-0.469536495212,-1.0950961521,5.19641903064e-05,0.00395137951474,0.396498268946,-0.387984911343,1.06400778016e-06,-0.000266001945044,0.396550233137,0.391865559011,-0.382751436548,-0.384033531829,0.387428695412,-0.384135856856,-0.00912153772464,-0.000102325027781,-1.51654569572,-1.0950961521,-1.0950961521,0.223348815426,-0.181111699487,-0.173241680402,0.191538981665,-0.00395783793278,-0.0112683439343,0.00457494979842,4,0
955,1.91,1,-0.232191264629,0,-0.546033382416,0,0,-0.546033382416,0,-0.546033382416,0,-0.211111429348,0.284891418759,-0.232191269745,0.297443817114,0.154847681939,-0.185035565714,-3.92177202742,2.38051248553,-0.546033396729,-3.73171292234e-05,-0.00309624710527,-0.232107014922,0.316674833627,-5.95508729553e-06,0.00148877182388,-0.232144332051,-0.210550216753,0.2761399822,0.313578586522,-0.243706740057,0.283533280813,-0.0115624080058,-0.0300453057089,0.0323608531749,-0.546033396729,-1.53771548924,-0.0773435878054,0.1124082514,0.154847681939,-0.185035565714,0.0210798403963,-0.0125523983552,-0.00354405265595,4,0
955,1.91,2,0.392742604017,0,-0.0950961485505,0,0,-0.0950961485505,0,-0.0950961485505,0,0.388889286591,-0.356114267248,0.392742613344,-0.383876055068,-0.171063128722,0.243365749767,0.412201239167,-0.342061252293,-0.0950961520955,-1.01785118442e-05,-0.000864796693873,0.392764989815,-0.379609813176,7.44385913465e-06,-0.00186096478366,0.392754811303,0.388187770859,-0.345174971526,-0.38047460987,0.39232655393,-0.355971047775,-0.00042825737303,0.0245035620948,2.53707055283,-0.0950961520955,0.0711269257106,0.221679484622,-0.140510305301,-0.171063128722,0.243365749767,-0.00385332675318,0.0277617878199,-0.000986938836003,4,0
960,1.92,1,-0.229441165924,0,-1.54603338242,0,0,-1.54603338242,0,-1.54603338242,0,-0.208507012519,0.232947442778,-0.229441164549,0.254628107823,0.152873058571,-0.216027257855,-5.29594023667,2.22360900052,-1.54603339673,-6.55544053188e-05,-0.00571137540749,-0.229278273808,0.294020594746,-8.01063691491e-06,0.00200265922873,-0.229343828214,-0.208053059765,0.220968399294,0.288309219338,-0.252509304721,0.231114013936,-0.0231654765072,-0.0571952054022,-0.981833872803,-1.54603339673,-3.06583320788,-0.0765681059788,0.0386008499682,0.152873058571,-0.216027257855,0.0209341520301,-0.0216806650452,-0.00649802827131,4,0
960,1.92,2,0.389248877764,0,0.681538641453,0,0,0.681538641453,0,0.681538641453,0,0.385633765617,-0.291184297162,0.389248888921,-0.316233125117,-0.168538756493,0.267982071643,0.886344207823,-0.201829784709,0.681538638292,2.77501717922e-05,0.00264278276017,0.389165985444,-0.338900402942,1.00132961564e-05,-0.00250332403909,0.389193735616,0.385066324688,-0.276210492787,-0.336257620182,0.392982411077,-0.290878103601,0.00378867546154,0.0453795165815,5.53086647083,0.681538638292,0.681538638292,0.220710132428,-0.0482510534735,-0.168538756493,0.267982071643,-0.00361512330399,0.0250488279549,0.00297578482168,4,0
965,1.93,1,-0.227312982082,0,-2.54603338242,0,0,-2.54603338242,0,-2.54603338242,0,-0.206478192459,0.173199304135,-0.227312984599,0.182284759035,0.150710319515,-0.226980334095,-4.98626534619,2.179164432,-2.54603339673,-0.000113388652711,-0.00961548351514,-0.227047296137,0.243361717201,-7.37320286201e-06,0.0018433007155,-0.22716068479,-0.206143031979,0.162050337737,0.233746233686,-0.247867080075,0.171474767151,-0.0207063952847,-0.0622714665346,-1.95710090696,-2.54603339673,-2.79612476684,-0.0766026650841,-0.0446955750596,0.150710319515,-0.226980334095,0.02083479214,-0.00908545489974,-0.0109761473477,4,0
965,1.93,2,0.386727511883,0,0.592012643814,0,0,0.592012643814,0,0.592012643814,0,0.383097740605,-0.216499123774,0.386727499668,-0.208066244354,-0.165974168268,0.263935722168,0.84444061871,-0.243488863479,0.592012627641,9.14254158558e-05,0.00784202259913,0.386507597626,-0.259674152164,9.21650358621e-06,-0.00230412589655,0.386599023042,0.382678790018,-0.202562915763,-0.251832129565,0.390048186285,-0.216209521871,0.00344916324311,0.0356226076937,4.88345129855,0.592012627641,0.592012627641,0.2207533314,0.0558694778138,-0.165974168268,0.263935722168,-0.00362975906321,-0.00843287941984,0.0089391275894,4,0
970,1.94,1,-0.22593934834,0,-1.73588263988,0,0,-1.73588263988,0,-1.73588263988,0,-0.205004792798,0.124825992819,-0.225939347903,0.112269168141,0.148536286335,-0.222735135058,-3.20783163824,2.30136084298,-1.7358826747,-0.000130215706573,-0.0107444420236,-0.225653574111,0.173994194712,-4.41696901687e-06,0.00110424225422,-0.225783789817,-0.204762158446,0.11800444894,0.163249752689,-0.231588013105,0.12371835864,-0.00580422328759,-0.0395313940488,-1.10274195701,-1.7358826747,-0.894163764755,-0.0774030615687,-0.110465966917,0.148536286335,-0.222735135058,0.0209345551055,0.0125568246785,-0.0123070305025,4,0
970,1.94,2,0.385206520557,0,-0.0794416964054,0,0,-0.0794416964054,0,-0.0794416964054,0,0.381255991093,-0.156032484571,0.385206529081,-0.123534770762,-0.163452701986,0.261617238365,0.33537774442,-0.404060211326,-0.0794416950151,0.000114350868325,0.0093870176895,0.384958804682,-0.176219406953,5.52121127811e-06,-0.00138030281954,0.38507315555,0.380952698167,-0.147505554711,-0.166832389264,0.383956457087,-0.155919965154,-0.00111669846302,0.0109124241094,1.88763973459,-0.0794416950151,-0.0794416950151,0.221753827096,0.138082467603,-0.163452701986,0.261617238365,-0.00395053798783,-0.0324977138081,0.0107592281094,4,0
975,1.95,1,-0.225016415119,0,-0.73588269949,0,0,-0.73588269949,0,-0.73588269949,0,-0.203889019344,0.104148755065,-0.225016410504,0.0850217635179,0.146337358163,-0.221539238102,-0.9397220867,2.48109274674,-0.735882674697,-8.59765486416e-05,-0.00686960508595,-0.2248421676,0.119738806107,-1.24240266533e-06,0.000310600666332,-0.224928144148,-0.203681876038,0.102639850876,0.112869201022,-0.21164073453,0.103825766932,0.013287409618,-0.0090434340895,-0.0712440784263,-0.735882674697,1.54927198371,-0.0786790523412,-0.136517474584,0.146337358163,-0.221539238102,0.02112739116,0.019126991547,-0.00790132366965,4,0
975,1.95,2,0.384074687958,0,-0.855053126812,0,0,-0.855053126812,0,-0.855053126812,0,0.379861274341,-0.130185937316,0.38407468207,-0.11780912715,-0.160725866419,0.288455979308,-0.35173547053,-0.498385138954,-0.855053129178,5.58187970202e-05,0.00426269412896,0.38397438711,-0.134825961249,1.55300334159e-06,-0.000388250835397,0.384030205907,0.379602345222,-0.128299807065,-0.13056326712,0.376894192273,-0.130309565736,-0.00713601363418,0.000253701384866,-1.33867632519,-0.855053129178,-0.855053129178,0.22334881565,0.170646852159,-0.160725866419,0.288455979308,-0.00421340772897,-0.0123768101665,0.0049325196932,4,0
980,1.96,1,-0.224201604724,0,-0.935882687569,0,0,-0.935882687569,0,-0.935882687569,0,-0.202940074547,0.0785675622829,-0.224201610972,0.0763927982698,0.14404411718,-0.245275188476,-4.30430992564,2.4743887917,-0.935882674697,-3.79946988509e-05,-0.00315298939316,-0.22411581787,0.0959725058545,-6.44270620342e-06,0.00161067655085,-0.224153812569,-0.202792242015,0.0690842364066,0.0928195164613,-0.238717136591,0.0770768513644,-0.0145633240223,-0.0157426650969,-0.262563168038,-0.935882674697,-1.82631220816,-0.0801574937919,-0.168882390206,0.14404411718,-0.245275188476,0.0212615364251,0.00217476401311,-0.00360892577937,4,0
980,1.96,2,0.382790714502,0,0.144946873188,0,0,0.144946873188,0,0.144946873188,0,0.37867509341,-0.0982094462846,0.382790705652,-0.126468785791,-0.157593838099,0.337571782441,0.718244020956,-0.36484646074,0.144946870822,-7.43177020497e-06,-0.000635625510034,0.382806886518,-0.123589200742,8.05338275672e-06,-0.00201334568918,0.382799454748,0.378490302758,-0.0863552889352,-0.124224826252,0.384656116587,-0.0979602369856,0.00185666183864,0.0262645892665,2.65636098906,0.144946870822,0.354122366969,0.225196867553,0.211102996649,-0.157593838099,0.337571782441,-0.00411561224156,0.0282593395066,-0.000724806752494,4,0
985,1.97,1,-0.223682314157,0,-1.93588268757,0,0,-1.93588268757,0,-1.93588268757,0,-0.202416787023,0.0231333055213,-0.223682319166,0.0300599276503,0.141492000656,-0.271592278047,-5.66492977582,2.33356928829,-1.9358826747,-6.64961794647e-05,-0.0057919934778,-0.223516725437,0.0702058715797,-8.4134258701e-06,0.00210335646752,-0.223583221616,-0.202383079833,0.0105435259161,0.0644138781019,-0.249487898246,0.0211720092204,-0.0259046766291,-0.0432418688815,-1.23829030938,-1.9358826747,-3.3247705399,-0.0821903185096,-0.241532350397,0.141492000656,-0.271592278047,0.0212655321429,-0.00692662212892,-0.00658994763137,4,0
985,1.97,2,0.381887257099,0,0.975371956825,0,0,0.975371956825,0,0.975371956825,0,0.378020984071,-0.0289166253338,0.381887263966,-0.0556598294987,-0.154149365428,0.357575276276,1.19315835591,-0.214507695045,0.975371982911,3.08941765838e-05,0.00290794783485,0.381796502573,-0.0802769384358,1.05167823334e-05,-0.00262919558336,0.381827396749,0.377978850096,-0.0131794008333,-0.077368990601,0.387919463194,-0.0285041887037,0.0060920664452,0.0488648018973,5.80674438218,0.975371982911,0.975371982911,0.227737898539,0.301915446778,-0.154149365428,0.357575276276,-0.00386627989523,0.0267432041649,0.00327867795386,4,0
990,1.98,1,-0.223824620247,0,-2.93588256836,0,0,-2.93588256836,0,-2.93588256836,0,-0.202500162851,-0.039250398087,-0.223824615631,-0.0463374846799,0.138810115256,-0.275952233824,-5.30508337555,2.31164090923,-2.9358826747,-0.000116356855953,-0.00986662245863,-0.223551990179,0.0163244629363,-7.6386495533e-06,0.00190966238832,-0.223668347034,-0.202590312175,-0.0508036495223,0.00645784047763,-0.246538877339,-0.041085344524,-0.0228705303048,-0.0475431850017,-2.17421794822,-2.9358826747,-2.98217956159,-0.0850145003753,-0.322289718503,0.138810115256,-0.275952233824,0.0213244527802,0.00708708659284,-0.0112629047301,4,0
990,1.98,2,0.382004082203,0,0.869511783123,0,0,0.869511783123,0,0.869511783123,0,0.378125203921,0.0490630041347,0.382004079457,0.0577027116567,-0.150735953499,0.34515944509,1.13984864211,-0.260840304005,0.869511798977,9.72239595913e-05,0.00832985161607,0.381770814199,0.00307319161508,9.54831193478e-06,-0.00238707798369,0.381868038159,0.37823789059,0.0635045684185,0.0114030432312,0.387528479648,0.0494548072899,0.00566044148902,0.0380517640588,5.02792626251,0.869511798977,0.869511798977,0.231268125958,0.402862156747,-0.150735953499,0.34515944509,-0.00387887553584,-0.00863970752205,0.00949653913117,4,0
995,1.99,1,-0.224740222096,0,-1.93588268757,0,0,-1.93588268757,0,-1.93588268757,0,-0.203160496527,-0.0893733505188,-0.224740216337,-0.116215093667,0.136165049144,-0.268747822013,-3.52290999,2.45104175783,-1.9358826747,-0.000130796864056,-0.0107730793815,-0.224454189264,-0.0546208722695,-4.62522671035e-06,0.00115630667759,-0.224584986128,-0.203346571157,-0.096506234878,-0.065393951651,-0.232364522994,-0.0905901849549,-0.0077795368658,-0.0251962333039,-1.09325305414,-1.9358826747,-1.05952559042,-0.0885751671924,-0.38496291568,0.136165049144,-0.268747822013,0.0215797198098,0.0268417431481,-0.0123426417502,4,0
995,1.99,2,0.383148759604,0,0.196669533849,0,0,0.196669533849,0,0.196669533849,0,0.378950621081,0.11171669463,0.383148746516,0.142961569403,-0.147429786951,0.338242083652,0.633006554235,-0.425384176281,0.196669537878,0.000116678014854,0.00955270389838,0.382897301071,0.089720233868,5.78153338543e-06,-0.00144538334635,0.383013979086,0.379183214381,0.120632800075,0.0992729377664,0.38412541801,0.111932311169,0.00111143892389,0.0126593734022,1.9657031562,0.196669537878,0.196669537878,0.235718959564,0.481203653054,-0.147429786951,0.338242083652,-0.00419812543463,-0.0312448747728,0.0109528400766,4,0
1000,2,1,-0.226097136736,0,-0.935882687569,0,0,-0.935882687569,0,-0.935882687569,0,-0.204195156492,-0.111888664925,-0.226097130115,-0.142712844033,0.13351166885,-0.266633576857,-1.35402568442,2.63440574458,-0.935882674697,-8.49822385183e-05,-0.0067897614773,-0.22592498317,-0.108424638375,-1.54125826324e-06,0.000385314565811,-0.226009965409,-0.204420558789,-0.113857092124,-0.115214399852,-0.215394181541,-0.112355290969,0.0106157838673,0.00285910888369,-0.0261479667749,-0.935882674697,1.2881896085,-0.0925854612648,-0.40934642089,0.13351166885,-0.266633576857,0.0219019736221,0.0308241791077,-0.00780954833952,4,0
1000,2,2,0.384685307741,0,-0.536610126495,0,0,-0.536610126495,0,-0.536610126495,0,0.380243946103,0.139860837653,0.384685294317,0.149502969389,-0.143953467078,0.362180065099,-0.019757733954,-0.511924043867,-0.536610117657,5.57443488915e-05,0.00425940764892,0.384585049126,0.132461901863,1.92657283593e-06,-0.000481643208986,0.384640793474,0.380525698987,0.142321371663,0.136721309512,0.380038585351,0.139852280955,-0.00460220812395,0.00313097144342,-1.14545087498,-0.536610117657,-0.536610117657,0.240731827239,0.511683034488,-0.143953467078,0.362180065099,-0.00444134821357,-0.00964213173582,0.00492833983561,4,0
1005,2.01,1,-0.227558925748,0,-1.13588261604,0,0,-1.13588261604,0,-1.13588261604,0,-0.205415984816,-0.139042136167,-0.227558931649,-0.151212049302,0.130774018681,-0.288349480827,-4.59942690678,2.6289227235,-1.1358826747,-3.82077285465e-05,-0.00317612780383,-0.227472312171,-0.131381711056,-6.49308232226e-06,0.00162327058057,-0.227510519899,-0.205703472592,-0.148613699961,-0.13455783886,-0.243647879051,-0.14063513176,-0.0161373591519,-0.00607729290017,-0.182097497143,-1.1358826747,-1.96686956273,-0.0967849129676,-0.439561530129,0.130774018681,-0.288349480827,0.0221429468333,0.0121699131355,-0.00363462054639,4,0
1005,2.01,2,0.386090785265,0,0.463389873505,0,0,0.463389873505,0,0.463389873505,0,0.381769981572,0.173802676703,0.386090777218,0.143539736956,-0.140109635267,0.405912183982,1.01638841674,-0.375631416257,0.463389882343,-6.1173485203e-06,-0.000519643255649,0.386103584139,0.145588957966,8.11635289166e-06,-0.00202908822292,0.386097466791,0.382129341306,0.18576713143,0.145069314711,0.390230139366,0.174155183278,0.00413267257568,0.0290858685674,2.79187456744,0.463389882343,0.641350051919,0.245981141951,0.549451920938,-0.140109635267,0.405912183982,-0.00432079564568,0.0302629397475,-0.000593051437893,4,0
1010,2.02,1,-0.229313984513,0,-2.13588261604,0,0,-2.13588261604,0,-2.13588261604,0,-0.207068863937,-0.194198021564,-0.229313984822,-0.197070264011,0.127815670445,-0.309418920882,-5.85278985144,2.49832590172,-2.1358826747,-6.76982824629e-05,-0.00589569328108,-0.229145986565,-0.156491806781,-8.24120623705e-06,0.00206030155926,-0.229213684848,-0.207469579019,-0.206538445682,-0.162387500062,-0.255701779948,-0.196224393064,-0.0264880951004,-0.0338368930021,-1.12234567685,-2.1358826747,-3.34775587705,-0.101498314377,-0.506489184893,0.127815670445,-0.309418920882,0.0222451208842,0.0028722424473,-0.00670807267063,4,0
1010,2.02,2,0.387900590897,0,1.22238993645,0,0,1.22238993645,0,1.22238993645,0,0.383836080539,0.242747533331,0.38790058724,0.215921846802,-0.136027693447,0.417189642338,1.45945042162,-0.233539273149,1.22238998091,3.33945154527e-05,0.00312043338209,0.38780462418,0.190288438814,1.03015077744e-05,-0.00257537694361,0.387838018696,0.384336974404,0.258173063446,0.193408872196,0.395947797037,0.243252188186,0.00810977834135,0.0498433159891,5.60064873119,1.22238998091,1.22238998091,0.251872893794,0.63311148914,-0.136027693447,0.417189642338,-0.00406450670158,0.0268256865292,0.00352116756753,4,0
1015,2.03,1,-0.231716930866,0,-2.96175336838,0,0,-2.96175336838,0,-2.96175336838,0,-0.209318038857,-0.254931305483,-0.231716924181,-0.271664181509,0.124782258912,-0.307969032126,-5.46304881059,2.49007187471,-2.96175333378,-0.000115981774789,-0.00983182080478,-0.231445363776,-0.209274498956,-7.37363979952e-06,0.00184340994988,-0.231561345551,-0.209839152531,-0.266087066668,-0.21910631976,-0.254671177506,-0.256821019593,-0.0231098319552,-0.0377146998326,-1.85038819865,-2.96175333378,-2.96175333378,-0.106934665269,-0.579633213635,0.124782258912,-0.307969032126,0.0223988853245,0.0167328760269,-0.0112236021022,4,0
1015,2.03,2,0.39071688056,0,1.10821545124,0,0,1.10821545124,0,1.10821545124,0,0.386647549251,0.318664138057,0.390716892199,0.326461742718,-0.13204855971,0.398079782031,1.39706439484,-0.279324086448,1.10821548885,9.75727988341e-05,0.00835394595766,0.390483154845,0.271778727972,9.2170497264e-06,-0.0023042624316,0.390580727643,0.387298941355,0.332608839504,0.28013267393,0.398190339479,0.31914508765,0.00760961183537,0.0390124137203,4.74681237599,1.10821548885,1.10821548885,0.258668332488,0.724541524749,-0.13204855971,0.398079782031,-0.00406934294765,-0.00779760466059,0.00952481954367,4,0
1020,2.04,1,-0.234850853682,0,-1.96175336838,0,0,-1.96175336838,0,-1.96175336838,0,-0.212125743281,-0.303296097421,-0.234850854984,-0.335867883608,0.121818982356,-0.299403345048,-3.7961275201,2.62559488448,-1.96175333378,-0.000127224062955,-0.0104700629167,-0.234573163463,-0.276153549527,-4.5034231371e-06,0.00112585578428,-0.234700387526,-0.212739452126,-0.310231990152,-0.286623612443,-0.243605513971,-0.304607754533,-0.00890512644586,-0.01798414209,-0.73851612735,-1.96175333378,-1.15853588395,-0.113031872628,-0.635271228656,0.121818982356,-0.299403345048,0.0227251117028,0.0325717861867,-0.0119967516722,4,0
1020,2.04,2,0.394514381886,0,0.481165409088,0,0,0.481165409088,0,0.481165409088,0,0.390157179842,0.37912012783,0.394514391089,0.406336591048,-0.128224549327,0.387752452193,0.926193103874,-0.434482616548,0.481165399431,0.000112486169262,0.00919525386363,0.394272845766,0.355345747047,5.62927890907e-06,-0.00140731972727,0.394385331935,0.390924315911,0.387789993725,0.36454100091,0.397774355712,0.379437510158,0.0033890237766,0.0148965092479,1.83229203498,0.481165399431,0.481165399431,0.266289841762,0.794089043241,-0.128224549327,0.387752452193,-0.00435721124643,-0.027216463218,0.0105450878948,4,0
1025,2.05,1,-0.238379105926,0,-0.961753308773,0,0,-0.961753308773,0,-0.961753308773,0,-0.215297926585,-0.326012282301,-0.238379105271,-0.35849845152,0.118854616797,-0.297956174581,-1.87739094898,2.78677357471,-0.961753333782,-8.26302911843e-05,-0.00661167019237,-0.238211050052,-0.324857236862,-1.72361962433e-06,0.000430904906086,-0.238293680343,-0.215951919775,-0.328289309655,-0.331468907054,-0.230852486435,-0.326660388962,0.00744119390797,0.00480851809246,0.357987590415,-0.961753333782,0.916985859418,-0.119524488475,-0.6564546261,0.118854616797,-0.297956174581,0.0230811786865,0.0324861692181,-0.00760323368658,4,0
1025,2.05,2,0.398678481579,0,-0.15845027566,0,0,-0.15845027566,0,-0.15845027566,0,0.394122409032,0.407515358897,0.398678473705,0.412861022613,-0.124272862062,0.40770726731,0.353205971977,-0.506970555807,-0.158450282383,5.29589556892e-05,0.00405019108517,0.398582960256,0.39653503468,2.15452453362e-06,-0.00053863113341,0.398635919211,0.394939900532,0.410361643096,0.400585225765,0.397021711134,0.407636163151,-0.00161420807762,0.00705093738613,-0.947392043519,-0.158450282383,-0.158450282383,0.274405611644,0.820568289923,-0.124272862062,0.40770726731,-0.0045560646731,-0.00534566371583,0.00468569855344,4,0
1030,2.06,1,-0.241982489824,0,-1.16175329685,0,0,-1.16175329685,0,-1.16175329685,0,-0.218661941385,-0.352774736459,-0.241982492686,-0.364278555848,0.115801409251,-0.318342846672,-4.77677215238,2.76302263585,-1.16175333378,-3.93733095091e-05,-0.00328252048765,-0.241892638421,-0.34361505485,-6.07914487558e-06,0.00151978621889,-0.24193201173,-0.219376322839,-0.361750085937,-0.346897575338,-0.25836814993,-0.354429161815,-0.0164361381995,-0.00753158647735,0.231995815277,-1.16175333378,-2.00999451632,-0.126181083434,-0.68262140252,0.115801409251,-0.318342846672,0.0233205513008,0.0115038193886,-0.00375500020176,4,0
1030,2.06,2,0.402738213539,0,0.841549694538,0,0,0.841549694538,0,0.841549694538,0,0.398327427592,0.440968426534,0.402738228024,0.410301677645,-0.120011872608,0.442975082645,1.28311674404,-0.379102143022,0.841549717617,-4.43761794581e-06,-0.000368339386899,0.402746506471,0.411205804281,7.59893106961e-06,-0.0018997327674,0.402742068853,0.399220404422,0.452187613345,0.410837464894,0.409005042856,0.44141332717,0.00626297400372,0.0305758622754,2.93325294787,0.841549717617,0.904436191823,0.282726355416,0.85327676029,-0.120011872608,0.442975082645,-0.0044108004311,0.0306667488888,-0.000421590802249,4,0
1035,2.07,1,-0.245845764875,0,-2.16175341606,0,0,-2.16175341606,0,-2.16175341606,0,-0.222433428907,-0.403699794313,-0.245845765619,-0.405656149707,0.11256686443,-0.333965291458,-5.83157673778,2.63500627594,-2.16175333378,-6.9005139545e-05,-0.00597187043539,-0.245676633422,-0.36523614736,-7.47524347056e-06,0.00186881086764,-0.245745638562,-0.223252020305,-0.41490213146,-0.371208017795,-0.270889111173,-0.405718781074,-0.0251434726111,-0.0345107632792,-0.678348901334,-2.16175333378,-3.18977052973,-0.133278901189,-0.739621441165,0.11256686443,-0.333965291458,0.0234123367118,0.00195635539393,-0.00679993210993,4,0
1035,2.07,2,0.407215476036,0,1.39817667007,0,0,1.39817667007,0,1.39817667007,0,0.403041787054,0.504624748618,0.407215482793,0.48020666737,-0.115616855114,0.444320140849,1.66220546668,-0.260391337586,1.39817665691,3.5070925914e-05,0.00321662107363,0.407118148552,0.454812016888,9.34405429914e-06,-0.00233601357478,0.407153219478,0.404065026312,0.518627669994,0.458028637962,0.416839233108,0.505199642204,0.00968601363084,0.0471710042418,4.88812199948,1.39817665691,1.39817665691,0.291598627679,0.924526808219,-0.115616855114,0.444320140849,-0.00417369573915,0.0244180812482,0.0036374721846,4,0
1040,2.08,1,-0.250293582678,0,-2.79725170135,0,0,-2.79725170135,0,-2.79725170135,0,-0.226747917702,-0.458385763179,-0.25029357271,-0.473439856306,0.10930773752,-0.327116365906,-5.43604813659,2.62790589287,-2.79725164804,-0.000112574611903,-0.00953970033645,-0.25003019218,-0.412950863262,-6.56959027076e-06,0.00164239756769,-0.250142766792,-0.22767472127,-0.468328976921,-0.422490563598,-0.271879210937,-0.460266233731,-0.0217364441449,-0.0377756701321,-1.1899777714,-2.79725164804,-2.79725164804,-0.140985835189,-0.800556222212,0.10930773752,-0.327116365906,0.0235456550076,0.0150540931269,-0.0108905956793,4,0
1040,2.08,2,0.412611871958,0,1.28369379044,0,0,1.28369379044,0,1.28369379044,0,0.408434898103,0.572982209401,0.412611867795,0.580298805801,-0.111379572551,0.420396478272,1.59408336065,-0.301308681038,1.28369383934,9.30282782714e-05,0.00796450093532,0.412389031485,0.528147564841,8.21198780021e-06,-0.00205299695005,0.412482059763,0.409593402575,0.58541122652,0.536112065777,0.421620361011,0.573531603689,0.00913830124818,0.0374195379121,4.0196301778,1.28369383934,1.28369383934,0.301232295245,1.00069528407,-0.111379572551,0.420396478272,-0.00417696969211,-0.00731659640035,0.00908084027458,4,0
1045,2.09,1,-0.255381703377,0,-1.79725170135,0,0,-1.79725170135,0,-1.79725170135,0,-0.231561774632,-0.501433993683,-0.255381702399,-0.527348541258,0.106145229273,-0.318314572713,-4.00262708076,2.73888829991,-1.79725164804,-0.000120312660501,-0.00989333689447,-0.255119554132,-0.47104410493,-4.04539490406e-06,0.00101134872602,-0.255239866792,-0.232571017583,-0.507655521484,-0.480937441824,-0.264764880284,-0.502817456419,-0.00952501349209,-0.0218800145947,-0.0561992132882,-1.79725164804,-1.25240169202,-0.149236473126,-0.845663113971,0.106145229273,-0.318314572713,0.0238199277675,0.0259145475749,-0.0113370888205,4,0
1045,2.09,2,0.418875694275,0,0.744675457478,0,0,0.744675457478,0,0.744675457478,0,0.414452219319,0.62679249728,0.418875707846,0.649018564119,-0.107330115119,0.408060334267,1.19257249468,-0.438249964315,0.744675473376,0.000103082592756,0.00841006587539,0.418655348511,0.602683341431,5.05674360829e-06,-0.00126418590207,0.418758431103,0.415713773017,0.634569406997,0.611093407306,0.424292846877,0.627202523428,0.00553441577306,0.0161091161219,1.44882007701,0.744675473376,0.744675473376,0.311545592727,1.05707889839,-0.107330115119,0.408060334267,-0.00442348852707,-0.0222260668391,0.00964705698846,4,0
1050,2.1,1,-0.260778516531,0,-0.79725164175,0,0,-0.79725164175,0,-0.79725164175,0,-0.23670318936,-0.522639103782,-0.260778509797,-0.542795237169,0.102975053981,-0.319520135713,-2.47624840573,2.8489523235,-0.797251648043,-7.86599363062e-05,-0.00631004954643,-0.260617444383,-0.510289559915,-1.77464827952e-06,0.000443662069884,-0.260696104319,-0.237750628302,-0.5250504572,-0.516599609462,-0.257242484502,-0.523494907746,0.00345361981651,-0.00689529828431,1.06055891277,-0.797251648043,0.37995788656,-0.157803455816,-0.862315372882,0.102975053981,-0.319520135713,0.0240753204368,0.020156133387,-0.00725396878211,4,0
1050,2.1,2,0.425445944071,0,0.24728243053,0,0,0.24728243053,0,0.24728243053,0,0.420878987779,0.653298884822,0.425445949095,0.653715819766,-0.103191627948,0.424178402096,0.74192382961,-0.490450900504,0.247282428205,4.73622291397e-05,0.00362215415098,0.425360480649,0.639074388401,2.21831034886e-06,-0.000554577587214,0.425407842878,0.422188286467,0.656313076596,0.642696542552,0.427016110791,0.653554598281,0.00160826791302,0.0108580557285,-0.789127327685,0.247282428205,0.247282428205,0.322254321147,1.07789422186,-0.103191627948,0.424178402096,-0.00456696131577,-0.000416934944801,0.00419050090065,4,0
1055,2.11,1,-0.266212463379,0,-1.36486947536,0,0,-1.36486947536,0,-1.36486947536,0,-0.242027585939,-0.546997735271,-0.266212472127,-0.548045285368,0.099713536437,-0.334744376317,-4.81422183234,2.79779330358,-1.36486945733,-4.4097510806e-05,-0.00374172997061,-0.266108970394,-0.523803098817,-5.20841734233e-06,0.00130210433558,-0.266153067905,-0.243129178555,-0.554702621325,-0.527544828787,-0.282041042567,-0.548664962631,-0.015887974662,-0.0211201338433,0.593010437259,-1.36486945733,-2.01215762866,-0.16649893569,-0.882789661685,0.099713536437,-0.334744376317,0.0241848861885,0.00104755009652,-0.00427090010028,4,0
1055,2.11,2,0.431948542595,0,1.11645269394,0,0,1.11645269394,0,1.11645269394,0,0.427534483554,0.683747174066,0.431948541492,0.657516920867,-0.0988248704448,0.445970161795,1.49662026882,-0.379926145732,1.11645269502,1.57859695599e-06,0.000222484906718,0.431939180454,0.65375930636,6.51052164052e-06,-0.00162763041013,0.431940759051,0.428911474334,0.693378281579,0.653981791267,0.439982695747,0.684265849574,0.0080419366957,0.0302840583074,2.51928362849,1.11645269502,1.11645269502,0.333123671047,1.10348708266,-0.0988248704448,0.445970161795,-0.004414057938,0.026230253199,0.00024142807019,4,0
1060,2.12,1,-0.271907269955,0,-2.36486935616,0,0,-2.36486935616,0,-2.36486935616,0,-0.247704232487,-0.589850410991,-0.271907268937,-0.587832798117,0.0963720811395,-0.338447764034,-5.58832723895,2.6980427859,-2.36486945733,-7.55929277583e-05,-0.00649808519654,-0.271724571807,-0.544658509017,-6.14124055448e-06,0.00153531013862,-0.271800164735,-0.248893148194,-0.599063784009,-0.551156594214,-0.29413131357,-0.591784872702,-0.0223311488356,-0.0406282784886,-0.289167681351,-2.36486945733,-2.88287925272,-0.175535187798,-0.926280562151,0.0963720811395,-0.338447764034,0.0242030364505,-0.00201761287334,-0.00740520032964,4,0
1060,2.12,2,0.43887463212,0,1.48105025291,0,0,1.48105025291,0,1.48105025291,0,0.434630291787,0.737313018377,0.438874628478,0.721684892021,-0.0944556422435,0.436165815744,1.78247137738,-0.296986130681,1.48105021615,4.37474624456e-05,0.00391006099104,0.43875940206,0.692651597875,7.67655063877e-06,-0.0019191376597,0.438803149522,0.43611643643,0.748829734569,0.696561658866,0.449421582021,0.737929322137,0.0106184324983,0.0413676632712,3.67935891474,1.48105021615,1.48105021615,0.344418986234,1.15785070777,-0.0944556422435,0.436165815744,-0.00424433669106,0.0156281263558,0.00443503054039,4,0
1065,2.13,1,-0.278147220612,0,-2.48055243492,0,0,-2.48055243492,0,-2.48055243492,0,-0.253829377477,-0.634311756366,-0.278147217092,-0.648618399865,0.0931187671947,-0.322558939243,-5.21331619163,2.72170528482,-2.48055233601,-0.000114773507436,-0.00968128871008,-0.277882977341,-0.588930563711,-5.25880328933e-06,0.00131470082233,-0.277997750848,-0.255106041012,-0.642275870014,-0.598611852421,-0.297106390614,-0.636114965246,-0.0191086397657,-0.0375031128248,-0.259133631896,-2.48055233601,-2.48055233601,-0.185028449897,-0.971177339108,0.0931187671947,-0.322558939243,0.0243178396146,0.0143066434994,-0.0110585707993,4,0
1065,2.13,2,0.446606993675,0,1.34503829479,0,0,1.34503829479,0,1.34503829479,0,0.442286723069,0.792889699685,0.446606992926,0.806795067243,-0.0903214290187,0.407176611156,1.71273879421,-0.358398660719,1.34503824875,9.59444107919e-05,0.0081505518148,0.44638321257,0.75580046614,6.57350406003e-06,-0.00164337601501,0.446479156981,0.443882552497,0.802844841668,0.763951017955,0.456457428729,0.793480145754,0.00997827174798,0.0295291277987,2.72389031189,1.34503824875,1.34503824875,0.356285563907,1.2139716784,-0.0903214290187,0.407176611156,-0.00432026985614,-0.0139053675578,0.0093018847443,4,0
1070,2.14,1,-0.284896969795,0,-1.48771631718,0,0,-1.48771631718,0,-1.48771631718,0,-0.260356312145,-0.668706164733,-0.284896977579,-0.687939300406,0.0899828770909,-0.314979575298,-4.12215278402,2.81204630325,-1.48771633319,-0.000111632621374,-0.00916319876525,-0.284654827704,-0.6361086703,-3.27109595283e-06,0.000817773988202,-0.284766460325,-0.261698859611,-0.673727055004,-0.645271869065,-0.294560679511,-0.670131346707,-0.00979421918612,-0.0248594776423,0.881971754913,-1.48771633319,-1.29960369055,-0.194914100488,-1.0029188757,0.0899828770909,-0.314979575298,0.0245406654333,0.0192331356723,-0.0105027902217,4,0
1070,2.14,2,0.455016583204,0,0.925310850143,0,0,0.925310850143,0,0.925310850143,0,0.450445391445,0.835882709806,0.455016595211,0.856861406737,-0.0863739680239,0.396787191945,1.41112098568,-0.477310636686,0.925310849435,9.11362778455e-05,0.00740586422001,0.454823728651,0.816671609312,4.08886991099e-06,-0.00102221747774,0.454914864929,0.452123575785,0.842158822598,0.824077473532,0.462113646442,0.836368887097,0.00719878151341,0.0122914135651,0.649152596793,0.925310849435,0.925310849435,0.368642627188,1.25364859868,-0.0863739680239,0.396787191945,-0.00457120376663,-0.0209786969309,0.00849949955416,4,0
1075,2.15,1,-0.29183369875,0,-0.487716346979,0,0,-0.487716346979,0,-0.487716346979,0,-0.267148375742,-0.686748664984,-0.291833686875,-0.693086046294,0.0868165318841,-0.320907627116,-3.11075259163,2.86093532565,-0.487716333193,-7.27483671925e-05,-0.00585335873763,-0.291683543848,-0.662492376035,-1.69018160096e-06,0.000422545400233,-0.291756292215,-0.268524062505,-0.689111017553,-0.668345734772,-0.292970431222,-0.687824583963,-0.00121413900735,-0.0194788491906,2.01014653283,-0.487716333193,-0.243090926834,-0.205017154991,-1.01399367341,0.0868165318841,-0.320907627116,0.0246853111326,0.00633738131009,-0.00672633914394,4,0
1075,2.15,2,0.463617533445,0,0.615533947945,0,0,0.615533947945,0,0.615533947945,0,0.458935470979,0.858435834994,0.463617537724,0.855778310404,-0.0823460923684,0.41171378522,1.11921529399,-0.500227768427,0.615533941285,3.91326777248e-05,0.00298399214564,0.463547437574,0.843871013998,2.11272699691e-06,-0.000528181749222,0.463586570252,0.46065507944,0.861388775701,0.846855006144,0.468217370817,0.85882258082,0.00463080056584,0.0119675746768,-0.841132179187,0.615533941285,0.615533941285,0.381271445356,1.26749209562,-0.0823460923684,0.41171378522,-0.00468206674499,0.00265752458997,0.00345358427834,4,0
1080,2.16,1,-0.298754096031,0,-1.47822487354,0,0,-1.47822487354,0,-1.47822487354,0,-0.274100377952,-0.706799324842,-0.298754094165,-0.696317042033,0.083548943366,-0.331171957699,-4.69963042871,2.78294207912,-1.47822489095,-4.87576777133e-05,-0.00416159005218,-0.298638456533,-0.669142080412,-3.92394468524e-06,0.000980986171305,-0.29868721421,-0.275519736305,-0.712622135247,-0.673303670464,-0.313156603226,-0.708426667562,-0.014469389016,-0.035122997098,1.13884194184,-1.47822489095,-1.91194166741,-0.215205150799,-1.02748899973,0.083548943366,-0.331171957699,0.0246537162132,-0.0104822828087,-0.00474668218474,4,0
1080,2.16,2,0.472153693438,0,1.24482393265,0,0,1.24482393265,0,1.24482393265,0,0.467625473778,0.883499159649,0.472153705464,0.860627251205,-0.0781472653096,0.423734002083,1.63831186341,-0.392623725646,1.24482390938,7.65451104793e-06,0.00077237425237,0.472128393762,0.852997742654,4.90493080862e-06,-0.00122623270215,0.472136048273,0.469399671727,0.890777672585,0.853770116907,0.481247221869,0.884066732486,0.00911117359568,0.0302966155796,1.48829524852,1.24482390938,1.24482390938,0.394006440154,1.28436125329,-0.0781472653096,0.423734002083,-0.0045282316853,0.0228719084439,0.000864228384945,4,0
1085,2.17,1,-0.305909782648,0,-2.40352201462,0,0,-2.40352201462,0,-2.40352201462,0,-0.281321478212,-0.738148159597,-0.305909783471,-0.732063824316,0.0802977271649,-0.32267424448,-5.1264200915,2.71503051065,-2.40352192315,-8.06279488396e-05,-0.00690012231539,-0.305716812313,-0.686831050218,-4.30933929613e-06,0.00107733482403,-0.305797440262,-0.282804266381,-0.744626089137,-0.693731172533,-0.323902157037,-0.739922354548,-0.0181047167756,-0.0461911820144,0.3505399196,-2.40352192315,-2.40352192315,-0.225612056306,-1.0547380688,0.0802977271649,-0.32267424448,0.0245883052592,-0.00608433528088,-0.00786765770147,4,0
1085,2.17,2,0.481052905321,0,1.46420252323,0,0,1.46420252323,0,1.46420252323,0,0.476651849137,0.922685202668,0.48105289821,0.913788320089,-0.0740378261384,0.404634268978,1.8067425307,-0.337487007121,1.46420257992,5.04702485826e-05,0.0044473006808,0.480923924856,0.881994200189,5.38667405359e-06,-0.0013466685134,0.480974395105,0.478505334355,0.930782614494,0.88644150087,0.491639908094,0.923309705124,0.0106655129887,0.0368682042548,2.07073353423,1.46420257992,1.46420257992,0.407015072071,1.31842258907,-0.0740378261384,0.404634268978,-0.00440104907254,0.00889688257936,0.00505294366379,4,0
1090,2.18,1,-0.31351006031,0,-2.03524780273,0,0,-2.03524780273,0,-2.03524780273,0,-0.288860306239,-0.76875536404,-0.313510069794,-0.777014000035,0.0772149198598,-0.303761812012,-4.79852272406,2.75283109344,-2.03524785772,-0.000109260931858,-0.00913264171559,-0.313262688172,-0.721909512263,-3.51374371554e-06,0.000878435928889,-0.313371949104,-0.290403201728,-0.774083052415,-0.731042153978,-0.328691812245,-0.770415010124,-0.0153198631416,-0.0393728561457,0.873260533709,-2.03524785772,-2.03524785772,-0.236295149934,-1.08077581205,0.0772149198598,-0.303761812012,0.0246497635547,0.00825863599422,-0.0104437728979,4,0
1090,2.18,2,0.490569412708,0,1.32547521591,0,0,1.32547521591,0,1.32547521591,0,0.486075384201,0.960944207723,0.490569409817,0.974328708089,-0.0702004706828,0.376641059407,1.7399904096,-0.406057483618,1.32547526861,8.83653577415e-05,0.00739727307666,0.490368722513,0.92959754328,4.39217958231e-06,-0.00109804489558,0.490457087871,0.488004003567,0.967603818097,0.936994816356,0.500479816108,0.961544392386,0.0100227282372,0.0245495760292,1.13818112445,1.32547526861,1.32547526861,0.420368939134,1.3509697675,-0.0702004706828,0.376641059407,-0.00449402561604,-0.0133845003664,0.00845765736956,4,0
1095,2.19,1,-0.321452260017,0,-1.31395971775,0,0,-1.31395971775,0,-1.31395971775,0,-0.296670282708,-0.791645902373,-0.321452252946,-0.802481413163,0.0742575915514,-0.294676142836,-4.14041294286,2.81690025377,-1.31395976553,-0.000101304016331,-0.00833727536298,-0.32123110851,-0.754797562116,-2.22604033684e-06,0.000556510084204,-0.321332412527,-0.298257044147,-0.795050249923,-0.763134837479,-0.331034456179,-0.793077742934,-0.00970204365213,-0.0299429054551,1.7479559537,-1.31395976553,-1.31395976553,-0.247194661394,-1.097157556,0.0742575915514,-0.294676142836,0.0247819702379,0.0108355107903,-0.00955292355895,4,0
1095,2.19,2,0.500530540943,0,1.06301212311,0,0,1.06301212311,0,1.06301212311,0,0.495837854811,0.989557380232,0.500530555225,1.00603277146,-0.0665372267439,0.365414175468,1.56352307108,-0.493288784747,1.06301212746,7.72314069231e-05,0.00629538199342,0.50036588895,0.971393382081,2.78255038449e-06,-0.000695637596122,0.500443120357,0.497821306615,0.993812814613,0.977688764074,0.508784552174,0.990096825955,0.00834143181713,0.0124080618811,-0.258901910904,1.06301212746,1.06301212746,0.433993328481,1.37144694692,-0.0665372267439,0.365414175468,-0.00469270041376,-0.0164753912241,0.0072221588765,4,0
1100,2.2,1,-0.329511106014,0,-0.895319283009,0,0,-0.895319283009,0,-0.895319283009,0,-0.304661069394,-0.805069335323,-0.32951111532,-0.805705995731,0.0713121396799,-0.296253026501,-3.73710612022,2.83477560217,-0.895319305781,-7.48406275851e-05,-0.00611312473535,-0.329350516134,-0.771568434212,-1.4772220493e-06,0.000369305512329,-0.329425356761,-0.306273264497,-0.807205468001,-0.777681558947,-0.335691321662,-0.806362262501,-0.0062659649001,-0.0286807035538,2.30601103433,-0.895319305781,-0.895319305781,-0.25819897564,-1.10195902223,0.0713121396799,-0.296253026501,0.0248500459255,0.000636660407686,-0.00701121226637,4,0
1100,2.2,2,0.510615944862,0,0.947584271431,0,0,0.947584271431,0,0.947584271431,0,0.505826338191,1.00633667126,0.510615949084,1.00700586521,-0.0628672277785,0.370442914301,1.4576191153,-0.506188820409,0.947584245073,4.2050012281e-05,0.00334144966712,0.510531589941,0.990297743361,1.84652755397e-06,-0.000461631888503,0.510573639954,0.507841582074,1.0090068371,0.993639193028,0.517920117592,1.00684057873,0.0073464776379,0.013201385705,-0.971895507495,0.947584245073,0.947584245073,0.447748721306,1.37744877951,-0.0628672277785,0.370442914301,-0.00478961089343,-0.000669193949759,0.00384604981449,4,0
1105,2.21,1,-0.337606817484,0,-1.6263320446,0,0,-1.6263320446,0,-1.6263320446,0,-0.312776038931,-0.819171576303,-0.337606819072,-0.815561746557,0.0683674809351,-0.292065678531,-4.43188078758,2.7990369974,-1.62633203432,-6.73203544449e-05,-0.00570391160453,-0.337449929364,-0.779486005297,-2.30240914262e-06,0.000575602285659,-0.337517249718,-0.314417811416,-0.82261304925,-0.785189916902,-0.34959020072,-0.820705499711,-0.0120729510023,-0.0355155828091,1.7130517759,-1.62633203432,-1.62633203432,-0.269239338137,-1.10762742509,0.0683674809351,-0.292065678531,0.0248307801407,-0.00360982974621,-0.00651175585787,4,0
1105,2.21,2,0.520724415779,0,1.23884832859,0,0,1.23884832859,0,1.23884832859,0,0.515970050132,1.02396447228,0.520724442795,1.0181898338,-0.0591752683519,0.366344449024,1.69410128754,-0.452009370318,1.23884830779,3.26811703156e-05,0.00285143538825,0.520643530981,0.998567022492,2.87801137278e-06,-0.000719502843201,0.520676212152,0.518022265742,1.02826631338,1.00141845788,0.53003611054,1.02455055813,0.00935989838796,0.0231321002464,-0.0258225698018,1.23884830779,1.23884830779,0.461549174443,1.38453428282,-0.0591752683519,0.366344449024,-0.0047543926628,0.00577463848059,0.00324360943204,4,0
1110,2.22,1,-0.345899015665,0,-1.66424751282,0,0,-1.66424751282,0,-1.66424751282,0,-0.321054013704,-0.836275175319,-0.345899015229,-0.838584181927,0.0655360223325,-0.278338321596,-4.46578836154,2.79328190849,-1.66424749505,-8.59929900335e-05,-0.00722704211825,-0.34570184286,-0.794092783377,-2.09058605777e-06,0.000522646514448,-0.34578783585,-0.322729751584,-0.839436879838,-0.801319825495,-0.358135714114,-0.837820246169,-0.012347878264,-0.0365004206747,1.82089031423,-1.66424749505,-1.66424749505,-0.280362992897,-1.11692250352,0.0655360223325,-0.278338321596,0.0248450015257,0.00230900660832,-0.00825895799865,4,0
1110,2.22,2,0.531082749367,0,1.27639114857,0,0,1.27639114857,0,1.27639114857,0,0.526317518614,1.04534397056,0.531082737547,1.04794961001,-0.0556289946418,0.348203520264,1.72796821559,-0.445994983286,1.2763911845,5.77145445761e-05,0.00488947326488,0.530948044037,1.01713573475,2.61323249739e-06,-0.000653308124345,0.531005758581,0.528412190968,1.0492961011,1.02202520801,0.540645861085,1.04594098483,0.00964010250341,0.0239157768189,-0.14941443834,1.2763911845,1.2763911845,0.475453742905,1.39615313028,-0.0556289946418,0.348203520264,-0.0047652189323,-0.00260563945088,0.00558204779979,4,0
1115,2.23,1,-0.354402393103,0,-1.38006448746,0,0,-1.38006448746,0,-1.38006448746,0,-0.329490594079,-0.850246220175,-0.354402401566,-0.856908145561,0.0628377415759,-0.265557020339,-4.20990856503,2.82113846106,-1.38006450002,-9.14972079839e-05,-0.00760763745612,-0.354197668396,-0.811700558327,-1.44308700584e-06,0.000360771751452,-0.354289165604,-0.331193317779,-0.852444165229,-0.819308195783,-0.364439942802,-0.851702443038,-0.0101507771979,-0.0323942472549,2.25446892016,-1.38006450002,-1.38006450002,-0.29156465999,-1.1224651659,0.0628377415759,-0.265557020339,0.0249118074877,0.00666192538613,-0.00870560395193,4,0
1115,2.23,2,0.541710853577,0,1.18138158321,0,0,1.18138158321,0,1.18138158321,0,0.536863244095,1.06280777607,0.541710863115,1.07090977145,-0.052255036338,0.332171686131,1.66890000893,-0.481368224324,1.18138163153,6.47610903776e-05,0.00537301999585,0.541566715947,1.03927081031,1.80385868864e-06,-0.00045096467215,0.541631477038,0.538991648721,1.06555520729,1.0446438303,0.550695478597,1.06338411918,0.00906400155955,0.0187402888758,-0.816299052752,1.18138163153,1.18138163153,0.489455826777,1.40308145758,-0.052255036338,0.332171686131,-0.00484761902079,-0.00810199537649,0.00615015308039,4,0
1120,2.24,1,-0.363031953573,0,-1.19529557228,0,0,-1.19529557228,0,-1.19529557228,0,-0.338042722911,-0.859508967607,-0.363031949957,-0.866033840769,0.0602387740271,-0.256423951218,-4.05021981256,2.84688282755,-1.19529555826,-8.4745386845e-05,-0.00702448210557,-0.362843532569,-0.824607729942,-9.78658169171e-07,0.000244664542295,-0.362928277956,-0.339763227769,-0.860986422404,-0.831632212048,-0.371669163555,-0.860910069301,-0.00874088559994,-0.0292778572533,2.58544701357,-1.19529555826,-1.19529555826,-0.30279317593,-1.12245779199,0.0602387740271,-0.256423951218,0.0249892270464,0.00652487316173,-0.00804142674771,4,0
1120,2.24,2,0.552487850189,0,1.12367367744,0,0,1.12367367744,0,1.12367367744,0,0.547553405141,1.07438620992,0.552487854064,1.08090802136,-0.0489963823624,0.322164218307,1.63545704265,-0.506517993071,1.12367365673,5.57477334851e-05,0.00459642004355,0.552365372011,1.05426823799,1.22332267083e-06,-0.0003058306677,0.552421119745,0.549704036214,1.07623302835,1.05886465804,0.561114791483,1.07495126768,0.00869367173758,0.016086609644,-1.3033708031,1.12367365673,1.12367365673,0.503491471701,1.40307223966,-0.0489963823624,0.322164218307,-0.00493444892271,-0.00652181144017,0.00526539284538,4,0
1125,2.25,1,-0.371737599373,0,-1.44393360615,0,0,-1.44393360615,0,-1.44393360615,0,-0.346674916448,-0.867175062207,-0.371737605621,-0.874579698552,0.057730297238,-0.246104534412,-4.3105229185,2.85882725951,-1.44393356363,-8.11893225373e-05,-0.00678782348939,-0.371553126169,-0.833127113582,-1.15349911756e-06,0.000288374779384,-0.371634315491,-0.348411043447,-0.868928623836,-0.839914937071,-0.382469113937,-0.868666487102,-0.0108347984457,-0.0287515500308,2.48201252461,-1.44393356363,-1.44393356363,-0.314007308383,-1.12068423296,0.057730297238,-0.246104534412,0.0250626891728,0.00740463634469,-0.00776209535984,4,0
1125,2.25,2,0.563343882561,0,1.21638476849,0,0,1.21638476849,0,1.21638476849,0,0.558343647065,1.08396882798,0.563343863291,1.09006088995,-0.0458347260283,0.310794400719,1.73126312081,-0.509959473099,1.21638473916,5.12758663065e-05,0.0043035981521,0.563226016601,1.06324963481,1.44187388662e-06,-0.000360468471643,0.563277292467,0.560513805815,1.08616078,1.06755323296,0.572704916076,1.08456721419,0.00942762360852,0.0170139812276,-1.16805406189,1.21638473916,1.21638473916,0.517509137263,1.40085529067,-0.0458347260283,0.310794400719,-0.00500021622561,-0.0060920619749,0.00491890854778,4,0
1130,2.26,1,-0.380553126335,0,-1.13096535206,0,0,-1.13096535206,0,-1.13096535206,0,-0.355385378065,-0.874091321251,-0.380553140755,-0.884979908527,0.0553468097653,-0.233189637228,-4.02141496764,2.8821702443,-1.13096532431,-8.69324079539e-05,-0.00723621013647,-0.380358174699,-0.841855662983,-4.49487287335e-07,0.00011237182183,-0.380445107107,-0.357134318759,-0.874807462,-0.849091873119,-0.388770214685,-0.87548235611,-0.00832510757796,-0.0263904829912,2.93962736646,-1.13096532431,-1.13096532431,-0.32520633099,-1.11816954575,0.0553468097653,-0.233189637228,0.0251677626894,0.0108885872754,-0.00827939903191,4,0
1130,2.26,2,0.574323952198,0,1.12309348583,0,0,1.12309348583,0,1.12309348583,0,0.569231724088,1.09261415155,0.574323965473,1.10167220301,-0.0428160499578,0.296039728387,1.65552489824,-0.5268140072,1.12309350234,5.90382379817e-05,0.00490892984064,0.574191964351,1.07260533915,5.61859049619e-07,-0.000140464762396,0.574251002589,0.571417899955,1.0935093274,1.07751426899,0.582957124514,1.09318604324,0.00870612192586,0.0156717742477,-1.78335235496,1.12309350234,1.12309350234,0.531507915515,1.3977119314,-0.0428160499578,0.296039728387,-0.0050922413841,-0.00905805146052,0.00561738869642,4,0
1135,2.27,1,-0.389406502247,0,-0.729063689709,0,0,-0.729063689709,0,-0.729063689709,0,-0.364136769847,-0.875136076676,-0.389406503535,-0.883940751922,0.0530587086713,-0.224985837678,-3.64219947232,2.90557275679,-0.729063684801,-7.99045697904e-05,-0.00660417588903,-0.38923019665,-0.845486499199,3.69982758042e-07,-9.24956895046e-05,-0.38931010122,-0.365886559751,-0.874617464898,-0.852090675088,-0.394372913556,-0.876395915997,-0.00506281233546,-0.0243052409092,3.48016987378,-0.729063684801,-0.729063684801,-0.336347794863,-1.1089265896,0.0530587086713,-0.224985837678,0.0252697336874,0.008804675246,-0.00756303072651,4,0
1135,2.27,2,0.585332155228,0,1.00255703926,0,0,1.00255703926,0,1.00255703926,0,0.580170963813,1.09392009532,0.585332164135,1.09813233126,-0.0398974187884,0.288025904359,1.54628907322,-0.5390531334,1.00255700617,4.98246537557e-05,0.00408103780118,0.585224582228,1.07516705056,-4.62478525587e-07,0.000115619631408,0.585274406882,0.582358201192,1.09327183048,1.07924808836,0.592995450243,1.09445444892,0.00772104336125,0.0152063605641,-2.47535651797,1.00255700617,1.00255700617,0.545434745346,1.38615823562,-0.0398974187884,0.288025904359,-0.00516120032157,-0.00421223594049,0.00467893364625,4,0
1140,2.28,1,-0.398188114166,0,-0.569244325161,0,0,-0.569244325161,0,-0.569244325161,0,-0.37286969423,-0.870782791626,-0.398188127406,-0.873639386519,0.0508239339227,-0.219986518722,-3.47967855926,2.9039323715,-0.569244311754,-6.85988482834e-05,-0.00567868983209,-0.398036029105,-0.840252166744,8.15258638542e-07,-0.000203814659639,-0.398104627953,-0.374610049005,-0.869565943129,-0.845930856576,-0.401762671838,-0.871986665693,-0.00365804388474,-0.026055809117,3.76938746144,-0.569244311754,-0.569244311754,-0.347364193483,-1.09362590524,0.0508239339227,-0.219986518722,0.0253184331752,0.00285659489278,-0.00650187601149,4,0
1140,2.28,2,0.596228182316,0,0.978361785412,0,0,0.978361785412,0,0.978361785412,0,0.591087119284,1.08847848843,0.596228190665,1.0832181256,-0.0370229470614,0.283814253919,1.49939200773,-0.517717389251,0.978361804601,3.52513813013e-05,0.00288979730354,0.596151703084,1.06673612462,-1.01907336869e-06,0.000254768342178,0.596186954465,0.593262562749,1.0869574277,1.06962592192,0.603532838747,1.08899706007,0.00734588428209,0.0193711381501,-2.73452402157,0.978361804601,0.978361804601,0.559205243603,1.36703237951,-0.0370229470614,0.283814253919,-0.00514107138087,0.00526036283367,0.00331281387916,4,0
1145,2.29,1,-0.406868159771,0,-0.962089300156,0,0,-0.962089300156,0,-0.962089300156,0,-0.381547944086,-0.865211660331,-0.406868145948,-0.865670362209,0.048651960998,-0.211559514585,-3.85252979858,2.88400818846,-0.962089288679,-6.70486772883e-05,-0.00562773730849,-0.406714315639,-0.830783475199,3.84287691224e-07,-9.60719228115e-05,-0.406781364316,-0.383277691637,-0.864585559728,-0.836411212508,-0.413543209061,-0.866544796372,-0.00676184474466,-0.0301335838639,3.50330331141,-0.962089288679,-0.962089288679,-0.35821618495,-1.07722987679,0.048651960998,-0.211559514585,0.0253202018616,0.00045870187788,-0.00643232143595,4,0
1145,2.29,2,0.606986284256,0,1.13580524921,0,0,1.13580524921,0,1.13580524921,0,0.60193493159,1.08151457385,0.606986309947,1.07295935434,-0.0342160770324,0.273577989102,1.6178651921,-0.478795427855,1.13580528837,3.36668238149e-05,0.00286047398259,0.606906538693,1.05428661121,-4.8035965583e-07,0.00012008991397,0.606940205516,0.604097116026,1.08073194803,1.0571470852,0.615366618658,1.08207422748,0.00842641314134,0.0249271422823,-2.25293918884,1.13580528837,1.13580528837,0.572770232914,1.34653734344,-0.0342160770324,0.273577989102,-0.00505137835622,0.00855521950793,0.00326447586837,4,0
1150,2.3,1,-0.415577530861,0,-1.89409172535,0,0,-1.89409172535,0,-1.89409172535,0,-0.390196031876,-0.866401446479,-0.415577525012,-0.878380902642,0.0466420145865,-0.190611829108,-4.78880286478,2.88618617642,-1.89409173534,-8.77272290612e-05,-0.00747222627439,-0.415369508801,-0.829897555783,-7.4612494233e-07,0.000186531235584,-0.415457236031,-0.391930212822,-0.867650066542,-0.837369782058,-0.429962641887,-0.868058388563,-0.0145054058568,-0.0306886065054,2.71092830822,-1.89409173534,-1.89409173534,-0.368935510425,-1.06899273175,0.0466420145865,-0.190611829108,0.0253814931355,0.0119794561632,-0.00852495302312,4,0
1150,2.3,2,0.617792308331,0,1.43318545818,0,0,1.43318545818,0,1.43318545818,0,0.612745041311,1.08300180634,0.61779230177,1.09105370637,-0.031622912038,0.245187205573,1.91794520862,-0.47872590154,1.43318547783,6.1070022357e-05,0.00530098898372,0.617640984881,1.05447767144,9.32656165631e-07,-0.000233164041413,0.617702054903,0.614912767489,1.0845625814,1.05977866042,0.628650023323,1.08366451392,0.0109479684195,0.0238858534983,-1.27220624314,1.43318547783,1.43318547783,0.586169389731,1.33624091194,-0.031622912038,0.245187205573,-0.00504726045879,-0.00805190002909,0.00603382925201,4,0
1155,2.31,1,-0.424476712942,0,-0.894091725349,0,0,-0.894091725349,0,-0.894091725349,0,-0.398869759554,-0.865408541945,-0.424476716864,-0.893057193483,0.0448871995007,-0.16539576804,-3.49031446973,2.97820962573,-0.894091735339,-0.000108939790732,-0.0090085589641,-0.424235871277,-0.840640671789,1.50727176873e-06,-0.000376817942188,-0.424344811068,-0.400598506611,-0.863243074924,-0.849649230753,-0.427819488219,-0.866614780639,-0.0034746771509,-0.0169655498862,3.8550192522,-0.894091735339,-0.501789007538,-0.379589517364,-1.05845296152,0.0448871995007,-0.16539576804,0.0256069573108,0.0276486515382,-0.0103158364529,4,0
1155,2.31,2,0.628842353821,0,0.938253879547,0,0,0.938253879547,0,0.938253879547,0,0.623587200889,1.08176067543,0.628842337613,1.10728190748,-0.0293554392369,0.215784291425,1.52075737897,-0.574151120076,0.938253893927,8.85860646718e-05,0.00728933219452,0.628648670551,1.06570022982,-1.88408977031e-06,0.000471022442569,0.628737256615,0.625748134707,1.07905384157,1.07298956201,0.636168733068,1.08228490594,0.00743147645248,0.0092953439259,-3.50581781332,0.938253893927,0.938253893927,0.599486898376,1.32306619891,-0.0293554392369,0.215784291425,-0.00525513672409,-0.0255212320521,0.00835236497058,4,0
1160,2.32,1,-0.433327108622,0,0.1059082672,0,0,0.1059082672,0,0.1059082672,0,-0.407454818327,-0.849683685758,-0.433327119609,-0.875809977095,0.0432783884076,-0.155442762611,-2.70569821708,3.0728010532,0.105908264661,-8.28667496764e-05,-0.00674403381532,-0.433151020499,-0.83880220848,2.90319993007e-06,-0.000725799982518,-0.433233887248,-0.409149920379,-0.845373625981,-0.845546242295,-0.429898851178,-0.850618853793,0.00333503607018,-0.00507261149763,4.98252570256,0.105908264661,0.374841270933,-0.390048731201,-1.03125273971,0.0432783884076,-0.155442762611,0.0258723012812,0.0261262913374,-0.00773843481144,4,0
1160,2.32,2,0.639765202999,0,0.62846070528,0,0,0.62846070528,0,0.62846070528,0,0.634318524334,1.06210460469,0.639765223336,1.07722792408,-0.0272043076955,0.21183799701,1.26952440082,-0.636057149333,0.628460703795,5.46946453448e-05,0.00435021195122,0.639655465893,1.0555665537,-3.62899998863e-06,0.000907249997167,0.639710160538,0.636437401894,1.05671702985,1.05991676566,0.644837910287,1.06254291244,0.00512774974907,0.00262614678151,-4.8927427293,0.628460703795,0.628460703795,0.61256091564,1.28906592109,-0.0272043076955,0.21183799701,-0.00544669900205,-0.0151233193868,0.00500654769536,4,0
1165,2.33,1,-0.441853553057,0,0.422417551279,0,0,0.422417551279,0,0.422417551279,0,-0.415838564334,-0.826583286184,-0.441853542213,-0.835905043154,0.0416658817076,-0.160165063727,-2.65268419175,3.07051104285,0.422417561516,-4.92928799094e-05,-0.00399919585399,-0.441748696609,-0.813660095179,3.10370011497e-06,-0.000775925028741,-0.441797989489,-0.417487029313,-0.821904714149,-0.817659291033,-0.437867764872,-0.82750116954,0.00393022461711,-0.00984187850749,5.4010388133,0.422417561516,0.422417561516,-0.400187660505,-0.996070106881,0.0416658817076,-0.160165063727,0.0260149778785,0.00932175696957,-0.0045907104129,4,0
1165,2.33,2,0.650215029716,0,0.651080131531,0,0,0.651080131531,0,0.651080131531,0,0.644798206815,1.03322910466,0.650215036436,1.02276816448,-0.024980459204,0.222319464965,1.23878727393,-0.586726149688,0.651080160251,1.17250474896e-05,0.000840263423649,0.650196244607,1.01989976301,-3.87962521131e-06,0.000969906302824,0.650207969655,0.646858788031,1.02738088952,1.02074002643,0.655095382357,1.03365815364,0.00488741270164,0.0129181272108,-4.83740357339,0.651080160251,0.651080160251,0.625234577232,1.24508762945,-0.024980459204,0.222319464965,-0.00541682962141,0.0104609401785,0.000980963993524,4,0
1170,2.34,1,-0.450018554926,0,-0.427721321583,0,0,-0.427721321583,0,-0.427721321583,0,-0.423994643622,-0.806017592173,-0.450018541753,-0.807222432097,0.0400372847885,-0.157093214571,-3.55724791494,3.0083972284,-0.427721307098,-4.66983251267e-05,-0.00399533746838,-0.449906435642,-0.7806979321,1.76391309192e-06,-0.000440978272982,-0.449953133967,-0.42560381657,-0.803263539286,-0.784693269569,-0.453549102111,-0.807249027943,-0.00359596814413,-0.0225557583746,4.64719684585,-0.427721307098,-0.544294969169,-0.409981256965,-0.964315646667,0.0400372847885,-0.157093214571,0.0260238981315,0.00120483992354,-0.0045557173699,4,0
1170,2.34,2,0.660200715065,0,1.02347099781,0,0,1.02347099781,0,1.02347099781,0,0.654993305891,1.00752198671,0.660200702777,0.987759622308,-0.0227241300146,0.217634931412,1.50812707066,-0.483623232155,1.0234710544,9.37928406541e-06,0.000920232689829,0.660170239275,0.978854896416,-2.2048914049e-06,0.00055122285122,0.660179618559,0.657004772069,1.00407942054,0.979775129106,0.667530658708,1.00804437641,0.0073510401491,0.0282692473024,-3.36670960029,1.0234710544,1.0234710544,0.637476572763,1.20539455372,-0.0227241300146,0.217634931412,-0.00520739688616,0.0197623644002,0.00103278409861,4,0
1175,2.35,1,-0.458085924387,0,-1.42772126198,0,0,-1.42772126198,0,-1.42772126198,0,-0.432008787026,-0.800501607127,-0.458085923926,-0.811133486299,0.0385536831059,-0.138998999422,-5.1361432803,2.96409587754,-1.4277213071,-8.30664074818e-05,-0.00714958554379,-0.457884094767,-0.763170217526,-2.89440746537e-07,7.236018664e-05,-0.457967161174,-0.433610687336,-0.801167235747,-0.77031980307,-0.474668033317,-0.802279075722,-0.0167008721421,-0.0319592726522,3.76031297552,-1.4277213071,-2.16390102032,-0.41953224082,-0.950132485721,0.0385536831059,-0.138998999422,0.0260771369003,0.0106318791722,-0.00814638243357,4,0
1175,2.35,2,0.670122742653,0,1.53946065903,0,0,1.53946065903,0,1.53946065903,0,0.66501098511,1.00062700521,0.67012272347,1.0029277094,-0.0207074209359,0.184737892961,2.00124956688,-0.45608388916,1.53946064454,5.67827316724e-05,0.00502364040427,0.669975825834,0.966301179681,3.61800920112e-07,-9.04502300352e-05,0.670032608566,0.66701336049,1.00145904096,0.971324820085,0.681611702201,1.00131870175,0.011579093635,0.0299938816673,-1.44943426108,1.53946064454,1.53946064454,0.649415302535,1.18766560236,-0.0207074209359,0.184737892961,-0.00511173836068,-0.00230070419233,0.00570503318434,4,0
1180,2.36,1,-0.466305404902,0,-0.825111865997,0,0,-0.825111865997,0,-0.825111865997,0,-0.4399933077,-0.791464646377,-0.46630540933,-0.825047404396,0.0373336076781,-0.107182480604,-2.87172143697,3.06919705082,-0.825111883545,-0.000118194724473,-0.009806673354,-0.466042256841,-0.767485930426,3.42755628652e-06,-0.000856889071632,-0.466160451565,-0.441571385146,-0.78646805598,-0.77729260378,-0.463789465151,-0.792456152937,0.00237098641403,-0.015163549157,4.49161206086,-0.825111883545,0.208700623898,-0.428971801652,-0.932229885,0.0373336076781,-0.107182480604,0.0263121016301,0.0335827580187,-0.0112250100477,4,0
1180,2.36,2,0.680311441422,0,0.708205580711,0,0,0.708205580711,0,0.708205580711,0,0.674991635914,0.989330804038,0.680311455294,1.02061887951,-0.0190967017683,0.144668471732,1.29536039317,-0.577506757803,0.708205608328,0.000101785019824,0.00842660679816,0.680086016759,0.971697568064,-4.28444541334e-06,0.00107111135334,0.680187801778,0.676964232715,0.98308506596,0.980124174862,0.685687336707,0.989776458237,0.00549953492875,0.00965228337555,-4.99201747665,0.708205608328,0.708205608328,0.661214753526,1.16528735124,-0.0190967017683,0.144668471732,-0.00531981937946,-0.0312880754699,0.00964802703605,4,0
1185,2.37,1,-0.47445717454,0,0.174888119102,0,0,0.174888119102,0,0.174888119102,0,-0.447761387649,-0.759458547856,-0.474457172811,-0.804305131086,0.0363655982298,-0.0844763564075,-1.71805248729,3.24848958943,0.174888116455,-9.16470755223e-05,-0.00745412408543,-0.474262627475,-0.763473056011,5.32788279128e-06,-0.00133197069783,-0.47435427455,-0.449272413525,-0.751517026171,-0.770927180096,-0.461982519835,-0.76005109503,0.0123717547151,0.0108760850663,5.60472371921,0.174888116455,1.53899099114,-0.438091574581,-0.888781487494,0.0363655982298,-0.0844763564075,0.0266957851625,0.0448465832305,-0.0085538889917,4,0
1185,2.37,2,0.690296590328,0,0.216062098742,0,0,0.216062098742,0,0.216062098742,0,0.684701735809,0.949323180421,0.690296560553,0.977257397503,-0.0176820909184,0.133719456374,0.913261193512,-0.690936586168,0.216062096484,6.81085697009e-05,0.00544520802342,0.690157987811,0.949480635895,-6.65985355763e-06,0.00166496338942,0.690226096381,0.686590518145,0.939396278213,0.954925843918,0.692246958819,0.949637564713,0.00202086243757,-0.00528827920478,-7.04053132814,0.216062096484,0.216062096484,0.672614469635,1.11097685388,-0.0176820909184,0.133719456374,-0.00559482474449,-0.0279342170821,0.00626251085983,4,0
1190,2.38,1,-0.482231140137,0,1.174888134,0,0,1.174888134,0,1.174888134,0,-0.455152621317,-0.71853416444,-0.482231141829,-0.756552477459,0.0355151734752,-0.0793750829571,-1.78416052474,3.34045476554,1.17488811645,-5.34101840639e-05,-0.00430202501202,-0.482120449063,-0.733813382215,5.25639816873e-06,-0.00131409954218,-0.482173859247,-0.456581701191,-0.710597638131,-0.738115407227,-0.46995373808,-0.719150877638,0.0122201211673,0.018964529589,6.68554444649,1.17488811645,1.56123718802,-0.446715968354,-0.835927560416,0.0355151734752,-0.0793750829571,0.0270785205117,0.0380183130193,-0.00494294722079,4,0
1190,2.38,2,0.699628174305,0,0.219492539763,0,0,0.219492539763,0,0.219492539763,0,0.693940777848,0.89816770065,0.699628188063,0.90174602263,-0.01623322627,0.143163421885,0.901919924391,-0.680692385963,0.21949253943,2.01519964325e-05,0.00149317504148,0.69959471321,0.896634906189,-6.57049777086e-06,0.00164262444271,0.699614865207,0.69572712768,0.888247042673,0.89812808123,0.701429317955,0.898479723155,0.00181445274838,0.000351641924719,-6.96946426423,0.21949253943,0.21949253943,0.683394961793,1.04490944451,-0.01623322627,0.143163421885,-0.00568741021481,-0.00357832197938,0.00173499899867,4,0
1195,2.39,1,-0.489456802607,0,0.574888110161,0,0,0.574888110161,0,0.574888110161,0,-0.462152939963,-0.683909733556,-0.489456808862,-0.703331935892,0.0346210067405,-0.0874779820635,-3.18335814718,3.28837950908,0.574888116455,-3.33329110842e-05,-0.0028356407237,-0.489377574804,-0.684558768596,3.0565986216e-06,-0.000764149655404,-0.489410907716,-0.463515850502,-0.679162820176,-0.68739440932,-0.488608031914,-0.685012029054,0.000802875801919,0.00238238026579,6.14755167274,0.574888116455,0.108256997559,-0.454835802122,-0.790809917956,0.0346210067405,-0.0874779820635,0.0273038688991,0.0194222023359,-0.00323563565671,4,0
1195,2.39,2,0.708216488361,0,0.744122207165,0,0,0.744122207165,0,0.744122207165,0,0.702691176105,0.854887161657,0.708216510212,0.836411916573,-0.0146717562712,0.152100474481,1.31086488325,-0.567121784584,0.744122195147,-4.79674827978e-06,-0.00032153549666,0.708221652729,0.836016737046,-3.82074831218e-06,0.000955187078058,0.708216855981,0.704394814267,0.848953519878,0.835695201549,0.713599271603,0.855341665636,0.0053824156226,0.019646464087,-4.77775997675,0.744122195147,0.744122195147,0.693544753941,0.988512391054,-0.0146717562712,0.152100474481,-0.0055253341077,0.0184752450845,-0.000379096476017,4,0
1200,2.4,1,-0.496355891228,0,-0.425111889839,0,0,-0.425111889839,0,-0.425111889839,0,-0.46890633554,-0.671980704152,-0.496355895571,-0.686384494598,0.0337375746555,-0.0851874266729,-5.32648377644,3.17942642996,-0.425111883545,-6.72955276625e-05,-0.00585900629516,-0.496188051464,-0.645630709019,1.77779281796e-07,-4.44448204492e-05,-0.496255346992,-0.470250674752,-0.672036271234,-0.651489715314,-0.513161314179,-0.673824661595,-0.0169059671871,-0.022334946281,5.22015155816,-0.425111883545,-2.14039079386,-0.462618320916,-0.771571921271,0.0337375746555,-0.0851874266729,0.0274495600307,0.0144037904463,-0.00666655262711,4,0
1200,2.4,2,0.716512084007,0,1.47991549969,0,0,1.47991549969,0,1.47991549969,0,0.711132920522,0.839975874727,0.716512068561,0.83505495056,-0.0132391661926,0.129409944495,1.97232658182,-0.488388894583,1.47991551973,3.88632169787e-05,0.00355580890209,0.716403890081,0.806661858111,-2.2222411511e-07,5.55560287823e-05,0.716442753298,0.712813344525,0.840045333563,0.810217667014,0.727507030034,0.84065812929,0.0110642767362,0.0304404622766,-1.88254706603,1.47991551973,1.47991551973,0.703272902368,0.964464895055,-0.0132391661926,0.129409944495,-0.00537914803889,0.00492092416743,0.00402216750583,4,0
1205,2.41,1,-0.503231346607,0,-0.107648737729,0,0,-0.107648737729,0,-0.107648737729,0,-0.475576606242,-0.655382282579,-0.503231369498,-0.685338737543,0.0329810561806,-0.0620926387586,-2.20816747937,3.22916447095,-0.107648734796,-0.000108784497051,-0.00906557016256,-0.502987392058,-0.631679919107,5.16872245865e-06,-0.00129218061466,-0.503096176555,-0.476879990283,-0.647815478535,-0.640745489269,-0.493859835319,-0.656144083791,0.0092363412359,-0.0153985945214,5.62829366748,-0.107648734796,1.0313679757,-0.470250313317,-0.747431376302,0.0329810561806,-0.0620926387586,0.0276547632559,0.0299564549641,-0.0103709841272,4,0
1205,2.41,2,0.724971473217,0,0.47991552949,0,0,0.47991552949,0,0.47991552949,0,0.719470758844,0.819227847555,0.724971475462,0.844381447138,-0.0121585826577,0.0899077665286,0.992464564633,-0.586532767682,0.479915519728,9.13093175206e-05,0.00761062017403,0.724766953757,0.799623679385,-6.46090312006e-06,0.00161522578001,0.724858263074,0.721099988883,0.809769342431,0.807234299559,0.727654536169,0.819568838277,0.00279627309479,0.0123345387185,-6.01940533147,0.479915519728,0.397225464967,0.712812892805,0.934289213666,-0.0121585826577,0.0899077665286,-0.00550071661864,-0.0251535995823,0.00870633198428,4,0
1210,2.42,1,-0.509896278381,0,0.892351269722,0,0,0.892351269722,0,0.892351269722,0,-0.481914037924,-0.608789684033,-0.509896280079,-0.649231340537,0.0324386636135,-0.0412334851752,-0.748880689566,3.40239245927,0.892351265204,-8.3052494823e-05,-0.00671600968889,-0.509722179245,-0.613163514637,7.46431191739e-06,-0.00186607797934,-0.509805231739,-0.483120525988,-0.597645797802,-0.619879524325,-0.488079734007,-0.609046588036,0.0217254977324,0.0108329362893,6.7032334574,0.892351265204,2.66122440933,-0.477457616465,-0.690464825712,0.0324386636135,-0.0412334851752,0.0279822421544,0.0404416565046,-0.00771263962677,4,0
1210,2.42,2,0.733093202114,0,-0.198944032192,0,0,-0.198944032192,0,-0.198944032192,0,0.727392548388,0.760987098984,0.73309318244,0.782603594874,-0.0112711607698,0.0804774301779,0.500265471099,-0.693799306086,-0.198944035839,5.94074341736e-05,0.00469731164174,0.732975282778,0.759638244786,-9.33038995288e-06,0.00233259748821,0.733034690212,0.728900658455,0.747057241112,0.764335556428,0.73150919535,0.761158625941,-0.0015254948617,-0.0031769304868,-8.7082832974,-0.198944035839,-0.198944035839,0.72182202167,0.863081025052,-0.0112711607698,0.0804774301779,-0.00570063405222,-0.0216164958898,0.00541020085182,4,0
1215,2.43,1,-0.516024649143,0,1.89235126972,0,0,1.89235126972,0,1.89235126972,0,-0.487719418205,-0.552290423056,-0.516024619745,-0.585839166874,0.0319990474181,-0.0374214441298,-0.936159192009,3.48954056484,1.8923512652,-4.25099167625e-05,-0.00339322755464,-0.515938442787,-0.568528480504,7.11174376028e-06,-0.00177793594007,-0.515980952704,-0.488813174099,-0.541544139293,-0.571921708058,-0.495474752795,-0.552613561998,0.0205061999091,0.0193081460606,7.74300187458,1.8923512652,2.55728471939,-0.484025572327,-0.623260611004,0.0319990474181,-0.0374214441298,0.02830520154,0.033548743818,-0.00390334655579,4,0
1215,2.43,2,0.740352034569,0,-0.158932313323,0,0,-0.158932313323,0,-0.158932313323,0,0.734649273676,0.690363022358,0.740352018018,0.686523373374,-0.0103200515932,0.092552382898,0.510539595383,-0.668753166219,-0.158932316804,9.46486186231e-06,0.000605167625573,0.740342379315,0.686646795962,-8.8896797481e-06,0.00222241993702,0.740351844177,0.736016468531,0.676930167581,0.687251963588,0.738890417657,0.69053973669,-0.00146142651931,0.00328777310255,-8.37104819609,-0.158932316804,-0.158932316804,0.730031966424,0.779075756272,-0.0103200515932,0.092552382898,-0.00570274434151,0.00383964898371,0.000718745967921,4,0
1220,2.44,1,-0.521452844143,0,1.40923297405,0,0,1.40923297405,0,1.40923297405,0,-0.492992611602,-0.505607640601,-0.521452861712,-0.517369589176,0.0314914173267,-0.0502451045274,-2.75784221921,3.41175349452,1.40923295819,-2.287608704e-05,-0.00196150125721,-0.521397003923,-0.503742396444,4.16198765241e-06,-0.00104049691311,-0.52141988001,-0.493997169338,-0.499157377077,-0.505703897701,-0.515916198748,-0.506562790066,0.00550368126199,-0.000858892365017,7.27778048799,1.40923295819,0.656147289614,-0.489961444386,-0.567614693704,0.0314914173267,-0.0502451045274,0.0284602501104,0.0117619485748,-0.00223601430169,4,0
1220,2.44,2,0.746690571308,0,0.499066323042,0,0,0.499066323042,0,0.499066323042,0,0.741240765356,0.632009543982,0.746690548111,0.605638619313,-0.0092387416892,0.103879740051,1.0380242446,-0.540279097786,0.499066310364,-1.46188778924e-05,-0.00114573701556,0.746717737481,0.610114622632,-5.20248459346e-06,0.00130062114836,0.746703118603,0.742496462512,0.623946714534,0.608968885616,0.749886966325,0.632369802356,0.00318384772221,0.0234009167397,-5.54104568832,0.499066310364,0.499066310364,0.737451806421,0.709518359364,-0.0092387416892,0.103879740051,-0.00544978275478,0.0263709246689,-0.00132116355027,4,0
1225,2.45,1,-0.526408433914,0,0.40923294425,0,0,0.40923294425,0,0.40923294425,0,-0.49792877463,-0.488071928292,-0.526408434689,-0.486650389447,0.030921940849,-0.057880265918,-5.34561423982,3.24050506892,0.409232958194,-5.9164702815e-05,-0.00519536681276,-0.526258124761,-0.449653219255,6.15543254479e-07,-0.000153885813614,-0.526317289464,-0.498904785367,-0.487543710742,-0.454848586068,-0.542349229922,-0.489922780596,-0.0160319404585,-0.0350741945277,6.30534345827,0.409232958194,-2.09920382765,-0.49548649384,-0.544530655365,0.030921940849,-0.057880265918,0.0284796600584,-0.00142153884527,-0.00590534324654,4,0
1225,2.45,2,0.752626478672,0,1.38736557961,0,0,1.38736557961,0,1.38736557961,0,0.747410969073,0.610089903453,0.752626474482,0.596306187983,-0.00826835632088,0.0843571233568,1.83090466882,-0.440234566693,1.38736563387,3.12006640327e-05,0.00293006028733,0.752534880528,0.571484065654,-7.69429079672e-07,0.000192357269918,0.752566081192,0.748630982479,0.6094296315,0.574414125941,0.762614575594,0.610723387058,0.0100484944024,0.0363092611163,-1.95629694239,1.38736563387,1.38736563387,0.744358118161,0.68066331134,-0.00826835632088,0.0843571233568,-0.00521550540884,0.01378371547,0.00330446825573,4,0
1230,2.46,1,-0.531223416328,0,0.609232962132,0,0,0.609232962132,0,0.609232962132,0,-0.502734430334,-0.464992946241,-0.531223411753,-0.475710431991,0.0303920400924,-0.0399585733784,-1.54843067245,3.23720987059,0.609232958194,-0.000105392606408,-0.00881281785758,-0.530985423757,-0.423068837786,6.59675094583e-06,-0.00164918773647,-0.531090816364,-0.503654954982,-0.455314760999,-0.431881655643,-0.515531822168,-0.4655261709,0.0155589941964,-0.0336445152571,6.55260737653,0.609232958194,1.69885672728,-0.50083137166,-0.51566900537,0.0303920400924,-0.0399585733784,0.0284889814188,0.0107174857507,-0.0100775291345,4,0
1230,2.46,2,0.758696198463,0,0.38736563921,0,0,0.38736563921,0,0.38736563921,0,0.753418038633,0.581241175726,0.758696193025,0.605799487142,-0.0076569776674,0.0387867615805,0.632075686209,-0.558259027138,0.387365633872,8.87738225348e-05,0.00743625464401,0.758495357797,0.561470494816,-8.24593871696e-06,0.00206148467924,0.75858413162,0.754568694429,0.569143444123,0.56890674946,0.758605483865,0.581457319277,2.13522455847e-05,0.0125505698173,-6.03896267809,0.387365633872,0.0653151185567,0.751039215357,0.644586248723,-0.0076569776674,0.0387867615805,-0.00527815439221,-0.0245583114167,0.00850154051443,4,0
1235,2.47,1,-0.535739600658,0,1.60923290253,0,0,1.60923290253,0,1.60923290253,0,-0.507111227602,-0.406629619959,-0.535739589327,-0.430379899053,0.0300662456642,-0.0183838205267,0.12971979592,3.39953086179,1.60923295819,-8.2948975085e-05,-0.00669835866788,-0.535566812032,-0.394912631913,9.14804283159e-06,-0.0022870107079,-0.535649761007,-0.507910867454,-0.392958893904,-0.401610990581,-0.505968099347,-0.406581989615,0.0296816616604,-0.0049709990342,7.58524218483,1.60923295819,3.53694440407,-0.505673343663,-0.44876371958,0.0300662456642,-0.0183838205267,0.0286283617259,0.0237502790945,-0.0076937463689,4,0
1235,2.47,2,0.76443362236,0,-0.61263436079,0,0,-0.61263436079,0,-0.61263436079,0,0.758889035145,0.508287017591,0.764433627477,0.542482192816,-0.00734194719673,0.0184724484173,0.0589768997771,-0.73722099554,-0.612634366128,6.11477342212e-05,0.00483343302088,0.764313001697,0.519255040796,-1.14350535789e-05,0.00285876339472,0.764374149432,0.759888584945,0.491198609963,0.524088473816,0.759333344557,0.508305530483,-0.00504080487441,-0.015782943333,-9.96024004373,-0.612634366128,-0.683811301594,0.75709168028,0.560954641233,-0.00734194719673,0.0184724484173,-0.00554459233176,-0.0341951752245,0.00556720583154,4,0
1240,2.48,1,-0.53959363699,0,2.60923290253,0,0,2.60923290253,0,2.60923290253,0,-0.510833045176,-0.338008396556,-0.539593658745,-0.352639176785,0.0298214859533,-0.0187927284251,-0.172523206629,3.47182799195,2.60923295819,-3.4152091753e-05,-0.00266773004775,-0.539528048839,-0.340206526775,8.52490912917e-06,-0.00213122728231,-0.539562200931,-0.511496072008,-0.325119734331,-0.342874256823,-0.512242645049,-0.338067129884,0.0273195558815,0.00480712693869,8.5798460393,2.60923295819,3.30238234047,-0.509772172792,-0.37143190521,0.0298214859533,-0.0187927284251,0.0287606135697,0.0146307802292,-0.00307755514878,4,0
1240,2.48,2,0.76917129755,0,-0.626593768597,0,0,-0.626593768597,0,-0.626593768597,0,0.763541307038,0.422510488059,0.76917128706,0.426097460814,-0.00695607045267,0.0381924122093,0.0917820426752,-0.718427762441,-0.626593747291,1.72235648627e-06,-7.26407534442e-05,0.769181047531,0.430873572901,-1.06561364432e-05,0.00266403411082,0.769182769888,0.764370090563,0.406399660229,0.430800932147,0.764305264183,0.422542319606,-0.00487750570489,-0.00825861254081,-9.72836757712,-0.626593747291,-0.626593747291,0.762215216607,0.464289873023,-0.00695607045267,0.0381924122093,-0.00562998002238,-0.00358697275499,-5.19724756089e-05,4,0
1245,2.49,1,-0.542615652084,0,2.02941727638,0,0,2.02941727638,0,2.02941727638,0,-0.513914383923,-0.282217051498,-0.54261562806,-0.272523457393,0.0294645175906,-0.0362306933122,-2.31310512967,3.35422542778,2.02941730892,-1.26166949658e-05,-0.00112470722969,-0.542581920403,-0.263613753621,4.99096799256e-06,-0.00124774199814,-0.542594537098,-0.514470850437,-0.274490030989,-0.264738460851,-0.53314623714,-0.283018378716,0.00944829995832,-0.0182799178648,7.97019691072,2.02941730892,1.04239640567,-0.513151110469,-0.308754150705,0.0294645175906,-0.0362306933122,0.0287012441368,-0.00969359410523,-0.00127610756928,4,0
1245,2.49,2,0.772806346416,0,0.136353179812,0,0,0.136353179812,0,0.136353179812,0,0.767392980394,0.352771306535,0.772806332978,0.329922830203,-0.00636744436038,0.0560198495261,0.707990185241,-0.572653367242,0.136353174828,-2.42810859714e-05,-0.00192876783555,0.772854152878,0.338745354282,-6.23871000871e-06,0.00155967750218,0.772829871792,0.768088563521,0.343112530871,0.336816586446,0.773301142552,0.353017479958,0.000471270760879,0.0162008935122,-6.36725066784,0.136353174828,0.137556958867,0.766438888618,0.385942679729,-0.00636744436038,0.0560198495261,-0.00541335258398,0.0228484763325,-0.00222014086721,4,0
1250,2.5,1,-0.545066475868,0,1.02941727638,0,0,1.02941727638,0,1.02941727638,0,-0.516590677228,-0.260344430704,-0.54506647044,-0.23245050643,0.0289949390328,-0.0508240193078,-5.19158879521,3.12391666384,1.02941730892,-5.16069212958e-05,-0.00457037485858,-0.544932842368,-0.199106859145,9.86013262594e-07,-0.000246503315659,-0.54498444929,-0.517110775989,-0.25930987007,-0.203677234003,-0.559735765372,-0.26214214271,-0.0147513160827,-0.0584649087063,6.94991278525,1.02941730892,-2.06248247346,-0.516071531407,-0.283274525738,0.0289949390328,-0.0508240193078,0.0284757932111,-0.0278939242735,-0.00518965791413,4,0
1250,2.5,2,0.775924086571,0,1.13635313511,0,0,1.13635313511,0,1.13635313511,0,0.770738346947,0.325430530444,0.775924071429,0.310463793296,-0.00583465672559,0.0436293551719,1.58525638827,-0.445727889362,1.13635317483,2.43634131044e-05,0.00236261259921,0.775847693445,0.289004457857,-1.23251658746e-06,0.00030812914686,0.775872056858,0.771388470381,0.324137329639,0.291367070456,0.783903835319,0.325979092459,0.00803177846115,0.0346120220029,-2.24174101575,1.13635317483,1.13687352535,0.770089414703,0.354093148468,-0.00583465672559,0.0436293551719,-0.00518572448136,0.0149667371473,0.00265497355647,4,0
1255,2.51,1,-0.547298967838,0,1.12093257904,0,0,1.12093257904,0,1.12093257904,0,-0.519099166578,-0.232396693547,-0.547298939993,-0.215322943914,0.0285054836775,-0.0361823104189,-0.942945280037,3.06930695956,1.12093255276,-0.000101324366967,-0.00850091676844,-0.547068572436,-0.164059643304,7.59686879803e-06,-0.0018992171995,-0.547169896803,-0.51955303326,-0.221235689155,-0.172560560072,-0.526862592333,-0.23272016962,0.0203073044703,-0.0601596095474,7.0423564046,1.12093255276,2.1360784887,-0.518793456316,-0.251505254332,0.0285054836775,-0.0361823104189,0.0281997734148,-0.0170737496331,-0.00971680917204,4,0
1255,2.51,2,0.77911812067,0,0.136353179812,0,0,0.136353179812,0,0.136353179812,0,0.773873958555,0.29049585889,0.779118102962,0.317545785716,-0.0056262822105,-0.00316422656636,0.239397659269,-0.569896797351,0.136353174828,8.55208732356e-05,0.00719779345412,0.77892275392,0.274053835186,-9.49608601752e-06,0.00237402150437,0.779008274793,0.77444129189,0.276544603371,0.28125162864,0.77579706662,0.290575988393,-0.00321120817315,0.00932435975265,-6.25434655203,0.136353174828,-0.338723182015,0.773491820752,0.31438155915,-0.0056262822105,-0.00316422656636,-0.00524414440766,-0.0270499268258,0.00822404393294,4,0
1260,2.52,1,-0.549185037613,0,2.12093257904,0,0,2.12093257904,0,2.12093257904,0,-0.521110905301,-0.166025277787,-0.549185041982,-0.165659332303,0.0282191837163,-0.013205806206,0.849757331226,3.21284322363,2.12093255276,-8.23955564421e-05,-0.00665834379391,-0.549013098915,-0.130305438643,1.02429628157e-05,-0.00256074070393,-0.549095494471,-0.521427684582,-0.150707418424,-0.136963782437,-0.513978251533,-0.16572808388,0.0351172429379,-0.0287643014431,8.03036151445,2.12093255276,4.07024764533,-0.520965858265,-0.178865138509,0.0282191837163,-0.013205806206,0.0280741366802,-0.000365945484858,-0.00764709047121,4,0
1260,2.52,2,0.781968474388,0,-0.863646805286,0,0,-0.863646805286,0,-0.863646805286,0,0.776388631877,0.207531589039,0.7819684769,0.253533474866,-0.00576115379957,-0.0299520606077,-0.378913143164,-0.797029606571,-0.863646825172,6.22056523468e-05,0.004929585492,0.781844935961,0.229563691184,-1.28037035388e-05,0.00320092588471,0.781907141614,0.776784605962,0.188384264805,0.234493276676,0.773189276343,0.207398282558,-0.00871786527055,-0.027094994118,-10.1162238279,-0.863646825172,-1.18161880306,0.776207323101,0.223581414259,-0.00576115379957,-0.0299520606077,-0.00557984502285,-0.0460018858277,0.00567605332016,4,0
1265,2.53,1,-0.550354063511,0,3.12093257904,0,0,3.12093257904,0,3.12093257904,0,-0.522386944601,-0.0897207391134,-0.550354080925,-0.08083922582,0.0280160647728,-0.0154255409612,0.447241165965,3.27134830936,3.12093255276,-3.07865337897e-05,-0.00234051053102,-0.550298324159,-0.0710379042566,9.37947626123e-06,-0.00234486906532,-0.550329110693,-0.522552080665,-0.0755334246056,-0.0733784147876,-0.518643850404,-0.0895647768552,0.0316852602884,-0.0161863620676,8.98027333467,3.12093255276,3.72129942426,-0.522338016153,-0.0962647667812,0.0280160647728,-0.0154255409612,0.0279671363243,-0.00888151329332,-0.0027099489365,4,0
1265,2.53,2,0.783768951893,0,-1.12520158291,0,0,-1.12520158291,0,-1.12520158291,0,0.777983680919,0.112150915567,0.783768978723,0.126438938378,-0.00584645835202,-0.00610798886504,-0.324240489993,-0.801281709344,-1.12520152434,-5.07991158959e-07,-0.000314579104649,0.783786489536,0.133466621531,-1.17243453397e-05,0.00293108633492,0.783785981545,0.778190100982,0.0944167724125,0.133152042427,0.775289027346,0.112038638335,-0.00849695419898,-0.0211134040919,-10.7898383557,-1.12520152434,-1.12520152434,0.777922520371,0.120330949513,-0.00584645835202,-0.00610798886504,-0.00578529780328,-0.0142880228113,-0.000320674998556,4,0
1270,2.54,1,-0.550611972809,0,2.52093243599,0,0,2.52093243599,0,2.52093243599,0,-0.522956085504,-0.0285281555418,-0.550611965996,0.00667696682839,0.0276642576295,-0.0371704157282,-1.88316966331,3.1183735857,2.52093255276,-4.99801676804e-06,-0.000489237620325,-0.550595501304,0.011752296541,5.47299262144e-06,-0.00136824815537,-0.550600499321,-0.523004413933,-0.0200594697171,0.0112630589206,-0.538617399469,-0.0291807102903,0.0119830998521,-0.040443769211,8.30310629354,2.52093255276,1.2357531362,-0.522947708367,-0.0304934488998,0.0276642576295,-0.0371704157282,0.0276558804922,-0.0352051223702,-0.000549213821542,4,0
1270,2.54,2,0.78432559967,0,-0.307994216681,0,0,-0.307994216681,0,-0.307994216681,0,0.778695106965,0.0356601860239,0.784325617575,0.0172988069884,-0.00564098202683,0.0208179951399,0.34379096492,-0.638170718764,-0.307994217578,-3.17051569612e-05,-0.00254989168489,0.784390384999,0.0299184724083,-6.84124078365e-06,0.00171031019592,0.784358679842,0.778755517483,0.0250743287326,0.0273685807234,0.781579443756,0.0357803667235,-0.00277923608564,0.00841178600016,-7.11016331727,-0.307994217578,-0.291449400276,0.778684635549,0.0381168021283,-0.00564098202683,0.0208179951399,-0.0056305106108,0.0183613790355,-0.00293035356843,4,0
1275,2.55,1,-0.550231456757,0,1.5209325552,0,0,1.5209325552,0,1.5209325552,0,-0.52308,-0.00396289848546,-0.550231470587,0.0532766884611,0.027151470587,-0.0574959043094,-4.87356900731,2.8362020874,1.52093255276,-4.37075010324e-05,-0.00390996332576,-0.55011574818,0.0826135837029,1.25675260454e-06,-0.00031418815114,-0.550159455681,-0.523086973114,-0.00254399252321,0.0787036203771,-0.563585798716,-0.00565064009863,-0.0134263430349,-0.0843542604758,7.23454883429,1.52093255276,-2.03293246657,-0.52308,-0.00421921584825,0.027151470587,-0.0574959043094,0.027151470587,-0.0572395869466,-0.00443445333815,4,0
1275,2.55,2,0.784251987934,0,0.692005753517,0,0,0.692005753517,0,0.692005753517,0,0.77885,0.00495361465789,0.7842519936,-0.0129678002861,-0.00540199359988,0.018241811101,1.25115607041,-0.476312194079,0.692005782422,1.60238625673e-05,0.00166198026124,0.784194737289,-0.0301041944158,-1.57094076192e-06,0.000392735190483,0.784210761151,0.778858716376,0.00317998219578,-0.0284422141546,0.7892428053,0.00538664821207,0.00503204414909,0.0338288623667,-2.88681765423,0.692005782422,0.772989609724,0.77885,0.0052740108149,-0.00540199359988,0.018241811101,-0.00540199359988,0.017921414944,0.00185426661204,4,0
1280,2.56,1,-0.549577176571,0,1.32093250751,0,0,1.32093250751,0,1.32093250751,0,-0.523012138823,0.0268224080386,-0.549577204869,0.0739037672629,0.0265692614242,-0.0454422704568,-0.438382137802,2.73431492862,1.32093255276,-9.40760647788e-05,-0.00794000028462,-0.54936095382,0.122528808089,8.08297850075e-06,-0.00202074462517,-0.549455029885,-0.522946843134,0.0387100781949,0.114588807804,-0.526583548665,0.0266735992952,0.0228714812202,-0.0879152085092,6.98944483848,1.32093255276,2.30500170388,-0.523007943445,0.0284614968061,0.0265692614242,-0.0454422704568,0.026565066046,-0.0470813592243,-0.00906891306196,4,0
1280,2.56,2,0.784155607224,0,-0.307994216681,0,0,-0.307994216681,0,-0.307994216681,0,0.778765173444,-0.0335280185389,0.784155607724,-0.0141333068534,-0.00539567850811,-0.021443573146,-0.157607988483,-0.561033894884,-0.307994217578,7.74582889252e-05,0.00657954832736,0.783975699162,-0.0548124040539,-1.0103723129e-05,0.00252593078227,0.784053157451,0.778683553816,-0.0483876062396,-0.0482328557265,0.777391582847,-0.0335852514804,-0.00666157460326,0.0146476042461,-6.80255025355,-0.307994217578,-0.726150931161,0.778759929216,-0.0355768799993,-0.00539567850811,-0.021443573146,-0.00539043428015,-0.0193947116855,0.00750904779446,4,0
1285,2.57,1,-0.548575341702,0,2.32093262672,0,0,2.32093262672,0,2.32093262672,0,-0.5224136152,0.0967444535539,-0.548575343267,0.122851339446,0.02620106793,-0.0205791424107,1.35426926546,2.8581844522,2.32093255276,-8.03214633457e-05,-0.00649339504679,-0.548407521227,0.157382417931,1.06525339972e-05,-0.0026631334993,-0.548487842691,-0.522204224674,0.112684663426,0.150889022884,-0.511085560977,0.0972164558132,0.0374022817135,-0.0536725670711,7.9339677868,2.32093255276,4.21991097027,-0.522374275337,0.102272197035,0.02620106793,-0.0205791424107,0.0261617280667,-0.026106885892,-0.00745725260694,4,0
1285,2.57,2,0.783660054207,0,-1.30799424648,0,0,-1.30799424648,0,-1.30799424648,0,0.778017018831,-0.120930575442,0.783660060033,-0.0829794270004,-0.00569221604183,-0.0448608282483,-0.78146879398,-0.767099580417,-1.30799421758,6.0441121705e-05,0.00479124517909,0.783539884317,-0.10630126313,-1.33156674939e-05,0.00332891687346,0.783600325439,0.777755280656,-0.140855837779,-0.101510017951,0.771470173776,-0.121203360653,-0.0121301516627,-0.0196933427019,-10.5792100884,-1.30799421758,-1.55408491304,0.777967843991,-0.127840255249,-0.00569221604183,-0.0448608282483,-0.00564304120262,-0.0379511484416,0.00551653863955,4,0
1290,2.58,1,-0.546866774559,0,3.32093262672,0,0,3.32093262672,0,3.32093262672,0,-0.521047976105,0.175607797628,-0.546866767371,0.206123980321,0.0259332231149,-0.0211729393396,0.874265435622,2.90438914081,3.32093255276,-3.04885039451e-05,-0.0023317332013,-0.546810897529,0.216103540949,9.59719112814e-06,-0.00239929778202,-0.546841386033,-0.520682109306,0.190131292649,0.213771807747,-0.513752616403,0.175911770949,0.0330887696306,-0.0378600367983,8.84198650915,3.32093255276,3.78135217168,-0.520933544256,0.184951040982,0.0259332231149,-0.0211729393396,0.0258187912663,-0.0305161826933,-0.00269759524864,4,0
1290,2.58,2,0.78207886219,0,-1.47193455696,0,0,-1.47193455696,0,-1.47193455696,0,0.776309969877,-0.2195097555,0.782078865658,-0.211744333269,-0.00591193560658,-0.0194444768317,-0.707349620615,-0.764881527279,-1.47193452187,-4.35281421109e-07,-0.000291402643767,0.782095417773,-0.205082350164,-1.19964889029e-05,0.00299912222574,0.782094982492,0.775852636362,-0.237664124266,-0.205373752807,0.770428073215,-0.219754834528,-0.0116669092772,-0.0143810817206,-10.7928210722,-1.47193452187,-1.47193452187,0.776166930052,-0.231188810101,-0.00591193560658,-0.0194444768317,-0.0057688957815,-0.00776542223121,-0.000296626020821,4,0
1295,2.59,1,-0.544276893139,0,2.62845087051,0,0,2.62845087051,0,2.62845087051,0,-0.518956929563,0.237992543011,-0.544276906046,0.289713610914,0.0255412242427,-0.0400303424672,-1.49946366577,2.74888094025,2.62845080137,-7.45722176808e-06,-0.000704275960414,-0.544254348546,0.296237659853,5.56213110436e-06,-0.00139053277609,-0.544261805768,-0.518472078388,0.246597185582,0.295533383893,-0.531424200854,0.237473073373,0.0128376049142,-0.0580603105196,8.03346787132,2.62845080137,1.25021103711,-0.518735681804,0.249683268447,0.0255412242427,-0.0400303424672,0.0253199764838,-0.0517210679038,-0.000793762621631,4,0
1295,2.59,2,0.779265344143,0,-0.649574041367,0,0,-0.649574041367,0,-0.649574041367,0,0.773696161614,-0.297490687175,0.779265368947,-0.31873634286,-0.0058457670498,0.00663224852666,-0.0292361551758,-0.609021043063,-0.649574046494,-2.88276758918e-05,-0.0023006348938,0.7793231666,-0.307742099105,-6.95266387529e-06,0.00173816596883,0.779294338924,0.773090097629,-0.308246490381,-0.310042733998,0.773474965733,-0.29749990367,-0.00581937319063,0.0125428303282,-7.03746804613,-0.649574046494,-0.635610631234,0.773419601897,-0.312104094333,-0.0058457670498,0.00663224852666,-0.00556920733298,0.021245655685,-0.0026465670045,4,0
1300,2.6,1,-0.541091620922,0,1.6284507513,0,0,1.6284507513,0,1.6284507513,0,-0.516412091404,0.263353057098,-0.541091632421,0.3320571685,0.025020100659,-0.0569559656095,-4.40977251284,2.47511187995,1.62845080137,-4.69713863837e-05,-0.0041809246536,-0.54096862666,0.362995765183,1.40357252887e-06,-0.000350893132207,-0.541015598047,-0.515884196187,0.265000287755,0.35881484053,-0.553057037802,0.261826184332,-0.0120414397551,-0.0969886561982,6.92744960409,1.62845080137,-1.9299160516,-0.516071531762,0.27510120289,0.025020100659,-0.0569559656095,0.0246795410172,-0.0687041114017,-0.0047445812902,4,0
1300,2.6,2,0.775844633579,0,0.350425958633,0,0,0.350425958633,0,0.350425958633,0,0.770515113832,-0.329191329773,0.775844645475,-0.346821719388,-0.00575523121619,0.00294520705381,0.850179771785,-0.462353474731,0.350425953506,1.92607320427e-05,0.00192807446152,0.775780331854,-0.365476199383,-1.75446566364e-06,0.000438616415917,0.775799592586,0.769855244795,-0.331250368099,-0.363548124921,0.77756970435,-0.328897388501,0.00177011176424,0.0346507364199,-2.76419714572,0.350425953506,0.385667093808,0.770089414258,-0.343876512334,-0.00575523121619,0.00294520705381,-0.00532953164238,0.0176303896151,0.00215920324604,4,0
1305,2.61,1,-0.537674665451,0,1.42845082283,0,0,1.42845082283,0,1.42845082283,0,-0.513667060554,0.29467322905,-0.537674683275,0.348524351704,0.0244646619535,-0.0418844442776,-0.072486491862,2.3880449398,1.42845080137,-9.68302683668e-05,-0.00816542636211,-0.537452514583,0.398404490581,8.00510806154e-06,-0.00200127701539,-0.537549344851,-0.513066154224,0.306456995762,0.390239064218,-0.51419247423,0.294651336814,0.0233568706212,-0.0955877274047,6.64575222916,1.42845080137,2.32488583752,-0.513210021321,0.306639907426,0.0244646619535,-0.0418844442776,0.0240076227208,-0.0538511226537,-0.00932738958251,4,0
1305,2.61,2,0.772421777248,0,-0.649574041367,0,0,-0.649574041367,0,-0.649574041367,0,0.767083825185,-0.368341544685,0.772421806008,-0.346020243908,-0.00590927988813,-0.0372796490274,-0.530926653442,-0.565523330031,-0.649574046494,7.96329152835e-05,0.00675405063575,0.772237459622,-0.387589345767,-1.00063850632e-05,0.00250159626579,0.772317092538,0.766332692257,-0.383071253054,-0.380835295131,0.762602968625,-0.368528247041,-0.00971412391284,0.0123070480899,-6.63111532224,-0.649574046494,-1.10415962909,0.76651252612,-0.383299892935,-0.00590927988813,-0.0372796490274,-0.00533798082263,-0.0223213007768,0.00770964561915,4,0
1310,2.62,1,-0.533949971199,0,2.42845082283,0,0,2.42845082283,0,2.42845082283,0,-0.510394886687,0.363306102748,-0.533949983535,0.393628778768,0.0241398846815,-0.0166453844598,1.60332216159,2.52185039298,2.42845080137,-8.18611935023e-05,-0.00661487552662,-0.533779144616,0.428737758611,1.03282795613e-05,-0.0025820698903,-0.533861005809,-0.509652837798,0.378770653875,0.422122883084,-0.496993824325,0.363864480346,0.0368671814842,-0.0582584027378,7.5541559681,2.42845080137,4.13276976442,-0.509810098854,0.376983394308,0.0241398846815,-0.0166453844598,0.0235550968482,-0.0303226760201,-0.00759720984865,4,0
1310,2.62,2,0.768616497517,0,-1.64957404137,0,0,-1.64957404137,0,-1.64957404137,0,0.762993607769,-0.454132636668,0.768616522109,-0.413433717959,-0.00635389915963,-0.0577955333966,-1.11952824595,-0.779342885111,-1.64957404649,6.071296135e-05,0.00480330936907,0.768496431638,-0.436592252943,-1.29103494266e-05,0.00322758735666,0.768557144599,0.762066046642,-0.47346332554,-0.431788943574,0.753634355547,-0.454522605511,-0.0149227890523,-0.0227336619365,-10.3584641248,-1.64957404649,-1.90440299596,0.76226262295,-0.471229251355,-0.00635389915963,-0.0577955333966,-0.00562291434083,-0.0406989187094,0.00553186490527,4,0
1315,2.63,1,-0.529554843903,0,3.42845082283,0,0,3.42845082283,0,3.42845082283,0,-0.506377121011,0.439278536823,-0.529554860624,0.473375239075,0.0239078553861,-0.0188295444376,1.07554845691,2.57046706455,3.42845080137,-3.04521789441e-05,-0.00232257987608,-0.529499461882,0.483174736984,9.14501615035e-06,-0.00228625403758,-0.529529914061,-0.505484587959,0.453125287959,0.480852157108,-0.497407389604,0.439652275631,0.0321225244572,-0.0411998814768,8.42620135657,3.42845080137,3.64870352748,-0.505647005238,0.454545694638,0.0239078553861,-0.0188295444376,0.0231777396128,-0.0340967022525,-0.00268800602341,4,0
1315,2.63,2,0.76373642683,0,-1.80099368095,0,0,-1.80099368095,0,-1.80099368095,0,0.757971400592,-0.549098179062,0.763736427468,-0.541230085296,-0.00667767162175,-0.0269520412275,-1.03012674908,-0.771388388916,-1.80099363549,-2.68354816537e-06,-0.000489299928355,0.763758711002,-0.533162246024,-1.14312701607e-05,0.00285781754016,0.763756027454,0.756855734262,-0.566406617941,-0.533651545953,0.749406226964,-0.549455061296,-0.0143498004898,-0.0158035153435,-10.471439287,-1.80099363549,-1.80099363549,0.757058755846,-0.568182126523,-0.00667767162175,-0.0269520412275,-0.00576502687577,-0.0078680937658,-0.00052150250634,4,0
1320,2.64,1,-0.52433514595,0,2.50225448608,0,0,2.50225448608,0,2.50225448608,0,-0.501665991503,0.498446062868,-0.524335144346,0.5491786991,0.0235554564471,-0.0350072313329,-1.1872841824,2.42934799839,2.50225457831,-9.491932227e-06,-0.00089222161727,-0.524307080858,0.557082635692,5.24132998436e-06,-0.00131033249609,-0.52431657279,-0.500660743972,0.506554763366,0.556190414074,-0.51153450914,0.498034874633,0.01278206365,-0.0581555394416,7.35200358989,2.50225457831,1.24306994079,-0.500779687899,0.514171467767,0.0235554564471,-0.0350072313329,0.0226691528429,-0.0507326362321,-0.00100612480399,4,0
1320,2.64,2,0.757650136948,0,-0.993101418018,0,0,-0.993101418018,0,-0.993101418018,0,0.752082488628,-0.623057586433,0.757650123086,-0.644180544447,-0.00667551399376,0.00146620173775,-0.38577106978,-0.607719290696,-0.993101439778,-2.89859304596e-05,-0.00229235949427,0.757707215226,-0.633519144816,-6.55166246322e-06,0.00163791561579,0.757678229296,0.750825929198,-0.633193462029,-0.63581150431,0.748895264677,-0.623190387431,-0.00878296461843,0.0126211168791,-6.72543800899,-0.993101439778,-0.990850169816,0.750974609092,-0.64271434271,-0.00667551399376,0.00146620173775,-0.00556763445751,0.0211229580147,-0.00264019065978,4,0
1325,2.65,1,-0.518607199192,0,1.50225460529,0,0,1.50225460529,0,1.50225460529,0,-0.496525594406,0.522596180138,-0.518607199331,0.582856887359,0.023120704802,-0.0457208860591,-3.82542277577,2.19728159847,1.50225457831,-5.06042558603e-05,-0.00448505375063,-0.51847592343,0.615647312921,1.41273040011e-06,-0.000353182600028,-0.518526527686,-0.495479122889,0.524295306432,0.61116225917,-0.528306506469,0.521271975469,-0.00977997878306,-0.0898902837015,6.21586777756,1.50225457831,-1.62304887247,-0.495486494529,0.5371360013,0.023120704802,-0.0457208860591,0.0220816049246,-0.0602607072211,-0.00509230482095,4,0
1325,2.65,2,0.75100004673,0,-0.0686840862036,0,0,-0.0686840862036,0,-0.0686840862036,0,0.745656992179,-0.653245232952,0.751000024411,-0.668072225468,-0.00664190711171,-0.00334778405579,0.407839483745,-0.474210035548,-0.0686840896609,2.08646127575e-05,0.00206316250453,0.750931998376,-0.68756728778,-1.76591299905e-06,0.00044147824975,0.750952862988,0.744348902767,-0.65536914082,-0.685504125275,0.749030518245,-0.653104669366,-0.00192234474342,0.0323994559098,-2.71162765013,-0.0686840896609,-0.0686840896609,0.7443581173,-0.671420009524,-0.00664190711171,-0.00334778405579,-0.00534303223261,0.0148269925167,0.00231353785762,4,0
1330,2.66,1,-0.512722790241,0,1.41146743298,0,0,1.41146743298,0,1.41146743298,0,-0.491193156672,0.55205025293,-0.51272280428,0.593125963187,0.0227074748531,-0.0275749582667,0.129678390079,2.15505479123,1.41146743698,-9.8153786111e-05,-0.00824840960862,-0.512499218076,0.642988868855,7.35423396286e-06,-0.00183855849072,-0.512597371862,-0.490078417071,0.562885476078,0.634740459246,-0.490035960318,0.552098469445,0.0225614115446,-0.082641989801,6.01331598121,1.41146743698,2.29415943635,-0.490015329426,0.56555100492,0.0227074748531,-0.0275749582667,0.0215296476072,-0.0410757102565,-0.00942625504196,4,0
1330,2.66,2,0.744359850883,0,-1.0686841011,0,0,-1.0686841011,0,-1.0686841011,0,0.738991444934,-0.690062823845,0.744359857764,-0.668507259545,-0.00684069692015,-0.038431504375,-0.854887418223,-0.57260003581,-1.06868408966,7.8376118841e-05,0.00661435073709,0.744180347421,-0.708571853952,-9.19279242295e-06,0.00229819810574,0.74425872354,0.737598020417,-0.703606852734,-0.701957503215,0.731816881753,-0.690361763977,-0.0124418417866,0.0115957392379,-6.5241213051,-1.06868408966,-1.4350423182,0.737519160843,-0.70693876392,-0.00684069692015,-0.038431504375,-0.00536841282925,-0.0215555642999,0.00755486416319,4,0
1335,2.67,1,-0.506577789783,0,2.41146755219,0,0,2.41146755219,0,2.41146755219,0,-0.485375243403,0.614521998857,-0.506577763404,0.634017002261,0.0225149811718,-0.00600966379146,1.57789558509,2.30234870243,2.41146743698,-7.88382643021e-05,-0.00634942399112,-0.506414625222,0.667238964347,9.27476504115e-06,-0.00231869126028,-0.506493463486,-0.484132317528,0.628419011258,0.660889540356,-0.472188211986,0.615071458499,0.0343052514997,-0.0458180818564,6.89066588282,2.41146743698,3.88753977069,-0.484062782232,0.628007338469,0.0225149811718,-0.00600966379146,0.0212025200005,-0.0194950034039,-0.00729548316274,4,0
1335,2.67,2,0.737312316895,0,-2.0686841011,0,0,-2.0686841011,0,-2.0686841011,0,0.731719053272,-0.768152505972,0.737312342703,-0.738914181989,-0.00723386592935,-0.0460949985498,-1.36914855385,-0.737078820972,-2.06868408966,5.36446120543e-05,0.00419457809364,0.737209465028,-0.757988672702,-1.15934562552e-05,0.00289836406382,0.73726310964,0.730165395914,-0.785523771405,-0.753794094609,0.720289006543,-0.768628757919,-0.0169741030976,-0.0148346633098,-10.1895485586,-2.06868408966,-2.11106568826,0.730078476774,-0.785009180539,-0.00723386592935,-0.0460949985498,-0.00559328943108,-0.0292383239825,0.0048383134383,4,0
1340,2.68,1,-0.49981585145,0,3.38833355904,0,0,3.38833355904,0,3.38833355904,0,-0.478886008389,0.682223650989,-0.499815844406,0.706880109963,0.022376935843,-0.0113005393653,1.03703369559,2.34875602353,3.38833362489,-2.85909787053e-05,-0.00220081403159,-0.499763036198,0.716408111218,8.0388477221e-06,-0.00200971193052,-0.499791627177,-0.477509258198,0.694404231108,0.714207297187,-0.47023787583,0.682583989846,0.0295537513466,-0.0316233073411,7.70877659077,3.38833362489,3.38833362489,-0.477438908563,0.695579570597,0.022376935843,-0.0113005393653,0.020929836017,-0.0246564589737,-0.00254390577606,4,0
1340,2.68,2,0.729205310345,0,-1.95840382576,0,0,-1.95840382576,0,-1.95840382576,0,0.723607509432,-0.852779570782,0.729205337525,-0.85952061211,-0.00740670290908,-0.00995385819829,-1.27010979647,-0.689400236964,-1.95840384244,-9.19532904668e-06,-0.000995847041558,0.729240614329,-0.848877505962,-1.00485596067e-05,0.00251213990168,0.729231419,0.72188657168,-0.868005295861,-0.849873353004,0.713050806995,-0.853219433383,-0.0161806120046,-0.00334608037947,-9.22081702766,-1.95840384244,-1.95840384244,0.721798634616,-0.869474470309,-0.00740670290908,-0.00995385819829,-0.00559782809217,0.00674104132867,-0.00110619099012,4,0
1345,2.69,1,-0.492318302393,0,2.38833355904,0,0,2.38833355904,0,2.38833355904,0,-0.471784960352,0.73388900936,-0.492318295386,0.773057369091,0.022110327598,-0.0267049863151,-0.963803955067,2.22476225955,2.38833362489,-1.18993489048e-05,-0.00110093491785,-0.492284399936,0.782309626748,4.52449191263e-06,-0.00113112297815,-0.492296299285,-0.470309964492,0.740891298966,0.781208691831,-0.479792393791,0.733555366301,0.0125039054936,-0.04765332553,6.53420997628,2.38833362489,1.26220203159,-0.470207967788,0.746352382776,0.022110327598,-0.0267049863151,0.0205333350337,-0.0391683597308,-0.00124372710471,4,0
1345,2.69,2,0.720008909702,0,-1.21533918381,0,0,-1.21533918381,0,-1.21533918381,0,0.714731199317,-0.91736126844,0.720008919955,-0.950652849343,-0.00724896137788,0.017712364147,-0.702361789927,-0.515799857355,-1.21533916073,-3.09907938091e-05,-0.00245059702549,0.720070082896,-0.939140126785,-5.65561486243e-06,0.00141390371561,0.720039092103,0.712887454479,-0.926114130403,-0.941590723811,0.708911808232,-0.917603743068,-0.0111272838704,0.0239869807425,-5.71873026577,-1.21533916073,-1.21533916073,0.712759958578,-0.932940485196,-0.00724896137788,0.017712364147,-0.00527772063794,0.0332915809027,-0.0028224865512,4,0
1350,2.7,1,-0.484405606985,0,1.38833367825,0,0,1.38833367825,0,1.38833367825,0,-0.464311248882,0.754871895419,-0.484405605989,0.797748406643,0.0217872840947,-0.0323278373427,-3.15134644141,2.04131543316,1.38833362489,-5.2794838226e-05,-0.0046636859605,-0.484269628878,0.831540690781,1.28228035057e-06,-0.000320570087647,-0.484322423716,-0.462800288995,0.756441653489,0.82687700482,-0.490482888818,0.753781410421,-0.00616046510191,-0.0730955943992,5.37335197647,1.38833362489,-1.10473378423,-0.462618321895,0.7654205693,0.0217872840947,-0.0323278373427,0.0200943571078,-0.0428765112241,-0.00529722401921,4,0
1350,2.7,2,0.710346162319,0,-0.44572815299,0,0,-0.44572815299,0,-0.44572815299,0,0.705389059913,-0.94358987589,0.71034616028,-0.965955249473,-0.00707325913522,0.00917953126712,-0.0480651808417,-0.395566732545,-0.445728146277,1.86189721828e-05,0.00187280522372,0.710283361403,-0.984259425714,-1.60285043349e-06,0.000400712608383,0.710301980376,0.703500360041,-0.945552073473,-0.982386620491,0.704971772589,-0.943607262862,-0.00533020778685,0.0387793576291,-2.30388518561,-0.445728146277,-0.445728146277,0.703272901145,-0.956775718206,-0.00707325913522,0.00917953126712,-0.00495710036727,0.0223653735829,0.00209623288992,4,0
1355,2.71,1,-0.476403594017,0,1.53803312778,0,0,1.53803312778,0,1.53803312778,0,-0.456669905821,0.780146011624,-0.476403598593,0.804000364143,0.0215223230369,-0.0150739113193,0.157361523483,2.03908376401,1.5380331405,-9.52411780626e-05,-0.00794970327673,-0.476189709205,0.851040031591,6.16402287801e-06,-0.00154100571951,-0.476284950383,-0.455100677951,0.78923695238,0.843090328314,-0.455285192164,0.780203708027,0.0209997582195,-0.062886620287,5.38441173621,1.5380331405,2.20553788491,-0.454881275556,0.788926452824,0.0215223230369,-0.0150739113193,0.019733692772,-0.0238543525188,-0.00909259741349,4,0
1355,2.71,2,0.700720310211,0,-1.44572818279,0,0,-1.44572818279,0,-1.44572818279,0,0.695837381021,-0.975182520986,0.700720329758,-0.968463064358,-0.00711873660094,-0.0176950080705,-1.1078639764,-0.467447158334,-1.44572814628,7.01234173915e-05,0.00585544696105,0.700563389129,-1.00265569289,-7.70502855185e-06,0.00192625713797,0.700633512547,0.693875846171,-0.986546196863,-0.996800245925,0.686565470552,-0.975568850589,-0.0140680419949,0.0212313953362,-6.06956863901,-1.44572814628,-1.58200806271,0.693601593157,-0.986158072428,-0.00711873660094,-0.0176950080705,-0.00488294873609,-0.00671945662847,0.00669692796975,4,0
1360,2.72,1,-0.468153804541,0,2.53803324699,0,0,2.53803324699,0,2.53803324699,0,-0.448620760126,0.831914088524,-0.468153810957,0.843643269644,0.0214036868903,-0.00407199773948,1.28100781314,2.16286213419,2.5380331405,-6.82124014851e-05,-0.00546109611931,-0.468014076563,0.871879449937,7.55058735846e-06,-0.00188764683962,-0.468082288964,-0.446945608604,0.843238701438,0.866418353818,-0.437911956315,0.832360288683,0.0301703326495,-0.0340580651348,6.23157632247,2.5380331405,3.45014959226,-0.446750124067,0.839571271905,0.0214036868903,-0.00407199773948,0.0195330508316,-0.0117291811199,-0.00627964493713,4,0
1360,2.72,2,0.690651535988,0,-2.05819535255,0,0,-2.05819535255,0,-2.05819535255,0,0.685775948839,-1.0398926167,0.690651514145,-1.04037847173,-0.00721386041175,-0.00908562411612,-1.51313278457,-0.541988031735,-2.05819530963,3.52234880814e-05,0.00265181145993,0.690589744567,-1.050523283,-9.43823413335e-06,0.00235955853335,0.690624968055,0.683682009425,-1.05404838275,-1.04787147154,0.673162786042,-1.04041816515,-0.017462182013,0.00745330638695,-8.13294459263,-2.05819530963,-2.05819530963,0.683437653733,-1.04946409585,-0.00721386041175,-0.00908562411612,-0.00487556530524,0.000485855027001,0.00307449331691,4,0
1365,2.73,1,-0.459341794252,0,2.9582259655,0,0,2.9582259655,0,2.9582259655,0,-0.440023204481,0.88643455404,-0.459341806283,0.908114802448,0.0212601335945,-0.015207178474,0.764070825322,2.17133592624,2.95822602726,-2.54210785449e-05,-0.00196411640929,-0.459293446942,0.917227410141,6.34351633189e-06,-0.00158587908297,-0.459318868021,-0.438240605706,0.896057024766,0.915263293732,-0.433648105739,0.886700183155,0.0256707622817,-0.0285631105774,6.46762445901,2.95822602726,2.93767592091,-0.438081672689,0.892907623974,0.0212601335945,-0.015207178474,0.0193186018021,-0.0216802484073,-0.00226916935182,4,0
1365,2.73,2,0.679653584957,0,-1.87460184097,0,0,-1.87460184097,0,-1.87460184097,0,0.675029004226,-1.10804319811,0.679653594698,-1.13943228245,-0.00705150524451,0.0232977470321,-1.41109443673,-0.465571809761,-1.87460179674,-1.95472391333e-05,-0.00182988287381,0.679709112665,-1.12495242207,-7.9293953531e-06,0.00198234883828,0.679689565425,0.672800755746,-1.12007128642,-1.12678230494,0.66330743761,-1.10853159672,-0.0163821278155,0.0182507082235,-6.8854560413,-1.87460179674,-1.87460179674,0.672602089453,-1.11613453542,-0.00705150524451,0.0232977470321,-0.00462459047181,0.0313890843427,-0.00206444974341,4,0
1370,2.74,1,-0.449952721596,0,1.95822608471,0,0,1.95822608471,0,1.95822608471,0,-0.430940148879,0.926760440685,-0.449952713598,0.954506143689,0.0210112585184,-0.022868911005,-0.837861642433,2.07360874469,1.95822602726,-2.19994864252e-05,-0.00196946412874,-0.449894405026,0.96943829106,3.45614985864e-06,-0.000864037464662,-0.449916404512,-0.429081104305,0.932114399559,0.967468826931,-0.437891648507,0.926470794868,0.0120247560045,-0.0409980320639,5.27721396819,1.95822602726,1.23798056022,-0.428941455079,0.931637232684,0.0210112585184,-0.022868911005,0.0190125647185,-0.0277457030033,-0.00223345796584,4,0
1370,2.74,2,0.667832970619,0,-1.26632273197,0,0,-1.26632273197,0,-1.26632273197,0,0.66367518467,-1.15845055601,0.667832952977,-1.20252130497,-0.00665613558781,0.0379747590885,-0.958627442425,-0.309912688734,-1.26632268979,-2.50091785764e-05,-0.00191733122644,0.667878454725,-1.19482894806,-4.32018728569e-06,0.00108004682143,0.667853445546,0.661351378942,-1.16514300454,-1.19674627928,0.655718914297,-1.15878206727,-0.0121345312486,0.0379642120086,-3.95915837001,-1.26632268979,-1.26632268979,0.661176817389,-1.16454654588,-0.00665613558781,0.0379747590885,-0.00415776830687,0.0440707489619,-0.00221744136936,4,0
1375,2.75,1,-0.440324813128,0,0.958226025105,0,0,0.958226025105,0,0.958226025105,0,-0.421569640043,0.942824973302,-0.44032482022,0.963322062345,0.0207925781924,-0.0177111144339,-2.42326689803,1.97395612296,0.958226027261,-6.30286389564e-05,-0.00548771414585,-0.440167710456,1.0013878401,1.02244424843e-06,-0.000255611062104,-0.440230739095,-0.419682982738,0.944095486047,0.995900125959,-0.441676589147,0.941987183756,-0.00144585005209,-0.0539129422029,4.10573777439,0.958226027261,-0.443066717265,-0.419532242028,0.945610947911,0.0207925781924,-0.0177111144339,0.0187551801767,-0.0204970890429,-0.00624405781333,4,0
1375,2.75,2,0.65575581789,0,-0.727980852127,0,0,-0.727980852127,0,-0.727980852127,0,0.651962048575,-1.17853122161,0.655755805058,-1.20269985767,-0.00634050403274,0.0206861679337,-0.48879123135,-0.236478180693,-0.727980868573,2.53993870732e-05,0.00240666388475,0.655679799564,-1.2234778584,-1.2780553027e-06,0.000319513825665,0.655705198951,0.649603726932,-1.18011936253,-1.22107119451,0.647873291379,-1.17870158649,-0.00783190757213,0.0423696080166,-1.48868785256,-0.727980868573,-0.727980868573,0.649415301025,-1.18201368974,-0.00634050403274,0.0206861679337,-0.00379375648347,0.0241686360597,0.00271145652963,4,0
1380,2.76,1,-0.430733829737,0,1.37077069283,0,0,1.37077069283,0,1.37077069283,0,-0.412070522581,0.961875256175,-0.430733820462,0.95963088357,0.0207183589324,0.00309986665803,0.0136492924346,2.04171578508,1.37077070875,-9.74899045435e-05,-0.00808147909116,-0.430517582487,1.00668277371,4.50927392892e-06,-0.00112731848223,-0.430615072392,-0.410140214876,0.968535807814,0.998601294623,-0.411880014571,0.961883194009,0.0187350578211,-0.0367181006148,4.36594619692,1.37077070875,2.06461643546,-0.41001546153,0.962730750228,0.0207183589324,0.00309986665803,0.0186632978812,0.00224437260473,-0.00925135794568,4,0
1380,2.76,2,0.643796265125,0,-1.59642541409,0,0,-1.59642541409,0,-1.59642541409,0,0.640088151697,-1.20234407499,0.643796275101,-1.20008038049,-0.00627694974631,-0.00333306192039,-1.27324106861,-0.316790419005,-1.59642539756,6.76863867759e-05,0.00558167329933,0.643648260936,-1.2316347595,-5.63659235342e-06,0.00140914808835,0.643715947323,0.637675267057,-1.21066976445,-1.2260530862,0.629443008028,-1.20278762264,-0.0142729392948,0.0232654635623,-4.72174411643,-1.59642539756,-1.59642539756,0.637519325355,-1.20341344241,-0.00627694974631,-0.00333306192039,-0.00370812340396,-0.00226369449888,0.00639390994064,4,0
1385,2.77,1,-0.420991361141,0,2.37077069283,0,0,2.37077069283,0,2.37077069283,0,-0.402272375142,0.999071580345,-0.420991355235,0.987960629776,0.0207747393373,0.0104212248237,0.73625109492,2.17415574662,2.37077070875,-6.89924652768e-05,-0.00555840210946,-0.420848250626,1.01727566392,5.26519110156e-06,-0.00131629777539,-0.420917243091,-0.400266308668,1.00698213031,1.01171726182,-0.396094455641,0.999328993658,0.0248227874502,-0.0123882681575,5.19864053924,2.37077070875,2.91679315323,-0.400216615898,0.998381854599,0.0207747393373,0.0104212248237,0.0187189800935,0.0111109505698,-0.00638631169278,4,0
1385,2.77,2,0.631506919861,0,-1.92749762535,0,0,-1.92749762535,0,-1.92749762535,0,0.627840467353,-1.2488394797,0.631506904733,-1.25346173086,-0.00623613646201,0.00548440850276,-1.54167205922,-0.383173169114,-1.92749759989,3.0415902976e-05,0.0022873807232,0.631454194373,-1.26195165676,-6.58148879806e-06,0.0016453721995,0.631484610276,0.625332884252,-1.25872766703,-1.25966427604,0.614993401031,-1.24937477413,-0.0164912092454,0.010289501911,-5.68724025232,-1.92749759989,-1.92749759989,0.625270768271,-1.24797732236,-0.00623613646201,0.00548440850276,-0.00366643738049,0.00462225116222,0.00265237155891,4,0
1390,2.78,1,-0.410820454359,0,2.47030234337,0,0,2.47030234337,0,2.47030234337,0,-0.392089575382,1.03634318039,-0.410820446937,1.03704127621,0.0207721894457,-0.00291026875705,0.279602091434,2.18790366316,2.47030240312,-3.05844773086e-05,-0.00242963480386,-0.410757775445,1.04996291153,4.16897486011e-06,-0.00104224371502,-0.410788359922,-0.390010466116,1.04268136391,1.04753327673,-0.389740331098,1.03644106557,0.0210480288244,-0.0110922111607,5.10581982178,2.47030240312,2.47030240312,-0.390048257491,1.03413100745,0.0207721894457,-0.00291026875705,0.018730871555,-0.000698095816284,-0.00279664853156,4,0
1390,2.78,2,0.618532121181,0,-1.75919449329,0,0,-1.75919449329,0,-1.75919449329,0,0.615111967613,-1.29542897916,0.618532095633,-1.32597740445,-0.00597177540842,0.0333136416336,-1.44365050712,-0.317575983134,-1.75919453943,-1.96603538074e-05,-0.00179602657199,0.618584497551,-1.31298662597,-5.2112185015e-06,0.00130280462537,0.618564837197,0.612513081024,-1.30335170845,-1.31478265255,0.603119300247,-1.29592867364,-0.0154455369499,0.0188539789112,-4.55736546186,-1.75919453943,-1.75919453943,0.612560320225,-1.29266376282,-0.00597177540842,0.0333136416336,-0.00342012801991,0.0305484252886,-0.00203195081768,4,0
1395,2.79,1,-0.400254577398,0,1.47510528564,0,0,1.47510528564,0,1.47510528564,0,-0.38158418256,1.06223629856,-0.400254578685,1.0651567711,0.0206815021501,-0.00677288216026,-0.81104716347,2.13482944332,1.47510522801,-3.24124002902e-05,-0.0028290166646,-0.400173385025,1.08501818332,2.10870170392e-06,-0.000527175425973,-0.400205797425,-0.379456322762,1.06551142539,1.08218916665,-0.388304425455,1.06195628843,0.0119013719701,-0.0202328782203,3.9175622859,1.47510522801,1.32700024531,-0.379573076535,1.05838388894,0.0206815021501,-0.00677288216026,0.0186703961247,-0.00292047254469,-0.00321796546809,4,0
1395,2.79,2,0.604999482632,0,-1.33027505875,0,0,-1.33027505875,0,-1.33027505875,0,0.601980226552,-1.32779537638,0.604999508344,-1.36495810027,-0.00553316434633,0.0419782360781,-1.13799257972,-0.193857040731,-1.3302750548,-1.81946518021e-05,-0.00135622982839,0.605030124282,-1.36042861227,-2.63587708582e-06,0.00065896927145,0.60501192963,0.599320401798,-1.33188928486,-1.3617848421,0.592526489174,-1.32818928211,-0.0124854404563,0.0335955599911,-2.405990316,-1.3302750548,-1.3302750548,0.599466343997,-1.32297986419,-0.00553316434633,0.0419782360781,-0.00301928179111,0.0371627238833,-0.00157456565001,4,0
1400,2.8,1,-0.389606356621,0,0.47510522604,0,0,0.47510522604,0,0.47510522604,0,-0.370899426746,1.0719810019,-0.389606357371,1.0603886255,0.0206708455854,0.00599648745354,-1.68122038739,2.12362389745,0.475105228009,-6.81504177971e-05,-0.00587085816149,-0.389440625441,1.09975145927,6.5495004048e-07,-0.000163737510125,-0.389508775859,-0.368754790662,1.07280925463,1.09388060111,-0.384829673325,1.07140057496,0.00467910253328,-0.022480026153,2.74520354935,0.475105228009,0.449092173229,-0.368935511785,1.06638511295,0.0206708455854,0.00599648745354,0.0187069306244,0.0115923763997,-0.00668866317506,4,0
1400,2.8,2,0.591366231441,0,-1.04248416424,0,0,-1.04248416424,0,-1.04248416424,0,0.588624281754,-1.33997625536,0.591366222283,-1.35634839299,-0.00519683425136,0.0233669989889,-0.885918136939,-0.153787888974,-1.04248418341,2.66122187076e-05,0.00245881087351,0.591290745761,-1.37631131784,-8.18687540094e-07,0.000204671885025,0.591317357979,0.585943486643,-1.34101157126,-1.37385250697,0.581231314314,-1.34028429567,-0.0100860436658,0.0335682112982,-0.955376894006,-1.04248418341,-1.04248418341,0.586169388031,-1.332981394,-0.00519683425136,0.0233669989889,-0.0027419405285,0.0163721376304,0.002778157498,4,0
1405,2.81,1,-0.379071354866,0,1.47510528564,0,0,1.47510528564,0,1.47510528564,0,-0.360136830087,1.08319916737,-0.379071342565,1.05363996334,0.0208343711187,0.0224031705795,-0.286396843952,2.23342740703,1.47510522801,-8.96926583728e-05,-0.00737852040524,-0.378875326683,1.09576874846,2.50110277239e-06,-0.000625275693094,-0.378965019341,-0.357966768677,1.08690653244,1.08839022806,-0.362448999335,1.08310282698,0.0165160200062,-0.00528740107338,3.58181943112,1.47510522801,1.95548539538,-0.358236971446,1.07604313392,0.0208343711187,0.0224031705795,0.0189345124775,0.0295592040303,-0.00845483230571,4,0
1405,2.81,2,0.57786989212,0,-1.57545399666,0,0,-1.57545399666,0,-1.57545399666,0,0.575171035902,-1.35399896195,0.577869893012,-1.3526375865,-0.00507368043138,0.00758366654073,-1.33993428897,-0.230582486623,-1.57545403125,5.31492732695e-05,0.00429946437696,0.577758153678,-1.37554833818,-3.12637839961e-06,0.000781594599913,0.577811302951,0.572458459133,-1.35863316819,-1.37124887381,0.563983196363,-1.35446512193,-0.0138281065886,0.0167837518762,-2.84755752175,-1.57545403125,-1.57545403125,0.572796212581,-1.34505391996,-0.00507368043138,0.00758366654073,-0.00269885711002,-0.00136137544808,0.00493725565619,4,0
1410,2.82,1,-0.368410736322,0,2.3121650219,0,0,2.3121650219,0,2.3121650219,0,-0.349207723233,1.10293133643,-0.368410736215,1.07786187492,0.0210246070339,0.0165985586534,-0.0154078397365,2.32212134373,2.31216498138,-5.90120392924e-05,-0.00474333291945,-0.368289108703,1.10261994082,2.57166070361e-06,-0.000642915175899,-0.368348120742,-0.346997951133,1.10681479563,1.0978766079,-0.349290549125,1.10292788535,0.0190575716177,0.00505127745138,4.23992322779,2.31216498138,2.31216498138,-0.347386129181,1.09446043358,0.0210246070339,0.0165985586534,0.0192030129813,0.0250694615065,-0.00545147739095,4,0
1410,2.82,2,0.564135670662,0,-1.71130442619,0,0,-1.71130442619,0,-1.71130442619,0,0.56150965231,-1.3786641727,0.564135667862,-1.39097686034,-0.00490300813605,0.0229013163778,-1.45244735926,-0.257906717722,-1.71130441721,1.238271985e-05,0.000801747592359,0.564122545019,-1.39089118704,-3.21457579155e-06,0.000803643947886,0.564134927738,0.55874743718,-1.38351849657,-1.39008943945,0.549418995537,-1.37916795007,-0.014715932201,0.0109214893821,-3.06296132945,-1.71130441721,-1.71130441721,0.559232659726,-1.36807554396,-0.00490300813605,0.0229013163778,-0.00262601555209,0.0123126876346,0.000950340230559,4,0
1415,2.83,1,-0.357439130545,0,1.9324439764,0,0,1.9324439764,0,1.9324439764,0,-0.338087592707,1.12004639469,-0.357439145279,1.10830171712,0.0210823661789,0.00207441934735,-0.378982756758,2.30828121851,1.9324440096,-3.31904029937e-05,-0.00274726301693,-0.357365530726,1.12460449614,1.66288357573e-06,-0.000415720893937,-0.357398721129,-0.33584489308,1.12259697641,1.12185723312,-0.341214141412,1.11991612183,0.0161845797171,-0.00194111129119,3.66744771987,1.9324440096,1.9324440096,-0.3363567791,1.11037613646,0.0210823661789,0.00207441934735,0.0193515525719,0.0117446775797,-0.00314554785285,4,0
1415,2.83,2,0.549963116646,0,-1.53651118279,0,0,-1.53651118279,0,-1.53651118279,0,0.547609489134,-1.40005799488,0.549963132524,-1.43211691465,-0.00451716041505,0.0441467427403,-1.36523554619,-0.173390160067,-1.53651117511,-2.18995580115e-05,-0.00185173645099,0.550013969679,-1.42071017012,-2.07860438906e-06,0.000519651097262,0.549992070121,0.544806114596,-1.4032462219,-1.42256190657,0.536269834242,-1.4005304805,-0.0137222358788,0.0220314260692,-1.97307557247,-1.53651117511,-1.53651117511,0.545445972109,-1.38797017191,-0.00451716041505,0.0441467427403,-0.00235364338999,0.0320589197734,-0.00211453114713,4,0
1420,2.84,1,-0.346261829138,0,1.39425730705,0,0,1.39425730705,0,1.39425730705,0,-0.326833326943,1.12940315923,-0.346261831586,1.12148798742,0.0210570026434,-0.00285959442652,-0.879139377109,2.26947699502,1.39425735118,-4.02475500337e-05,-0.00343676266247,-0.346166015599,1.14389499183,5.77367038512e-07,-0.000144341759632,-0.346206263149,-0.32457356201,1.13031549163,1.14045822917,-0.334114183598,1.1290997902,0.0120920795501,-0.0113584389675,2.93851452299,1.39425735118,1.39425735118,-0.325204828942,1.11862839299,0.0210570026434,-0.00285959442652,0.019428504643,0.00791517181136,-0.00391973326287,4,0
1420,2.84,2,0.535527825356,0,-1.3025983572,0,0,-1.3025983572,0,-1.3025983572,0,0.533541656916,-1.41175395002,0.535527850538,-1.44741867391,-0.00402181613711,0.0491331818658,-1.22833876656,-0.0754359665813,-1.30259829941,-1.34293853414e-05,-0.00101528110839,0.535551479953,-1.44356492325,-7.21708750429e-07,0.000180427187611,0.535538050568,0.530716950748,-1.41289436544,-1.44458020436,0.523333027457,-1.41217930958,-0.0122050231109,0.032400894779,-0.68258093411,-1.30259829941,-1.30259829941,0.5315060344,-1.39828549205,-0.00402181613711,0.0491331818658,-0.001986193622,0.0356647238957,-0.00117643373249,4,0
1425,2.85,1,-0.335046291351,0,1.29891502857,0,0,1.29891502857,0,1.29891502857,0,-0.315523086814,1.13189516577,-0.335046303718,1.12068463111,0.0210389939079,-0.000530251651669,-0.968241137152,2.26155604094,1.29891502494,-5.80921742526e-05,-0.00490301505998,-0.334911940451,1.15121367211,2.11369976022e-07,-5.28424940027e-05,-0.334970032625,-0.313259047118,1.13217837535,1.14631065705,-0.32353119232,1.13156149471,0.0114388403053,-0.0147491623395,2.66184642988,1.29891502494,1.29891502494,-0.31400730981,1.12015437945,0.0210389939079,-0.000530251651669,0.019523216904,0.0112105346653,-0.00560012115101,4,0
1425,2.85,2,0.521076202393,0,-1.24823629856,0,0,-1.24823629856,0,-1.24823629856,0,0.519403856747,-1.41486895798,0.521076185247,-1.44233373282,-0.00356704976788,0.0421407579078,-1.21289204567,-0.0344243633015,-1.24823632877,8.85107782355e-06,0.000813706864287,0.521051812654,-1.44856115983,-2.64212458134e-07,6.60531145364e-05,0.521060663732,0.516573807125,-1.41522296994,-1.44774745297,0.509306287536,-1.41528969003,-0.0117543761956,0.0324577629414,-0.184529264347,-1.24823632877,-1.24823632877,0.517509135479,-1.40019297492,-0.00356704976788,0.0421407579078,-0.0016723285001,0.0274647748464,0.000919919798169,4,0
1430,2.86,1,-0.323821544647,0,1.56330502033,0,0,1.56330502033,0,1.56330502033,0,-0.304193631805,1.13424314161,-0.32382154909,1.12499012249,0.0210223108236,-0.00324635239023,-0.717979789133,2.27569116089,1.56330500419,-5.92136328356e-05,-0.00488306884053,-0.323691195914,1.15335064406,2.79171490758e-07,-6.9792872696e-05,-0.323750409547,-0.301924690387,1.13468008757,1.14846757522,-0.310119894461,1.133996214,0.013630515086,-0.0144713612252,2.74671126518,1.56330500419,1.56330500419,-0.302799238267,1.1217437701,0.0210223108236,-0.00324635239023,0.0196279172848,0.00925301911916,-0.00559363243455,4,0
1430,2.86,2,0.506655752659,0,-1.33274567127,0,0,-1.33274567127,0,-1.33274567127,0,0.505242037979,-1.4178039275,0.50665577655,-1.44358103582,-0.0031567305063,0.0414013228656,-1.30286326172,-0.0290766683671,-1.33274561396,9.20390315976e-06,0.000695237041535,0.506639115021,-1.44643457354,-3.48964294128e-07,8.72410735211e-05,0.506648318924,0.502405861206,-1.41835010985,-1.4457393365,0.494396958362,-1.41825580582,-0.0122513605615,0.0274835306829,-0.263322073049,-1.33274561396,-1.33274561396,0.503499046044,-1.40217971296,-0.0031567305063,0.0414013228656,-0.0014137385714,0.0257771083218,0.000805683879452,4,0
1435,2.87,1,-0.312534660101,0,1.35412871838,0,0,1.35412871838,0,1.35412871838,0,-0.292844649738,1.13482736316,-0.312534646602,1.13032654064,0.0209564489088,-0.00855650226936,-0.919479514862,2.268633676,1.35412869066,-5.22187402081e-05,-0.00434790463365,-0.312417265728,1.15644456613,-3.44037410727e-07,8.60093526842e-05,-0.312469484469,-0.29057543625,1.13434871584,1.15209666149,-0.300452316861,1.13451037703,0.012017167608,-0.0175862844612,2.35768311213,1.35412869066,1.35412869066,-0.291578197693,1.12177003837,0.0209564489088,-0.00855650226936,0.019689996864,0.00450082252162,-0.00497452951615,4,0
1435,2.87,2,0.492198973894,0,-1.25268030167,0,0,-1.25268030167,0,-1.25268030167,0,0.491055810393,-1.41853420385,0.492198983799,-1.44590655873,-0.00272623847163,0.0436940110202,-1.25060426535,-0.00215024250703,-1.25268025139,-7.04642359311e-07,-6.58007586474e-05,0.492200865817,-1.44550277336,4.30046854683e-07,-0.000107511713677,0.492200161175,0.488219293533,-1.41793589456,-1.44556857411,0.480652787789,-1.41896766312,-0.0115473733863,0.0266009109929,0.323950899907,-1.25268025139,-1.25268025139,0.489472745327,-1.40221254771,-0.00272623847163,0.0436940110202,-0.00114317340575,0.0273723548817,-7.42564669592e-05,4,0
1440,2.88,1,-0.301242947578,0,1.09558951855,0,0,1.09558951855,0,1.09558951855,0,-0.281514760901,1.13027360857,-0.30124294023,1.12723308793,0.0208620696626,-0.0103808387843,-1.16328183995,2.2535201304,1.09558954364,-5.57814722546e-05,-0.00468187552442,-0.301115378363,1.15600503245,-9.99906004995e-07,0.000249976501252,-0.301171159835,-0.279255666288,1.12879737684,1.15132315693,-0.291147459023,1.12987224615,0.0100237008125,-0.0214509107729,1.92337365499,1.09558954364,1.09558954364,-0.280380870568,1.11685224914,0.0208620696626,-0.0103808387843,0.0197281793299,0.00304052064805,-0.00535125319148,4,0
1440,2.88,2,0.477786570787,0,-1.15591263771,0,0,-1.15591263771,0,-1.15591263771,0,0.47689344935,-1.41284200994,0.477786571238,-1.43653283904,-0.00231048481227,0.0404675285344,-1.18029130979,0.0247559163098,-1.15591261423,3.5160228219e-06,0.000335028477735,0.477776086399,-1.43939589538,1.24988258837e-06,-0.000312470647091,0.477779602421,0.474069581086,-1.41099672015,-1.43906086691,0.467071596757,-1.4132512538,-0.0107080056648,0.0258096131105,0.95224198819,-1.15591261423,-1.15591261423,0.475476086426,-1.39606531051,-0.00231048481227,0.0404675285344,-0.000893121888058,0.0236908291026,0.000377220751597,4,0
1445,2.89,1,-0.290015429258,0,1.22066259384,0,0,1.22066259384,0,1.22066259384,0,-0.270251613203,1.12215484173,-0.290015423775,1.120067554,0.0207625545251,-0.0114821929181,-1.03303341348,2.24790812352,1.22066256808,-6.07395905219e-05,-0.00505898295951,-0.28987926176,1.15015351554,-1.02678379738e-06,0.000256695949341,-0.289940001351,-0.268008890297,1.12059136508,1.14509453258,-0.278797156818,1.12179877742,0.0111428445326,-0.0232957551656,1.8769698415,1.22066256808,1.22066256808,-0.26925286925,1.10858536108,0.0207625545251,-0.0114821929181,0.0197638105727,0.00208728773386,-0.00578785804577,4,0
1445,2.89,2,0.463512897491,0,-1.19343006611,0,0,-1.19343006611,0,-1.19343006611,0,0.462814514739,-1.40269355085,0.463512884671,-1.42168825232,-0.00194679987933,0.0359565524193,-1.22288360359,0.0303627598267,-1.19343004442,9.595824487e-06,0.000794050768714,0.463492095585,-1.42605239369,1.28347979439e-06,-0.000320869948597,0.46350169141,0.460011111109,-1.40073920497,-1.42525834292,0.452633916021,-1.40311774246,-0.0108677753892,0.0221406004553,1.01194073861,-1.19343004442,-1.19343004442,0.461566084791,-1.38573169991,-0.00194679987933,0.0359565524193,-0.000698369931779,0.0189947014735,0.000909200662558,4,0
1450,2.9,1,-0.278800725937,0,1.90950667858,0,0,1.90950667858,0,1.90950667858,0,-0.259062292971,1.11701361332,-0.278800732183,1.12563668671,0.0206017551387,-0.0220964600534,-0.327727893864,2.23260399911,1.90950667202,-4.98212339779e-05,-0.00403271196523,-0.278696779425,1.14694890996,-2.69424056343e-07,6.73560140811e-05,-0.278746600659,-0.256828490277,1.11669927921,1.142916198,-0.261750104358,1.11690162118,0.0169964963009,-0.0260145768168,2.3878238978,1.90950667202,1.90950667202,-0.258198977045,1.10354022666,0.0206017551387,-0.0220964600534,0.019738439212,-0.0086230733869,-0.00463056677297,4,0
1450,2.9,2,0.449308842421,0,-1.40291452408,0,0,-1.40291452408,0,-1.40291452408,0,0.448827864464,-1.39626701512,0.449308854356,-1.42381311916,-0.00156013480579,0.044387837489,-1.44704684214,0.0434645294983,-1.40291451241,-5.327830813e-06,-0.000603866264241,0.449331773257,-1.41632199785,3.36780082766e-07,-8.41950206873e-05,0.449326445426,0.446035611099,-1.39587409746,-1.41692586412,0.436795595138,-1.39676835967,-0.0125308502885,0.0201575044416,0.40412511815,-1.40291451241,-1.40291451241,0.44774871955,-1.37942528167,-0.00156013480579,0.044387837489,-0.000480989891726,0.0275461040372,-0.000667800233997,4,0
1455,2.91,1,-0.267489612103,0,0.91426384449,0,0,0.91426384449,0,0.91426384449,0,-0.247915635185,1.11011561359,-0.267489607689,1.13048047317,0.0203039890373,-0.0335193534582,-1.24844390734,2.15934647431,0.91426382758,-3.4510560137e-05,-0.00294713389094,-0.267407521355,1.14982697415,-1.99848715077e-06,0.000499621787692,-0.267442031915,-0.245698241964,1.10719774516,1.14687984026,-0.258273341778,1.10968404248,0.00916869013753,-0.0371957977849,1.21503968281,0.91426382758,0.91426382758,-0.247185618652,1.09696111971,0.0203039890373,-0.0335193534582,0.0195739725043,-0.0203648595865,-0.00336126061258,4,0
1455,2.91,2,0.435035467148,0,-1.04096341133,0,0,-1.04096341133,0,-1.04096341133,0,0.434894542247,-1.38764451518,0.43503545458,-1.42376277266,-0.00105343300378,0.0525613749313,-1.16359474423,0.120267394667,-1.0409634399,-2.57979226473e-05,-0.00205433459597,0.435087568959,-1.41365715047,2.49810900693e-06,-0.000624527251728,0.435061771037,0.432122800724,-1.38399717955,-1.41571148507,0.425234389724,-1.38804702153,-0.00982738131305,0.0276644635331,2.11073923161,-1.0409634399,-1.0409634399,0.433982021576,-1.37120139773,-0.00105343300378,0.0525613749313,-0.000140912332873,0.0361182574854,-0.00236390966774,4,0
1460,2.92,1,-0.256309777498,0,0.196318686008,0,0,0.196318686008,0,0.196318686008,0,-0.23690036113,1.0912217083,-0.256309779018,1.10657653319,0.0200103399997,-0.0279818271224,-1.91171023063,2.10227921044,0.196318688029,-5.88734591701e-05,-0.00504322670283,-0.25616870261,1.13966225147,-3.27659347693e-06,0.000819148369229,-0.25622757607,-0.234722740058,1.08635309086,1.13461902477,-0.252755838613,1.0905610634,0.00347173745696,-0.0440579613611,0.335533776791,0.196318688029,0.196318688029,-0.236299439018,1.07859470607,0.0200103399997,-0.0279818271224,0.0194094178879,-0.0153548248934,-0.00574970821287,4,0
1460,2.92,2,0.421009272337,0,-0.794318258762,0,0,-0.794318258762,0,-0.794318258762,0,0.421125449699,-1.36402713299,0.421009266757,-1.38443219957,-0.000634969701313,0.0361888194623,-0.948788923415,0.155279698662,-0.794318278963,6.58267212764e-06,0.00073006214445,0.420983055336,-1.39255365428,4.09574193422e-06,-0.00102393548356,0.420989638008,0.418403423364,-1.35794136106,-1.39182359214,0.413225847806,-1.36435628307,-0.00776379020263,0.0274673090705,3.26207068251,-0.794318278963,-0.794318278963,0.420374297056,-1.34824338011,-0.000634969701313,0.0361888194623,0.000116182942011,0.0204050665818,0.000809054209982,4,0
1465,2.93,1,-0.245465710759,0,0.100676290691,0,0,0.100676290691,0,0.100676290691,0,-0.226115969271,1.06501579529,-0.245465704693,1.0692740216,0.0198280006008,-0.0161215940822,-2.0170118035,2.10975397849,0.100676294314,-8.26390245335e-05,-0.0069424510277,-0.245276544673,1.11184459685,-3.6302059471e-06,0.000907551486776,-0.245359183697,-0.223991405014,1.05955947406,1.10490214582,-0.242829267164,1.06431940787,0.00252991653386,-0.0405827379498,0.0978713387677,0.100676294314,0.100676294314,-0.225637704092,1.05315242751,0.0198280006008,-0.0161215940822,0.0193497354217,-0.00425822630973,-0.00793411932211,4,0
1465,2.93,2,0.407498389482,0,-0.805783689022,0,0,-0.805783689022,0,-0.805783689022,0,0.407644959903,-1.33126974107,0.407498387494,-1.32876298813,-0.000451259067672,0.0123224568561,-0.900432798716,0.0983468588297,-0.805783668721,3.80138092419e-05,0.00324156312319,0.407408604045,-1.34942046679,4.53775751169e-06,-0.00113443937793,0.407446617854,0.404989254588,-1.32444933942,-1.34617890367,0.400123596762,-1.3315831312,-0.0073230210922,0.0145957724687,3.28462689256,-0.805783668721,-0.805783668721,0.407047128426,-1.31644053127,-0.000451259067672,0.0123224568561,0.000146572408865,-0.00250675294147,0.00369772883409,4,0
1470,2.94,1,-0.234953522682,0,0.853538811207,0,0,0.853538811207,0,0.853538811207,0,-0.215597355871,1.03973524071,-0.234953526971,1.04240233651,0.0197206621079,-0.0135165026679,-1.25887513251,2.14597180425,0.85353882344,-8.04898763739e-05,-0.00660605873139,-0.234779534684,1.07945098712,-2.58521395669e-06,0.000646303489173,-0.23486002456,-0.213521947224,1.03576541314,1.07284492839,-0.226006810529,1.03930151344,0.00885321403143,-0.0335434149571,0.712471734688,0.85353882344,0.894668608987,-0.215232864863,1.02888583384,0.0197206621079,-0.0135165026679,0.0193561710999,-0.00266709579783,-0.00757193724787,4,0
1470,2.94,2,0.394470453262,0,-1.11203193665,0,0,-1.11203193665,0,-1.11203193665,0,0.394496693186,-1.29966904735,0.394470445808,-1.29018995068,-0.000429366383272,0.00408266198921,-1.12126531532,0.0124453339318,-1.11203196004,3.51064311352e-05,0.00279070147976,0.394400911472,-1.30349260881,3.23151749032e-06,-0.000807879372582,0.394436017903,0.391902432385,-1.29470676282,-1.30070190733,0.385142289354,-1.30005881418,-0.0092937285483,0.000643093151593,2.1193655766,-1.11203196004,-1.11203196004,0.394041079425,-1.2861072887,-0.000429366383272,0.00408266198921,2.62473786893e-05,-0.00947909666753,0.00321197865339,4,0
1475,2.95,1,-0.22452814877,0,1.85353887081,0,0,1.85353887081,0,1.85353887081,0,-0.205279263628,1.02717340937,-0.224528155788,1.04743153521,0.0195109995034,-0.029844952329,0.200391568771,2.14573812498,1.85353882344,-4.33354860431e-05,-0.00337634762779,-0.224446089552,1.06244600584,-7.44493841687e-07,0.000186123460424,-0.224489425038,-0.203225616707,1.02626509003,1.05906965821,-0.203579814542,1.02724421975,0.0209096104959,-0.031825438459,1.55670584328,1.85353882344,2.35002606721,-0.205017156285,1.01758658288,0.0195109995034,-0.029844952329,0.01924889216,-0.0202581258394,-0.0038963734603,4,0
1475,2.95,2,0.381558001041,0,-1.5636780262,0,0,-1.5636780262,0,-1.5636780262,0,0.381599077919,-1.28396675797,0.381557989159,-1.2996275217,-0.000286545420751,0.027644296896,-1.57191903528,0.00657532571399,-1.56367807546,-1.42088230662e-05,-0.00149512822111,0.381610395611,-1.28371730775,9.30617313599e-07,-0.000232654328404,0.381596186788,0.379032019275,-1.28283135878,-1.28521243597,0.368536311323,-1.28451103991,-0.0130598754645,0.000701396056138,0.489349900049,-1.56367807546,-1.56367807546,0.381271443738,-1.2719832248,-0.000286545420751,0.027644296896,4.1088759872e-05,0.0156607637278,-0.0016656340979,4,0
1480,2.96,1,-0.213955834508,0,1.0604994297,0,0,1.0604994297,0,1.0604994297,0,-0.195063999382,1.01135708592,-0.213955837491,1.05886822265,0.0190653166364,-0.0556158548129,-1.83871851606,1.9978965673,1.06049939934,-9.46518411468e-06,-0.000853185488562,-0.213930523861,1.06565470987,-4.16729631111e-06,0.00104182407778,-0.213939989046,-0.19304726307,1.00524268359,1.06480152439,-0.210352055521,1.01072008358,0.00358793352467,-0.0540814408047,0.594644474167,1.06049939934,0.160144818937,-0.194890520854,1.00325236784,0.0190653166364,-0.0556158548129,0.0188918381087,-0.0475111367318,-0.000966767697939,4,0
1480,2.96,2,0.368449777365,0,-0.774295806885,0,0,-0.774295806885,0,-0.774295806885,0,0.36882999765,-1.26419635341,0.368449786319,-1.30876944332,0.000163363170758,0.0547039875518,-0.93099488978,0.151173228997,-0.774295792014,-5.8890691406e-05,-0.00481918047244,0.368576793864,-1.28212155127,5.20912045132e-06,-0.00130228011284,0.368517903172,0.366309077268,-1.2565533504,-1.28694073174,0.361131121912,-1.2645171399,-0.00738678126033,0.0224235918453,3.89347039765,-0.774295792014,-0.774295792014,0.368613149489,-1.25406545576,0.000163363170758,0.0547039875518,0.000380211331146,0.0445730899067,-0.00552586876931,4,0
1485,2.97,1,-0.203494638205,0,0.0604993999004,0,0,0.0604993999004,0,0.0604993999004,0,-0.185123961784,0.974052466926,-0.203494631273,1.03311944165,0.0184714104094,-0.0654721400575,-2.92167568051,1.79277702994,0.0604993993431,-3.97848413376e-05,-0.00351354479838,-0.203392488841,1.05841009131,-6.01666431935e-06,0.00150416607983,-0.203432273682,-0.183184777975,0.965079406133,1.05489654651,-0.209395862381,0.973041137734,-0.0059635886983,-0.0818554087755,-0.557177132396,0.0604993993431,-1.12490768767,-0.185023220863,0.967647301595,0.0184714104094,-0.0654721400575,0.0183706694892,-0.0590669747265,-0.00399096289443,4,0
1485,2.97,2,0.355650424957,0,-0.297668337822,0,0,-0.297668337822,0,-0.297668337822,0,0.356404950694,-1.21756557914,0.355650411608,-1.25383064245,0.00062861293596,0.0442715200069,-0.567052987452,0.26791310902,-0.297668348584,-1.82066731977e-05,-0.00125304977022,0.355674532238,-1.25192814807,7.52083047806e-06,-0.00188020761952,0.355656325565,0.353980970942,-1.20634925303,-1.25318119784,0.351699940302,-1.21776162123,-0.00395638526323,0.0354195766007,5.90113664452,-0.297668348584,-0.297668348584,0.356279024544,-1.20955912244,0.00062861293596,0.0442715200069,0.000754539086646,0.0362650633113,-0.00147152984859,4,0
1490,2.98,1,-0.19346909225,0,-0.939500629902,0,0,-0.939500629902,0,-0.939500629902,0,-0.175613123287,0.927759225579,-0.193469095528,0.979179036788,0.0179021013746,-0.0558998711478,-2.87894013996,1.68391897837,-0.939500600657,-8.07820007037e-05,-0.00688892978966,-0.193277344607,1.02374443939,-6.03871790802e-06,0.00150967947701,-0.193358126608,-0.173766753578,0.91865581584,1.0168555096,-0.199497339518,0.926764049903,-0.00613921291091,-0.0900914596966,-1.67417023385,-0.939500600657,-1.18716284779,-0.175566994153,0.92327916564,0.0179021013746,-0.0558998711478,0.0178559722408,-0.0514198112085,-0.0078583137981,4,0
1490,2.98,2,0.343634992838,0,-0.308064579964,0,0,-0.308064579964,0,-0.308064579964,0,0.344516402622,-1.15969902688,0.343635004988,-1.16445013707,0.000823736216137,0.0103511851421,-0.544454572719,0.240093287003,-0.308064584141,3.66238358459e-05,0.00326381239464,0.343539107153,-1.18840537748,7.54839745326e-06,-0.00188709936332,0.343575730989,0.342208440496,-1.1483197646,-1.18514156509,0.339956337142,-1.1598890296,-0.00361939384635,0.0252525354842,5.81010591796,-0.308064584141,-0.308064584141,0.344458741204,-1.15409895193,0.000823736216137,0.0103511851421,0.000881397633601,0.0047511101976,0.00370329842479,4,0
1495,2.99,1,-0.184042587876,0,-0.230515256524,0,0,-0.230515256524,0,-0.230515256524,0,-0.166550949615,0.886877222882,-0.18404259271,0.922384650401,0.0175035013809,-0.0378470247121,-1.53785514,1.71339858169,-0.230515253136,-9.95484070798e-05,-0.00821237196965,-0.183824429879,0.969362566616,-3.98107648045e-06,0.000995269120115,-0.183923978286,-0.164783477144,0.880750428301,0.961150194646,-0.1792659432,0.886347431483,0.00465803508633,-0.0748027631633,-1.06311687805,-0.230515253136,0.184950394543,-0.166539091329,0.884537625689,0.0175035013809,-0.0378470247121,0.0174916430944,-0.0355074275185,-0.00940695285461,4,0
1495,2.99,2,0.332493543625,0,-0.836896896362,0,0,-0.836896896362,0,-0.836896896362,0,0.333188685585,-1.10859652307,0.332493528871,-1.08768873676,0.000680333856356,-0.0179832898014,-0.930425671242,0.0993644313218,-0.836896880355,6.23646572294e-05,0.00508726454896,0.332360861628,-1.11518565068,4.97634563851e-06,-0.00124408640962,0.332423226285,0.330979345007,-1.10093802978,-1.11009838613,0.32540002996,-1.10892105038,-0.00702319632565,0.0011773357444,3.60117031852,-0.836896880355,-0.836896880355,0.333173862727,-1.10567202656,0.000680333856356,-0.0179832898014,0.000695156714551,-0.0209077863031,0.00583564043571,4,0
1500,3,1,-0.174955695868,0,0.769484758377,0,0,0.769484758377,0,0.769484758377,0,-0.157803456918,0.867694231681,-0.17495569615,0.905451606261,0.0171522392327,-0.0377573745805,0.789280918834,1.77881303925,0.769484746864,-5.91202056125e-05,-0.00464033974512,-0.17484144078,0.926902461195,-8.42435958326e-07,0.000210608989581,-0.174900560985,-0.156068706738,0.866743263141,0.922262121449,-0.151193010878,0.867969666933,0.0237075501073,-0.0542924545168,-0.17274341551,0.769484746864,2.5734437403,-0.157803456918,0.867694231681,0.0171522392327,-0.0377573745805,0.0171522392327,-0.0377573745805,-0.00534978221247,4,0
1500,3,2,0.321720838547,0,-1.63071036339,0,0,-1.63071036339,0,-1.63071036339,0,0.32225431977,-1.08461778389,0.321720836527,-1.08130723935,0.000533483242549,-0.00331054454055,-1.64321368439,0.0129815857126,-1.63071041114,8.97896869939e-06,0.000370564832147,0.32172537741,-1.07510554448,1.05304495623e-06,-0.000263261239054,0.321734356379,0.320085882056,-1.08342907321,-1.07473497965,0.308580625515,-1.08518752115,-0.0131537308634,-0.010452541506,0.48274311231,-1.63071041114,-1.63071041114,0.32225431977,-1.08461778389,0.000533483242549,-0.00331054454055,0.000533483242549,-0.00331054454055,0.00047831245654,4,0
1505,3.01,1,-0.165868371725,0,0.569484770298,0,0,0.569484770298,0,0.569484770298,0,-0.149199838198,0.846505579988,-0.165868368928,0.908109294472,0.0166685307307,-0.0616037144835,-2.22125228016,1.67043876945,0.569484746864,-9.14845208492e-06,-0.000736311570262,-0.165848278532,0.912936268551,-5.71609066113e-06,0.00142902266528,-0.165857426984,-0.147515034781,0.838114640473,0.91219995698,-0.167671154833,0.845735941795,-0.00181372784826,-0.0664640151854,-0.505289831066,0.569484746864,-0.549967417718,-0.149199838198,0.846505579988,0.0166685307307,-0.0616037144835,0.0166685307307,-0.0616037144835,-0.000846092995281,4,0
1505,3.01,2,0.310784757137,0,-0.630710422993,0,0,-0.630710422993,0,-0.630710422993,0,0.311499796427,-1.05813196908,0.31078476694,-1.09267944288,0.000715029487017,0.0345474738059,-0.693367347718,0.133917044786,-0.630710411136,-5.68417252644e-05,-0.00476853340926,0.310913079694,-1.06470144162,7.14511337746e-06,-0.00178627834437,0.310856237969,0.309393792168,-1.04764329461,-1.06946997502,0.305777092397,-1.05837041508,-0.00507914557124,0.0110995599457,4.65879378876,-0.630710411136,-0.55399966882,0.311499796427,-1.05813196908,0.000715029487017,0.0345474738059,0.000715029487017,0.0345474738059,-0.00545063411243,4,0
1510,3.02,1,-0.156966030598,0,-0.430515259504,0,0,-0.430515259504,0,-0.430515259504,0,-0.140971416597,0.795899058402,-0.15696602575,0.873144735651,0.0159946091528,-0.0772456772486,-3.63602015048,1.42441654229,-0.430515253136,-3.50237512566e-05,-0.00314369286813,-0.156873241711,0.896643815579,-7.99247080172e-06,0.00199811770043,-0.156908265462,-0.139391501177,0.783963356991,0.89350012271,-0.171189422886,0.794639974807,-0.0142811574232,-0.0988601479038,-1.62368950426,-0.430515253136,-2.20803963031,-0.140971416597,0.795899058402,0.0159946091528,-0.0772456772486,0.0159946091528,-0.0772456772486,-0.00356397788321,4,0
1510,3.02,2,0.300201505423,0,0.0612830482423,0,0,0.0612830482423,0,0.0612830482423,0,0.301214269488,-0.994873816663,0.300201512914,-1.02629051022,0.00101275657437,0.0314166935541,-0.211990433625,0.271522806428,0.0612830487041,-2.15371717541e-05,-0.00149222984019,0.300231162523,-1.02357468883,9.99058856566e-06,-0.00249764714142,0.300209625352,0.299239375226,-0.979954189805,-1.02506691867,0.299465307899,-0.994946690063,-0.000744317452965,0.030120228612,7.44251209113,0.0612830487041,0.0612830487041,0.301214269488,-0.994873816663,0.00101275657437,0.0314166935541,0.00101275657437,0.0314166935541,-0.00175067590124,4,0
1515,3.03,1,-0.148604780436,0,-1.43051528931,0,0,-1.43051528931,0,-1.43051528931,0,-0.133314867604,0.735392878206,-0.148604780003,0.808573868737,0.0152899123987,-0.0731809905308,-3.42981504297,1.26934003981,-1.43051525314,-7.95830686862e-05,-0.00679471309803,-0.148415429458,0.852643061478,-7.6575210832e-06,0.0019143802708,-0.148495012527,-0.131855723909,0.723828706923,0.84584834838,-0.16178265547,0.734206720378,-0.0132876429436,-0.111641628001,-2.70475421105,-1.43051525314,-2.15272529324,-0.133314867604,0.735392878206,0.0152899123987,-0.0731809905308,0.0152899123987,-0.0731809905308,-0.00774970992226,4,0
1515,3.03,2,0.290563523769,0,0.0212017595768,0,0,0.0212017595768,0,0.0212017595768,0,0.291643583313,-0.91924109096,0.290563532954,-0.920220603879,0.0010800503585,0.000979512919103,-0.225110262202,0.250203815629,0.021201759277,3.85040931976e-05,0.00342974503139,0.290462899675,-0.945299290045,9.57190140727e-06,-0.00239297535182,0.290501403768,0.289819653707,-0.904785876775,-0.941869545014,0.28973854021,-0.919320467756,-0.000762863558449,0.0225490772582,7.12709981713,0.021201759277,0.021201759277,0.291643583313,-0.91924109096,0.0010800503585,0.000979512919103,0.0010800503585,0.000979512919103,0.00389179414976,4,0
1520,3.04,1,-0.140958890319,0,-1.02091753483,0,0,-1.02091753483,0,-1.02091753483,0,-0.126231157521,0.68461066541,-0.140958897555,0.738555850949,0.0147277400342,-0.0539451855397,-1.57419852986,1.28558209043,-1.02091755456,-0.000100659416725,-0.00832859045601,-0.140737414558,0.786388832661,-4.69718620875e-06,0.00117429655219,-0.140838073974,-0.124869400943,0.677355399224,0.778060242205,-0.13924741008,0.684068321553,0.00159066389403,-0.0939919206517,-2.3512877313,-1.02091755456,-0.279079935975,-0.126231157521,0.68461066541,0.0147277400342,-0.0539451855397,0.0147277400342,-0.0539451855397,-0.00953650345671,4,0
1520,3.04,2,0.281950116158,0,-0.661706507206,0,0,-0.661706507206,0,-0.661706507206,0,0.282788945778,-0.855763324628,0.281950111524,-0.829597470674,0.000838834254839,-0.0261658539536,-0.76000988766,0.10469191802,-0.661706516544,6.78073926687e-05,0.00557485819111,0.281803978683,-0.860264733561,5.87148278902e-06,-0.00146787069725,0.281871786076,0.281086750071,-0.846694241852,-0.85468987537,0.276413360881,-0.856028973998,-0.00545842519503,-0.00133909862804,4.20601590233,-0.661706516544,-0.661706516544,0.282788945778,-0.855763324628,0.000838834254839,-0.0261658539536,0.000838834254839,-0.0261658539536,0.00638854690314,4,0
1525,3.05,1,-0.13378252089,0,-0.0209175553173,0,0,-0.0209175553173,0,-0.0209175553173,0,-0.119524489315,0.663281460749,-0.133782515554,0.70993073011,0.0142580262393,-0.0466492693617,1.09219941764,1.39016994067,-0.0209175545572,-5.87233866364e-05,-0.00458788492425,-0.133670215374,0.730742144223,-1.07514438076e-06,0.000268786095188,-0.13372893876,-0.11819874198,0.662067309229,0.726154259299,-0.110394573337,0.663661873914,0.0233343654234,-0.0624923853845,-1.41748579119,-0.0209175545572,2.48766192388,-0.119524489315,0.663281460749,0.0142580262393,-0.0466492693617,0.0142580262393,-0.0466492693617,-0.00529256556388,4,0
1525,3.05,2,0.273788720369,0,-1.58039581776,0,0,-1.58039581776,0,-1.58039581776,0,0.274405610593,-0.829101818678,0.273788713467,-0.819143497603,0.000616897126607,-0.00995832107509,-1.57446787086,-0.0051296529062,-1.58039578651,1.26059758437e-05,0.00064699103271,0.273786508729,-0.814166977819,1.34393048234e-06,-0.000335982620583,0.273799114705,0.272748426439,-0.827584129272,-0.813519986786,0.261301143624,-0.829647838135,-0.0124979710813,-0.0161278513494,0.515905107984,-1.58039578651,-1.58039578651,0.274405610593,-0.829101818678,0.000616897126607,-0.00995832107509,0.000616897126607,-0.00995832107509,0.000798262742834,4,0
1530,3.06,1,-0.126709282398,0,-0.22091755271,0,0,-0.22091755271,0,-0.22091755271,0,-0.112984484311,0.636569733317,-0.126709277985,0.702785127243,0.0137247936737,-0.0662153939263,-2.71823985256,1.30412122248,-0.220917554557,-5.14235206663e-06,-0.000394521048875,-0.126698720816,0.705405102428,-7.12131186273e-06,0.00178032796568,-0.126703863168,-0.111721587177,0.626107582904,0.705010581379,-0.135593429531,0.635627693933,-0.00888956636311,-0.069382887446,-1.70685200202,-0.220917554557,-1.4136624008,-0.112984484311,0.636569733317,0.0137247936737,-0.0662153939263,0.0137247936737,-0.0662153939263,-0.000456229273675,4,0
1530,3.06,2,0.265466123819,0,-0.580395758152,0,0,-0.580395758152,0,-0.580395758152,0,0.266230604411,-0.795712159238,0.265466121884,-0.831842805147,0.000764482527074,0.0361306459094,-0.368734402,0.144235792257,-0.580395786505,-5.79194124257e-05,-0.00486722957845,0.265597435827,-0.803105976187,8.9016398665e-06,-0.00222540996662,0.265539516414,0.264651983009,-0.782634471166,-0.807973205766,0.263209415036,-0.795838042128,-0.00233010137835,0.0121351636374,4.64156958319,-0.580395786505,-0.218936347215,0.266230604411,-0.795712159238,0.000764482527074,0.0361306459094,0.000764482527074,0.0361306459094,-0.00556226252756,4,0
1535,3.07,1,-0.119921408594,0,-1.22091758251,0,0,-1.22091758251,0,-1.22091758251,0,-0.106911963092,0.574141550258,-0.119921406201,0.657032333024,0.0130094431091,-0.0828907827661,-4.39549409845,1.04349574276,-1.22091755456,-3.0606415523e-05,-0.00279397947669,-0.119836783567,0.679166626557,-9.71182750284e-06,0.00242795687571,-0.119867389983,-0.105778143224,0.559626063237,0.676372647081,-0.143451300426,0.572619077869,-0.0235839104431,-0.103753569212,-2.78168586855,-1.22091755456,-3.34883709923,-0.106911963092,0.574141550258,0.0130094431091,-0.0828907827661,0.0130094431091,-0.0828907827661,-0.00316125646296,4,0
1535,3.07,2,0.257493913174,0,0.419604212046,0,0,0.419604212046,0,0.419604212046,0,0.258639952963,-0.717676930096,0.257493906628,-0.763028943848,0.00114604633481,0.0453520137521,0.207277723736,0.360707313438,0.419604213495,-2.26720278166e-05,-0.00156009939599,0.257523614599,-0.760922043987,1.21397844242e-05,-0.00303494610604,0.257500942572,0.257222678144,-0.699532571251,-0.762482143383,0.260379515285,-0.717604448333,0.00287857271375,0.0448776950506,8.60328773616,0.419604213495,0.569817200903,0.258639952963,-0.717676930096,0.00114604633481,0.0453520137521,0.00114604633481,0.0453520137521,-0.00183216372979,4,0
1540,3.08,1,-0.113827720284,0,-2.2209174633,0,0,-2.2209174633,0,-2.2209174633,0,-0.101536180949,0.501299151649,-0.113827716714,0.57450876835,0.0122915357651,-0.0732096167015,-4.05842120618,0.886358650099,-2.22091755456,-8.74829508373e-05,-0.00749930707874,-0.113617901639,0.623587616089,-9.07038175021e-06,0.00226759543755,-0.11370538459,-0.100547396467,0.487589454631,0.61608830901,-0.135226624793,0.499895383155,-0.0215212402026,-0.116192925855,-3.81430467309,-2.22091755456,-3.16351345359,-0.101536180949,0.501299151649,0.0122915357651,-0.0732096167015,0.0122915357651,-0.0732096167015,-0.00854910248879,4,0
1540,3.08,2,0.250643253326,0,0.490450918674,0,0,0.490450918674,0,0.490450918674,0,0.251920225363,-0.626623931511,0.250643247383,-0.630313027751,0.00127697798053,0.00368909623962,0.166944362654,0.328930387016,0.490450923479,5.39361028027e-05,0.00477659295744,0.250504351696,-0.664500100336,1.13379772241e-05,-0.00283449430602,0.250558287799,0.250684244777,-0.609486810183,-0.659723507378,0.25326389707,-0.62656794519,0.00270560927114,0.0331555621884,8.60156450353,0.490450923479,0.490450923479,0.251920225363,-0.626623931511,0.00127697798053,0.00368909623962,0.00127697798053,0.00368909623962,0.00542382619108,4,0
1545,3.09,1,-0.1086236462,0,-1.8899897337,0,0,-1.8899897337,0,-1.8899897337,0,-0.0968417591633,0.441667099201,-0.108623643199,0.487802994938,0.0117818840362,-0.0461358957373,-1.82365911681,0.944780821147,-1.88998975164,-0.000112802128816,-0.00934026935006,-0.108375092214,0.54155844862,-5.42066505377e-06,0.00135516626344,-0.108487894342,-0.0959670545994,0.433286783125,0.53221817927,-0.111923618895,0.441038688379,-0.00343572455259,-0.0911794908912,-3.4842648547,-1.88998975164,-0.868184400767,-0.0968417591633,0.441667099201,0.0117818840362,-0.0461358957373,0.0117818840362,-0.0461358957373,-0.0106938948959,4,0
1545,3.09,2,0.24506264925,0,-0.331357598305,0,0,-0.331357598305,0,-0.331357598305,0,0.246052198213,-0.552083865727,0.245062645488,-0.518740137375,0.000989552724319,-0.0333437283519,-0.475652520962,0.13264753935,-0.331357594689,8.87838034101e-05,0.00732250090652,0.244869676608,-0.559686167275,6.77583133502e-06,-0.00169395783376,0.244958460412,0.244958817525,-0.541608470603,-0.552363666369,0.242025518747,-0.552251644038,-0.00293294166511,0.000112022330594,4.98846312217,-0.331357594689,-0.35139288816,0.246052198213,-0.552083865727,0.000989552724319,-0.0333437283519,0.000989552724319,-0.0333437283519,0.00838790654744,4,0
1550,3.1,1,-0.104044541717,0,-0.889989733696,0,0,-0.889989733696,0,-0.889989733696,0,-0.0925854617913,0.417192276259,-0.104044544965,0.444330462622,0.0114590831735,-0.0271381863631,1.20173722441,1.12991045636,-0.889989751644,-6.89701826556e-05,-0.00543497710866,-0.103909638695,0.470080692167,-1.24029752803e-06,0.000310074382006,-0.103978608878,-0.0917520188822,0.415791231366,0.464645715058,-0.0825362429874,0.417610993709,0.0214423658902,-0.047034721349,-2.49350988534,-0.889989751644,2.33791030007,-0.0925854617913,0.417192276259,0.0114590831735,-0.0271381863631,0.0114590831735,-0.0271381863631,-0.00626261930053,4,0
1550,3.1,2,0.240096434951,0,-1.3313575983,0,0,-1.3313575983,0,-1.3313575983,0,0.240731826581,-0.521490336972,0.240096437966,-0.494071979991,0.000635388614719,-0.0274183569812,-1.39689253278,-0.0507180400802,-1.33135759469,3.09072377959e-05,0.00216213221008,0.240053710928,-0.4979758592,1.55037191407e-06,-0.000387592978515,0.240084618166,0.239690022961,-0.519739030852,-0.49581372699,0.229090158212,-0.521975406488,-0.0109944599536,-0.0261616794981,0.852891371667,-1.33135759469,-1.45014359193,0.240731826581,-0.521490336972,0.000635388614719,-0.0274183569812,0.000635388614719,-0.0274183569812,0.00253301906363,4,0
1555,3.11,1,-0.0996989607811,0,-0.963043451309,0,0,-0.963043451309,0,-0.963043451309,0,-0.0885200030702,0.386635869162,-0.0996989617291,0.42592231995,0.0111789586589,-0.0392864507879,-3.16909432242,1.12266699874,-0.963043453719,-1.15930725693e-05,-0.000900666981301,-0.0996756378079,0.431016603841,-8.07907484962e-06,0.0020197687124,-0.0996872308804,-0.0877583646914,0.374759883239,0.430115936859,-0.114874702871,0.38553775667,-0.0151874719906,-0.0445781801891,-2.59978217633,-0.963043453719,-2.04538753982,-0.0885200030702,0.386635869162,0.0111789586589,-0.0392864507879,0.0111789586589,-0.0392864507879,-0.00103978385213,4,0
1555,3.11,2,0.235067099333,0,-0.331357598305,0,0,-0.331357598305,0,-0.331357598305,0,0.235650003264,-0.483294828008,0.235067101465,-0.500279443622,0.00058290179888,0.0169846156136,-0.0112751230285,0.0509599258009,-0.331357594689,-4.47818229208e-05,-0.00381489064552,0.235171197086,-0.477105810509,1.00988435847e-05,-0.00252471089617,0.235126415263,0.234697955307,-0.468449845571,-0.480920701154,0.235592412826,-0.48329722761,0.000465997563082,-0.00237652645539,4.88052549503,-0.331357594689,0.0440370752929,0.235650003264,-0.483294828008,0.00058290179888,0.0169846156136,0.00058290179888,0.0169846156136,-0.00435227252057,4,0
1560,3.12,1,-0.0957344025373,0,-1.96304345131,0,0,-1.96304345131,0,-1.96304345131,0,-0.0849849410743,0.316308616966,-0.0957344047772,0.371091578948,0.010749463703,-0.0547829619821,-5.00332423353,0.908126609655,-1.96304345372,-3.31127136609e-05,-0.00299644418011,-0.0956445803063,0.394305785913,-1.08209543643e-05,0.00270523859109,-0.09567769302,-0.0843684588312,0.300125405768,0.391309341733,-0.126578816458,0.314575538825,-0.0309011234383,-0.0767338029078,-3.61957320966,-1.96304345372,-4.09180382713,-0.0849849410743,0.316308616966,0.010749463703,-0.0547829619821,0.010749463703,-0.0547829619821,-0.00339379674405,4,0
1560,3.12,2,0.230438023806,0,0.668642401695,0,0,0.668642401695,0,0.668642401695,0,0.231231175854,-0.39538576258,0.230438030213,-0.426926189567,0.000793145641186,0.0315404269872,0.622926254096,0.266173352069,0.668642405311,-1.46613706074e-05,-0.00089983524225,0.230450221835,-0.428625828404,1.35261929802e-05,-0.00338154824506,0.230435560465,0.230460573067,-0.375156748545,-0.429525663647,0.236422180575,-0.395169470716,0.00598662011002,0.0343561929303,8.75731306797,0.668642405311,0.890175377854,0.231231175854,-0.39538576258,0.000793145641186,0.0315404269872,0.000793145641186,0.0315404269872,-0.00107577168954,4,0
1565,3.13,1,-0.0925565138459,0,-2.96304345131,0,0,-2.96304345131,0,-2.96304345131,0,-0.0822277059435,0.235706955744,-0.0925565162958,0.278961947158,0.0103288103522,-0.0432549914143,-4.55641457581,0.793183629628,-2.96304345372,-9.02055564488e-05,-0.00774167360414,-0.0923399227242,0.329670039514,-9.91331697332e-06,0.00247832924333,-0.0924301282806,-0.0817714096407,0.220713163675,0.32192836591,-0.120058614246,0.234130667898,-0.0276284859654,-0.0877976980114,-4.59686944083,-2.96304345372,-3.7544068059,-0.0822277059435,0.235706955744,0.0103288103522,-0.0432549914143,0.0103288103522,-0.0432549914143,-0.00882414028153,4,0
1565,3.13,2,0.226984798908,0,0.789170563221,0,0,0.789170563221,0,0.789170563221,0,0.227784632028,-0.294633685884,0.226984800878,-0.287384973866,0.000799831149374,-0.00724871201863,0.557656829322,0.237768750752,0.789170563198,6.24364629446e-05,0.00550577932004,0.226825899484,-0.32618210941,1.23916462337e-05,-0.00309791155844,0.226888335947,0.227214261667,-0.275891445772,-0.32067633009,0.2323716835,-0.294442558739,0.00548334755372,0.0262337713502,8.86792564573,0.789170563198,0.789170563198,0.227784632028,-0.294633685884,0.000799831149374,-0.00724871201863,0.000799831149374,-0.00724871201863,0.00625501687537,4,0
1570,3.14,1,-0.0903466939926,0,-2.37180089951,0,0,-2.37180089951,0,-2.37180089951,0,-0.080217540241,0.170971964812,-0.0903466965675,0.187287898178,0.0101291563265,-0.0163159333661,-2.08276159207,0.899231166928,-2.37180092832,-0.000113444951101,-0.00934374341005,-0.0900991112398,0.240349857634,-5.80354357763e-06,0.00145088589441,-0.0902125561909,-0.0798848485958,0.161993164924,0.231006114224,-0.097454752103,0.170253747651,-0.00724219591208,-0.0607523665731,-3.95323645048,-2.37180092832,-1.17282534232,-0.080217540241,0.170971964812,0.0101291563265,-0.0163159333661,0.0101291563265,-0.0163159333661,-0.0107050828233,4,0
1570,3.14,2,0.224853813648,0,-0.0781055390835,0,0,-0.0781055390835,0,-0.0781055390835,0,0.225271924988,-0.21371494712,0.224853819341,-0.174123086305,0.000418105647326,-0.0395918608146,-0.152512785943,0.037921718409,-0.0781055373878,9.4284220899e-05,0.00771055333135,0.224651868193,-0.216391302346,7.25442947849e-06,-0.00181360736963,0.224746152414,0.224856060449,-0.20249144725,-0.208680749014,0.223929632441,-0.213770875976,-0.000816519972565,-0.00509012696176,4.99174033871,-0.0781055373878,-0.123433031517,0.225271924988,-0.21371494712,0.000418105647326,-0.0395918608146,0.000418105647326,-0.0395918608146,0.00884196398214,4,0
1575,3.15,1,-0.0887838825583,0,-1.37180089951,0,0,-1.37180089951,0,-1.37180089951,0,-0.0786790525204,0.144889366726,-0.0887838857154,0.141965828693,0.010104833195,0.00292353803343,1.11170592822,1.12848373787,-1.37180092832,-6.45906031459e-05,-0.0050627269818,-0.0886593286191,0.165332146977,-1.32751821987e-06,0.000331879554965,-0.0887239192222,-0.0783902823205,0.143389461263,0.160269419995,-0.0693823281466,0.145276730242,0.0193415910757,-0.0149926897536,-2.91146260467,-1.37180092832,2.24602748031,-0.0786790525204,0.144889366726,0.010104833195,0.00292353803343,0.010104833195,0.00292353803343,-0.00583781421956,4,0
1575,3.15,2,0.223321288824,0,-1.07810556889,0,0,-1.07810556889,0,-1.07810556889,0,0.223348815426,-0.181111699487,0.223321294622,-0.151551305723,2.75208047031e-05,-0.0295603937646,-1.12289193895,-0.139609079034,-1.07810553739,2.92516789384e-05,0.00201294928961,0.223283052612,-0.15432656571,1.65939777627e-06,-0.00041484944407,0.223312304291,0.222987852694,-0.179236817657,-0.15231361642,0.213987934386,-0.181501736197,-0.00932436990448,-0.029188119777,0.794588633732,-1.07810553739,-1.26486498742,0.223348815426,-0.181111699487,2.75208047031e-05,-0.0295603937646,2.75208047031e-05,-0.0295603937646,0.00236396943687,4,0
1580,3.16,1,-0.0874645486474,0,-1.23832499981,0,0,-1.23832499981,0,-1.23832499981,0,-0.0773435878054,0.1124082514,-0.0874645461055,0.124209426213,0.0101209583001,-0.0118011748129,-3.54471201118,1.15195966632,-1.23832499259,-5.07848511782e-06,-0.000320382910888,-0.0874577992995,0.125199660546,-8.52919985096e-06,0.00213229996274,-0.0874628777846,-0.077131064722,0.0998646418392,0.124879277635,-0.106828487797,0.111179713901,-0.0193656100121,-0.0136995637348,-2.76339406069,-1.23832499259,-2.39237102012,-0.0773435878054,0.1124082514,0.0101209583001,-0.0118011748129,0.0101209583001,-0.0118011748129,-0.000381324732302,4,0
1580,3.16,2,0.221691846848,0,-0.106429323554,0,0,-0.106429323554,0,-0.106429323554,0,0.221679484622,-0.140510305301,0.22169185049,-0.163046306517,-1.23658677364e-05,0.0225360012161,0.355316008638,-0.00957228256417,-0.106429319846,-4.96205889762e-05,-0.00427108496359,0.221809551376,-0.136255471795,1.06614998195e-05,-0.00266537495488,0.221759930787,0.221413830786,-0.124830793341,-0.140526556758,0.224675803851,-0.140385458666,0.00291587306371,0.000141098091815,4.6598006338,-0.106429319846,0.350610258105,0.221679484622,-0.140510305301,-1.23658677364e-05,0.0225360012161,-1.23658677364e-05,0.0225360012161,-0.0048665320313,4,0
1585,3.17,1,-0.0864953547716,0,-2.2383248806,0,0,-2.2383248806,0,-2.2383248806,0,-0.0765681059788,0.0386008499682,-0.0864953531154,0.0729678715922,0.00992724713663,-0.034367021624,-5.42050287463,0.935840129452,-2.23832499259,-2.24760898525e-05,-0.00210610407287,-0.0864297483879,0.0907577721276,-1.12501608665e-05,0.00281254021662,-0.0864522244778,-0.0765076972069,0.0217667652711,0.0886516680548,-0.121640913389,0.0367228163261,-0.0351886889116,-0.0519288517287,-3.73827184204,-2.23832499259,-4.48228692803,-0.0765681059788,0.0386008499682,0.00992724713663,-0.034367021624,0.00992724713663,-0.034367021624,-0.0023758171511,4,0
1585,3.17,2,0.220388546586,0,0.893570661545,0,0,0.893570661545,0,0.893570661545,0,0.220710132428,-0.0482510534735,0.220388544544,-0.0973715812337,0.000321587883948,0.0491205277602,1.00764759681,0.272826674953,0.893570680154,-2.53341907055e-05,-0.00179512455166,0.22042517913,-0.0935743641687,1.40627010855e-05,-0.00351567527138,0.220399844939,0.220634621482,-0.0272084475981,-0.0953694887204,0.229110105239,-0.0479010546063,0.00871026030027,0.047468434114,8.50137075253,0.893570680154,1.2825734066,0.220710132428,-0.0482510534735,0.000321587883948,0.0491205277602,0.000321587883948,0.0491205277602,-0.00209913484013,4,0
1590,3.18,1,-0.0862861275673,0,-3.2383248806,0,0,-3.2383248806,0,-3.2383248806,0,-0.0766026650841,-0.0446955750596,-0.0862861258438,-0.0179235827645,0.00968346075968,-0.0267719922951,-4.8916917564,0.811957843733,-3.23832499259,-8.14850511424e-05,-0.00706582290021,-0.0860865682128,0.02954799541,-1.01333620324e-05,0.00253334050809,-0.0861680532639,-0.0767075277352,-0.0600313470802,0.0224821725098,-0.117229200512,-0.0463883473691,-0.031061147248,-0.0688705198789,-4.67187094787,-3.23832499259,-4.07169026915,-0.0766026650841,-0.0446955750596,0.00968346075968,-0.0267719922951,0.00968346075968,-0.0267719922951,-0.00804364351391,4,0
1590,3.18,2,0.220212340355,0,1.21770513058,0,0,1.21770513058,0,1.21770513058,0,0.2207533314,0.0558694778138,0.220212340177,0.0418415692485,0.000540991222663,0.0140279085653,0.921363009324,0.30187163796,1.2177051292,5.41306544842e-05,0.00487995023384,0.220068784181,0.00574519754549,1.26667025373e-05,-0.00316667563432,0.220122914835,0.220884409732,0.075039192835,0.0106251477793,0.228372050218,0.0561869244312,0.00824913538281,0.0455617766519,9.37839254463,1.2177051292,1.2177051292,0.2207533314,0.0558694778138,0.000540991222663,0.0140279085653,0.000540991222663,0.0140279085653,0.00552951808765,4,0
1595,3.19,1,-0.0870497375727,0,-2.64766478539,0,0,-2.64766478539,0,-2.64766478539,0,-0.0774030615687,-0.110465966917,-0.0870497380891,-0.110317426427,0.00964667652036,-0.000148540489932,-2.3344558254,0.925834803452,-2.64766468632,-0.000110961328388,-0.00914984461495,-0.086806839121,-0.0581293498567,-5.82176411458e-06,0.00145544102865,-0.0869178004494,-0.0776332870818,-0.119479079598,-0.0672791944716,-0.0967359512313,-0.111271503987,-0.00981815078185,-0.0439923095151,-3.98303645206,-2.64766468632,-1.3981396414,-0.0774030615687,-0.110465966917,0.00964667652036,-0.000148540489932,0.00964667652036,-0.000148540489932,-0.0104813805556,4,0
1595,3.19,2,0.221410095692,0,0.34354647994,0,0,0.34354647994,0,0.34354647994,0,0.221753827096,0.138082467603,0.221410091092,0.161021853337,0.000343736003655,-0.0229393857344,0.188097732257,0.113452641934,0.343546485024,9.38440047579e-05,0.00768889429568,0.221208081834,0.118548675082,7.27720513793e-06,-0.00181930128448,0.221301925839,0.222041609005,0.149348858445,0.126237569378,0.223245260384,0.138144610657,0.00194333454536,0.0119070412788,5.40045178221,0.343546485024,0.292735351838,0.221753827096,0.138082467603,0.000343736003655,-0.0229393857344,0.000343736003655,-0.0229393857344,0.00881502235277,4,0
1600,3.2,1,-0.0884663239121,0,-1.64766466618,0,0,-1.64766466618,0,-1.64766466618,0,-0.0786790523412,-0.136517474584,-0.0884663207605,-0.156183181381,0.00978726841931,0.0196657067969,0.828457756442,1.17350520225,-1.64766468632,-6.44159049943e-05,-0.00505509085378,-0.0883417000402,-0.132713897682,-1.33132605976e-06,0.000332831514939,-0.0884061159452,-0.0789530993441,-0.138021996041,-0.137768988536,-0.0717387195454,-0.136228294051,0.0166673963998,0.00154069448493,-2.89442635895,-1.64766468632,2.0077910404,-0.0786790523412,-0.136517474584,0.00978726841931,0.0196657067969,0.00978726841931,0.0196657067969,-0.00582808171371,4,0
1600,3.2,2,0.223260685802,0,-0.656453490257,0,0,-0.656453490257,0,-0.656453490257,0,0.22334881565,0.170646852159,0.223260684857,0.188814478948,8.81307933571e-05,-0.0181676267895,-0.770560541468,-0.069542464854,-0.656453514976,3.13987942482e-05,0.00219920758944,0.223217125047,0.184763140972,1.66415757349e-06,-0.000416039393373,0.223248523841,0.223691374422,0.172527503979,0.186962348561,0.216917177234,0.170378867225,-0.00633134660634,-0.0165834813363,1.12504525555,-0.656453514976,-0.842678999443,0.22334881565,0.170646852159,8.81307933571e-05,-0.0181676267895,8.81307933571e-05,-0.0181676267895,0.00257599312042,4,0
1605,3.21,1,-0.0901302471757,0,-1.47404026985,0,0,-1.47404026985,0,-1.47404026985,0,-0.0801574937919,-0.168882390206,-0.090130243577,-0.17403064425,0.00997274978511,0.00514825404474,-3.82089529717,1.21663319088,-1.47404031287,-6.1237661443e-06,-0.00040608201009,-0.0901211466651,-0.172528307028,-8.44340385746e-06,0.00211085096436,-0.0901272704312,-0.0805074396107,-0.181305462284,-0.172934389038,-0.111939115116,-0.170206624428,-0.0218118446845,0.00272776461076,-2.65947042958,-1.47404031287,-2.60378253908,-0.0801574937919,-0.168882390206,0.00997274978511,0.00514825404474,0.00997274978511,0.00514825404474,-0.000479567203822,4,0
1605,3.21,2,0.225063696504,0,0.317036300898,0,0,0.317036300898,0,0.317036300898,0,0.225196867553,0.211102996649,0.225063694884,0.181921708401,0.000133172669093,0.0291812882485,0.707273316332,0.0484430634904,0.317036309985,-4.62139339519e-05,-0.00399081486338,0.225173836613,0.207067075779,1.05542548105e-05,-0.00263856370262,0.22512762268,0.225634299844,0.22663183673,0.203076260915,0.231118409585,0.211349727567,0.00599078690528,0.00827346665194,4.91845088627,0.317036309985,0.760261761893,0.225196867553,0.211102996649,0.000133172669093,0.0291812882485,0.000133172669093,0.0291812882485,-0.0045453820708,4,0
1610,3.22,1,-0.0921400785446,0,-2.47404026985,0,0,-2.47404026985,0,-2.47404026985,0,-0.0821903185096,-0.241532350397,-0.0921400761791,-0.224699424286,0.00994975766943,-0.0168329261108,-5.62034550415,1.02297827204,-2.47404031287,-2.37483386994e-05,-0.0022148960255,-0.0920714322809,-0.206196418139,-1.09724783861e-05,0.00274311959654,-0.0920951806196,-0.0826897789143,-0.257959561141,-0.208411314164,-0.128924562903,-0.24347961058,-0.0368293822829,-0.035068296416,-3.58798311867,-2.47404031287,-4.59486735602,-0.0821903185096,-0.241532350397,0.00994975766943,-0.0168329261108,0.00994975766943,-0.0168329261108,-0.00249987608989,4,0
1610,3.22,2,0.22723312676,0,1.3170362711,0,0,1.3170362711,0,1.3170362711,0,0.227737898539,0.301915446778,0.227233128203,0.251394914467,0.000504770335372,0.0505205323104,1.33670189543,0.309833980044,1.31703630999,-2.19093811358e-05,-0.0015070324356,0.227261889133,0.253405734098,1.37155979626e-05,-0.00342889949065,0.227239979751,0.228362224062,0.322449460177,0.251898701662,0.238872499638,0.30237938849,0.0116325198862,0.0504806868278,8.68286005841,1.31703630999,1.64830582048,0.227737898539,0.301915446778,0.000504770335372,0.0505205323104,0.000504770335372,0.0505205323104,-0.00176994500923,4,0
1615,3.23,1,-0.0949014052749,0,-3.47404026985,0,0,-3.47404026985,0,-3.47404026985,0,-0.0850145003753,-0.322289718503,-0.0949014068946,-0.314179320802,0.00988690651924,-0.00811039770192,-5.04286077519,0.928425827544,-3.47404031287,-8.29579943356e-05,-0.00717126624095,-0.0946994180858,-0.266374600855,-9.71669068701e-06,0.00242917267175,-0.0947823760802,-0.0856739330743,-0.337003867519,-0.273545867096,-0.126897570154,-0.324034846411,-0.0321151940742,-0.0504889793151,-4.47560157111,-3.47404031287,-4.10626818548,-0.0850145003753,-0.322289718503,0.00988690651924,-0.00811039770192,0.00988690651924,-0.00811039770192,-0.00816676217297,4,0
1615,3.23,2,0.230558201671,0,1.5422475338,0,0,1.5422475338,0,1.5422475338,0,0.231268125958,0.402862156747,0.230558200773,0.391585851042,0.000709925184719,0.0112763057047,1.2348245236,0.313257839482,1.54224749465,5.75864082837e-05,0.00514383153493,0.230408108511,0.354325102236,1.21458633355e-05,-0.00303646583388,0.230465694919,0.232092416849,0.421254842981,0.359468933771,0.241491956711,0.403288149695,0.0110262617919,0.0438192159245,9.09501096222,1.54224749465,1.54224749465,0.231268125958,0.402862156747,0.000709925184719,0.0112763057047,0.000709925184719,0.0112763057047,0.00583486843434,4,0
1620,3.24,1,-0.0986110493541,0,-2.87404036522,0,0,-2.87404036522,0,-2.87404036522,0,-0.0885751671924,-0.38496291568,-0.0986110480069,-0.403800393967,0.0100358808145,0.0188374782869,-2.5627616813,1.06908514494,-2.87404031287,-0.000110329258315,-0.00909519846032,-0.0983696930835,-0.35196822262,-5.47418180126e-06,0.00136854545031,-0.0984800223418,-0.089353843948,-0.393444014135,-0.361063421081,-0.109807826035,-0.385847609798,-0.0113278036935,-0.0247841887176,-3.73304302609,-2.87404031287,-1.4832573868,-0.0885751671924,-0.38496291568,0.0100358808145,0.0188374782869,0.0100358808145,0.0188374782869,-0.0104191495601,4,0
1620,3.24,2,0.235233277082,0,0.66835474968,0,0,0.66835474968,0,0.66835474968,0,0.235718959564,0.481203653054,0.235233278667,0.507421616061,0.000485680897677,-0.0262179630064,0.524582722252,0.114765824699,0.668354771987,9.43134992341e-05,0.00772461662072,0.235030423796,0.464787205957,6.84272723483e-06,-0.00171068180871,0.235124737295,0.236692305526,0.491805026098,0.472511822577,0.240009230707,0.481382414352,0.0048844934122,0.00887059177487,5.06556533111,0.668354771987,0.630492168339,0.235718959564,0.481203653054,0.000485680897677,-0.0262179630064,0.000485680897677,-0.0262179630064,0.00885637861153,4,0
1625,3.25,1,-0.102946422994,0,-1.87404036522,0,0,-1.87404036522,0,-1.87404036522,0,-0.0925854612648,-0.40934642089,-0.102946420231,-0.447020395406,0.0103609589661,0.0376739745158,0.369790233432,1.33260062466,-1.87404031287,-6.4044172816e-05,-0.00502838701099,-0.102822358437,-0.423615566535,-1.25148178702e-06,0.000312870446754,-0.10288640261,-0.0934051060896,-0.410761023724,-0.428643953546,-0.0894609927683,-0.409216234702,0.0134254098413,0.019427718844,-2.60110598232,-1.87404031287,1.70818777518,-0.0925854612648,-0.40934642089,0.0103609589661,0.0376739745158,0.0103609589661,0.0376739745158,-0.00579691708478,4,0
1625,3.25,2,0.240529283881,0,-0.331645220518,0,0,-0.331645220518,0,-0.331645220518,0,0.240731827239,0.511683034488,0.240529277571,0.532160118311,0.00020254966822,-0.0204770838221,-0.362036617799,-0.0650930828113,-0.331645228013,3.20732202243e-05,0.0022606226624,0.240483861121,0.527622457941,1.56435222992e-06,-0.00039108805748,0.240515934341,0.241756383287,0.513451288027,0.529883080603,0.237698076508,0.511556628208,-0.00281785783282,-0.0183264523954,0.741220903698,-0.331645228013,-0.429775201916,0.240731827239,0.511683034488,0.00020254966822,-0.0204770838221,0.00020254966822,-0.0204770838221,0.00264550130509,4,0
1630,3.26,1,-0.107505179942,0,-1.67404031754,0,0,-1.67404031754,0,-1.67404031754,0,-0.0967849129676,-0.439561530129,-0.107505178209,-0.462564835575,0.0107202652416,0.0230033054463,-3.98045594693,1.3922036823,-1.67404031287,-7.32602312276e-06,-0.00051149295184,-0.10749302009,-0.460320378135,-7.82707774691e-06,0.00195676943673,-0.107500346114,-0.0976753393058,-0.451083477417,-0.460831871087,-0.129892904996,-0.440941029797,-0.022392558882,0.0198908412899,-2.29702466676,-1.67404031287,-2.58765285939,-0.0967849129676,-0.439561530129,0.0107202652416,0.0230033054463,0.0107202652416,0.0230033054463,-0.000599405229313,4,0
1630,3.26,2,0.24575535953,0,0.66835474968,0,0,0.66835474968,0,0.66835474968,0,0.245981141951,0.549451920938,0.245755354247,0.523672000236,0.000225787703605,0.025779920702,1.02267659959,0.0492816464771,0.668354771987,-4.35632360259e-05,-0.00376405972595,0.245859124598,0.547333585498,9.78384715589e-06,-0.00244596178897,0.245815561362,0.24709417489,0.563854355006,0.543569525772,0.254524338497,0.54980788746,0.0087087771349,0.00623836168836,4.58830131638,0.668354771987,1.07624506463,0.245981141951,0.549451920938,0.000225787703605,0.025779920702,0.000225787703605,0.025779920702,-0.00428681855826,4,0
1635,3.27,1,-0.112385079265,0,-2.67404031754,0,0,-2.67404031754,0,-2.67404031754,0,-0.101498314377,-0.506489184893,-0.112385081931,-0.510691321503,0.0108867675541,0.00420213661066,-5.59062056844,1.23477339819,-2.67404031287,-2.60470649552e-05,-0.00241134698619,-0.112310948576,-0.490904167206,-1.00053547349e-05,0.00250133868372,-0.112336995641,-0.102526261024,-0.521477339617,-0.493315514192,-0.147983416546,-0.50842606415,-0.0356464209058,-0.0151105499579,-3.18302587214,-2.67404031287,-4.35312325849,-0.101498314377,-0.506489184893,0.0108867675541,0.00420213661066,0.0108867675541,0.00420213661066,-0.00272391176565,4,0
1635,3.27,2,0.251332819462,0,1.66835474968,0,0,1.66835474968,0,1.66835474968,0,0.251872893794,0.63311148914,0.251332811356,0.59155470595,0.000540082437303,0.04155678319,1.58979878146,0.278596514516,1.66835477199,-1.80508483425e-05,-0.0011802726691,0.251352554337,0.591493826238,1.25066933773e-05,-0.00312667334433,0.251334503488,0.253157827119,0.651846682484,0.590313553569,0.26510987679,0.633663030098,0.0137753733015,0.0433494765289,8.29914191826,1.66835477199,1.86979217882,0.251872893794,0.63311148914,0.000540082437303,0.04155678319,0.000540082437303,0.04155678319,-0.00139688284921,4,0
1640,3.28,1,-0.11798337847,0,-3.67404031754,0,0,-3.67404031754,0,-3.67404031754,0,-0.106934665269,-0.579633213635,-0.117983377912,-0.595673469627,0.0110487126426,0.0160402559921,-5.00089426825,1.18918616589,-3.67404031287,-8.41620787138e-05,-0.0072379089203,-0.117780228892,-0.547919121055,-8.6894839303e-06,0.00217237098258,-0.117864390971,-0.108107233435,-0.592801195548,-0.555157029976,-0.148467945666,-0.581363766985,-0.0306035546954,-0.0262067370092,-4.02884635475,-3.67404031287,-3.80346024849,-0.106934665269,-0.579633213635,0.0110487126426,0.0160402559921,0.0110487126426,0.0160402559921,-0.00824785386486,4,0
1640,3.28,2,0.258024066687,0,1.72671985626,0,0,1.72671985626,0,1.72671985626,0,0.258668332488,0.724541524749,0.258024058749,0.723619750506,0.000644273739835,0.000921774242677,1.47891132469,0.253797397164,1.72671982264,5.96832291037e-05,0.00527270046952,0.257871372276,0.686203992453,1.0861854871e-05,-0.00271546371775,0.257931055505,0.26013404271,0.741001502076,0.691476692923,0.270921413324,0.725052069783,0.0129903578194,0.0335753768605,8.00846046423,1.72671982264,1.72671982264,0.258668332488,0.724541524749,0.000644273739835,0.000921774242677,0.000644273739835,0.000921774242677,0.00598889921876,4,0
1645,3.29,1,-0.12443626672,0,-2.67404031754,0,0,-2.67404031754,0,-2.67404031754,0,-0.113031872628,-0.635271228656,-0.124436268707,-0.672286209069,0.01140439608,0.037014980413,-2.75392927229,1.34457302114,-2.67404031287,-0.000103007190312,-0.00844702390535,-0.124213436444,-0.624909104808,-4.78263651275e-06,0.00119565912819,-0.124316443635,-0.114310073501,-0.642687414278,-0.633356128713,-0.135860956818,-0.636222440497,-0.0115445131837,-0.00286631178362,-2.8538227881,-2.67404031287,-1.39967314096,-0.113031872628,-0.635271228656,0.01140439608,0.037014980413,0.01140439608,0.037014980413,-0.00968311018909,4,0
1645,3.29,2,0.265918165445,0,0.895011603832,0,0,0.895011603832,0,0.895011603832,0,0.266289841762,0.794089043241,0.265918175828,0.822167427112,0.000371665933637,-0.0280783838706,0.83653031371,0.0642465496942,0.895011604899,8.45149015381e-05,0.0068547844835,0.265740241985,0.785546985819,5.97829561383e-06,-0.00149457390345,0.265824756887,0.267887592869,0.803359275228,0.792401770302,0.273183385058,0.794376274212,0.00735862817126,0.00197450391013,4.13681251164,0.895011604899,0.892907900102,0.266289841762,0.794089043241,0.000371665933637,-0.0280783838706,0.000371665933637,-0.0280783838706,0.00786896330196,4,0
1650,3.3,1,-0.1313739568,0,-1.67404031754,0,0,-1.67404031754,0,-1.67404031754,0,-0.119524488475,-0.6564546261,-0.131373961927,-0.70186300083,0.0118494734524,0.0454083747299,-0.236172103335,1.5734094448,-1.67404031287,-5.3475232003e-05,-0.00414786800121,-0.131273674305,-0.683724781551,-1.09300231116e-06,0.000273250577788,-0.131327149537,-0.120838229822,-0.657690425614,-0.687872649552,-0.121449334499,-0.656534828018,0.00987781503817,0.031337821534,-1.69346732919,-1.67404031287,1.34202691225,-0.119524488475,-0.6564546261,0.0118494734524,0.0454083747299,0.0118494734524,0.0454083747299,-0.00478957078524,4,0
1650,3.3,2,0.27426597476,0,0.0213585682213,0,0,0.0213585682213,0,0.0213585682213,0,0.274405611644,0.820568289923,0.274265977945,0.831178636372,0.000139633698435,-0.0106103464492,0.0778887585647,-0.055253052336,0.0213585675468,1.7716741345e-05,0.00106453778578,0.2742528576,0.833795257865,1.36625288272e-06,-0.000341563220679,0.274270574341,0.276047788343,0.822113039307,0.834859795651,0.275042935345,0.820594845077,0.000772361003473,-0.014264950574,0.320932467021,0.0213585675468,0.0213585675468,0.274405611644,0.820568289923,0.000139633698435,-0.0106103464492,0.000139633698435,-0.0106103464492,0.00127713868192,4,0
1655,3.31,1,-0.138422235847,0,-1.59668493271,0,0,-1.59668493271,0,-1.59668493271,0,-0.126181083434,-0.68262140252,-0.13842223107,-0.708238254421,0.0122411476361,0.0256168519014,-4.01413888504,1.5958672451,-1.59668498611,-1.49124943485e-06,-6.48507245277e-05,-0.138420924894,-0.707938015798,-6.71894755552e-06,0.00167973688888,-0.138422416143,-0.12755604153,-0.692518258694,-0.708002866522,-0.159573578181,-0.684012756468,-0.0211511620374,0.0239901100545,-1.48392409368,-1.59668498611,-2.41818889422,-0.126181083434,-0.68262140252,0.0122411476361,0.0256168519014,0.0122411476361,0.0256168519014,-8.2745717746e-05,4,0
1655,3.31,2,0.282448500395,0,1.0213586092,0,0,1.0213586092,0,1.0213586092,0,0.282726355416,0.85327676029,0.282448514907,0.817631516301,0.000277840509357,0.0356452439895,1.28271623096,0.0932881207667,1.02135856755,-5.16734192353e-05,-0.00438698064259,0.28256751628,0.844058418108,8.39868440189e-06,-0.00209967110047,0.282515842861,0.28444505305,0.865647830446,0.839671437465,0.293438784887,0.853723111518,0.0109229420261,0.0140516740531,4.14911618082,1.02135856755,1.3810114134,0.282726355416,0.85327676029,0.000277840509357,0.0356452439895,0.000277840509357,0.0356452439895,-0.00500706167341,4,0
1660,3.32,1,-0.145715743303,0,-2.59668493271,0,0,-2.59668493271,0,-2.59668493271,0,-0.133278901189,-0.739621441165,-0.145715747347,-0.749191302337,0.0124368461577,0.00956986117186,-5.33400901682,1.44601341151,-2.59668498611,-2.58938922713e-05,-0.00241252074793,-0.145641029627,-0.729099066792,-8.40955784848e-06,0.00210238946212,-0.14566692352,-0.13477074441,-0.752228778985,-0.73151158754,-0.177629285406,-0.741469373841,-0.0319623618863,-0.00995778630062,-2.34052530813,-2.59668498611,-3.88527235785,-0.133278901189,-0.739621441165,0.0124368461577,0.00956986117186,0.0124368461577,0.00956986117186,-0.00272324745518,4,0
1660,3.32,2,0.290945053101,0,2.02135848999,0,0,2.02135848999,0,2.02135848999,0,0.291598627679,0.924526808219,0.290945048247,0.88208796838,0.000653579432335,0.0424388398394,1.75214990116,0.297158605624,2.02135856755,-1.8841252782e-05,-0.00122968687892,0.290965468391,0.881972786954,1.05119472507e-05,-0.00262798681266,0.290946627138,0.293463431719,0.940285980405,0.880743100075,0.306186681889,0.925134643811,0.0152400547501,0.0443915437357,7.82872569483,2.02135856755,2.05076428869,0.291598627679,0.924526808219,0.000653579432335,0.0424388398394,0.000653579432335,0.0424388398394,-0.0014557819123,4,0
1665,3.33,1,-0.153642073274,0,-3.33530187607,0,0,-3.33530187607,0,-3.33530187607,0,-0.140985835189,-0.800556222212,-0.153642066147,-0.824100196511,0.0126562309577,0.0235439742989,-4.76924400956,1.42587353441,-3.33530184495,-8.2576549704e-05,-0.00707771159843,-0.153443826452,-0.777679589992,-7.1162849406e-06,0.00177907123515,-0.153526403002,-0.14259786205,-0.81135064429,-0.784757301591,-0.180593533319,-0.802206542968,-0.0270671303172,-0.0174492413768,-2.8976929237,-3.33530184495,-3.33530184495,-0.140985835189,-0.800556222212,0.0126562309577,0.0235439742989,0.0126562309577,0.0235439742989,-0.00806863019488,4,0
1665,3.33,2,0.300473511219,0,1.88531899452,0,0,1.88531899452,0,1.88531899452,0,0.301232295245,1.00069528407,0.300473503094,1.00083252789,0.000758792150631,-0.000137243817615,1.63947670907,0.251494967723,1.88531895864,5.65598758142e-05,0.00497399964452,0.3003297011,0.965727113325,8.89535611787e-06,-0.00222383902947,0.300386260976,0.303247328834,1.01418831158,0.970701112969,0.314823898635,1.00126160088,0.014437637659,0.0305604879117,6.75276049425,1.88531895864,1.88531895864,0.301232295245,1.00069528407,0.000758792150631,-0.000137243817615,0.000758792150631,-0.000137243817615,0.00565271815429,4,0
1670,3.34,1,-0.162280961871,0,-2.33530187607,0,0,-2.33530187607,0,-2.33530187607,0,-0.149236473126,-0.845663113971,-0.16228096245,-0.884762380062,0.0130444893238,0.0390992660914,-2.89672059486,1.56948813593,-2.33530184495,-9.51210607966e-05,-0.00778579368352,-0.162076056033,-0.841342052246,-3.79058058281e-06,0.000947645145701,-0.162171177094,-0.150933884056,-0.851548400544,-0.84912784593,-0.173259710687,-0.846664082203,-0.0110885335929,0.00246376372701,-1.70148322324,-2.33530184495,-1.31830521252,-0.149236473126,-0.845663113971,0.0130444893238,0.0390992660914,0.0130444893238,0.0390992660914,-0.00892724641308,4,0
1670,3.34,2,0.311025559902,0,1.17205131054,0,0,1.17205131054,0,1.17205131054,0,0.311545592727,1.05707889839,0.311025547312,1.08155579522,0.000520045414717,-0.0244768968371,1.10557263052,0.0732027861921,1.17205133719,7.25686541004e-05,0.00585325566719,0.310874780133,1.05094294003,4.73822569269e-06,-0.00118455642318,0.310947348787,0.313667356401,1.06443550655,1.05679619569,0.320686793844,1.05745978177,0.00973944505692,0.000663586072063,3.36387447507,1.17205133719,1.17205133719,0.311545592727,1.05707889839,0.000520045414717,-0.0244768968371,0.000520045414717,-0.0244768968371,0.00672407951639,4,0
1675,3.35,1,-0.171266809106,0,-1.33530187607,0,0,-1.33530187607,0,-1.33530187607,0,-0.157803455816,-0.862315372882,-0.171266809058,-0.90201298725,0.0134633532422,0.0396976143679,-0.952048664157,1.7456855376,-1.33530184495,-4.85371557117e-05,-0.00376341816873,-0.171175878242,-0.885586032283,-8.65845479953e-07,0.000216461369985,-0.171224415397,-0.159528746486,-0.863294719245,-0.889349450452,-0.165687291935,-0.862643866053,0.00553712346243,0.0267055843984,-0.522798767953,-1.33530184495,0.797982737484,-0.157803455816,-0.862315372882,0.0134633532422,0.0396976143679,0.0134633532422,0.0396976143679,-0.00434586403727,4,0
1675,3.35,2,0.321915864944,0,0.504129230976,0,0,0.504129230976,0,0.504129230976,0,0.322254321147,1.07789422186,0.321915860391,1.0832906679,0.000338460755937,-0.00539644603339,0.522820015557,-0.0181458351151,0.504129254517,9.65574012052e-06,0.00042905704306,0.321918526223,1.08892167225,1.0823068417e-06,-0.000270576710432,0.321928181963,0.324410934497,1.07911840481,1.0893507293,0.326599070593,1.07807525309,0.00467088862966,-0.0112754762084,0.362271202462,0.504129254517,0.504129254517,0.322254321147,1.07789422186,0.000338460755937,-0.00539644603339,0.000338460755937,-0.00539644603339,0.000544925924506,4,0
1680,3.36,1,-0.180272310972,0,-1.53530180454,0,0,-1.53530180454,0,-1.53530180454,0,-0.16649893569,-0.882789661685,-0.180272304395,-0.902371980705,0.0137733687051,0.0195823190207,-3.9204089426,1.73263848041,-1.53530184495,-5.28721445092e-06,-0.000450184717035,-0.180258599393,-0.898508351038,-5.18864117874e-06,0.00129716029468,-0.180263886607,-0.16827203187,-0.890439570874,-0.898958535755,-0.199108116789,-0.884148377564,-0.0188442301821,0.0148101581913,-0.568712523566,-1.53530184495,-2.18725683089,-0.16649893569,-0.882789661685,0.0137733687051,0.0195823190207,0.0137733687051,0.0195823190207,-0.000513631290446,4,0
1680,3.36,2,0.332648068666,0,1.50412929058,0,0,1.50412929058,0,1.50412929058,0,0.333123671047,1.10348708266,0.332648077201,1.07557533601,0.000475593845351,0.0279117466557,1.4722884033,0.0976215624106,1.50412925452,-4.8123067782e-05,-0.0039976495297,0.332753908857,1.09798966589,6.48580141882e-06,-0.0016214503547,0.332705785789,0.335340041283,1.11304946907,1.09399201636,0.345409537498,1.10399899376,0.0127037517086,0.010006977403,4.1433947952,1.50412925452,1.57448509205,0.333123671047,1.10348708266,0.000475593845351,0.0279117466557,0.000475593845351,0.0279117466557,-0.00457512634308,4,0
1685,3.37,1,-0.189486861229,0,-2.53530192375,0,0,-2.53530192375,0,-2.53530192375,0,-0.175535187798,-0.926280562151,-0.189486857228,-0.938761908033,0.0139516694301,0.0124813458817,-4.86706393941,1.62232730516,-2.53530184495,-3.72022010471e-05,-0.00333000930615,-0.189388773546,-0.914037103098,-6.28535751426e-06,0.00157133937857,-0.189425975747,-0.177397189597,-0.935714917666,-0.917367112404,-0.215992345541,-0.927966277057,-0.0265663697938,-0.010599164653,-1.39988233633,-2.53530184495,-3.24096019852,-0.175535187798,-0.926280562151,0.0139516694301,0.0124813458817,0.0139516694301,0.0124813458817,-0.00377643571871,4,0
1685,3.37,2,0.343750357628,0,2.01097130775,0,0,2.01097130775,0,2.01097130775,0,0.344418986234,1.15785070777,0.343750355327,1.14056640209,0.000668630907046,0.0172843056782,1.81474743898,0.19601124722,2.01097138127,-5.43869895769e-06,-0.000147430687838,0.343743458814,1.13513907588,7.85669681802e-06,-0.00196417420451,0.343738020115,0.346746488493,1.16964365205,1.13499164519,0.359517441422,1.15847981006,0.0157794213075,0.0234881648737,5.8027323042,2.01097138127,2.01097138127,0.344418986234,1.15785070777,0.000668630907046,0.0172843056782,0.000668630907046,0.0172843056782,-0.00021269507533,4,0
1690,3.38,1,-0.19922657311,0,-2.71821331978,0,0,-2.71821331978,0,-2.71821331978,0,-0.185028449897,-0.971177339108,-0.199226578521,-0.99843617498,0.0141981286239,0.0272588358723,-4.36270229484,1.6430170581,-2.71821324744,-8.15440507955e-05,-0.00694557630071,-0.199035539053,-0.954707977469,-5.09594359618e-06,0.00127398589904,-0.199117083104,-0.186978645878,-0.978919948113,-0.96165355377,-0.221255374181,-0.972686794286,-0.022138291077,-0.0110332405168,-1.38397161151,-2.71821324744,-2.71176113183,-0.185028449897,-0.971177339108,0.0141981286239,0.0272588358723,0.0141981286239,0.0272588358723,-0.00792410491026,4,0
1690,3.38,2,0.355698317289,0,1.83050632477,0,0,1.83050632477,0,1.83050632477,0,0.356285563907,1.2139716784,0.355698312038,1.23024574053,0.000587251869236,-0.0162740621334,1.70754849366,0.128261601785,1.83050634728,5.35368318356e-05,0.00466130618658,0.355567894873,1.19959722471,6.36992942499e-06,-0.00159248235625,0.355621431705,0.358723308892,1.22364993955,1.2042585309,0.370446352084,1.21456171124,0.0148249203797,0.0103031803434,4.58550106007,1.83050634728,1.83050634728,0.356285563907,1.2139716784,0.000587251869236,-0.0162740621334,0.000587251869236,-0.0162740621334,0.00530374816861,4,0
1695,3.39,1,-0.209460392594,0,-1.71821320057,0,0,-1.71821320057,0,-1.71821320057,0,-0.194914100488,-1.0029188757,-0.209460395246,-1.03502598964,0.0145462947588,0.03210711394,-2.98217300985,1.75038886773,-1.71821324744,-7.95815060357e-05,-0.00648039590138,-0.20929111667,-0.999557908821,-2.56034853405e-06,0.000640087133514,-0.209370698176,-0.196924066903,-1.00690346903,-1.00603830472,-0.219660618082,-1.0039499806,-0.0102899199062,0.0020883241192,-0.18214510077,-1.71821324744,-1.22434876814,-0.194914100488,-1.0029188757,0.0145462947588,0.03210711394,0.0145462947588,0.03210711394,-0.0074353739738,4,0
1695,3.39,2,0.368342339993,0,1.30108821392,0,0,1.30108821392,0,1.30108821392,0,0.368642627188,1.25364859868,0.368342344627,1.27919871123,0.000300282560148,-0.0255501125534,1.31581333398,-0.0101705263012,1.30108824833,4.99449656158e-05,0.00395521975454,0.368243305443,1.26011252688,3.20043562541e-06,-0.000800108906355,0.368293250409,0.371155085215,1.25862934027,1.26406774664,0.379550845763,1.25410310779,0.0112575953548,-0.00996463884897,1.99624799018,1.30108824833,1.30108824833,0.368642627188,1.25364859868,0.000300282560148,-0.0255501125534,0.000300282560148,-0.0255501125534,0.00455455934193,4,0
1700,3.4,1,-0.219837263227,0,-0.718213260174,0,0,-0.718213260174,0,-0.718213260174,0,-0.205017154991,-1.01399367341,-0.219837260004,-1.03470908567,0.0148201050129,0.0207154122636,-1.7326138098,1.83112496929,-0.71821324744,-3.72045686428e-05,-0.00287178368348,-0.219768350686,-1.02242527725,-5.8428439334e-07,0.000146071098339,-0.219805555255,-0.207045588626,-1.01465503069,-1.02529706093,-0.219402976034,-1.01459308262,0.000402579220394,0.0107039783103,0.997501945847,-0.71821324744,0.101829397999,-0.205017154991,-1.01399367341,0.0148201050129,0.0207154122636,0.0148201050129,0.0207154122636,-0.0033182385072,4,0
1700,3.4,2,0.381116241217,0,0.900741577148,0,0,0.900741577148,0,0.900741577148,0,0.381271445356,1.26749209562,0.381116246262,1.26863380625,0.000155199093629,-0.00114171062274,0.945676365293,-0.0459191215306,0.900741579137,-7.13014049394e-06,-0.0008987736883,0.381152007212,1.28061233244,7.30355482037e-07,-0.00018258887051,0.381144877072,0.383806987407,1.26831879221,1.27971355875,0.389146612363,1.26782022758,0.00800173529147,-0.0118933311679,0.0959035198841,0.900741579137,0.900741579137,0.381271445356,1.26749209562,0.000155199093629,-0.00114171062274,0.000155199093629,-0.00114171062274,-0.000984335374227,4,0
1705,3.41,1,-0.230104163289,0,-1.31821322441,0,0,-1.31821322441,0,-1.31821322441,0,-0.215205150799,-1.02748899973,-0.230104158322,-1.02556729417,0.0148990075234,-0.0019217055591,-3.70463651155,1.75192136124,-1.31821324744,-6.31863758266e-06,-0.000602846733069,-0.230085109743,-1.0199997633,-3.33231339414e-06,0.000833078348537,-0.23009142838,-0.217264974909,-1.03241129001,-1.02060261004,-0.246017971661,-1.02877286727,-0.0159265432813,-0.00817025723323,0.558975089902,-1.31821324744,-1.95203647992,-0.215205150799,-1.02748899973,0.0148990075234,-0.0019217055591,0.0148990075234,-0.0019217055591,-0.000678670384061,4,0
1705,3.41,2,0.393694847822,0,1.65504980087,0,0,1.65504980087,0,1.65504980087,0,0.394006440154,1.28436125329,0.393694841635,1.25955119731,0.000311598518669,0.0248100559821,1.58020597328,0.0703510137959,1.65504985325,-4.82181168363e-05,-0.00391424876362,0.393796767862,1.2803946691,4.16539167947e-06,-0.00104134791987,0.393748549746,0.396581220299,1.29051411604,1.27648042033,0.407189376773,1.28491054231,0.0134408270279,0.0084301219804,2.89123074478,1.65504985325,1.65504985325,0.394006440154,1.28436125329,0.000311598518669,0.0248100559821,0.000311598518669,0.0248100559821,-0.00449286616565,4,0
1710,3.42,1,-0.240483090281,0,-2.31821322441,0,0,-2.31821322441,0,-2.31821322441,0,-0.225612056306,-1.0547380688,-0.240483091264,-1.05003716222,0.014871034958,-0.00470090658063,-4.2183137772,1.64774654,-2.31821324744,-3.8520446543e-05,-0.00340721064023,-0.24038387832,-1.02543194711,-3.76622505152e-06,0.000941556262883,-0.240422398766,-0.227727220262,-1.06040664675,-1.02883915775,-0.260671558458,-1.05619888139,-0.020249159692,-0.0273597236318,-0.264038314827,-2.31821324744,-2.5666977812,-0.225612056306,-1.0547380688,0.014871034958,-0.00470090658063,0.014871034958,-0.00470090658063,-0.00386945599875,4,0
1710,3.42,2,0.406534940004,0,1.92259895802,0,0,1.92259895802,0,1.92259895802,0,0.407015072071,1.31842258907,0.406534953478,1.30532941264,0.000480118593967,0.0130931764292,1.77421041091,0.148172938142,1.92259895695,-5.01732925164e-06,-0.000155399951829,0.40652952842,1.30071686492,4.70778122941e-06,-0.00117694530735,0.406524511091,0.409659027022,1.32550831138,1.30056146496,0.42177632838,1.31903764141,0.0152518172892,0.0184761764488,3.62807563692,1.92259895695,1.92259895695,0.407015072071,1.31842258907,0.000480118593967,0.0130931764292,0.000480118593967,0.0130931764292,-0.000215607902849,4,0
1715,3.43,1,-0.251233756542,0,-2.13040089607,0,0,-2.13040089607,0,-2.13040089607,0,-0.236295149934,-1.08077581205,-0.251233759666,-1.09070924834,0.0149386097321,0.00993343629681,-3.805699539,1.66807705455,-2.13040088417,-7.50567739718e-05,-0.00632091899301,-0.251061248638,-1.0518825725,-2.75540537409e-06,0.000688851343524,-0.251136305412,-0.238460977049,-1.08498011138,-1.05820349149,-0.267894273168,-1.08209244218,-0.0167579677559,-0.0238889506928,0.121725633682,-2.13040088417,-2.13040088417,-0.236295149934,-1.08077581205,0.0149386097321,0.00993343629681,0.0149386097321,0.00993343629681,-0.00722160028067,4,0
1715,3.43,2,0.4199616611,0,1.75739622116,0,0,1.75739622116,0,1.75739622116,0,0.420368939134,1.3509697675,0.419961657413,1.36534239658,0.000407281720585,-0.0143726290805,1.67921109929,0.0824162358119,1.75739617076,4.34951305041e-05,0.0037092227727,0.419859181428,1.34196759936,3.44425663928e-06,-0.000861064159827,0.419902676559,0.423076223032,1.35622514154,1.34567682213,0.434302914329,1.3515503498,0.0144002377704,0.00587352766191,2.53950829648,1.75739617076,1.75739617076,0.420368939134,1.3509697675,0.000407281720585,-0.0143726290805,0.000407281720585,-0.0143726290805,0.00423116433875,4,0
1720,3.44,1,-0.262276470661,0,-1.26365911961,0,0,-1.26365911961,0,-1.26365911961,0,-0.247194661394,-1.097157556,-0.262276473084,-1.10943376549,0.0150818116892,0.0122762094873,-3.00350003681,1.73334293617,-1.2636591642,-6.9400565956e-05,-0.00566512965391,-0.262127973976,-1.07809589805,-1.16924037064e-06,0.000292310092661,-0.262197374541,-0.249390889713,-1.09899108942,-1.0837610277,-0.272126394638,-1.09819637822,-0.00992902009692,-0.0144353505142,1.18455128525,-1.2636591642,-1.2636591642,-0.247194661394,-1.097157556,0.0150818116892,0.0122762094873,0.0150818116892,0.0122762094873,-0.00649793644538,4,0
1720,3.44,2,0.433807760477,0,1.42662322521,0,0,1.42662322521,0,1.42662322521,0,0.433993328481,1.37144694692,0.433807774087,1.39182994199,0.000185554394021,-0.020382995065,1.45420089885,-0.0243895234002,1.4266232062,3.51247619795e-05,0.00276667210934,0.433739108963,1.37881645363,1.4615504173e-06,-0.00036538760433,0.433774233725,0.436738613883,1.37373886363,1.38158312574,0.446064144949,1.37194989761,0.0122899112238,-0.00963322813102,0.816560459799,1.4266232062,1.4266232062,0.433993328481,1.37144694692,0.000185554394021,-0.020382995065,0.000185554394021,-0.020382995065,0.00318816925309,4,0
1725,3.45,1,-0.273340165615,0,-0.776386320591,0,0,-0.776386320591,0,-0.776386320591,0,-0.25819897564,-1.10195902223,-0.27334015916,-1.10141572982,0.0151411835206,-0.000543292416609,-2.52710751991,1.74716867439,-0.776386301106,-3.87852515759e-05,-0.00308712139646,-0.273262006916,-1.08586203904,-2.6601056885e-07,6.65026422177e-05,-0.273300792168,-0.260403098294,-1.10226083492,-1.08894916044,-0.279192153946,-1.10283373799,-0.00589136177779,-0.0138845775542,1.85006404756,-0.776386301106,-0.776386301106,-0.25819897564,-1.10195902223,0.0151411835206,-0.000543292416609,0.0151411835206,-0.000543292416609,-0.00355254441537,4,0
1725,3.45,2,0.447683423758,0,1.27243769169,0,0,1.27243769169,0,1.27243769169,0,0.447748721306,1.37744877951,0.447683437398,1.38084434768,6.52839077234e-05,-0.00339556817596,1.31983813124,-0.048153649375,1.27243771455,-5.88800717698e-06,-0.000682576600281,0.447708742746,1.38886288359,3.32513200585e-07,-8.31283001406e-05,0.447702854739,0.450503874627,1.37782604535,1.38818030699,0.458734576673,1.37790652348,0.0110317219341,-0.0102737835099,-0.0844703936812,1.27243771455,1.27243771455,0.447748721306,1.37744877951,6.52839077234e-05,-0.00339556817596,6.52839077234e-05,-0.00339556817596,-0.000753232686405,4,0
1730,3.46,1,-0.284328520298,0,-1.67960834503,0,0,-1.67960834503,0,-1.67960834503,0,-0.269239338137,-1.10762742509,-0.284328529168,-1.10137291128,0.0150891910313,-0.00625451380224,-3.37837634989,1.69577443601,-1.67960837151,-3.01944284679e-05,-0.00263120923283,-0.28425350164,-1.0830865127,-1.2666041036e-06,0.000316651025904,-0.284283696069,-0.271456463853,-1.10951281085,-1.08571772193,-0.29731877917,-1.1087974018,-0.0130350831016,-0.0230796798645,1.12164834475,-1.67960837151,-1.67960837151,-0.269239338137,-1.10762742509,0.0150891910313,-0.00625451380224,0.0150891910313,-0.00625451380224,-0.00299354237445,4,0
1730,3.46,2,0.461464226246,0,1.60789310932,0,0,1.60789310932,0,1.60789310932,0,0.461549174443,1.38453428282,0.461464231566,1.3821334456,8.49428774645e-05,0.0024008372161,1.59942732751,0.00703296509736,1.60789306086,-1.66755712683e-05,-0.00123266139965,0.461492084882,1.38613071438,1.58325506167e-06,-0.000395813765413,0.461475409311,0.464320581591,1.38689101492,1.38489805298,0.474866554789,1.38508917367,0.0133911454784,0.000191120691808,1.01421613281,1.60789306086,1.60789306086,0.461549174443,1.38453428282,8.49428774645e-05,0.0024008372161,8.49428774645e-05,0.0024008372161,-0.00143276825487,4,0
1735,3.47,1,-0.295445621014,0,-1.73424577713,0,0,-1.73424577713,0,-1.73424577713,0,-0.280362992897,-1.11692250352,-0.295445615392,-1.11895197297,0.0150826224957,0.0020294694478,-3.42624993669,1.68666516607,-1.7342457825,-5.51515039322e-05,-0.00467717007096,-0.295316576097,-1.08936873377,-1.01044681761e-06,0.000252611704397,-0.295371727601,-0.282598415479,-1.11846912632,-1.09404590384,-0.308821177564,-1.11810826122,-0.0134494499633,-0.0240623573804,1.2504755966,-1.7342457825,-1.7342457825,-0.280362992897,-1.11692250352,0.0150826224957,0.0020294694478,0.0150826224957,0.0020294694478,-0.00533898811814,4,0
1735,3.47,2,0.475432723761,0,1.63002109528,0,0,1.63002109528,0,1.63002109528,0,0.475453742905,1.39615313028,0.475432719029,1.40704899967,2.10238757435e-05,-0.0108958693945,1.63261644074,-0.000881271459534,1.63002104931,1.6860601137e-05,0.0015117927633,0.47538827708,1.39598411717,1.26305843212e-06,-0.000315764608031,0.475405137681,0.478248021134,1.39808640864,1.39749590993,0.489021041241,1.39671843437,0.0136159035592,-0.000777475560502,0.793915155447,1.63002104931,1.63002104931,0.475453742905,1.39615313028,2.10238757435e-05,-0.0108958693945,2.10238757435e-05,-0.0108958693945,0.00171411997694,4,0
1740,3.48,1,-0.306716561317,0,-1.40150904655,0,0,-1.40150904655,0,-1.40150904655,0,-0.29156465999,-1.1224651659,-0.306716548897,-1.13100247945,0.0151518889068,0.00853731354569,-3.13072718696,1.72323319032,-1.40150909888,-6.29671174873e-05,-0.00522929235206,-0.306576062093,-1.10009765033,-2.41734898598e-07,6.04337246533e-05,-0.306639029211,-0.293810031356,-1.12286698397,-1.10532694268,-0.317559049918,-1.12354826548,-0.0109200207074,-0.0182213227982,1.77024488077,-1.40150909888,-1.40150909888,-0.29156465999,-1.1224651659,0.0151518889068,0.00853731354569,0.0151518889068,0.00853731354569,-0.00598489776191,4,0
1740,3.48,2,0.489613413811,0,1.4899314642,0,0,1.4899314642,0,1.4899314642,0,0.489455826777,1.40308145758,0.489613412486,1.42312949325,-0.000157585708743,-0.0200480356693,1.55557560184,-0.063102968806,1.4899315179,2.69193195081e-05,0.00221808329798,0.489554500462,1.41046973596,3.02168541966e-07,-7.55421354977e-05,0.489581419781,0.492262540985,1.40358373005,1.41268781926,0.502375351104,1.4036197711,0.0127939313225,-0.00906804816029,-0.0897873048614,1.4899315179,1.4899315179,0.489455826777,1.40308145758,-0.000157585708743,-0.0200480356693,-0.000157585708743,-0.0200480356693,0.00254111513208,4,0
1745,3.49,1,-0.318039953709,0,-1.19156849384,0,0,-1.19156849384,0,-1.19156849384,0,-0.30279317593,-1.12245779199,-0.318039941063,-1.13211667524,0.0152467651329,0.00965888325551,-2.95666162998,1.75986236028,-1.19156855108,-5.53227773521e-05,-0.00456684528749,-0.317918053919,-1.10553860038,2.95335465417e-07,-7.3833866352e-05,-0.317973376696,-0.305037669049,-1.12202505786,-1.11010544567,-0.327345807429,-1.1234808183,-0.0093724307326,-0.0133753726332,2.1621613217,-1.19156855108,-1.19156855108,-0.30279317593,-1.12245779199,0.0152467651329,0.00965888325551,0.0152467651329,0.00965888325551,-0.00523071861571,4,0
1745,3.49,2,0.503853619099,0,1.39684522152,0,0,1.39684522152,0,1.39684522152,0,0.503491471701,1.40307223966,0.503853596549,1.42296609172,-0.000362124847659,-0.0198938520543,1.51118528879,-0.112805116835,1.39684524371,1.66950084654e-05,0.00133458813797,0.503819406171,1.41602756741,-3.69169378622e-07,9.22923446625e-05,0.50383610118,0.506297088099,1.40253132193,1.41736215555,0.516050088219,1.40359551535,0.0122139870392,-0.0137666401989,-0.744916246427,1.39684524371,1.39684524371,0.503491471701,1.40307223966,-0.000362124847659,-0.0198938520543,-0.000362124847659,-0.0198938520543,0.00153492823955,4,0
1750,3.5,1,-0.329357981682,0,-1.49582946301,0,0,-1.49582946301,0,-1.49582946301,0,-0.314007308383,-1.12068423296,-0.329357983652,-1.13283129437,0.0153506752692,0.0121470614024,-3.28275722639,1.78198303721,-1.4958294701,-5.15602095046e-05,-0.00432599656251,-0.329239622979,-1.10594184851,6.89776776808e-08,-1.72444194186e-05,-0.329291183189,-0.316248626924,-1.12060753706,-1.11026784507,-0.341275072742,-1.12182038981,-0.0119838895532,-0.0115525447433,2.03733747983,-1.4958294701,-1.4958294701,-0.314007308383,-1.12068423296,0.0153506752692,0.0121470614024,0.0153506752692,0.0121470614024,-0.00494471907657,4,0
1750,3.5,2,0.518064916134,0,1.48444843292,0,0,1.48444843292,0,1.48444843292,0,0.517509137263,1.40085529067,0.518064922696,1.42148119616,-0.000555785433016,-0.0206259054861,1.62077263273,-0.135135658525,1.48444839598,1.20390806139e-05,0.00104410925624,0.518034595172,1.41393838537,-8.62221077869e-08,2.15555269483e-05,0.518046634253,0.520310785437,1.40075942078,1.41498249462,0.530982280177,1.40141667163,0.0129356459245,-0.0135658229932,-0.648564367747,1.48444839598,1.48444839598,0.517509137263,1.40085529067,-0.000555785433016,-0.0206259054861,-0.000555785433016,-0.0206259054861,0.0011885782236,4,0
1755,3.51,1,-0.340714156628,0,-1.13336193562,0,0,-1.13336193562,0,-1.13336193562,0,-0.32520633099,-1.11816954575,-0.340714151764,-1.13604267813,0.0155078207746,0.017873132373,-2.95916223137,1.82017821131,-1.13336199121,-5.90504302142e-05,-0.00491342369516,-0.340581889229,-1.10686115626,8.78690580963e-07,-0.000219672645244,-0.340640939659,-0.327441448148,-1.11689956128,-1.11177457995,-0.349776509451,-1.11919330319,-0.00913556979174,-0.00741872323954,2.57739650446,-1.13336199121,-1.13336199121,-0.32520633099,-1.11816954575,0.0155078207746,0.017873132373,0.0155078207746,0.017873132373,-0.00562202885773,4,0
1755,3.51,2,0.532299041748,0,1.35291969776,0,0,1.35291969776,0,1.35291969776,0,0.531507915515,1.3977119314,0.532299022768,1.42270202353,-0.000791107253705,-0.0249900921254,1.52757056969,-0.172542537586,1.35291966178,2.22179734395e-05,0.00184175464027,0.532249808267,1.41204002686,-1.09836329454e-06,0.000274590823622,0.53227202624,0.534301811961,1.39612445071,1.4138817815,0.544198068993,1.3982406878,0.0119260427526,-0.0156410937054,-1.43342081777,1.35291966178,1.35291966178,0.531507915515,1.3977119314,-0.000791107253705,-0.0249900921254,-0.000791107253705,-0.0249900921254,0.00210837032154,4,0
1760,3.52,1,-0.352025210857,0,-0.672168254852,0,0,-0.672168254852,0,-0.672168254852,0,-0.336347794863,-1.1089265896,-0.352025204696,-1.12592514565,0.0156774098327,0.0169985560467,-2.5376122736,1.86062507213,-0.672168242627,-5.12017043506e-05,-0.00420453839627,-0.351913962242,-1.10203020764,1.80882150608e-06,-0.000452205376518,-0.351965163946,-0.33856301625,-1.10625407724,-1.10623474604,-0.357417825905,-1.10980450756,-0.00545266195848,-0.00356976152192,3.20793747901,-0.672168242627,-0.672168242627,-0.336347794863,-1.1089265896,0.0156774098327,0.0169985560467,0.0156774098327,0.0169985560467,-0.00481895884848,4,0
1760,3.52,2,0.546439409256,0,1.19354081154,0,0,1.19354081154,0,1.19354081154,0,0.545434745346,1.38615823562,0.546439395395,1.4057508247,-0.00100465004832,-0.01959258908,1.39756125417,-0.20295714398,1.19354076509,1.20001537914e-05,0.000919343250109,0.546417518529,1.4019557611,-2.26102697154e-06,0.000565256742886,0.546429518683,0.548203772077,1.38281759503,1.40287510435,0.557052058975,1.38664229035,0.0106225402922,-0.0162328139938,-2.28851503839,1.19354076509,1.19354076509,0.545434745346,1.38615823562,-0.00100465004832,-0.01959258908,-0.00100465004832,-0.01959258908,0.00106334509561,4,0
1765,3.53,1,-0.363165080547,0,-0.500016570091,0,0,-0.500016570091,0,-0.500016570091,0,-0.347364193483,-1.09362590524,-0.36316509024,-1.10531517981,0.0158008967574,0.0116892745713,-2.37717174578,1.87352723084,-0.500016594456,-3.84841876746e-05,-0.00316611023185,-0.363080902768,-1.08704059782,2.28712466954e-06,-0.000571781167382,-0.363119386956,-0.349548024158,-1.09019999434,-1.09020670805,-0.367109445409,-1.09444862407,-0.00399005845298,-0.00424191601963,3.53745569813,-0.500016594456,-0.500016594456,-0.347364193483,-1.09362590524,0.0158008967574,0.0116892745713,0.0158008967574,0.0116892745713,-0.00362792048394,4,0
1765,3.53,2,0.560320436954,0,1.15136921406,0,0,1.15136921406,0,1.15136921406,0,0.559205243603,1.36703237951,0.560320423115,1.37557026548,-0.00111517951163,-0.00853788597003,1.34301449751,-0.19210330984,1.15136921032,-4.2708981325e-06,-0.000406771880124,0.560333001081,1.37889613546,-2.85890591611e-06,0.000714726479019,0.560328730183,0.561935031944,1.36274999077,1.37848936358,0.570381444811,1.36749805457,0.0100527146283,-0.0109913090154,-2.61651178368,1.15136921032,1.15136921032,0.559205243603,1.36703237951,-0.00111517951163,-0.00853788597003,-0.00111517951163,-0.00853788597003,-0.000458022657713,4,0
1770,3.54,1,-0.374104112387,0,-0.970353126526,0,0,-0.970353126526,0,-0.970353126526,0,-0.35821618495,-1.07722987679,-0.374104098012,-1.08804877221,0.0158879130619,0.0108188954176,-2.84164784656,1.86765363823,-0.970353150305,-3.76408440575e-05,-0.00318936789258,-0.374015576426,-1.06748246087,1.74135428804e-06,-0.000435338572016,-0.37405321727,-0.360367913112,-1.07455806539,-1.07067182876,-0.381825253555,-1.07821358799,-0.0077720362847,-0.00754175922804,3.22044957501,-0.970353150305,-0.970353150305,-0.35821618495,-1.07722987679,0.0158879130619,0.0108188954176,0.0158879130619,0.0108188954176,-0.00364105802127,4,0
1770,3.54,2,0.573915779591,0,1.32205152512,0,0,1.32205152512,0,1.32205152512,0,0.572770232914,1.34653734344,0.573915779353,1.35136623788,-0.00114554643922,-0.00482889443379,1.48172987345,-0.160056283866,1.32205149301,-4.71820604061e-06,-0.000321284956983,0.573921192608,1.35136008946,-2.17669290492e-06,0.000544173226232,0.573916474402,0.575459893112,1.34319757912,1.3510388045,0.585099725685,1.34705107231,0.011183251283,-0.00398773218826,-2.07527080599,1.32205149301,1.32205149301,0.572770232914,1.34653734344,-0.00114554643922,-0.00482889443379,-0.00114554643922,-0.00482889443379,-0.00037790342947,4,0
1775,3.55,1,-0.384998321533,0,-1.96999812126,0,0,-1.96999812126,0,-1.96999812126,0,-0.368935510425,-1.06899273175,-0.384998318759,-1.09456590887,0.0160628083334,0.0255731771206,-3.9492591252,1.88885873073,-1.969998101,-6.26269709387e-05,-0.0054028000283,-0.384845337424,-1.05802278259,3.99631802706e-07,-9.99079506721e-05,-0.384907964395,-0.371073194566,-1.06854234633,-1.06342558262,-0.401737768739,-1.07035949251,-0.0168298043444,-0.00693390989322,2.38743823158,-1.969998101,-2.05424607079,-0.368935510425,-1.06899273175,0.0160628083334,0.0255731771206,0.0160628083334,0.0255731771206,-0.00615432367957,4,0
1775,3.55,2,0.587445497513,0,1.65152180195,0,0,1.65152180195,0,1.65152180195,0,0.586169389731,1.33624091194,0.587445524242,1.36000907068,-0.00127613451034,-0.0237681587417,1.82808601112,-0.173611843333,1.65152174975,2.8444450203e-05,0.00261108462979,0.587365747638,1.33895693942,-4.99539763665e-07,0.000124884940913,0.587394192088,0.588841494901,1.33567793016,1.34156802405,0.601352476814,1.33687354057,0.0139582847264,-0.00469448348216,-0.96874292568,1.65152174975,1.65152174975,0.586169389731,1.33624091194,-0.00127613451034,-0.0237681587417,-0.00127613451034,-0.0237681587417,0.00295241803222,4,0
1780,3.56,1,-0.396029651165,0,-0.969998121262,0,0,-0.969998121262,0,-0.969998121262,0,-0.379589517364,-1.05845296152,-0.396029655917,-1.10404935172,0.0164401385535,0.0455963901951,-2.47068868483,2.01555426764,-0.969998100999,-8.7567517127e-05,-0.00722862038182,-0.395836795148,-1.06229890744,2.96877390471e-06,-0.000742193476179,-0.395924362665,-0.381702185334,-1.05410740461,-1.06952752782,-0.400074031091,-1.05930648293,-0.00414966842559,0.010221044893,3.55935232079,-0.969998100999,-0.446854986605,-0.379589517364,-1.05845296152,0.0164401385535,0.0455963901951,0.0164401385535,0.0455963901951,-0.00827943058734,4,0
1780,3.56,2,0.601133882999,0,1.06712901592,0,0,1.06712901592,0,1.06712901592,0,0.599486898376,1.32306619891,0.601133878992,1.36694140824,-0.00164698061575,-0.0438752093339,1.36766326418,-0.294830155803,1.06712903871,6.07892319454e-05,0.00497459887819,0.601002599629,1.33922185956,-3.71096744523e-06,0.000927741861308,0.601063388861,0.602127733333,1.31763425267,1.34419645844,0.610816888209,1.32353828182,0.00975349934866,-0.0206581766252,-3.56698612238,1.06712903871,1.06712903871,0.599486898376,1.32306619891,-0.00164698061575,-0.0438752093339,-0.00164698061575,-0.0438752093339,0.00570406966154,4,0
1785,3.57,1,-0.406950891018,0,0.0300018992275,0,0,0.0300018992275,0,0.0300018992275,0,-0.390048731201,-1.03125273971,-0.40695090221,-1.08014955537,0.0169021710092,0.0488968156621,-1.60582830961,2.16035995848,0.030001899001,-6.0808125672e-05,-0.00489933325128,-0.406824830472,-1.05433962064,4.51443492211e-06,-0.00112860873053,-0.406885638597,-0.392104560885,-1.02452901597,-1.0592389539,-0.403360614283,-1.0318074015,0.00352502431387,0.0274315523942,4.7136869176,0.030001899001,0.560160679636,-0.390048731201,-1.03125273971,0.0169021710092,0.0488968156621,0.0169021710092,0.0488968156621,-0.00562903075935,4,0
1785,3.57,2,0.614572703838,0,0.697591245174,0,0,0.697591245174,0,0.697591245174,0,0.61256091564,1.28906592109,0.614572675798,1.32299712149,-0.00201176015791,-0.0339312004087,1.08235826412,-0.382485582985,0.697591243265,2.61829796056e-05,0.00196724211884,0.614527489381,1.31576963428,-5.64304373518e-06,0.00141076093381,0.614553672361,0.615130702739,1.28066126629,1.3177368764,0.621545956829,1.2894402978,0.00699228446883,-0.0282965785989,-5.18629362268,0.697591243265,0.697591243265,0.61256091564,1.28906592109,-0.00201176015791,-0.0339312004087,-0.00201176015791,-0.0339312004087,0.00228143787411,4,0
1790,3.58,1,-0.417471259832,0,0.619908452034,0,0,0.619908452034,0,0.619908452034,0,-0.400187660505,-0.996070106881,-0.417471252971,-1.03080409422,0.0172835924655,0.0347339873383,-1.59027583785,2.20789401665,0.619908448317,-2.54884597289e-05,-0.00198440799986,-0.417422080397,-1.02142670177,4.67227578327e-06,-0.00116806894581,-0.417447568857,-0.402172732378,-0.989031729596,-1.02341110977,-0.413397939063,-0.996620535154,0.00404962979368,0.0267905746151,5.42800050657,0.619908448317,0.619908448317,-0.400187660505,-0.996070106881,0.0172835924655,0.0347339873383,0.0172835924655,0.0347339873383,-0.0022902695166,4,0
1790,3.58,2,0.627381443977,0,0.704362988472,0,0,0.704362988472,0,0.704362988472,0,0.625234577232,1.24508762945,0.627381430082,1.2511287013,-0.00214685285021,-0.00604107184529,1.05349766747,-0.351094050247,0.704362998666,-1.87024316851e-05,-0.0017349522587,0.627433794443,1.26470903706,-5.84034480122e-06,0.0014600862003,0.627415092011,0.627715917065,1.23628965773,1.26297408481,0.634014809181,1.24545347245,0.00659971717046,-0.0175206123577,-5.17610025476,0.704362998666,0.704362998666,0.625234577232,1.24508762945,-0.00214685285021,-0.00604107184529,-0.00214685285021,-0.00604107184529,-0.00195938143892,4,0
1795,3.59,1,-0.427510350943,0,-0.276676356792,0,0,-0.276676356792,0,-0.276676356792,0,-0.409981256965,-0.964315646667,-0.42751036152,-0.990070491476,0.0175291045556,0.0257548448083,-2.66394043456,2.17337352892,-0.27667634476,-1.86987100559e-05,-0.00166932727138,-0.427460887959,-0.977361112275,3.07795741655e-06,-0.000769489354144,-0.427479586669,-0.411905019176,-0.959572637726,-0.979030439547,-0.432126532995,-0.965238366502,-0.0046469463256,0.0137920730446,4.64626276236,-0.27667634476,-0.488673193848,-0.409981256965,-0.964315646667,0.0175291045556,0.0257548448083,0.0175291045556,0.0257548448083,-0.00189371179205,4,0
1795,3.59,2,0.639538407326,0,1.12170279026,0,0,1.12170279026,0,1.12170279026,0,0.637476572763,1.20539455372,0.639538410585,1.19814511074,-0.00206183782261,0.00724944298248,1.36640496566,-0.247058662173,1.12170284266,-2.62822839129e-05,-0.00204115176441,0.639587660812,1.20681209955,-3.84744681059e-06,0.000961861702653,0.639561378528,0.639881275518,1.19946579248,1.20477094778,0.648863150272,1.20586899445,0.00930177174433,0.00109804666714,-3.49729817811,1.12170284266,1.12170284266,0.637476572763,1.20539455372,-0.00206183782261,0.00724944298248,-0.00206183782261,0.00724944298248,-0.00235653917136,4,0
1800,3.6,1,-0.4373472929,0,-1.27667629719,0,0,-1.27667629719,0,-1.27667629719,0,-0.41953224082,-0.950132485721,-0.43734727833,-0.984490840121,0.0178150375101,0.0343583543997,-4.48339441669,2.1444708594,-1.27667634476,-5.78801629142e-05,-0.00507169252715,-0.437200736782,-0.948521938088,7.05175592419e-07,-0.000176293898106,-0.437258616945,-0.421431972004,-0.949336710168,-0.953593630615,-0.45678114061,-0.951684523213,-0.0195225236651,0.00190910740217,3.77620346916,-1.27667634476,-2.33315730281,-0.41953224082,-0.950132485721,0.0178150375101,0.0343583543997,0.0178150375101,0.0343583543997,-0.00576625448212,4,0
1800,3.6,2,0.651487469673,0,1.70850718021,0,0,1.70850718021,0,1.70850718021,0,0.649415302535,1.18766560236,0.651487472161,1.20144581169,-0.00207216962645,-0.0137802093335,1.92760535699,-0.216418553672,1.7085071364,2.47736242962e-05,0.00238238342865,0.65141087316,1.18007866768,-8.81469499614e-07,0.000220367374905,0.651435646784,0.651789966505,1.18667088291,1.18246105111,0.665428549176,1.18833282097,0.0139929023923,0.0058717698654,-1.27909993052,1.7085071364,1.7085071364,0.649415302535,1.18766560236,-0.00207216962645,-0.0137802093335,-0.00207216962645,-0.0137802093335,0.00267966692021,4,0
1805,3.61,1,-0.447247684002,0,-0.676676332951,0,0,-0.676676332951,0,-0.676676332951,0,-0.428971801652,-0.932229885,-0.44724768982,-0.989397842262,0.0182758881676,0.0571679572621,-1.94274638087,2.27228099765,-0.67667634476,-9.61394593223e-05,-0.00796696308304,-0.44703422856,-0.942913528637,4.8723182457e-06,-0.00121807956143,-0.447130368019,-0.430829273735,-0.925081802967,-0.95088049172,-0.445057423095,-0.932900119227,0.00207294492416,0.0179803724935,4.52168407266,-0.67667634476,0.338655253367,-0.428971801652,-0.932229885,0.0182758881676,0.0571679572621,0.0182758881676,0.0571679572621,-0.00912063659491,4,0
1805,3.61,2,0.663598716259,0,0.776866316795,0,0,0.776866316795,0,0.776866316795,0,0.661214753526,1.16528735124,0.663598706131,1.20788006993,-0.00238395260552,-0.0425927186874,1.12876194738,-0.34493600553,0.77686630871,7.36083241874e-05,0.00607633325272,0.663436741039,1.17310391899,-6.09039786359e-06,0.00152259946589,0.663510349363,0.66353659362,1.15635224862,1.17918025224,0.670546904493,1.16567619086,0.00703655513005,-0.0135040613792,-5.21032071776,0.77686630871,0.77686630871,0.661214753526,1.16528735124,-0.00238395260552,-0.0425927186874,-0.00238395260552,-0.0425927186874,0.00695963314297,4,0
1810,3.62,1,-0.456981867552,0,0.323323667049,0,0,0.323323667049,0,0.323323667049,0,-0.438091574581,-0.888781487494,-0.456981867287,-0.958382719017,0.0188902927062,0.0696012315236,-0.689016486088,2.48775011585,0.32332365524,-6.86255390646e-05,-0.00552987237962,-0.456839465377,-0.929205246254,6.9363897891e-06,-0.00173409744728,-0.456908090916,-0.439858837223,-0.878429028666,-0.934735118634,-0.443770574434,-0.889018112487,0.0131375164823,0.0457170061465,5.64992812912,0.32332365524,1.80508700861,-0.438091574581,-0.888781487494,0.0188902927062,0.0696012315236,0.0188902927062,0.0696012315236,-0.0063533788484,4,0
1810,3.62,2,0.675365149975,0,0.236565306783,0,0,0.236565306783,0,0.236565306783,0,0.672614469635,1.11097685388,0.675365140908,1.14899409002,-0.00275067127338,-0.038017236144,0.706002138963,-0.465964543221,0.236565308619,3.88994147145e-05,0.00300549414668,0.675292613353,1.13595523319,-8.67048730735e-06,0.00216762182685,0.675331512767,0.674823547926,1.09803628024,1.13896072734,0.678458738766,1.11122036509,0.00312722599878,-0.0277403622469,-7.42431595327,0.236565308619,0.236565308619,0.672614469635,1.11097685388,-0.00275067127338,-0.038017236144,-0.00275067127338,-0.038017236144,0.00347228712325,4,0
1815,3.63,1,-0.466233998537,0,1.32332360744,0,0,1.32332360744,0,1.32332360744,0,-0.446715968354,-0.835927560416,-0.466233992084,-0.900253233878,0.0195180237301,0.0643256734617,-0.819555505046,2.61723637067,1.32332365524,-2.97637439287e-05,-0.00233296865021,-0.466176383246,-0.889277578641,6.76385062609e-06,-0.00169096265652,-0.466206146989,-0.448377552057,-0.825718963874,-0.891610547291,-0.453511382189,-0.83621070266,0.0126947648003,0.0553998446317,6.74361212847,1.32332365524,1.8003709992,-0.446715968354,-0.835927560416,0.0195180237301,0.0643256734617,0.0195180237301,0.0643256734617,-0.00269013357736,4,0
1815,3.63,2,0.686317205429,0,0.246410489082,0,0,0.246410489082,0,0.246410489082,0,0.683394961793,1.04490944451,0.686317206035,1.05750885894,-0.00292224424178,-0.0125994144232,0.704609513528,-0.459277479829,0.246410496199,-9.40328023131e-06,-0.000965623136755,0.686349930795,1.06703698628,-8.45481334322e-06,0.0021137033358,0.686340527515,0.68547194141,1.03214869875,1.06607136314,0.689265503014,1.0451540504,0.00292497549922,-0.0209173127415,-7.29318981857,0.246410496199,0.246410496199,0.683394961793,1.04490944451,-0.00292224424178,-0.0125994144232,-0.00292224424178,-0.0125994144232,-0.00107846249953,4,0
1820,3.64,1,-0.47483804822,0,0.742882728577,0,0,0.742882728577,0,0.742882728577,0,-0.454835802122,-0.790809917956,-0.474838037319,-0.837393313683,0.0200022351972,0.046583395727,-2.43529495873,2.59675184442,0.742882730625,-1.0797834384e-05,-0.000967139901268,-0.474808817412,-0.829581631949,4.22116116056e-06,-0.00105529029013,-0.474819615247,-0.456410721328,-0.784293732173,-0.83054877185,-0.475085631542,-0.791653660848,-0.000266016294976,0.0388951110016,6.23622594054,0.742882730625,0.162553599611,-0.454835802122,-0.790809917956,0.0200022351972,0.046583395727,0.0200022351972,0.046583395727,-0.00109671391388,4,0
1820,3.64,2,0.696380615234,0,0.826244413853,0,0,0.826244413853,0,0.826244413853,0,0.693544753941,0.988512391054,0.696380634981,0.978959971116,-0.00283588104011,0.0095524199383,1.17207051643,-0.348834645985,0.826244433617,-3.25111682683e-05,-0.00261842915283,0.6964472185,0.992018868016,-5.27645148318e-06,0.0013191128708,0.696414707332,0.695513402936,0.980367158775,0.989400438863,0.703320108503,0.988919697494,0.00690540117051,-0.000480741368865,-4.85096760487,0.826244433617,0.826244433617,0.693544753941,0.988512391054,-0.00283588104011,0.0095524199383,-0.00283588104011,0.0095524199383,-0.00300856317205,4,0
1825,3.65,1,-0.483029007912,0,-0.257117271423,0,0,-0.257117271423,0,-0.257117271423,0,-0.462618320916,-0.771571921271,-0.48302900635,-0.812553826964,0.0204106854345,0.0409819056929,-4.85271222582,2.50798820444,-0.257117269375,-4.81419213387e-05,-0.00428202956938,-0.482903115781,-0.780897049702,9.66410605652e-07,-0.000241602651408,-0.482951257703,-0.464160732046,-0.770480757086,-0.785179079272,-0.502947076492,-0.773252286087,-0.019995818789,0.0119267931847,5.31937759763,-0.257117269375,-2.33986428875,-0.462618320916,-0.771571921271,0.0204106854345,0.0409819056929,0.0204106854345,0.0409819056929,-0.00485973262544,4,0
1825,3.65,2,0.706049382687,0,1.63578402996,0,0,1.63578402996,0,1.63578402996,0,0.703272902368,0.964464895055,0.706049389921,0.969492726759,-0.00277648755224,-0.00502783170377,1.91292134765,-0.275330311615,1.63578406496,1.53853293994e-05,0.00162234712199,0.705992667885,0.952264989946,-1.20801326453e-06,0.00030200331613,0.706008053215,0.705200916268,0.963100939815,0.953887337068,0.719171254201,0.965127326381,0.0131632009866,0.0112399893138,-1.64590733783,1.63578406496,1.63578406496,0.703272902368,0.964464895055,-0.00277648755224,-0.00502783170377,-0.00277648755224,-0.00502783170377,0.00180697107478,4,0
1830,3.66,1,-0.491133183241,0,-0.0571172684431,0,0,-0.0571172684431,0,-0.0571172684431,0,-0.470250313317,-0.747431376302,-0.491133190702,-0.806576285853,0.0208828773846,0.059144909551,-1.41013870816,2.59122244578,-0.0571172693747,-9.44579552851e-05,-0.00790052411028,-0.490919892213,-0.75943845694,6.46971691221e-06,-0.00161742922805,-0.491014350168,-0.471735877712,-0.737929909434,-0.76733898105,-0.481905950242,-0.74791702784,0.00910839992625,0.01942195321,5.62249622663,-0.0571172693747,1.1901177572,-0.470250313317,-0.747431376302,0.0208828773846,0.059144909551,0.0208828773846,0.059144909551,-0.0090340195737,4,0
1830,3.66,2,0.715830624104,0,0.635784089565,0,0,0.635784089565,0,0.635784089565,0,0.712812892805,0.934289213666,0.715830643199,0.975510732246,-0.00301775039496,-0.0412215185793,0.825956601507,-0.404303415049,0.635784064961,7.3647744288e-05,0.0061748098776,0.715663923626,0.93878280123,-8.08714618517e-06,0.00202178654628,0.71573757137,0.714669848284,0.922412380015,0.944957611107,0.71962521601,0.934573060467,0.00388764464044,-0.0103845506408,-5.78302866391,0.635784064961,0.414594603648,0.712812892805,0.934289213666,-0.00301775039496,-0.0412215185793,-0.00301775039496,-0.0412215185793,0.00705858280906,4,0
1835,3.67,1,-0.498984456062,0,0.942882716656,0,0,0.942882716656,0,0.942882716656,0,-0.477457616465,-0.690464825713,-0.498984467914,-0.765570130272,0.0215268514488,0.07510530456,0.153077773438,2.8293533582,0.942882730625,-7.17153014395e-05,-0.00576112154282,-0.498837033348,-0.735747203381,8.92250577539e-06,-0.00223062644384,-0.49890874865,-0.478825268454,-0.67713411486,-0.741508324924,-0.47612909394,-0.690409470607,0.0227796547102,0.0510988543164,6.71075752123,0.942882730625,2.9890528368,-0.477457616465,-0.690464825713,0.0215268514488,0.07510530456,0.0215268514488,0.07510530456,-0.00662170516009,4,0
1835,3.67,2,0.725240170956,0,-0.281992644072,0,0,-0.281992644072,0,-0.281992644072,0,0.72182202167,0.863081025052,0.72524016605,0.907931629994,-0.00341814437999,-0.0448506049421,0.2924564327,-0.570368179934,-0.281992636267,4.55795316714e-05,0.00353393465278,0.725154698677,0.89254256946,-1.11531322742e-05,0.00278828306854,0.725200278209,0.723531586642,0.846417636404,0.896076504113,0.724220986332,0.863180981913,-0.00097929187721,-0.0328955222004,-9.42652417283,-0.281992636267,-0.281992636267,0.72182202167,0.863081025052,-0.00341814437999,-0.0448506049421,-0.00341814437999,-0.0448506049421,0.00408088903284,4,0
1840,3.68,1,-0.506227433681,0,1.94288277626,0,0,1.94288277626,0,1.94288277626,0,-0.484025572327,-0.623260611004,-0.506227418314,-0.694077956163,0.0222018459873,0.0708173451592,-0.116056679704,2.9816532698,1.94288273063,-2.61040833448e-05,-0.00201415644907,-0.506178920667,-0.685270250347,8.43042785842e-06,-0.00210760696461,-0.506205024751,-0.485259264446,-0.61052323887,-0.687284406796,-0.484971673742,-0.623300031896,0.0212333510088,0.0639843748993,7.76147269393,1.94288273063,2.86792399555,-0.484025572327,-0.623260611004,0.0222018459873,0.0708173451592,0.0222018459873,0.0708173451592,-0.00232740544921,4,0
1840,3.68,2,0.733651578426,0,-0.243566200137,0,0,-0.243566200137,0,-0.243566200137,0,0.730031966424,0.779075756272,0.733651607997,0.795174434778,-0.0036196415726,-0.0160986785055,0.318819646805,-0.563540493365,-0.243566203781,-1.00648986195e-05,-0.00103386399628,0.733686654415,0.805346764735,-1.05380348682e-05,0.00263450871704,0.733676589516,0.731574081559,0.763154041036,0.804312900739,0.732693797603,0.779186665905,-0.000982791913404,-0.0251262348344,-9.05797155607,-0.243566203781,-0.243566203781,0.730031966424,0.779075756272,-0.0036196415726,-0.0160986785055,-0.0036196415726,-0.0160986785055,-0.00115464277971,4,0
1845,3.69,1,-0.51268196106,0,1.66492521763,0,0,1.66492521763,0,1.66492521763,0,-0.489961444386,-0.567614693704,-0.512681967876,-0.615521982495,0.0227205234909,0.0479072887919,-2.17313671983,2.94822884478,1.66492523202,-3.81547427101e-06,-0.000349218455744,-0.512669979094,-0.611814839817,5.09913382452e-06,-0.00127478345612,-0.512673794568,-0.49108856262,-0.559734766997,-0.612164058273,-0.508036245487,-0.568367810416,0.00463754908181,0.0437962478563,7.50723237431,1.66492523202,0.775487129099,-0.489961444386,-0.567614693704,0.0227205234909,0.0479072887919,0.0227205234909,0.0479072887919,-0.000395004146996,4,0
1845,3.69,2,0.740981221199,0,0.477309435606,0,0,0.477309435606,0,0.477309435606,0,0.737451806421,0.709518359364,0.740981244868,0.698318600028,-0.00352943844637,0.0111997593359,0.911705434224,-0.437872325129,0.477309445332,-3.6914248375e-05,-0.00303336525771,0.741059799248,0.714420303772,-6.37391730374e-06,0.00159347932595,0.741022885,0.738860704199,0.699668450944,0.711386938514,0.745065103645,0.709835580081,0.0040422186458,-0.00155135843259,-5.93606196294,0.477309445332,0.477309445332,0.737451806421,0.709518359364,-0.00352943844637,0.0111997593359,-0.00352943844637,0.0111997593359,-0.00347633623821,4,0
1850,3.7,1,-0.518556058407,0,0.664925217628,0,0,0.664925217628,0,0.664925217628,0,-0.49548649384,-0.544530655365,-0.518556072686,-0.574422477398,0.0230695788467,0.0298918220331,-5.03746374004,2.79126066183,0.664925232024,-3.9411740891e-05,-0.00355444282988,-0.518449886615,-0.54716103652,1.16692248681e-06,-0.000291730621699,-0.518489298356,-0.496574669552,-0.543212664406,-0.55071547935,-0.53735910131,-0.546275347343,-0.0188698029544,0.00444013200688,6.53821731066,0.664925232024,-2.24217569449,-0.49548649384,-0.544530655365,0.0230695788467,0.0298918220331,0.0230695788467,0.0298918220331,-0.00402738372057,4,0
1850,3.7,2,0.747763693333,0,1.46603322029,0,0,1.46603322029,0,1.46603322029,0,0.744358118161,0.68066331134,0.747763667333,0.675807395034,-0.00340554917245,0.00485591630512,1.78593060828,-0.318801077025,1.46603326249,7.98143672431e-06,0.00100049152636,0.747723988016,0.662450604202,-1.45865311385e-06,0.000364663278454,0.747731969453,0.745718337786,0.679015822636,0.663451095729,0.759205960153,0.681281971423,0.0114739907002,0.0178308756938,-1.91161889141,1.46603326249,1.46603326249,0.744358118161,0.68066331134,-0.00340554917245,0.00485591630512,-0.00340554917245,0.00485591630512,0.00109626876705,4,0
1855,3.71,1,-0.524200201035,0,0.864925205708,0,0,0.864925205708,0,0.864925205708,0,-0.50083137166,-0.51566900537,-0.524200180561,-0.55542009602,0.0233688089007,0.0397510906499,-0.910148264245,2.80252843464,0.864925232024,-8.91256528133e-05,-0.00747069271415,-0.523997942316,-0.510567288188,7.66059947122e-06,-0.00191514986779,-0.524087067969,-0.501851684891,-0.504411165774,-0.518037980902,-0.5083317507,-0.515981521163,0.0157553172688,0.00205645973946,6.78832639599,0.864925232024,1.90092037095,-0.50083137166,-0.51566900537,0.0233688089007,0.0397510906499,0.0233688089007,0.0397510906499,-0.00854020054791,4,0
1855,3.71,2,0.754590332508,0,0.466033250093,0,0,0.466033250093,0,0.466033250093,0,0.751039215357,0.644586248723,0.754590322504,0.679026935493,-0.00355110714651,-0.0344406867703,0.479438568845,-0.441380327444,0.466033262489,6.95140428945e-05,0.00584664733123,0.754431831149,0.643924550848,-9.57574936944e-06,0.00239393734237,0.754501345192,0.75231460688,0.630513949183,0.649771198179,0.754972035486,0.644750116228,0.000470690294238,-0.00502108195075,-5.97513676769,0.466033262489,0.0313774255548,0.751039215357,0.644586248723,-0.00355110714651,-0.0344406867703,-0.00355110714651,-0.0344406867703,0.00668081584596,4,0
1860,3.72,1,-0.529465734959,0,1.86492526531,0,0,1.86492526531,0,1.86492526531,0,-0.505673343663,-0.44876371958,-0.529465752375,-0.502150222626,0.0237924087119,0.0533865030464,0.863422890417,2.99867560653,1.86492523202,-6.86519062549e-05,-0.00551164024225,-0.529324832332,-0.473703826842,1.03479879089e-05,-0.00258699697723,-0.529393484238,-0.506555450394,-0.433292374292,-0.479215467084,-0.498437918885,-0.448462243547,0.0309555653532,0.0307532235368,7.82376439335,1.86492523202,3.86843396007,-0.505673343663,-0.44876371958,0.0237924087119,0.0533865030464,0.0237924087119,0.0533865030464,-0.00633546311731,4,0
1860,3.72,2,0.761025011539,0,-0.533966720104,0,0,-0.533966720104,0,-0.533966720104,0,0.75709168028,0.560954641233,0.761025007783,0.609939217878,-0.00393332750291,-0.0489845766452,-0.130960872445,-0.654314327726,-0.533966737511,4.43557698566e-05,0.00344125698078,0.760941691496,0.594911442135,-1.29349849217e-05,0.00323374623044,0.760986047266,0.758194313676,0.54161545957,0.598352699116,0.75596917575,0.560907870211,-0.00501687151554,-0.0374448289049,-9.8824939661,-0.533966737511,-0.78924872639,0.75709168028,0.560954641233,-0.00393332750291,-0.0489845766452,-0.00393332750291,-0.0489845766452,0.00397352621906,4,0
1865,3.73,1,-0.533980250359,0,2.8649251461,0,0,2.8649251461,0,2.8649251461,0,-0.509772172792,-0.37143190521,-0.533980257283,-0.414335542972,0.0242080844912,0.0429036377615,0.471670443187,3.10611051344,2.86492523202,-1.78933525047e-05,-0.00128270372153,-0.53395264529,-0.410610523764,9.56729030344e-06,-0.00239182257585,-0.533970538643,-0.510500455914,-0.35696609342,-0.411893227486,-0.505835940968,-0.371267895551,0.0281345976742,0.0406253319347,8.81984726051,2.86492523202,3.57927838058,-0.509772172792,-0.37143190521,0.0242080844912,0.0429036377615,0.0242080844912,0.0429036377615,-0.00149742395158,4,0
1865,3.73,2,0.766369760036,0,-0.725496709347,0,0,-0.725496709347,0,-0.725496709347,0,0.762215216607,0.464289873023,0.766369762547,0.480449981591,-0.00415454593989,-0.0161601085683,-0.0781603559338,-0.649207908962,-0.725496682416,-1.70106434416e-05,-0.00166745475841,0.766423207256,0.495215389459,-1.19591129063e-05,0.00298977822656,0.766406196612,0.763125570493,0.446207608244,0.4935479347,0.761580578631,0.464263429774,-0.00482561798154,-0.0292845049263,-10.3253733181,-0.725496682416,-0.725496682416,0.762215216607,0.464289873023,-0.00415454593989,-0.0161601085683,-0.00415454593989,-0.0161601085683,-0.00187158247971,4,0
1870,3.74,1,-0.537559151649,0,2.26492524147,0,0,2.26492524147,0,2.26492524147,0,-0.513151110469,-0.308754150705,-0.537559167415,-0.324572866217,0.0244080569459,0.0158187155116,-1.89843124692,3.00534315,2.26492523202,5.37358962385e-06,0.000364308085178,-0.537565318827,-0.324375054341,5.65670915686e-06,-0.00141417728923,-0.537559945238,-0.513759606749,-0.30000560785,-0.324010746255,-0.528947519798,-0.309412334427,0.00861242543984,0.014598411828,8.1887878686,2.26492523202,1.10648311192,-0.513151110469,-0.308754150705,0.0244080569459,0.0158187155116,0.0244080569459,0.0158187155116,0.000428791160664,4,0
1870,3.74,2,0.770466148853,0,0.0961448773742,0,0,0.0961448773742,0,0.0961448773742,0,0.766438888618,0.385942679729,0.770466157343,0.371403806597,-0.00402726872527,0.0145388731311,0.603243794376,-0.491282792616,0.0961448805148,-4.45450719187e-05,-0.00360405132129,0.770558764746,0.389995344227,-7.07088645846e-06,0.00176772161461,0.770514219674,0.76719950895,0.37500700114,0.386391292906,0.771491636374,0.386153210885,0.000977416700384,-0.00023808202049,-6.68517778714,0.0961448805148,0.116099593944,0.766438888618,0.385942679729,-0.00402726872527,0.0145388731311,-0.00402726872527,0.0145388731311,-0.00413859218432,4,0
1875,3.75,1,-0.540480554104,0,1.26492524147,0,0,1.26492524147,0,1.26492524147,0,-0.516071531407,-0.283274525738,-0.540480573828,-0.2762641735,0.0244090424213,-0.0070103522379,-5.03060932292,2.77454734473,1.26492523202,-3.57635704658e-05,-0.00325829299794,-0.540382052966,-0.250614858574,1.29411233629e-06,-0.000323528084083,-0.540417816536,-0.51663709762,-0.281812522226,-0.253873151572,-0.557889945552,-0.285016959661,-0.0174721290159,-0.0311438080885,7.16648428939,1.26492523202,-2.25237452235,-0.516071531407,-0.283274525738,0.0244090424213,-0.0070103522379,0.0244090424213,-0.0070103522379,-0.00368745584353,4,0
1875,3.75,2,0.773939013481,0,1.09614491463,0,0,1.09614491463,0,1.09614491463,0,0.770089414703,0.354093148468,0.773939026668,0.342115231021,-0.0038496119655,0.0119779174475,1.55625898009,-0.338788319513,1.09614488051,6.62276000991e-06,0.000892538638647,0.773902015625,0.329296905363,-1.61764042317e-06,0.000404410105785,0.773908638385,0.770796372452,0.352265644074,0.330189444002,0.783027677178,0.354632242738,0.00911903879278,0.0244427987359,-2.52295480055,1.09614488051,1.21649864881,0.770089414703,0.354093148468,-0.0038496119655,0.0119779174475,-0.0038496119655,0.0119779174475,0.000972011758766,4,0
1880,3.76,1,-0.543110907078,0,1.14052820206,0,0,1.14052820206,0,1.14052820206,0,-0.518793456316,-0.251505254332,-0.543110891035,-0.253484186867,0.0243174347192,0.00197893253413,-0.47877784249,2.72395034312,1.14052817465,-8.79342025533e-05,-0.00742429756939,-0.542908575231,-0.207997750565,8.3701383915e-06,-0.00209253459786,-0.542996509433,-0.51928440835,-0.239198413474,-0.215422048134,-0.522705816811,-0.251668269353,0.0202906926227,-0.036246221219,7.0426961369,1.14052817465,2.25365200863,-0.518793456316,-0.251505254332,0.0243174347192,0.00197893253413,0.0243174347192,0.00197893253413,-0.00847950800003,4,0
1880,3.76,2,0.777399361134,0,0.0961448773742,0,0,0.0961448773742,0,0.0961448773742,0,0.773491820752,0.31438155915,0.777399337088,0.341663002661,-0.0039075163358,-0.027281443511,0.112672817689,-0.438718840085,0.0961448805148,7.03970029897e-05,0.00598565083835,0.77723547108,0.304602540386,-1.04626730038e-05,0.00261566825094,0.777305868083,0.774105510777,0.298998008056,0.310588191224,0.774372312144,0.314418246291,-0.00293355593836,0.00383005506686,-6.50228668421,0.0961448805148,-0.33287643727,0.773491820752,0.31438155915,-0.0039075163358,-0.027281443511,-0.0039075163358,-0.027281443511,0.00683041487423,4,0
1885,3.77,1,-0.545363306999,0,2.14052820206,0,0,2.14052820206,0,2.14052820206,0,-0.520965858265,-0.178865138509,-0.545363290572,-0.201257631608,0.0243974323064,0.0223924930994,1.39285885238,2.90270383117,2.14052817465,-7.40442980229e-05,-0.0059722200166,-0.545209470033,-0.16980993914,1.11232679052e-05,-0.00278081697629,-0.545283514331,-0.521306993728,-0.162225280309,-0.175782159157,-0.509321743709,-0.178379967069,0.0359617706225,-0.00259780791201,8.03207655193,2.14052817465,4.30242343514,-0.520965858265,-0.178865138509,0.0243974323064,0.0223924930994,0.0243974323064,0.0223924930994,-0.00686075159287,4,0
1885,3.77,2,0.780461490154,0,-0.903855144978,0,0,-0.903855144978,0,-0.903855144978,0,0.776207323101,0.223581414259,0.780461495341,0.272797435845,-0.00425417224039,-0.0492160215862,-0.535942610383,-0.6718080752,-0.903855119485,5.33998483186e-05,0.00420906349653,0.780356864276,0.252863381225,-1.39040848952e-05,0.00347602122379,0.780410264125,0.776633742411,0.202781591488,0.257072444721,0.771708529572,0.223393964528,-0.00870173455245,-0.0336784801929,-10.3408067914,-0.903855119485,-1.21260054726,0.776207323101,0.223581414259,-0.00425417224039,-0.0492160215862,-0.00425417224039,-0.0492160215862,0.00484986167636,4,0
1890,3.78,1,-0.546872675419,0,3.14052820206,0,0,3.14052820206,0,3.14052820206,0,-0.522338016153,-0.0962647667812,-0.546872688879,-0.113851080487,0.0245346727258,0.0175863137061,0.90232083063,3.00656503747,3.14052817465,-2.39217706404e-05,-0.00177239469471,-0.546832116911,-0.107372838874,1.01030047126e-05,-0.00252575117816,-0.546856038682,-0.522515129571,-0.0809794554915,-0.109145233569,-0.514814575294,-0.0959512900787,0.0320414633882,0.0131939434902,8.98399495131,3.14052817465,3.91094532404,-0.522338016153,-0.0962647667812,0.0245346727258,0.0175863137061,0.0245346727258,0.0175863137061,-0.0020594559424,4,0
1890,3.78,2,0.782427728176,0,-1.15396368504,0,0,-1.15396368504,0,-1.15396368504,0,0.777922520371,0.120330949513,0.782427738774,0.141351955351,-0.00450521840297,-0.0210210058375,-0.459714974091,-0.695194520322,-1.15396365073,-7.13614829534e-06,-0.000860209898503,0.78245972265,0.151508476338,-1.26287558979e-05,0.00315718897447,0.782452586501,0.778143912125,0.10122431039,0.150648266439,0.774106070066,0.12017193075,-0.00834651643575,-0.030476335689,-10.951244322,-1.15396365073,-1.15396365073,0.777922520371,0.120330949513,-0.00450521840297,-0.0210210058375,-0.00450521840297,-0.0210210058375,-0.000945843678047,4,0
1895,3.79,1,-0.547446966171,0,2.54052805901,0,0,2.54052805901,0,2.54052805901,0,-0.522947708367,-0.0304934488998,-0.547446975942,-0.024159753067,0.0244992675756,-0.00633369583275,-1.63257952119,2.89613700867,2.54052817465,8.99276652561e-07,-4.55267157567e-06,-0.547443343038,-0.0218426485053,5.85885264925e-06,-0.00146471316231,-0.547442443761,-0.522999348632,-0.0214259930179,-0.0218472011769,-0.536529011048,-0.0310593365115,0.0109134327126,-0.00921213533461,8.30885116398,2.54052817465,1.26355124884,-0.522947708367,-0.0304934488998,0.0244992675756,-0.00633369583275,0.0244992675756,-0.00633369583275,6.23864825507e-06,4,0
1895,3.79,2,0.783115029335,0,-0.311853528023,0,0,-0.311853528023,0,-0.311853528023,0,0.778684635549,0.0381168021283,0.783115042913,0.0294316531268,-0.00443040736414,0.00868514900153,0.267669563233,-0.5528841428,-0.311853523661,-3.68326585339e-05,-0.0029692608575,0.783190840421,0.0443979584165,-7.32356581223e-06,0.00183089145306,0.783154007762,0.778749185862,0.0267824822748,0.041428697559,0.780939727259,0.0382107642829,-0.00221428050355,-0.00321793327613,-7.16055557926,-0.311853523661,-0.281803326807,0.778684635549,0.0381168021283,-0.00443040736414,0.00868514900153,-0.00443040736414,0.00868514900153,-0.00341125275991,4,0
1900,3.8,1,-0.547364771366,0,1.54052817822,0,0,1.54052817822,0,1.54052817822,0,-0.52308,-0.00421921584824,-0.54736479486,0.0240727781425,0.0242847948598,-0.0282919939907,-4.83641699853,2.6464098832,1.54052817465,-3.91613882228e-05,-0.00353595131947,-0.547258982982,0.0512702237249,1.33998834817e-06,-0.000334997087043,-0.547298144371,-0.523087420108,-0.00270506283942,0.0477342724055,-0.5632803004,-0.0058942283649,-0.0159821560292,-0.0536285007704,7.24254637845,1.54052817465,-2.18600122735,-0.52308,-0.00421921584824,0.0242847948598,-0.0282919939907,0.0242847948598,-0.0282919939907,-0.00400588797815,4,0
1900,3.8,2,0.78315192461,0,0.688146471977,0,0,0.688146471977,0,0.688146471977,0,0.77885,0.0052740108149,0.783151944394,-0.00261027711927,-0.0043019443944,0.00788428793417,1.2398386086,-0.402469194891,0.688146476339,1.22332355952e-05,0.00134959140644,0.783102984752,-0.0179469733258,-1.67498543535e-06,0.000418746358837,0.783115217988,0.778859275117,0.00338131955372,-0.0165973819194,0.789151633706,0.00570324555263,0.00603641571761,0.022300627472,-2.93027779948,0.688146476339,0.835873023473,0.77885,0.0052740108149,-0.0043019443944,0.00788428793417,-0.0043019443944,0.00788428793417,0.00149639023358,4,0
1905,3.81,1,-0.546994268894,0,1.34052813053,0,0,1.34052813053,0,1.34052813053,0,-0.523007943445,0.0284614968061,-0.546994271339,0.0460608730969,0.0239863278948,-0.0175993762908,-0.146615061579,2.57985749302,1.34052817465,-9.04931670287e-05,-0.00764504598632,-0.546785878639,0.0929773248612,8.55375073372e-06,-0.00213843768343,-0.546876371806,-0.522938685961,0.0410440548541,0.0853322788749,-0.524154986198,0.0284137033581,0.0227213856085,-0.0569185755168,6.99990957219,1.34052817465,2.44197339543,-0.523007943445,0.0284614968061,0.0239863278948,-0.0175993762908,0.0239863278948,-0.0175993762908,-0.00873096399066,4,0
1905,3.81,2,0.78314936161,0,-0.311853528023,0,0,-0.311853528023,0,-0.311853528023,0,0.778759929216,-0.0355768799993,0.7831493835,-0.00538116604156,-0.00438945428375,-0.0301957139578,-0.249920246565,-0.501781158946,-0.311853523661,7.42757160341e-05,0.00631618840101,0.782976518158,-0.0445175884042,-1.06921884142e-05,0.00267304710355,0.783050793874,0.778673357343,-0.0513050775554,-0.0382014000032,0.776620911592,-0.0356660057337,-0.0064298822821,0.0025353942695,-6.84040371245,-0.311853523661,-0.758908902505,0.778759929216,-0.0355768799993,-0.00438945428375,-0.0301957139578,-0.00438945428375,-0.0301957139578,0.00720749699342,4,0
1910,3.82,1,-0.546262383461,0,2.34052824974,0,0,2.34052824974,0,2.34052824974,0,-0.522374275337,0.102272197035,-0.546262362083,0.0964443380565,0.023888086746,0.00582785897877,1.70505300088,2.75229861401,2.34052817465,-7.70768276149e-05,-0.00622282200694,-0.546101850583,0.129346946015,1.11996320702e-05,-0.00279990801756,-0.546178927411,-0.522153004736,0.119035024658,0.123124124008,-0.508130664288,0.102865680829,0.0380482631227,-0.0202584431792,7.94692705265,2.34052817465,4.46449935882,-0.522374275337,0.102272197035,0.023888086746,0.00582785897877,0.023888086746,0.00582785897877,-0.00714774393832,4,0
1910,3.82,2,0.782732367516,0,-1.31185352802,0,0,-1.31185352802,0,-1.31185352802,0,0.777967843991,-0.127840255249,0.782732339665,-0.0757159221904,-0.00476449567373,-0.0521243330583,-0.895822407663,-0.738829430547,-1.31185352366,5.75645886207e-05,0.00455248673246,0.782618573018,-0.0976259026433,-1.39995400791e-05,0.00349988501977,0.782676137607,0.777691255722,-0.148793789764,-0.0930734159108,0.77047197707,-0.128152583037,-0.0122041605365,-0.0350791671263,-10.6120643426,-1.31185352366,-1.63989510001,0.777967843991,-0.127840255249,-0.00476449567373,-0.0521243330583,-0.00476449567373,-0.0521243330583,0.00524326179591,4,0
1915,3.83,1,-0.544804930687,0,3.34052824974,0,0,3.34052824974,0,3.34052824974,0,-0.520933544256,0.184951040982,-0.544804908986,0.182198104648,0.02387136473,0.00275293633434,1.14624922111,2.84867214434,3.34052817465,-2.61427460427e-05,-0.00195077476253,-0.54475972187,0.189623075505,1.00039101794e-05,-0.00250097754485,-0.544785864616,-0.520548359283,0.200095419447,0.187672300742,-0.511379184114,0.185349139321,0.0334066805023,-0.00232316142134,8.85701995321,3.34052817465,3.99718585317,-0.520933544256,0.184951040982,0.02387136473,0.00275293633434,0.02387136473,0.00275293633434,-0.00226448771504,4,0
1915,3.83,2,0.781203210354,0,-1.56000971794,0,0,-1.56000971794,0,-1.56000971794,0,0.776166930052,-0.231188810101,0.781203234736,-0.208961468254,-0.0050363046846,-0.022227341847,-0.800834894067,-0.759857911464,-1.56000976712,-4.27382810932e-06,-0.00063175247332,0.781229371204,-0.199981491112,-1.2504887711e-05,0.00312622192773,0.781225097376,0.775685448817,-0.250119283163,-0.200613243585,0.769510554129,-0.231466159098,-0.0117145432463,-0.0308529155127,-11.1485939716,-1.56000976712,-1.56000976712,0.776166930052,-0.231188810101,-0.0050363046846,-0.022227341847,-0.0050363046846,-0.022227341847,-0.000683038410631,4,0
1920,3.84,1,-0.542428612709,0,2.74052810669,0,0,2.74052810669,0,2.74052810669,0,-0.518735681804,0.249683268447,-0.542428616515,0.270216749933,0.0236929347112,-0.0205334814854,-1.39434088062,2.72630621447,2.74052817465,-2.65849224903e-07,-9.82266298268e-05,-0.542422605996,0.273012813175,5.6928628821e-06,-0.00142321572053,-0.542422871845,-0.518227221306,0.258499895754,0.272914586545,-0.530334207672,0.249199996536,0.0120886641726,-0.0237145900089,8.14023248501,2.74052817465,1.33206675067,-0.518735681804,0.249683268447,0.0236929347112,-0.0205334814854,0.0236929347112,-0.0205334814854,-0.000101416820526,4,0
1920,3.84,2,0.778378129005,0,-0.707490682602,0,0,-0.707490682602,0,-0.707490682602,0,0.773419601897,-0.312104094333,0.778378100377,-0.322362401109,-0.00495849847999,0.0102583067756,-0.0731060174544,-0.607132380203,-0.707490696586,-3.57854874917e-05,-0.00288926784306,0.778452038131,-0.30770796836,-7.1160785915e-06,0.00177901964788,0.778416252644,0.772784026258,-0.323124878451,-0.310597236203,0.772839048771,-0.312128284047,-0.00557720387288,-0.00153104784389,-7.25127195072,-0.707490696586,-0.676919703965,0.773419601897,-0.312104094333,-0.00495849847999,0.0102583067756,-0.00495849847999,0.0102583067756,-0.00331869369296,4,0
1925,3.85,1,-0.539413034916,0,1.7405282259,0,0,1.7405282259,0,1.7405282259,0,-0.516071531762,0.27510120289,-0.539413047634,0.316711251855,0.0233415158714,-0.0416100489642,-4.46857997193,2.46650965519,1.74052817465,-3.94581105108e-05,-0.00355676047973,-0.539306821127,0.343949971734,1.30166796397e-06,-0.000325416991005,-0.539346279238,-0.515520339533,0.276572365593,0.340393211254,-0.55321163337,0.273553698657,-0.0138653541328,-0.0668395125976,7.03252175809,1.74052817465,-1.99804005892,-0.516071531762,0.27510120289,0.0233415158714,-0.0416100489642,0.0233415158714,-0.0416100489642,-0.00403025780586,4,0
1925,3.85,2,0.774888753891,0,0.292509317398,0,0,0.292509317398,0,0.292509317398,0,0.770089414258,-0.343876512334,0.774888724118,-0.355791089674,-0.00479930985916,0.0119145773397,0.857152661754,-0.444532883618,0.292509303414,1.15593283883e-05,0.00128601991566,0.774841757733,-0.370589622805,-1.62708495255e-06,0.000406771238127,0.774853317062,0.769400423954,-0.34571546571,-0.36930360289,0.777208121474,-0.343579899534,0.00235480441251,0.0257237033559,-2.95598630828,0.292509303414,0.41119504628,0.770089414258,-0.343876512334,-0.00479930985916,0.0119145773397,-0.00479930985916,0.0119145773397,0.00142473185632,4,0
1930,3.86,1,-0.536126852036,0,1.54052817822,0,0,1.54052817822,0,1.54052817822,0,-0.513210021321,0.306639907426,-0.536126823293,0.336928810876,0.022916801972,-0.0302889034502,0.0645616221677,2.39000610572,1.54052817465,-8.99196286041e-05,-0.00759292626616,-0.535920019647,0.383429643461,8.19989945844e-06,-0.00204997486462,-0.536009939276,-0.512584906022,0.318707574267,0.375836717195,-0.512600799132,0.306665291684,0.0234091401438,-0.0691714255104,6.7487234122,1.54052817465,2.4632396897,-0.513210021321,0.306639907426,0.022916801972,-0.0302889034502,0.022916801972,-0.0302889034502,-0.00867196180941,4,0
1930,3.86,2,0.771346211433,0,-0.707490682602,0,0,-0.707490682602,0,-0.707490682602,0,0.76651252612,-0.383299892935,0.771346210637,-0.359936654578,-0.00483368451704,-0.0233632383578,-0.585190799348,-0.527046908307,-0.707490696586,7.20288020599e-05,0.00612152430151,0.771178903628,-0.397733787011,-1.02498743036e-05,0.00256246857592,0.77125093243,0.765731131978,-0.398384476457,-0.39161226271,0.761586273065,-0.383505153479,-0.00966465936445,0.00810710923045,-6.80068961108,-0.707490696586,-1.11922357758,0.76651252612,-0.383299892935,-0.00483368451704,-0.0233632383578,-0.00483368451704,-0.0233632383578,0.00698586992623,4,0
1935,3.87,1,-0.53249579668,0,2.54052805901,0,0,2.54052805901,0,2.54052805901,0,-0.509810098854,0.376983394308,-0.532495816852,0.385754721569,0.0226857179979,-0.00877132726032,1.78008375737,2.53996567507,2.54052817465,-7.52850039721e-05,-0.00606691373242,-0.532339769361,0.417576105307,1.05722821632e-05,-0.00264307054078,-0.532415054365,-0.509040325434,0.392815921246,0.411509191575,-0.49494379099,0.377602823803,0.0374712633757,-0.0339063677718,7.65471661798,2.54052817465,4.32701976622,-0.509810098854,0.376983394308,0.0226857179979,-0.00877132726032,0.0226857179979,-0.00877132726032,-0.00697033378008,4,0
1935,3.87,2,0.767373800278,0,-1.7074906826,0,0,-1.7074906826,0,-1.7074906826,0,0.76226262295,-0.471229251355,0.767373823443,-0.431965651945,-0.00511120049343,-0.0392635994104,-1.18786414498,-0.727073845759,-1.70749069659,5.33447895347e-05,0.00419031014312,0.767270245414,-0.451468006428,-1.3215352673e-05,0.00330383816824,0.767323590203,0.761300406159,-0.491019909981,-0.447277696285,0.752340726859,-0.471642663692,-0.0149828633444,-0.0243649674074,-10.5062131924,-1.70749069659,-1.91976843836,0.76226262295,-0.471229251355,-0.00511120049343,-0.0392635994104,-0.00511120049343,-0.0392635994104,0.00483044761754,4,0
1940,3.88,1,-0.528158962727,0,3.54052805901,0,0,3.54052805901,0,3.54052805901,0,-0.505647005238,0.454545694638,-0.528158983455,0.468712491838,0.0225119782169,-0.0141667972006,1.18843303802,2.60254680928,3.54052817465,-2.44310934188e-05,-0.00183119027894,-0.528116608243,0.475724341441,9.27623317792e-06,-0.00231905829449,-0.528141039337,-0.504723724461,0.468597563283,0.473893151162,-0.495742888207,0.454958366181,0.03239815113,-0.018934784981,8.52394191514,3.54052817465,3.79310421069,-0.505647005238,0.454545694638,0.0225119782169,-0.0141667972006,0.0225119782169,-0.0141667972006,-0.00212436339997,4,0
1940,3.88,2,0.762290358543,0,-1.79067480564,0,0,-1.79067480564,0,-1.79067480564,0,0.757058755846,-0.568182126523,0.762290333924,-0.562011504431,-0.00523157807757,-0.0061706220923,-1.08020946336,-0.711582499168,-1.79067483421,-9.08026126989e-06,-0.00100816518385,0.762326270527,-0.551059887566,-1.15952914396e-05,0.0028988228599,0.762317190266,0.755904654859,-0.585746962281,-0.552068052749,0.748081904532,-0.568556161995,-0.0142352857332,-0.0164881092454,-10.3310278964,-1.79067483421,-1.79067483421,0.757058755846,-0.568182126523,-0.00523157807757,-0.0061706220923,-0.00523157807757,-0.0061706220923,-0.00111712831909,4,0
1945,3.89,1,-0.522969841957,0,2.62786459923,0,0,2.62786459923,0,2.62786459923,0,-0.500779687899,0.514171467767,-0.522969866605,0.547104359136,0.0221901787058,-0.0329328913689,-1.19777820676,2.47006434519,2.62786462387,-4.91263090158e-06,-0.000517422262905,-0.522951641453,0.552920809415,5.16916960336e-06,-0.00129229240084,-0.522956554083,-0.499743075083,0.52218328538,0.552403387152,-0.51073907923,0.513756493128,0.0122174748532,-0.0386468940238,7.46044386576,2.62786462387,1.27286251226,-0.500779687899,0.514171467767,0.0221901787058,-0.0329328913689,0.0221901787058,-0.0329328913689,-0.000576373833724,4,0
1945,3.89,2,0.755998015404,0,-0.954023063183,0,0,-0.954023063183,0,-0.954023063183,0,0.750974609092,-0.64271434271,0.755998011449,-0.664394916225,-0.00502340235713,0.0216805735153,-0.398037137055,-0.548635773842,-0.954023068303,-3.34793125836e-05,-0.00266007371173,0.756064747536,-0.651686933392,-6.46146198202e-06,0.0016153654955,0.756031268224,0.749678843056,-0.652729114693,-0.654347007103,0.747688852601,-0.64285124923,-0.00834241562333,0.0114957578732,-6.46583248891,-0.954023068303,-0.943611085433,0.750974609092,-0.64271434271,-0.00502340235713,0.0216805735153,-0.00502340235713,0.0216805735153,-0.00306182546274,4,0
1950,3.9,1,-0.517249941826,0,1.62786459923,0,0,1.62786459923,0,1.62786459923,0,-0.495486494529,0.5371360013,-0.517249935155,0.582863556434,0.0217634406259,-0.0457275551343,-3.94871940929,2.23825495174,1.62786462387,-4.74118224183e-05,-0.00422357113354,-0.517125541088,0.61418358325,1.1815589947e-06,-0.000295389748682,-0.51717295291,-0.494411323397,0.538471735134,0.609960012117,-0.528295591759,0.535768955582,-0.011122638849,-0.0741910565344,6.32179054202,1.62786462387,-1.70567194455,-0.495486494529,0.5371360013,0.0217634406259,-0.0457275551343,0.0217634406259,-0.0457275551343,-0.00479251300256,4,0
1950,3.9,2,0.7491543293,0,0.0170040763915,0,0,0.0170040763915,0,0.0170040763915,0,0.7443581173,-0.671420009524,0.749154352402,-0.686858871271,-0.00479623510262,0.0154388617474,0.431645392714,-0.412642943511,0.0170040764288,1.75338154001e-05,0.00178796699016,0.74909366033,-0.704753232099,-1.47694873831e-06,0.000369237184591,0.749111194145,0.743014153369,-0.673089676811,-0.702965265109,0.747932303947,-0.67127108508,-0.00117889019761,0.0316941800285,-2.26646049671,0.0170040764288,0.0170040764288,0.7443581173,-0.671420009524,-0.00479623510262,0.0154388617474,-0.00479623510262,0.0154388617474,0.00199837277496,4,0
1955,3.91,1,-0.511362314224,0,1.42786467075,0,0,1.42786467075,0,1.42786467075,0,-0.490015329426,0.56555100492,-0.511362328887,0.593132637611,0.0213469994608,-0.0275816326903,0.143539279796,2.19965534084,1.42786462387,-9.73197294992e-05,-0.00820282807926,-0.511139334161,0.643134551972,7.33081834348e-06,-0.00183270458587,-0.511236653891,-0.488873634605,0.576345524664,0.634931723893,-0.488743288293,0.565604006634,0.022493365598,-0.0693277172586,6.00904256242,1.42786462387,2.35256528547,-0.490015329426,0.56555100492,0.0213469994608,-0.0275816326903,0.0213469994608,-0.0275816326903,-0.00937066483325,4,0
1955,3.91,2,0.742353916168,0,-0.982995927334,0,0,-0.982995927334,0,-0.982995927334,0,0.737519160843,-0.70693876392,0.742353892305,-0.682348675266,-0.00483473146205,-0.0245900886542,-0.872898972286,-0.523140549709,-0.982995923571,7.72081451874e-05,0.00654397113335,0.742175562071,-0.722461250062,-9.16352289393e-06,0.00229088072347,0.742252770216,0.736092042301,-0.720431913547,-0.715917278929,0.730195463586,-0.707243917972,-0.0120573066304,0.00867336095657,-6.08995476084,-0.982995923571,-1.40350999087,0.737519160843,-0.70693876392,-0.00483473146205,-0.0245900886542,-0.00483473146205,-0.0245900886542,0.0074704688756,4,0
1960,3.92,1,-0.505225241184,0,2.42786455154,0,0,2.42786455154,0,2.42786455154,0,-0.484062782232,0.628007338469,-0.505225215082,0.632745392845,0.0211624328499,-0.0047380543752,1.61582296227,2.36655322734,2.42786462387,-8.07736940557e-05,-0.00651396830103,-0.505057492959,0.667022287419,9.28063688549e-06,-0.00232015922138,-0.505138266653,-0.48279287369,0.641914748826,0.660508319118,-0.470558675072,0.628570009601,0.0345795915819,-0.0319383095172,6.8870019487,2.42786462387,3.98985944224,-0.484062782232,0.628007338469,0.0211624328499,-0.0047380543752,0.0211624328499,-0.0047380543752,-0.0074832526297,4,0
1960,3.92,2,0.735202670097,0,-1.98299586773,0,0,-1.98299586773,0,-1.98299586773,0,0.730078476774,-0.785009180539,0.735202670683,-0.74702501572,-0.0051241939095,-0.0379841648191,-1.39475280344,-0.719005238146,-1.98299592357,5.57814118292e-05,0.00437791797527,0.735094620894,-0.767312263649,-1.16007960559e-05,0.00290019901397,0.735150402306,0.728491091081,-0.802393443409,-0.762934345673,0.718433692594,-0.78549437988,-0.0167167097123,-0.0225600342063,-9.77266873014,-1.98299592357,-2.11880533651,0.730078476774,-0.785009180539,-0.0051241939095,-0.0379841648191,-0.0051241939095,-0.0379841648191,0.00504729491722,4,0
1965,3.93,1,-0.498474657536,0,3.42786455154,0,0,3.42786455154,0,3.42786455154,0,-0.477438908563,0.695579570597,-0.498474644406,0.706107641329,0.0210357358426,-0.0105280707315,1.02928612145,2.4331410928,3.42786462387,-2.89019103438e-05,-0.00221164138981,-0.498421971896,0.715450159269,7.96569633027e-06,-0.00199142408256,-0.498450873807,-0.47603554511,0.707655998836,0.713238517879,-0.468855106117,0.695937229033,0.02959576769,-0.0173012888467,7.72888529966,3.42786462387,3.46498567856,-0.477438908563,0.695579570597,0.0210357358426,-0.0105280707315,0.0210357358426,-0.0105280707315,-0.00255846431394,4,0
1965,3.93,2,0.727022528648,0,-1.97079217434,0,0,-1.97079217434,0,-1.97079217434,0,0.721798634616,-0.869474470309,0.727022514323,-0.867139860919,-0.00522387970797,-0.00233460938928,-1.2815036575,-0.690355551904,-1.97079219554,-8.61885049506e-06,-0.000963587660923,0.727057343459,-0.856441932104,-9.95712036245e-06,0.00248928009062,0.727048724609,0.720044430285,-0.884570005531,-0.857405519765,0.711146821982,-0.869918295835,-0.0159019026266,-0.0125127760703,-9.20110191113,-1.97079219554,-1.97079219554,0.721798634616,-0.869474470309,-0.00522387970797,-0.00233460938928,-0.00522387970797,-0.00233460938928,-0.00106701386686,4,0
1970,3.94,1,-0.490976899862,0,2.42786455154,0,0,2.42786455154,0,2.42786455154,0,-0.470207967788,0.746352382776,-0.490976903097,0.773512671543,0.0207689353092,-0.0271602887669,-1.05176184001,2.31699876154,2.42786462387,-1.01982368326e-05,-0.000957829779585,-0.490946921566,0.781890108599,4.3206783874e-06,-0.00108016959685,-0.490957119802,-0.468708336848,0.75305597873,0.780932278819,-0.47894847356,0.745988195036,0.0120086462422,-0.0349440837834,6.55360351992,2.42786462387,1.26631713015,-0.470207967788,0.746352382776,0.0207689353092,-0.0271602887669,0.0207689353092,-0.0271602887669,-0.00108020862158,4,0
1970,3.94,2,0.71774572134,0,-1.20680189133,0,0,-1.20680189133,0,-1.20680189133,0,0.712759958578,-0.932940485196,0.717745750545,-0.958788664048,-0.00498579196714,0.0258481788522,-0.688081216284,-0.521691752551,-1.20680193863,-3.2522999675e-05,-0.00258075421109,0.717810518925,-0.946454276823,-5.40084795253e-06,0.00135021198813,0.717777995925,0.710885419889,-0.941319980089,-0.949035031034,0.707060601744,-0.933177958397,-0.0107173941818,0.0158570726376,-5.6142104232,-1.20680193863,-1.20680193863,0.712759958578,-0.932940485196,-0.00498579196714,0.0258481788522,-0.00498579196714,0.0258481788522,-0.00297103020719,4,0
1975,3.95,1,-0.483055979013,0,1.42786467075,0,0,1.42786467075,0,1.42786467075,0,-0.462618321895,0.7654205693,-0.483055982592,0.798751057515,0.0204376606979,-0.033330488215,-3.30566272583,2.13264517218,1.42786462387,-5.14891840768e-05,-0.00455884119436,-0.482922705077,0.831991312847,9.87208327918e-07,-0.000246802081982,-0.482974194261,-0.461086728817,0.766536945196,0.827432471653,-0.490074704684,0.76427655335,-0.00710051042282,-0.0631559183025,5.39172892671,1.42786462387,-1.16784084225,-0.462618321895,0.7654205693,0.0204376606979,-0.033330488215,0.0204376606979,-0.033330488215,-0.00517671140328,4,0
1975,3.95,2,0.708005845547,0,-0.414257436991,0,0,-0.414257436991,0,-0.414257436991,0,0.703272901145,-0.956775718206,0.708005833785,-0.973300487948,-0.00473293264068,0.0165247697425,-0.0114480443927,-0.400848150934,-0.414257431368,1.71810067567e-05,0.00175506395948,0.707946158309,-0.990931668085,-1.23401040275e-06,0.000308502600692,0.707963339316,0.701358409784,-0.958171188067,-0.989176604125,0.703161350805,-0.956780366136,-0.00480198851093,0.0323962379889,-2.10880481226,-0.414257431368,-0.414257431368,0.703272901145,-0.956775718206,-0.00473293264068,0.0165247697425,-0.00473293264068,0.0165247697425,0.00196123604056,4,0
1980,3.96,1,-0.475044816732,0,1.53634917736,0,0,1.53634917736,0,1.53634917736,0,-0.454881275556,0.788926452824,-0.47504481724,0.804666325211,0.0201635416832,-0.0157398723876,0.0894984268323,2.13043019175,1.5363492363,-9.512019344e-05,-0.00794911076379,-0.474830700612,0.851858611226,6.00111495092e-06,-0.00150027873772,-0.474925820806,-0.453294738097,0.797769566095,0.843909500463,-0.454061124597,0.78896062578,0.020864696209,-0.0549488746821,5.36130314789,1.5363492363,2.22901917167,-0.454881275556,0.788926452824,0.0201635416832,-0.0157398723876,0.0201635416832,-0.0157398723876,-0.00909055308507,4,0
1980,3.96,2,0.698318064213,0,-1.41425740719,0,0,-1.41425740719,0,-1.41425740719,0,0.693601593157,-0.986158072428,0.698318080105,-0.973756351223,-0.0047164869482,-0.0124017212054,-1.09657038273,-0.476055494326,-1.41425743137,6.95161577521e-05,0.00581489106424,0.698161970337,-1.00787930474,-7.50139363981e-06,0.00187534840995,0.698231486495,0.691618421319,-0.997211963946,-1.00206441368,0.68442403086,-0.986540470857,-0.0138074556344,0.0155239428218,-5.87934494972,-1.41425743137,-1.57927496202,0.693601593157,-0.986158072428,-0.0047164869482,-0.0124017212054,-0.0047164869482,-0.0124017212054,0.00664908495726,4,0
1985,3.97,1,-0.466791719198,0,2.53634929657,0,0,2.53634929657,0,2.53634929657,0,-0.446750124067,0.839571271905,-0.466791721279,0.843937005666,0.0200415972116,-0.00436573376114,1.22696921058,2.26034535432,2.5363492363,-6.88071535614e-05,-0.00550251549661,-0.466651066103,0.872278697086,7.40585506054e-06,-0.00185146376514,-0.466719873257,-0.445059873426,0.85067971194,0.866776181589,-0.436490457555,0.839998758009,0.0302294157012,-0.0267774235799,6.20882524802,2.5363492363,3.49364276624,-0.446750124067,0.839571271905,0.0200415972116,-0.00436573376114,0.0200415972116,-0.00436573376114,-0.00632820133934,4,0
1985,3.97,2,0.688207507133,0,-2.06583189964,0,0,-2.06583189964,0,-2.06583189964,0,0.683437653733,-1.04946409585,0.688207491224,-1.04431904986,-0.0047698374912,-0.00514504598785,-1.50516129817,-0.557570402516,-2.06583181933,3.55768067096e-05,0.00267319696672,0.688145311943,-1.05446085271,-9.25731875778e-06,0.00231432968945,0.68818088875,0.68132484042,-1.06334964579,-1.05178765575,0.670890591687,-1.0499868901,-0.017290297063,0.00180076564637,-8.10358437826,-2.06583181933,-2.06583181933,0.683437653733,-1.04946409585,-0.0047698374912,-0.00514504598785,-0.0047698374912,-0.00514504598785,0.00310011864723,4,0
1990,3.98,1,-0.457974880934,0,2.98489332199,0,0,2.98489332199,0,2.98489332199,0,-0.438081672689,0.892907623974,-0.457974886767,0.908822080201,0.0198932140782,-0.015914456227,0.683332720003,2.27130984788,2.9848932734,-2.48003559891e-05,-0.00190917646323,-0.457928274118,0.917468473697,6.15464548631e-06,-0.00153866137158,-0.457953074474,-0.436286405046,0.902249805406,0.915559297234,-0.432378744433,0.893145245984,0.0255743300405,-0.0224140512496,6.4730374634,2.9848932734,2.95684934862,-0.438081672689,0.892907623974,0.0198932140782,-0.015914456227,0.0198932140782,-0.015914456227,-0.0022067807351,4,0
1990,3.98,2,0.677169620991,0,-1.87265491486,0,0,-1.87265491486,0,-1.87265491486,0,0.672602089453,-1.11613453542,0.677169601898,-1.14346574333,-0.00456751244487,0.0273312079082,-1.39377094731,-0.481006472367,-1.87265491086,-2.01453614119e-05,-0.0018807644832,0.677226737808,-1.1285605483,-7.69330679329e-06,0.00192332669832,0.677206592446,0.670358004889,-1.12781226211,-1.13044131278,0.661025118041,-1.11661690923,-0.0161814744052,0.0138244035523,-6.81800112746,-1.87265491086,-1.87265491086,0.672602089453,-1.11613453542,-0.00456751244487,0.0273312079082,-0.00456751244487,0.0273312079082,-0.00212250882015,4,0
1995,3.99,1,-0.448574751616,0,1.98489332199,0,0,1.98489332199,0,1.98489332199,0,-0.428941455079,0.931637232684,-0.4485747428,0.955789724575,0.019633287721,-0.0241524918918,-0.960883118847,2.16849859993,1.9848932734,-2.07607628829e-05,-0.00186843343014,-0.448519084749,0.97016731651,3.20070305804e-06,-0.000800175764507,-0.448539845512,-0.427073033343,0.93661139539,0.96829888308,-0.436917321059,0.931304904935,0.0116225244533,-0.0369939781452,5.28187510606,1.9848932734,1.20973304366,-0.428941455079,0.931637232684,0.019633287721,-0.0241524918918,0.019633287721,-0.0241524918918,-0.00211756258473,4,0
1995,3.99,2,0.665309965611,0,-1.24613249302,0,0,-1.24613249302,0,-1.24613249302,0,0.661176817389,-1.16454654588,0.665309965063,-1.20617702236,-0.00413314767369,0.0416304764808,-0.926704402283,-0.321762181686,-1.24613247352,-2.62432695976e-05,-0.00201919121189,0.665358185493,-1.19789791436,-4.00087878338e-06,0.00100021969584,0.665331942223,0.658841290209,-1.1707642492,-1.19991710557,0.653487081859,-1.16486695153,-0.0118448603644,0.0350501540402,-3.81991342639,-1.24613247352,-1.24613247352,0.661176817389,-1.16454654588,-0.00413314767369,0.0416304764808,-0.00413314767369,0.0416304764808,-0.00233411044706,4,0
2000,4,1,-0.438933968544,0,0.984893262386,0,0,0.984893262386,0,0.984893262386,0,-0.419532242028,0.945610947911,-0.438933960796,0.964530375571,0.0194017187681,-0.0189194276603,-2.57524655727,2.05956097994,0.984893273402,-6.26264643156e-05,-0.0054596103638,-0.438777405987,1.00254533246,7.30827731443e-07,-0.000182706932855,-0.438840032452,-0.417640462629,0.946437819865,0.997085722099,-0.440903767263,0.944720467693,-0.00206373481133,-0.0523652544064,4.10977217048,0.984893273402,-0.509474449392,-0.419532242028,0.945610947911,0.0194017187681,-0.0189194276603,0.0194017187681,-0.0189194276603,-0.00621112793558,4,0
2000,4,2,0.653204739094,0,-0.692610919476,0,0,-0.692610919476,0,-0.692610919476,0,0.649415301025,-1.18201368974,0.653204715817,-1.20479469199,-0.00378941479127,0.0227810022486,-0.445933005341,-0.244032813553,-0.69261091072,2.46659357042e-05,0.00234910059802,0.653130132138,-1.22530415678,-9.13534655367e-07,0.000228383663838,0.653154798073,0.647050576768,-1.18304727967,-1.22295505618,0.645683628813,-1.18216917608,-0.00747116926024,0.0407858801016,-1.29326919646,-0.69261091072,-0.69261091072,0.649415301025,-1.18201368974,-0.00378941479127,0.0227810022486,-0.00378941479127,0.0227810022486,0.00264509182647,4,0
2005,4.01,1,-0.429337054491,0,1.32637012005,0,0,1.32637012005,0,1.32637012005,0,-0.41001546153,0.962730750228,-0.429337045816,0.959528365571,0.0193215842869,0.00320238465717,-0.0896691047573,2.12180528077,1.32637016216,-9.86771924714e-05,-0.00819143237791,-0.429117618019,1.00738113481,4.29433943555e-06,-0.00107358485888,-0.429216295211,-0.408083769415,0.969066811698,0.999189702436,-0.410683414772,0.962702918843,0.0185328804389,-0.0364867835933,4.29968821262,1.32637016216,2.0415117347,-0.41001546153,0.962730750228,0.0193215842869,0.00320238465717,0.0193215842869,0.00320238465717,-0.00937555868757,4,0
2005,4.01,2,0.641238391399,0,-1.57288002968,0,0,-1.57288002968,0,-1.57288002968,0,0.637519325355,-1.20341344241,0.641238394184,-1.19970045321,-0.00371906882934,-0.00371298920334,-1.24372655422,-0.322686891406,-1.57288007416,6.83113427846e-05,0.00564689241664,0.641088355668,-1.23181915629,-5.36792423511e-06,0.00134198105879,0.641156667011,0.635104710203,-1.21133351916,-1.22617226387,0.627119104771,-1.20384678493,-0.0140375622403,0.0223254789355,-4.58038649162,-1.57288007416,-1.57288007416,0.637519325355,-1.20341344241,-0.00371906882934,-0.00371298920334,-0.00371906882934,-0.00371298920334,0.00646662853006,4,0
2010,4.02,1,-0.419604748487,0,2.32637023926,0,0,2.32637023926,0,2.32637023926,0,-0.400216615898,0.998381854599,-0.419604744469,0.986396272749,0.0193881285717,0.0119855818503,0.642304332724,2.25482808987,2.32637016216,-7.08704981706e-05,-0.00571352572038,-0.419457495435,1.0166117632,5.06573612524e-06,-0.00126643403132,-0.419528365933,-0.398212227822,1.00599334017,1.01089823748,-0.39481875132,0.998606765623,0.0247096146132,-0.0122914718578,5.13388236908,2.32637016216,2.90369639429,-0.400216615898,0.998381854599,0.0193881285717,0.0119855818503,0.0193881285717,0.0119855818503,-0.00656397169842,4,0
2010,4.02,2,0.628966152668,0,-1.90753448009,0,0,-1.90753448009,0,-1.90753448009,0,0.625270768271,-1.24797732236,0.628966154631,-1.25091981709,-0.00369538636001,0.0029424947314,-1.51362404933,-0.391093777498,-1.90753451059,3.21308984252e-05,0.00243111297815,0.628909521892,-1.26029090829,-6.33217007606e-06,0.00158304251902,0.62894165279,0.622765283168,-1.2574916792,-1.25785979531,0.612655663386,-1.24850295173,-0.0162859894044,0.00935684358715,-5.56809479077,-1.90753451059,-1.90753451059,0.625270768271,-1.24797732236,-0.00369538636001,0.0029424947314,-0.00369538636001,0.0029424947314,0.00281668375925,4,0
2015,4.03,1,-0.409455567598,0,2.44726538658,0,0,2.44726538658,0,2.44726538658,0,-0.390048257491,1.03413100745,-0.409455552929,1.03460429444,0.019407295438,-0.000473286987723,0.176428827638,2.26792018476,2.44726536692,-3.19085599958e-05,-0.00253345180537,-0.409390217467,1.04805326718,3.95687563132e-06,-0.000989218907827,-0.409422126027,-0.387973888927,1.04015193846,1.04551981537,-0.388556304502,1.03419317216,0.0208658215249,-0.0113266432119,5.06380236552,2.44726536692,2.44726536692,-0.390048257491,1.03413100745,0.019407295438,-0.000473286987723,0.019407295438,-0.000473286987723,-0.00291635452532,4,0
2015,4.03,2,0.616027832031,0,-1.73717296124,0,0,-1.73717296124,0,-1.73717296124,0,0.612560320225,-1.29266376282,0.616027816018,-1.32169059017,-0.00346749579317,0.0290268273497,-1.411290169,-0.327762369856,-1.73717299474,-1.8001574994e-05,-0.00166352521572,0.616076753828,-1.3094101323,-4.94609446422e-06,0.00123652361606,0.616058752253,0.609967359514,-1.30018992646,-1.31107365752,0.600835587124,-1.29315229336,-0.0152231651293,0.0179213641563,-4.43818664158,-1.73717299474,-1.73717299474,0.612560320225,-1.29266376282,-0.00346749579317,0.0290268273497,-0.00346749579317,0.0290268273497,-0.00187954411565,4,0
2020,4.04,1,-0.398918956518,0,1.44872534275,0,0,1.44872534275,0,1.44872534275,0,-0.379573076535,1.05838388894,-0.398918948405,1.06184422282,0.0193458718699,-0.00346033388153,-0.927037709494,2.21075780115,1.44872537166,-3.33823004701e-05,-0.00291173378632,-0.398835457753,1.08224238694,1.87961578418e-06,-0.000469903946043,-0.398868840053,-0.377453263812,1.06131607346,1.07933065315,-0.387257447181,1.05806370683,0.0116113928722,-0.0212669463251,3.87346101276,1.44872537166,1.28703241304,-0.379573076535,1.05838388894,0.0193458718699,-0.00346033388153,0.0193458718699,-0.00346033388153,-0.00331232139196,4,0
2020,4.04,2,0.602548241615,0,-1.30318152905,0,0,-1.30318152905,0,-1.30318152905,0,0.599466343997,-1.32297986419,0.602548247487,-1.35893827506,-0.00308190348965,0.0359584108738,-1.10007730634,-0.204559267709,-1.30318150735,-1.6945541025e-05,-0.00125172020782,0.602576035169,-1.35504218557,-2.34951968592e-06,0.000587379921475,0.602559089628,0.596816578087,-1.32664509477,-1.35629390578,0.590327025539,-1.32336066912,-0.0122320640886,0.0329332366576,-2.27454841306,-1.30318150735,-1.30318150735,0.599466343997,-1.32297986419,-0.00308190348965,0.0359584108738,-0.00308190348965,0.0359584108738,-0.00145506670012,4,0
2025,4.05,1,-0.388311058283,0,0.448725372553,0,0,0.448725372553,0,0.448725372553,0,-0.368935511785,1.06638511295,-0.388311048346,1.05583372255,0.0193755365609,0.0105513904039,-1.79990885416,2.19481383788,0.448725371658,-6.96706281296e-05,-0.00600068727039,-0.388141692859,1.0960434735,4.28526540697e-07,-0.000107131635178,-0.388211363487,-0.366802413524,1.06687052556,1.09004278623,-0.383851882969,1.06576359748,0.00435948051862,-0.024279188742,2.70264129872,0.448725371658,0.401741718525,-0.368935511785,1.06638511295,0.0193755365609,0.0105513904039,0.0193755365609,0.0105513904039,-0.00683673480794,4,0
2025,4.05,2,0.588986754417,0,-1.01298248768,0,0,-1.01298248768,0,-1.01298248768,0,0.586169388031,-1.332981394,0.588986770564,-1.34837476076,-0.0028173825322,0.0153933667555,-0.845483176926,-0.164590149671,-1.01298244412,2.79785552413e-05,0.00257337485967,0.588908176509,-1.3690391477,-5.35658165712e-07,0.000133914541431,0.588936155064,0.583503015199,-1.33358815975,-1.36646577284,0.579111705166,-1.33327546412,-0.00982444989785,0.0331903087246,-0.82312577405,-1.01298244412,-1.01298244412,0.586169388031,-1.332981394,-0.0028173825322,0.0153933667555,-0.0028173825322,0.0153933667555,0.00290911752257,4,0
2030,4.06,1,-0.37782907486,0,1.44872534275,0,0,1.44872534275,0,1.44872534275,0,-0.358236971446,1.07604313392,-0.377829083158,1.04790635215,0.0195921117114,0.0281367817712,-0.379644803037,2.30137496175,1.44872537166,-9.15447862165e-05,-0.00753087722813,-0.377629020744,1.09090527682,2.31773477988e-06,-0.000579433694966,-0.377720565531,-0.356081499997,1.07947402554,1.08337439959,-0.361323407953,1.0759145324,0.0163971575778,-0.00745986719182,3.54120829915,1.44872537166,1.93035957338,-0.358236971446,1.07604313392,0.0195921117114,0.0281367817712,0.0195921117114,0.0281367817712,-0.00862941466273,4,0
2030,4.06,2,0.575580656528,0,-1.55249786377,0,0,-1.55249786377,0,-1.55249786377,0,0.572796212581,-1.34505391996,0.575580647051,-1.34300115686,-0.00278443447043,-0.0020527630987,-1.30588993955,-0.241545801309,-1.55249790471,5.44750307785e-05,0.0044084634792,0.575466013785,-1.36653585283,-2.89716840896e-06,0.000724292102232,0.575520488816,0.570101873264,-1.34934253439,-1.36212738935,0.561890545169,-1.34550832277,-0.0136299436468,0.0166190665819,-2.75000666593,-1.55249790471,-1.55249790471,0.572796212581,-1.34505391996,-0.00278443447043,-0.0020527630987,-0.00278443447043,-0.0020527630987,0.00506216384854,4,0
2035,4.07,1,-0.367230445147,0,2.29346942902,0,0,2.29346942902,0,2.29346942902,0,-0.347386129181,1.09446043358,-0.367230452094,1.071406985,0.0198443229132,0.0230534485731,-0.0988147661545,2.38671805781,2.29346950407,-6.0252063116e-05,-0.00484318764882,-0.367106259126,1.09668917786,2.40731835882e-06,-0.000601829589705,-0.367166511189,-0.345193546744,1.09809670706,1.09184599022,-0.348161853718,1.09442811172,0.0190046574711,0.00258212150626,4.20890583983,2.29346950407,2.29346950407,-0.347386129181,1.09446043358,0.0198443229132,0.0230534485731,0.0198443229132,0.0230534485731,-0.00556621240621,4,0
2035,4.07,2,0.561950564384,0,-1.68957090378,0,0,-1.68957090378,0,-1.68957090378,0,0.559232659726,-1.36807554396,0.56195055651,-1.38007284747,-0.00271789678421,0.011997303512,-1.42015751898,-0.268366457061,-1.68957093768,1.34077846991e-05,0.000886068218472,0.561935196554,-1.38047099148,-3.00914786044e-06,0.000752286965108,0.561948604339,0.556491931676,-1.37262088568,-1.37958492326,0.547409814826,-1.3685681625,-0.0145387895125,0.011016760765,-2.97769779726,-1.68957093768,-1.68957093768,0.559232659726,-1.36807554396,-0.00271789678421,0.011997303512,-0.00271789678421,0.011997303512,0.00104696163486,4,0
2040,4.08,1,-0.35632571578,0,1.91295576096,0,0,1.91295576096,0,1.91295576096,0,-0.3363567791,1.11037613646,-0.35632573035,1.10144287157,0.0199689512499,0.00893326489395,-0.457436195044,2.36719462651,1.91295580356,-3.37451953418e-05,-0.00279242974437,-0.356250933175,1.11799922338,1.51048072805e-06,-0.000377620182013,-0.35628467837,-0.334133649822,1.11269749981,1.11520679364,-0.340135542272,1.110218688,0.0161491360979,-0.00498810563883,3.63727567738,1.91295580356,1.91295580356,-0.3363567791,1.11037613646,0.0199689512499,0.00893326489395,0.0199689512499,0.00893326489395,-0.00319737208848,4,0
2040,4.08,2,0.547893285751,0,-1.5137014389,0,0,-1.5137014389,0,-1.5137014389,0,0.545445972109,-1.38797017191,0.54789325766,-1.42017736644,-0.00244728555183,0.0322071945293,-1.33327643801,-0.182475847329,-1.51370148746,-2.1222211887e-05,-0.00179613134172,0.547942623237,-1.40908916511,-1.88810082968e-06,0.000472025207434,0.547921401025,0.542667060508,-1.39087187597,-1.41088529645,0.534371651359,-1.38843160194,-0.0135497496665,0.0224536945061,-1.89028361839,-1.51370148746,-1.51370148746,0.545445972109,-1.38797017191,-0.00244728555183,0.0322071945293,-0.00244728555183,0.0322071945293,-0.00205079788437,4,0
2045,4.09,1,-0.345220386982,0,1.37506008148,0,0,1.37506008148,0,1.37506008148,0,-0.325204828942,1.11862839299,-0.345220379685,1.11404319373,0.0200155507428,0.00458519926271,-0.950721987467,2.3218056288,1.37506009378,-4.08295998806e-05,-0.00348649724912,-0.345123178744,1.13677407013,4.40425338033e-07,-0.000110106334505,-0.345164008344,-0.322966820861,1.11933435939,1.13328757288,-0.333080701677,1.11830023163,0.012083306667,-0.0149873412505,2.91023858073,1.37506009378,1.37506009378,-0.325204828942,1.11862839299,0.0200155507428,0.00458519926271,0.0200155507428,0.00458519926271,-0.00397645244768,4,0
2045,4.09,2,0.533583760262,0,-1.27902126312,0,0,-1.27902126312,0,-1.27902126312,0,0.5315060344,-1.39828549205,0.53358378757,-1.43440960879,-0.00207775316988,0.0361241167459,-1.19738530887,-0.0827539486984,-1.27902126963,-1.28174022991e-05,-0.000964179113872,0.533606037401,-1.43086297756,-5.5053162562e-07,0.000137632906411,0.533593219999,0.528708524298,-1.39916794997,-1.43182715667,0.521554417173,-1.39870014276,-0.0120388028265,0.0331270139094,-0.603313132151,-1.27902126963,-1.27902126963,0.5315060344,-1.39828549205,-0.00207775316988,0.0361241167459,-0.00207775316988,0.0361241167459,-0.00111798794146,4,0
2050,4.1,1,-0.334083169699,0,1.28614377975,0,0,1.28614377975,0,1.28614377975,0,-0.31400730981,1.12015437945,-0.334083171322,1.11261118032,0.020075861512,0.00754319912888,-1.02725612602,2.30772279159,1.28614377203,-5.88959917044e-05,-0.00497035455526,-0.333946985911,1.14354590591,9.92994521054e-08,-2.4824863025e-05,-0.334005881903,-0.311766923094,1.12026783245,1.13857555135,-0.322505714132,1.11980027927,0.0115001677703,-0.0187752720813,2.6417198563,1.28614377203,1.28614377203,-0.31400730981,1.12015437945,0.020075861512,0.00754319912888,0.020075861512,0.00754319912888,-0.00567710645572,4,0
2050,4.1,2,0.519268155098,0,-1.22594952583,0,0,-1.22594952583,0,-1.22594952583,0,0.517509135479,-1.40019297492,0.519268140047,-1.42836901339,-0.00175900456846,0.0281760384782,-1.18483719622,-0.0401394639801,-1.2259495157,9.41457234371e-06,0.000859880626338,0.519242555729,-1.43485299848,-1.2412430439e-07,3.10310761034e-05,0.519251970301,0.514708652083,-1.40033479115,-1.43399311785,0.507644511132,-1.40060400093,-0.0116074591693,0.0333891169238,-0.116913214665,-1.2259495157,-1.2259495157,0.517509135479,-1.40019297492,-0.00175900456846,0.0281760384782,-0.00175900456846,0.0281760384782,0.000972855494462,4,0
2055,4.11,1,-0.322941184044,0,1.55973780155,0,0,1.55973780155,0,1.55973780155,0,-0.302799238267,1.1217437701,-0.322941198475,1.11663102834,0.0201419602088,0.00511274175826,-0.761618570609,2.31571066323,1.55973781657,-5.97849235263e-05,-0.00492830486101,-0.322809703009,1.1452159343,1.95498323974e-07,-4.88745809955e-05,-0.322869487933,-0.300555423681,1.12205391634,1.14028762944,-0.309088093837,1.12148173445,0.0137813940961,-0.018805894992,2.73746586099,1.55973781657,1.55973781657,-0.302799238267,1.1217437701,0.0201419602088,0.00511274175826,0.0201419602088,0.00511274175826,-0.00564572394332,4,0
2055,4.11,2,0.504991233349,0,-1.31254982948,0,0,-1.31254982948,0,-1.31254982948,0,0.503499046044,-1.40217971296,0.504991256549,-1.42902168369,-0.00149221050477,0.0268419707324,-1.2787679956,-0.0329567524238,-1.31254988303,9.43058643049e-06,0.000711967966008,0.504974220377,-1.4319308485,-2.44372836411e-07,6.10932090934e-05,0.504983650964,0.500694277812,-1.40256739566,-1.43121888054,0.492854250504,-1.40262324611,-0.01212940046,0.0285956344331,-0.20977628037,-1.31254988303,-1.31254988303,0.503499046044,-1.40217971296,-0.00149221050477,0.0268419707324,-0.00149221050477,0.0268419707324,0.000825135003174,4,0
2060,4.12,1,-0.311738193035,0,1.35677099228,0,0,1.35677099228,0,1.35677099228,0,-0.291578197693,1.12177003837,-0.311738201146,1.12193104526,0.0201600034526,-0.000161006890858,-0.949747876659,2.30153050532,1.35677098021,-5.23761972092e-05,-0.00435983718469,-0.311620541345,1.14809705087,-4.02360073648e-07,0.000100590018408,-0.311672917542,-0.289335188914,1.12120261932,1.14373721368,-0.299437549029,1.1214425654,0.0122353685136,-0.0222946482848,2.35609910474,1.35677098021,1.35677098021,-0.291578197693,1.12177003837,0.0201600034526,-0.000161006890858,0.0201600034526,-0.000161006890858,-0.0049883515512,4,0
2060,4.12,2,0.490682095289,0,-1.23343396187,0,0,-1.23343396187,0,-1.23343396187,0,0.489472745327,-1.40221254771,0.490682084021,-1.43103734908,-0.00120933869411,0.0288248013749,-1.2300275194,-0.00350132550708,-1.23343392057,-9.04366750703e-07,-8.40719409684e-05,0.490684521442,-1.43048913262,5.02950182113e-07,-0.000125737545528,0.490683617075,0.486668984354,-1.40150327376,-1.43057320456,0.479241070359,-1.4026388675,-0.0114425467155,0.0279343370583,0.369069373341,-1.23343392057,-1.23343392057,0.489472745327,-1.40221254771,-0.00120933869411,0.0288248013749,-0.00120933869411,0.0288248013749,-9.49243419769e-05,4,0
2065,4.13,1,-0.300530195236,0,1.10522866249,0,0,1.10522866249,0,1.10522866249,0,-0.280380870568,1.11685224914,-0.300530186972,1.11889483971,0.0201493164037,-0.0020425905679,-1.17886220972,2.2787414237,1.10522863685,-5.57667673164e-05,-0.00468022166793,-0.300402689452,1.1476462417,-1.0308232346e-06,0.000257705808645,-0.300458456219,-0.278148667963,1.11532818503,1.14296602003,-0.290143195311,1.11644548561,0.0103152609079,-0.0265205344183,1.93005138861,1.10522863685,1.10522863685,-0.280380870568,1.11685224914,0.0201493164037,-0.0020425905679,0.0201493164037,-0.0020425905679,-0.00534942287573,4,0
2065,4.13,2,0.476419180632,0,-1.13778984547,0,0,-1.13778984547,0,-1.13778984547,0,0.475476086426,-1.39606531051,0.476419177971,-1.42155651229,-0.000943091544539,0.0254912017856,-1.1638216073,0.0263565216814,-1.13778983472,2.98078662553e-06,0.000288979659064,0.476409993712,-1.42411090824,1.28852912412e-06,-0.00032213228103,0.476412974499,0.472685833172,-1.39416023024,-1.42382192858,0.465791679995,-1.39646882744,-0.0106212945035,0.0273531011405,0.989120872828,-1.13778983472,-1.13778983472,0.475476086426,-1.39606531051,-0.000943091544539,0.0254912017856,-0.000943091544539,0.0254912017856,0.000324749098571,4,0
2070,4.14,1,-0.289384841919,0,1.23972916603,0,0,1.23972916603,0,1.23972916603,0,-0.26925286925,1.10858536108,-0.289384836298,1.11197040378,0.0201319670475,-0.00338504269466,-1.03134848302,2.26530732441,1.23972915271,-6.05687359637e-05,-0.00504348648782,-0.289249147524,1.14193171091,-1.02643865202e-06,0.000256609663008,-0.289309716259,-0.26703728809,1.1070207509,1.13688822442,-0.277784542082,1.10822987471,0.011525174177,-0.0286583497073,1.89416237157,1.23972915271,1.23972915271,-0.26925286925,1.10858536108,0.0201319670475,-0.00338504269466,0.0201319670475,-0.00338504269466,-0.00577031131938,4,0
2070,4.14,2,0.462294608355,0,-1.17719185352,0,0,-1.17719185352,0,-1.17719185352,0,0.461566084791,-1.38573169991,0.462294602999,-1.40686038349,-0.000728518207341,0.0211286835874,-1.21152407321,0.0351544789516,-1.1771919076,8.70381023295e-06,0.000717867627078,0.462275943413,-1.41072596169,1.28304836133e-06,-0.000320762090335,0.462284647223,0.458796608344,-1.3837759371,-1.41000809407,0.451480707572,-1.38615192396,-0.0108039396513,0.023856170111,1.03846620518,-1.1771919076,-1.1771919076,0.461566084791,-1.38573169991,-0.000728518207341,0.0211286835874,-0.000728518207341,0.0211286835874,0.000822313349874,4,0
2075,4.15,1,-0.278247565031,0,1.93898332119,0,0,1.93898332119,0,1.93898332119,0,-0.258198977045,1.10354022666,-0.278247575929,1.11819895708,0.0200485988849,-0.0146587304259,-0.307177019329,2.24159567609,1.93898326791,-4.91662696253e-05,-0.00397461591408,-0.278145318792,1.13908789977,-2.36166987522e-07,5.90417468842e-05,-0.278194485062,-0.255992073611,1.10327459138,1.13511328386,-0.260716376627,1.10343533501,0.0174781084348,-0.0316779488532,2.41619496945,1.93898326791,1.93898326791,-0.258198977045,1.10354022666,0.0200485988849,-0.0146587304259,0.0200485988849,-0.0146587304259,-0.00456461114959,4,0
2075,4.15,2,0.44823628664,0,-1.38893771172,0,0,-1.38893771172,0,-1.38893771172,0,0.44774871955,-1.37942528167,0.448236278884,-1.40945492172,-0.000487559333672,0.0300296400507,-1.44152555475,0.0517887065865,-1.38893775418,-6.680671408e-06,-0.000718925928272,0.448262375563,-1.40123150526,2.9520874506e-07,-7.3802186259e-05,0.448255694891,0.444990090262,-1.37909323756,-1.40195043118,0.435763473429,-1.37992466692,-0.0124922214624,0.0220257642612,0.419991858874,-1.38893775418,-1.38893775418,0.44774871955,-1.37942528167,-0.000487559333672,0.0300296400507,-0.000487559333672,0.0300296400507,-0.000799093985168,4,0
2080,4.16,1,-0.267005592585,0,0.948570907116,0,0,0.948570907116,0,0.948570907116,0,-0.247185618652,1.09696111971,-0.267005606767,1.12386400948,0.0198199881153,-0.0269028897683,-1.21333597316,2.15865554422,0.948570909688,-3.33498766032e-05,-0.0028511401043,-0.266926089172,1.1426528405,-1.93902201057e-06,0.000484755502645,-0.266959439048,-0.244994448053,1.09413103294,1.1398017004,-0.257252180603,1.09654167963,0.00970725844586,-0.043260020763,1.24858536746,0.948570909688,0.948570909688,-0.247185618652,1.09696111971,0.0198199881153,-0.0269028897683,0.0198199881153,-0.0269028897683,-0.00325133862354,4,0
2080,4.16,2,0.434102505445,0,-1.02780997753,0,0,-1.02780997753,0,-1.02780997753,0,0.433982021576,-1.37120139773,0.434102512827,-1.4100621963,-0.000120491251262,0.0388607985664,-1.16278341819,0.132442995522,-1.02781000429,-2.75365863392e-05,-0.00219997934768,0.43415859082,-1.39906680128,2.42377758003e-06,-0.000605944395004,0.434131054234,0.431243058331,-1.36766378917,-1.40126678063,0.424330003553,-1.37160356515,-0.00980105068063,0.0296632154781,2.1228326341,-1.02781000429,-1.02781000429,0.433982021576,-1.37120139773,-0.000120491251262,0.0388607985664,-0.000120491251262,0.0388607985664,-0.00253041838375,4,0
2085,4.17,1,-0.255887717009,0,0.238686069846,0,0,0.238686069846,0,0.238686069846,0,-0.236299439018,1.07859470607,-0.255887717971,1.10065701184,0.0195882789531,-0.0220623057657,-1.8591343921,2.09215973818,0.238686067434,-5.79270924595e-05,-0.004965596248,-0.2557486968,1.13330079167,-3.18675674285e-06,0.000796689185714,-0.255806623893,-0.234146940388,1.07385924751,1.12833519543,-0.251718284112,1.07795225419,0.00408833978004,-0.0503829412341,0.377276894141,0.238686067434,0.238686067434,-0.236299439018,1.07859470607,0.0195882789531,-0.0220623057657,0.0195882789531,-0.0220623057657,-0.00566072135751,4,0
2085,4.17,2,0.420208394527,0,-0.783255040646,0,0,-0.783255040646,0,-0.783255040646,0,0.420374297056,-1.34824338011,0.420208397388,-1.37158513189,0.00016589966774,0.0233417517804,-0.953793959285,0.171152587195,-0.783255020536,4.5500956951e-06,0.00055904729721,0.420186867922,-1.37864384792,3.98344601504e-06,-0.000995861503761,0.420191418017,0.417683673773,-1.34232405678,-1.37808480062,0.412434684375,-1.3485741973,-0.00775673364287,0.0295106033219,3.266165436,-0.783255020536,-0.783255020536,0.420374297056,-1.34824338011,0.00016589966774,0.0233417517804,0.00016589966774,0.0233417517804,0.000613648445551,4,0
2090,4.18,1,-0.245098277926,0,0.154179081321,0,0,0.154179081321,0,0.154179081321,0,-0.225637704092,1.05315242751,-0.245098279958,1.06414818619,0.0194605758659,-0.0109957586755,-1.94492669932,2.09124888696,0.154179078074,-8.18328190692e-05,-0.00687489660361,-0.244910965896,1.10629981768,-3.50735678226e-06,0.000876839195565,-0.244992798715,-0.22353668566,1.04787869849,1.09942492108,-0.241751976332,1.0524809995,0.00324082238281,-0.0469439215726,0.150749883161,0.154179078074,0.154179078074,-0.225637704092,1.05315242751,0.0194605758659,-0.0109957586755,0.0194605758659,-0.0109957586755,-0.00785689043244,4,0
2090,4.18,2,0.406819373369,0,-0.797646641731,0,0,-0.797646641731,0,-0.797646641731,0,0.407047128426,-1.31644053127,0.4068193877,-1.31706139259,0.000227740726466,0.00062086132143,-0.912117933384,0.117933196964,-0.797646671186,3.55637309767e-05,0.00303516999364,0.406735263149,-1.33643110355,4.38419605403e-06,-0.0010960490135,0.40677082688,0.404420855392,-1.30984836988,-1.33339593355,0.399430519471,-1.31675788998,-0.00734030740881,0.0166380435742,3.27856686471,-0.797646671186,-0.797646671186,0.407047128426,-1.31644053127,0.000227740726466,0.00062086132143,0.000227740726466,0.00062086132143,0.00346193476536,4,0
2095,4.19,1,-0.234630569816,0,0.916163623333,0,0,0.916163623333,0,0.916163623333,0,-0.215232864863,1.02888583384,-0.23463056916,1.03848311928,0.0193977042968,-0.00959728543747,-1.16649515245,2.1193549209,0.91616362815,-7.93366272659e-05,-0.00650676602664,-0.234459384084,1.07486215603,-2.42880772661e-06,0.000607201931654,-0.234538720711,-0.213178923737,1.02514895728,1.06835539,-0.224874761683,1.02848408814,0.00966395902757,-0.0398713018607,0.77415407865,0.91616362815,0.960318574005,-0.215232864863,1.02888583384,0.0193977042968,-0.00959728543747,0.0193977042968,-0.00959728543747,-0.00745880555383,4,0
2095,4.19,2,0.393899768591,0,-1.10703957081,0,0,-1.10703957081,0,-1.10703957081,0,0.394041079425,-1.2861072887,0.393899764851,-1.27998262737,0.000141314573898,-0.00612466132596,-1.14011895506,0.0360040014348,-1.10703961421,3.21197356646e-05,0.00253922375792,0.393837113465,-1.29172300337,3.03600970097e-06,-0.000759002425248,0.393869233201,0.391473653024,-1.28143619293,-1.28918377961,0.38453222439,-1.28650349099,-0.0093370088109,0.00268028861964,2.10376324683,-1.10703961421,-1.10703961421,0.394041079425,-1.2861072887,0.000141314573898,-0.00612466132596,0.000141314573898,-0.00612466132596,0.0029246605859,4,0
2100,4.2,1,-0.224234774709,0,1.91616368294,0,0,1.91616368294,0,1.91616368294,0,-0.205017156285,1.01758658288,-0.22423477578,1.04516086217,0.0192176194953,-0.0275742792921,0.312259693282,2.11028173243,1.91616362815,-4.13882748385e-05,-0.00321035490199,-0.224157334284,1.05909818188,-5.56794186174e-07,0.000139198546543,-0.224198722559,-0.202982403993,1.01695855017,1.05588782698,-0.202388663744,1.0176961034,0.021810058815,-0.0381917235771,1.61756955874,1.91616362815,2.42624843991,-0.205017156285,1.01758658288,0.0192176194953,-0.0275742792921,0.0192176194953,-0.0275742792921,-0.00370701420005,4,0
2100,4.2,2,0.381079465151,0,-1.56169605255,0,0,-1.56169605255,0,-1.56169605255,0,0.381271443738,-1.2719832248,0.381079453946,-1.29108348955,0.000191989792274,0.0191002647475,-1.59793454169,0.0342506279963,-1.56169611153,-1.75805883793e-05,-0.00177683510211,0.381139495732,-1.27346782902,6.95992742494e-07,-0.000173998185617,0.381121915143,0.378728003381,-1.2711981839,-1.27524466412,0.367994937066,-1.27253641258,-0.0131269780769,0.0027082515388,0.466190439994,-1.56169611153,-1.56169611153,0.381271443738,-1.2719832248,0.000191989792274,0.0191002647475,0.000191989792274,0.0191002647475,-0.00198780216266,4,0
2105,4.21,1,-0.21367290616,0,1.13803744316,0,0,1.13803744316,0,1.13803744316,0,-0.194890520854,1.00325236784,-0.213672911117,1.05864619254,0.0187823902629,-0.0553938247036,-1.70936912154,1.95173702924,1.13803743894,-6.67153878534e-06,-0.000618794968642,-0.213653968892,1.0640066268,-3.95170646106e-06,0.000987926615267,-0.213660640431,-0.192889673549,0.997459872811,1.06338783184,-0.209104762253,1.00266010778,0.00455587817837,-0.0607277240546,0.668764822996,1.13803743894,0.243066761131,-0.194890520854,1.00325236784,0.0187823902629,-0.0553938247036,0.0187823902629,-0.0553938247036,-0.000698853434066,4,0
2105,4.21,2,0.368045210838,0,-0.775200247765,0,0,-0.775200247765,0,-0.775200247765,0,0.368613149489,-1.25406545576,0.368045222009,-1.30218390688,0.000567927480583,0.0481184511119,-0.963766671531,0.182677040173,-0.775200223031,-6.26777998113e-05,-0.00513727472893,0.368180892142,-1.27358514553,4.93963313708e-06,-0.00123490828427,0.368118214342,0.366112090366,-1.24682483689,-1.27872242026,0.360644673123,-1.25439747561,-0.00747354121886,0.0243249446465,3.8643785588,-0.775200223031,-0.775200223031,0.368613149489,-1.25406545576,0.000567927480583,0.0481184511119,0.000567927480583,0.0481184511119,-0.00588940832667,4,0
2110,4.22,1,-0.203203082085,0,0.138037443161,0,0,0.138037443161,0,0.138037443161,0,-0.185023220863,0.967647301595,-0.203203087672,1.03465596236,0.018179866809,-0.0670086607654,-2.77285996507,1.73584684595,0.138037438939,-3.7100944454e-05,-0.00329211731017,-0.203106840631,1.05866734681,-5.77091776588e-06,0.00144272944147,-0.203143941576,-0.183096481787,0.959041349811,1.0553752295,-0.208059249728,0.966687467059,-0.00491530815234,-0.0886877624393,-0.485083665153,0.138037438939,-1.03327579048,-0.185023220863,0.967647301595,0.018179866809,-0.0670086607654,0.018179866809,-0.0670086607654,-0.00373732864362,4,0
2110,4.22,2,0.35529923439,0,-0.302319705486,0,0,-0.302319705486,0,-0.302319705486,0,0.356279024544,-1.20955912244,0.355299238955,-1.24933536348,0.000979785588261,0.0397762410381,-0.607416884506,0.303233917631,-0.302319695382,-2.23081031211e-05,-0.00159557425505,0.355332637483,-1.24536164779,7.21364728479e-06,-0.00180341182119,0.35531032938,0.353870600707,-1.19880168259,-1.24695722204,0.351241490155,-1.20976901971,-0.00406883922564,0.0371882023389,5.86403885036,-0.302319695382,-0.302319695382,0.356279024544,-1.20955912244,0.000979785588261,0.0397762410381,0.000979785588261,0.0397762410381,-0.0018632714925,4,0
2115,4.23,1,-0.193153396249,0,-0.861962556839,0,0,-0.861962556839,0,-0.861962556839,0,-0.175566994153,0.92327916564,-0.193153401357,0.982137548216,0.0175864072035,-0.0588583825762,-2.71052220316,1.61867315709,-0.861962561061,-7.86731271117e-05,-0.00671612370004,-0.192966204614,1.02572986402,-5.76351020412e-06,0.00144087755103,-0.193044877741,-0.173729174609,0.914587139504,1.01901374032,-0.198051808034,0.922342298395,-0.0050069302933,-0.0966714419298,-1.6041443656,-0.861962561061,-1.08418884485,-0.175566994153,0.92327916564,0.0175864072035,-0.0588583825762,0.0175864072035,-0.0588583825762,-0.00766020122538,4,0
2115,4.23,2,0.343315601349,0,-0.317430585623,0,0,-0.317430585623,0,-0.317430585623,0,0.344458741204,-1.15409895193,0.343315612203,-1.16217049412,0.00114312900101,0.00807154218863,-0.592680186406,0.278547824522,-0.317430581213,3.23804806831e-05,0.00290965356113,0.343229298203,-1.18398866991,7.20438782204e-06,-0.00180109695551,0.343261678684,0.342161466784,-1.14323391916,-1.18107901635,0.339500861919,-1.15430553023,-0.00376081676482,0.026773486113,5.76220415429,-0.317430581213,-0.317430581213,0.344458741204,-1.15409895193,0.00114312900101,0.00807154218863,0.00114312900101,0.00807154218863,0.00329821932932,4,0
2120,4.24,1,-0.183686837554,0,-0.124961540103,0,0,-0.124961540103,0,-0.124961540103,0,-0.166539091329,0.884537625689,-0.183686844643,0.927220509227,0.0171477533137,-0.0426828835384,-1.3506345354,1.64135628342,-0.124961538113,-9.74790920694e-05,-0.00803612276382,-0.183473556682,0.973069158444,-3.67856587918e-06,0.000919641469798,-0.183571035774,-0.164775846911,0.878863284451,0.96503303568,-0.177698289916,0.884072659081,0.00587274585738,-0.0809603765994,-0.967563718202,-0.124961538113,0.299927619888,-0.166539091329,0.884537625689,0.0171477533137,-0.0426828835384,0.0171477533137,-0.0426828835384,-0.00920587186865,4,0
2120,4.24,2,0.332180559635,0,-0.850982487202,0,0,-0.850982487202,0,-0.850982487202,0,0.333173862727,-1.10567202656,0.332180550379,-1.08822974959,0.00099331234863,-0.01744227697,-0.986483298084,0.140859321811,-0.850982481419,5.74097096058e-05,0.00466958863108,0.332059297521,-1.11314174763,4.59820738558e-06,-0.00114955184639,0.33211670723,0.330969807216,-1.09857909996,-1.108472159,0.324922839061,-1.10601581922,-0.00719386816943,0.00245633978243,3.54399395058,-0.850982481419,-0.850982481419,0.333173862727,-1.10567202656,0.00099331234863,-0.01744227697,0.00099331234863,-0.01744227697,0.00535850514635,4,0
2125,4.25,1,-0.174537718296,0,0.875038444996,0,0,0.875038444996,0,0.875038444996,0,-0.157803456918,0.867694231681,-0.174537718269,0.912641649472,0.0167342613516,-0.0449474177911,0.789280918833,1.69960489344,0.875038461887,-5.62612024016e-05,-0.00439834401042,-0.17443013378,0.932562110545,-8.42435958326e-07,0.000210608989578,-0.174486394982,-0.156068706738,0.866743263141,0.928163766535,-0.151195309419,0.86796957116,0.0232910855632,-0.0601941953747,-0.0801710064683,0.875038461887,2.49395929071,-0.157803456918,0.867694231681,0.0167342613516,-0.0449474177911,0.0167342613516,-0.0449474177911,-0.00507347843923,4,0
2125,4.25,2,0.321384638548,0,-1.58472192287,0,0,-1.58472192287,0,-1.58472192287,0,0.32225431977,-1.08461778389,0.321384640602,-1.08480851074,0.000869679167596,0.000190726849202,-1.64321368439,0.0584446385595,-1.58472189263,3.47628287882e-06,-8.8868600806e-05,0.321401613092,-1.07583631353,1.05304495623e-06,-0.000263261239058,0.321405089375,0.320085882056,-1.08342907321,-1.07592518213,0.308584996807,-1.08518733902,-0.0128200925682,-0.00926215688858,0.677388601782,-1.58472189263,-1.58472189263,0.32225431977,-1.08461778389,0.000869679167596,0.000190726849202,0.000869679167596,0.000190726849202,-4.71532062602e-05,4,0
2130,4.26,1,-0.165381982923,0,0.486500620842,0,0,0.486500620842,0,0.486500620842,0,-0.149199838198,0.846505579988,-0.165381983342,0.913782864329,0.016182145144,-0.0672772843409,-2.22125228016,1.57981402094,0.48650062257,-9.14599063721e-06,-0.000772485831131,-0.165360050933,0.919379871064,-5.71609066113e-06,0.00142902266529,-0.165369196924,-0.147515034781,0.838114640473,0.918607385233,-0.167670854149,0.845735954323,-0.00230165722466,-0.0728714309096,-0.601980005219,0.48650062257,-0.640556021507,-0.149199838198,0.846505579988,0.016182145144,-0.0672772843409,0.016182145144,-0.0672772843409,-0.000882237718777,4,0
2130,4.26,2,0.310430437326,0,-0.58472186327,0,0,-0.58472186327,0,-0.58472186327,0,0.311499796427,-1.05813196908,0.310430425143,-1.09262907009,0.00106937128426,0.0344971010155,-0.693367347719,0.179864297987,-0.584721892627,-5.7610203592e-05,-0.00478139431676,0.310557888654,-1.0653350029,7.14511337752e-06,-0.00178627834437,0.31050027845,0.309393792168,-1.04764329461,-1.07011639722,0.305777276101,-1.05837040742,-0.00472300234954,0.0117459897945,4.85174440923,-0.584721892627,-0.508030332972,0.311499796427,-1.05813196908,0.00106937128426,0.0344971010155,0.00106937128426,0.0344971010155,-0.00547271675986,4,0
2135,4.27,1,-0.156443402171,0,-0.513499379158,0,0,-0.513499379158,0,-0.513499379158,0,-0.140971416597,0.795899058402,-0.156443405587,0.875432325167,0.0154719889899,-0.0795332667651,-3.63602015048,1.34014130914,-0.51349937743,-3.91201089619e-05,-0.00349214584774,-0.156340925875,0.901170047698,-7.99247080172e-06,0.00199811770043,-0.156380045984,-0.139391501177,0.783963356991,0.89767790185,-0.171186115217,0.794640112626,-0.0148060692339,-0.103037789224,-1.71879502914,-0.51349937743,-2.29191725419,-0.140971416597,0.795899058402,0.0154719889899,-0.0795332667651,0.0154719889899,-0.0795332667651,-0.00396158715529,4,0
2135,4.27,2,0.299874961376,0,0.0890133753419,0,0,0.0890133753419,0,0.0890133753419,0,0.301214269488,-0.994873816663,0.299874969064,-1.02191171109,0.00133930042424,0.0270378944269,-0.211990433625,0.299688092893,0.0890133726763,-1.70388627877e-05,-0.00111124705411,0.299894071519,-1.02160650422,9.99058856566e-06,-0.00249764714142,0.299877032656,0.299239375226,-0.979954189805,-1.02271775127,0.299461689493,-0.99494684083,-0.000415343162734,0.0277709104409,7.55005927688,0.0890133726763,0.0890133726763,0.301214269488,-0.994873816663,0.00133930042424,0.0270378944269,0.00133930042424,0.0270378944269,-0.00131571340756,4,0
2140,4.28,1,-0.148078262806,0,-1.51349937916,0,0,-1.51349937916,0,-1.51349937916,0,-0.133314867604,0.735392878206,-0.148078267796,0.807731182838,0.0147634001917,-0.0723383046316,-3.42981504297,1.19919495959,-1.51349937743,-8.456031402e-05,-0.00720996533738,-0.147877681859,0.854300841265,-7.6575210832e-06,0.0019143802708,-0.147962242173,-0.131855723909,0.723828706923,0.847090875927,-0.16177870417,0.734206885016,-0.0138164619977,-0.112883990911,-2.79700988136,-1.51349937743,-2.22239539428,-0.133314867604,0.735392878206,0.0147634001917,-0.0723383046316,0.0147634001917,-0.0723383046316,-0.00822468910562,4,0
2140,4.28,2,0.290297836065,0,0.027963232249,0,0,0.027963232249,0,0.027963232249,0,0.291643583313,-0.91924109096,0.290297846437,-0.913220188988,0.00134573687552,-0.00602090197113,-0.225110262203,0.25742431192,0.027963232103,4.33549266016e-05,0.0038305584949,0.290186514603,-0.940627381032,9.57190140732e-06,-0.00239297535183,0.290229869529,0.289819653707,-0.904785876775,-0.936796822537,0.289734721644,-0.919320626862,-0.000495147885586,0.0174761956747,7.13880851574,0.027963232103,0.027963232103,0.291643583313,-0.91924109096,0.00134573687552,-0.00602090197113,0.00134573687552,-0.00602090197113,0.00435081761412,4,0
2145,4.29,1,-0.140456840396,0,-1.08374488354,0,0,-1.08374488354,0,-1.08374488354,0,-0.126231157521,0.68461066541,-0.140456842432,0.735225822266,0.0142256849107,-0.0506151568564,-1.57419852986,1.23255303505,-1.08374488071,-0.000105285696719,-0.00870725340087,-0.140225354425,0.785194894215,-4.69718620874e-06,0.00117429655219,-0.140330640122,-0.124869400943,0.677355399224,0.776487640815,-0.139243798198,0.684068472048,0.00108684192319,-0.0924191687664,-2.42028364973,-1.08374488071,-0.331674813049,-0.126231157521,0.68461066541,0.0142256849107,-0.0506151568564,0.0142256849107,-0.0506151568564,-0.0099706817615,4,0
2145,4.29,2,0.281761169434,0,-0.671858489513,0,0,-0.671858489513,0,-0.671858489513,0,0.282788945778,-0.855763324628,0.28176117266,-0.821727657648,0.00102777311876,-0.0340356669793,-0.760009887659,0.0948733524991,-0.671858460964,7.14071644691e-05,0.00586503983034,0.281607491905,-0.853961913931,5.87148278897e-06,-0.00146787069725,0.281678899069,0.281086750071,-0.846694241852,-0.8480968741,0.276410587538,-0.856029089554,-0.0052683115308,-0.00793221545375,4.14259204523,-0.671858460964,-0.671858460964,0.282788945778,-0.855763324628,0.00102777311876,-0.0340356669793,0.00102777311876,-0.0340356669793,0.00672192580397,4,0
2150,4.3,1,-0.13332413137,0,-0.0837448835373,0,0,-0.0837448835373,0,-0.0837448835373,0,-0.119524489315,0.663281460749,-0.133324135404,0.704930422023,0.0137996460894,-0.0416489612746,1.09219941767,1.3536949374,-0.0837448807061,-6.19630722301e-05,-0.00485242805079,-0.133204901846,0.727211915787,-1.07514438094e-06,0.000268786095237,-0.133266864918,-0.11819874198,0.662067309229,0.722359487736,-0.110392049224,0.663661979086,0.0228748156937,-0.0586975086505,-1.48354904987,-0.0837448807061,2.45149033999,-0.119524489315,0.663281460749,0.0137996460894,-0.0416489612746,0.0137996460894,-0.0416489612746,-0.00559598491755,4,0
2150,4.3,2,0.273678570986,0,-1.60222649574,0,0,-1.60222649574,0,-1.60222649574,0,0.274405610593,-0.829101818678,0.2736785662,-0.811258551819,0.000727044393616,-0.0178432668594,-1.57446787086,-0.0267507692021,-1.60222645235,1.4833701468e-05,0.000829807861998,0.273671538306,-0.807319746647,1.34393048257e-06,-0.000335982620647,0.273686372008,0.272748426439,-0.827584129272,-0.806489938785,0.261299400404,-0.829647910769,-0.0123869716036,-0.023157971984,0.402582778104,-1.60222645235,-1.60222645235,0.274405610593,-0.829101818678,0.000727044393616,-0.0178432668594,0.000727044393616,-0.0178432668594,0.00100781227961,4,0
2155,4.31,1,-0.126307502389,0,-0.283744871616,0,0,-0.283744871616,0,-0.283744871616,0,-0.112984484311,0.636569733317,-0.126307506073,0.696688011586,0.0133230217623,-0.0601182782688,-2.71823985256,1.2827295141,-0.283744880706,-6.98392657069e-06,-0.000543919354743,-0.12629303414,0.700140559995,-7.12131186274e-06,0.00178032796568,-0.126300018067,-0.111721587177,0.626107582904,0.69959664064,-0.135592002864,0.635627753377,-0.00929198479725,-0.0639688872632,-1.77037859154,-0.283744880706,-1.43488261199,-0.112984484311,0.636569733317,0.0133230217623,-0.0601182782688,0.0133230217623,-0.0601182782688,-0.000627726473591,4,0
2155,4.31,2,0.265430182219,0,-0.602226436138,0,0,-0.602226436138,0,-0.602226436138,0,0.266230604411,-0.795712159238,0.265430195589,-0.824728758002,0.000800408822591,0.0290165987646,-0.368734402,0.115743682344,-0.602226452346,-5.65310725211e-05,-0.00475400554781,0.265558547588,-0.796620780655,8.9016398665e-06,-0.00222540996663,0.265502016515,0.264651983009,-0.782634471166,-0.801374786203,0.263208334544,-0.795838087149,-0.00229368197091,0.0055366990542,4.52860211468,-0.602226452346,-0.247558341238,0.266230604411,-0.795712159238,0.000800408822591,0.0290165987646,0.000800408822591,0.0290165987646,-0.00543237841806,4,0
2160,4.32,1,-0.119588382542,0,-1.28374493122,0,0,-1.28374493122,0,-1.28374493122,0,-0.106911963092,0.574141550258,-0.119588383521,0.649596799199,0.0126764204291,-0.0754552489417,-4.39549409845,1.03684265619,-1.28374488071,-3.22353358924e-05,-0.00293129696854,-0.119499995758,0.672590748036,-9.71182750284e-06,0.00242795687571,-0.119532231094,-0.105778143224,0.559626063237,0.669659451067,-0.143449995487,0.572619132241,-0.0239177643928,-0.097040318826,-2.8428287115,-1.28374488071,-3.35533332127,-0.106911963092,0.574141550258,0.0126764204291,-0.0754552489417,0.0126764204291,-0.0754552489417,-0.00331812099925,4,0
2160,4.32,2,0.257524490356,0,0.39777353406,0,0,0.39777353406,0,0.39777353406,0,0.258639952963,-0.717676930096,0.25752447936,-0.756689569229,0.00111547360304,0.0390126391328,0.207277723737,0.327485194906,0.397773547654,-2.16566130802e-05,-0.00147637261324,0.25755196185,-0.755066051025,1.21397844241e-05,-0.00303494610603,0.257530305237,0.257222678144,-0.699532571251,-0.756542423638,0.260378717406,-0.717604481578,0.00284841216924,0.0389379420609,8.49173943769,0.397773547654,0.536499170614,0.258639952963,-0.717676930096,0.00111547360304,0.0390126391328,0.00111547360304,0.0390126391328,-0.0017362519702,4,0
2165,4.33,1,-0.113577820361,0,-2.28374481201,0,0,-2.28374481201,0,-2.28374481201,0,-0.101536180949,0.501299151649,-0.113577818186,0.565614625397,0.012041637237,-0.0643154737481,-4.05842120618,0.896465163439,-2.28374488071,-8.93743151749e-05,-0.00765734175914,-0.113363684273,0.615668524065,-9.07038175021e-06,0.00226759543755,-0.113453058588,-0.100547396467,0.487589454631,0.608011182306,-0.135225121311,0.4998954458,-0.0217720627223,-0.108115736505,-3.87277603663,-2.28374488071,-3.1532262092,-0.101536180949,0.501299151649,0.012041637237,-0.0643154737481,0.012041637237,-0.0643154737481,-0.00872983354124,4,0
2165,4.33,2,0.250729799271,0,0.456057906151,0,0,0.456057906151,0,0.456057906151,0,0.251920225363,-0.626623931511,0.250729799003,-0.625345522002,0.00119042636045,-0.00127840950873,0.166944362654,0.29458787935,0.456057909278,5.45035494164e-05,0.00482029013322,0.250589812811,-0.659739981444,1.13379772241e-05,-0.00283449430602,0.25064431636,0.250684244777,-0.609486810183,-0.65491969131,0.253263476912,-0.626567962697,0.00261916055174,0.0283517286138,8.44331193414,0.456057909278,0.456057909278,0.251920225363,-0.626623931511,0.00119042636045,-0.00127840950873,0.00119042636045,-0.00127840950873,0.00547433272622,4,0
2170,4.34,1,-0.108467467129,0,-1.8723950386,0,0,-1.8723950386,0,-1.8723950386,0,-0.0968417591633,0.441667099201,-0.108467466807,0.47852322785,0.0116257076441,-0.0368561286488,-1.82365911681,0.970554053686,-1.872394999,-0.000114244862577,-0.00944765076358,-0.108216293098,0.532734630367,-5.42066505375e-06,0.00135516626344,-0.108330537961,-0.0959670545994,0.433286783125,0.523286979604,-0.111922581577,0.441038731601,-0.00359204361663,-0.082248248003,-3.46036562804,-1.872394999,-0.842286474011,-0.0968417591633,0.441667099201,0.0116257076441,-0.0368561286488,0.0116257076441,-0.0368561286488,-0.0108185891145,4,0
2170,4.34,2,0.245185807347,0,-0.363715797663,0,0,-0.363715797663,0,-0.363715797663,0,0.246052198213,-0.552083865727,0.245185813535,-0.51623841073,0.000866384678115,-0.0358454549968,-0.475652520962,0.101487243584,-0.363715793614,8.78863508505e-05,0.00722897547216,0.24499575601,-0.556364949464,6.77583133502e-06,-0.00169395783375,0.245083642361,0.244958817525,-0.541608470603,-0.549135973992,0.242026386364,-0.552251607887,-0.00305725599654,-0.00311563389503,4.84393937388,-0.363715793614,-0.382448889061,0.246052198213,-0.552083865727,0.000866384678115,-0.0358454549968,0.000866384678115,-0.0358454549968,0.00828361168237,4,0
2175,4.35,1,-0.10397734493,0,-0.872394979,0,0,-0.872394979,0,-0.872394979,0,-0.0925854617913,0.417192276259,-0.10397734844,0.43573019342,0.0113918866485,-0.0185379171613,1.20173722438,1.1659686711,-0.872394998996,-6.87873329155e-05,-0.00541467643922,-0.103843187182,0.461249523854,-1.24029752777e-06,0.000310074381943,-0.103911974515,-0.0917520188822,0.415791231366,0.455834847415,-0.08253643012,0.417610985912,0.0213755443952,-0.0382238615033,-2.46829302035,-0.872394998996,2.37394601991,-0.0925854617913,0.417192276259,0.0113918866485,-0.0185379171613,0.0113918866485,-0.0185379171613,-0.0062401244342,4,0
2175,4.35,2,0.240227475762,0,-1.36371576786,0,0,-1.36371576786,0,-1.36371576786,0,0.240731826581,-0.521490336972,0.24022747637,-0.494396131736,0.000504350211192,-0.0270942052367,-1.39689253277,-0.0712240136401,-1.36371579361,2.82042573991e-05,0.00193422512592,0.240191012016,-0.496877111979,1.55037191377e-06,-0.00038759297844,0.240219216273,0.239690022961,-0.519739030852,-0.494942886853,0.229092323976,-0.521975316248,-0.0111268922971,-0.0270324293944,0.717621813135,-1.36371579361,-1.47038922263,0.240731826581,-0.521490336972,0.000504350211192,-0.0270942052367,0.000504350211192,-0.0270942052367,0.0022726762147,4,0
2180,4.36,1,-0.0997115373611,0,-0.922646641731,0,0,-0.922646641731,0,-0.922646641731,0,-0.0885200030702,0.386635869162,-0.099711538902,0.418476057264,0.0111915358319,-0.0318401881015,-3.16909432242,1.16490239775,-0.922646617332,-1.03459013267e-05,-0.000790107100385,-0.0996913561037,0.422806271147,-8.07907484961e-06,0.0020197687124,-0.099701702005,-0.0877583646914,0.374759883239,0.422016164047,-0.114875747108,0.38553771316,-0.0151740451026,-0.0364784508865,-2.55130186275,-0.922646617332,-2.00327766675,-0.0885200030702,0.386635869162,0.0111915358319,-0.0318401881015,0.0111915358319,-0.0318401881015,-0.000914257916305,4,0
2180,4.36,2,0.235178515315,0,-0.363715797663,0,0,-0.363715797663,0,-0.363715797663,0,0.235650003264,-0.483294828008,0.235178509361,-0.503406236421,0.000471493902198,0.0201114084123,-0.0112751230289,0.0455237558418,-0.363715793614,-4.79358633009e-05,-0.00408333861666,0.235289994954,-0.478525580421,1.00988435847e-05,-0.00252471089617,0.235242059091,0.234697955307,-0.468449845571,-0.482608919037,0.235594960873,-0.483297121441,0.000352901781741,-0.00068820240393,4.7558310431,-0.363715793614,0.0389072017892,0.235650003264,-0.483294828008,0.000471493902198,0.0201114084123,0.000471493902198,0.0201114084123,-0.00465856897627,4,0
2185,4.37,1,-0.0958140492439,0,-1.92264664173,0,0,-1.92264664173,0,-1.92264664173,0,-0.0849849410743,0.316308616966,-0.0958140507291,0.364820167419,0.0108291096548,-0.0485115504527,-5.00332423353,0.952556090533,-1.92264661733,-3.14298923911e-05,-0.00285788431568,-0.0957279091048,0.387240833325,-1.08209543643e-05,0.00270523859109,-0.0957593389972,-0.0843684588312,0.300125405768,0.384382949009,-0.126580137113,0.314575483798,-0.030820798116,-0.0698074652119,-3.5711973681,-1.92264661733,-4.04753309998,-0.0849849410743,0.316308616966,0.0108291096548,-0.0485115504527,0.0108291096548,-0.0485115504527,-0.00323504302438,4,0
2185,4.37,2,0.230500623584,0,0.63628423214,0,0,0.63628423214,0,0.63628423214,0,0.231231175854,-0.39538576258,0.230500617658,-0.43295365768,0.000730558195836,0.0375678951005,0.622926254096,0.280141455514,0.636284206386,-1.84798697042e-05,-0.00121896923165,0.230521466174,-0.432718535257,1.35261929802e-05,-0.00338154824505,0.230502986304,0.230460573067,-0.375156748545,-0.433937504489,0.236425216604,-0.395169344215,0.00592223029924,0.0387681602738,8.64437832754,0.636284206386,0.904508437278,0.231231175854,-0.39538576258,0.000730558195836,0.0375678951005,0.000730558195836,0.0375678951005,-0.0014407276681,4,0
2190,4.38,1,-0.0926967933774,0,-2.92264652252,0,0,-2.92264652252,0,-2.92264652252,0,-0.0822277059435,0.235706955744,-0.0926967929095,0.272746628676,0.0104690869659,-0.0370396729315,-4.55641457581,0.839960887507,-2.92264661733,-8.98679994045e-05,-0.0077303975768,-0.0924800775518,0.323658926405,-9.91331697332e-06,0.00247832924333,-0.0925699455512,-0.0817714096407,0.220713163675,0.315928528828,-0.120058741747,0.234130662586,-0.027488796196,-0.0817978662423,-4.54849549135,-2.92264661733,-3.70764487474,-0.0822277059435,0.235706955744,0.0104690869659,-0.0370396729315,0.0104690869659,-0.0370396729315,-0.00880881356966,4,0
2190,4.38,2,0.226979792118,0,0.817670285702,0,0,0.817670285702,0,0.817670285702,0,0.227784632028,-0.294633685884,0.226979788437,-0.293831024,0.000804843591036,-0.000802661884064,0.557656829321,0.266011391096,0.817670272697,5.95533665714e-05,0.00528330732098,0.226826503787,-0.33155347444,1.23916462338e-05,-0.00309791155844,0.226886057153,0.227214261667,-0.275891445772,-0.326270167119,0.232373822031,-0.294442469634,0.00548776487727,0.031827697485,9.00425997675,0.817670272697,0.817670272697,0.227784632028,-0.294633685884,0.000804843591036,-0.000802661884064,0.000804843591036,-0.000802661884064,0.00599794771983,4,0
2195,4.39,1,-0.0905526429415,0,-2.32264661789,0,0,-2.32264661789,0,-2.32264661789,0,-0.080217540241,0.170971964812,-0.0905526438165,0.180564417205,0.0103351035755,-0.00959245239303,-2.08276159207,0.953465323133,-2.32264661733,-0.000115165325017,-0.0094889770772,-0.0903010477851,0.234536026121,-5.80354357764e-06,0.00145088589441,-0.0904162131101,-0.0798848485958,0.161993164924,0.225047049044,-0.0974533721807,0.170253805148,-0.00703715907062,-0.0547932438962,-3.89518050409,-2.32264661733,-1.11842530796,-0.080217540241,0.170971964812,0.0103351035755,-0.00959245239303,0.0103351035755,-0.00959245239303,-0.0108709609774,4,0
2195,4.39,2,0.224792271852,0,-0.0473510809243,0,0,-0.0473510809243,0,-0.0473510809243,0,0.225271924988,-0.21371494712,0.224792267807,-0.179268594539,0.000479657180824,-0.0344463525806,-0.152512785943,0.0691250337535,-0.0473510820074,9.3265731429e-05,0.00762785701831,0.224592430265,-0.221098315097,7.25442947852e-06,-0.00181360736963,0.224685695997,0.224856060449,-0.20249144725,-0.213470458079,0.223930422055,-0.213770843076,-0.000755273941673,-0.000300384996899,5.13492108605,-0.0473510820074,-0.0921347979853,0.225271924988,-0.21371494712,0.000479657180824,-0.0344463525806,0.000479657180824,-0.0344463525806,0.00874704579545,4,0
2200,4.4,1,-0.0890575349331,0,-1.32264661789,0,0,-1.32264661789,0,-1.32264661789,0,-0.0786790525204,0.144889366726,-0.0890575346497,0.135221146603,0.0103784821293,0.00966822012323,1.11170592822,1.19164987954,-1.32264661733,-6.62722072202e-05,-0.00520036301288,-0.0889293545374,0.159357535213,-1.32751821989e-06,0.000331879554974,-0.0889956267446,-0.0783902823205,0.143389461263,0.1541571722,-0.0693810152984,0.145276784944,0.0196146114462,-0.00888038725633,-2.85217837707,-1.32264661733,2.30935143726,-0.0786790525204,0.144889366726,0.0103784821293,0.00966822012323,0.0103784821293,0.00966822012323,-0.00599562949953,4,0
2200,4.4,2,0.223215684295,0,-1.0473511219,0,0,-1.0473511219,0,-1.0473511219,0,0.223348815426,-0.181111699487,0.223215685026,-0.155470408989,0.000133130400723,-0.0256412904982,-1.12289193895,-0.10864180082,-1.04735108201,2.86231916023e-05,0.00196131790345,0.223178807405,-0.157951421321,1.65939777633e-06,-0.000414849444084,0.223207430597,0.222987852694,-0.179236817657,-0.155990103417,0.213988426642,-0.181501715687,-0.00921900395524,-0.0255116122697,0.934118122487,-1.04735108201,-1.23383853598,0.223348815426,-0.181111699487,0.000133130400723,-0.0256412904982,0.000133130400723,-0.0256412904982,0.00230479620268,4,0
2205,4.41,1,-0.0878031402826,0,-1.17022955418,0,0,-1.17022955418,0,-1.17022955418,0,-0.0773435878054,0.1124082514,-0.0878031381771,0.118006023008,0.0104595503716,-0.00559777160796,-3.54471201118,1.22226212515,-1.17022951874,-6.00337036476e-06,-0.000390739208177,-0.087794646571,0.119316056841,-8.52919985096e-06,0.00213229996274,-0.0878006499414,-0.077131064722,0.0998646418392,0.118925317633,-0.106827810182,0.111179742134,-0.0190271602407,-0.00774557549807,-2.68437769951,-1.17022951874,-2.32198710637,-0.0773435878054,0.1124082514,0.0104595503716,-0.00559777160796,0.0104595503716,-0.00559777160796,-0.000462779652554,4,0
2205,4.41,2,0.221553623676,0,-0.0756695196033,0,0,-0.0756695196033,0,-0.0756695196033,0,0.221679484622,-0.140510305301,0.221553625531,-0.165959815915,0.000125859091206,0.0254495106145,0.355316008636,0.0196004743794,-0.0756695183006,-5.02679919025e-05,-0.00432959394905,0.221673018485,-0.138739187128,1.06614998196e-05,-0.00266537495489,0.221622750493,0.221413830786,-0.124830793341,-0.143068781077,0.224676355209,-0.140385435693,0.00305360471622,0.00268334538417,4.79539759036,-0.0756695183006,0.379849292867,0.221679484622,-0.140510305301,0.000125859091206,0.0254495106145,0.000125859091206,0.0254495106145,-0.00493280985188,4,0
2210,4.42,1,-0.0868918895721,0,-2.17022943497,0,0,-2.17022943497,0,-2.17022943497,0,-0.0765681059788,0.0386008499682,-0.0868918878581,0.0673996431977,0.0103237818794,-0.0287987932295,-5.42050287463,1.01017049641,-2.17022951874,-2.28952757856e-05,-0.00214212042489,-0.0868252748348,0.0854304102736,-1.12501608664e-05,0.00281254021661,-0.0868481701106,-0.0765076972069,0.0217667652711,0.0832882898487,-0.121640571927,0.0367228305537,-0.0347924018168,-0.0465654592951,-3.65892365804,-2.17022951874,-4.40791551449,-0.0765681059788,0.0386008499682,0.0103237818794,-0.0287987932295,0.0103237818794,-0.0287987932295,-0.00241686373432,4,0
2210,4.42,2,0.220225408673,0,0.924330472946,0,0,0.924330472946,0,0.924330472946,0,0.220710132428,-0.0482510534735,0.220225413031,-0.0995893001179,0.000484719397563,0.0513382466445,1.00764759681,0.300470253555,0.924330481699,-2.65951426091e-05,-0.0019016468514,0.220264982382,-0.0951215727964,1.40627010855e-05,-0.00351567527138,0.220238387239,0.220634621482,-0.0272084475981,-0.0970232196478,0.229111117263,-0.0479010124387,0.008872730024,0.0491222072092,8.63385159011,0.924330481699,1.31033863893,0.220710132428,-0.0482510534735,0.000484719397563,0.0513382466445,0.000484719397563,0.0513382466445,-0.00222078856271,4,0
2215,4.43,1,-0.0867361873388,0,-3.17022943497,0,0,-3.17022943497,0,-3.17022943497,0,-0.0766026650841,-0.0446955750596,-0.0867361871367,-0.0231594524684,0.0101335220526,-0.0215361225912,-4.8916917564,0.890036784288,-3.17022951874,-8.22998449012e-05,-0.00713558248927,-0.0865346633713,0.0247758057436,-1.01333620324e-05,0.00253334050809,-0.0866169632162,-0.0767075277352,-0.0600313470802,0.0176402232544,-0.117228538851,-0.0463883197999,-0.0306115756351,-0.0640285430543,-4.59220420564,-3.17022951874,-3.99353179148,-0.0766026650841,-0.0446955750596,0.0101335220526,-0.0215361225912,0.0101335220526,-0.0215361225912,-0.00812318062809,4,0
2215,4.43,2,0.22003056109,0,1.24444150925,0,0,1.24444150925,0,1.24444150925,0,0.2207533314,0.0558694778138,0.220030555535,0.0401518790401,0.000722775864676,0.0157175987737,0.921363009324,0.328459263316,1.24444147821,5.25906302322e-05,0.00474970687091,0.219890571897,0.0048719712373,1.26667025373e-05,-0.00316667563433,0.219943162527,0.220884409732,0.075039192835,0.00962167810821,0.228373287434,0.0561869759819,0.00843012490698,0.0465652978736,9.49251839043,1.24444147821,1.24444147821,0.2207533314,0.0558694778138,0.000722775864676,0.0157175987737,0.000722775864676,0.0157175987737,0.0053807944337,4,0
2220,4.44,1,-0.0875503793359,0,-2.57022953033,0,0,-2.57022953033,0,-2.57022953033,0,-0.0774030615687,-0.110465966917,-0.0875503774621,-0.115173518676,0.0101473158934,0.00470755175832,-2.33445582541,1.00792984368,-2.57022951874,-0.000112088844684,-0.00924185495836,-0.0873050489819,-0.0624722505063,-5.82176411458e-06,0.00145544102865,-0.0874171378266,-0.0776332870818,-0.119479079598,-0.0717141054646,-0.0967350732511,-0.111271467404,-0.00931793542445,-0.0395573619396,-3.89368432167,-2.57022951874,-1.31593906063,-0.0774030615687,-0.110465966917,0.0101473158934,0.00470755175832,0.0101473158934,0.00470755175832,-0.0105869210946,4,0
2220,4.44,2,0.221212983131,0,0.370101422071,0,0,0.370101422071,0,0.370101422071,0,0.221753827096,0.138082467603,0.221212979777,0.159555985904,0.000540847319028,-0.0214735183015,0.188097732258,0.139863567417,0.370101414088,9.19186030234e-05,0.00752585907424,0.221015433335,0.118099298817,7.27720513791e-06,-0.00181930128448,0.221107351938,0.222041609005,0.149348858445,0.125625157892,0.223246808863,0.138144675176,0.0021394569245,0.0125195172848,5.51255663924,0.370101414088,0.319332417364,0.221753827096,0.138082467603,0.000540847319028,-0.0214735183015,0.000540847319028,-0.0214735183015,0.00862888231052,4,0
2225,4.45,1,-0.0890107750893,0,-1.57022953033,0,0,-1.57022953033,0,-1.57022953033,0,-0.0786790523412,-0.136517474584,-0.0890107749832,-0.160198092306,0.010331722642,0.0236806177219,0.828457756442,1.25812656342,-1.57022951874,-6.49820584762e-05,-0.00509891855415,-0.0888850983905,-0.136539194126,-1.33132605976e-06,0.000332831514938,-0.088950080449,-0.0789530993441,-0.138021996041,-0.14163811268,-0.0717382984303,-0.136228276504,0.0172117820187,0.00540983617544,-2.80493029062,-1.57022951874,2.09246302312,-0.0786790523412,-0.136517474584,0.010331722642,0.0236806177219,0.010331722642,0.0236806177219,-0.00587870325586,4,0
2225,4.45,2,0.22304995358,0,-0.629898607731,0,0,-0.629898607731,0,-0.629898607731,0,0.22334881565,0.170646852159,0.223049954608,0.187527506514,0.000298861042676,-0.0168806543553,-0.770560541468,-0.0426975020064,-0.629898585912,2.9226524534e-05,0.00201798335432,0.223011296628,0.184567389155,1.66415757349e-06,-0.000416039393373,0.223040523153,0.223691374422,0.172527503979,0.186585372509,0.21691890167,0.170378939076,-0.006121621483,-0.0162064334328,1.23645227054,-0.629898585912,-0.815626745123,0.22334881565,0.170646852159,0.000298861042676,-0.0168806543553,0.000298861042676,-0.0168806543553,0.00236870164873,4,0
2230,4.46,1,-0.0907077938318,0,-1.38917565346,0,0,-1.38917565346,0,-1.38917565346,0,-0.0801574937919,-0.168882390206,-0.0907077918383,-0.176808029816,0.0105502980464,0.00792563960992,-3.82089529717,1.30084871102,-1.38917570995,-5.88902196664e-06,-0.000381699075836,-0.0906994621411,-0.175521856424,-8.44340385744e-06,0.00211085096436,-0.0907053511631,-0.0805074396107,-0.181305462284,-0.1759035555,-0.111939341388,-0.170206633856,-0.0212339902253,0.00569692164471,-2.56293696959,-1.38917570995,-2.51959421881,-0.0801574937919,-0.168882390206,0.0105502980464,0.00792563960992,0.0105502980464,0.00792563960992,-0.000452367339436,4,0
2230,4.46,2,0.224841281772,0,0.344183504581,0,0,0.344183504581,0,0.344183504581,0,0.225196867553,0.211102996649,0.224841283032,0.180806023525,0.000355584520833,0.0302969731245,0.707273316331,0.0755838064802,0.344183516033,-4.84232342113e-05,-0.0041765551398,0.224956480035,0.207094248558,1.05542548105e-05,-0.00263856370262,0.2249080568,0.225634299844,0.22663183673,0.202917693418,0.231120175285,0.211349801138,0.00621211848469,0.00843210771982,5.03156246524,0.344183516033,0.787614756761,0.225196867553,0.211102996649,0.000355584520833,0.0302969731245,0.000355584520833,0.0302969731245,-0.00475763395033,4,0
2235,4.47,1,-0.0927383154631,0,-2.38917565346,0,0,-2.38917565346,0,-2.38917565346,0,-0.0821903185096,-0.241532350397,-0.0927383160017,-0.22634715901,0.010547997492,-0.0151851913874,-5.62034550415,1.10383654705,-2.38917570995,-2.32654092554e-05,-0.0021763659816,-0.0926706511969,-0.20803693951,-1.09724783861e-05,0.00274311959653,-0.0926939166062,-0.0826897789143,-0.25795956114,-0.210213305491,-0.128924931639,-0.243479625944,-0.0362310150328,-0.0332663204526,-3.49228261037,-2.38917570995,-4.5140534062,-0.0821903185096,-0.241532350397,0.010547997492,-0.0151851913874,0.010547997492,-0.0151851913874,-0.00245555089267,4,0
2235,4.47,2,0.227000027895,0,1.34418356419,0,0,1.34418356419,0,1.34418356419,0,0.227737898539,0.301915446778,0.227000025476,0.2503552982,0.00073787306247,0.0515601485772,1.33670189543,0.337516061131,1.34418351603,-2.43360871832e-05,-0.00170974036101,0.227034279366,0.253592901146,1.37155979626e-05,-0.00342889949066,0.227009943279,0.228362224062,0.322449460177,0.251883160785,0.238874428193,0.302379468846,0.0118644849138,0.0504963080619,8.79559054819,1.34418351603,1.67621972996,0.227737898539,0.301915446778,0.00073787306247,0.0515601485772,0.00073787306247,0.0515601485772,-0.00200177340721,4,0
2240,4.48,1,-0.0955112800002,0,-3.38917565346,0,0,-3.38917565346,0,-3.38917565346,0,-0.0850145003753,-0.322289718503,-0.0955112797492,-0.315071646032,0.0104967793739,-0.0072180724711,-5.04286077519,1.0054839737,-3.38917570995,-8.30084032242e-05,-0.00717883820111,-0.0953089607757,-0.267148423755,-9.71669068703e-06,0.00242917267176,-0.0953919691789,-0.0856739330743,-0.337003867519,-0.274327261957,-0.126897502132,-0.324034843577,-0.031505532953,-0.0497075816201,-4.38074258198,-3.38917570995,-4.02920186246,-0.0850145003753,-0.322289718503,0.0104967793739,-0.0072180724711,0.0104967793739,-0.0072180724711,-0.0081749390398,4,0
2240,4.48,2,0.230315193534,0,1.57078850269,0,0,1.57078850269,0,1.57078850269,0,0.231268125958,0.402862156747,0.230315200247,0.390646384688,0.000952925711028,0.0122157720589,1.2348245236,0.341560780505,1.57078847244,5.50874457876e-05,0.00493578231492,0.230170720464,0.354629851484,1.21458633355e-05,-0.00303646583387,0.23022580791,0.232092416849,0.421254842981,0.359565633799,0.241493936913,0.403288232204,0.0112681290035,0.0437225984045,9.21304538331,1.57078847244,1.57078847244,0.231268125958,0.402862156747,0.000952925711028,0.0122157720589,0.000952925711028,0.0122157720589,0.00559683166437,4,0
2245,4.49,1,-0.0992266237736,0,-2.78917574883,0,0,-2.78917574883,0,-2.78917574883,0,-0.0885751671924,-0.38496291568,-0.0992266216141,-0.404121580919,0.0106514544217,0.0191586652391,-2.5627616813,1.14307238925,-2.78917570995,-0.000111006458962,-0.00915178236868,-0.0989837403348,-0.351955700728,-5.47418180127e-06,0.00136854545032,-0.0990947467938,-0.089353843948,-0.393444014135,-0.361107483097,-0.109807287717,-0.385847587368,-0.0107125409235,-0.024740104272,-3.63883357999,-2.78917570995,-1.40920543217,-0.0885751671924,-0.38496291568,0.0106514544217,0.0191586652391,0.0106514544217,0.0191586652391,-0.0104838598762,4,0
2245,4.49,2,0.234981954098,0,0.697075843811,0,0,0.697075843811,0,0.697075843811,0,0.235718959564,0.481203653054,0.234981949926,0.506666474309,0.00073700963806,-0.0254628212546,0.524582722252,0.143298360669,0.697075869715,9.18705277374e-05,0.00752140438704,0.234784567574,0.465243091644,6.84272723483e-06,-0.00171068180871,0.234876438102,0.236692305526,0.491805026098,0.472764496031,0.240011165082,0.481382494951,0.00513472698002,0.00861799891984,5.18385294116,0.697075869715,0.659257232202,0.235718959564,0.481203653054,0.00073700963806,-0.0254628212546,0.00073700963806,-0.0254628212546,0.00862385071989,4,0
2250,4.5,1,-0.103559918702,0,-1.78917574883,0,0,-1.78917574883,0,-1.78917574883,0,-0.0925854612648,-0.40934642089,-0.103559915093,-0.44641022828,0.0109744538286,0.03706380739,0.369790233433,1.40278893543,-1.78917570995,-6.43997795861e-05,-0.00505512370844,-0.103435240716,-0.422908782735,-1.25148178702e-06,0.000312870446754,-0.103499640495,-0.0934051060896,-0.410761023724,-0.427963906444,-0.0894607348496,-0.409216223956,0.0140389056457,0.0187476824877,-2.50763728903,-1.78917570995,1.77840708993,-0.0925854612648,-0.40934642089,0.0109744538286,0.03706380739,0.0109744538286,0.03706380739,-0.00582792106347,4,0
2250,4.5,2,0.240271732211,0,-0.302924126387,0,0,-0.302924126387,0,-0.302924126387,0,0.240731827239,0.511683034488,0.240271732239,0.531632889711,0.000460095000519,-0.0199498552227,-0.362036617799,-0.0367354184161,-0.302924130285,2.97224962271e-05,0.00206519185927,0.240231574608,0.528257649537,1.56435222992e-06,-0.000391088057478,0.240261297105,0.241756383287,0.513451288027,0.530322841396,0.237699936941,0.511556705726,-0.00256136016398,-0.0187661356704,0.858880813652,-0.302924130285,-0.401193898029,0.240731827239,0.511683034488,0.000460095000519,-0.0199498552227,0.000460095000519,-0.0199498552227,0.00242186181399,4,0
2255,4.51,1,-0.108105167747,0,-1.58917570114,0,0,-1.58917570114,0,-1.58917570114,0,-0.0967849129676,-0.439561530129,-0.108105164634,-0.460693030611,0.0113202516665,0.0211315004822,-3.98045594692,1.45601234082,-1.58917570995,-6.96191967216e-06,-0.000477532760454,-0.108094001629,-0.458701251589,-7.82707774691e-06,0.00195676943673,-0.108100963549,-0.0976753393058,-0.451083477417,-0.45917878435,-0.129893223854,-0.440941043083,-0.0217922603054,0.018237741267,-2.20472081936,-1.58917570995,-2.52388253031,-0.0967849129676,-0.439561530129,0.0113202516665,0.0211315004822,0.0113202516665,0.0211315004822,-0.00056107579652,4,0
2255,4.51,2,0.245494037867,0,0.697075843811,0,0,0.697075843811,0,0.697075843811,0,0.245981141951,0.549451920938,0.245494037098,0.523393559837,0.000487104852481,0.0260583611005,1.02267659959,0.0770045015472,0.697075869715,-4.58262225459e-05,-0.00395243042271,0.245602886075,0.548181421416,9.78384715586e-06,-0.00244596178897,0.245557059852,0.24709417489,0.563854355006,0.544228990994,0.254526131439,0.549807962166,0.00896907158643,0.00557897117241,4.70515843231,0.697075869715,1.10418344623,0.245981141951,0.549451920938,0.000487104852481,0.0260583611005,0.000487104852481,0.0260583611005,-0.00450234509326,4,0
2260,4.52,1,-0.112959749997,0,-2.58917570114,0,0,-2.58917570114,0,-2.58917570114,0,-0.101498314377,-0.506489184893,-0.112959746565,-0.50776923589,0.0114614321885,0.00128005099747,-5.59062056844,1.28987433805,-2.58917570995,-2.55842633704e-05,-0.00237473898609,-0.112886530136,-0.488158112967,-1.00053547349e-05,0.00250133868372,-0.112912114399,-0.102526261024,-0.521477339617,-0.490532851954,-0.147983767284,-0.508426078764,-0.0350716528849,-0.0178932268103,-3.09224686102,-2.58917570995,-4.29806448024,-0.101498314377,-0.506489184893,0.0114614321885,0.00128005099747,0.0114614321885,0.00128005099747,-0.00268175014654,4,0
2260,4.52,2,0.25107011199,0,1.69707584381,0,0,1.69707584381,0,1.69707584381,0,0.251872893794,0.63311148914,0.251070117434,0.591508134372,0.000802776359773,0.0416033547677,1.58979878146,0.305339592711,1.69707586972,-2.029362242e-05,-0.00136719668177,0.251094908282,0.592569466506,1.25066933772e-05,-0.00312667334431,0.251074614659,0.253157827119,0.651846682484,0.591202269825,0.265111655679,0.633663104219,0.0140370410196,0.042460834394,8.41511347195,1.69707586972,1.89674909432,0.251872893794,0.63311148914,0.000802776359773,0.0416033547677,0.000802776359773,0.0416033547677,-0.00161072015081,4,0
2265,4.53,1,-0.118524298072,0,-3.58917570114,0,0,-3.58917570114,0,-3.58917570114,0,-0.106934665269,-0.579633213635,-0.118524295569,-0.592033633229,0.0115896302993,0.0124004195936,-5.00089426824,1.23537296148,-3.58917570995,-8.42250281147e-05,-0.00724571294112,-0.118320829865,-0.544172742016,-8.68948393033e-06,0.00217237098258,-0.118405054893,-0.108107233435,-0.592801195548,-0.551418454957,-0.148467874461,-0.581363764018,-0.0300628195682,-0.029945309061,-3.93956145842,-3.58917570995,-3.75726489349,-0.106934665269,-0.579633213635,0.0115896302993,0.0124004195936,0.0115896302993,0.0124004195936,-0.00825641327849,4,0
2265,4.53,2,0.257761836052,0,1.75283169746,0,0,1.75283169746,0,1.75283169746,0,0.258668332488,0.724541524749,0.257761829178,0.72369576802,0.000906503310633,0.000845756728425,1.47891132469,0.279689825486,1.75283164696,5.73893420952e-05,0.00508083110943,0.257614338274,0.687441245472,1.0861854871e-05,-0.00271546371775,0.257671727616,0.26013404271,0.741001502076,0.692522076582,0.270923238456,0.725052145831,0.0132515108393,0.0325300692487,8.11337138324,1.75283164696,1.75283164696,0.258668332488,0.724541524749,0.000906503310633,0.000845756728425,0.000906503310633,0.000845756728425,0.00576950321457,4,0
2270,4.54,1,-0.124938391149,0,-2.60388898849,0,0,-2.60388898849,0,-2.60388898849,0,-0.113031872627,-0.635271228656,-0.124938388852,-0.668239347533,0.0119065162243,0.0329681188769,-2.75392927229,1.38315402952,-2.60388889357,-0.000103657166468,-0.00850154197,-0.124714084439,-0.620539637118,-4.78263651273e-06,0.00119565912818,-0.124817741605,-0.114310073501,-0.642687414278,-0.629041179088,-0.135860438404,-0.636222418896,-0.011042696798,-0.00718123980843,-2.78037122068,-2.60388889357,-1.36102981481,-0.113031872627,-0.635271228656,0.0119065162243,0.0329681188769,0.0119065162243,0.0329681188769,-0.00974542796761,4,0
2270,4.54,2,0.265658229589,0,0.920545518398,0,0,0.920545518398,0,0.920545518398,0,0.266289841762,0.794089043241,0.265658222065,0.822533497633,0.000631619696508,-0.0284444543917,0.836530313713,0.0893189942731,0.920545497207,8.24761533736e-05,0.00668720452934,0.265484748223,0.786880857098,5.97829561377e-06,-0.00149457390344,0.265567224377,0.267887592869,0.803359275228,0.793568061627,0.273184982659,0.794376340779,0.00761775828216,0.000808279151476,4.23890488626,0.920545497207,0.918172389616,0.266289841762,0.794089043241,0.000631619696508,-0.0284444543917,0.000631619696508,-0.0284444543917,0.00767691836982,4,0
2275,4.55,1,-0.131831526756,0,-1.60388886929,0,0,-1.60388886929,0,-1.60388886929,0,-0.119524488475,-0.6564546261,-0.131831531229,-0.697086485186,0.012307042754,0.0406318590859,-0.236172103358,1.60409951938,-1.60388889357,-5.38111993405e-05,-0.00417296428616,-0.131730675486,-0.678861608638,-1.09300231096e-06,0.000273250577742,-0.131784486685,-0.120838229822,-0.657690425614,-0.683034572924,-0.121449092188,-0.656534817922,0.0103353944975,0.0264997550021,-1.62123080953,-1.60388889357,1.3727461147,-0.119524488475,-0.6564546261,0.012307042754,0.0406318590859,0.012307042754,0.0406318590859,-0.00481869867825,4,0
2275,4.55,2,0.274011790752,0,0.0446581318974,0,0,0.0446581318974,0,0.0446581318974,0,0.274405611644,0.820568289923,0.274011782628,0.831897779036,0.000393829016115,-0.0113294891136,0.0778887585724,-0.0321185966548,0.0446581331978,1.59762886643e-05,0.000920313255781,0.274002524654,0.835362352818,1.36625288244e-06,-0.000341563220617,0.274018500943,0.276047788343,0.822113039307,0.836282666074,0.275044308877,0.820594902307,0.00102580793358,-0.0156877637664,0.412975706181,0.0446581331978,0.0446581331978,0.274405611644,0.820568289923,0.000393829016115,-0.0113294891136,0.000393829016115,-0.0113294891136,0.00111202871975,4,0
2280,4.56,1,-0.138826996088,0,-1.5718203783,0,0,-1.5718203783,0,-1.5718203783,0,-0.126181083434,-0.68262140252,-0.138826995041,-0.702830589841,0.012645911607,0.0202091873213,-4.01413888503,1.61737277517,-1.5718204233,-1.24425184918e-06,-4.87247961673e-05,-0.138826008835,-0.702539161089,-6.71894755555e-06,0.00167973688889,-0.138827253087,-0.12755604153,-0.692518258694,-0.702587885885,-0.159573736988,-0.684012763085,-0.0207464839004,0.0185751228002,-1.45815009912,-1.5718204233,-2.39670245404,-0.126181083434,-0.68262140252,0.012645911607,0.0202091873213,0.012645911607,0.0202091873213,-6.36558183575e-05,4,0
2280,4.56,2,0.282203912735,0,1.04465818405,0,0,1.04465818405,0,1.04465818405,0,0.282726355416,0.85327676029,0.282203901195,0.818932272054,0.00052245422073,0.0343444882359,1.28271623095,0.11415809513,1.0446581332,-5.31088324507e-05,-0.00449601916014,0.282325590905,0.84583412066,8.39868440194e-06,-0.00209967110049,0.282272482073,0.28444505305,0.865647830446,0.841338101499,0.293439835259,0.853723155284,0.0111673531859,0.0123850537844,4.24003325966,1.0446581332,1.40200765123,0.282726355416,0.85327676029,0.00052245422073,0.0343444882359,0.00052245422073,0.0343444882359,-0.00513332514954,4,0
2285,4.57,1,-0.14606769383,0,-2.57182049751,0,0,-2.57182049751,0,-2.57182049751,0,-0.133278901189,-0.739621441165,-0.146067686705,-0.744035809367,0.012788785516,0.00441436820208,-5.33400901682,1.46049388756,-2.5718204233,-2.65425399384e-05,-0.00247026679454,-0.14599126571,-0.723516182417,-8.40955784845e-06,0.00210238946211,-0.14601780825,-0.13477074441,-0.752228778985,-0.725986449212,-0.17762874027,-0.741469351127,-0.0316109320201,-0.0154829019146,-2.31571551088,-2.5718204233,-3.87072635198,-0.133278901189,-0.739621441165,0.012788785516,0.00441436820208,0.012788785516,0.00441436820208,-0.0027887772738,4,0
2285,4.57,2,0.290719896555,0,2.04465818405,0,0,2.04465818405,0,2.04465818405,0,0.291598627679,0.924526808219,0.290719887327,0.884449061011,0.000878740351823,0.0400777472082,1.75214990115,0.312344384453,2.0446581332,-1.89896509306e-05,-0.00123990415628,0.290740492522,0.884348830887,1.05119472507e-05,-0.00262798681267,0.290721502871,0.293463431719,0.940285980405,0.883108926731,0.306186781699,0.92513464797,0.0154652788282,0.0420257212389,7.91652166642,2.0446581332,2.06596206558,0.291598627679,0.924526808219,0.000878740351823,0.0400777472082,0.000878740351823,0.0400777472082,-0.00146777996745,4,0
2290,4.58,1,-0.153944730759,0,-3.32567691803,0,0,-3.32567691803,0,-3.32567691803,0,-0.140985835189,-0.800556222212,-0.153944726581,-0.819327818439,0.0129588913914,0.0187715962274,-4.76924400956,1.43538101808,-3.3256770108,-8.37929953335e-05,-0.00718046473261,-0.1537436445,-0.772253505746,-7.1162849406e-06,0.00177907123515,-0.153827437495,-0.14259786205,-0.81135064429,-0.779433970479,-0.180592557093,-0.802206502291,-0.0267651195978,-0.0227725318125,-2.88863505002,-3.3256770108,-3.3256770108,-0.140985835189,-0.800556222212,0.0129588913914,0.0187715962274,0.0129588913914,0.0187715962274,-0.00818598067661,4,0
2290,4.58,2,0.30027499795,0,1.89487171173,0,0,1.89487171173,0,1.89487171173,0,0.301232295245,1.00069528407,0.300274989431,1.0035708367,0.000957305813689,-0.00287555262888,1.63947670907,0.261031209685,1.89487170321,5.64095749029e-05,0.00495930064158,0.300131646454,0.968591482668,8.89535611792e-06,-0.00222383902948,0.300188056029,0.303247328834,1.01418831158,0.97355078331,0.314824035919,1.0012616066,0.0146359798896,0.0277108232913,6.78318200554,1.89487170321,1.89487170321,0.301232295245,1.00069528407,0.000957305813689,-0.00287555262888,0.000957305813689,-0.00287555262888,0.00563621554042,4,0
2295,4.59,1,-0.162539616227,0,-2.32567691803,0,0,-2.32567691803,0,-2.32567691803,0,-0.149236473126,-0.845663113971,-0.162539617996,-0.880541314336,0.0133031448703,0.0348782003651,-2.89672059487,1.57629167196,-2.3256770108,-9.66369268915e-05,-0.00791043985808,-0.162331406499,-0.836413321304,-3.79058058281e-06,0.000947645145703,-0.162428043426,-0.150933884056,-0.851548400544,-0.844323761162,-0.173258522445,-0.846664032693,-0.0108304790189,-0.00234027153052,-1.69260914371,-2.3256770108,-1.31135883992,-0.149236473126,-0.845663113971,0.0133031448703,0.0348782003651,0.0133031448703,0.0348782003651,-0.00907008298078,4,0
2295,4.59,2,0.310856103897,0,1.17730605602,0,0,1.17730605602,0,1.17730605602,0,0.311545592727,1.05707889839,0.310856118774,1.08453848394,0.000689473952591,-0.0274595855557,1.10557263052,0.078449495807,1.17730605476,7.2482057146e-05,0.00584628687342,0.310705531378,1.05396461535,4.73822569275e-06,-0.00118455642318,0.310778013435,0.313667356401,1.06443550655,1.05981090223,0.320686860462,1.05745978454,0.00990884702659,-0.00235111768529,3.37593168158,1.17730605476,1.17730605476,0.311545592727,1.05707889839,0.000689473952591,-0.0274595855557,0.000689473952591,-0.0274595855557,0.00671607155917,4,0
2300,4.6,1,-0.171484023333,0,-1.32567703724,0,0,-1.32567703724,0,-1.32567703724,0,-0.157803455816,-0.862315372882,-0.171484018538,-0.897858992275,0.0136805627225,0.035543619393,-0.952048664094,1.74957091887,-1.3256770108,-4.94217789331e-05,-0.0038331457574,-0.171391355897,-0.88110068625,-8.65845480452e-07,0.00021646137011,-0.171440777676,-0.159528746486,-0.863294719245,-0.884933832008,-0.165686623569,-0.862643838205,0.00575415410718,0.022289993803,-0.51418089302,-1.3256770108,0.801948461877,-0.157803455816,-0.862315372882,0.0136805627225,0.035543619393,0.0136805627225,0.035543619393,-0.0044262071046,4,0
2300,4.6,2,0.321776330471,0,0.505719780922,0,0,0.505719780922,0,0.505719780922,0,0.322254321147,1.07789422186,0.321776319572,1.08625309669,0.000478001575607,-0.00835887482714,0.522820015537,-0.0165679137417,0.505719776151,9.52900791383e-06,0.000417977549502,0.32177930318,1.09196156209,1.08230684237e-06,-0.000270576710589,0.321788832188,0.324410934497,1.07911840481,1.09237953964,0.326599175413,1.07807525746,0.00481034322553,-0.0143042821825,0.359078854085,0.505719776151,0.505719776151,0.322254321147,1.07789422186,0.000478001575607,-0.00835887482714,0.000478001575607,-0.00835887482714,0.000532325644468,4,0
2305,4.61,1,-0.180446475744,0,-1.52567696571,0,0,-1.52567696571,0,-1.52567696571,0,-0.16649893569,-0.882789661685,-0.180446476966,-0.897971293053,0.0139475412759,0.0151816313677,-3.9204089426,1.73169246636,-1.5256770108,-5.31129295921e-06,-0.000449911063647,-0.180432831547,-0.894137272302,-5.18864117874e-06,0.00129716029468,-0.18043814284,-0.16827203187,-0.890439570874,-0.894587183366,-0.199108116662,-0.884148377559,-0.0186699738224,0.0104388058073,-0.560719082409,-1.5256770108,-2.18820282966,-0.16649893569,-0.882789661685,0.0139475412759,0.0151816313677,0.0139475412759,0.0151816313677,-0.000513646579158,4,0
2305,4.61,2,0.332537233829,0,1.50571978092,0,0,1.50571978092,0,1.50571978092,0,0.333123671047,1.10348708266,0.332537248402,1.07838452055,0.000586422645304,0.0251025621072,1.4722884033,0.0963154962626,1.50571977615,-4.83548714374e-05,-0.00401726380803,0.332643621556,1.10092295192,6.48580141882e-06,-0.0016214503547,0.332595266684,0.335340041283,1.11304946907,1.09690568811,0.345409723807,1.10399900153,0.0128144571229,0.00709331341488,4.14013672373,1.50571977615,1.57320142183,0.333123671047,1.10348708266,0.000586422645304,0.0251025621072,0.000586422645304,0.0251025621072,-0.00459752226528,4,0
2310,4.62,1,-0.189616784453,0,-2.52567696571,0,0,-2.52567696571,0,-2.52567696571,0,-0.175535187798,-0.926280562151,-0.189616778821,-0.934350653233,0.0140815910236,0.00807009108172,-4.8670639394,1.615603596,-2.5256770108,-3.72235166813e-05,-0.00333300402749,-0.189518555317,-0.909574092468,-6.28535751429e-06,0.00157133937857,-0.189555778833,-0.177397189597,-0.935714917666,-0.912907096496,-0.2159923185,-0.92796627593,-0.0264365396667,-0.0150591794346,-1.39268302459,-2.5256770108,-3.24768065718,-0.175535187798,-0.926280562151,0.0140815910236,0.00807009108172,0.0140815910236,0.00807009108172,-0.00377968622767,4,0
2310,4.62,2,0.343665987253,0,2.00778079033,0,0,2.00778079033,0,2.00778079033,0,0.344418986234,1.15785070777,0.343665993475,1.1430463161,0.000752992759533,0.0148043916677,1.81474743898,0.192785332191,2.0077808763,-5.79542912475e-06,-0.000178559984643,0.343659971498,1.13782764529,7.85669681802e-06,-0.00196417420451,0.343654176069,0.346746488493,1.16964365205,1.13764908531,0.359517735995,1.15847982234,0.0158635599261,0.0208307370332,5.78089771667,2.0077808763,2.0077808763,0.344418986234,1.15785070777,0.000752992759533,0.0148043916677,0.000752992759533,0.0148043916677,-0.00024810513414,4,0
2315,4.63,1,-0.199314370751,0,-2.72875237465,0,0,-2.72875237465,0,-2.72875237465,0,-0.185028449897,-0.971177339108,-0.199314369524,-0.99447582542,0.0142859196264,0.0232984863125,-4.36270229484,1.63185687507,-2.72875248744,-8.21074254153e-05,-0.00699843631078,-0.199121768293,-0.950340058109,-5.09594359618e-06,0.00127398589905,-0.199203875718,-0.186978645878,-0.978919948113,-0.95733849442,-0.221254878204,-0.972686773621,-0.0220510024862,-0.0153482792007,-1.39737316193,-2.72875248744,-2.72286169435,-0.185028449897,-0.971177339108,0.0142859196264,0.0232984863125,0.0142859196264,0.0232984863125,-0.00798372541576,4,0
2315,4.63,2,0.355636388063,0,1.8267005682,0,0,1.8267005682,0,1.8267005682,0,0.356285563907,1.2139716784,0.355636401522,1.2324140794,0.000649162385071,-0.0184424010017,1.70754849366,0.124420499821,1.82670054873,5.31226088103e-05,0.004630973444,0.355506700159,1.20187439234,6.36992942499e-06,-0.00159248235625,0.355559822767,0.358723308892,1.22364993955,1.20650536578,0.37044664577,1.21456172348,0.0148868230022,0.00805635769431,4.56244053009,1.82670054873,1.82670054873,0.356285563907,1.2139716784,0.000649162385071,-0.0184424010017,0.000649162385071,-0.0184424010017,0.00526844474973,4,0
2320,4.64,1,-0.209511980414,0,-1.72875249386,0,0,-1.72875249386,0,-1.72875249386,0,-0.194914100488,-1.0029188757,-0.20951197983,-1.03157584643,0.0145978793426,0.0286569707276,-2.98217300985,1.73747031218,-1.72875248744,-8.05246666948e-05,-0.00655728062272,-0.209340685245,-0.995685031329,-2.56034853408e-06,0.000640087133521,-0.209421209912,-0.196924066903,-1.00690346903,-1.00224231195,-0.219659884334,-1.00394995003,-0.010238674422,-0.00170763807939,-0.195606299674,-1.72875248744,-1.23717912104,-0.194914100488,-1.0029188757,0.0145978793426,0.0286569707276,0.0145978793426,0.0286569707276,-0.00752357662306,4,0
2320,4.64,2,0.368301570415,0,1.29602921009,0,0,1.29602921009,0,1.29602921009,0,0.368642627188,1.25364859868,0.368301569051,1.28126637232,0.000341058136985,-0.0276177736336,1.31581333398,-0.0152171302946,1.29602926876,5.00650666049e-05,0.00396615412823,0.368202195704,1.26209466463,3.20043562541e-06,-0.000800108906346,0.36825226077,0.371155085215,1.25862934027,1.26606081876,0.379550742812,1.2541031035,0.011298482042,-0.011957715257,1.96881310389,1.29602926876,1.29602926876,0.368642627188,1.25364859868,0.000341058136985,-0.0276177736336,0.000341058136985,-0.0276177736336,0.00456693492749,4,0
2325,4.65,1,-0.219855293632,0,-0.728752493858,0,0,-0.728752493858,0,-0.728752493858,0,-0.205017154991,-1.01399367341,-0.219855296617,-1.03136684635,0.0148381416266,0.0173731729395,-1.73261380984,1.81621520991,-0.728752487435,-3.758453263e-05,-0.00290002616477,-0.219785754411,-1.01898827436,-5.84284393035e-07,0.000146071098262,-0.219823338943,-0.207045588626,-1.01465503069,-1.02188830053,-0.219402703158,-1.01459307125,0.000420635785412,0.00729522927561,0.983906589361,-0.728752487435,0.0869524406276,-0.205017154991,-1.01399367341,0.0148381416266,0.0173731729395,0.0148381416266,0.0173731729395,-0.00335104055633,4,0
2325,4.65,2,0.381095170975,0,0.89434581995,0,0,0.89434581995,0,0.89434581995,0,0.381271445356,1.26749209562,0.381095158762,1.27052740569,0.000176286593776,-0.00303531007042,0.945676365306,-0.0522914017233,0.894345842134,-6.88553592908e-06,-0.000878252120711,0.381130359642,1.28237993807,7.30355481648e-07,-0.000182588870409,0.381123474107,0.383806987407,1.26831879221,1.28150168595,0.389146417228,1.26782021945,0.0080229431219,-0.0136814664988,0.0635830150627,0.894345842134,0.894345842134,0.381271445356,1.26749209562,0.000176286593776,-0.00303531007042,0.000176286593776,-0.00303531007042,-0.00096087855186,4,0
2330,4.66,1,-0.230088099837,0,-1.3287525177,0,0,-1.3287525177,0,-1.3287525177,0,-0.215205150799,-1.02748899973,-0.230088095832,-1.02214235733,0.0148829450329,-0.00534664240612,-3.70463651154,1.73350225371,-1.32875248744,-6.04282268193e-06,-0.00057943032277,-0.230069689166,-1.0167160716,-3.33231339414e-06,0.000833078348536,-0.230075731989,-0.217264974909,-1.03241129001,-1.01729550192,-0.246018193994,-1.02877287653,-0.0159424620047,-0.0114773746141,0.544949957869,-1.32875248744,-1.97048231363,-0.215205150799,-1.02748899973,0.0148829450329,-0.00534664240612,0.0148829450329,-0.00534664240612,-0.000651944194953,4,0
2330,4.66,2,0.393691271544,0,1.64771997929,0,0,1.64771997929,0,1.64771997929,0,0.394006440154,1.28436125329,0.393691273067,1.2611994104,0.0003151670873,0.0231618428844,1.58020597328,0.063043820352,1.64772001526,-4.79782743854e-05,-0.00389448233448,0.393792673136,1.28192885857,4.16539167947e-06,-0.00104134791987,0.393744694862,0.396581220299,1.29051411604,1.27803437623,0.407189188396,1.28491053446,0.0134444935342,0.00687615823179,2.85578796222,1.64772001526,1.64772001526,0.394006440154,1.28436125329,0.0003151670873,0.0231618428844,0.0003151670873,0.0231618428844,-0.0044702216271,4,0
2335,4.67,1,-0.240433976054,0,-2.3287525177,0,0,-2.3287525177,0,-2.3287525177,0,-0.225612056306,-1.0547380688,-0.240433983163,-1.04685895881,0.0148219268571,-0.00787910998272,-4.2183137772,1.62567293355,-2.32875248744,-3.84890633851e-05,-0.00340710399457,-0.240334678333,-1.02219888535,-3.76622505152e-06,0.000941556262881,-0.240373167396,-0.227727220262,-1.06040664675,-1.02560598935,-0.260671562478,-1.05619888155,-0.0202983950822,-0.0305928922061,-0.2785210482,-2.32875248744,-2.58877187089,-0.225612056306,-1.0547380688,0.0148219268571,-0.00787910998272,0.0148219268571,-0.00787910998272,-0.00386897275519,4,0
2335,4.67,2,0.406546145678,0,1.91485798359,0,0,1.91485798359,0,1.91485798359,0,0.407015072071,1.31842258907,0.406546141887,1.30668727188,0.000468930184301,0.0117353171824,1.77421041091,0.140450254714,1.91485801366,-4.82398066569e-06,-0.000139460275962,0.40654029252,1.30198248316,4.70778122941e-06,-0.00117694530735,0.40653546854,0.409659027022,1.32550831138,1.30184302289,0.421776176479,1.31903763508,0.015240707939,0.0171946121963,3.59180416323,1.91485801366,1.91485801366,0.407015072071,1.31842258907,0.000468930184301,0.0117353171824,0.000468930184301,0.0117353171824,-0.00019734804395,4,0
2340,4.68,1,-0.25115647912,0,-2.15397429466,0,0,-2.15397429466,0,-2.15397429466,0,-0.236295149934,-1.08077581205,-0.251156483092,-1.08818747454,0.0148613331581,0.0074116624939,-3.80569953901,1.64443914417,-2.15397424434,-7.5700141968e-05,-0.00637774879856,-0.250982364512,-1.04897593881,-2.75540537403e-06,0.000688851343511,-0.251058064654,-0.238460977049,-1.08498011138,-1.05535368761,-0.267893736182,-1.08209241981,-0.016835671528,-0.0267387321959,0.0941974593661,-2.15397424434,-2.15397424434,-0.236295149934,-1.08077581205,0.0148613331581,0.0074116624939,0.0148613331581,0.0074116624939,-0.00728615050218,4,0
2340,4.68,2,0.41998526454,0,1.74949550629,0,0,1.74949550629,0,1.74949550629,0,0.420368939134,1.3509697675,0.41998526382,1.36655860478,0.000383675314065,-0.0155888372885,1.67921109928,0.0745509044641,1.74949555673,4.38353391185e-05,0.00374042295171,0.419881885859,1.3429563941,3.44425663945e-06,-0.000861064159857,0.419925721199,0.423076223032,1.35622514154,1.34669681705,0.434302620816,1.35155033757,0.0143768996178,0.00485352051775,2.50342003971,1.74949555673,1.74949555673,0.420368939134,1.3509697675,0.000383675314065,-0.0155888372885,0.000383675314065,-0.0155888372885,0.00426644702114,4,0
2345,4.69,1,-0.262177437544,0,-1.28682792187,0,0,-1.28682792187,0,-1.28682792187,0,-0.247194661394,-1.097157556,-0.262177439724,-1.10744171591,0.0149827783297,0.0102841599065,-3.00350003681,1.71010514424,-1.28682794348,-7.01434207301e-05,-0.00572522804697,-0.262027385575,-1.07578453437,-1.16924037066e-06,0.000292310092666,-0.262097528996,-0.249390889713,-1.09899108942,-1.08150976241,-0.27212582053,-1.0981963543,-0.0100282915339,-0.0166865918815,1.15768051708,-1.28682794348,-1.28682794348,-0.247194661394,-1.097157556,0.0149827783297,0.0102841599065,0.0149827783297,0.0102841599065,-0.00656694909573,4,0
2345,4.69,2,0.433843195438,0,1.41800296307,0,0,1.41800296307,0,1.41800296307,0,0.433993328481,1.37144694692,0.43384319407,1.39298047841,0.000150134411381,-0.0215335314879,1.45420089885,-0.0329499473551,1.41800300339,3.57478192449e-05,0.00281897428183,0.433773101233,1.37964546841,1.4615504173e-06,-0.000365387604321,0.433808849052,0.436738613883,1.37373886363,1.38246444269,0.446063647655,1.37194987689,0.0122547986034,-0.0105145658047,0.777935179924,1.41800300339,1.41800300339,0.433993328481,1.37144694692,0.000150134411381,-0.0215335314879,0.000150134411381,-0.0215335314879,0.00324794811277,4,0
2350,4.7,1,-0.273222655058,0,-0.799531757832,0,0,-0.799531757832,0,-0.799531757832,0,-0.25819897564,-1.10195902223,-0.273222644255,-1.09962860127,0.0150236686151,-0.00233042095954,-2.52710751991,1.72400486599,-0.799531745674,-3.90062272999e-05,-0.00310283352007,-0.273144165101,-1.08403646538,-2.66010568906e-07,6.65026422244e-05,-0.273183171329,-0.260403098294,-1.10226083492,-1.0871392989,-0.279192001179,-1.10283373163,-0.00600882985018,-0.0156944327304,1.8233763929,-0.799531745674,-0.799531745674,-0.25819897564,-1.10195902223,0.0150236686151,-0.00233042095954,0.0150236686151,-0.00233042095954,-0.00357090824766,4,0
2350,4.7,2,0.447729676962,0,1.26314079762,0,0,1.26314079762,0,1.26314079762,0,0.447748721306,1.37744877951,0.447729672639,1.38187379044,1.90486669632e-05,-0.00442501093192,1.31983813124,-0.0573879655529,1.26314077399,-5.23045766155e-06,-0.000627842818373,0.447753501601,1.38956501933,3.32513200585e-07,-8.31283001395e-05,0.447748271144,0.450503874627,1.37782604535,1.38893717651,0.458734055707,1.37790650178,0.0109857845638,-0.0110306747318,-0.125504090694,1.26314077399,1.26314077399,0.447748721306,1.37744877951,1.90486669632e-05,-0.00442501093192,1.90486669632e-05,-0.00442501093192,-0.000690608310312,4,0
2355,4.71,1,-0.284194558859,0,-1.70340049267,0,0,-1.70340049267,0,-1.70340049267,0,-0.269239338137,-1.10762742509,-0.284194571374,-1.09987064507,0.0149552332366,-0.00775678001991,-3.37837634989,1.67198113228,-1.70340052893,-3.01910600278e-05,-0.00263239596354,-0.284119459524,-1.08154375684,-1.2666041036e-06,0.000316651025904,-0.284149650584,-0.271456463853,-1.10951281085,-1.08417615281,-0.297318769634,-1.1087974014,-0.0131691190497,-0.0246212485939,1.09432703688,-1.70340052893,-1.70340052893,-0.269239338137,-1.10762742509,0.0149552332366,-0.00775678001991,0.0149552332366,-0.00775678001991,-0.00299468868387,4,0
2355,4.71,2,0.461519837379,0,1.59820318222,0,0,1.59820318222,0,1.59820318222,0,0.461549174443,1.38453428282,0.461519841466,1.383005378,2.93329777037e-05,0.00152890482132,1.59942732751,-0.00259624855673,1.59820320697,-1.60379197393e-05,-0.00117967298613,0.461546269407,1.38668783645,1.58325506167e-06,-0.000395813765422,0.461530231488,0.464320581591,1.38689101492,1.38550816347,0.47486605033,1.38508915265,0.0133358188422,-0.000419010818884,0.97202376989,1.59820320697,1.59820320697,0.461549174443,1.38453428282,2.93329777037e-05,0.00152890482132,2.93329777037e-05,0.00152890482132,-0.001372128023,4,0
2360,4.72,1,-0.295299559832,0,-1.75767326355,0,0,-1.75767326355,0,-1.75767326355,0,-0.280362992897,-1.11692250352,-0.295299566413,-1.11794024765,0.0149365735161,0.00101774412483,-3.42624993669,1.66320437382,-1.75767331954,-5.54897882574e-05,-0.00470636586993,-0.295169706214,-1.08816413788,-1.01044681755e-06,0.000252611704391,-0.295225196002,-0.282598415479,-1.11846912632,-1.09287050375,-0.308820900918,-1.11810824969,-0.0135957049155,-0.0252377459374,1.22368722226,-1.75767331954,-1.75767331954,-0.280362992897,-1.11692250352,0.0149365735161,0.00101774412483,0.0149365735161,0.00101774412483,-0.00537224332902,4,0
2360,4.72,2,0.475496053696,0,1.62021040916,0,0,1.62021040916,0,1.62021040916,0,0.475453742905,1.39615313028,0.475496063187,1.40775465904,-4.23202817052e-05,-0.0116015287647,1.63261644074,-0.0106325996392,1.62021039391,1.74837589718e-05,0.00156364208499,0.475450224963,1.39638082852,1.26305843218e-06,-0.000315764608041,0.475467708722,0.478248021134,1.39808640864,1.3979444706,0.489020547704,1.39671841381,0.0135528389823,-0.00122605679415,0.751741954351,1.62021039391,1.62021039391,0.475453742905,1.39615313028,-4.23202817052e-05,-0.0116015287647,-4.23202817052e-05,-0.0116015287647,0.00177344719265,4,0
2365,4.73,1,-0.306562960148,0,-1.42369616032,0,0,-1.42369616032,0,-1.42369616032,0,-0.29156465999,-1.1224651659,-0.306562947381,-1.13039784901,0.014998287391,0.00793268311024,-3.13072718695,1.70100971114,-1.42369617463,-6.33559124758e-05,-0.00526103023146,-0.306421629186,-1.0993182753,-2.41734898654e-07,6.04337246675e-05,-0.306484985099,-0.293810031356,-1.12286698397,-1.10457930553,-0.317558747082,-1.12354825286,-0.0110737619832,-0.0189689473285,1.74500129,-1.42369617463,-1.42369617463,-0.29156465999,-1.1224651659,0.014998287391,0.00793268311024,0.014998287391,0.00793268311024,-0.00602130118117,4,0
2365,4.73,2,0.489682734013,0,1.48023533821,0,0,1.48023533821,0,1.48023533821,0,0.489455826777,1.40308145758,0.489682727894,1.42365227325,-0.000226901116181,-0.0205708156656,1.55557560184,-0.0727429992616,1.48023530708,2.75107742352e-05,0.00226716620267,0.4896224984,1.4107025137,3.02168542021e-07,-7.55421355012e-05,0.489650009174,0.492262540985,1.40358373005,1.4129696799,0.502374883745,1.40361975162,0.0127248745708,-0.00934992828282,-0.130947973738,1.48023530708,1.48023530708,0.489455826777,1.40308145758,-0.000226901116181,-0.0205708156656,-0.000226901116181,-0.0205708156656,0.00259729549349,4,0
2370,4.74,1,-0.317881971598,0,-1.21249222755,0,0,-1.21249222755,0,-1.21249222755,0,-0.30279317593,-1.12245779199,-0.317881957302,-1.13177456542,0.0150887813719,0.009316773431,-2.95666162999,1.73892224026,-1.21249222406,-5.55063597678e-05,-0.00458108934317,-0.317759721843,-1.10513189616,2.95335465472e-07,-7.38338663664e-05,-0.317815228203,-0.305037669049,-1.12202505786,-1.1097129855,-0.327345670608,-1.1234808126,-0.00953044240471,-0.0137678270999,2.13846736967,-1.21249222406,-1.21249222406,-0.30279317593,-1.12245779199,0.0150887813719,0.009316773431,0.0150887813719,0.009316773431,-0.00524716566038,4,0
2370,4.74,2,0.503926992416,0,1.38750863075,0,0,1.38750863075,0,1.38750863075,0,0.503491471701,1.40307223966,0.503926998743,1.42329899576,-0.000435527041874,-0.0202267560924,1.51118528879,-0.122089968218,1.38750868932,1.72394886159e-05,0.00137975738388,0.503891596348,1.41609373668,-3.69169378733e-07,9.22923446764e-05,0.503908835836,0.506297088099,1.40253132193,1.41747349406,0.516049658107,1.40359549743,0.0121408222708,-0.013877996635,-0.784033786292,1.38750868932,1.38750868932,0.503491471701,1.40307223966,-0.000435527041874,-0.0202267560924,-0.000435527041874,-0.0202267560924,0.00158663124727,4,0
2375,4.75,1,-0.329197973013,0,-1.51567614079,0,0,-1.51567614079,0,-1.51567614079,0,-0.314007308383,-1.12068423296,-0.329197974042,-1.1327342685,0.0151906656586,0.0120500355311,-3.28275722639,1.76213130802,-1.51567618735,-5.16107836937e-05,-0.00433040160812,-0.329079479922,-1.10580931722,6.89776776808e-08,-1.72444194204e-05,-0.329131090706,-0.316248626924,-1.12060753706,-1.11013971883,-0.341275031048,-1.12182038807,-0.0121439403427,-0.0116806692469,2.01495169968,-1.51567618735,-1.51567618735,-0.314007308383,-1.12068423296,0.0151906656586,0.0120500355311,0.0151906656586,0.0120500355311,-0.00494973101245,4,0
2375,4.75,2,0.518140554428,0,1.47566354275,0,0,1.47566354275,0,1.47566354275,0,0.517509137263,1.40085529067,0.518140565841,1.42163515453,-0.000631428577875,-0.0207798638546,1.62077263273,-0.143872404961,1.47566356918,1.25448628665e-05,0.00108612022527,0.518109109344,1.41384324479,-8.62221077869e-08,2.15555269392e-05,0.518121654207,0.520310785437,1.40075942078,1.41492936501,0.530981880202,1.40141665496,0.0128602259953,-0.0135127100513,-0.684860342251,1.47566356918,1.47566356918,0.517509137263,1.40085529067,-0.000631428577875,-0.0207798638546,-0.000631428577875,-0.0207798638546,0.00123665857967,4,0
2380,4.76,1,-0.340554833412,0,-1.15182733536,0,0,-1.15182733536,0,-1.15182733536,0,-0.32520633099,-1.11816954575,-0.340554838566,-1.13620503837,0.0153485075767,0.0180354926157,-2.95916223137,1.801702945,-1.1518273584,-5.91587941217e-05,-0.00492202243814,-0.340422362211,-1.10698355194,8.78690580963e-07,-0.000219672645243,-0.340481521005,-0.327441448148,-1.11689956128,-1.11190557437,-0.349776427101,-1.11919329976,-0.00929490609561,-0.00728772538478,2.55665800721,-1.1518273584,-1.1518273584,-0.32520633099,-1.11816954575,0.0153485075767,0.0180354926157,0.0153485075767,0.0180354926157,-0.0056319279676,4,0
2380,4.76,2,0.532375216484,0,1.34480261803,0,0,1.34480261803,0,1.34480261803,0,0.531507915515,1.3977119314,0.53237523247,1.42269641218,-0.000867316955589,-0.0249844807829,1.52757056969,-0.180614264071,1.34480263292,2.26945620361e-05,0.00188133795032,0.532324954371,1.41179984423,-1.09836329454e-06,0.00027459082364,0.532347648933,0.534301811961,1.39612445071,1.41368118218,0.544197692128,1.39824067209,0.0118500431948,-0.0154405100896,-1.46646768439,1.34480263292,1.34480263292,0.531507915515,1.3977119314,-0.000867316955589,-0.0249844807829,-0.000867316955589,-0.0249844807829,0.00215367269475,4,0
2385,4.77,1,-0.351868212223,0,-0.689345061779,0,0,-0.689345061779,0,-0.689345061779,0,-0.336347794863,-1.1089265896,-0.351868221884,-1.12618280607,0.0155204270209,0.0172562164712,-2.5376122736,1.84345804254,-0.689345042884,-5.11130655118e-05,-0.00419583138575,-0.351757263296,-1.10236841077,1.80882150608e-06,-0.000452205376513,-0.351808376362,-0.33856301625,-1.10625407724,-1.10656424216,-0.357417907186,-1.10980451095,-0.00560953082438,-0.00324026879171,3.18872450546,-0.689345042884,-0.689345042884,-0.336347794863,-1.1089265896,0.0155204270209,0.0172562164712,0.0155204270209,0.0172562164712,-0.00480918817189,4,0
2385,4.77,2,0.546514689922,0,1.18616163731,0,0,1.18616163731,0,1.18616163731,0,0.545434745346,1.38615823562,0.546514701641,1.40560742459,-0.00107995629415,-0.0194491889739,1.39756125417,-0.210293797406,1.18616158987,1.24474248343e-05,0.000956497797469,0.546491825837,1.40159182734,-2.26102697154e-06,0.000565256742893,0.546504273262,0.548203772077,1.38281759503,1.40254832513,0.55705170524,1.38664227562,0.0105474319789,-0.0159060495193,-2.31809035221,1.18616158987,1.18616158987,0.545434745346,1.38615823562,-0.00107995629415,-0.0194491889739,-0.00107995629415,-0.0194491889739,0.00110586689548,4,0
2390,4.78,1,-0.363010585308,0,-0.516508698463,0,0,-0.516508698463,0,-0.516508698463,0,-0.347364193483,-1.09362590524,-0.363010578277,-1.10554776301,0.0156463847939,0.0119218577642,-2.37717174578,1.85707040035,-0.516508697392,-3.8123964517e-05,-0.0031351604648,-0.362927257626,-1.08747631026,2.28712466954e-06,-0.000571781167387,-0.36296538159,-0.349548024158,-1.09019999434,-1.09061147073,-0.367109738837,-1.0944486363,-0.00414435724622,-0.00383716556897,3.51904725206,-0.516508697392,-0.516508697392,-0.347364193483,-1.09362590524,0.0156463847939,0.0119218577642,0.0156463847939,0.0119218577642,-0.00359264803901,4,0
2390,4.78,2,0.560393631458,0,1.14474582672,0,0,1.14474582672,0,1.14474582672,0,0.559205243603,1.36703237951,0.560393630415,1.37532111525,-0.00118838681128,-0.00828873573769,1.3430144975,-0.198685823659,1.1447457814,-3.8414556372e-06,-0.000371010091611,0.560405243526,1.37843275114,-2.858905916e-06,0.000714726479007,0.56040140207,0.561935031944,1.36274999077,1.37806174105,0.570381104443,1.36749804038,0.00997970237262,-0.010563700662,-2.64262265899,1.1447457814,1.1447457814,0.559205243603,1.36703237951,-0.00118838681128,-0.00828873573769,-0.00118838681128,-0.00828873573769,-0.000417107559258,4,0
2395,4.79,1,-0.373951911926,0,-0.986552774906,0,0,-0.986552774906,0,-0.986552774906,0,-0.35821618495,-1.07722987679,-0.373951907533,-1.08830150401,0.015735722583,0.0110716272137,-2.84164784656,1.85149412937,-0.986552791729,-3.72131089925e-05,-0.003154368153,-0.373864299821,-1.06792646299,1.74135428804e-06,-0.000435338572014,-0.37390151293,-0.360367913112,-1.07455806539,-1.07108083114,-0.381825587413,-1.0782136019,-0.00792407448304,-0.00713277075294,3.20237725876,-0.986552791729,-0.986552791729,-0.35821618495,-1.07722987679,0.015735722583,0.0110716272137,0.015735722583,0.0110716272137,-0.00360092546091,4,0
2395,4.79,2,0.573986053467,0,1.31612336636,0,0,1.31612336636,0,1.31612336636,0,0.572770232914,1.34653734344,0.573986070406,1.3510516646,-0.00121583749236,-0.00451432115188,1.48172987345,-0.165943126224,1.31612331128,-4.28519316331e-06,-0.000285141739101,0.573990505707,1.35082740803,-2.17669290492e-06,0.000544173226228,0.573986220514,0.575459893112,1.34319757912,1.35054226629,0.585099381788,1.34705105798,0.0111131612737,-0.00349120831229,-2.0982710615,1.31612331128,1.31612331128,0.572770232914,1.34653734344,-0.00121583749236,-0.00451432115188,-0.00121583749236,-0.00451432115188,-0.000336564057061,4,0
2400,4.8,1,-0.384850114584,0,-1.98611307144,0,0,-1.98611307144,0,-1.98611307144,0,-0.368935510425,-1.06899273175,-0.3848501015,-1.0951048498,0.0159145910744,0.0261121180475,-3.94925912516,1.87353329263,-1.98611305217,-6.2558694972e-05,-0.00539982177652,-0.384697098356,-1.05852004949,3.99631802372e-07,-9.99079505926e-05,-0.384759657051,-0.371073194566,-1.06854234633,-1.06391987126,-0.401737800331,-1.07035949383,-0.0169781432799,-0.00643962256577,2.3695930712,-1.98611305217,-2.06957530642,-0.368935510425,-1.06899273175,0.0159145910744,0.0261121180475,0.0159145910744,0.0261121180475,-0.00615052611618,4,0
2400,4.8,2,0.587512433529,0,1.64617478848,0,0,1.64617478848,0,1.64617478848,0,0.586169389731,1.33624091194,0.587512460597,1.35966358462,-0.00134307086587,-0.023422672675,1.82808601111,-0.178916307236,1.64617479761,2.88895999996e-05,0.00264823106108,0.587431679421,1.33838763937,-4.99539763221e-07,0.000124884940814,0.587460569021,0.588841494901,1.33567793016,1.34103587043,0.601352123359,1.33687352584,0.0138915543381,-0.00416234459213,-0.9892132511,1.64617479761,1.64617479761,0.586169389731,1.33624091194,-0.00134307086587,-0.023422672675,-0.00134307086587,-0.023422672675,0.00299490626107,4,0
2405,4.81,1,-0.39588919282,0,-0.986113071442,0,0,-0.986113071442,0,-0.986113071442,0,-0.379589517364,-1.05845296152,-0.395889180968,-1.10493487185,0.0162996636043,0.0464819103247,-2.47068868484,2.00252453934,-0.986113052169,-8.78921582089e-05,-0.00725486882137,-0.39569563842,-1.06304668341,2.96877390477e-06,-0.00074219347619,-0.395783530578,-0.381702185334,-1.05410740461,-1.07030155224,-0.400073780325,-1.05930647248,-0.00429024974634,0.0109950797561,3.54190682374,-0.986113052169,-0.45985457078,-0.379589517364,-1.05845296152,0.0162996636043,0.0464819103247,0.0162996636043,0.0464819103247,-0.00830957471988,4,0
2405,4.81,2,0.601197302341,0,1.06224143505,0,0,1.06224143505,0,1.06224143505,0,0.599486898376,1.32306619891,0.601197323867,1.3665931985,-0.00171042549079,-0.0435269995898,1.36766326418,-0.299674159441,1.06224142629,6.12460602413e-05,0.0050127257196,0.60106501291,1.33864365083,-3.71096744523e-06,0.00092774186131,0.60112625897,0.602127733333,1.31763425267,1.34365637655,0.610816525433,1.3235382667,0.00969026646267,-0.0201181098451,-3.58552188879,1.06224142629,1.06224142629,0.599486898376,1.32306619891,-0.00171042549079,-0.0435269995898,-0.00171042549079,-0.0435269995898,0.00574767844249,4,0
2410,4.82,1,-0.406819671392,0,0.0138869481161,0,0,0.0138869481161,0,0.0138869481161,0,-0.390048731201,-1.03125273971,-0.406819660586,-1.08105709234,0.016770929385,0.0498043526368,-1.60582830961,2.14960928926,0.0138869478308,-6.07641949524e-05,-0.00489312505462,-0.406693852868,-1.05534021181,4.51443492216e-06,-0.00112860873054,-0.406754617063,-0.392104560885,-1.02452901597,-1.06023333687,-0.403360670314,-1.03180740384,0.00339394674909,0.02842593303,4.69661777063,0.0138869478308,0.549403275041,-0.390048731201,-1.03125273971,0.016770929385,0.0498043526368,0.016770929385,0.0498043526368,-0.00562229539405,4,0
2410,4.82,2,0.614632725716,0,0.693040013313,0,0,0.693040013313,0,0.693040013313,0,0.61256091564,1.28906592109,0.614632735053,1.32266710269,-0.00207181941239,-0.0336011815995,1.08235826413,-0.386992117066,0.693040033638,2.66512132061e-05,0.00200629886729,0.614586492825,1.31520456409,-5.6430437354e-06,0.00141076093385,0.614613144038,0.615130702739,1.28066126629,1.31721086296,0.621545585178,1.28944028232,0.00693244114031,-0.0277705806398,-5.20347625861,0.693040033638,0.693040033638,0.61256091564,1.28906592109,-0.00207181941239,-0.0336011815995,-0.00207181941239,-0.0336011815995,0.00232611342576,4,0
2415,4.83,1,-0.417347639799,0,0.609991490841,0,0,0.609991490841,0,0.609991490841,0,-0.400187660505,-0.996070106881,-0.417347647014,-1.03142043252,0.0171599865089,0.0353503256373,-1.59027583786,2.19804162523,0.609991497311,-2.4841278388e-05,-0.00192761459924,-0.417300135609,-1.02245522415,4.67227578327e-06,-0.00116806894582,-0.417324976888,-0.402172732378,-0.989031729596,-1.02438283875,-0.413398476127,-0.996620557532,0.00392650076022,0.027762281217,5.41721055563,0.609991497311,0.609991497311,-0.400187660505,-0.996070106881,0.0171599865089,0.0353503256373,0.0171599865089,0.0353503256373,-0.0022257099399,4,0
2415,4.83,2,0.627438306808,0,0.700045645237,0,0,0.700045645237,0,0.700045645237,0,0.625234577232,1.24508762945,0.627438310099,1.25080416448,-0.00220373286682,-0.00571653503356,1.05349766747,-0.355366438011,0.700045649996,-1.82306684153e-05,-0.00169565251309,0.627489660037,1.26417211828,-5.84034480111e-06,0.00146008620029,0.627471429369,0.627715917065,1.23628965773,1.26247646577,0.634014435157,1.24545345686,0.00654300578761,-0.0170230089033,-5.19240194499,0.700045649996,0.700045649996,0.625234577232,1.24508762945,-0.00220373286682,-0.00571653503356,-0.00220373286682,-0.00571653503356,-0.00191442053407,4,0
2420,4.84,1,-0.427390754223,0,-0.286872714758,0,0,-0.286872714758,0,-0.286872714758,0,-0.409981256965,-0.964315646667,-0.427390742069,-0.990370858046,0.0174094851041,0.0260552113786,-2.66394043455,2.1625872951,-0.286872712963,-1.76953923451e-05,-0.00158684038149,-0.427343454434,-0.978128836625,3.0779574165e-06,-0.000769489354119,-0.427361149827,-0.411905019176,-0.959572637726,-0.979715677007,-0.432127319352,-0.965238399267,-0.00476616952544,0.01447727774,4.63497842349,-0.286872712963,-0.499553954353,-0.409981256965,-0.964315646667,0.0174094851041,0.0260552113786,0.0174094851041,0.0260552113786,-0.00179918508963,4,0
2420,4.84,2,0.639591634274,0,1.11786210537,0,0,1.11786210537,0,1.11786210537,0,0.637476572763,1.20539455372,0.639591639229,1.19775881004,-0.00211506646643,0.00763574368219,1.36640496566,-0.25087052724,1.11786212681,-2.59769974419e-05,-0.00201596442611,0.639640221508,1.20628050163,-3.84744681048e-06,0.000961861702626,0.639614244511,0.639881275518,1.19946579248,1.20426453721,0.648862910266,1.20586898445,0.00924866575492,0.0016044472439,-3.51159378232,1.11786212681,1.11786212681,0.637476572763,1.20539455372,-0.00211506646643,0.00763574368219,-0.00211506646643,0.00763574368219,-0.00232768839541,4,0
2425,4.85,1,-0.43723064661,0,-1.28687274456,0,0,-1.28687274456,0,-1.28687274456,0,-0.41953224082,-0.950132485721,-0.437230640563,-0.984834014621,0.0176983997431,0.0347015288994,-4.48339441662,2.13299078144,-1.28687271296,-5.73319124738e-05,-0.00502898445002,-0.437085139221,-0.949056130031,7.05175591864e-07,-0.000176293897965,-0.437142471134,-0.421431972004,-0.949336710168,-0.954085114481,-0.456781550623,-0.951684540297,-0.0196390794892,0.00240057418435,3.76476615701,-1.28687271296,-2.34468666778,-0.41953224082,-0.950132485721,0.0176983997431,0.0347015288994,0.0176983997431,0.0347015288994,-0.0057169673997,4,0
2425,4.85,2,0.651536643505,0,1.70523476601,0,0,1.70523476601,0,1.70523476601,0,0.649415302535,1.18766560236,0.651536666314,1.20103491831,-0.00212136377942,-0.0133693159529,1.92760535697,-0.219665086804,1.70523471324,2.50455040307e-05,0.0024050108727,0.651459458014,1.17953278525,-8.81469498948e-07,0.000220367374723,0.651484503518,0.651789966505,1.18667088291,1.18193779612,0.6654283338,1.188332812,0.0139438302823,0.0063950158742,-1.29098119386,1.70523471324,1.70523471324,0.649415302535,1.18766560236,-0.00212136377942,-0.0133693159529,-0.00212136377942,-0.0133693159529,0.00270555692107,4,0
2430,4.86,1,-0.447135925293,0,-0.686872720718,0,0,-0.686872720718,0,-0.686872720718,0,-0.428971801652,-0.932229885,-0.447135929683,-0.989955056928,0.0181641280311,0.0577251719273,-1.94274638088,2.26159646884,-0.686872712963,-9.61620004136e-05,-0.00796917838428,-0.446922401669,-0.943457711973,4.87231824575e-06,-0.00121807956144,-0.447018563669,-0.430829273735,-0.925081802967,-0.951426890358,-0.445057402416,-0.932900118365,0.00196116125325,0.0185267719923,4.51037259611,-0.686872712963,0.327973210351,-0.428971801652,-0.932229885,0.0181641280311,0.0577251719273,0.0181641280311,0.0577251719273,-0.00912312238924,4,0
2430,4.86,2,0.663643836975,0,0.774067997932,0,0,0.774067997932,0,0.774067997932,0,0.661214753526,1.16528735124,0.663643826581,1.20748071635,-0.00242907305576,-0.0421933651065,1.12876194738,-0.347707360457,0.774067995768,7.38896196639e-05,0.00609991572277,0.663481220276,1.17256035473,-6.09039786359e-06,0.0015225994659,0.663555109895,0.66353659362,1.15635224862,1.17866027046,0.670546680232,1.16567618152,0.00699157033707,-0.0129840889362,-5.22024315105,0.774067995768,0.774067995768,0.661214753526,1.16528735124,-0.00242907305576,-0.0421933651065,-0.00242907305576,-0.0421933651065,0.00698659115873,4,0
2435,4.87,1,-0.456875473261,0,0.313127279282,0,0,0.313127279282,0,0.313127279282,0,-0.438091574581,-0.888781487494,-0.456875469743,-0.958865366515,0.0187838951621,0.0700838790217,-0.689016486086,2.47815446866,0.313127287037,-6.84265910264e-05,-0.00551109192314,-0.456733657737,-0.929849055392,6.9363897891e-06,-0.00173409744728,-0.456802084328,-0.439858837223,-0.878429028666,-0.935360147316,-0.443770750526,-0.889018119825,0.0130313338011,0.0463420274909,5.63878805816,0.313127287037,1.79547019359,-0.438091574581,-0.888781487494,0.0187838951621,0.0700838790217,0.0187838951621,0.0700838790217,-0.00633221101545,4,0
2435,4.87,2,0.675406515598,0,0.234067723155,0,0,0.234067723155,0,0.234067723155,0,0.672614469635,1.11097685388,0.67540649446,1.14863485722,-0.00279202482527,-0.0376580033422,0.706002138959,-0.468432747019,0.234067725861,3.92066352518e-05,0.00303118645629,0.675333269995,1.13544004894,-8.67048730735e-06,0.00216762182683,0.67537247663,0.674823547926,1.09803628024,1.13847123539,0.678458494366,1.11122035491,0.00308601773573,-0.0272508804852,-7.43308718164,0.234067725861,0.234067725861,0.672614469635,1.11097685388,-0.00279202482527,-0.0376580033422,-0.00279202482527,-0.0376580033422,0.00350166607931,4,0
2440,4.88,1,-0.466130495071,0,1.31312727928,0,0,1.31312727928,0,1.31312727928,0,-0.446715968354,-0.835927560416,-0.466130499576,-0.900380238485,0.0194145312222,0.064452678069,-0.81955550505,2.60749379549,1.31312728704,-2.9020049534e-05,-0.00226830462886,-0.466074739175,-0.889851033978,6.76385062615e-06,-0.00169096265653,-0.466103759225,-0.448377552057,-0.825718963874,-0.892119338607,-0.453511994363,-0.836210728167,0.0125917648622,0.0559086104398,6.73241586905,1.31312728704,1.79055483567,-0.446715968354,-0.835927560416,0.0194145312222,0.064452678069,0.0194145312222,0.064452678069,-0.00261654522326,4,0
2440,4.88,2,0.686355233192,0,0.244075670838,0,0,0.244075670838,0,0.244075670838,0,0.683394961793,1.04490944451,0.686355262007,1.05719892306,-0.00296030021445,-0.0122894785425,0.704609513526,-0.46158187602,0.244075664578,-9.08407384437e-06,-0.000939018185695,0.68638726846,1.06656749566,-8.45481334311e-06,0.00211370333578,0.686378184386,0.68547194141,1.03214869875,1.06562847748,0.689265249825,1.04515403985,0.00288706543924,-0.0204744376262,-7.30143508658,0.244075664578,0.244075664578,0.683394961793,1.04490944451,-0.00296030021445,-0.0122894785425,-0.00296030021445,-0.0122894785425,-0.00104802707183,4,0
2445,4.89,1,-0.474732846022,0,0.73249322176,0,0,0.73249322176,0,0.73249322176,0,-0.454835802122,-0.790809917956,-0.474732852994,-0.837060203178,0.0198970508717,0.046250285222,-2.43529495872,2.58514642752,0.732493206908,-9.57182026059e-06,-0.000865085517787,-0.474706377843,-0.829850576951,4.2211611605e-06,-0.00105529029012,-0.474715949663,-0.456410721328,-0.784293732173,-0.830715662469,-0.47508660291,-0.791653701322,-0.000370653246488,0.0390619611467,6.22448200292,0.732493206908,0.150831416155,-0.454835802122,-0.790809917956,0.0198970508717,0.046250285222,0.0198970508717,0.046250285222,-0.000979947360914,4,0
2445,4.89,2,0.696415901184,0,0.823991000652,0,0,0.823991000652,0,0.823991000652,0,0.693544753941,0.988512391054,0.696415891725,0.978701456238,-0.00287113778399,0.00981093481622,1.17207051643,-0.351057690267,0.823991029137,-3.21932139103e-05,-0.00259188440777,0.69648175758,0.991600363317,-5.27645148318e-06,0.00131911287079,0.696449564366,0.695513402936,0.980367158775,0.989008478909,0.703319855939,0.98891968697,0.0068702915736,-8.87919390035e-05,-4.85903879157,0.823991029137,0.823991029137,0.693544753941,0.988512391054,-0.00287113778399,0.00981093481622,-0.00287113778399,0.00981093481622,-0.0029782029747,4,0
2450,4.9,1,-0.482919484377,0,-0.26750677824,0,0,-0.26750677824,0,-0.26750677824,0,-0.462618320916,-0.771571921271,-0.48291948111,-0.812098641174,0.0203011601944,0.0405267199023,-4.85271222585,2.4941926409,-0.267506793092,-4.7242875263e-05,-0.00420980452211,-0.482795438891,-0.780815984523,9.66410605874e-07,-0.000241602651471,-0.482842681766,-0.464160732046,-0.770480757086,-0.785025789045,-0.502947767073,-0.773252314861,-0.0201050853071,0.011773474184,5.30724476545,-0.267506793092,-2.35374286593,-0.462618320916,-0.771571921271,0.0203011601944,0.0405267199023,0.0203011601944,0.0405267199023,-0.00477671902526,4,0
2450,4.9,2,0.70608240366,0,1.63353955746,0,0,1.63353955746,0,1.63353955746,0,0.703272902368,0.964464895055,0.706082378277,0.96928571256,-0.0028094759085,-0.0048208175054,1.91292134766,-0.277544351772,1.63353950999,1.57058195967e-05,0.00164901605799,0.70602493781,0.951898959088,-1.20801326475e-06,0.000302003316202,0.706040643629,0.705200916268,0.963100939815,0.953547975146,0.719171000352,0.965127315804,0.0131303567225,0.0115793406587,-1.65411111989,1.63353950999,1.63353950999,0.703272902368,0.964464895055,-0.0028094759085,-0.0048208175054,-0.0028094759085,-0.0048208175054,0.00183748589315,4,0
2455,4.91,1,-0.491019874811,0,-0.0675067901611,0,0,-0.0675067901611,0,-0.0675067901611,0,-0.470250313317,-0.747431376302,-0.491019866112,-0.806244731327,0.0207695527943,0.0588133550257,-1.41013870815,2.57647115308,-0.0675067930925,-9.41690945112e-05,-0.00787810127494,-0.490807139832,-0.759223611032,6.46971691221e-06,-0.00161742922805,-0.490901308926,-0.471735877712,-0.737929909434,-0.767101712307,-0.481906165611,-0.747917036814,0.00899514331559,0.0191846754928,5.61021667895,-0.0675067930925,1.17534057534,-0.470250313317,-0.747431376302,0.0207695527943,0.0588133550257,0.0207695527943,0.0588133550257,-0.00900813040908,4,0
2455,4.91,2,0.715861856937,0,0.633539497852,0,0,0.633539497852,0,0.633539497852,0,0.712812892805,0.934289213666,0.71586188367,0.975359321553,-0.00304899086499,-0.0410701078869,0.825956601509,-0.406559292611,0.633539509995,7.3972021258e-05,0.00620193707774,0.715694428986,0.938466938234,-8.08714618517e-06,0.0020217865463,0.715768401008,0.714669848284,0.922412380015,0.944668875312,0.719624957971,0.934573049715,0.0038565569629,-0.0100958255967,-5.79140174992,0.633539509995,0.412307707565,0.712812892805,0.934289213666,-0.00304899086499,-0.0410701078869,-0.00304899086499,-0.0410701078869,0.00708960133284,4,0
2460,4.92,1,-0.49886739254,0,0.932493209839,0,0,0.932493209839,0,0.932493209839,0,-0.477457616465,-0.690464825712,-0.498867380542,-0.765124413072,0.0214097640769,0.0746595873594,0.153077773441,2.81419374823,0.932493206908,-7.13391835744e-05,-0.00572783076476,-0.498720917523,-0.735544378808,8.92250577533e-06,-0.00223062644384,-0.498792256706,-0.478825268454,-0.67713411486,-0.741272209573,-0.476129408429,-0.690409483711,0.0226628482777,0.0508627258618,6.69843160148,0.932493206908,2.97385542263,-0.477457616465,-0.690464825712,0.0214097640769,0.0746595873594,0.0214097640769,0.0746595873594,-0.00658390096765,4,0
2460,4.92,2,0.725270271301,0,-0.284417361021,0,0,-0.284417361021,0,-0.284417361021,0,0.72182202167,0.863081025052,0.725270260435,0.907842314555,-0.00344823876504,-0.0447612895031,0.292456432698,-0.57276031002,-0.284417347891,4.59205054382e-05,0.00356242450457,0.7251840208,0.892280591314,-1.11531322742e-05,0.00278828306853,0.725229941305,0.723531586642,0.846417636404,0.895843015819,0.724220715289,0.863180970619,-0.00100922601578,-0.0326620451995,-9.4358160372,-0.284417347891,-0.284417347891,0.72182202167,0.863081025052,-0.00344823876504,-0.0447612895031,-0.00344823876504,-0.0447612895031,0.00411347056982,4,0
2465,4.93,1,-0.506103694439,0,1.93249320984,0,0,1.93249320984,0,1.93249320984,0,-0.484025572327,-0.623260611004,-0.506103706904,-0.693236291257,0.022078134577,0.0699756802531,-0.116056679707,2.96494770729,1.93249320691,-2.52181468874e-05,-0.00193771737739,-0.506057372506,-0.684943995257,8.43042785847e-06,-0.00210760696461,-0.506082590653,-0.485259264446,-0.61052323887,-0.686881712634,-0.48497239807,-0.623300062077,0.0211101925828,0.0635816505576,7.74889611011,1.93249320691,2.85113136273,-0.484025572327,-0.623260611004,0.022078134577,0.0699756802531,0.022078134577,0.0699756802531,-0.00224033514004,4,0
2465,4.93,2,0.733681082726,0,-0.246159002185,0,0,-0.246159002185,0,-0.246159002185,0,0.730031966424,0.779075756272,0.733681101397,0.795131339204,-0.00364913497234,-0.0160555829314,0.318819646806,-0.566100410878,-0.246159005114,-9.71944778093e-06,-0.00100512558505,0.733715373874,0.805132451981,-1.05380348682e-05,0.00263450871704,0.733705654427,0.731574081559,0.763154041036,0.804127326396,0.732693524046,0.779186654506,-0.00101213038054,-0.0249406718897,-9.06811500989,-0.246159005114,-0.246159005114,0.730031966424,0.779075756272,-0.00364913497234,-0.0160555829314,-0.00364913497234,-0.0160555829314,-0.00112175895842,4,0
2470,4.94,1,-0.51254683733,0,1.64700305462,0,0,1.64700305462,0,1.64700305462,0,-0.489961444386,-0.567614693704,-0.512546850775,-0.61423169826,0.0225854063895,0.0466170045566,-2.17313671982,2.92851106338,1.64700304648,-2.46601279687e-06,-0.000236988290038,-0.512537879364,-0.611186294298,5.09913382446e-06,-0.00127478345611,-0.512540345377,-0.49108856262,-0.559734766997,-0.611423282588,-0.508037313829,-0.56836785493,0.00450303154761,0.0430554276574,7.48666390062,1.64700304648,0.755640924,-0.489961444386,-0.567614693704,0.0225854063895,0.0466170045566,0.0225854063895,0.0466170045566,-0.0002665804436,4,0
2470,4.94,2,0.741010785103,0,0.474479138851,0,0,0.474479138851,0,0.474479138851,0,0.737451806421,0.709518359364,0.741010799381,0.698381554723,-0.00355899295965,0.0111368046405,0.911705434222,-0.440661440242,0.474479130187,-3.64969247132e-05,-0.00299717311023,0.741088348255,0.714246742713,-6.37391730374e-06,0.00159347932593,0.74105185133,0.738860704199,0.699668450944,0.711249569603,0.745064760907,0.709835565801,0.00401290957666,-0.0014140038026,-5.94734480105,0.474479130187,0.474479130187,0.737451806421,0.709518359364,-0.00355899295965,0.0111368046405,-0.00355899295965,0.0111368046405,-0.00343513620679,4,0
2475,4.95,1,-0.518407285213,0,0.647003054619,0,0,0.647003054619,0,0.647003054619,0,-0.49548649384,-0.544530655365,-0.518407282404,-0.573049772316,0.022920788564,0.0285191169507,-5.03746374004,2.76842995408,0.647003046475,-3.83950251716e-05,-0.00347240084162,-0.518303210066,-0.546221575301,1.16692248681e-06,-0.0002917306217,-0.518341605091,-0.496574669552,-0.543212664406,-0.549693976142,-0.537359885304,-0.546275380009,-0.0190182802123,0.00341859613314,6.51716059376,0.647003046475,-2.26510064482,-0.49548649384,-0.544530655365,0.022920788564,0.0285191169507,0.022920788564,0.0285191169507,-0.00393314114368,4,0
2475,4.95,2,0.747794687748,0,1.46251797676,0,0,1.46251797676,0,1.46251797676,0,0.744358118161,0.68066331134,0.747794686152,0.676007402809,-0.00343656799165,0.00465590853046,1.78593060828,-0.322263549576,1.46251795316,8.53361005681e-06,0.00104670222359,0.747753751199,0.662369319478,-1.45865311385e-06,0.000364663278454,0.747762284809,0.745718337786,0.679015822636,0.663416021701,0.75920552061,0.681281953108,0.0114432358011,0.0178659314069,-1.92607208669,1.46251795316,1.46251795316,0.744358118161,0.68066331134,-0.00343656799165,0.00465590853046,-0.00343656799165,0.00465590853046,0.00114910554427,4,0
2480,4.96,1,-0.524038612843,0,0.847003042698,0,0,0.847003042698,0,0.847003042698,0,-0.50083137166,-0.51566900537,-0.524038588239,-0.554200299871,0.0232072165783,0.0385312945008,-0.910148264246,2.77784773039,0.847003046475,-8.87029259337e-05,-0.00743706734091,-0.523837226053,-0.50953210845,7.66059947122e-06,-0.00191514986779,-0.523925928979,-0.501851684891,-0.504411165774,-0.516969175791,-0.508332072625,-0.515981534577,0.0155938563544,0.000987641214784,6.76702636202,0.847003046475,1.8762009686,-0.50083137166,-0.51566900537,0.0232072165783,0.0385312945008,0.0232072165783,0.0385312945008,-0.00850150245211,4,0
2480,4.96,2,0.754623889923,0,0.462517946959,0,0,0.462517946959,0,0.462517946959,0,0.751039215357,0.644586248723,0.754623884223,0.679318975743,-0.00358466886577,-0.0347327270199,0.479438568845,-0.445591596045,0.462517953162,7.0081347407e-05,0.00589400577022,0.75446411213,0.643931087275,-9.57574936944e-06,0.00239393734237,0.754534193478,0.75231460688,0.630513949183,0.649825093045,0.754971584885,0.644750097453,0.000437391406833,-0.00507499559181,-5.98998963651,0.462517953162,0.0271119908609,0.751039215357,0.644586248723,-0.00358466886577,-0.0347327270199,-0.00358466886577,-0.0347327270199,0.0067349819391,4,0
2485,4.97,1,-0.529291749001,0,1.8470031023,0,0,1.8470031023,0,1.8470031023,0,-0.505673343663,-0.44876371958,-0.529291721277,-0.50085135278,0.0236183776135,0.0520876331999,0.8634228904,2.97271528222,1.84700304648,-6.81407556589e-05,-0.00546712111028,-0.529152075132,-0.472714721521,1.03479879091e-05,-0.00258699697727,-0.529220215888,-0.506555450394,-0.433292374292,-0.478181842631,-0.498438340262,-0.448462261105,0.0307818756264,0.0297195815261,7.80232332731,1.84700304648,3.8424229828,-0.505673343663,-0.44876371958,0.0236183776135,0.0520876331999,0.0236183776135,0.0520876331999,-0.00628481017819,4,0
2485,4.97,2,0.761062085629,0,-0.537482023239,0,0,-0.537482023239,0,-0.537482023239,0,0.75709168028,0.560954641233,0.761062065089,0.610327661971,-0.00397038480879,-0.0493730207385,-0.130960872445,-0.65939326983,-0.537482046838,4.49374945732e-05,0.00348980757429,0.760977434945,0.595006875789,-1.29349849217e-05,0.00323374623044,0.76102237244,0.758194313676,0.54161545957,0.598496683363,0.755968713792,0.560907850963,-0.00505365864817,-0.0375888324008,-9.89776760001,-0.537482046838,-0.794383199784,0.75709168028,0.560954641233,-0.00397038480879,-0.0493730207385,-0.00397038480879,-0.0493730207385,0.00402905750916,4,0
2490,4.98,1,-0.53379124403,0,2.84700298309,0,0,2.84700298309,0,2.84700298309,0,-0.509772172792,-0.37143190521,-0.533791223586,-0.412659086016,0.024019050794,0.0412271808061,0.471670443178,3.07777132756,2.84700304648,-1.68552753428e-05,-0.001193198904,-0.53376613565,-0.40953333662,9.56729030344e-06,-0.00239182257587,-0.533782990925,-0.510500455914,-0.35696609342,-0.410726535524,-0.505836789177,-0.371267930893,0.0279462017483,0.0394586046309,8.79806581633,2.84700304648,3.55083723295,-0.509772172792,-0.37143190521,0.024019050794,0.0412271808061,0.024019050794,0.0412271808061,-0.00139546220811,4,0
2490,4.98,2,0.766411006451,0,-0.73132789135,0,0,-0.73132789135,0,-0.73132789135,0,0.762215216607,0.464289873023,0.76641100354,0.480861592524,-0.00419578693227,-0.0165717195011,-0.0781603559361,-0.654985078172,-0.73132791553,-1.64389388121e-05,-0.0016202513124,0.766463183634,0.495350465866,-1.19591129062e-05,0.00298977822654,0.766446744695,0.763125570493,0.446207608244,0.493730214554,0.761580128879,0.464263411034,-0.00486661581612,-0.0294668035191,-10.3501320546,-0.73132791553,-0.73132791553,0.762215216607,0.464289873023,-0.00419578693227,-0.0165717195011,-0.00419578693227,-0.0165717195011,-0.00181751857814,4,0
2495,4.99,1,-0.53735023737,0,2.24700307846,0,0,2.24700307846,0,2.24700307846,0,-0.513151110469,-0.308754150705,-0.537350208485,-0.322402839748,0.0241990980158,0.0136486890422,-1.89843124692,2.97282898625,2.24700304648,6.92141979725e-06,0.000493240611352,-0.53735983333,-0.32296995399,5.65670915698e-06,-0.00141417728925,-0.53735291191,-0.513759606749,-0.30000560785,-0.322476713379,-0.528948746888,-0.309412385556,0.00840416502132,0.0130643278229,8.16635529741,2.24700304648,1.07382144167,-0.513151110469,-0.308754150705,0.0241990980158,0.0136486890422,0.0241990980158,0.0136486890422,0.000576297648919,4,0
2495,4.99,2,0.770511209965,0,0.0900546088815,0,0,0.0900546088815,0,0.0900546088815,0,0.766438888618,0.385942679729,0.770511225367,0.371765405892,-0.00407233674972,0.0141772738365,0.603243794376,-0.497367304114,0.0900546092927,-4.40304464855e-05,-0.00356129193608,0.770602683423,0.390103087875,-7.07088645846e-06,0.00176772161461,0.770558652977,0.76719950895,0.37500700114,0.386541795939,0.77149122929,0.386153193923,0.000932576313611,-0.000388602015619,-6.71091291565,0.0900546092927,0.109966147555,0.766438888618,0.385942679729,-0.00407233674972,0.0141772738365,-0.00407233674972,0.0141772738365,-0.00408965729391,4,0
2500,5,1,-0.540248692036,0,1.24700307846,0,0,1.24700307846,0,1.24700307846,0,-0.516071531407,-0.283274525738,-0.540248695676,-0.273937356489,0.0241771642689,-0.00933716924892,-5.03060932292,2.73746598875,1.24700304648,-3.45290895843e-05,-0.00315807237391,-0.540152780557,-0.248830973351,1.29411233629e-06,-0.000323528084085,-0.540187309647,-0.51663709762,-0.281812522226,-0.251989045725,-0.557890902511,-0.285016999534,-0.017703592864,-0.033027953809,7.14335848982,1.24700304648,-2.28957091272,-0.516071531407,-0.283274525738,0.0241771642689,-0.00933716924892,0.0241771642689,-0.00933716924892,-0.00357242144892,4,0
2500,5,2,0.773987412453,0,1.09005463123,0,0,1.09005463123,0,1.09005463123,0,0.770089414703,0.354093148468,0.773987386937,0.342422820074,-0.0038979722344,0.0116703283939,1.55625898009,-0.34502917806,1.09005460929,7.11850002537e-06,0.000933805235073,0.773949263667,0.329357959704,-1.61764042317e-06,0.000404410105788,0.773956382167,0.770796372452,0.352265644074,0.330291764939,0.783027284397,0.354632226372,0.0090709022302,0.0243404614333,-2.54855503742,1.09005460929,1.21021057479,0.770089414703,0.354093148468,-0.0038979722344,0.0116703283939,-0.0038979722344,0.0116703283939,0.00101922723538,4,0
2505,5.01,1,-0.542857050896,0,1.10116219521,0,0,1.10116219521,0,1.10116219521,0,-0.518793456316,-0.251505254332,-0.542857051648,-0.251496354813,0.0240635953322,-8.89951962457e-06,-0.47877784249,2.6840352926,1.1011621501,-8.74163559338e-05,-0.00738734733434,-0.542655588508,-0.206135800371,8.3701383915e-06,-0.00209253459786,-0.542743004864,-0.51928440835,-0.239198413474,-0.213523147705,-0.52270617589,-0.251668284315,0.020036828973,-0.0381451366097,6.99788278184,1.1011621501,2.21369379372,-0.518793456316,-0.251505254332,0.0240635953322,-8.89951962457e-06,0.0240635953322,-8.89951962457e-06,-0.00843634360554,4,0
2505,5.01,2,0.777450919151,0,0.0900546088815,0,0,0.0900546088815,0,0.0900546088815,0,0.773491820752,0.31438155915,0.777450939649,0.342075689342,-0.003959118897,-0.0276941301923,0.11267281769,-0.445122417033,0.0900546092927,7.09980981314e-05,0.00604013448106,0.777285495765,0.304613753395,-1.04626730038e-05,0.00261566825094,0.777356493864,0.774105510777,0.298998008056,0.310653887877,0.774371798896,0.314418224906,-0.0029846949679,0.00376433702915,-6.52779052574,0.0900546092927,-0.339341711002,0.773491820752,0.31438155915,-0.003959118897,-0.0276941301923,-0.003959118897,-0.0276941301923,0.00689211165863,4,0
2510,5.02,1,-0.545092582703,0,2.10116219521,0,0,2.10116219521,0,2.10116219521,0,-0.520965858265,-0.178865138509,-0.545092564707,-0.199725983307,0.0241267064415,0.0208608447987,1.39285885237,2.86276583405,2.1011621501,-7.40110088448e-05,-0.0059685421069,-0.544938872924,-0.168321147188,1.11232679052e-05,-0.0027808169763,-0.545012883933,-0.521306993728,-0.162225280309,-0.174289689295,-0.509321777628,-0.178379968482,0.0356911063048,-0.00409027918735,7.98741726766,2.1011621501,4.26248136064,-0.520965858265,-0.178865138509,0.0241267064415,0.0208608447987,0.0241267064415,0.0208608447987,-0.00685667421304,4,0
2510,5.02,2,0.78051918745,0,-0.909945368767,0,0,-0.909945368767,0,-0.909945368767,0,0.776207323101,0.223581414259,0.780519159165,0.273530020245,-0.00431183606412,-0.049948605986,-0.535942610381,-0.679681851023,-0.909945390707,5.4547677152e-05,0.00430573976399,0.780411875015,0.2529936545,-1.39040848952e-05,0.0034760212238,0.780466422692,0.776633742411,0.202781591489,0.257299394264,0.771707610749,0.223393926244,-0.0087588119433,-0.0339054680196,-10.3670520385,-0.909945390707,-1.22058477329,0.776207323101,0.223581414259,-0.00431183606412,-0.049948605986,-0.00431183606412,-0.049948605986,0.00496031188982,4,0
2515,5.03,1,-0.546587705612,0,3.10116219521,0,0,3.10116219521,0,3.10116219521,0,-0.522338016153,-0.0962647667812,-0.546587718799,-0.11244779386,0.0242497026463,0.0161830270792,0.902320830632,2.96670248155,3.1011621501,-2.35083056787e-05,-0.00173485918892,-0.546548270332,-0.106260104266,1.01030047126e-05,-0.00252575117816,-0.546571778638,-0.522515129571,-0.0809794554915,-0.107994963455,-0.514814928822,-0.0959513048091,0.031756849815,0.012043658646,8.93947685987,3.1011621501,3.87104027103,-0.522338016153,-0.0962647667812,0.0242497026463,0.0161830270792,0.0242497026463,0.0161830270792,-0.00201695885707,4,0
2515,5.03,2,0.782494306564,0,-1.16402876377,0,0,-1.16402876377,0,-1.16402876377,0,0.777922520371,0.120330949513,0.78249431647,0.142304049988,-0.0045717960997,-0.0219731004749,-0.459714974094,-0.705137697452,-1.16402879253,-5.85164414945e-06,-0.000753659290432,0.782523435102,0.151830634202,-1.26287558978e-05,0.00315718897445,0.782517583458,0.778143912125,0.10122431039,0.151076974912,0.774105055455,0.120171888475,-0.00841252800284,-0.0309050864369,-10.9943414375,-1.16402879253,-1.16402879253,0.777922520371,0.120330949513,-0.0045717960997,-0.0219731004749,-0.0045717960997,-0.0219731004749,-0.000823879020225,4,0
2520,5.04,1,-0.547147512436,0,2.50116205215,0,0,2.50116205215,0,2.50116205215,0,-0.522947708367,-0.0304934488998,-0.54714752156,-0.0227100117562,0.0241998131934,-0.00778343714362,-1.63257952118,2.85512527698,2.5011621501,1.87498231051e-06,7.70098728738e-05,-0.547146092819,-0.0208792868949,5.85885264914e-06,-0.00146471316229,-0.547144217837,-0.522999348632,-0.0214259930179,-0.0208022770221,-0.53652978696,-0.0310593688411,0.010614430877,-0.0102570918191,8.26423219716,2.5011621501,1.22244624615,-0.522947708367,-0.0304934488998,0.0241998131934,-0.00778343714362,0.0241998131934,-0.00778343714362,9.95096605999e-05,4,0
2520,5.04,2,0.783191263676,0,-0.322831779718,0,0,-0.322831779718,0,-0.322831779718,0,0.778684635549,0.0381168021283,0.783191277238,0.030395818755,-0.00450664168978,0.00772098337337,0.267669563228,-0.564263336129,-0.322831779679,-3.56499961033e-05,-0.00287110949631,0.78326443827,0.0447809134472,-7.32356581212e-06,0.00183089145302,0.783228788274,0.778749185862,0.0267824822748,0.0419098039509,0.780938792687,0.0382107253424,-0.00228999558674,-0.0036990786085,-7.20768474123,-0.322831779679,-0.293294863452,0.778684635549,0.0381168021283,-0.00450664168978,0.00772098337337,-0.00450664168978,0.00772098337337,-0.00329890944955,4,0
2525,5.05,1,-0.547052204609,0,1.50116217136,0,0,1.50116217136,0,1.50116217136,0,-0.52308,-0.00421921584823,-0.547052205291,0.0252507273671,0.0239722052909,-0.0294699432153,-4.83641699854,2.6042321831,1.5011621501,-3.84524840958e-05,-0.00347939447822,-0.546947825354,0.052164410124,1.33998834817e-06,-0.000334997087047,-0.546986277838,-0.523087420108,-0.00270506283941,0.0486850156458,-0.563280841658,-0.00589425091729,-0.0162945638194,-0.0545792665631,7.1978190215,1.5011621501,-2.22824399115,-0.52308,-0.00421921584823,0.0239722052909,-0.0294699432153,0.0239722052909,-0.0294699432153,-0.00394082428737,4,0
2525,5.05,2,0.783237755299,0,0.677168250084,0,0,0.677168250084,0,0.677168250084,0,0.77885,0.00527401081487,0.783237727216,-0.00166304590546,-0.00438772721616,0.00693705672034,1.2398386086,-0.415015931192,0.677168220321,1.33560339803e-05,0.00144298951852,0.783186252626,-0.0175564003115,-1.67498543535e-06,0.000418746358825,0.78319960866,0.778859275117,0.0033813195537,-0.016113410793,0.789150744652,0.00570320850869,0.00595113599141,0.0218166193017,-2.97758792466,0.677168220321,0.823219415478,0.77885,0.00527401081487,-0.00438772721616,0.00693705672034,-0.00438772721616,0.00693705672034,0.00160326192628,4,0
2530,5.06,1,-0.546673119068,0,1.30116212368,0,0,1.30116212368,0,1.30116212368,0,-0.523007943445,0.0284614968061,-0.546673142064,0.046676389189,0.0236651986195,-0.0182148923829,-0.146615061571,2.53814683831,1.3011621501,-9.04039204397e-05,-0.00764062964599,-0.546464803227,0.0936070876459,8.55375073361e-06,-0.00213843768341,-0.546555207147,-0.522938685961,0.0410440548541,0.0859664579999,-0.524155031846,0.0284137014561,0.0224001753013,-0.0575527565439,6.95535880895,1.3011621501,2.40025725343,-0.523007943445,0.0284614968061,0.0236651986195,-0.0182148923829,0.0236651986195,-0.0182148923829,-0.00872547669127,4,0
2530,5.06,2,0.783244550228,0,-0.322831779718,0,0,-0.322831779718,0,-0.322831779718,0,0.778759929216,-0.0355768799993,0.783244532556,-0.00444893679502,-0.00448460334035,-0.0311279432043,-0.249920246562,-0.51538821548,-0.322831779679,7.537876293e-05,0.00640819636057,0.783069181637,-0.0441385816885,-1.06921884143e-05,0.00267304710357,0.7831445604,0.778673357343,-0.0513050775554,-0.037730385328,0.776620036074,-0.0356660422136,-0.00652452432608,0.0020643431144,-6.88782743871,-0.322831779679,-0.772621203558,0.778759929216,-0.0355768799993,-0.00448460334035,-0.0311279432043,-0.00448460334035,-0.0311279432043,0.00731274151573,4,0
2535,5.07,1,-0.545937657356,0,2.30116224289,0,0,2.30116224289,0,2.30116224289,0,-0.522374275337,0.102272197035,-0.545937631295,0.0966770563086,0.0235633559578,0.00559514072661,1.70505300085,2.71245395074,2.3011621501,-7.70605773793e-05,-0.00621973307629,-0.545777266859,0.129522390359,1.11996320705e-05,-0.00279990801763,-0.545854327437,-0.522153004736,0.119035024658,0.123302657283,-0.508130691607,0.102865679691,0.0377236358296,-0.0204369775922,7.90277748687,2.3011621501,4.42465141159,-0.522374275337,0.102272197035,0.0235633559578,0.00559514072661,0.0235633559578,0.00559514072661,-0.00714446000485,4,0
2535,5.07,2,0.782836794853,0,-1.32283174992,0,0,-1.32283174992,0,-1.32283174992,0,0.777967843991,-0.127840255249,0.782836772085,-0.0747891798282,-0.00486892809391,-0.0530510754205,-0.895822407666,-0.753490788932,-1.32283177968,5.8680963433e-05,0.00464559026163,0.782720488631,-0.0972595022092,-1.3999540079e-05,0.00349988501974,0.782779169595,0.777691255722,-0.148793789764,-0.0926139119475,0.770471091108,-0.128152619952,-0.0123080784866,-0.0355387080046,-10.6596056925,-1.32283177968,-1.65466295842,0.777967843991,-0.127840255249,-0.00486892809391,-0.0530510754205,-0.00486892809391,-0.0530510754205,0.00534976182283,4,0
2540,5.08,1,-0.544478416443,0,3.30116224289,0,0,3.30116224289,0,3.30116224289,0,-0.520933544256,0.184951040982,-0.54447844139,0.182386819155,0.0235448971333,0.00256422182724,1.1462492211,2.81022755576,3.3011621501,-2.56113432607e-05,-0.00190288944894,-0.544434672105,0.189450159894,1.00039101796e-05,-0.00250097754489,-0.544460283449,-0.520548359283,0.200095419447,0.187547270446,-0.511379635515,0.185349120513,0.0330806479341,-0.00219814993279,8.8131552915,3.3011621501,3.95868700242,-0.520933544256,0.184951040982,0.0235448971333,0.00256422182724,0.0235448971333,0.00256422182724,-0.00221022556807,4,0
2540,5.08,2,0.781316637993,0,-1.57546162605,0,0,-1.57546162605,0,-1.57546162605,0,0.776166930052,-0.231188810101,0.781316627016,-0.208139317285,-0.00514969696412,-0.0230494928157,-0.800834894066,-0.775204752292,-1.57546168427,-3.16157094203e-06,-0.000540023238177,0.781340310245,-0.199693083352,-1.2504887711e-05,0.00312622192775,0.781337148674,0.775685448817,-0.250119283163,-0.20023310659,0.769509680011,-0.231466195519,-0.0118274686635,-0.0312330889289,-11.2138620967,-1.57546168427,-1.57546168427,0.776166930052,-0.231188810101,-0.00514969696412,-0.0230494928157,-0.00514969696412,-0.0230494928157,-0.000577962089481,4,0
2545,5.09,1,-0.542099297047,0,2.70116209984,0,0,2.70116209984,0,2.70116209984,0,-0.518735681804,0.249683268447,-0.542099319774,0.270529625758,0.0233636379699,-0.020846357311,-1.39434088061,2.68775129058,2.7011621501,8.73561381155e-07,-3.13947131167e-06,-0.54209587668,0.272759861358,5.6928628821e-06,-0.00142321572052,-0.542095003118,-0.518227221306,0.258499895754,0.272756721887,-0.530335112436,0.249199958837,0.0117598906829,-0.0235567630493,8.09636219193,2.7011621501,1.29340306671,-0.518735681804,0.249683268447,0.0233636379699,-0.020846357311,0.0233636379699,-0.020846357311,7.34326526219e-06,4,0
2545,5.09,2,0.77849817276,0,-0.722811937332,0,0,-0.722811937332,0,-0.722811937332,0,0.773419601897,-0.312104094333,0.778498157192,-0.321796552142,-0.00507855529477,0.00969245780898,-0.0731060174548,-0.62218661685,-0.722811965446,-3.47958377141e-05,-0.00280698566712,0.778569882172,-0.307631411775,-7.1160785915e-06,0.00177901964788,0.778535086334,0.772784026258,-0.323124878451,-0.310438397442,0.772838265481,-0.312128316684,-0.00569682085311,-0.00168991924236,-7.3152547174,-0.722811965446,-0.692068098585,0.773419601897,-0.312104094333,-0.00507855529477,0.00969245780898,-0.00507855529477,0.00969245780898,-0.00322453571969,4,0
2550,5.1,1,-0.539081633091,0,1.70116209984,0,0,1.70116209984,0,1.70116209984,0,-0.516071531762,0.27510120289,-0.539081609414,0.316813369976,0.0230100776517,-0.0417121670856,-4.46857997195,2.42775211737,1.7011621501,-3.86064976113e-05,-0.00348842092713,-0.538977128688,0.343700082503,1.30166796419e-06,-0.000325416991051,-0.539015735186,-0.515520339533,0.276572365594,0.340211661576,-0.553212286893,0.273553671427,-0.0141965517078,-0.0666579901493,6.98862961138,1.7011621501,-2.03687615569,-0.516071531762,0.27510120289,0.0230100776517,-0.0417121670856,0.0230100776517,-0.0417121670856,-0.00395169889846,4,0
2550,5.1,2,0.775012969971,0,0.277188032866,0,0,0.277188032866,0,0.277188032866,0,0.770089414258,-0.343876512334,0.775012970108,-0.355469669805,-0.00492355584925,0.0115931574709,0.85715266176,-0.45892498485,0.277188034554,1.25166467601e-05,0.00136570482005,0.774963856034,-0.370744222326,-1.62708495266e-06,0.000406771238172,0.774976372681,0.769400423954,-0.34571546571,-0.369378517506,0.777207363018,-0.343579931136,0.00223099033731,0.0257985863703,-3.01911166081,0.277188034554,0.396711772329,0.770089414258,-0.343876512334,-0.00492355584925,0.0115931574709,-0.00492355584925,0.0115931574709,0.00151590458117,4,0
2555,5.11,1,-0.535797297955,0,1.50116217136,0,0,1.50116217136,0,1.50116217136,0,-0.513210021321,0.306639907426,-0.535797301829,0.336517307469,0.0225872805081,-0.029877400043,0.0645616221545,2.35266215772,1.5011621501,-8.97158661867e-05,-0.00757912046612,-0.535590801532,0.382978502199,8.19989945855e-06,-0.00204997486465,-0.535680517398,-0.512584906022,0.318707574267,0.375399381733,-0.512600934322,0.306665286051,0.0230795830762,-0.0687340956812,6.70509624521,1.5011621501,2.42587949074,-0.513210021321,0.306639907426,0.0225872805081,-0.029877400043,0.0225872805081,-0.029877400043,-0.00865571086036,4,0
2555,5.11,2,0.771472275257,0,-0.722811937332,0,0,-0.722811937332,0,-0.722811937332,0,0.76651252612,-0.383299892935,0.771472271822,-0.359843783305,-0.00495974570226,-0.0234561096303,-0.585190799352,-0.540496335558,-0.722811965446,7.29806862453e-05,0.006200987166,0.771302815727,-0.398120100036,-1.02498743035e-05,0.00256246857588,0.771375796414,0.765731131978,-0.398384476457,-0.39191911287,0.761585516999,-0.383505184982,-0.0097902794146,0.00841392788841,-6.86292225613,-0.722811965446,-1.13276389031,0.76651252612,-0.383299892935,-0.00495974570226,-0.0234561096303,-0.00495974570226,-0.0234561096303,0.00707675540094,4,0
2560,5.12,1,-0.532172679901,0,2.50116205215,0,0,2.50116205215,0,2.50116205215,0,-0.509810098854,0.376983394308,-0.532172664727,0.385011447074,0.0223625658731,-0.00802805276523,1.78008375737,2.50541975561,2.5011621501,-7.51673141542e-05,-0.00605535436884,-0.532016993621,0.416724287506,1.05722821632e-05,-0.00264307054078,-0.532092160935,-0.509040325434,0.392815921246,0.410668933137,-0.494943898899,0.377602819307,0.0371482620356,-0.0330661138308,7.61158090377,2.5011621501,4.29246087512,-0.509810098854,0.376983394308,0.0223625658731,-0.00802805276523,0.0223625658731,-0.00802805276523,-0.00695736213869,4,0
2560,5.12,2,0.767499566078,0,-1.72281193733,0,0,-1.72281193733,0,-1.72281193733,0,0.76226262295,-0.471229251355,0.767499574933,-0.432076046875,-0.00523695198288,-0.0391532044798,-1.18786414498,-0.739406544823,-1.72281196545,5.43233519526e-05,0.00427199338697,0.767393786007,-0.4520716096,-1.3215352673e-05,0.00330383816825,0.767448109359,0.761300406159,-0.491019909981,-0.447799616213,0.752339949658,-0.471642696076,-0.0151081597009,-0.0238430798623,-10.5675826558,-1.72281196545,-1.93219456341,0.76226262295,-0.471229251355,-0.00523695198288,-0.0391532044798,-0.00523695198288,-0.0391532044798,0.0049238736104,4,0
2565,5.13,1,-0.52784371376,0,3.50116205215,0,0,3.50116205215,0,3.50116205215,0,-0.505647005238,0.454545694638,-0.527843737062,0.467918740583,0.0221967318244,-0.0133730459458,1.18843303802,2.5703102311,3.5011621501,-2.38501405306e-05,-0.00178066074916,-0.527802817811,0.474576214294,9.27623317792e-06,-0.00231905829449,-0.527826667951,-0.504723724461,0.468597563283,0.472795553545,-0.495743366551,0.45495834625,0.0320833014003,-0.0178372072954,8.48118166622,3.5011621501,3.76081013155,-0.505647005238,0.454545694638,0.0221967318244,-0.0133730459458,0.0221967318244,-0.0133730459458,-0.00206686243553,4,0
2565,5.13,2,0.762414395809,0,-1.80236959457,0,0,-1.80236959457,0,-1.80236959457,0,0.757058755846,-0.568182126523,0.762414383199,-0.562177658256,-0.00535562735278,-0.00600446826774,-1.08020946336,-0.723175389142,-1.80236963383,-8.02094040075e-06,-0.000918967391322,0.762447890525,-0.551774811027,-1.15952914396e-05,0.00289882285989,0.762439869585,0.755904654859,-0.585746962281,-0.552693778418,0.748081056757,-0.568556197319,-0.0143588128277,-0.0158624189008,-10.3774558319,-1.80236963383,-1.80236963383,0.757058755846,-0.568182126523,-0.00535562735278,-0.00600446826774,-0.00535562735278,-0.00600446826774,-0.00101521867613,4,0
2570,5.14,1,-0.522661685944,0,2.59589409828,0,0,2.59589409828,0,2.59589409828,0,-0.500779687899,0.514171467767,-0.522661712247,0.546428823383,0.0218820243482,-0.0322573556161,-1.19777820675,2.43868998732,2.59589415318,-3.88684923061e-06,-0.000432102600348,-0.522645777501,0.551745007736,5.1691696033e-06,-0.00129229240083,-0.52264966435,-0.499743075083,0.52218328538,0.551312905136,-0.510739891396,0.513756459288,0.0119097729549,-0.0375564458481,7.42513754425,2.59589415318,1.24139052535,-0.500779687899,0.514171467767,0.0218820243482,-0.0322573556161,0.0218820243482,-0.0322573556161,-0.000478744791115,4,0
2570,5.14,2,0.756120145321,0,-0.965514719486,0,0,-0.965514719486,0,-0.965514719486,0,0.750974609092,-0.64271434271,0.756120120668,-0.664622500037,-0.00514551157549,0.021908157327,-0.398037137055,-0.559944449961,-0.965514703134,-3.24540198631e-05,-0.00257540711993,0.75618459065,-0.652410706505,-6.46146198202e-06,0.00161536549551,0.75615213663,0.749678843056,-0.652729114693,-0.654986113625,0.747688045917,-0.642851282842,-0.00846409071308,0.0121348307826,-6.51136665311,-0.965514703134,-0.955016731657,0.750974609092,-0.64271434271,-0.00514551157549,0.021908157327,-0.00514551157549,0.021908157327,-0.00296485535828,4,0
2575,5.15,1,-0.516949474812,0,1.59589409828,0,0,1.59589409828,0,1.59589409828,0,-0.495486494529,0.5371360013,-0.516949486994,0.581982709385,0.0214629924659,-0.0448467080851,-3.94871940927,2.20773823877,1.59589415318,-4.67270248513e-05,-0.00416927699525,-0.516826453801,0.613038101664,1.18155899459e-06,-0.000295389748642,-0.516873180825,-0.494411323397,0.538471735134,0.608868824669,-0.528296111787,0.535768933914,-0.0114229309619,-0.0730998907548,6.28658193537,1.59589415318,-1.73625116921,-0.495486494529,0.5371360013,0.0214629924659,-0.0448467080851,0.0214629924659,-0.0448467080851,-0.00473000129347,4,0
2575,5.15,2,0.749273657799,0,0.00620369892567,0,0,0.00620369892567,0,0.00620369892567,0,0.7443581173,-0.671420009524,0.749273686937,-0.687170788373,-0.00491556963769,0.015750778849,0.431645392706,-0.423354610456,0.0062036990921,1.84669279943e-05,0.00186548002277,0.749210911828,-0.705524842414,-1.47694873809e-06,0.000369237184527,0.749229378756,0.743014153369,-0.673089676811,-0.703659362391,0.747931565975,-0.671271115829,-0.00129781278097,0.0323882465617,-2.30896796352,0.0062036990921,0.0062036990921,0.7443581173,-0.671420009524,-0.00491556963769,0.015750778849,-0.00491556963769,0.015750778849,0.0020870831587,4,0
2580,5.16,1,-0.51107364893,0,1.39753818512,0,0,1.39753818512,0,1.39753818512,0,-0.490015329426,0.56555100492,-0.511073648667,0.591742142724,0.0210583192404,-0.026191137804,0.143539279794,2.17166274581,1.39753819573,-9.73207498462e-05,-0.00820599941565,-0.510850501079,0.641804272829,7.33081834348e-06,-0.00183270458587,-0.510947821829,-0.488873634605,0.576345524664,0.633598273413,-0.488743261809,0.565604007738,0.0222045600199,-0.0679942656754,5.975865401,1.39753819573,2.32457587402,-0.490015329426,0.56555100492,0.0210583192404,-0.026191137804,0.0210583192404,-0.026191137804,-0.00937384841381,4,0
2580,5.16,2,0.742469847202,0,-0.993796288967,0,0,-0.993796288967,0,-0.993796288967,0,0.737519160843,-0.70693876392,0.742469825799,-0.682710522622,-0.00495066495572,-0.0242282412975,-0.872898972283,-0.533232321195,-0.993796300908,7.81198815044e-05,0.00661973510097,0.742289455092,-0.723273973902,-9.16352289393e-06,0.00229088072349,0.742367574973,0.736092042301,-0.720431913547,-0.716654238801,0.730194742298,-0.707243948026,-0.0121728326753,0.00941029077543,-6.13223464645,-0.993796300908,-1.41368846716,0.737519160843,-0.70693876392,-0.00495066495572,-0.0242282412975,-0.00495066495572,-0.0242282412975,0.00755717367902,4,0
2585,5.17,1,-0.50495249033,0,2.39753818512,0,0,2.39753818512,0,2.39753818512,0,-0.484062782232,0.628007338469,-0.504952464266,0.631064079444,0.0208896820346,-0.00305674097512,1.61582296227,2.34237658358,2.39753819573,-8.083205875e-05,-0.00651691220516,-0.504784733433,0.665315732193,9.28063688549e-06,-0.00232015922137,-0.504865565492,-0.48279287369,0.641914748826,0.658798819988,-0.470558644755,0.628570010864,0.0343069207365,-0.0302288091241,6.85443221687,2.39753819573,3.96568644276,-0.484062782232,0.628007338469,0.0208896820346,-0.00305674097512,0.0208896820346,-0.00305674097512,-0.00748689691016,4,0
2585,5.17,2,0.735314667225,0,-1.99379634857,0,0,-1.99379634857,0,-1.99379634857,0,0.730078476774,-0.785009180539,0.735314663331,-0.747438482399,-0.00523618655734,-0.0375706981396,-1.39475280345,-0.72838092526,-1.99379630091,5.66728213448e-05,0.0044522337656,0.73520460582,-0.768172474081,-1.16007960558e-05,0.00290019901395,0.735261278642,0.728491091081,-0.802393443409,-0.763720240315,0.718432985382,-0.785494409347,-0.0168282932597,-0.0217741690319,-9.8146867489,-1.99379630091,-2.12826603633,0.730078476774,-0.785009180539,-0.00523618655734,-0.0375706981396,-0.00523618655734,-0.0375706981396,0.00513230762173,4,0
2590,5.18,1,-0.498218804598,0,3.39753818512,0,0,3.39753818512,0,3.39753818512,0,-0.477438908563,0.695579570597,-0.498218799317,0.704449981481,0.0207798907543,-0.00887041088333,1.02928612145,2.41214384873,3.39753819573,-2.84460947308e-05,-0.00217089840215,-0.498167334124,0.713486618996,7.96569633027e-06,-0.00199142408256,-0.498195780219,-0.47603554511,0.707655998836,0.711315720594,-0.468855490556,0.695937213014,0.0293402896634,-0.0153785075796,7.69678370887,3.39753819573,3.44394222172,-0.477438908563,0.695579570597,0.0207798907543,-0.00887041088333,0.0207798907543,-0.00887041088333,-0.00251225153892,4,0
2590,5.18,2,0.727130532265,0,-1.97983551025,0,0,-1.97983551025,0,-1.97983551025,0,0.721798634616,-0.869474470309,0.72713052114,-0.867514120515,-0.00533188652424,-0.00196034979324,-1.2815036575,-0.69930894043,-1.97983552172,-7.6787768419e-06,-0.000884930890289,0.72716321729,-0.857293444867,-9.95712036256e-06,0.00248928009063,0.727155538513,0.720044430285,-0.884570005531,-0.858178375757,0.711146073801,-0.869918327009,-0.0160094647122,-0.0117399512521,-9.23607950681,-1.97983552172,-1.97983552172,0.721798634616,-0.869474470309,-0.00533188652424,-0.00196034979324,-0.00533188652424,-0.00196034979324,-0.000977076212392,4,0
2595,5.19,1,-0.490737020969,0,2.39753818512,0,0,2.39753818512,0,2.39753818512,0,-0.470207967788,0.746352382776,-0.490737007392,0.771908512787,0.0205290396044,-0.0255561300112,-1.05176184,2.29793893496,2.39753819573,-9.35987134178e-06,-0.000889045065928,-0.490708845499,0.779899342826,4.32067838735e-06,-0.00108016959684,-0.49071820537,-0.468708336848,0.75305597873,0.77901029776,-0.478949129464,0.745988167706,0.0117690759063,-0.0330221300541,6.52173588475,2.39753819573,1.24717845848,-0.470207967788,0.746352382776,0.0205290396044,-0.0255561300112,0.0205290396044,-0.0255561300112,-0.00100136352203,4,0
2595,5.19,2,0.717850387096,0,-1.21572089195,0,0,-1.21572089195,0,-1.21572089195,0,0.712759958578,-0.932940485196,0.717850409359,-0.959097081581,-0.00509045078161,0.0261565963852,-0.688081216285,-0.530517359804,-1.21572085441,-3.15449167968e-05,-0.00249918267976,0.717912973397,-0.947253108229,-5.40084795253e-06,0.00135021198813,0.717881428481,0.710885419889,-0.941319980089,-0.949752290909,0.70705982552,-0.93317799074,-0.0108216029605,0.0165743001695,-5.64885676906,-1.21572085441,-1.21572085441,0.712759958578,-0.932940485196,-0.00509045078161,0.0261565963852,-0.00509045078161,0.0261565963852,-0.00287772168132,4,0
2600,5.2,1,-0.482833743095,0,1.39753818512,0,0,1.39753818512,0,1.39753818512,0,-0.462618321895,0.7654205693,-0.482833741141,0.796830527301,0.0202154192464,-0.0314099580009,-3.30566272583,2.11600672707,1.39753819573,-5.11032132035e-05,-0.00452972020029,-0.48270113426,0.829962917975,9.87208327918e-07,-0.000246802081983,-0.482752237473,-0.461086728817,0.766536945196,0.825433197774,-0.490074985468,0.764276541651,-0.00732274799487,-0.0611566561233,5.36018561404,1.39753819573,-1.18451304,-0.462618321895,0.7654205693,0.0202154192464,-0.0314099580009,0.0202154192464,-0.0314099580009,-0.00514295875873,4,0
2600,5.2,2,0.708107769489,0,-0.423151373863,0,0,-0.423151373863,0,-0.423151373863,0,0.703272901145,-0.956775718206,0.708107749278,-0.973555067651,-0.00483484813342,0.0167793494452,-0.0114480443924,-0.409649417417,-0.423151386909,1.81545621597e-05,0.00183607035335,0.70804589151,-0.99166938333,-1.23401040275e-06,0.000308502600695,0.708064046072,0.701358409784,-0.958171188067,-0.989833312976,0.703160579735,-0.956780398264,-0.00490346633725,0.0330529147122,-2.14354888582,-0.423151386909,-0.423151386909,0.703272901145,-0.956775718206,-0.00483484813342,0.0167793494452,-0.00483484813342,0.0167793494452,0.00205392509927,4,0
2605,5.21,1,-0.474844813347,0,1.52205598354,0,0,1.52205598354,0,1.52205598354,0,-0.454881275556,0.788926452824,-0.47484481471,0.802315126856,0.0199635391534,-0.0133886740317,0.0894984268226,2.11774887227,1.52205602252,-9.53656088443e-05,-0.00796914580502,-0.474630176655,0.84960822515,6.00111495097e-06,-0.00150027873774,-0.474725542264,-0.453294738097,0.797769566095,0.841639079345,-0.454060933429,0.788960633746,0.020664608835,-0.0526784455993,5.34630220295,1.52205602252,2.21636083221,-0.454881275556,0.788926452824,0.0199635391534,-0.0133886740317,0.0199635391534,-0.0133886740317,-0.00911353311115,4,0
2605,5.21,2,0.698417365551,0,-1.42315137386,0,0,-1.42315137386,0,-1.42315137386,0,0.693601593157,-0.986158072428,0.69841739333,-0.974076312445,-0.00481580017345,-0.0120817599832,-1.09657038273,-0.484788318916,-1.42315138691,7.03950936926e-05,0.00588488795711,0.698259472963,-1.00856389421,-7.50139363981e-06,0.00187534840996,0.698329868057,0.691618421319,-0.997211963946,-1.00267900625,0.684423360823,-0.986540498776,-0.0139065072342,0.016138507476,-5.91421962768,-1.42315138691,-1.58808833073,0.693601593157,-0.986158072428,-0.00481580017345,-0.0120817599832,-0.00481580017345,-0.0120817599832,0.00672962908142,4,0
2610,5.22,1,-0.466615140438,0,2.52205610275,0,0,2.52205610275,0,2.52205610275,0,-0.446750124067,0.839571271905,-0.46661513732,0.841645520608,0.0198650132531,-0.00207424870338,1.22696921057,2.25134007741,2.52205602252,-6.86565143219e-05,-0.00548722642068,-0.466474999577,0.869835251433,7.40585506059e-06,-0.00185146376514,-0.466543656092,-0.445059873426,0.85067971194,0.864348025012,-0.436490599781,0.839998752083,0.0300530563102,-0.0243492729291,6.19433968809,2.52205602252,3.48462039257,-0.446750124067,0.839571271905,0.0198650132531,-0.00207424870338,0.0198650132531,-0.00207424870338,-0.00631110459254,4,0
2610,5.22,2,0.688302338123,0,-2.07365751266,0,0,-2.07365751266,0,-2.07365751266,0,0.683437653733,-1.04946409585,0.688302341418,-1.0448366481,-0.00486468768524,-0.0046274477504,-1.50516129816,-0.565350309924,-2.07365756981,3.60629487458e-05,0.00271320634041,0.688239104701,-1.0552075742,-9.25731875789e-06,0.00231432968947,0.68827516765,0.68132484042,-1.06334964579,-1.05249436786,0.670890210323,-1.04998690599,-0.0173849573264,0.00250746187215,-8.13375033813,-2.07365756981,-2.07365756981,0.683437653733,-1.04946409585,-0.00486468768524,-0.0046274477504,-0.00486468768524,-0.0046274477504,0.00314596172536,4,0
2615,5.23,1,-0.457819163799,0,2.97768616676,0,0,2.97768616676,0,2.97768616676,0,-0.438081672689,0.892907623974,-0.457819151238,0.906932112953,0.0197374785493,-0.0140244889791,0.683332719993,2.26436734553,2.97768623035,-2.39949731975e-05,-0.00183891045656,-0.457774575579,0.915078614041,6.15464548642e-06,-0.0015386613716,-0.457798570552,-0.436286405046,0.902249805406,0.913239703584,-0.432379409367,0.893145218279,0.0254191611848,-0.0200944853055,6.46581843911,2.97768623035,2.94982691565,-0.438081672689,0.892907623974,0.0197374785493,-0.0140244889791,0.0197374785493,-0.0140244889791,-0.00212685013493,4,0
2615,5.23,2,0.677258551121,0,-1.87929344177,0,0,-1.87929344177,0,-1.87929344177,0,0.672602089453,-1.11613453542,0.677258540092,-1.14411203191,-0.00465645063907,0.0279774964937,-1.39377094731,-0.487603608807,-1.87929344337,-1.97119082858e-05,-0.001844569843,0.677314747921,-1.12939996125,-7.6933067934e-06,0.00192332669834,0.677295036013,0.670358004889,-1.12781226211,-1.13124453109,0.661024773672,-1.11661692358,-0.0162702623411,0.0146276075124,-6.84293343794,-1.87929344337,-1.87929344337,0.672602089453,-1.11613453542,-0.00465645063907,0.0279774964937,-0.00465645063907,0.0279774964937,-0.00208111274243,4,0
2620,5.24,1,-0.448435395956,0,1.97768628597,0,0,1.97768628597,0,1.97768628597,0,-0.428941455079,0.931637232684,-0.448435395059,0.954261734381,0.0194939399794,-0.0226245016973,-0.960883118851,2.1616151265,1.97768623035,-1.96596104524e-05,-0.00177846409357,-0.448382102764,0.968140046562,3.20070305804e-06,-0.000800175764515,-0.448401762375,-0.427073033343,0.93661139539,0.966361582468,-0.436918179428,0.931304869169,0.0114835829463,-0.0350567132989,5.27452051472,1.97768623035,1.20274638707,-0.428941455079,0.931637232684,0.0194939399794,-0.0226245016973,0.0194939399794,-0.0226245016973,-0.002014379419,4,0
2620,5.24,2,0.665391504765,0,-1.25141441822,0,0,-1.25141441822,0,-1.25141441822,0,0.661176817389,-1.16454654588,0.665391496276,-1.2069688184,-0.00421467888689,0.0424222725152,-0.926704402283,-0.327018676253,-1.2514143866,-2.59742816371e-05,-0.00199700055386,0.665439128165,-1.19881788595,-4.00087878338e-06,0.00100021969584,0.665413153884,0.658841290209,-1.1707642492,-1.2008148865,0.653486870405,-1.16486696034,-0.0119262834785,0.0359479261642,-3.83891683331,-1.2514143866,-1.2514143866,0.661176817389,-1.16454654588,-0.00421467888689,0.0424222725152,-0.00421467888689,0.0424222725152,-0.0023086919335,4,0
2625,5.25,1,-0.438809871674,0,0.977686226368,0,0,0.977686226368,0,0.977686226368,0,-0.419532242028,0.945610947911,-0.438809876335,0.962952009019,0.0192776343076,-0.0173410611077,-2.57524655726,2.05321366638,0.97768623035,-6.21094009914e-05,-0.00542006151626,-0.438654254718,1.00080720634,7.30827731388e-07,-0.000182706932854,-0.438716364119,-0.417640462629,0.946437819865,0.995387144827,-0.440904147882,0.944720451834,-0.00218778376323,-0.0506666929934,4.10239546037,0.97768623035,-0.515867516554,-0.419532242028,0.945610947911,0.0192776343076,-0.0173410611077,0.0192776343076,-0.0173410611077,-0.00616537432816,4,0
2625,5.25,2,0.653277873993,0,-0.696576118469,0,0,-0.696576118469,0,-0.696576118469,0,0.649415301025,-1.18201368974,0.653277885427,-1.20565099697,-0.00386258440152,0.0236373072284,-0.445933005341,-0.247974384277,-0.696576097177,2.49132385098e-05,0.00236974869758,0.653202743245,-1.22628509258,-9.13534655367e-07,0.000228383663837,0.653227656484,0.647050576768,-1.18304727967,-1.22391534388,0.645683432356,-1.18216918426,-0.00754422412707,0.0417461596144,-1.30661012132,-0.696576097177,-0.696576097177,0.649415301025,-1.18201368974,-0.00386258440152,0.0236373072284,-0.00386258440152,0.0236373072284,0.0026687075597,4,0
2630,5.26,1,-0.429230570793,0,1.32071208954,0,0,1.32071208954,0,1.32071208954,0,-0.41001546153,0.962730750228,-0.429230581187,0.95766195277,0.0192151196576,0.0050687974583,-0.0896691047564,2.11776845659,1.320712097,-9.88917419032e-05,-0.00821067971558,-0.429010603462,1.00564454681,4.29433943555e-06,-0.00107358485888,-0.429109495204,-0.408083769415,0.969066811698,0.997433867091,-0.410683233238,0.962702926407,0.0184262619656,-0.0347309406838,4.294164085,1.320712097,2.03749673245,-0.41001546153,0.962730750228,0.0192151196576,0.0050687974583,0.0192151196576,0.0050687974583,-0.00939738061841,4,0
2630,5.26,2,0.641302883625,0,-1.57573020458,0,0,-1.57573020458,0,-1.57573020458,0,0.637519325355,-1.20341344241,0.641302882651,-1.20056990544,-0.00378355729552,-0.00284353697546,-1.24372655422,-0.325513302916,-1.5757302587,6.85610987794e-05,0.00566766836978,0.641152280047,-1.23281482919,-5.36792423511e-06,0.00134198105877,0.641220841146,0.635104710203,-1.21133351916,-1.22714716082,0.627118907005,-1.20384679318,-0.0141019341408,0.0233003676407,-4.58905585338,-1.5757302587,-1.5757302587,0.637519325355,-1.20341344241,-0.00378355729552,-0.00284353697546,-0.00378355729552,-0.00284353697546,0.00649040155513,4,0
2635,5.27,1,-0.419517070055,0,2.32071208954,0,0,2.32071208954,0,2.32071208954,0,-0.400216615898,0.998381854599,-0.419517081708,0.984555087692,0.0193004658102,0.0138267669073,0.642304332716,2.25372529506,2.320712097,-7.09319809337e-05,-0.00571623268864,-0.419369850653,1.01473302996,5.06573612535e-06,-0.00126643403133,-0.419440782634,-0.398212227822,1.00599334017,1.00901679727,-0.394818722664,0.998606766817,0.0246220599707,-0.0104100304507,5.12877528926,2.320712097,2.90259704423,-0.400216615898,0.998381854599,0.0193004658102,0.0138267669073,0.0193004658102,0.0138267669073,-0.00656741645984,4,0
2635,5.27,2,0.629022240639,0,-1.90956425667,0,0,-1.90956425667,0,-1.90956425667,0,0.625270768271,-1.24797732236,0.629022229088,-1.25173502536,-0.00375146081657,0.00375770300031,-1.51362404934,-0.393096802669,-1.90956430846,3.24096623786e-05,0.00245454050703,0.628964956582,-1.26125085369,-6.33217007595e-06,0.001583042519,0.628997366245,0.622765283168,-1.2574916792,-1.25879631318,0.612655440667,-1.24850296101,-0.0163419255777,0.0102933521729,-5.57348547386,-1.90956430846,-1.90956430846,0.625270768271,-1.24797732236,-0.00375146081657,0.00375770300031,-0.00375146081657,0.00375770300031,0.00284345645557,4,0
2640,5.28,1,-0.409384250641,0,2.44759440422,0,0,2.44759440422,0,2.44759440422,0,-0.390048257491,1.03413100745,-0.409384262995,1.03314771053,0.0193360055038,0.000983296920278,0.176428827639,2.26830788823,2.44759429736,-3.13292384721e-05,-0.00248163062906,-0.409320408607,1.04623458894,3.95687563132e-06,-0.000989218907827,-0.409351737845,-0.387973888927,1.04015193846,1.04375295831,-0.388556793429,1.03419315179,0.0207949444167,-0.00955980652691,5.06480028126,2.44759429736,2.44759429736,-0.390048257491,1.03413100745,0.0193360055038,0.000983296920278,0.0193360055038,0.000983296920278,-0.00285758149073,4,0
2640,5.28,2,0.616076171398,0,-1.73867368698,0,0,-1.73867368698,0,-1.73867368698,0,0.612560320225,-1.29266376282,0.616076169994,-1.32245141717,-0.0035158497695,0.029787654354,-1.41129016899,-0.329236454493,-1.73867368173,-1.77114422431e-05,-0.00164040444837,0.616124508816,-1.31029151904,-4.94609446444e-06,0.00123652361612,0.616106797374,0.609967359514,-1.30018992646,-1.31193192349,0.600835365821,-1.29315230258,-0.0152714315522,0.0187796209077,-4.44163631202,-1.73867368173,-1.73867368173,0.612560320225,-1.29266376282,-0.0035158497695,0.029787654354,-0.0035158497695,0.029787654354,-0.00185294175528,4,0
2645,5.29,1,-0.398860514164,0,1.4490711689,0,0,1.4490711689,0,1.4490711689,0,-0.379573076535,1.05838388894,-0.398860509848,1.06061820784,0.0192874333131,-0.00223431889597,-0.927037709504,2.21108816846,1.44907113313,-3.26974534676e-05,-0.00285684849373,-0.398778420909,1.08073610761,1.87961578424e-06,-0.000469903946062,-0.398811118363,-0.377453263812,1.06131607346,1.07787925912,-0.387257972132,1.05806368496,0.0115531462307,-0.0198155741598,3.87435527968,1.44907113313,1.28729967689,-0.379573076535,1.05838388894,0.0192874333131,-0.00223431889597,0.0192874333131,-0.00223431889597,-0.00324921793534,4,0
2645,5.29,2,0.602589070797,0,-1.30405592918,0,0,-1.30405592918,0,-1.30405592918,0,0.599466343997,-1.32297986419,0.602589069216,-1.35968246641,-0.00312272521834,0.0367026022193,-1.10007730634,-0.205418914253,-1.30405593066,-1.67881079319e-05,-0.00123883263478,0.602616519014,-1.3558585345,-2.34951968592e-06,0.000587379921474,0.602599730906,0.596816578087,-1.32664509477,-1.35709736714,0.590326902613,-1.32336067424,-0.0122728282927,0.0337366928923,-2.27557919391,-1.30405593066,-1.30405593066,0.599466343997,-1.32297986419,-0.00312272521834,0.0367026022193,-0.00312272521834,0.0367026022193,-0.00144028992997,4,0
2650,5.3,1,-0.388265579939,0,0.449071139097,0,0,0.449071139097,0,0.449071139097,0,-0.368935511785,1.06638511295,-0.388265586253,1.05443647498,0.0193300744679,0.0119486379683,-1.79990885424,2.1959393997,0.449071133125,-6.96230999313e-05,-0.00600032293412,-0.388096103562,1.09472271298,4.28526541363e-07,-0.000107131635337,-0.388165726662,-0.366802413524,1.06687052556,1.08872239004,-0.383851890745,1.06576359716,0.0043138359167,-0.0229587928831,2.70359069567,0.449071133125,0.402866345588,-0.368935511785,1.06638511295,0.0193300744679,0.0119486379683,0.0193300744679,0.0119486379683,-0.00683580013329,4,0
2650,5.3,2,0.589020371437,0,-1.01326012611,0,0,-1.01326012611,0,-1.01326012611,0,0.586169388031,-1.332981394,0.589020382434,-1.34907784058,-0.00285099440268,0.0160964465777,-0.845483176901,-0.164856578032,-1.01326015668,2.80980111619e-05,0.00258322561369,0.588941526695,-1.3697989842,-5.35658166489e-07,0.000133914541633,0.588969624706,0.583503015199,-1.33358815975,-1.36721575859,0.579111611294,-1.33327546803,-0.00985801341213,0.0339402905549,-0.821854145749,-1.01326015668,-1.01326015668,0.586169388031,-1.332981394,-0.00285099440268,0.0160964465777,-0.00285099440268,0.0160964465777,0.00292040174763,4,0
2655,5.31,1,-0.377799332142,0,1.4490711689,0,0,1.4490711689,0,1.4490711689,0,-0.358236971446,1.07604313392,-0.37779934472,1.04627134881,0.0195623732738,0.029771785107,-0.379644803043,2.3050544277,1.44907113313,-9.20197265907e-05,-0.00756961443448,-0.377598264409,1.08948136736,2.31773477993e-06,-0.000579433694978,-0.377690284136,-0.356081499997,1.07947402554,1.08191175292,-0.36132303829,1.0759145478,0.0163672458451,-0.00599720512052,3.54253652445,1.44907113313,1.93408347581,-0.358236971446,1.07604313392,0.0195623732738,0.029771785107,0.0195623732738,0.029771785107,-0.00867385115356,4,0
2655,5.31,2,0.575607597828,0,-1.55230545998,0,0,-1.55230545998,0,-1.55230545998,0,0.572796212581,-1.34505391996,0.575607597369,-1.34363831702,-0.00281138478851,-0.00141560293999,-1.30588993955,-0.241342872126,-1.55230540349,5.45838215474e-05,0.00441758595114,0.575492715845,-1.36722902154,-2.89716840896e-06,0.000724292102233,0.575547299666,0.570101873264,-1.34934253439,-1.36281143559,0.56189045842,-1.34550832638,-0.0136568412459,0.0173031092033,-2.74699703832,-1.55230540349,-1.55230540349,0.572796212581,-1.34505391996,-0.00281138478851,-0.00141560293999,-0.00281138478851,-0.00141560293999,0.00507259180971,4,0
2660,5.32,1,-0.367216438055,0,2.29952788353,0,0,2.29952788353,0,2.29952788353,0,-0.347386129181,1.09446043358,-0.367216429153,1.06992899369,0.0198302999725,0.0245314398896,-0.0988147661568,2.39277552343,2.29952793856,-6.02949447384e-05,-0.0048436419461,-0.367092342505,1.09514516929,2.40731835882e-06,-0.000601829589711,-0.36715263745,-0.345193546744,1.09809670706,1.09030152735,-0.348161845658,1.09442811206,0.0189907917917,0.00412658471224,4.21625400802,2.29952793856,2.29952793856,-0.347386129181,1.09446043358,0.0198302999725,0.0245314398896,0.0198302999725,0.0245314398896,-0.00556718128296,4,0
2660,5.32,2,0.561971664429,0,-1.68909835815,0,0,-1.68909835815,0,-1.68909835815,0,0.559232659726,-1.36807554396,0.561971674943,-1.38061737722,-0.00273901521761,0.0125418332648,-1.42015751899,-0.267881711963,-1.68909835124,1.35342835457e-05,0.000896708891345,0.561956024012,-1.38108147614,-3.00914786033e-06,0.000752286965095,0.561969558296,0.556491931676,-1.37262088568,-1.38018476725,0.54740971368,-1.36856816671,-0.014559844616,0.0116166005354,-2.97379761203,-1.68909835124,-1.68909835124,0.559232659726,-1.36807554396,-0.00273901521761,0.0125418332648,-0.00273901521761,0.0125418332648,0.00105912029389,4,0
2665,5.33,1,-0.356323868036,0,1.91931021214,0,0,1.91931021214,0,1.91931021214,0,-0.3363567791,1.11037613646,-0.35632387832,1.10037894872,0.0199670992202,0.00999718774543,-0.457436195038,2.37360254095,1.91931019667,-3.31912801979e-05,-0.00274555540332,-0.356250370409,1.11664396582,1.510480728e-06,-0.000377620182002,-0.35628356169,-0.334133649822,1.11269749981,1.11389841042,-0.34013598751,1.11021866945,0.0161475741795,-0.00367974097268,3.64488224101,1.91931019667,1.91931019667,-0.3363567791,1.11037613646,0.0199670992202,0.00999718774543,0.0199670992202,0.00999718774543,-0.0031438507657,4,0
2665,5.33,2,0.547908902168,0,-1.5129083395,0,0,-1.5129083395,0,-1.5129083395,0,0.545445972109,-1.38797017191,0.54790889222,-1.42072690068,-0.00246292011129,0.0327567287736,-1.33327643801,-0.181683773504,-1.51290839322,-2.12273006698e-05,-0.00179709069141,0.547958302721,-1.409622806,-1.88810082957e-06,0.000472025207406,0.54793707542,0.542667060508,-1.39087187597,-1.4114198967,0.534371659847,-1.38843160159,-0.013565415573,0.0229882951077,-1.88526583005,-1.51290839322,-1.51290839322,0.545445972109,-1.38797017191,-0.00246292011129,0.0327567287736,-0.00246292011129,0.0327567287736,-0.00205181829945,4,0
2670,5.34,1,-0.345227837563,0,1.38104653358,0,0,1.38104653358,0,1.38104653358,0,-0.325204828942,1.11862839299,-0.345227824588,1.11316938803,0.0200229956459,0.00545900496057,-0.950721987457,2.3278331353,1.38104650598,-4.03809474051e-05,-0.00345078676609,-0.345131526509,1.13572243703,4.40425337922e-07,-0.000110106334485,-0.345171907456,-0.322966820861,1.11933435939,1.13227165026,-0.333081043536,1.11830021738,0.01209086392,-0.0139714328832,2.91732911031,1.38104650598,1.38104650598,-0.325204828942,1.11862839299,0.0200229956459,0.00545900496057,0.0200229956459,0.00545900496057,-0.00393535813495,4,0
2670,5.34,2,0.53359401226,0,-1.27775478363,0,0,-1.27775478363,0,-1.27775478363,0,0.5315060344,-1.39828549205,0.533594018668,-1.4349398613,-0.00208798426801,0.0366543692545,-1.19738530888,-0.0814940860986,-1.27775474156,-1.28866483771e-05,-0.000970013636343,0.53361642896,-1.43135685106,-5.5053162562e-07,0.000137632906404,0.533603542312,0.528708524298,-1.39916794997,-1.43232686469,0.521554472622,-1.39870014045,-0.0120490696896,0.03362672424,-0.596443450623,-1.27775474156,-1.27775474156,0.5315060344,-1.39828549205,-0.00208798426801,0.0366543692545,-0.00208798426801,0.0366543692545,-0.00112465341687,4,0
2675,5.35,1,-0.33409923315,0,1.29237401485,0,0,1.29237401485,0,1.29237401485,0,-0.31400730981,1.12015437945,-0.334099235117,1.11174669751,0.0200919253067,0.00840768193996,-1.02725612602,2.31395850254,1.29237403085,-5.88240522889e-05,-0.00496576569878,-0.333963127547,1.14267984758,9.92994521054e-08,-2.48248630226e-05,-0.334021951599,-0.311766923094,1.12026783245,1.13771408188,-0.322505759488,1.11980027738,0.0115161921111,-0.0179138044973,2.64902766231,1.29237403085,1.29237403085,-0.31400730981,1.12015437945,0.0200919253067,0.00840768193996,0.0200919253067,0.00840768193996,-0.00567165432625,4,0
2675,5.35,2,0.519273281097,0,-1.22429358959,0,0,-1.22429358959,0,-1.22429358959,0,0.517509135479,-1.40019297492,0.519273306355,-1.42885788618,-0.001764170876,0.0286649112605,-1.18483719622,-0.0384909408589,-1.22429362733,9.33753492087e-06,0.000853439831506,0.519247897058,-1.43530260533,-1.24124304501e-07,3.10310761156e-05,0.519257234593,0.514708652083,-1.40033479115,-1.4344491655,0.507644572402,-1.40060399838,-0.011612662191,0.033845167118,-0.108568008799,-1.22429362733,-1.22429362733,0.517509135479,-1.40019297492,-0.001764170876,0.0286649112605,-0.001764170876,0.0286649112605,0.000965490250556,4,0
2680,5.36,1,-0.322965472937,0,1.56660175323,0,0,1.56660175323,0,1.56660175323,0,-0.302799238267,1.1217437701,-0.322965460608,1.11586099578,0.0201662223419,0.00588277431413,-0.761618570616,2.32257589921,1.5666017692,-5.97797225869e-05,-0.00492708393808,-0.322834018662,1.14442511703,1.95498324029e-07,-4.88745810017e-05,-0.322893798385,-0.300555423681,1.12205391634,1.13949803309,-0.309088104513,1.121481734,0.0138056938721,-0.0180162990904,2.74546250461,1.5666017692,1.5666017692,-0.302799238267,1.1217437701,0.0201662223419,0.00588277431413,0.0201662223419,0.00588277431413,-0.00564444060912,4,0
2680,5.36,2,0.504991829395,0,-1.31061267853,0,0,-1.31061267853,0,-1.31061267853,0,0.503499046044,-1.40217971296,0.504991831751,-1.4294602562,-0.00149278570703,0.0272805432384,-1.2787679956,-0.0310275640934,-1.31061261994,9.3463403734e-06,0.000704904161726,0.504974988065,-1.43232602496,-2.44372836522e-07,6.10932091285e-05,0.504984334405,0.500694277812,-1.40256739566,-1.4316211208,0.492854317677,-1.40262324331,-0.0121300167284,0.0289978774936,-0.200436488008,-1.31061261994,-1.31061261994,0.503499046044,-1.40217971296,-0.00149278570703,0.0272805432384,-0.00149278570703,0.0272805432384,0.000817060246207,4,0
2685,5.37,1,-0.311769366264,0,1.36390352249,0,0,1.36390352249,0,1.36390352249,0,-0.291578197693,1.12177003837,-0.311769372381,1.12128323998,0.0201911746879,0.000486798387062,-0.949747876664,2.30867135407,1.36390352723,-5.22871627118e-05,-0.00435260386978,-0.311651898245,1.14741207658,-4.02360073593e-07,0.000100590018402,-0.311704185408,-0.289335188914,1.12120261932,1.14305947271,-0.29943761809,1.12144256252,0.012266567318,-0.0216169101879,2.36436174835,1.36390352723,1.36390352723,-0.291578197693,1.12177003837,0.0201911746879,0.000486798387062,0.0201911746879,0.000486798387062,-0.00498004982232,4,0
2685,5.37,2,0.490678578615,0,-1.23129916191,0,0,-1.23129916191,0,-1.23129916191,0,0.489472745327,-1.40221254771,0.490678590056,-1.43142309047,-0.00120584472947,0.0292105427611,-1.23002751941,-0.00137577796565,-1.23129918189,-1.00016067164e-06,-9.21135543587e-05,0.490681246903,-1.43082531253,5.02950182169e-07,-0.000125737545544,0.490680246743,0.486668984354,-1.40150327376,-1.43091742609,0.479241146819,-1.40263886431,-0.0114390999231,0.0282785617767,0.379041836454,-1.23129918189,-1.23129918189,0.489472745327,-1.40221254771,-0.00120584472947,0.0292105427611,-0.00120584472947,0.0292105427611,-0.000104115482418,4,0
2690,5.38,1,-0.300567626953,0,1.11264765263,0,0,1.11264765263,0,1.11264765263,0,-0.280380870568,1.11685224914,-0.300567625948,1.11826837028,0.0201867553799,-0.00141612113605,-1.17886220972,2.28615579866,1.11264760799,-5.58053940788e-05,-0.0046843543137,-0.30043998442,1.14706350564,-1.0308232346e-06,0.000257705808649,-0.300495789815,-0.278148667963,1.11532818503,1.14237915133,-0.290143157076,1.1164454872,0.0103526327385,-0.0259336641257,1.93860487484,1.11264760799,1.11264760799,-0.280380870568,1.11685224914,0.0201867553799,-0.00141612113605,0.0201867553799,-0.00141612113605,-0.00535401904264,4,0
2690,5.38,2,0.476412147284,0,-1.1355175972,0,0,-1.1355175972,0,-1.1355175972,0,0.475476086426,-1.39606531051,0.476412133061,-1.42189201568,-0.000936046634482,0.0258267051773,-1.1638216073,0.0286181215298,-1.13551755131,2.86964624581e-06,0.000279629784474,0.476403204797,-1.42438827702,1.28852912401e-06,-0.000322132281001,0.476406074444,0.472685833172,-1.39416023024,-1.42410864723,0.46579176887,-1.39646882374,-0.0106143055732,0.0276398234962,0.999478802429,-1.13551755131,-1.13551755131,0.475476086426,-1.39606531051,-0.000936046634482,0.0258267051773,-0.000936046634482,0.0258267051773,0.000314065539424,4,0
2695,5.39,1,-0.289428681135,0,1.24778163433,0,0,1.24778163433,0,1.24778163433,0,-0.26925286925,1.10858536108,-0.289428669311,1.11132952143,0.0201758000609,-0.00274416035314,-1.03134848302,2.27334140098,1.24778162188,-6.07597831406e-05,-0.00505958651939,-0.289292545508,1.14138713238,-1.02643865207e-06,0.000256609663013,-0.289353305291,-0.26703728809,1.1070207509,1.13632754586,-0.277784389076,1.10822988109,0.0115689162147,-0.0280976647766,1.90341955434,1.24778162188,1.24778162188,-0.26925286925,1.10858536108,0.0201758000609,-0.00274416035314,0.0201758000609,-0.00274416035314,-0.00578870391707,4,0
2695,5.39,2,0.462284445763,0,-1.17480993271,0,0,-1.17480993271,0,-1.17480993271,0,0.461566084791,-1.38573169991,0.462284458361,-1.40715471273,-0.000718373569825,0.0214230128272,-1.21152407321,0.0375234817804,-1.17480988108,8.56854751008e-06,0.000706467084476,0.462266111358,-1.4109491461,1.28304836133e-06,-0.000320762090331,0.462274679906,0.458796608344,-1.3837759371,-1.41024267902,0.451480815915,-1.38615191944,-0.0107938639913,0.0240907595754,1.04911133573,-1.17480988108,-1.17480988108,0.461566084791,-1.38573169991,-0.000718373569825,0.0214230128272,-0.000718373569825,0.0214230128272,0.000809289654597,4,0
2700,5.4,1,-0.278297007084,0,1.94750213623,0,0,1.94750213623,0,1.94750213623,0,-0.258198977045,1.10354022666,-0.278297017513,1.11773706457,0.0200980404688,-0.014196837916,-0.307177019328,2.25011440634,1.94750213521,-4.91902702516e-05,-0.00397446495975,-0.27819485233,1.13857338369,-2.36166987522e-07,5.90417468846e-05,-0.2782440426,-0.255992073611,1.10327459138,1.13459891873,-0.260716375487,1.10343533505,0.0175276671131,-0.0311635836725,2.42596520293,1.94750213521,1.94750213521,-0.258198977045,1.10354022666,0.0200980404688,-0.014196837916,0.0200980404688,-0.014196837916,-0.00456474820277,4,0
2700,5.4,2,0.448223412037,0,-1.38645148277,0,0,-1.38645148277,0,-1.38645148277,0,0.44774871955,-1.37942528167,0.448223410386,-1.40971161582,-0.00047469083603,0.0302863341553,-1.44152555475,0.054259835184,-1.3864514469,-6.83940724018e-06,-0.000732199780018,0.448249865736,-1.40140841162,2.9520874506e-07,-7.38021862585e-05,0.448243026329,0.444990090262,-1.37909323756,-1.4021406114,0.435763599699,-1.37992466166,-0.0124794266299,0.022215949738,0.430926417261,-1.3864514469,-1.3864514469,0.44774871955,-1.37942528167,-0.00047469083603,0.0302863341553,-0.00047469083603,0.0302863341553,-0.000814272666901,4,0
2705,5.41,1,-0.267058253288,0,0.956544756889,0,0,0.956544756889,0,0.956544756889,0,-0.247185618652,1.09696111971,-0.267058248281,1.12358171778,0.0198726296292,-0.0266205980655,-1.21333597316,2.16664947841,0.956544778587,-3.31221632944e-05,-0.00283380737954,-0.266979140122,1.14230447863,-1.93902201057e-06,0.000484755502645,-0.267012262285,-0.244994448053,1.09413103294,1.13947067125,-0.257252347524,1.09654167268,0.00975991476195,-0.0429289985696,1.25768343638,0.956544778587,0.956544778587,-0.247185618652,1.09696111971,0.0198726296292,-0.0266205980655,0.0198726296292,-0.0266205980655,-0.00323127333907,4,0
2705,5.41,2,0.434087306261,0,-1.02525830269,0,0,-1.02525830269,0,-1.02525830269,0,0.433982021576,-1.37120139773,0.434087315494,-1.4102812163,-0.000105293918342,0.0390798185704,-1.16278341819,0.1349788426,-1.02525833681,-2.7701540269e-05,-0.00221382029834,0.434143771008,-1.39920049537,2.42377758003e-06,-0.000605944395004,0.434116069468,0.431243058331,-1.36766378917,-1.40141431567,0.424330135162,-1.37160355967,-0.00978593430671,0.0298107559991,2.13390085089,-1.02525833681,-1.02525833681,0.433982021576,-1.37120139773,-0.000105293918342,0.0390798185704,-0.000105293918342,0.0390798185704,-0.00254623878157,4,0
2710,5.42,1,-0.25594419241,0,0.24684406817,0,0,0.24684406817,0,0.24684406817,0,-0.236299439018,1.07859470607,-0.255944203834,1.10016502129,0.0196447648157,-0.0215703152188,-1.8591343921,2.10028461827,0.246844069826,-5.82430881478e-05,-0.00499492659697,-0.255804282844,1.13304679496,-3.18675674285e-06,0.000796689185714,-0.255862525933,-0.234146940388,1.07385924751,1.12805186837,-0.251718008572,1.07795226567,0.00414451736079,-0.0500996026938,0.386560225483,0.246844069826,0.246844069826,-0.236299439018,1.07859470607,0.0196447648157,-0.0215703152188,0.0196447648157,-0.0215703152188,-0.00569384365474,4,0
2710,5.42,2,0.420191198587,0,-0.780656993389,0,0,-0.780656993389,0,-0.780656993389,0,0.420374297056,-1.34824338011,0.420191213419,-1.37177292055,0.000183083636626,0.0235295404449,-0.953793959286,0.173733373204,-0.780657008667,4.3706265119e-06,0.000543975066261,0.420170096204,-1.3787381044,3.9834460151e-06,-0.00099586150377,0.42017446683,0.417683673773,-1.34232405678,-1.37819412933,0.412434827675,-1.34857419133,-0.00773963915568,0.029619938003,3.27730246303,-0.780657008667,-0.780657008667,0.420374297056,-1.34824338011,0.000183083636626,0.0235295404449,0.000183083636626,0.0235295404449,0.000596422584404,4,0
2715,5.43,1,-0.24516184628,0,0.164100363851,0,0,0.164100363851,0,0.164100363851,0,-0.225637704092,1.05315242751,-0.245161850675,1.06329673735,0.0195241465827,-0.0101443098363,-1.94492669932,2.10108827022,0.164100366762,-8.26778762945e-05,-0.00694666134425,-0.244972556063,1.10590215114,-3.50735678228e-06,0.000876839195569,-0.245055233939,-0.22353668566,1.04787869849,1.0989554898,-0.24175129497,1.05248102789,0.00330393896903,-0.0464744619043,0.162076931386,0.164100366762,0.164100366762,-0.225637704092,1.05315242751,0.0195241465827,-0.0101443098363,0.0195241465827,-0.0101443098363,-0.00793879585979,4,0
2715,5.43,2,0.406800359488,0,-0.79495882988,0,0,-0.79495882988,0,-0.79495882988,0,0.407047128426,-1.31644053127,0.406800355942,-1.31724948707,0.000246772484233,0.000808955793981,-0.912117933387,0.120598950113,-0.794958841213,3.53357175478e-05,0.00301582932836,0.406716766743,-1.33649552745,4.38419605409e-06,-0.00109604901352,0.406752102461,0.404420855392,-1.30984836988,-1.33347969812,0.399430703126,-1.31675788233,-0.007321399335,0.0167218157974,3.28999335691,-0.794958841213,-0.794958841213,0.407047128426,-1.31644053127,0.000246772484233,0.000808955793981,0.000246772484233,0.000808955793981,0.00343985793894,4,0
2720,5.44,1,-0.234703958035,0,0.927576959133,0,0,0.927576959133,0,0.927576959133,0,-0.215232864863,1.02888583384,-0.234703952795,1.03746493932,0.0194710879316,-0.00857910547778,-1.16649515244,2.13164567741,0.927576969178,-8.01861021878e-05,-0.00657572184405,-0.234530982774,1.07421171651,-2.42880772663e-06,0.000607201931659,-0.234611168876,-0.213178923737,1.02514895728,1.06763599466,-0.224874103247,1.02848411558,0.00973706562881,-0.0391518790848,0.787373686467,0.927576969178,0.972688480033,-0.215232864863,1.02888583384,0.0194710879316,-0.00857910547778,0.0194710879316,-0.00857910547778,-0.00753795507031,4,0
2720,5.44,2,0.393878668547,0,-1.10410833359,0,0,-1.10410833359,0,-1.10410833359,0,0.394041079425,-1.2861072887,0.393878663287,-1.28020411261,0.000162416137934,-0.00590317608782,-1.14011895506,0.0389050975497,-1.10410838666,3.18077236868e-05,0.00251283646825,0.393816734242,-1.29178024565,3.03600970103e-06,-0.000759002425257,0.393848541965,0.391473653024,-1.28143619293,-1.28926740918,0.38453247505,-1.28650348054,-0.00931606691549,0.00276392863914,2.11619829313,-1.10410838666,-1.10410838666,0.394041079425,-1.2861072887,0.000162416137934,-0.00590317608782,0.000162416137934,-0.00590317608782,0.0028945291525,4,0
2725,5.45,1,-0.224317207932,0,1.92757701874,0,0,1.92757701874,0,1.92757701874,0,-0.205017156285,1.01758658288,-0.224317200921,1.04438751366,0.0193000446359,-0.0268009307839,0.312259693282,2.12407434063,1.92757696918,-4.16082580785e-05,-0.00322498272777,-0.224239505191,1.05833166944,-5.56794186174e-07,0.000139198546544,-0.22428111345,-0.202982403993,1.01695855017,1.05510668671,-0.202388520097,1.01769610939,0.021892593353,-0.0374105773231,1.63100890394,1.92757696918,2.44005831574,-0.205017156285,1.01758658288,0.0193000446359,-0.0268009307839,0.0193000446359,-0.0268009307839,-0.00372428182471,4,0
2725,5.45,2,0.381056070328,0,-1.55844342709,0,0,-1.55844342709,0,-1.55844342709,0,0.381271443738,-1.2719832248,0.381056066619,-1.29131003928,0.000215377119384,0.0193268144777,-1.59793454169,0.0374717590266,-1.55844341969,-1.79133743552e-05,-0.00180440248196,0.381116846352,-1.27353291586,6.95992742494e-07,-0.000173998185626,0.381098932977,0.378728003381,-1.2711981839,-1.27533731834,0.367995199617,-1.27253640164,-0.01310373336,0.00280091670227,0.479988600644,-1.55844341969,-1.55844341969,0.381271443738,-1.2719832248,0.000215377119384,0.0193268144777,0.000215377119384,0.0193268144777,-0.00201936297422,4,0
2730,5.46,1,-0.213760241866,0,1.15188932419,0,0,1.15188932419,0,1.15188932419,0,-0.194890520854,1.00325236784,-0.213760234579,1.05830649856,0.0188697137247,-0.0550541307222,-1.70936912155,1.96486596584,1.15188932387,-6.22459086814e-06,-0.000581569852535,-0.213742291307,1.06345262556,-3.95170646103e-06,0.000987926615258,-0.213748515898,-0.192889673549,0.997459872811,1.06287105571,-0.209105116542,1.00266009302,0.00464339935559,-0.0602109626879,0.684454950837,1.15188932387,0.256153109231,-0.194890520854,1.00325236784,0.0188697137247,-0.0550541307222,0.0188697137247,-0.0550541307222,-0.000656264942952,4,0
2730,5.46,2,0.368019491434,0,-0.771688997746,0,0,-0.771688997746,0,-0.771688997746,0,0.368613149489,-1.25406545576,0.36801950361,-1.30242875826,0.000593645879147,0.0483633024921,-0.963766671532,0.186154272991,-0.771688989211,-6.30303771553e-05,-0.00516704480382,0.368155988656,-1.2736446765,4.93963313714e-06,-0.00123490828428,0.368092958279,0.366112090366,-1.24682483689,-1.2788117213,0.360644955974,-1.25439746383,-0.00744800230481,0.0244142574732,3.87923832238,-0.771688989211,-0.771688989211,0.368613149489,-1.25406545576,0.000593645879147,0.0483633024921,0.000593645879147,0.0483633024921,-0.00592340932968,4,0
2735,5.47,1,-0.203293278813,0,0.151889324188,0,0,0.151889324188,0,0.151889324188,0,-0.185023220863,0.967647301595,-0.203293286156,1.03434738734,0.0182700652922,-0.066700085745,-2.77285996507,1.74792557493,0.151889323873,-3.70241372406e-05,-0.00328892633944,-0.203197003736,1.05841048118,-5.77091776591e-06,0.00144272944147,-0.203234027873,-0.183096481787,0.959041349811,1.05512155484,-0.208059283941,0.966687465633,-0.00482525606771,-0.0884340892065,-0.469619747408,0.151889323873,-1.02120117416,-0.185023220863,0.967647301595,0.0182700652922,-0.066700085745,0.0182700652922,-0.066700085745,-0.00373321598633,4,0
2735,5.47,2,0.355270892382,0,-0.298444718122,0,0,-0.298444718122,0,-0.298444718122,0,0.356279024544,-1.20955912244,0.35527087833,-1.24961255965,0.00100814621361,0.0400534372134,-0.607416884507,0.307069255104,-0.29844471297,-2.27216774523e-05,-0.00163025630371,0.355305221535,-1.2454261247,7.21364728479e-06,-0.0018034118212,0.355282499858,0.353870600707,-1.19880168259,-1.247056381,0.351241819956,-1.20976900596,-0.00404067990139,0.0372873750394,5.88043895127,-0.29844471297,-0.29844471297,0.356279024544,-1.20955912244,0.00100814621361,0.0400534372134,0.00100814621361,0.0400534372134,-0.00190291643313,4,0
2740,5.48,1,-0.193248614669,0,-0.848110675812,0,0,-0.848110675812,0,-0.848110675812,0,-0.175566994153,0.92327916564,-0.193248620562,0.981453925903,0.0176816264087,-0.0581747602626,-2.71052220315,1.63135187766,-0.848110676127,-7.93916181708e-05,-0.00677995048412,-0.193059549296,1.02551546286,-5.76351020415e-06,0.00144087755104,-0.193138940914,-0.173729174609,0.914587139504,1.01873551238,-0.198051205341,0.922342323507,-0.00491226442703,-0.0963931888693,-1.58859257255,-0.848110676127,-1.07143767559,-0.175566994153,0.92327916564,0.0176816264087,-0.0581747602626,0.0176816264087,-0.0581747602626,-0.00773264990217,4,0
2740,5.48,2,0.34328430891,0,-0.31313765049,0,0,-0.31313765049,0,-0.31313765049,0,0.344458741204,-1.15409895193,0.343284301314,-1.16247642561,0.00117443989052,0.00837747367461,-0.592680186405,0.28279718402,-0.313137662544,3.19251345071e-05,0.00287155854556,0.343199021519,-1.18406287806,7.20438782198e-06,-0.0018010969555,0.343230946653,0.342161466784,-1.14323391916,-1.18119131951,0.339501224283,-1.15430551514,-0.00372972237019,0.0268858043757,5.78038024007,-0.313137662544,-0.313137662544,0.344458741204,-1.15409895193,0.00117443989052,0.00837747367461,0.00117443989052,0.00837747367461,0.00325466015965,4,0
2745,5.49,1,-0.183792293072,0,-0.111790090799,0,0,-0.111790090799,0,-0.111790090799,0,-0.166539091329,0.884537625689,-0.183792300035,0.926016943506,0.0172532087058,-0.0414793178175,-1.3506345354,1.65697925986,-0.11179008775,-9.88766326654e-05,-0.00815237437393,-0.183575885525,0.972550247992,-3.67856587918e-06,0.000919641469798,-0.183674762158,-0.164775846911,0.878863284451,0.964397873618,-0.17769718332,0.884072705189,0.00597757883806,-0.0803251684287,-0.952180204123,-0.11179008775,0.315683618423,-0.166539091329,0.884537625689,0.0172532087058,-0.0414793178175,0.0172532087058,-0.0414793178175,-0.00933889396591,4,0
2745,5.49,2,0.332146137953,0,-0.846292316914,0,0,-0.846292316914,0,-0.846292316914,0,0.333173862727,-1.10567202656,0.332146146824,-1.08853409246,0.00102771590317,-0.0171379341086,-0.986483298082,0.145505771943,-0.846292306149,5.69492156062e-05,0.00463138942282,0.332025919112,-1.1132207048,4.59820738546e-06,-0.00114955184637,0.332082868328,0.330969807216,-1.09857909996,-1.10858931537,0.324923202806,-1.10601580406,-0.00715966552258,0.00257351131219,3.56383379635,-0.846292306149,-0.846292306149,0.333173862727,-1.10567202656,0.00102771590317,-0.0171379341086,0.00102771590317,-0.0171379341086,0.0053147800101,4,0
2750,5.5,1,-0.174656078219,0,0.888209939003,0,0,0.888209939003,0,0.888209939003,0,-0.157803456918,0.867694231681,-0.174656072929,0.911352771551,0.0168526160108,-0.0436585398699,0.789280918833,1.71854012964,0.88820991225,-5.72455529492e-05,-0.00447696896569,-0.174546494449,0.931669968744,-8.42435958326e-07,0.000210608989578,-0.174603740002,-0.156068706738,0.866743263141,0.927192999779,-0.151194557082,0.867969602507,0.0234091829203,-0.0592233972712,-0.0642373279415,0.88820991225,2.51298496408,-0.157803456918,0.867694231681,0.0168526160108,-0.0436585398699,0.0168526160108,-0.0436585398699,-0.00516391560108,4,0
2750,5.5,2,0.32134744525,0,-1.57981204987,0,0,-1.57981204987,0,-1.57981204987,0,0.32225431977,-1.08461778389,0.321347454584,-1.08506334166,0.000906865185622,0.000445557765495,-1.64321368439,0.0633159041669,-1.57981205401,3.06826038857e-06,-0.00012254533644,0.321365324121,-1.07589616206,1.05304495623e-06,-0.000263261239059,0.321368392381,0.320085882056,-1.08342907321,-1.07601870739,0.308585317691,-1.08518732565,-0.0127830746895,-0.00916861825371,0.698063612916,-1.57981205401,-1.57981205401,0.32225431977,-1.08461778389,0.000906865185622,0.000445557765495,0.000906865185622,0.000445557765495,-8.57262117767e-05,4,0
2755,5.51,1,-0.165511533618,0,0.506406784058,0,0,0.506406784058,0,0.506406784058,0,-0.149199838198,0.846505579988,-0.165511528958,0.912795660834,0.0163116907602,-0.0662900808462,-2.22125228016,1.60014475211,0.506406806038,-9.31378259941e-06,-0.000783889402638,-0.16548934051,0.918432105252,-5.71609066116e-06,0.00142902266529,-0.165498654293,-0.147515034781,0.838114640473,0.917648215849,-0.167670742533,0.845735958974,-0.00217208824066,-0.0719122568749,-0.579165023336,0.506406806038,-0.620211873254,-0.149199838198,0.846505579988,0.0163116907602,-0.0662900808462,0.0163116907602,-0.0662900808462,-0.000895654793831,4,0
2755,5.51,2,0.310390770435,0,-0.579812049866,0,0,-0.579812049866,0,-0.579812049866,0,0.311499796427,-1.05813196908,0.310390764492,-1.09290262217,0.0011090319355,0.034770653096,-0.69336734772,0.184823457642,-0.579812054014,-5.80600401955e-05,-0.00482044955884,0.310519316348,-1.06535124816,7.14511337752e-06,-0.00178627834438,0.310461256307,0.309393792168,-1.04764329461,-1.07017169772,0.305777645903,-1.05837039202,-0.00468361040473,0.011801305706,4.87230808437,-0.579812054014,-0.503026720038,0.311499796427,-1.05813196908,0.0011090319355,0.034770653096,0.0011090319355,0.034770653096,-0.00551717004118,4,0
2760,5.52,1,-0.1565823704,0,-0.49359318614,0,0,-0.49359318614,0,-0.49359318614,0,-0.140971416597,0.795899058402,-0.156582373818,0.874464438866,0.015610957221,-0.0785653804644,-3.63602015048,1.36071800148,-0.493593193962,-3.93706704404e-05,-0.00351566027598,-0.156479160843,0.900401876382,-7.99247080174e-06,0.00199811770044,-0.156518531514,-0.139391501177,0.783963356991,0.896886216106,-0.171185894591,0.794640121819,-0.014667363077,-0.102246094287,-1.69600365855,-0.493593193962,-2.27131404067,-0.140971416597,0.795899058402,0.015610957221,-0.0785653804644,0.015610957221,-0.0785653804644,-0.00398810832126,4,0
2760,5.52,2,0.299832046032,0,0.0945470407605,0,0,0.0945470407605,0,0.0945470407605,0,0.301214269488,-0.994873816663,0.299832031315,-1.02227314779,0.00138223817281,0.0273993311293,-0.211990433622,0.305160492292,0.0945470377859,-1.7676793438e-05,-0.00116485759462,0.299852599055,-1.02163672409,9.9905885656e-06,-0.0024976471414,0.299834922261,0.299239375226,-0.979954189805,-1.02280158168,0.299462199156,-0.994946819594,-0.000372723105382,0.0278547620863,7.57328606132,0.0945470377859,0.0945470377859,0.301214269488,-0.994873816663,0.00138223817281,0.0273993311293,0.00138223817281,0.0273993311293,-0.00137697911587,4,0
2765,5.53,1,-0.148228913546,0,-1.49359321594,0,0,-1.49359321594,0,-1.49359321594,0,-0.133314867604,0.735392878206,-0.148228913862,0.806377532807,0.014914046258,-0.0709846546004,-3.42981504297,1.22136026883,-1.49359319396,-8.55196595306e-05,-0.00729369285253,-0.14802592274,0.853532312373,-7.6575210832e-06,0.0019143802708,-0.148111442399,-0.131855723909,0.723828706923,0.846238619521,-0.161777911882,0.734206918028,-0.0136664694826,-0.112031701493,-2.77398864632,-1.49359319396,-2.20013484538,-0.133314867604,0.735392878206,0.014914046258,-0.0709846546004,0.014914046258,-0.0709846546004,-0.0083199287669,4,0
2765,5.53,2,0.290250867605,0,0.0341939143836,0,0,0.0341939143836,0,0.0341939143836,0,0.291643583313,-0.91924109096,0.290250880542,-0.913646711684,0.00139270277077,-0.00559437927536,-0.225110262202,0.263587211635,0.0341939161289,4.2645583113e-05,0.00377128630612,0.290141155111,-0.940695036736,9.57190140727e-06,-0.00239297535182,0.290183800694,0.289819653707,-0.904785876775,-0.93692375043,0.289735285534,-0.919320603367,-0.000448515159876,0.0176031470628,7.16506498316,0.0341939161289,0.0341939161289,0.291643583313,-0.91924109096,0.00139270277077,-0.00559437927536,0.00139270277077,-0.00559437927536,0.00428303330347,4,0
2770,5.54,1,-0.14062461257,0,-1.06017279625,0,0,-1.06017279625,0,-1.06017279625,0,-0.126231157521,0.68461066541,-0.140624610962,0.733320165517,0.0143934534414,-0.0487095001068,-1.57419852986,1.25848762761,-1.06017277893,-0.000106962145827,-0.00884725044916,-0.140389342906,0.784123931086,-4.69718620874e-06,0.00117429655219,-0.140496305052,-0.124869400943,0.677355399224,0.775276680637,-0.139242466224,0.684068527547,0.0012538388283,-0.0912081530898,-2.39299750001,-1.06017277893,-0.305580106054,-0.126231157521,0.68461066541,0.0143934534414,-0.0487095001068,0.0143934534414,-0.0487095001068,-0.0101307961991,4,0
2770,5.54,2,0.281709551811,0,-0.664903640747,0,0,-0.664903640747,0,-0.664903640747,0,0.282788945778,-0.855763324628,0.281709562276,-0.822223914627,0.00107938350234,-0.0335394100002,-0.760009887658,0.101753503836,-0.664903655783,7.06316857507e-05,0.00579969173156,0.281557657416,-0.854057956892,5.87148278897e-06,-0.00146787069724,0.281628289102,0.281086750071,-0.846694241852,-0.84825826516,0.276411208575,-0.856029063678,-0.00521708052664,-0.00777079851731,4.17196250528,-0.664903655783,-0.664903655783,0.282788945778,-0.855763324628,0.00107938350234,-0.0335394100002,0.00107938350234,-0.0335394100002,0.00664727196057,4,0
2775,5.55,1,-0.133511975408,0,-0.0601727776229,0,0,-0.0601727776229,0,-0.0601727776229,0,-0.119524489315,0.663281460749,-0.133511980295,0.702915393924,0.0139874909796,-0.0396339331758,1.09219941762,1.38386281864,-0.0601727789322,-6.32758734684e-05,-0.00495844601671,-0.133390011712,0.725758501536,-1.07514438055e-06,0.000268786095139,-0.133453287586,-0.11819874198,0.662067309229,0.720800055519,-0.11039103622,0.663662021294,0.0230622513657,-0.057138034225,-1.45558766458,-0.0601727789322,2.48177999276,-0.119524489315,0.663281460749,0.0139874909796,-0.0396339331758,0.0139874909796,-0.0396339331758,-0.00571775649833,4,0
2775,5.55,2,0.273621737957,0,-1.59443926811,0,0,-1.59443926811,0,-1.59443926811,0,0.274405610593,-0.829101818678,0.273621746421,-0.811790307737,0.000783864172519,-0.0173115109409,-1.57446787085,-0.0190400144368,-1.59443928734,1.40301958906e-05,0.000763039698634,0.273616514173,-0.807455266104,1.34393048212e-06,-0.000335982620525,0.273630544369,0.272748426439,-0.827584129272,-0.806692226405,0.261300036053,-0.829647884284,-0.0123305083162,-0.022955657879,0.435537736382,-1.59443928734,-1.59443928734,0.274405610593,-0.829101818678,0.000783864172519,-0.0173115109409,0.000783864172519,-0.0173115109409,0.00093140204932,4,0
2780,5.56,1,-0.126514196396,0,-0.260172784328,0,0,-0.260172784328,0,-0.260172784328,0,-0.112984484311,0.636569733317,-0.126514202179,0.694891951883,0.0135297178679,-0.0583222185659,-2.71823985256,1.31552337041,-0.260172778932,-7.51482223404e-06,-0.000585857432796,-0.12649864346,0.698571091986,-7.12131186273e-06,0.00178032796568,-0.126506158283,-0.111721587177,0.626107582904,0.697985234553,-0.135591600988,0.635627770122,-0.00908544270582,-0.0623574644311,-1.74205379314,-0.260172778932,-1.40204044685,-0.112984484311,0.636569733317,0.0135297178679,-0.0583222185659,0.0135297178679,-0.0583222185659,-0.000676035299605,4,0
2780,5.56,2,0.265368312597,0,-0.594439268112,0,0,-0.594439268112,0,-0.594439268112,0,0.266230604411,-0.795712159238,0.265368301614,-0.825223261048,0.000862302797319,0.0295111018102,-0.368734401999,0.124005699831,-0.594439287335,-5.726729285e-05,-0.00481526178425,0.265498305518,-0.796748448947,8.9016398665e-06,-0.00222540996662,0.265441038225,0.264651983009,-0.782634471166,-0.801563710732,0.263208917623,-0.795838062854,-0.00223212060215,0.00572564787768,4.56159557172,-0.594439287335,-0.23922623287,0.266230604411,-0.795712159238,0.000862302797319,0.0295111018102,0.000862302797319,0.0295111018102,-0.00550246929845,4,0
2785,5.57,1,-0.119813218713,0,-1.26017272472,0,0,-1.26017272472,0,-1.26017272472,0,-0.106911963092,0.574141550258,-0.119813221161,0.647718963847,0.0129012580687,-0.0735774135892,-4.39549409845,1.07144014945,-1.26017277893,-3.28668259006e-05,-0.00298644159684,-0.119723250456,0.67109966253,-9.71182750284e-06,0.00242795687571,-0.119756117282,-0.105778143224,0.559626063237,0.668113220933,-0.143449473705,0.572619153982,-0.0236933564229,-0.0954940669508,-2.81428864337,-1.26017277893,-3.3206731055,-0.106911963092,0.574141550258,0.0129012580687,-0.0735774135892,0.0129012580687,-0.0735774135892,-0.00338084350764,4,0
2785,5.57,2,0.25745767355,0,0.405560702085,0,0,0.405560702085,0,0.405560702085,0,0.258639952963,-0.717676930096,0.25745766802,-0.757185239163,0.00118228494338,0.0395083090665,0.207277723737,0.336236046365,0.405560712665,-2.24181496026e-05,-0.00154013839805,0.257486883797,-0.755172305389,1.21397844241e-05,-0.00303494610603,0.257464465647,0.257222678144,-0.699532571251,-0.756712443787,0.260379323888,-0.717604456307,0.0029148582408,0.0391079874798,8.52474365798,0.405560712665,0.545322926295,0.258639952963,-0.717676930096,0.00118228494338,0.0395083090665,0.00118228494338,0.0395083090665,-0.00180915619328,4,0
2790,5.58,1,-0.113823965192,0,-2.26017284393,0,0,-2.26017284393,0,-2.26017284393,0,-0.101536180949,0.501299151649,-0.113823966915,0.563262182049,0.012287785966,-0.0619630304003,-4.05842120618,0.934281644559,-2.26017277893,-9.06975667049e-05,-0.00777135603126,-0.113606613022,0.614081290119,-9.07038175021e-06,0.00226759543755,-0.113697310589,-0.100547396467,0.487589454631,0.606309934088,-0.135224040743,0.499895490824,-0.0215267301539,-0.106414443264,-3.8437603176,-2.26017277893,-3.11527983479,-0.101536180949,0.501299151649,0.012287785966,-0.0619630304003,0.012287785966,-0.0619630304003,-0.00885972683171,4,0
2790,5.58,2,0.250658154488,0,0.465269058943,0,0,0.465269058943,0,0.465269058943,0,0.251920225363,-0.626623931511,0.250658141254,-0.625813699713,0.00126208410898,-0.000810231798218,0.166944362654,0.303722364184,0.465269054239,5.36998773894e-05,0.00475327406944,0.250519967927,-0.659804297012,1.13379772241e-05,-0.00283449430602,0.250573667805,0.250684244777,-0.609486810183,-0.655051022942,0.253264114639,-0.626567936125,0.00269044683459,0.0284830868176,8.48193935231,0.465269054239,0.465269054239,0.251920225363,-0.626623931511,0.00126208410898,-0.000810231798218,0.00126208410898,-0.000810231798218,0.00539767259812,4,0
2795,5.59,1,-0.1087404266,0,-1.83246767521,0,0,-1.83246767521,0,-1.83246767521,0,-0.0968417591633,0.441667099201,-0.108740424344,0.475733696716,0.0118986651803,-0.0340665975145,-1.82365911681,1.01328807569,-1.83246764715,-0.000116134461325,-0.00960313643966,-0.10848510159,0.530840065806,-5.42066505377e-06,0.00135516626344,-0.108601236051,-0.0959670545994,0.433286783125,0.521236929366,-0.111921099477,0.441038793355,-0.00331986342572,-0.0801981360113,-3.41431275719,-1.83246764715,-0.799374291142,-0.0968417591633,0.441667099201,0.0118986651803,-0.0340665975145,0.0118986651803,-0.0340665975145,-0.0109967499756,4,0
2795,5.59,2,0.245108947158,0,-0.354198098183,0,0,-0.354198098183,0,-0.354198098183,0,0.246052198213,-0.552083865727,0.245108952669,-0.516854248226,0.000943245543648,-0.0352296175011,-0.475652520963,0.111099851073,-0.354198091034,8.68438252907e-05,0.00713839337644,0.24492141399,-0.556387659778,6.77583133504e-06,-0.00169395783376,0.245008257815,0.244958817525,-0.541608470603,-0.549249266401,0.242027243979,-0.552251572153,-0.00298101383675,-0.00300230575193,4.88380426588,-0.354198091034,-0.37273318917,0.246052198213,-0.552083865727,0.000943245543648,-0.0352296175011,0.000943245543648,-0.0352296175011,0.00818051927993,4,0
2800,5.6,1,-0.10427775234,0,-0.832467675209,0,0,-0.832467675209,0,-0.832467675209,0,-0.0925854617913,0.417192276259,-0.104277754452,0.433075055013,0.0116922926608,-0.015882778754,1.20173722438,1.21297688782,-0.832467647147,-7.00695470807e-05,-0.00551768110279,-0.104140958107,0.459128160496,-1.24029752778e-06,0.000310074381943,-0.104211027654,-0.0917520188822,0.415791231366,0.453610479393,-0.0825354452363,0.417611026949,0.0216755824174,-0.0359994524447,-2.4216190312,-0.832467647147,2.42107262787,-0.0925854617913,0.417192276259,0.0116922926608,-0.015882778754,0.0116922926608,-0.015882778754,-0.00635851566776,4,0
2800,5.6,2,0.240143105388,0,-1.35419809818,0,0,-1.35419809818,0,-1.35419809818,0,0.240731826581,-0.521490336972,0.240143103568,-0.495229184272,0.000588723013364,-0.0262611527001,-1.39689253277,-0.0600400146106,-1.35419809103,2.68321725947e-05,0.00181957045216,0.240109748342,-0.497015998914,1.55037191374e-06,-0.000387592978438,0.240136580515,0.239690022961,-0.519739030852,-0.495196428462,0.229093414746,-0.521975270799,-0.0110431657685,-0.0267788423374,0.75817688092,-1.35419809103,-1.45907410391,0.240731826581,-0.521490336972,0.000588723013364,-0.0262611527001,0.000588723013364,-0.0262611527001,0.0021415565233,4,0
2805,5.61,1,-0.100035317242,0,-0.874006509781,0,0,-0.874006509781,0,-0.874006509781,0,-0.0885200030702,0.386635869162,-0.100035320452,0.416409394239,0.0115153173817,-0.0297735250766,-3.16909432242,1.21378038995,-0.874006486884,-1.07033316827e-05,-0.000815099989618,-0.100014571989,0.420821425186,-8.07907484962e-06,0.0020197687124,-0.100025275321,-0.0877583646914,0.374759883239,0.420006325197,-0.114875503513,0.38553772331,-0.0148502281922,-0.0344686018867,-2.49578594178,-0.874006486884,-1.9543703925,-0.0885200030702,0.386635869162,0.0115153173817,-0.0297735250766,0.0115153173817,-0.0297735250766,-0.00094353996981,4,0
2805,5.61,2,0.235084533691,0,-0.354198098183,0,0,-0.354198098183,0,-0.354198098183,0,0.235650003264,-0.483294828008,0.235084528207,-0.504487925868,0.000565475056136,0.0211930978594,-0.0112751230287,0.0587295061761,-0.354198091034,-4.93825021072e-05,-0.00420598044479,0.235199378608,-0.478834577019,1.00988435847e-05,-0.00252471089617,0.235149996106,0.234697955307,-0.468449845571,-0.483040557464,0.23559612553,-0.483297072914,0.000446129423896,-0.000256515450004,4.79726648822,-0.354198091034,0.0522529536175,0.235650003264,-0.483294828008,0.000565475056136,0.0211930978594,0.000565475056136,0.0211930978594,-0.00479857047008,4,0
2810,5.62,1,-0.0961555019021,0,-1.87400650978,0,0,-1.87400650978,0,-1.87400650978,0,-0.0849849410743,0.316308616966,-0.0961555028611,0.36319872873,0.0111705617869,-0.0468901117637,-5.00332423353,1.00102328649,-1.87400648688,-3.15770379064e-05,-0.00287212401995,-0.0960689053635,0.385749075538,-1.08209543643e-05,0.00270523859109,-0.0961004824014,-0.0843684588312,0.300125405768,0.382876951518,-0.126580003966,0.314575489345,-0.0304795215642,-0.0683014621722,-3.5159062685,-1.87400648688,-3.99904989857,-0.0849849410743,0.316308616966,0.0111705617869,-0.0468901117637,0.0111705617869,-0.0468901117637,-0.00325104847482,4,0
2810,5.62,2,0.230393663049,0,0.645801901817,0,0,0.645801901817,0,0.645801901817,0,0.231231175854,-0.39538576258,0.230393656351,-0.434396972368,0.000837519503264,0.0390112097887,0.622926254096,0.296218922839,0.645801908966,-2.02147973845e-05,-0.00136424779118,0.230418455904,-0.433274865408,1.35261929802e-05,-0.00338154824505,0.230398241106,0.230460573067,-0.375156748545,-0.434639113199,0.236426598352,-0.395169286642,0.00602835724592,0.0394698265568,8.68711977137,0.645801908966,0.920752002295,0.231231175854,-0.39538576258,0.000837519503264,0.0390112097887,0.000837519503264,0.0390112097887,-0.00160682535979,4,0
2815,5.63,1,-0.093054227531,0,-2.87400650978,0,0,-2.87400650978,0,-2.87400650978,0,-0.0822277059435,0.235706955744,-0.0930542299356,0.271077721658,0.010826523992,-0.0353707659137,-4.55641457581,0.888599930535,-2.87400648688,-9.07200208237e-05,-0.00780678384765,-0.0928352772103,0.322552744388,-9.91331697332e-06,0.00247832924333,-0.0929259972312,-0.0817714096407,0.220713163675,0.314745960541,-0.120058021244,0.234130692607,-0.0271320240126,-0.080615267934,-4.49329172778,-2.87400648688,-3.65891922118,-0.0822277059435,0.235706955744,0.010826523992,-0.0353707659137,0.010826523992,-0.0353707659137,-0.00889542409754,4,0
2815,5.63,2,0.22685752809,0,0.836273789406,0,0,0.836273789406,0,0.836273789406,0,0.227784632028,-0.294633685884,0.226857527965,-0.295303091362,0.000927104063011,0.000669405478315,0.557656829321,0.284454328555,0.836273802799,5.78452289047e-05,0.0051432123299,0.226707980728,-0.33221641822,1.23916462338e-05,-0.00309791155844,0.226765825957,0.227214261667,-0.275891445772,-0.327073205891,0.232375157983,-0.294442413969,0.00560933202661,0.0326307919212,9.08400592902,0.836273802799,0.836273802799,0.227784632028,-0.294633685884,0.000927104063011,0.000669405478315,0.000927104063011,0.000669405478315,0.00583735507676,4,0
2820,5.64,1,-0.0909287929535,0,-2.27400660515,0,0,-2.27400660515,0,-2.27400660515,0,-0.080217540241,0.170971964812,-0.0909287897444,0.178600973988,0.0107112495034,-0.00762900917608,-2.08276159207,1.00457518733,-2.27400648688,-0.000116885997842,-0.0096327776254,-0.0906733038259,0.233433294956,-5.80354357764e-06,0.00145088589441,-0.0907901898237,-0.0798848485958,0.161993164924,0.22380051733,-0.0974520041506,0.170253862149,-0.0066618143269,-0.0535466551811,-3.83963058124,-2.27400648688,-1.06715099513,-0.080217540241,0.170971964812,0.0107112495034,-0.00762900917608,0.0107112495034,-0.00762900917608,-0.0110354095995,4,0
2820,5.64,2,0.224656775594,0,-0.0282075852156,0,0,-0.0282075852156,0,-0.0282075852156,0,0.225271924988,-0.21371494712,0.224656772316,-0.180484569407,0.000615152671736,-0.0332303777133,-0.152512785943,0.0883176715292,-0.0282075853535,9.18109848134e-05,0.00750736512354,0.22446015998,-0.221606949981,7.25442947849e-06,-0.00181360736962,0.224551970964,0.224856060449,-0.20249144725,-0.214099584857,0.223931569637,-0.21377079526,-0.000620401327861,0.000328789597716,5.21637213877,-0.0282075853535,-0.0728042113547,0.225271924988,-0.21371494712,0.000615152671736,-0.0332303777133,0.000615152671736,-0.0332303777133,0.0086090969413,4,0
2825,5.65,1,-0.0894528031349,0,-1.27400648594,0,0,-1.27400648594,0,-1.27400648594,0,-0.0786790525204,0.144889366726,-0.0894528008904,0.133404077431,0.0107737483701,0.0114852892955,1.11170592822,1.24558695057,-1.27400648688,-6.76437974607e-05,-0.00531128248154,-0.0893217532483,0.158131527704,-1.32751821989e-06,0.000331879554974,-0.0893893970458,-0.0783902823205,0.143389461263,0.152820245222,-0.0693799556502,0.145276829096,0.0200094413956,-0.00754341612678,-2.79622617613,-1.27400648688,2.36341588684,-0.0786790525204,0.144889366726,0.0107737483701,0.0114852892955,0.0107737483701,0.0114852892955,-0.00612300805107,4,0
2825,5.65,2,0.223069787025,0,-1.02820754051,0,0,-1.02820754051,0,-1.02820754051,0,0.223348815426,-0.181111699487,0.223069780969,-0.156390541942,0.000279034457018,-0.0247211575455,-1.12289193895,-0.0894039342734,-1.02820758535,2.73058291318e-05,0.00185203683579,0.223035834497,-0.15822674707,1.65939777633e-06,-0.000414849444084,0.223063140327,0.222987852694,-0.179236817657,-0.156374710234,0.213989467247,-0.181501672328,-0.00907367307952,-0.0251269620939,1.01478092361,-1.02820758535,-1.21447558001,0.223348815426,-0.181111699487,0.000279034457018,-0.0247211575455,0.000279034457018,-0.0247211575455,0.00217970678537,4,0
2830,5.66,1,-0.0882132872939,0,-1.11537575722,0,0,-1.11537575722,0,-1.11537575722,0,-0.0773435878054,0.1124082514,-0.0882132841486,0.116801765499,0.0108696963432,-0.00439351409848,-3.54471201118,1.27691974184,-1.11537581449,-6.5051488337e-06,-0.000427321300597,-0.0882039233618,0.11825580126,-8.52919985096e-06,0.00213229996274,-0.0882104285107,-0.077131064722,0.0998646418392,0.117828479959,-0.106827455769,0.111179756902,-0.0186170272581,-0.00664872305723,-2.62222972083,-1.11537581449,-2.26728688625,-0.0773435878054,0.1124082514,0.0108696963432,-0.00439351409848,0.0108696963432,-0.00439351409848,-0.000505383086602,4,0
2830,5.66,2,0.221400260925,0,-0.0563691668212,0,0,-0.0563691668212,0,-0.0563691668212,0,0.221679484622,-0.140510305301,0.22140026417,-0.166616622416,0.000279220451837,0.0261063171152,0.355316008637,0.0383223426239,-0.056369165465,-5.15281632116e-05,-0.00443587465149,0.221522557442,-0.138735970934,1.06614998196e-05,-0.00266537495489,0.221471029279,0.221413830786,-0.124830793341,-0.143171845585,0.224677365145,-0.140385393612,0.00320633586672,0.00278645197281,4.8756945866,-0.056369165465,0.398692563871,0.221679484622,-0.140510305301,0.000279220451837,0.0261063171152,0.000279220451837,0.0261063171152,-0.00505421261003,4,0
2835,5.67,1,-0.0873108208179,0,-2.11537575722,0,0,-2.11537575722,0,-2.11537575722,0,-0.0765681059788,0.0386008499682,-0.0873108223392,0.0666843043287,0.0107427163604,-0.0280834543605,-5.42050287463,1.06324165786,-2.11537581449,-2.31259464242e-05,-0.00216315829376,-0.0872435764542,0.0848819908154,-1.12501608665e-05,0.00281254021662,-0.0872667024006,-0.0765076972069,0.0217667652711,0.0827188325217,-0.121640373888,0.0367228388053,-0.0343736714879,-0.0459959937164,-3.59716251186,-2.11537581449,-4.35482054712,-0.0765681059788,0.0386008499682,0.0107427163604,-0.0280834543605,0.0107427163604,-0.0280834543605,-0.00244066965085,4,0
2835,5.67,2,0.220066428185,0,0.943630814552,0,0,0.943630814552,0,0.943630814552,0,0.220710132428,-0.0482510534735,0.220066431733,-0.100093581453,0.000643700695633,0.0518425279792,1.00764759681,0.318746274712,0.943630834535,-2.80461362315e-05,-0.0020231411535,0.220109304577,-0.0948841915573,1.40627010856e-05,-0.00351567527139,0.220081258441,0.220634621482,-0.0272084475981,-0.0969073327108,0.229112272809,-0.0479009642909,0.0090310143684,0.0490063684199,8.71336958981,0.943630834535,1.32875356631,0.220710132428,-0.0482510534735,0.000643700695633,0.0518425279792,0.000643700695633,0.0518425279792,-0.00235969478828,4,0
2840,5.68,1,-0.0871613174677,0,-3.11537575722,0,0,-3.11537575722,0,-3.11537575722,0,-0.0766026650841,-0.0446955750596,-0.0871613146771,-0.0237597075204,0.010558649593,-0.0209358675392,-4.8916917564,0.941860524039,-3.11537581449,-8.30836574885e-05,-0.007203937122,-0.0869578249,0.0246541006166,-1.01333620324e-05,0.00253334050809,-0.0870409085575,-0.0767075277352,-0.0600313470802,0.0174501634946,-0.117227891971,-0.0463882928466,-0.0301869834137,-0.0638384563411,-4.530735076,-3.11537581449,-3.94163029135,-0.0766026650841,-0.0446955750596,0.010558649593,-0.0209358675392,0.010558649593,-0.0209358675392,-0.00820094101186,4,0
2840,5.68,2,0.219867154956,0,1.26269030571,0,0,1.26269030571,0,1.26269030571,0,0.2207533314,0.0558694778138,0.219867152403,0.0397328480168,0.000886178997392,0.016136629797,0.921363009323,0.346557344638,1.26269033029,5.10168957731e-05,0.00461782092619,0.219730751563,0.00525769854606,1.26667025373e-05,-0.00316667563433,0.219781768459,0.220884409732,0.075039192835,0.00987551947226,0.228374541679,0.0561870282421,0.0085927732203,0.0463115087698,9.56735787606,1.26269033029,1.26269033029,0.2207533314,0.0558694778138,0.000886178997392,0.016136629797,0.000886178997392,0.016136629797,0.00523002367547,4,0
2845,5.69,1,-0.0879820361733,0,-2.51598548889,0,0,-2.51598548889,0,-2.51598548889,0,-0.0774030615687,-0.110465966917,-0.0879820331412,-0.115823149733,0.0105789715725,0.00535718281606,-2.3344558254,1.05994699491,-2.51598549432,-0.000113473015304,-0.00935716023751,-0.0877336031239,-0.0624418559714,-5.82176411459e-06,0.00145544102865,-0.0878470761392,-0.0776332870818,-0.119479079598,-0.0717990162089,-0.0967339758618,-0.11127142168,-0.00888689972268,-0.0394724054708,-3.83283114988,-2.51598549432,-1.26378999408,-0.0774030615687,-0.110465966917,0.0105789715725,0.00535718281606,0.0105789715725,0.00535718281606,-0.0107188364212,4,0
2845,5.69,2,0.221045672894,0,0.388431578875,0,0,0.388431578875,0,0.388431578875,0,0.221753827096,0.138082467603,0.221045667751,0.159192251506,0.000708159344956,-0.0211097839036,0.188097732257,0.15809248968,0.388431585218,9.02659698181e-05,0.00738832357328,0.220851830183,0.118557188719,7.27720513793e-06,-0.00181930128448,0.220942096153,0.222041609005,0.149348858445,0.125945512293,0.223248117983,0.138144729723,0.00230602182977,0.0121992174306,5.58752562754,0.388431585218,0.337718706726,0.221753827096,0.138082467603,0.000708159344956,-0.0211097839036,0.000708159344956,-0.0211097839036,0.0084715152111,4,0
2850,5.7,1,-0.0894470512867,0,-1.51598548889,0,0,-1.51598548889,0,-1.51598548889,0,-0.0786790523412,-0.136517474584,-0.0894470532505,-0.160477101761,0.0107680009093,0.0239596271767,0.828457756442,1.31018344984,-1.51598549432,-6.59582052566e-05,-0.00517684064659,-0.0893194019734,-0.136425935806,-1.33132605976e-06,0.000332831514938,-0.0893853601786,-0.0789530993441,-0.138021996041,-0.141602776453,-0.0717375527594,-0.136228245435,0.0176478074192,0.00537453101793,-2.74411135668,-1.51598549432,2.14460954539,-0.0786790523412,-0.136517474584,0.0107680009093,0.0239596271767,0.0107680009093,0.0239596271767,-0.00596833910966,4,0
2850,5.7,2,0.222879618406,0,-0.611568391323,0,0,-0.611568391323,0,-0.611568391323,0,0.22334881565,0.170646852159,0.222879614276,0.187271630501,0.000469201374422,-0.016624778342,-0.770560541469,-0.0244699489817,-0.611568414782,2.76358411216e-05,0.00188584320107,0.222844508107,0.185095119619,1.66415757349e-06,-0.000416039393376,0.222872143948,0.223691374422,0.172527503979,0.18698096282,0.216920159722,0.170378991495,-0.00595198422599,-0.0166019713253,1.31117814462,-0.611568414782,-0.797247963745,0.22334881565,0.170646852159,0.000469201374422,-0.016624778342,0.000469201374422,-0.016624778342,0.00221747329453,4,0
2855,5.71,1,-0.0911425724626,0,-1.33804929256,0,0,-1.33804929256,0,-1.33804929256,0,-0.0801574937919,-0.168882390206,-0.0911425729793,-0.17635500047,0.0109850791875,0.00747261026398,-3.82089529717,1.35079293224,-1.33804929234,-6.03211191234e-06,-0.000389965576898,-0.0911340997748,-0.1750676968,-8.44340385743e-06,0.00211085096436,-0.0911401318867,-0.0805074396107,-0.181305462284,-0.175457662377,-0.111939258336,-0.170206630395,-0.0207991264494,0.00525103198206,-2.50563519822,-1.33804929234,-2.46964001401,-0.0801574937919,-0.168882390206,0.0109850791875,0.00747261026398,0.0109850791875,0.00747261026398,-0.000462350919846,4,0
2855,5.71,2,0.224669277668,0,0.362523943186,0,0,0.362523943186,0,0.362523943186,0,0.225196867553,0.211102996649,0.224669281711,0.180711830568,0.000527585841584,0.0303911660814,0.70727331633,0.0934796339357,0.362523948295,-4.99118530102e-05,-0.0042996441946,0.224787778208,0.207722742813,1.05542548105e-05,-0.00263856370263,0.224737866355,0.225634299844,0.22663183673,0.203423098619,0.231121347853,0.211349849995,0.00638348149845,0.00792675137648,5.10592438,0.362523948295,0.805651536697,0.225196867553,0.211102996649,0.000527585841584,0.0303911660814,0.000527585841584,0.0303911660814,-0.00489858643073,4,0
2860,5.72,1,-0.0931654348969,0,-2.33804917336,0,0,-2.33804917336,0,-2.33804917336,0,-0.0821903185096,-0.241532350397,-0.0931654362907,-0.225425837444,0.0109751177811,-0.0161065129532,-5.62034550415,1.15000523509,-2.33804929234,-2.3337876455e-05,-0.00218460927685,-0.0930974680279,-0.207017090664,-1.09724783862e-05,0.00274311959654,-0.0931208059043,-0.0826897789143,-0.25795956114,-0.209201699941,-0.12892485583,-0.243479622785,-0.0358040499254,-0.034277922844,-3.43566738887,-2.33804929234,-4.46787560527,-0.0821903185096,-0.241532350397,0.0109751177811,-0.0161065129532,0.0109751177811,-0.0161065129532,-0.00246466379431,4,0
2860,5.72,2,0.226828128099,0,1.36252391338,0,0,1.36252391338,0,1.36252391338,0,0.227737898539,0.301915446778,0.226828133455,0.250430838127,0.000909765083882,0.0514846086506,1.33670189543,0.354645288341,1.3625239483,-2.57316586597e-05,-0.00182605613243,0.226865527829,0.254366902075,1.37155979626e-05,-0.00342889949066,0.226839796171,0.228362224062,0.322449460177,0.252540845943,0.238875535126,0.302379514969,0.0120357389556,0.0498386690261,8.86934451551,1.3625239483,1.6934820198,0.227737898539,0.301915446778,0.000909765083882,0.0514846086506,0.000909765083882,0.0514846086506,-0.00213483603635,4,0
2865,5.73,1,-0.0959283411503,0,-3.33804917336,0,0,-3.33804917336,0,-3.33804917336,0,-0.0850145003753,-0.322289718503,-0.0959283382369,-0.31405150517,0.0109138378616,-0.00823821333368,-5.04286077519,1.04846988262,-3.33804929234,-8.3688944886e-05,-0.00723857491759,-0.0957242855727,-0.265701740694,-9.71669068701e-06,0.00242917267175,-0.0958079745176,-0.0856739330743,-0.337003867519,-0.272940315612,-0.126896937252,-0.32403482004,-0.0310889627348,-0.0510945044284,-4.32467154545,-3.33804929234,-3.98614805032,-0.0850145003753,-0.322289718503,0.0109138378616,-0.00823821333368,0.0109138378616,-0.00823821333368,-0.00824284225622,4,0
2865,5.73,2,0.230144739151,0,1.58727693558,0,0,1.58727693558,0,1.58727693558,0,0.231268125958,0.402862156747,0.230144743111,0.390808736513,0.00112338284642,0.0120534202344,1.2348245236,0.357911694064,1.58727694705,5.36519546949e-05,0.00481544715811,0.230003531883,0.35552698167,1.21458633355e-05,-0.00303646583389,0.230057183837,0.232092416849,0.421254842981,0.360342428828,0.241495081269,0.403288279885,0.0114378974314,0.0429458510566,9.27889471009,1.58727694705,1.58727694705,0.231268125958,0.402862156747,0.00112338284642,0.0120534202344,0.00112338284642,0.0120534202344,0.00545927061445,4,0
2870,5.74,1,-0.0996339917183,0,-2.73804926872,0,0,-2.73804926872,0,-2.73804926872,0,-0.0885751671924,-0.38496291568,-0.0996339939577,-0.403145817008,0.0110588267653,0.018182901328,-2.5627616813,1.18433410934,-2.73804929234,-0.000112270395312,-0.00925690013881,-0.0993882898869,-0.350363403253,-5.47418180126e-06,0.00136854545032,-0.0995005602822,-0.089353843948,-0.393444014135,-0.359620303392,-0.109806287079,-0.385847545675,-0.0103057267972,-0.0262272422837,-3.58302167992,-2.73804929234,-1.36782342708,-0.0885751671924,-0.38496291568,0.0110588267653,0.018182901328,0.0110588267653,0.018182901328,-0.0106041448825,4,0
2870,5.74,2,0.234813123941,0,0.713344871998,0,0,0.713344871998,0,0.713344871998,0,0.235718959564,0.481203653054,0.234813124605,0.506832938659,0.000905834959462,-0.0256292856043,0.524582722252,0.159316685896,0.713344852321,9.03437135656e-05,0.00739413865569,0.234619178544,0.466172672594,6.84272723486e-06,-0.00171068180871,0.234709522257,0.236692305526,0.491805026098,0.47356681125,0.240012376208,0.481382545415,0.00530285395089,0.00781573416452,5.24869536759,0.713344852321,0.675421144929,0.235718959564,0.481203653054,0.000905834959462,-0.0256292856043,0.000905834959462,-0.0256292856043,0.00847826321848,4,0
2875,5.75,1,-0.103955619037,0,-1.73804926872,0,0,-1.73804926872,0,-1.73804926872,0,-0.0925854612648,-0.40934642089,-0.103955617704,-0.445058583547,0.0113701564387,0.0357121626576,0.369790233432,1.44212008578,-1.73804929234,-6.52424784809e-05,-0.00512193421086,-0.103829268404,-0.421231313009,-1.25148178702e-06,0.000312870446754,-0.103894510883,-0.0934051060896,-0.410761023724,-0.42635324722,-0.0894600949365,-0.409216197293,0.0144344159461,0.0171370499269,-2.45211940872,-1.73804929234,1.81781516316,-0.0925854612648,-0.40934642089,0.0113701564387,0.0357121626576,0.0113701564387,0.0357121626576,-0.00590484395263,4,0
2875,5.75,2,0.240104809403,0,-0.286655157804,0,0,-0.286655157804,0,-0.286655157804,0,0.240731827239,0.511683034488,0.240104814083,0.531846577152,0.000627013155831,-0.020163542664,-0.362036617799,-0.0210372429595,-0.286655147679,2.82362442463e-05,0.00194172478915,0.240067975345,0.529203533897,1.56435222992e-06,-0.000391088057479,0.240096211589,0.241756383287,0.513451288027,0.531145258686,0.237701112417,0.511556754704,-0.0023950991714,-0.0195885039821,0.923613616013,-0.286655147679,-0.385354420479,0.240731827239,0.511683034488,0.000627013155831,-0.020163542664,0.000627013155831,-0.020163542664,0.00228055972011,4,0
2880,5.76,1,-0.108482971787,0,-1.53804934025,0,0,-1.53804934025,0,-1.53804934025,0,-0.0967849129676,-0.439561530129,-0.108482971292,-0.458577633724,0.0116980583241,0.0190161035948,-3.98045594692,1.49119537156,-1.53804929234,-6.96223592756e-06,-0.000473313652149,-0.10847201618,-0.456669720025,-7.82707774689e-06,0.00195676943673,-0.108478978416,-0.0976753393058,-0.451083477417,-0.457143033677,-0.129893258921,-0.440941044544,-0.0214142805046,0.0162019891338,-2.14989084789,-1.53804929234,-2.48870371488,-0.0967849129676,-0.439561530129,0.0116980583241,0.0190161035948,0.0116980583241,0.0190161035948,-0.00055686048328,4,0
2880,5.76,2,0.245329722762,0,0.713344871998,0,0,0.713344871998,0,0.713344871998,0,0.245981141951,0.549451920938,0.245329724393,0.523685000265,0.000651417557937,0.0257669206729,1.02267659959,0.092149711174,0.713344852321,-4.72321865937e-05,-0.0040693667699,0.245441724289,0.549170941837,9.78384715589e-06,-0.00244596178897,0.245394492102,0.24709417489,0.563854355006,0.545101575067,0.254527244572,0.549808008547,0.00913275246981,0.00470643347972,4.7696487571,0.713344852321,1.11946246378,0.245981141951,0.549451920938,0.000651417557937,0.0257669206729,0.000651417557937,0.0257669206729,-0.00463615300902,4,0
2885,5.77,1,-0.113312795758,0,-2.53804922104,0,0,-2.53804922104,0,-2.53804922104,0,-0.101498314377,-0.506489184893,-0.113312797773,-0.505107756429,0.0118144833962,-0.00138142846332,-5.59062056844,1.3189577528,-2.53804929234,-2.5439852703e-05,-0.0023647716894,-0.113239775313,-0.485510344812,-1.00053547349e-05,0.00250133868372,-0.113265215166,-0.102526261024,-0.521477339617,-0.487875116501,-0.147983864617,-0.508426082819,-0.0347186494511,-0.0205509663184,-3.03842860068,-2.53804929234,-4.26899276572,-0.101498314377,-0.506489184893,0.0118144833962,-0.00138142846332,0.0118144833962,-0.00138142846332,-0.00267004992183,4,0
2885,5.77,2,0.250909090042,0,1.71334481239,0,0,1.71334481239,0,1.71334481239,0,0.251872893794,0.63311148914,0.250909084557,0.59185665529,0.000963809236633,0.04125483385,1.58979878146,0.319778441152,1.71334485232,-2.16919169553e-05,-0.00148385541972,0.250937030191,0.593620988795,1.25066933773e-05,-0.00312667334431,0.250915338274,0.253157827119,0.651846682484,0.592137133375,0.265112765737,0.633663150471,0.0141974274629,0.0415260170958,8.47929883386,1.71334485232,1.91132138103,0.251872893794,0.63311148914,0.000963809236633,0.04125483385,0.000963809236633,0.04125483385,-0.00174415842318,4,0
2890,5.78,1,-0.118849389255,0,-3.53804922104,0,0,-3.53804922104,0,-3.53804922104,0,-0.106934665269,-0.579633213635,-0.118849390978,-0.589191103768,0.0119147257082,0.00955789013339,-5.00089426825,1.25878099042,-3.53804929234,-8.46518560456e-05,-0.00728421653085,-0.118644765525,-0.541031144508,-8.68948393032e-06,0.00217237098258,-0.118729417381,-0.108107233435,-0.592801195548,-0.548315361039,-0.148467511545,-0.581363748897,-0.0297380941644,-0.0330483878578,-3.88663995297,-3.53804929234,-3.73381323902,-0.106934665269,-0.579633213635,0.0119147257082,0.00955789013339,0.0119147257082,0.00955789013339,-0.0083000388034,4,0
2890,5.78,2,0.257604181767,0,1.7670186758,0,0,1.7670186758,0,1.7670186758,0,0.258668332488,0.724541524749,0.257604170445,0.723997561247,0.00106416204329,0.000543963501455,1.47891132469,0.293735822004,1.76701864896,5.5918102068e-05,0.00495748050581,0.257460027176,0.688494172886,1.0861854871e-05,-0.00271546371776,0.257515945278,0.26013404271,0.741001502076,0.693451653392,0.270924411465,0.725052194706,0.0134084661866,0.031600541314,8.16919564944,1.76701864896,1.76701864896,0.258668332488,0.724541524749,0.00106416204329,0.000543963501455,0.00106416204329,0.000543963501455,0.00562849773063,4,0
2895,5.79,1,-0.125237420201,0,-2.58140563965,0,0,-2.58140563965,0,-2.58140563965,0,-0.113031872627,-0.635271228656,-0.125237416114,-0.665822633844,0.0122055434868,0.0305514051883,-2.75392927229,1.40386468652,-2.58140555738,-0.000104966031153,-0.00861259923481,-0.125010067983,-0.617435693448,-4.78263651275e-06,0.00119565912819,-0.125115034014,-0.114310073501,-0.642687414278,-0.626048292683,-0.135859383871,-0.636222374957,-0.0107443498565,-0.0101740822744,-2.75626564298,-2.58140555738,-1.34019239416,-0.113031872627,-0.635271228656,0.0122055434868,0.0305514051883,0.0122055434868,0.0305514051883,-0.00987219160865,4,0
2895,5.79,2,0.265505373478,0,0.9343765378,0,0,0.9343765378,0,0.9343765378,0,0.266289841762,0.794089043241,0.265505369039,0.823209801019,0.000784472723019,-0.0291207577775,0.836530313713,0.102727973231,0.934376512735,8.15542072281e-05,0.00661488307335,0.265333722214,0.787918133683,5.97829561377e-06,-0.00149457390344,0.265415276422,0.267887592869,0.803359275228,0.794533016756,0.273185676328,0.794376369682,0.0077703999063,-0.000156647074619,4.29309962826,0.934376512735,0.931664753383,0.266289841762,0.794089043241,0.000784472723019,-0.0291207577775,0.000784472723019,-0.0291207577775,0.00759353356009,4,0
2900,5.8,1,-0.132107377052,0,-1.58140552044,0,0,-1.58140552044,0,-1.58140552044,0,-0.119524488475,-0.6564546261,-0.132107383942,-0.694776932619,0.0125828954671,0.0383223065185,-0.23617210331,1.62353611912,-1.58140555738,-5.49489292266e-05,-0.00426482883429,-0.132004158326,-0.676066170345,-1.09300231134e-06,0.000273250577836,-0.132059107256,-0.120838229822,-0.657690425614,-0.680330999179,-0.1214482144,-0.656534781347,0.0106108928553,0.023796217832,-1.59719541009,-1.58140555738,1.39228823179,-0.119524488475,-0.6564546261,0.0125828954671,0.0383223065185,0.0125828954671,0.0383223065185,-0.00492421598501,4,0
2900,5.8,2,0.273868560791,0,0.0554127208889,0,0,0.0554127208889,0,0.0554127208889,0,0.274405611644,0.820568289923,0.273868572594,0.833054953117,0.00053703905012,-0.0124866631938,0.0778887585572,-0.0213989692181,0.0554127217938,1.55968866714e-05,0.000889904905227,0.273860088112,0.83667641835,1.36625288294e-06,-0.000341563220737,0.273875684999,0.276047788343,0.822113039307,0.837566323255,0.275044599715,0.820594914426,0.00116891471616,-0.0169714088291,0.453436466843,0.0554127217938,0.0554127217938,0.274405611644,0.820568289923,0.00053703905012,-0.0124866631938,0.00053703905012,-0.0124866631938,0.00107706754528,4,0
2905,5.81,1,-0.139078065753,0,-1.5537147522,0,0,-1.5537147522,0,-1.5537147522,0,-0.126181083434,-0.68262140252,-0.13907807109,-0.70024319759,0.0128969876555,0.0176217950698,-4.01413888503,1.63412475316,-1.55371472948,-1.55970516894e-06,-7.2174288784e-05,-0.139076514338,-0.69984640425,-6.71894755555e-06,0.00167973688889,-0.139078074043,-0.12755604153,-0.692518258694,-0.699918578539,-0.159573510423,-0.684012753645,-0.0204954363799,0.0159058248944,-1.43881244082,-1.55371472948,-2.37992324112,-0.126181083434,-0.68262140252,0.0128969876555,0.0176217950698,0.0128969876555,0.0176217950698,-9.08907508113e-05,4,0
2905,5.81,2,0.282073974609,0,1.05541276932,0,0,1.05541276932,0,1.05541276932,0,0.282726355416,0.85327676029,0.282073980826,0.820389522328,0.000652374590126,0.032887237962,1.28271623095,0.121923161706,1.05541272179,-5.33945401668e-05,-0.00451892596867,0.282196269745,0.847414578982,8.398684402e-06,-0.0020996711005,0.282142875205,0.28444505305,0.865647830446,0.842895653013,0.293440054339,0.853723164412,0.0112971791343,0.0108275113992,4.27916241491,1.05541272179,1.40979905311,0.282726355416,0.85327676029,0.000652374590126,0.032887237962,0.000652374590126,0.032887237962,-0.00515966045067,4,0
2910,5.82,1,-0.146292775869,0,-2.5537147522,0,0,-2.5537147522,0,-2.5537147522,0,-0.133278901189,-0.739621441165,-0.146292782891,-0.741482113808,0.0130138817019,0.00186067264313,-5.33400901682,1.47365894905,-2.55371472948,-2.68770759751e-05,-0.00250044568123,-0.146215461757,-0.720730281846,-8.40955784845e-06,0.00210238946212,-0.146242338833,-0.13477074441,-0.752228778985,-0.723230727527,-0.17762845582,-0.741469339274,-0.0313861169871,-0.0182386117471,-2.29688007567,-2.55371472948,-3.85752709718,-0.133278901189,-0.739621441165,0.0130138817019,0.00186067264313,0.0130138817019,0.00186067264313,-0.00282297059293,4,0
2910,5.82,2,0.290606409311,0,2.05541276932,0,0,2.05541276932,0,2.05541276932,0,0.291598627679,0.924526808219,0.290606412492,0.886211017065,0.000992215187691,0.0383157911539,1.75214990116,0.316674309999,2.05541272179,-1.91975626403e-05,-0.00125731866186,0.290627490371,0.886217301773,1.05119472506e-05,-0.00262798681266,0.290608292809,0.293463431719,0.940285980405,0.884959983111,0.306186947324,0.925134654871,0.0155786545148,0.0401746717595,7.95418178115,2.05541272179,2.07031190057,0.291598627679,0.924526808219,0.000992215187691,0.0383157911539,0.000992215187691,0.0383157911539,-0.00148768941354,4,0
2915,5.83,1,-0.154145807028,0,-3.31495761871,0,0,-3.31495761871,0,-3.31495761871,0,-0.140985835189,-0.800556222212,-0.154145813593,-0.817054806528,0.0131599784039,0.0164985843156,-4.76924400956,1.44602192408,-3.31495753924,-8.45948894384e-05,-0.00724940756502,-0.153942777733,-0.769514301056,-7.1162849406e-06,0.00177907123515,-0.154027372623,-0.14259786205,-0.81135064429,-0.776763708621,-0.180591903515,-0.802206475059,-0.0265645308921,-0.0254427664377,-2.87745310148,-3.31495753924,-3.31495753924,-0.140985835189,-0.800556222212,0.0131599784039,0.0164985843156,0.0131599784039,0.0164985843156,-0.00826454623828,4,0
2915,5.83,2,0.300178706646,0,1.89716804028,0,0,1.89716804028,0,1.89716804028,0,0.301232295245,1.00069528407,0.300178719277,1.00518664217,0.00105357596743,-0.0044913580951,1.63947670907,0.263282748665,1.89716805376,5.59586255646e-05,0.00491990046807,0.300036494132,0.970475053557,8.89535611781e-06,-0.00222383902946,0.300092452758,0.303247328834,1.01418831158,0.975394954025,0.314824408701,1.00126162213,0.0147319559435,0.0258666681086,6.78673816911,1.89716805376,1.89716805376,0.301232295245,1.00069528407,0.00105357596743,-0.0044913580951,0.00105357596743,-0.0044913580951,0.00559140397485,4,0
2920,5.84,1,-0.162720456719,0,-2.31495761871,0,0,-2.31495761871,0,-2.31495761871,0,-0.149236473126,-0.845663113971,-0.162720455878,-0.878618952626,0.0134839827517,0.0329558386554,-2.89672059486,1.58615120169,-2.31495753924,-9.77453444491e-05,-0.00800115873569,-0.162509853337,-0.833985182237,-3.79058058284e-06,0.00094764514571,-0.162607598682,-0.150933884056,-0.851548400544,-0.841986340973,-0.173257657115,-0.846663996637,-0.0106500584332,-0.0046776556646,-1.68141907609,-2.31495753924,-1.3013952903,-0.149236473126,-0.845663113971,0.0134839827517,0.0329558386554,0.0134839827517,0.0329558386554,-0.00917410286908,4,0
2920,5.84,2,0.310775130987,0,1.17871665955,0,0,1.17871665955,0,1.17871665955,0,0.311545592727,1.05707889839,0.3107751384,1.08600673376,0.000770454327013,-0.0289278353731,1.10557263052,0.0798152334173,1.17871661395,7.20080216834e-05,0.00580715372288,0.310625594391,1.05566046553,4.73822569269e-06,-0.00118455642318,0.310697602412,0.313667356401,1.06443550655,1.06146761925,0.320687233327,1.05745980008,0.00998963091514,-0.00400781917308,3.37642085585,1.17871661395,1.17871661395,0.311545592727,1.05707889839,0.000770454327013,-0.0289278353731,0.000770454327013,-0.0289278353731,0.00667124998308,4,0
2925,5.85,1,-0.171645402908,0,-1.3149574995,0,0,-1.3149574995,0,-1.3149574995,0,-0.157803455816,-0.862315372882,-0.171645403503,-0.895842567876,0.013841947687,0.0335271949941,-0.952048664092,1.75822187619,-1.31495753924,-4.99398962932e-05,-0.0038726329473,-0.171551814507,-0.878927949065,-8.65845480452e-07,0.000216461370112,-0.171601754404,-0.159528746486,-0.863294719245,-0.882800582012,-0.165686243357,-0.862643822363,0.00591551104627,0.0201567596496,-0.503082409541,-1.31495753924,0.810645123801,-0.157803455816,-0.862315372882,0.013841947687,0.0335271949941,0.013841947687,0.0335271949941,-0.00447191170282,4,0
2925,5.85,2,0.321709066629,0,0.506407260895,0,0,0.506407260895,0,0.506407260895,0,0.322254321147,1.07789422186,0.32170906986,1.08756240986,0.000545251286947,-0.00966818799959,0.522820015537,-0.0159190730222,0.506407290303,9.1205965836e-06,0.000384205052919,0.321712955071,1.09346772291,1.08230684237e-06,-0.000270576710589,0.321722075668,0.324410934497,1.07911840481,1.09385192797,0.326599497133,1.07807527086,0.00487742146525,-0.0157766571054,0.35716633912,0.506407290303,0.506407290303,0.322254321147,1.07789422186,0.000545251286947,-0.00966818799959,0.000545251286947,-0.00966818799959,0.000493652211923,4,0
2930,5.86,1,-0.180585280061,0,-1.51495754719,0,0,-1.51495754719,0,-1.51495754719,0,-0.16649893569,-0.882789661685,-0.18058528594,-0.895555624613,0.0140863502497,0.012765962928,-3.92040894259,1.73713776854,-1.51495753924,-5.00858878477e-06,-0.000422461388564,-0.180572427085,-0.891910754386,-5.18864117874e-06,0.00129716029469,-0.180577435674,-0.16827203187,-0.890439570874,-0.892333215775,-0.199108375231,-0.884148388332,-0.0185309395567,0.00818482744222,-0.550084960548,-1.51495753924,-2.1827886096,-0.16649893569,-0.882789661685,0.0140863502497,0.012765962928,0.0140863502497,0.012765962928,-0.000482564453981,4,0
2930,5.86,2,0.332482129335,0,1.50640726089,0,0,1.50640726089,0,1.50640726089,0,0.333123671047,1.10348708266,0.332482115228,1.07953040814,0.000641555819032,0.0239566745232,1.4722884033,0.0963872095549,1.5064072903,-4.87211938145e-05,-0.00404774212702,0.332589310352,1.10225134821,6.48580141888e-06,-0.00162145035472,0.332540589158,0.335340041283,1.11304946907,1.09820360608,0.345410013922,1.10399901361,0.0128694247635,0.00579540753598,4.13870154232,1.5064072903,1.5733080093,0.333123671047,1.10348708266,0.000641555819032,0.0239566745232,0.000641555819032,0.0239566745232,-0.00463239645279,4,0
2935,5.87,1,-0.189730584621,0,-2.51495742798,0,0,-2.51495742798,0,-2.51495742798,0,-0.175535187798,-0.926280562151,-0.189730590962,-0.931845105112,0.0141954031643,0.00556454296125,-4.86706393941,1.61684395489,-2.51495753924,-3.70177258337e-05,-0.00331822950366,-0.189632674641,-0.907103013955,-6.28535751426e-06,0.00157133937856,-0.189669692367,-0.177397189597,-0.935714917666,-0.910421243459,-0.215992461951,-0.927966281908,-0.0263227695838,-0.0175450384484,-1.3826826892,-2.51495753924,-3.2464575423,-0.175535187798,-0.926280562151,0.0141954031643,0.00556454296125,0.0141954031643,0.00556454296125,-0.00376244221367,4,0
2935,5.87,2,0.34362116456,0,2.0075917244,0,0,2.0075917244,0,2.0075917244,0,0.344418986234,1.15785070777,0.343621151889,1.14398571683,0.000797834345711,0.0138649909386,1.81474743897,0.192558523838,2.00759166343,-6.1861928755e-06,-0.000211466302721,0.343616026991,1.13896995977,7.85669681808e-06,-0.00196417420452,0.343609840798,0.346746488493,1.16964365205,1.13875849347,0.359518048748,1.15847983537,0.0159082079494,0.0197213419006,5.77652238604,2.00759166343,2.00759166343,0.344418986234,1.15785070777,0.000797834345711,0.0138649909386,0.000797834345711,0.0138649909386,-0.000285700617227,4,0
2940,5.88,1,-0.199404850602,0,-2.72991943359,0,0,-2.72991943359,0,-2.72991943359,0,-0.185028449897,-0.971177339108,-0.199404843968,-0.992343284485,0.0143763940712,0.0211659453775,-4.36270229484,1.63037425496,-2.72991940967,-8.26038729491e-05,-0.00704517869289,-0.199210857512,-0.947846735698,-5.09594359621e-06,0.00127398589905,-0.199293461385,-0.186978645878,-0.978919948113,-0.954891914391,-0.221254439801,-0.972686755354,-0.0219609784158,-0.0177948409629,-1.39954646001,-2.72991940967,-2.72429161471,-0.185028449897,-0.971177339108,0.0143763940712,0.0211659453775,0.0143763940712,0.0211659453775,-0.00803642516828,4,0
2940,5.88,2,0.355599880219,0,1.82656812668,0,0,1.82656812668,0,1.82656812668,0,0.356285563907,1.2139716784,0.355599868725,1.23322271237,0.000685695182047,-0.0192510339664,1.70754849366,0.124255675748,1.82656811472,5.27555289384e-05,0.00460298834124,0.3554708558,1.20280441678,6.36992942499e-06,-0.00159248235625,0.355523611329,0.358723308892,1.22364993955,1.20740740512,0.370446915219,1.2145617347,0.0149233038901,0.00715432958225,4.55897257522,1.82656811472,1.82656811472,0.356285563907,1.2139716784,0.000685695182047,-0.0192510339664,0.000685695182047,-0.0192510339664,0.0052360546885,4,0
2945,5.89,1,-0.209583327174,0,-1.72991943359,0,0,-1.72991943359,0,-1.72991943359,0,-0.194914100488,-1.0029188757,-0.209583327955,-1.02975108355,0.0146692274672,0.0268322078474,-2.98217300985,1.73545515038,-1.72991940967,-8.13063986784e-05,-0.00662040116062,-0.209410401396,-0.993526929252,-2.56034853408e-06,0.000640087133517,-0.209491707795,-0.196924066903,-1.00690346903,-1.00014733041,-0.219659281204,-1.0039499249,-0.0101675734091,-0.00380259448802,-0.197733064803,-1.72991940967,-1.23912178153,-0.194914100488,-1.0029188757,0.0146692274672,0.0268322078474,0.0146692274672,0.0268322078474,-0.00759607794476,4,0
2945,5.89,2,0.368273258209,0,1.29535377026,0,0,1.29535377026,0,1.29535377026,0,0.368642627188,1.25364859868,0.368273254305,1.28209474162,0.000369372883069,-0.0284461429407,1.31581333398,-0.0158933303271,1.29535380034,5.0049787509e-05,0.00396560586748,0.368173866061,1.26291073101,3.20043562535e-06,-0.000800108906341,0.368223915849,0.371155085215,1.25862934027,1.26687633688,0.379550748899,1.25410310375,0.0113268330498,-0.0127732331289,1.96337588406,1.29535380034,1.29535380034,0.368642627188,1.25364859868,0.000369372883069,-0.0284461429407,0.000369372883069,-0.0284461429407,0.00456620331758,4,0
2950,5.9,1,-0.219908028841,0,-0.729919433594,0,0,-0.729919433594,0,-0.729919433594,0,-0.205017154991,-1.01399367341,-0.219908034976,-1.02942812022,0.0148908799849,0.0154344468109,-1.73261380983,1.81301910073,-0.72991940967,-3.77414451037e-05,-0.00290944453808,-0.219838377371,-1.01707291721,-5.84284393063e-07,0.000146071098263,-0.219876118816,-0.207045588626,-1.01465503069,-1.01998236175,-0.219402609144,-1.01459306733,0.000473509672363,0.00538929441777,0.981686432833,-0.72991940967,0.0837676327724,-0.205017154991,-1.01399367341,0.0148908799849,0.0154344468109,0.0148908799849,0.0154344468109,-0.00336234187932,4,0
2950,5.9,2,0.381075114012,0,0.892877042294,0,0,0.892877042294,0,0.892877042294,0,0.381271445356,1.26749209562,0.381075115872,1.27134972108,0.000196329483849,-0.00385762545455,0.945676365306,-0.0537508090829,0.892877047615,-6.78954549955e-06,-0.000870016846067,0.381110085054,1.28314787061,7.30355481648e-07,-0.000182588870408,0.381103295509,0.383806987407,1.26831879221,1.28227785377,0.389146339138,1.2678202162,0.00804304362878,-0.0144576375678,0.0549813974825,0.892877047615,0.892877047615,0.381271445356,1.26749209562,0.000196329483849,-0.00385762545455,0.000196329483849,-0.00385762545455,-0.000951491392062,4,0
2955,5.91,1,-0.230119377375,0,-1.32991945744,0,0,-1.32991945744,0,-1.32991945744,0,-0.215205150799,-1.02748899973,-0.230119370533,-1.01989168759,0.014914219734,-0.00759731214175,-3.70463651154,1.72721779336,-1.32991940967,-5.50076750296e-06,-0.000533879368934,-0.230102200737,-1.01473746211,-3.33231339414e-06,0.000833078348537,-0.230107701505,-0.217264974909,-1.03241129001,-1.01527134147,-0.246018627039,-1.02877289458,-0.0159109255341,-0.0135015531012,0.542281845246,-1.32991940967,-1.9768188296,-0.215205150799,-1.02748899973,0.014914219734,-0.00759731214175,0.014914219734,-0.00759731214175,-0.000599888578969,4,0
2955,5.91,2,0.393679201603,0,1.64554488659,0,0,1.64554488659,0,1.64554488659,0,0.394006440154,1.28436125329,0.393679187322,1.26196880976,0.00032725283213,0.0223924435237,1.58020597328,0.0608794788133,1.64554492997,-4.78638960089e-05,-0.00388511112243,0.39378033999,1.28264560608,4.16539167947e-06,-0.00104134791987,0.393732476094,0.396581220299,1.29051411604,1.27876049495,0.40718909902,1.28491053074,0.0134566229253,0.00615003578643,2.84441606653,1.64554492997,1.64554492997,0.394006440154,1.28436125329,0.00032725283213,0.0223924435237,0.00032725283213,0.0223924435237,-0.00445947787454,4,0
2960,5.92,1,-0.24044278264,0,-2.32991933823,0,0,-2.32991933823,0,-2.32991933823,0,-0.225612056306,-1.0547380688,-0.240442785804,-1.04466547152,0.0148307294975,-0.0100725972774,-4.2183137772,1.61592305597,-2.32991940967,-3.82352358712e-05,-0.00338878335459,-0.240343868676,-1.0200527541,-3.76622505149e-06,0.000941556262877,-0.240382103912,-0.227727220262,-1.06040664675,-1.02344153746,-0.260671740225,-1.05619888896,-0.0202896363128,-0.0327573515026,-0.281693979162,-2.32991940967,-2.59854311505,-0.225612056306,-1.0547380688,0.0148307294975,-0.0100725972774,0.0148307294975,-0.0100725972774,-0.00384760618505,4,0
2960,5.92,2,0.406541138887,0,1.91225337982,0,0,1.91225337982,0,1.91225337982,0,0.407015072071,1.31842258907,0.406541150066,1.30735175205,0.000473922005634,0.0110708370145,1.7742104109,0.137852050653,1.91225340259,-4.75444713815e-06,-0.000133887665623,0.406535158256,1.30261810491,4.70778122941e-06,-0.00117694530736,0.406530403809,0.409659027022,1.32550831138,1.30248421725,0.421776123179,1.31903763286,0.0152457193709,0.0165534156173,3.57892241821,1.91225340259,1.91225340259,0.407015072071,1.31842258907,0.000473922005634,0.0110708370145,0.000473922005634,0.0110708370145,-0.000190941031281,4,0
2965,5.93,1,-0.251145839691,0,-2.16523694992,0,0,-2.16523694992,0,-2.16523694992,0,-0.236295149934,-1.08077581205,-0.251145828483,-1.08644746059,0.0148506785486,0.0056716485425,-3.80569953901,1.6331292605,-2.16523687126,-7.61648395002e-05,-0.00641942916992,-0.25097051559,-1.04694550308,-2.75540537406e-06,0.000688851343516,-0.25104668043,-0.238460977049,-1.08498011138,-1.05336493225,-0.267893343058,-1.08209240343,-0.016846662628,-0.0287274711801,0.0808328890323,-2.16523687126,-2.16523687126,-0.236295149934,-1.08077581205,0.0148506785486,0.0056716485425,0.0148506785486,0.0056716485425,-0.00733340724392,4,0
2965,5.93,2,0.419986635447,0,1.74661302567,0,0,1.74661302567,0,1.74661302567,0,0.420368939134,1.3509697675,0.419986631373,1.36721368522,0.000382307760311,-0.0162439177273,1.67921109929,0.0716858028189,1.74661297142,4.39965017851e-05,0.00375597266751,0.419882789651,1.34348830582,3.44425663934e-06,-0.00086106415983,0.419926786152,0.423076223032,1.35622514154,1.34724427849,0.434302475372,1.35155033151,0.0143756892193,0.00430605302069,2.48968825986,1.74661297142,1.74661297142,0.420368939134,1.3509697675,0.000382307760311,-0.0162439177273,0.000382307760311,-0.0162439177273,0.00428393068894,4,0
2970,5.94,1,-0.262151390314,0,-1.29804933071,0,0,-1.29804933071,0,-1.29804933071,0,-0.247194661394,-1.097157556,-0.2621513912,-1.10598652064,0.0149567298059,0.00882896463819,-3.00350003681,1.69883609826,-1.29804933505,-7.06645466738e-05,-0.00576662894914,-0.262000295179,-1.07412698674,-1.16924037066e-06,0.000292310092666,-0.262070959726,-0.249390889713,-1.09899108942,-1.07989361569,-0.272125424098,-1.09819633778,-0.0100544643718,-0.0183027220875,1.14448766132,-1.29804933505,-1.29804933505,-0.247194661394,-1.097157556,0.0149567298059,0.00882896463819,0.0149567298059,0.00882896463819,-0.00661460350923,4,0
2970,5.94,2,0.433851420879,0,1.41437280178,0,0,1.41437280178,0,1.41437280178,0,0.433993328481,1.37144694692,0.433851410047,1.39367889663,0.000141918433797,-0.0222319497025,1.45420089885,-0.0365439706344,1.41437283907,3.61234715894e-05,0.00285060749069,0.433780449669,1.38014726173,1.4615504173e-06,-0.000365387604329,0.43381657314,0.436738613883,1.37373886363,1.38299786922,0.446063347002,1.37194986436,0.0122467738614,-0.0110480048612,0.761147496529,1.41437283907,1.41437283907,0.433993328481,1.37144694692,0.000141918433797,-0.0222319497025,0.000141918433797,-0.0222319497025,0.00328408914976,4,0
2975,5.95,1,-0.273181945086,0,-0.811461448669,0,0,-0.811461448669,0,-0.811461448669,0,-0.25819897564,-1.10195902223,-0.273181946847,-1.09812210042,0.0149829712076,-0.0038369218095,-2.52710751991,1.71208251674,-0.811461436053,-3.89593425566e-05,-0.00309605500551,-0.273103753914,-1.08262976777,-2.66010568906e-07,6.6502642224e-05,-0.273142713257,-0.260403098294,-1.10226083492,-1.08572582278,-0.279192062249,-1.10283373417,-0.00604934899238,-0.0171079113934,1.8094614251,-0.811461436053,-0.811461436053,-0.25819897564,-1.10195902223,0.0149829712076,-0.0038369218095,0.0149829712076,-0.0038369218095,-0.00356356711619,4,0
2975,5.95,2,0.447744905949,0,1.25872707367,0,0,1.25872707367,0,1.25872707367,0,0.447748721306,1.37744877951,0.447744895222,1.38257126598,3.82608360117e-06,-0.00512248646727,1.31983813124,-0.0617618613309,1.25872710024,-4.81379349517e-06,-0.000593064813254,0.447767782159,1.39005228714,3.32513200585e-07,-8.31283001468e-05,0.447762968366,0.450503874627,1.37782604535,1.38945922233,0.458733724799,1.37790648799,0.0109707564329,-0.0115527343404,-0.145507838445,1.25872710024,1.25872710024,0.447748721306,1.37744877951,3.82608360117e-06,-0.00512248646727,3.82608360117e-06,-0.00512248646727,-0.000650830335196,4,0
2980,5.96,1,-0.284138798714,0,-1.71702098846,0,0,-1.71702098846,0,-1.71702098846,0,-0.269239338137,-1.10762742509,-0.284138811764,-1.09841623233,0.0148994736273,-0.0092111927617,-3.37837634989,1.65838502204,-1.71702098599,-2.99182578664e-05,-0.00261132276998,-0.284064209602,-1.08017815337,-1.2666041036e-06,0.000316651025904,-0.28409412786,-0.271456463853,-1.10951281085,-1.08278947614,-0.297318972173,-1.10879740984,-0.0132248443124,-0.0260079336995,1.07851945935,-1.71702098599,-1.71702098599,-0.269239338137,-1.10762742509,0.0148994736273,-0.0092111927617,0.0148994736273,-0.0092111927617,-0.00297034186437,4,0
2980,5.96,2,0.461541831493,0,1.59315609932,0,0,1.59315609932,0,1.59315609932,0,0.461549174443,1.38453428282,0.461541827757,1.38366024409,7.34668627217e-06,0.000874038727073,1.59942732751,-0.00760393266954,1.5931560837,-1.56225311441e-05,-0.00114521848735,0.461567331109,1.38713946862,1.58325506167e-06,-0.00039581376542,0.461551708578,0.464320581591,1.38689101492,1.38599425013,0.47486572224,1.38508913898,0.0133140136621,-0.000905111149706,0.949505661955,1.5931560837,1.5931560837,0.461549174443,1.38453428282,7.34668627217e-06,0.000874038727073,7.34668627217e-06,0.000874038727073,-0.00133268886108,4,0
2985,5.97,1,-0.295231103897,0,-1.77203083038,0,0,-1.77203083038,0,-1.77203083038,0,-0.280362992897,-1.11692250352,-0.295231114044,-1.11679998758,0.0148681211477,-0.000122515938253,-3.42624993668,1.64883273175,-1.77203086637,-5.56242990286e-05,-0.00471884697551,-0.295100874808,-1.08692605386,-1.01044681766e-06,0.000252611704409,-0.295156499107,-0.282598415479,-1.11846912632,-1.09164490084,-0.308820783661,-1.1181082448,-0.0136642845544,-0.0264633439692,1.20709996794,-1.77203086637,-1.77203086637,-0.280362992897,-1.11692250352,0.0148681211477,-0.000122515938253,0.0148681211477,-0.000122515938253,-0.00538633856385,4,0
2985,5.97,2,0.4755243361,0,1.61470127106,0,0,1.61470127106,0,1.61470127106,0,0.475453742905,1.39615313028,0.475524335861,1.40836323863,-7.0592956316e-05,-0.0122101083527,1.63261644074,-0.0161007486371,1.61470129648,1.79123192018e-05,0.00159944779745,0.475477528112,1.39677309158,1.26305843218e-06,-0.00031576460804,0.475495440431,0.478248021134,1.39808640864,1.39837253938,0.489020207058,1.39671839962,0.0135247666274,-0.00165413976231,0.727492960174,1.61470129648,1.61470129648,0.475453742905,1.39615313028,-7.0592956316e-05,-0.0122101083527,-7.0592956316e-05,-0.0122101083527,0.00181439562787,4,0
2990,5.98,1,-0.306484699249,0,-1.43793416023,0,0,-1.43793416023,0,-1.43793416023,0,-0.29156465999,-1.1224651659,-0.306484693136,-1.12950533609,0.0149200331453,0.0070401701862,-3.13072718696,1.68675103567,-1.43793420867,-6.35787089363e-05,-0.00527899811737,-0.306342912936,-1.09833241522,-2.41734898543e-07,6.04337246399e-05,-0.306406491645,-0.293810031356,-1.12286698397,-1.10361141333,-0.317558575368,-1.12354824571,-0.0111520837233,-0.0199368323742,1.7286366593,-1.43793420867,-1.43793420867,-0.29156465999,-1.1224651659,0.0149200331453,0.0070401701862,0.0149200331453,0.0070401701862,-0.00604194262461,4,0
2990,5.98,2,0.489716678858,0,1.4743796587,0,0,1.4743796587,0,1.4743796587,0,0.489455826777,1.40308145758,0.489716689846,1.42419157992,-0.000260863068177,-0.0211101223363,1.55557560183,-0.0785575149346,1.47437963126,2.79431073295e-05,0.00230313835518,0.489655491144,1.41102724283,3.02168542021e-07,-7.55421355105e-05,0.489683434252,0.492262540985,1.40358373005,1.41333038119,0.502374541338,1.40361973735,0.0126911070868,-0.00971064383292,-0.15641863253,1.47437963126,1.47437963126,0.489455826777,1.40308145758,-0.000260863068177,-0.0211101223363,-0.000260863068177,-0.0211101223363,0.00263845564313,4,0
2995,5.99,1,-0.317795544863,0,-1.22667181492,0,0,-1.22667181492,0,-1.22667181492,0,-0.30279317593,-1.12245779199,-0.317795538453,-1.13099582244,0.015002362523,0.0085380304555,-2.95666162997,1.72474140376,-1.226671821,-5.55303667448e-05,-0.00458204080529,-0.317673312978,-1.10436801398,2.95335465361e-07,-7.38338663386e-05,-0.317728843345,-0.305037669049,-1.12202505786,-1.10895005479,-0.327345660296,-1.12348081217,-0.00961681695084,-0.0145307573804,2.12224268335,-1.226671821,-1.226671821,-0.30279317593,-1.12245779199,0.015002362523,0.0085380304555,0.015002362523,0.0085380304555,-0.00524840520623,4,0
2995,5.99,2,0.503965854645,0,1.38147211075,0,0,1.38147211075,0,1.38147211075,0,0.503491471701,1.40307223966,0.503965838179,1.4237509094,-0.000474366477632,-0.0206786697389,1.51118528879,-0.128086806235,1.38147212281,1.76569259924e-05,0.00141447663322,0.503929500697,1.41633866216,-3.69169378733e-07,9.22923446753e-05,0.503947157623,0.506297088099,1.40253132193,1.4177531388,0.51604932761,1.40359548366,0.0121021699875,-0.0141576551378,-0.80999406819,1.38147212281,1.38147212281,0.503491471701,1.40307223966,-0.000474366477632,-0.0206786697389,-0.000474366477632,-0.0206786697389,0.00162635974513,4,0
3000,6,1,-0.329104393721,0,-1.53006434441,0,0,-1.53006434441,0,-1.53006434441,0,-0.314007308383,-1.12068423296,-0.329104379733,-1.13207446185,0.0150970713499,0.0113902288863,-3.28275722639,1.74775232945,-1.5300643363,-5.15114273411e-05,-0.00432242352007,-0.328986081598,-1.10518544392,6.89776776808e-08,-1.72444194204e-05,-0.329037593025,-0.316248626924,-1.12060753706,-1.10950786744,-0.341275107335,-1.12182039125,-0.0122375143101,-0.0123125238172,1.99854059945,-1.5300643363,-1.5300643363,-0.314007308383,-1.12068423296,0.0150970713499,0.0113902288863,0.0150970713499,0.0113902288863,-0.00494056064817,4,0
3000,6,2,0.518183350563,0,1.46959328651,0,0,1.46959328651,0,1.46959328651,0,0.517509137263,1.40085529067,0.518183373474,1.42199531147,-0.000674236211016,-0.0211400207943,1.62077263273,-0.14990387008,1.46959329556,1.29521805141e-05,0.0011200409197,0.518151002135,1.4140004145,-8.62221077869e-08,2.15555269374e-05,0.518163954316,0.520310785437,1.40075942078,1.41512045542,0.530981557358,1.40141664151,0.0128176030423,-0.0137038139042,-0.710674638395,1.46959329556,1.46959329556,0.517509137263,1.40085529067,-0.000674236211016,-0.0211400207943,-0.000674236211016,-0.0211400207943,0.00127546708587,4,0
3005,6.01,1,-0.340455710888,0,-1.16612815857,0,0,-1.16612815857,0,-1.16612815857,0,-0.32520633099,-1.11816954575,-0.340455699547,-1.13570390129,0.0152493685578,0.0175343555327,-2.95916223137,1.78740410901,-1.16612813412,-5.91424988973e-05,-0.00492027825315,-0.340323287042,-1.10650372408,8.78690580963e-07,-0.000219672645243,-0.34038242954,-0.327441448148,-1.11689956128,-1.11142400234,-0.349776443237,-1.11919330043,-0.00939401369705,-0.00776929809526,2.54039840232,-1.16612813412,-1.16612813412,-0.32520633099,-1.11816954575,0.0152493685578,0.0175343555327,0.0152493685578,0.0175343555327,-0.00562998823992,4,0
3005,6.01,2,0.532421112061,0,1.33880233765,0,0,1.33880233765,0,1.33880233765,0,0.531507915515,1.3977119314,0.532421105139,1.42296790067,-0.000913189624141,-0.0252559692641,1.52757056969,-0.186576138443,1.33880229137,2.30981341372e-05,0.0019149622658,0.53236991949,1.41186974621,-1.09836329443e-06,0.000274590823619,0.532393017624,0.534301811961,1.39612445071,1.41378470847,0.544197372123,1.39824065876,0.0118043544994,-0.0155440497111,-1.49170853737,1.33880229137,1.33880229137,0.531507915515,1.3977119314,-0.000913189624141,-0.0252559692641,-0.000913189624141,-0.0252559692641,0.00219213987544,4,0
3010,6.02,1,-0.35176423192,0,-0.703669667244,0,0,-0.703669667244,0,-0.703669667244,0,-0.336347794863,-1.1089265896,-0.351764221289,-1.12568531431,0.0154164264256,0.0167587247144,-2.53761227359,1.82915507632,-0.703669639212,-5.09004183212e-05,-0.00417675304237,-0.351653827831,-1.10201445055,1.80882150597e-06,-0.000452205376495,-0.35170472825,-0.33856301625,-1.10625407724,-1.10619120359,-0.357418087124,-1.10980451844,-0.00571335887466,-0.00361331485058,3.17248096567,-0.703669639212,-0.703669639212,-0.336347794863,-1.1089265896,0.0154164264256,0.0167587247144,0.0154164264256,0.0167587247144,-0.00478755806223,4,0
3010,6.02,2,0.546562790871,0,1.18030047417,0,0,1.18030047417,0,1.18030047417,0,0.545434745346,1.38615823562,0.546562798188,1.40579881724,-0.00112805284152,-0.0196405816218,1.39756125417,-0.216116415494,1.18030045539,1.28512085628e-05,0.000990168781813,0.546539012111,1.40158051858,-2.26102697154e-06,0.000565256742891,0.546551863319,0.548203772077,1.38281759503,1.40257068737,0.557051384827,1.38664226226,0.0104995215075,-0.0159284251011,-2.34249047447,1.18030045539,1.18030045539,0.545434745346,1.38615823562,-0.00112805284152,-0.0196405816218,-0.00112805284152,-0.0196405816218,0.00114438328457,4,0
3015,6.03,1,-0.362901002169,0,-0.531498253345,0,0,-0.531498253345,0,-0.531498253345,0,-0.347364193483,-1.09362590524,-0.36290101147,-1.10494681726,0.0155368179874,0.011320912018,-2.37717174578,1.84212849563,-0.531498275524,-3.76336611571e-05,-0.00309337069992,-0.362818849903,-1.08714327171,2.28712466954e-06,-0.000571781167387,-0.362856483564,-0.349548024158,-1.09019999434,-1.09023664241,-0.367110135426,-1.09444865282,-0.00425365186236,-0.00421201040805,3.50206171946,-0.531498275524,-0.531498275524,-0.347364193483,-1.09362590524,0.0155368179874,0.011320912018,0.0155368179874,0.011320912018,-0.0035449746338,4,0
3015,6.03,2,0.560443282127,0,1.13904738426,0,0,1.13904738426,0,1.13904738426,0,0.559205243603,1.36703237951,0.56044325606,1.37545171822,-0.00123801245685,-0.00841933870355,1.34301449751,-0.204344323547,1.13904737042,-3.42401982753e-06,-0.000336108218865,0.560453922184,1.37835124299,-2.85890591623e-06,0.000714726479043,0.560450498164,0.561935031944,1.36274999077,1.37801513478,0.570380772427,1.36749802655,0.00993027426291,-0.0105171082261,-2.66612333524,1.13904737042,1.13904737042,0.559205243603,1.36703237951,-0.00123801245685,-0.00841933870355,-0.00123801245685,-0.00841933870355,-0.000377196456795,4,0
3020,6.04,1,-0.373835980892,0,-1.00259041786,0,0,-1.00259041786,0,-1.00259041786,0,-0.35821618495,-1.07722987679,-0.373835993642,-1.08767012265,0.0156198086925,0.0104402458535,-2.84164784656,1.83550769708,-1.00259041965,-3.66678532453e-05,-0.00310971558811,-0.373749554492,-1.06754080314,1.74135428804e-06,-0.000435338572013,-0.373786222345,-0.360367913112,-1.07455806539,-1.07065051873,-0.381826013304,-1.07821361964,-0.00803979095888,-0.0075631009167,3.18419787058,-1.00259041965,-1.00259041965,-0.35821618495,-1.07722987679,0.0156198086925,0.0104402458535,0.0156198086925,0.0104402458535,-0.00354972982706,4,0
3020,6.04,2,0.57403677702,0,1.31054520607,0,0,1.31054520607,0,1.31054520607,0,0.572770232914,1.34653734344,0.574036776152,1.3511479893,-0.00126654323747,-0.00461064585538,1.48172987345,-0.171478140363,1.3105451553,-3.83453742634e-06,-0.000247407762902,0.574040186036,1.35069353326,-2.17669290481e-06,0.000544173226211,0.574036351498,0.575459893112,1.34319757912,1.3504461255,0.585099022895,1.34705104303,0.0110626713972,-0.00339508247427,-2.1211108481,1.3105451553,1.3105451553,0.572770232914,1.34653734344,-0.00126654323747,-0.00461064585538,-0.00126654323747,-0.00461064585538,-0.000293422212018,4,0
3025,6.05,1,-0.384729236364,0,-2.00232434273,0,0,-2.00232434273,0,-2.00232434273,0,-0.368935510425,-1.06899273175,-0.384729224699,-1.09474723136,0.0157937142742,0.0257544996138,-3.94925912516,1.85713460292,-2.00232426106,-6.24189142264e-05,-0.00539111148092,-0.384576346187,-1.05815042863,3.99631802372e-07,-9.99079505914e-05,-0.384638765101,-0.371073194566,-1.06854234633,-1.06354154011,-0.401737886744,-1.07035949743,-0.0170991216433,-0.00681795732058,2.35120970198,-2.00232426106,-2.08598438379,-0.368935510425,-1.06899273175,0.0157937142742,0.0257544996138,0.0157937142742,0.0257544996138,-0.00614013845164,4,0
3025,6.05,2,0.587563991547,0,1.64064645767,0,0,1.64064645767,0,1.64064645767,0,0.586169389731,1.33624091194,0.587564004706,1.35973829748,-0.00139461497461,-0.0234973855382,1.82808601111,-0.184398725403,1.64064647065,2.93708851718e-05,0.00268836442984,0.587482139349,1.33822140053,-4.99539763221e-07,0.000124884940816,0.587511510234,0.588841494901,1.33567793016,1.34090976496,0.601351741449,1.33687350993,0.0138402312153,-0.00403625503555,-1.01174756656,1.64064647065,1.64064647065,0.586169389731,1.33624091194,-0.00139461497461,-0.0234973855382,-0.00139461497461,-0.0234973855382,0.0030408150519,4,0
3030,6.06,1,-0.3957670331,0,-1.00232422352,0,0,-1.00232422352,0,-1.00232422352,0,-0.379589517364,-1.05845296152,-0.395767025001,-1.10490982669,0.0161775076369,0.0464568651666,-2.47068868484,1.98726496803,-1.00232426106,-8.81698584235e-05,-0.00727707017332,-0.395572914672,-1.06291127295,2.96877390477e-06,-0.00074219347619,-0.39566108453,-0.381702185334,-1.05410740461,-1.07018834313,-0.400073567912,-1.05930646363,-0.00441248338182,0.0108818794976,3.52376764691,-1.00232426106,-0.47508860833,-0.379589517364,-1.05845296152,0.0161775076369,0.0464568651666,0.0161775076369,0.0464568651666,-0.0083351084744,4,0
3030,6.06,2,0.601249456406,0,1.05676031113,0,0,1.05676031113,0,1.05676031113,0,0.599486898376,1.32306619891,0.601249466218,1.36664375326,-0.00176256784186,-0.0435775543563,1.36766326418,-0.305109404095,1.05676034997,6.17267517567e-05,0.00505278909498,0.601116073296,1.33845365051,-3.71096744523e-06,0.000927741861309,0.601177800048,0.602127733333,1.31763425267,1.34350643961,0.610816144164,1.32353825082,0.00963834411616,-0.0199681887945,-3.60778144813,1.05676034997,1.05676034997,0.599486898376,1.32306619891,-0.00176256784186,-0.0435775543563,-0.00176256784186,-0.0435775543563,0.00579351011606,4,0
3035,6.07,1,-0.406697392464,0,-0.00232426100411,0,0,-0.00232426100411,0,-0.00232426100411,0,-0.390048731201,-1.03125273971,-0.406697379976,-1.08100814698,0.0166486487751,0.0497554072754,-1.60582830961,2.1353970809,-0.00232426105532,-6.06277735839e-05,-0.00487893400469,-0.406572062225,-1.05543821075,4.51443492211e-06,-0.00112860873053,-0.406632689998,-0.392104560885,-1.02452901597,-1.06031714475,-0.403360801986,-1.03180740932,0.00327188801196,0.0285097354286,4.67868739415,-0.00232426105532,0.535175238578,-0.390048731201,-1.03125273971,0.0166486487751,0.0497554072754,0.0166486487751,0.0497554072754,-0.0056064672877,4,0
3035,6.07,2,0.614685237408,0,0.687614142895,0,0,0.687614142895,0,0.687614142895,0,0.61256091564,1.28906592109,0.614685266877,1.32269899702,-0.00212435123701,-0.0336330759369,1.08235826412,-0.392371870351,0.687614123562,2.71351584815e-05,0.00204664830774,0.614637934507,1.31499395026,-5.64304373518e-06,0.00141076093379,0.614665069665,0.615130702739,1.28066126629,1.31704059856,0.621545201205,1.28944026632,0.00688013153994,-0.0276003322461,-5.22543928244,0.687614123562,0.687614123562,0.61256091564,1.28906592109,-0.00212435123701,-0.0336330759369,-0.00212435123701,-0.0336330759369,0.00237227020951,4,0
3040,6.08,1,-0.417223066092,0,0.595225572586,0,0,0.595225572586,0,0.595225572586,0,-0.400187660505,-0.996070106881,-0.417223064741,-1.03102959183,0.0170354042362,0.0349594849457,-1.59027583786,2.18335538473,0.595225587684,-2.40386318764e-05,-0.00185757723724,-0.417177556865,-1.02254916679,4.67227578332e-06,-0.00116806894583,-0.417201595497,-0.402172732378,-0.989031729596,-1.02440674403,-0.413399138886,-0.996620585147,0.00380245661056,0.0277861588832,5.40064092376,0.595225587684,0.595225587684,-0.400187660505,-0.996070106881,0.0170354042362,0.0349594849457,0.0170354042362,0.0349594849457,-0.00214604081976,4,0
3040,6.08,2,0.627491056919,0,0.69467240572,0,0,0.69467240572,0,0.69467240572,0,0.625234577232,1.24508762945,0.627491055345,1.25081444536,-0.00225647811335,-0.00572681591,1.05349766748,-0.360693240514,0.694672428277,-1.77437630404e-05,-0.00165507615642,0.627541322441,1.263945319,-5.84034480133e-06,0.00146008620033,0.627523578678,0.627715917065,1.23628965773,1.26229024284,0.634014049,1.24545344077,0.00649047032187,-0.0168368020694,-5.21409275364,0.694672428277,0.694672428277,0.625234577232,1.24508762945,-0.00225647811335,-0.00572681591,-0.00225647811335,-0.00572681591,-0.0018680013129,4,0
3045,6.09,1,-0.427260369062,0,-0.302393555641,0,0,-0.302393555641,0,-0.302393555641,0,-0.409981256965,-0.964315646667,-0.427260360439,-0.989716297872,0.0172791034737,0.0254006512049,-2.66394043455,2.14586089215,-0.302393557525,-1.66138313179e-05,-0.00149819263507,-0.427215411807,-0.97797118429,3.0779574165e-06,-0.000769489354128,-0.427232025639,-0.411905019176,-0.959572637726,-0.979469376926,-0.432128164772,-0.965238434493,-0.00489613913296,0.0142309424329,4.61730530973,-0.302393557525,-0.516381983791,-0.409981256965,-0.964315646667,0.0172791034737,0.0254006512049,0.0172791034737,0.0254006512049,-0.00169755861089,4,0
3045,6.09,2,0.63964432478,0,1.11260843277,0,0,1.11260843277,0,1.11260843277,0,0.637476572763,1.20539455372,0.639644305146,1.19774198085,-0.00216773238381,0.00765257286683,1.36640496566,-0.25608051895,1.11260839224,-2.55187755848e-05,-0.00197772022033,0.639691855282,1.20603404787,-3.8474468107e-06,0.000961861702664,0.639666336507,0.639881275518,1.19946579248,1.20405632765,0.648862546374,1.20586896929,0.00919620986713,0.00181264163633,-3.53271604906,1.11260839224,1.11260839224,0.637476572763,1.20539455372,-0.00216773238381,0.00765257286683,-0.00216773238381,0.00765257286683,-0.00228394552735,4,0
3050,6.1,1,-0.437094122171,0,-1.30239355564,0,0,-1.30239355564,0,-1.30239355564,0,-0.41953224082,-0.950132485721,-0.437094122044,-0.98429613303,0.017561881224,0.0341636473081,-4.48339441662,2.11471878961,-1.30239355753,-5.67702227256e-05,-0.00498537827204,-0.43694967666,-0.948709919873,7.05175591864e-07,-0.000176293897965,-0.437006446883,-0.421431972004,-0.949336710168,-0.953695298145,-0.45678196945,-0.951684557748,-0.019775522567,0.00201074039692,3.74684948648,-1.30239355753,-2.36300900606,-0.41953224082,-0.950132485721,0.017561881224,0.0341636473081,0.017561881224,0.0341636473081,-0.00566662094474,4,0
3050,6.1,2,0.651589035988,0,1.70010769367,0,0,1.70010769367,0,1.70010769367,0,0.649415302535,1.18766560236,0.651589034404,1.20099574105,-0.00217373186993,-0.0133301386925,1.92760535697,-0.224748828515,1.70010769792,2.55001434382e-05,0.00244282881353,0.651510807919,1.17926840657,-8.81469498948e-07,0.000220367374726,0.651536308063,0.651789966505,1.18667088291,1.18171123539,0.665427973812,1.188332797,0.0138916657489,0.00662156160913,-1.31151625518,1.70010769792,1.70010769792,0.649415302535,1.18766560236,-0.00217373186993,-0.0133301386925,-0.00217373186993,-0.0133301386925,0.00274883053479,4,0
3055,6.11,1,-0.446995973587,0,-0.702393531799,0,0,-0.702393531799,0,-0.702393531799,0,-0.428971801652,-0.932229885,-0.446995976094,-0.989711377119,0.0180241744421,0.0574814921186,-1.94274638088,2.24347470981,-0.702393557525,-9.62095733745e-05,-0.00797345410013,-0.44678232695,-0.943189735957,4.87231824575e-06,-0.00121807956144,-0.446878536523,-0.430829273735,-0.925081802967,-0.951163190057,-0.445057362098,-0.932900116685,0.00182117442548,0.0182630733715,4.49252576838,-0.702393557525,0.309856297916,-0.428971801652,-0.932229885,0.0180241744421,0.0574814921186,0.0180241744421,0.0574814921186,-0.00912796898062,4,0
3055,6.11,2,0.663695693016,0,0.769082009792,0,0,0.769082009792,0,0.769082009792,0,0.661214753526,1.16528735124,0.663695696118,1.2074263499,-0.00248094259243,-0.0421389986621,1.12876194739,-0.352650509498,0.76908201701,7.43382931731e-05,0.00613736135984,0.663532077075,1.17228020755,-6.0903978637e-06,0.00152259946592,0.663606415369,0.66353659362,1.15635224862,1.17841756891,0.670546323937,1.16567616667,0.00693990856818,-0.0127414022344,-5.24013860981,0.76908201701,0.76908201701,0.661214753526,1.16528735124,-0.00248094259243,-0.0421389986621,-0.00248094259243,-0.0421389986621,0.00702942087792,4,0
3060,6.12,1,-0.456733196974,0,0.297606438398,0,0,0.297606438398,0,0.297606438398,0,-0.438091574581,-0.888781487494,-0.456733209407,-0.958600141376,0.0186416348256,0.0698186538824,-0.689016486086,2.46055481731,0.297606442475,-6.82242544223e-05,-0.00549180898582,-0.456592009173,-0.929752829673,6.9363897891e-06,-0.00173409744728,-0.456660233427,-0.439858837223,-0.878429028666,-0.935244638659,-0.443770931138,-0.88901812735,0.0128893022893,0.0462265113089,5.62106676826,0.297606442475,1.77784883126,-0.438091574581,-0.888781487494,0.0186416348256,0.0698186538824,0.0186416348256,0.0698186538824,-0.00631050003888,4,0
3060,6.12,2,0.675457835197,0,0.229182422161,0,0,0.229182422161,0,0.229182422161,0,0.672614469635,1.11097685388,0.67545780593,1.14857931898,-0.00284333629549,-0.0376024651038,0.706002138962,-0.473273981644,0.229182427823,3.9668237893e-05,0.00306971063985,0.675383539314,1.13515222955,-8.67048730735e-06,0.00216762182685,0.675423207552,0.674823547926,1.09803628024,1.13822194019,0.678458127807,1.11122033963,0.00303492025485,-0.0270016005519,-7.45254111778,0.229182427823,0.229182427823,0.672614469635,1.11097685388,-0.00284333629549,-0.0376024651038,-0.00284333629549,-0.0376024651038,0.00354572949457,4,0
3065,6.13,1,-0.465983837843,0,1.2976064682,0,0,1.2976064682,0,1.2976064682,0,-0.446715968354,-0.835927560416,-0.465983850928,-0.899787067019,0.0192678825739,0.0638595066026,-0.81955550505,2.58913274862,1.29760644247,-2.82202532053e-05,-0.00219871226107,-0.465930081703,-0.889739391425,6.76385062615e-06,-0.00169096265653,-0.465958301956,-0.448377552057,-0.825718963874,-0.891938103686,-0.453512653135,-0.836210755616,0.012445648821,0.0557273480704,6.71458020923,1.29760644247,1.77211459887,-0.446715968354,-0.835927560416,0.0192678825739,0.0638595066026,0.0192678825739,0.0638595066026,-0.00253735529953,4,0
3065,6.13,2,0.68640601635,0,0.239247992635,0,0,0.239247992635,0,0.239247992635,0,0.683394961793,1.04490944451,0.686406037662,1.05714661704,-0.00301107586954,-0.012237172523,0.704609513528,-0.466364779845,0.239247993528,-8.6145371222e-06,-0.000899885398684,0.686436987508,1.06628041762,-8.45481334322e-06,0.0021137033358,0.686428372971,0.68547194141,1.03214869875,1.06538053222,0.689264877412,1.04515402433,0.00283650444125,-0.0202265078844,-7.32065203893,0.239247993528,0.239247993528,0.683394961793,1.04490944451,-0.00301107586954,-0.012237172523,-0.00301107586954,-0.012237172523,-0.00100325984415,4,0
3070,6.14,1,-0.474577605724,0,0.713206470013,0,0,0.713206470013,0,0.713206470013,0,-0.454835802122,-0.790809917956,-0.474577605223,-0.836075604727,0.0197418031012,0.0452656867712,-2.43529495872,2.56436960425,0.713206484547,-8.27769573189e-06,-0.00075791450686,-0.474554001293,-0.829490479492,4.2211611605e-06,-0.00105529029012,-0.474562278989,-0.456410721328,-0.784293732173,-0.830248393998,-0.475087623642,-0.791653743852,-0.000525344652893,0.038594650146,6.20249606021,0.713206484547,0.129931892383,-0.454835802122,-0.790809917956,0.0197418031012,0.0452656867712,0.0197418031012,0.0452656867712,-0.000857246855642,4,0
3070,6.14,2,0.696466326714,0,0.819159984589,0,0,0.819159984589,0,0.819159984589,0,0.693544753941,0.988512391054,0.696466316813,0.978691133153,-0.0029215628722,0.00982125790101,1.17207051643,-0.355839137081,0.81915999994,-3.16809982695e-05,-0.00254844861004,0.696530994959,0.991319226615,-5.27645148329e-06,0.00131911287081,0.69649931396,0.695513402936,0.980367158775,0.988770778005,0.703319443469,0.988919669784,0.0068201295087,0.000148891779151,-4.87830011289,0.81915999994,0.81915999994,0.693544753941,0.988512391054,-0.0029215628722,0.00982125790101,-0.0029215628722,0.00982125790101,-0.00292862058928,4,0
3075,6.15,1,-0.48275411129,0,-0.286793529987,0,0,-0.286793529987,0,-0.286793529987,0,-0.462618320916,-0.771571921271,-0.482754101587,-0.81111516817,0.0201357806716,0.0395432468986,-4.85271222585,2.47099947618,-0.286793515453,-4.63511446521e-05,-0.00413845050295,-0.482631873909,-0.780195666693,9.66410605874e-07,-0.000241602651471,-0.482678225054,-0.464160732046,-0.770480757086,-0.784334117196,-0.502948449678,-0.773252343303,-0.0202702246241,0.0110817738932,5.28487819726,-0.286793515453,-2.37701808543,-0.462618320916,-0.771571921271,0.0201357806716,0.0395432468986,0.0201357806716,0.0395432468986,-0.00469466423878,4,0
3075,6.15,2,0.706133008003,0,1.62848329544,0,0,1.62848329544,0,1.62848329544,0,0.703272902368,0.964464895055,0.706133035212,0.969327957409,-0.00286013284354,-0.00486306235435,1.91292134766,-0.28254555555,1.62848334397,1.62821861961e-05,0.0016970619056,0.706074296513,0.951652712308,-1.20801326475e-06,0.0003020033162,0.7060905787,0.705200916268,0.963100939815,0.953349774214,0.719170543127,0.965127296753,0.0130799644273,0.0117775225393,-1.67443165882,1.62848334397,1.62848334397,0.703272902368,0.964464895055,-0.00286013284354,-0.00486306235435,-0.00286013284354,-0.00486306235435,0.00189244813995,4,0
3080,6.16,1,-0.490846216679,0,-0.0867935121059,0,0,-0.0867935121059,0,-0.0867935121059,0,-0.470250313317,-0.747431376302,-0.490846228813,-0.805522533975,0.0205959154951,0.0580911576733,-1.41013870815,2.55238073708,-0.0867935154535,-9.3940444745e-05,-0.00786084730357,-0.490633931837,-0.758585261279,6.46971691221e-06,-0.00161742922805,-0.490727872281,-0.471735877712,-0.737929909434,-0.766446108583,-0.48190633197,-0.747917043745,0.00882154031152,0.0185290648371,5.58775685164,-0.0867935154535,1.15123016157,-0.470250313317,-0.747431376302,0.0205959154951,0.0580911576733,0.0205959154951,0.0580911576733,-0.00898813264051,4,0
3080,6.16,2,0.715913176537,0,0.628483355045,0,0,0.628483355045,0,0.628483355045,0,0.712812892805,0.934289213666,0.71591318676,0.975440248985,-0.00310029395564,-0.0411510353188,0.825956601507,-0.411820321163,0.62848334397,7.45507640995e-05,0.0062502298972,0.715744426502,0.938257020933,-8.08714618517e-06,0.00202178654628,0.715818977266,0.714669848284,0.922412380015,0.94450725083,0.719624498454,0.934573030568,0.00380552118822,-0.00993422026173,-5.81187787227,0.62848334397,0.406991441277,0.712812892805,0.934289213666,-0.00310029395564,-0.0411510353188,-0.00310029395564,-0.0411510353188,0.00714483906639,4,0
3085,6.17,1,-0.498686820269,0,0.913206458092,0,0,0.913206458092,0,0.913206458092,0,-0.477457616465,-0.690464825712,-0.498686817923,-0.764409223726,0.0212292014574,0.0739443980137,0.153077773441,2.78995677561,0.913206484547,-7.10216437302e-05,-0.00569929671701,-0.49854120262,-0.735046296942,8.92250577533e-06,-0.00223062644384,-0.498612224264,-0.478825268454,-0.67713411486,-0.740745593659,-0.476129677499,-0.690409494922,0.0224825467651,0.0503360987368,6.67600759242,0.913206484547,2.94958610549,-0.477457616465,-0.690464825712,0.0212292014574,0.0739443980137,0.0212292014574,0.0739443980137,-0.00655155644177,4,0
3085,6.17,2,0.725322663784,0,-0.290057003498,0,0,-0.290057003498,0,-0.290057003498,0,0.72182202167,0.863081025052,0.725322637483,0.907968236074,-0.00350061581318,-0.0448872110222,0.292456432698,-0.578343501252,-0.290057002355,4.65120274692e-05,0.00361178947119,0.725235062121,0.892108676345,-1.11531322742e-05,0.00278828306853,0.725281574149,0.723531586642,0.846417636404,0.895720465816,0.724220245578,0.863180951048,-0.00106132857095,-0.032539514768,-9.45879767216,-0.290057002355,-0.290057002355,0.72182202167,0.863081025052,-0.00350061581318,-0.0448872110222,-0.00350061581318,-0.0448872110222,0.00416993380082,4,0
3090,6.18,1,-0.505914390087,0,1.91320645809,0,0,1.91320645809,0,1.91320645809,0,-0.484025572327,-0.623260611004,-0.505914397288,-0.69221743246,0.0218888249613,0.0689568214562,-0.116056679707,2.93948655429,1.91320648455,-2.43460942602e-05,-0.00186219927865,-0.505870210225,-0.684440106765,8.43042785847e-06,-0.00210760696461,-0.505894556319,-0.485259264446,-0.61052323887,-0.686302306044,-0.484973113351,-0.62330009188,0.0209214429681,0.0630022141635,7.72630605449,1.91320648455,2.82558422699,-0.484025572327,-0.623260611004,0.0218888249613,0.0689568214562,0.0218888249613,0.0689568214562,-0.00215435240977,4,0
3090,6.18,2,0.73373478651,0,-0.25201612711,0,0,-0.25201612711,0,-0.25201612711,0,0.730031966424,0.779075756272,0.733734779987,0.795261833352,-0.00370281356208,-0.0161860770795,0.318819646806,-0.571901909368,-0.25201612097,-9.13512293243e-06,-0.000956520116913,0.733767743505,0.804973251291,-1.05380348682e-05,0.00263450871704,0.733758608382,0.731574081559,0.763154041036,0.804016731174,0.732693061371,0.779186635228,-0.00106554701035,-0.0248300959456,-9.09203531446,-0.25201612097,-0.25201612097,0.730031966424,0.779075756272,-0.00370281356208,-0.0161860770795,-0.00370281356208,-0.0161860770795,-0.0010661415921,4,0
3095,6.19,1,-0.512344837189,0,1.62044990063,0,0,1.62044990063,0,1.62044990063,0,-0.489961444386,-0.567614693704,-0.512344818458,-0.612840381799,0.0223833740725,0.045225688095,-2.17313671982,2.90033827294,1.62044994713,-1.08359934904e-06,-0.000121926468317,-0.512338942504,-0.610474460593,5.09913382446e-06,-0.00127478345611,-0.512340026104,-0.49108856262,-0.559734766997,-0.610596387061,-0.508038409018,-0.568367900563,0.00430161708577,0.0422284864979,7.45642017274,1.62044994713,0.727336482781,-0.489961444386,-0.567614693704,0.0223833740725,0.045225688095,0.0223833740725,0.045225688095,-0.000134929660506,4,0
3095,6.19,2,0.741066038609,0,0.468403160572,0,0,0.468403160572,0,0.468403160572,0,0.737451806421,0.709518359364,0.741066022019,0.698575020416,-0.00361421559709,0.0109433389473,0.911705434227,-0.44667418765,0.468403166366,-3.58479654677e-05,-0.00294174420394,0.741142047959,0.714089495378,-6.37391730385e-06,0.00159347932597,0.741106199993,0.738860704199,0.699668450944,0.711147751174,0.745064235016,0.709835543888,0.00395803502328,-0.00131220728561,-5.97219805854,0.468403166366,0.468403166366,0.737451806421,0.709518359364,-0.00361421559709,0.0109433389473,-0.00361421559709,0.0109433389473,-0.00337191978955,4,0
3100,6.2,1,-0.518191099167,0,0.620449960232,0,0,0.620449960232,0,0.620449960232,0,-0.49548649384,-0.544530655365,-0.518191114973,-0.571670262523,0.0227046211334,0.0271396071583,-5.03746374004,2.73750663069,0.620449947129,-3.73565042304e-05,-0.0033886961509,-0.518089195499,-0.545281889429,1.16692248681e-06,-0.0002917306217,-0.518126552003,-0.496574669552,-0.543212664406,-0.54867058558,-0.537360685306,-0.546275413343,-0.0192341333028,0.00239517223781,6.48650712427,0.620449947129,-2.29612013515,-0.49548649384,-0.544530655365,0.0227046211334,0.0271396071583,0.0227046211334,0.0271396071583,-0.00383697420166,4,0
3100,6.2,2,0.747852385044,0,1.45584344864,0,0,1.45584344864,0,1.45584344864,0,0.744358118161,0.68066331134,0.747852398217,0.676290746673,-0.00349428005659,0.00437256466704,1.78593060828,-0.328864403351,1.45584342572,9.30493944709e-06,0.00111111993908,0.747809718193,0.662263352757,-1.45865311385e-06,0.000364663278454,0.747819023132,0.745718337786,0.679015822636,0.663374472696,0.759204907727,0.681281927571,0.0113858845945,0.0179074548759,-1.9535998731,1.45584342572,1.45584342572,0.744358118161,0.68066331134,-0.00349428005659,0.00437256466704,-0.00349428005659,0.00437256466704,0.00122277921244,4,0
3105,6.21,1,-0.523810207844,0,0.820449948311,0,0,0.820449948311,0,0.820449948311,0,-0.50083137166,-0.51566900537,-0.523810227414,-0.55308695519,0.0229788557537,0.0374179498206,-0.910148264246,2.74562884186,0.820449947129,-8.83000227421e-05,-0.00740524108118,-0.523609689373,-0.508590707013,7.66059947122e-06,-0.00191514986779,-0.523697989396,-0.501851684891,-0.504411165774,-0.515995948094,-0.508332377605,-0.515981547284,0.015365611791,1.44008096523e-05,6.7362368841,0.820449947129,1.84394541896,-0.50083137166,-0.51566900537,0.0229788557537,0.0374179498206,0.0229788557537,0.0374179498206,-0.00846484135408,4,0
3105,6.21,2,0.754684686661,0,0.455843418837,0,0,0.455843418837,0,0.455843418837,0,0.751039215357,0.644586248723,0.75468470233,0.679649192949,-0.00364548697288,-0.0350629442264,0.479438568844,-0.452801736122,0.455843425718,7.08576557555e-05,0.00595874467104,0.754523181216,0.643872086937,-9.57574936944e-06,0.00239393734237,0.754594038872,0.75231460688,0.630513949183,0.649830831609,0.754970968832,0.644750071784,0.000376929960867,-0.00508075982427,-6.01775975798,0.455843425718,0.0198277961827,0.751039215357,0.644586248723,-0.00364548697288,-0.0350629442264,-0.00364548697288,-0.0350629442264,0.0068090365401,4,0
3110,6.22,1,-0.529052615166,0,1.82044994831,0,0,1.82044994831,0,1.82044994831,0,-0.505673343663,-0.44876371958,-0.529052600541,-0.49975899146,0.0233792568777,0.0509952718803,0.8634228904,2.93994234516,1.82044994713,-6.76510374626e-05,-0.00542429398359,-0.528914186058,-0.471924052254,1.03479879091e-05,-0.00258699697727,-0.528981837095,-0.506555450394,-0.433292374292,-0.477348346237,-0.498438745423,-0.448462277987,0.0305430916728,0.0288860682509,7.77152391755,1.82044994713,3.80960134199,-0.505673343663,-0.44876371958,0.0233792568777,0.0509952718803,0.0233792568777,0.0509952718803,-0.00623610643315,4,0
3110,6.22,2,0.76112651825,0,-0.544156551361,0,0,-0.544156551361,0,-0.544156551361,0,0.75709168028,0.560954641233,0.761126500906,0.610711449517,-0.00403482062635,-0.0497568082843,-0.130960872443,-0.667273601299,-0.544156574282,4.5725270848e-05,0.00355553276697,0.761040093069,0.594994515286,-1.29349849218e-05,0.00323374623046,0.76108581834,0.758194313676,0.54161545957,0.598550048053,0.75596808839,0.560907824904,-0.00511772995013,-0.0376422231485,-9.9257899995,-0.544156574282,-0.802338709759,0.75709168028,0.560954641233,-0.00403482062635,-0.0497568082843,-0.00403482062635,-0.0497568082843,0.00410423601715,4,0
3115,6.23,1,-0.533539712429,0,2.8204498291,0,0,2.8204498291,0,2.8204498291,0,-0.509772172792,-0.37143190521,-0.533539696855,-0.411276978194,0.0237675240629,0.0398450729841,0.471670443187,3.04341458407,2.82044994713,-1.58180613864e-05,-0.00110370923313,-0.533517136271,-0.408752355817,9.56729030344e-06,-0.00239182257585,-0.533532954333,-0.510500455914,-0.35696609342,-0.40985606505,-0.505837637173,-0.371267966226,0.0276953171592,0.0385880988236,8.76706223179,2.82044994713,3.51637855322,-0.509772172792,-0.37143190521,0.0237675240629,0.0398450729841,0.0237675240629,0.0398450729841,-0.00129352596977,4,0
3115,6.23,2,0.766479372978,0,-0.73980909586,0,0,-0.73980909586,0,-0.73980909586,0,0.762215216607,0.464289873023,0.766479402124,0.481245689789,-0.0042641855162,-0.0169558167657,-0.0781603559337,-0.663391644352,-0.739809082238,-1.5653103288e-05,-0.00155508080795,0.766529829427,0.49534824951,-1.19591129063e-05,0.00298977822656,0.766514176324,0.763125570493,0.446207608244,0.493793168702,0.761579508285,0.464263385176,-0.0049346680384,-0.029529783526,-10.3854838677,-0.739809082238,-0.739809082238,0.762215216607,0.464289873023,-0.0042641855162,-0.0169558167657,-0.0042641855162,-0.0169558167657,-0.0017429180474,4,0
3120,6.24,1,-0.537082195282,0,2.22044992447,0,0,2.22044992447,0,2.22044992447,0,-0.513151110469,-0.308754150705,-0.537082186697,-0.320610312177,0.0239310762281,0.0118561614713,-1.89843124693,2.9351441743,2.22044994713,8.48595960493e-06,0.000623525311656,-0.537095319611,-0.321949154498,5.65670915709e-06,-0.00141417728927,-0.537086833652,-0.513759606749,-0.30000560785,-0.321325629186,-0.528949986896,-0.309412437223,0.00813684675605,0.0119131919629,8.13483922279,2.22044994713,1.03598757054,-0.513151110469,-0.308754150705,0.0239310762281,0.0118561614713,0.0239310762281,0.0118561614713,0.000725356826915,4,0
3120,6.24,2,0.770583152771,0,0.0813880339265,0,0,0.0813880339265,0,0.0813880339265,0,0.766438888618,0.385942679729,0.770583140517,0.372093788538,-0.00414425189889,0.0138488911903,0.603243794376,-0.505991560894,0.08138803732,-4.32858657534e-05,-0.00349934966803,0.770672930576,0.390062195366,-7.07088645846e-06,0.00176772161461,0.77062964471,0.76719950895,0.37500700114,0.386562845698,0.77149063967,0.386153169356,0.000860994960412,-0.000409676342158,-6.74689991126,0.08138803732,0.101271013539,0.766438888618,0.385942679729,-0.00414425189889,0.0138488911903,-0.00414425189889,0.0138488911903,-0.00401878005707,4,0
3125,6.25,1,-0.539962112904,0,1.22044992447,0,0,1.22044992447,0,1.22044992447,0,-0.516071531407,-0.283274525738,-0.539962128559,-0.272090317354,0.0238905971522,-0.0111842083841,-5.03060932292,2.69617957742,1.22044994713,-3.33023510594e-05,-0.00305866578724,-0.539868790829,-0.24751829287,1.29411233629e-06,-0.000323528084085,-0.53990209318,-0.51663709762,-0.281812522226,-0.250576958657,-0.557891851925,-0.285017039093,-0.0179897587444,-0.0344400804354,7.11130300801,1.22044994713,-2.3309714515,-0.516071531407,-0.283274525738,0.0238905971522,-0.0111842083841,0.0238905971522,-0.0111842083841,-0.00345829399996,4,0
3125,6.25,2,0.774062216282,0,1.08138799667,0,0,1.08138799667,0,1.08138799667,0,0.770089414703,0.354093148468,0.774062213222,0.342688315474,-0.00397279851877,0.0114048329938,1.55625898009,-0.353731398223,1.08138803732,7.84235877498e-06,0.000994044420597,0.774022466864,0.329263915227,-1.61764042317e-06,0.000404410105788,0.774030309222,0.770796372452,0.352265644074,0.330257959648,0.783026711014,0.354632202481,0.00899640179142,0.0243742428333,-2.58437332551,1.08138803732,1.20143942914,0.770089414703,0.354093148468,-0.00397279851877,0.0114048329938,-0.00397279851877,0.0114048329938,0.0010881527259,4,0
3130,6.26,1,-0.542553901672,0,1.05826795101,0,0,1.05826795101,0,1.05826795101,0,-0.518793456316,-0.251505254332,-0.542553900973,-0.250064849323,0.0237604446571,-0.00144040500897,-0.4787778425,2.64096395597,1.05826794511,-8.69325818125e-05,-0.00735278504305,-0.542353237273,-0.204824135545,8.3701383915e-06,-0.00209253459788,-0.542440169855,-0.51928440835,-0.239198413474,-0.212176920588,-0.522706511704,-0.251668298307,0.0197336581507,-0.0394913777186,6.9493773644,1.05826794511,2.17058208949,-0.518793456316,-0.251505254332,0.0237604446571,-0.00144040500897,0.0237604446571,-0.00144040500897,-0.0083959760248,4,0
3130,6.26,2,0.77752840519,0,0.0813880339265,0,0,0.0813880339265,0,0.0813880339265,0,0.773491820752,0.31438155915,0.777528400009,0.342396994173,-0.00403657925696,-0.0280154350231,0.11267281769,-0.453862595098,0.08138803732,7.17928367165e-05,0.00610969429418,0.777360997126,0.304461122803,-1.04626730038e-05,0.00261566825094,0.777432789963,0.774105510777,0.298998008056,0.310570817097,0.774371140899,0.314418197489,-0.00306164906418,0.00384738039175,-6.56345231765,0.08138803732,-0.348160985743,0.773491820752,0.31438155915,-0.00403657925696,-0.0280154350231,-0.00403657925696,-0.0280154350231,0.00697120833478,4,0
3135,6.27,1,-0.544778108597,0,2.0582678318,0,0,2.0582678318,0,2.0582678318,0,-0.520965858265,-0.178865138509,-0.544778129745,-0.198755359713,0.0238122714799,0.0198902212045,1.39285885238,2.82050279929,2.05826794511,-7.39401276576e-05,-0.00596151305247,-0.54462466587,-0.167418239724,1.11232679051e-05,-0.00278081697628,-0.544698605998,-0.521306993728,-0.162225280309,-0.173379752777,-0.509321843178,-0.178379971213,0.0353767628203,-0.00500021843639,7.93918037773,2.05826794511,4.22021044626,-0.520965858265,-0.178865138509,0.0238122714799,0.0198902212045,0.0238122714799,0.0198902212045,-0.00684879458436,4,0
3135,6.27,2,0.780601203442,0,-0.918611943722,0,0,-0.918611943722,0,-0.918611943722,0,0.776207323101,0.223581414259,0.780601179832,0.274074590268,-0.00439385673161,-0.0504931760093,-0.535942610381,-0.689426338019,-0.91861196268,5.57596322307e-05,0.00440753881372,0.780491113579,0.252909940403,-1.39040848952e-05,0.0034760212238,0.780546873211,0.776633742411,0.202781591489,0.257317479216,0.771706642908,0.223393885917,-0.00884023030254,-0.0339235932993,-10.4031902015,-0.91861196268,-1.2304456028,0.776207323101,0.223581414259,-0.00439385673161,-0.0504931760093,-0.00439385673161,-0.0504931760093,0.00507665440049,4,0
3140,6.28,1,-0.546264648438,0,3.0582678318,0,0,3.0582678318,0,3.0582678318,0,-0.522338016153,-0.0962647667812,-0.546264635133,-0.111605253294,0.0239266189799,0.0153404865123,0.902320830632,2.92523225117,3.05826794511,-2.30204409607e-05,-0.00169118178177,-0.546226476393,-0.105744498877,1.01030047126e-05,-0.00252575117816,-0.546249496834,-0.522515129571,-0.0809794554915,-0.107435680659,-0.514815340872,-0.0959513219778,0.0314341559622,0.0114843586808,8.89147318688,3.05826794511,3.82952050887,-0.522338016153,-0.0962647667812,0.0239266189799,0.0153404865123,0.0239266189799,0.0153404865123,-0.0019674270733,4,0
3140,6.28,2,0.782582938671,0,-1.17538285255,0,0,-1.17538285255,0,-1.17538285255,0,0.777922520371,0.120330949513,0.782582919963,0.143008228965,-0.0046603995919,-0.0226772794518,-0.459714974094,-0.71636570932,-1.1753828571,-4.52666345747e-06,-0.0006435063569,0.782609070256,0.15187904041,-1.26287558978e-05,0.00315718897445,0.782604543593,0.778143912125,0.10122431039,0.151235534053,0.774104006836,0.120171844783,-0.00850053675621,-0.0310636892701,-11.0418986453,-1.1753828571,-1.1753828571,0.777922520371,0.120330949513,-0.0046603995919,-0.0226772794518,-0.0046603995919,-0.0226772794518,-0.00069782631839,4,0
3145,6.29,1,-0.546815574169,0,2.45826792717,0,0,2.45826792717,0,2.45826792717,0,-0.522947708367,-0.0304934488998,-0.546815601342,-0.0218301782385,0.0238678929748,-0.00866327066131,-1.63257952118,2.81320524713,2.45826794511,2.91993367417e-06,0.000164231244808,-0.54681652538,-0.0205171996633,5.85885264914e-06,-0.00146471316229,-0.546813605446,-0.522999348632,-0.0214259930179,-0.0203529684185,-0.536530616859,-0.0310594034203,0.0102829885876,-0.0107064350018,8.21621572222,2.45826794511,1.18042645551,-0.522947708367,-0.0304934488998,0.0238678929748,-0.00866327066131,0.0238678929748,-0.00866327066131,0.000199270448898,4,0
3145,6.29,2,0.78328704834,0,-0.334870368242,0,0,-0.334870368242,0,-0.334870368242,0,0.778684635549,0.0381168021283,0.783287061301,0.0311147146513,-0.00460242575277,0.00700208747705,0.267669563228,-0.576572013922,-0.334870353844,-3.43882486721e-05,-0.0027662580867,0.783357401302,0.0448764028818,-7.32356581212e-06,0.00183089145302,0.783323013053,0.778749185862,0.0267824822748,0.0421101447951,0.780937794483,0.0382106837506,-0.00238521857,-0.00389946104445,-7.25827315687,-0.334870353844,-0.305723533623,0.778684635549,0.0381168021283,-0.00460242575277,0.00700208747705,-0.00460242575277,0.00700208747705,-0.00317891707076,4,0
3150,6.3,1,-0.546712994576,0,1.45826792717,0,0,1.45826792717,0,1.45826792717,0,-0.52308,-0.00421921584823,-0.546713004555,0.0258304964973,0.0236330045554,-0.0300497123455,-4.83641699853,2.56190904341,1.45826794511,-3.77068632876e-05,-0.00341995456332,-0.546610127696,0.0524469594497,1.33998834817e-06,-0.000334997087029,-0.546647834559,-0.523087420108,-0.0027050628394,0.0490270048864,-0.563281410564,-0.00589427462175,-0.0166335760055,-0.0549212795082,7.14979312972,1.45826794511,-2.2706355182,-0.52308,-0.00421921584823,0.0236330045554,-0.0300497123455,0.0236330045554,-0.0300497123455,-0.00387243692277,4,0
3150,6.3,2,0.783340632915,0,0.66512966156,0,0,0.66512966156,0,0.66512966156,0,0.77885,0.00527401081487,0.783340636014,-0.000956797555653,-0.00449063601407,0.00623080837053,1.2398386086,-0.428211882461,0.665129646156,1.45690806255e-05,0.00154390544071,0.783286443548,-0.0174518212177,-1.67498543535e-06,0.000418746358825,0.783301012629,0.778859275117,0.0033813195537,-0.015907915777,0.789149784049,0.00570316848357,0.00584877142021,0.0216110842606,-3.02832357568,0.665129646156,0.809907991728,0.77885,0.00527401081487,-0.00449063601407,0.00623080837053,-0.00449063601407,0.00623080837053,0.00171873440821,4,0
3155,6.31,1,-0.546331644058,0,1.2582679987,0,0,1.2582679987,0,1.2582679987,0,-0.523007943445,0.0284614968061,-0.546331648399,0.0466475299776,0.023323704954,-0.0181860331715,-0.14661506158,2.49717663695,1.25826794511,-9.03208167887e-05,-0.00763695152827,-0.546123337994,0.0936002897396,8.55375073372e-06,-0.00213843768343,-0.546213658811,-0.522938685961,0.0410440548541,0.0859633382113,-0.52415507074,0.0284136998355,0.0220585880715,-0.0575496383758,6.9076294807,1.25826794511,2.3592823767,-0.523007943445,0.0284614968061,0.023323704954,-0.0181860331715,0.023323704954,-0.0181860331715,-0.00872080132974,4,0
3155,6.31,2,0.783354401588,0,-0.334870368242,0,0,-0.334870368242,0,-0.334870368242,0,0.778759929216,-0.0355768799993,0.783354400726,-0.0037577423969,-0.00459447150997,-0.0318191376024,-0.249920246563,-0.529369308064,-0.334870353844,7.65676131394e-05,0.00650731130272,0.783176373335,-0.0440426112757,-1.06921884143e-05,0.00267304710357,0.783252940949,0.778673357343,-0.0513050775554,-0.037535299973,0.776619092869,-0.0356660815138,-0.00663384807986,0.00186921845924,-6.93864455163,-0.334870353844,-0.786715677287,0.778759929216,-0.0355768799993,-0.00459447150997,-0.0318191376024,-0.00459447150997,-0.0318191376024,0.00742612266039,4,0
3160,6.32,1,-0.545599222183,0,2.25826787949,0,0,2.25826787949,0,2.25826787949,0,-0.522374275337,0.102272197035,-0.545599230785,0.0962255559047,0.0232249554483,0.00604664113047,1.70505300086,2.67435028747,2.25826794511,-7.70653846596e-05,-0.00621834841578,-0.545438969132,0.12902270828,1.11996320704e-05,-0.00279990801759,-0.545516034517,-0.522153004736,0.119035024658,0.122804359864,-0.508130702646,0.102865679231,0.0373853318711,-0.0199386806331,7.85558765676,2.25826794511,4.38654642137,-0.522374275337,0.102272197035,0.0232249554483,0.00604664113047,0.0232249554483,0.00604664113047,-0.00714313303169,4,0
3160,6.32,2,0.782953500748,0,-1.33487033844,0,0,-1.33487033844,0,-1.33487033844,0,0.777967843991,-0.127840255249,0.78295351372,-0.0741030801825,-0.00498566972899,-0.0537371750662,-0.895822407662,-0.768241115613,-1.33487035384,5.98797992104e-05,0.00474557048057,0.782834527621,-0.0971751249038,-1.39995400791e-05,0.00349988501977,0.78289440742,0.777691255722,-0.148793789764,-0.0924295544233,0.770470139708,-0.128152659594,-0.0124242677124,-0.0357231051706,-10.7105011008,-1.33487035384,-1.66952765135,0.777967843991,-0.127840255249,-0.00498566972899,-0.0537371750662,-0.00498566972899,-0.0537371750662,0.00546412807109,4,0
3165,6.33,1,-0.544145345688,0,3.25826787949,0,0,3.25826787949,0,3.25826787949,0,-0.520933544256,0.184951040982,-0.544145335401,0.181857871069,0.0232117911445,0.00309316991275,1.14624922111,2.77454402953,3.25826794511,-2.50893882619e-05,-0.00185590337371,-0.544102958653,0.188566229283,1.00039101795e-05,-0.00250097754487,-0.544128048041,-0.520548359283,0.200095419447,0.186710325909,-0.511380078492,0.185349102055,0.0327479695495,-0.00136122385396,8.76638943168,3.25826794511,3.92295022667,-0.520933544256,0.184951040982,0.0232117911445,0.00309316991275,0.0232117911445,0.00309316991275,-0.00215697603285,4,0
3165,6.33,2,0.781440019608,0,-1.59083354473,0,0,-1.59083354473,0,-1.59083354473,0,0.776166930052,-0.231188810101,0.781440019653,-0.207527409507,-0.00527308960128,-0.0236614005935,-0.800834894065,-0.790462513383,-1.59083350627,-1.9580825932e-06,-0.000440404190577,0.781461029283,-0.199667290797,-1.25048877111e-05,0.00312622192776,0.7814590712,0.775685448817,-0.250119283163,-0.200107694987,0.769508731151,-0.231466235055,-0.0119503400494,-0.0313585400679,-11.2779658597,-1.59083350627,-1.59083350627,0.776166930052,-0.231188810101,-0.00527308960128,-0.0236614005935,-0.00527308960128,-0.0236614005935,-0.000463901181695,4,0
3170,6.34,1,-0.541770756245,0,2.65826797485,0,0,2.65826797485,0,2.65826797485,0,-0.518735681804,0.249683268447,-0.541770768572,0.270089127111,0.0230350867688,-0.0204058586639,-1.39434088061,2.65301298362,2.65826794511,1.99921568835e-06,9.07526972907e-05,-0.541769858222,0.271762171895,5.6928628821e-06,-0.00142321572052,-0.541767859006,-0.518227221306,0.258499895754,0.271852924592,-0.530336005885,0.24919992161,0.0114318531219,-0.0226530029818,8.04973386158,2.65826794511,1.25855735972,-0.518735681804,0.249683268447,0.0230350867688,-0.0204058586639,0.0230350867688,-0.0204058586639,0.000114743285551,4,0
3170,6.34,2,0.778626561165,0,-0.738095462322,0,0,-0.738095462322,0,-0.738095462322,0,0.773419601897,-0.312104094333,0.778626535775,-0.321371629061,-0.00520693387785,0.00926753472793,-0.0731060174526,-0.637242926728,-0.738095467029,-3.36782233058e-05,-0.00271399563378,0.778695756883,-0.307760955644,-7.11607859161e-06,0.0017790196479,0.778662078659,0.772784026258,-0.323124878451,-0.310474951277,0.772837380339,-0.312128353565,-0.00582469832024,-0.00165340228769,-7.378449423,-0.738095467029,-0.707230809867,0.773419601897,-0.312104094333,-0.00520693387785,0.00926753472793,-0.00520693387785,0.00926753472793,-0.00311813431345,4,0
3175,6.35,1,-0.53875875473,0,1.65826797485,0,0,1.65826797485,0,1.65826797485,0,-0.516071531762,0.27510120289,-0.538758735255,0.316112785145,0.0226872034923,-0.0410115822541,-4.46857997195,2.39393624998,1.65826794511,-3.77907220314e-05,-0.00342320549982,-0.53865591076,0.34266923166,1.30166796419e-06,-0.00032541699105,-0.538693701482,-0.515520339533,0.276572365594,0.339246026161,-0.55321291085,0.273553645428,-0.0145192093679,-0.0656923807321,6.94213297234,1.65826794511,-2.07076702781,-0.516071531762,0.27510120289,0.0226872034923,-0.0410115822541,0.0226872034923,-0.0410115822541,-0.00387669416419,4,0
3175,6.35,2,0.775144517422,0,0.261904537678,0,0,0.261904537678,0,0.261904537678,0,0.770089414258,-0.343876512334,0.775144500104,-0.355228226141,-0.00505508584553,0.0113517138065,0.857152661761,-0.473502575642,0.261904532971,1.36047665594e-05,0.00145626667083,0.775092945522,-0.371043528607,-1.62708495266e-06,0.000406771238176,0.775106550289,0.769400423954,-0.34571546571,-0.369587261936,0.777206501021,-0.343579967053,0.00209995073193,0.0260072948836,-3.08167688503,0.261904532971,0.382030562249,0.770089414258,-0.343876512334,-0.00505508584553,0.0113517138065,-0.00505508584553,0.0113517138065,0.00161952386954,4,0
3180,6.36,1,-0.535484731197,0,1.45826792717,0,0,1.45826792717,0,1.45826792717,0,-0.513210021321,0.306639907426,-0.535484745276,0.335239094032,0.0222747239553,-0.028599186606,0.0645616221643,2.32150956738,1.45826794511,-8.95827686014e-05,-0.00757139779039,-0.535278379551,0.381699975697,8.19989945855e-06,-0.00204997486463,-0.535367962319,-0.512584906022,0.318707574267,0.374128577906,-0.512601011853,0.306665282821,0.0227669504665,-0.0674632950854,6.65903809246,1.45826794511,2.39471758056,-0.513210021321,0.306639907426,0.0222747239553,-0.028599186606,0.0222747239553,-0.028599186606,-0.00864639101361,4,0
3180,6.36,2,0.77160513401,0,-0.738095462322,0,0,-0.738095462322,0,-0.738095462322,0,0.76651252612,-0.383299892935,0.771605142629,-0.359777690862,-0.00509261650896,-0.0235222020737,-0.585190799351,-0.554361793492,-0.738095467029,7.40551410926e-05,0.00629060659108,0.771433264745,-0.398593191217,-1.02498743035e-05,0.00256246857589,0.771507319886,0.765731131978,-0.398384476457,-0.392302584626,0.761584664205,-0.383505220515,-0.00992265568068,0.00879736411071,-6.92481542372,-0.738095467029,-1.14673186113,0.76651252612,-0.383299892935,-0.00509261650896,-0.0235222020737,-0.00509261650896,-0.0235222020737,0.0071792682842,4,0
3185,6.37,1,-0.531875491142,0,2.45826792717,0,0,2.45826792717,0,2.45826792717,0,-0.509810098854,0.376983394308,-0.531875498815,0.383344368915,0.0220653999612,-0.00636097460696,1.78008375736,2.47843553314,2.45826794511,-7.51316882909e-05,-0.00605058068902,-0.531720022722,0.414988201741,1.05722821632e-05,-0.0026430705408,-0.531795154411,-0.509040325434,0.392815921246,0.408937621052,-0.494943942167,0.377602817504,0.0368512122433,-0.0313348035487,7.56620611098,2.45826794511,4.26547145145,-0.509810098854,0.376983394308,0.0220653999612,-0.00636097460696,0.0220653999612,-0.00636097460696,-0.00695216094851,4,0
3185,6.37,2,0.767632186413,0,-1.73809552193,0,0,-1.73809552193,0,-1.73809552193,0,0.76226262295,-0.471229251355,0.767632170735,-0.432162896899,-0.00536954778471,-0.0390663544563,-1.18786414498,-0.752418415458,-1.73809546703,5.54184906746e-05,0.00436338728618,0.767523908899,-0.452709862115,-1.3215352673e-05,0.00330383816825,0.76757932739,0.761300406159,-0.491019909981,-0.448346474829,0.752339080038,-0.47164273231,-0.0152402473518,-0.0232962574806,-10.6288200944,-1.73809546703,-1.94531096961,0.76226262295,-0.471229251355,-0.00536954778471,-0.0390663544563,-0.00536954778471,-0.0390663544563,0.00502840917427,4,0
3190,6.38,1,-0.527563929558,0,3.45826792717,0,0,3.45826792717,0,3.45826792717,0,-0.505647005238,0.454545694638,-0.527563948332,0.466167383946,0.0219169430943,-0.0116216893079,1.18843303802,2.54702778844,3.45826794511,-2.33242135176e-05,-0.00173443438168,-0.527524376986,0.472491274418,9.27623317792e-06,-0.00231905829449,-0.5275477012,-0.504723724461,0.468597563283,0.470756840037,-0.495743803605,0.454958328039,0.0318038975949,-0.0157985119976,8.43637466635,3.45826794511,3.7374751514,-0.505647005238,0.454545694638,0.0219169430943,-0.0116216893079,0.0219169430943,-0.0116216893079,-0.0020143249439,4,0
3190,6.38,2,0.762545704842,0,-1.81493854523,0,0,-1.81493854523,0,-1.81493854523,0,0.757058755846,-0.568182126523,0.762545686789,-0.562301704486,-0.00548693094251,-0.00588042203735,-1.08020946336,-0.735632545409,-1.81493855485,-6.85626729499e-06,-0.000821178712177,0.762576536617,-0.552496626795,-1.15952914396e-05,0.00289882285989,0.762569680349,0.755904654859,-0.585746962281,-0.553317805508,0.748080126998,-0.568556236059,-0.0144895533508,-0.015238430551,-10.4275114844,-1.81493855485,-1.81493855485,0.757058755846,-0.568182126523,-0.00548693094251,-0.00588042203735,-0.00548693094251,-0.00588042203735,-0.000903453919717,4,0
3195,6.39,1,-0.522397458553,0,2.57315158844,0,0,2.57315158844,0,2.57315158844,0,-0.500779687899,0.514171467767,-0.522397457657,0.545023487056,0.0216177697581,-0.0308520192891,-1.19777820673,2.41678984312,2.57315167725,-2.68293113184e-06,-0.000330507404502,-0.522384292793,0.549718914336,5.16916960314e-06,-0.00129229240078,-0.522386975724,-0.499743075083,0.52218328538,0.549388406932,-0.510740856738,0.513756419065,0.0116461189859,-0.0356319878668,7.40050194539,2.57315167725,1.21937433897,-0.500779687899,0.514171467767,0.0216177697581,-0.0308520192891,0.0216177697581,-0.0308520192891,-0.000362702578084,4,0
3195,6.39,2,0.756249010563,0,-0.977771580219,0,0,-0.977771580219,0,-0.977771580219,0,0.750974609092,-0.64271434271,0.756249003886,-0.664985522422,-0.00527439479369,0.0222711797118,-0.398037137055,-0.57190361204,-0.977771572873,-3.15727649385e-05,-0.00250445858118,0.756311626399,-0.653159830731,-6.46146198202e-06,0.00161536549551,0.756280053634,0.749678843056,-0.652729114693,-0.655664289312,0.747687367731,-0.6428513111,-0.0085926859033,0.0128129782122,-6.55992904185,-0.977771572873,-0.967057417335,0.750974609092,-0.64271434271,-0.00527439479369,0.0222711797118,-0.00527439479369,0.0222711797118,-0.00288333176044,4,0
3200,6.4,1,-0.516698658466,0,1.57315170765,0,0,1.57315170765,0,1.57315170765,0,-0.495486494529,0.5371360013,-0.516698629909,0.580636641716,0.0212121353805,-0.0435006404161,-3.94871940928,2.18625110805,1.57315167725,-4.57150859472e-05,-0.00408755523923,-0.516577704969,0.611259547551,1.18155899459e-06,-0.000295389748645,-0.516623420055,-0.494411323397,0.538471735134,0.607171992311,-0.52829689264,0.535768901379,-0.0116734725858,-0.0714030909326,6.26190518117,1.57315167725,-1.75783216495,-0.495486494529,0.5371360013,0.0212121353805,-0.0435006404161,0.0212121353805,-0.0435006404161,-0.0046361362706,4,0
3200,6.4,2,0.749397218227,0,-0.00417902320623,0,0,-0.00417902320623,0,-0.00417902320623,0,0.7443581173,-0.671420009524,0.749397207976,-0.687821977168,-0.00503909067615,0.0164019676436,0.431645392707,-0.433681428858,-0.00417902300425,1.90596551781e-05,0.0019142709909,0.749333139504,-0.706455959372,-1.47694873809e-06,0.000369237184529,0.749352199159,0.743014153369,-0.673089676811,-0.704541688381,0.747931100919,-0.671271135207,-0.00142109824063,0.0332705531742,-2.34913587686,-0.00417902300425,-0.00417902300425,0.7443581173,-0.671420009524,-0.00503909067615,0.0164019676436,-0.00503909067615,0.0164019676436,0.00214298685304,4,0
3205,6.41,1,-0.510837852955,0,1.37681186199,0,0,1.37681186199,0,1.37681186199,0,-0.490015329426,0.56555100492,-0.510837865447,0.590109935349,0.0208225360211,-0.0245589304287,0.143539279797,2.15189185406,1.37681186489,-9.7015207716e-05,-0.00818379800984,-0.510615245268,0.640082777297,7.33081834342e-06,-0.00183270458586,-0.510712260476,-0.488873634605,0.576345524664,0.631898979287,-0.488743477001,0.565603998771,0.0219687834745,-0.0662949805156,5.95340219948,1.37681186489,2.30477911436,-0.490015329426,0.56555100492,0.0208225360211,-0.0245589304287,0.0208225360211,-0.0245589304287,-0.00934798050243,4,0
3205,6.41,2,0.742585837841,0,-1.00417900085,0,0,-1.00417900085,0,-1.00417900085,0,0.737519160843,-0.70693876392,0.742585809226,-0.683536106609,-0.0050666483831,-0.0234026573106,-0.87289897228,-0.541821234031,-1.004179023,7.86713062515e-05,0.00666541682299,0.742404210927,-0.724369247301,-9.16352289404e-06,0.00229088072351,0.742482882234,0.736092042301,-0.720431913547,-0.717703830478,0.73019430723,-0.707243966154,-0.0122885750036,0.0104598643238,-6.17160402351,-1.004179023,-1.42232967881,0.737519160843,-0.70693876392,-0.0050666483831,-0.0234026573106,-0.0050666483831,-0.0234026573106,0.00760947249801,4,0
3210,6.42,1,-0.504733681679,0,2.3768119812,0,0,2.3768119812,0,2.3768119812,0,-0.484062782232,0.628007338469,-0.504733675903,0.629366754916,0.0206708936712,-0.00135941644682,1.61582296227,2.32540474237,2.37681186489,-8.05997426981e-05,-0.00649563331655,-0.504566590258,0.663447809765,9.28063688549e-06,-0.00232015922137,-0.504647190001,-0.48279287369,0.641914748826,0.656952176449,-0.470558844963,0.628570002522,0.0340883450375,-0.0283821739264,6.83236648009,2.37681186489,3.94869053487,-0.484062782232,0.628007338469,0.0206708936712,-0.00135941644682,0.0206708936712,-0.00135941644682,-0.00746283022893,4,0
3210,6.42,2,0.735421359539,0,-2.00417900085,0,0,-2.00417900085,0,-2.00417900085,0,0.730078476774,-0.785009180539,0.735421354103,-0.74843305723,-0.0053428773292,-0.0365761233092,-1.39475280344,-0.735014115416,-2.004179023,5.72037033341e-05,0.00449654755379,0.73531009743,-0.769434689622,-1.16007960559e-05,0.00290019901396,0.735367301133,0.728491091081,-0.802393443409,-0.764938142069,0.718432563744,-0.785494426915,-0.0169347373885,-0.0205562848465,-9.85322123087,-2.004179023,-2.13494991085,0.730078476774,-0.785009180539,-0.0053428773292,-0.0365761233092,-0.0053428773292,-0.0365761233092,0.00518299199379,4,0
3215,6.43,1,-0.498015910387,0,3.3768119812,0,0,3.3768119812,0,3.3768119812,0,-0.477438908563,0.695579570597,-0.498015898455,0.702966414497,0.0205769898913,-0.0073868438996,1.02928612144,2.3971366737,3.37681186489,-2.77456275028e-05,-0.00211011749448,-0.497966171923,0.711582569055,7.96569633033e-06,-0.00199142408258,-0.497993917551,-0.47603554511,0.707655998836,0.70947245156,-0.468856066111,0.695937189033,0.02913785144,-0.0135352625275,7.67495593479,3.37681186489,3.42886586016,-0.477438908563,0.695579570597,0.0205769898913,-0.0073868438996,0.0205769898913,-0.0073868438996,-0.00244306502451,4,0
3215,6.43,2,0.727227449417,0,-1.98535382748,0,0,-1.98535382748,0,-1.98535382748,0,0.721798634616,-0.869474470309,0.727227447269,-0.868437589499,-0.00542881265319,-0.00103688081001,-1.2815036575,-0.704764203227,-1.98535379179,-7.02696356465e-06,-0.00082974538013,0.727258627425,-0.858563064585,-9.95712036256e-06,0.00248928009063,0.727251600461,0.720044430285,-0.884570005531,-0.859392809965,0.71114554965,-0.869918348849,-0.0161060508114,-0.0105255388838,-9.25500713224,-1.98535379179,-1.98535379179,0.721798634616,-0.869474470309,-0.00542881265319,-0.00103688081001,-0.00542881265319,-0.00103688081001,-0.000914068942906,4,0
3220,6.44,1,-0.490547269583,0,2.3768119812,0,0,2.3768119812,0,2.3768119812,0,-0.470207967788,0.746352382776,-0.490547266521,0.770650140911,0.0203392987329,-0.0242977581353,-1.05176184,2.2835781376,2.37681186489,-8.32532379635e-06,-0.000804119279413,-0.49052135242,0.778161913474,4.3206783874e-06,-0.00108016959684,-0.490529677744,-0.468708336848,0.75305597873,0.777357794195,-0.478949939228,0.745988133966,0.0115797385159,-0.0313696602285,6.49991215447,2.37681186489,1.23272032076,-0.470207967788,0.746352382776,0.0203392987329,-0.0242977581353,0.0203392987329,-0.0242977581353,-0.000904023164969,4,0
3220,6.44,2,0.717939019203,0,-1.22085642815,0,0,-1.22085642815,0,-1.22085642815,0,0.712759958578,-0.932940485196,0.717939032668,-0.959863749601,-0.00517907409055,0.0269232644058,-0.688081216287,-0.535579782634,-1.22085647565,-3.07795356284e-05,-0.00243516884145,0.717999859964,-0.948408284238,-5.40084795242e-06,0.00135021198811,0.717969080428,0.710885419889,-0.941319980089,-0.950843453079,0.707059216591,-0.933178016112,-0.0109098638374,0.0176654369677,-5.66660050011,-1.22085647565,-1.22085647565,0.712759958578,-0.932940485196,-0.00517907409055,0.0269232644058,-0.00517907409055,0.0269232644058,-0.00280452326899,4,0
3225,6.45,1,-0.482657253742,0,1.37681186199,0,0,1.37681186199,0,1.37681186199,0,-0.462618321895,0.7654205693,-0.482657265179,0.79540911067,0.0200389432847,-0.0299885413704,-3.30566272583,2.10268690043,1.37681186489,-5.05629395608e-05,-0.00448790029666,-0.482525665722,0.828360851907,9.87208327918e-07,-0.000246802081985,-0.482576228661,-0.461086728817,0.766536945196,0.823872951611,-0.490075387297,0.764276524908,-0.00749915863598,-0.0595964267026,5.33845230893,1.37681186489,-1.19788116983,-0.462618321895,0.7654205693,0.0200389432847,-0.0299885413704,0.0200389432847,-0.0299885413704,-0.00509465557139,4,0
3225,6.45,2,0.708189606667,0,-0.428215801716,0,0,-0.428215801716,0,-0.428215801716,0,0.703272901145,-0.956775718206,0.708189610702,-0.974174619609,-0.00491670955766,0.0173989014038,-0.0114480443921,-0.41463919797,-0.428215803501,1.89384508181e-05,0.00190129972926,0.708125995464,-0.992677964833,-1.23401040275e-06,0.000308502600697,0.708144933915,0.701358409784,-0.958171188067,-0.990776665104,0.703159958846,-0.956780424135,-0.00498497506957,0.0339962409693,-2.16148084904,-0.428215803501,-0.428215803501,0.703272901145,-0.956775718206,-0.00491670955766,0.0173989014038,-0.00491670955766,0.0173989014038,0.00212856113908,4,0
3230,6.46,1,-0.47468495369,0,1.51020002365,0,0,1.51020002365,0,1.51020002365,0,-0.454881275556,0.788926452824,-0.474684948687,0.800535263877,0.0198036731306,-0.0116088110536,0.0894984268263,2.107095375,1.51020007365,-9.55183951642e-05,-0.00798266519329,-0.474469935533,0.84791032393,6.00111495092e-06,-0.00150027873773,-0.474565453928,-0.453294738097,0.797769566095,0.839927658737,-0.45406080571,0.788960639067,0.0205046482176,-0.0509670196694,5.33377972186,1.51020007365,2.20572268776,-0.454881275556,0.788926452824,0.0198036731306,-0.0116088110536,0.0198036731306,-0.0116088110536,-0.00912888593526,4,0
3230,6.46,2,0.698493659496,0,-1.42821586132,0,0,-1.42821586132,0,-1.42821586132,0,0.693601593157,-0.986158072428,0.698493687587,-0.974622339845,-0.0048920944307,-0.0115357325835,-1.09657038273,-0.489804110556,-1.4282158035,7.11199752895e-05,0.00594348822491,0.698334228975,-1.00943087759,-7.50139363981e-06,0.00187534840994,0.69840534895,0.691618421319,-0.997211963946,-1.00348738936,0.684422800971,-0.986540522103,-0.0139825479794,0.0169468672609,-5.93259689744,-1.4282158035,-1.59317142122,0.693601593157,-0.986158072428,-0.0048920944307,-0.0115357325835,-0.0048920944307,-0.0115357325835,0.00679692792838,4,0
3235,6.47,1,-0.46647310257,0,2.51020002365,0,0,2.51020002365,0,2.51020002365,0,-0.446750124067,0.839571271905,-0.466473089447,0.839910294483,0.0197229653801,-0.000339022578423,1.22696921058,2.24358115142,2.51020007365,-6.85517854095e-05,-0.00547587187988,-0.466333357784,0.867973765567,7.40585506054e-06,-0.00185146376513,-0.46640190957,-0.445059873426,0.85067971194,0.862497893687,-0.436490704693,0.839998747712,0.0299112048765,-0.0224991459748,6.18222821009,2.51020007365,3.47684885531,-0.446750124067,0.839571271905,0.0197229653801,-0.000339022578423,0.0197229653801,-0.000339022578423,-0.00629849330479,4,0
3235,6.47,2,0.688373148441,0,-2.07835483551,0,0,-2.07835483551,0,-2.07835483551,0,0.683437653733,-1.04946409585,0.688373128406,-1.04538519203,-0.00493547467353,-0.00407890381843,-1.50516129817,-0.569999129731,-2.07835484507,3.65740331194e-05,0.00275552877547,0.688308761249,-1.05600415586,-9.25731875778e-06,0.00231432968944,0.688345335282,0.68132484042,-1.06334964579,-1.05324862708,0.670889807228,-1.04998692279,-0.0174555280547,0.0032617042981,-8.15078324367,-2.07835484507,-2.07835484507,0.683437653733,-1.04946409585,-0.00493547467353,-0.00407890381843,-0.00493547467353,-0.00407890381843,0.0031944171729,4,0
3240,6.48,1,-0.457692354918,0,2.97118186951,0,0,2.97118186951,0,2.97118186951,0,-0.438081672689,0.892907623974,-0.457692342196,0.905604733718,0.0196106695067,-0.0126971097442,0.683332719994,2.25799811355,2.97118182649,-2.32290095811e-05,-0.00177174442044,-0.457649717737,0.913270323063,6.15464548642e-06,-0.0015386613716,-0.457672946746,-0.436286405046,0.902249805406,0.911498578642,-0.432380044578,0.893145191812,0.0252929021686,-0.018353386831,6.45916332335,2.97118182649,2.94338132608,-0.438081672689,0.892907623974,0.0196106695067,-0.0126971097442,0.0196106695067,-0.0126971097442,-0.00205049253542,4,0
3240,6.48,2,0.677323997021,0,-1.88355267048,0,0,-1.88355267048,0,-1.88355267048,0,0.672602089453,-1.11613453542,0.67732399213,-1.1446440873,-0.00472190267705,0.0285095518752,-1.39377094731,-0.49181674643,-1.88355263142,-1.92292578842e-05,-0.00180431122659,0.677379150984,-1.13015484947,-7.6933067934e-06,0.00192332669836,0.677359921727,0.670358004889,-1.12781226211,-1.13195916069,0.661024390583,-1.11661693954,-0.0163355311431,0.0153422211514,-6.85828066032,-1.88355263142,-1.88355263142,0.672602089453,-1.11613453542,-0.00472190267705,0.0285095518752,-0.00472190267705,0.0285095518752,-0.0020350623212,4,0
3245,6.49,1,-0.44831943512,0,1.97118186951,0,0,1.97118186951,0,1.97118186951,0,-0.428941455079,0.931637232684,-0.4483194269,0.953283620135,0.0193779718208,-0.0216463874511,-0.960883118851,2.15469592487,1.97118182649,-1.86001546543e-05,-0.00169196232991,-0.448268406959,0.966683258852,3.20070305804e-06,-0.000800175764514,-0.448287007113,-0.427073033343,0.93661139539,0.964991296522,-0.436919004789,0.931304834779,0.0113680023244,-0.0336864617428,5.26765752025,1.97118182649,1.19572797021,-0.428941455079,0.931637232684,0.0193779718208,-0.0216463874511,0.0193779718208,-0.0216463874511,-0.00191516418576,4,0
3245,6.49,2,0.665451407433,0,-1.25509476662,0,0,-1.25509476662,0,-1.25509476662,0,0.661176817389,-1.16454654588,0.665451415456,-1.20753238846,-0.00427459806721,0.0429858425736,-0.926704402285,-0.330666662075,-1.2550948187,-2.56308419871e-05,-0.00196867555879,0.665498295355,-1.19954486888,-4.00087878327e-06,0.00100021969582,0.665472664513,0.658841290209,-1.1707642492,-1.20151354444,0.653486600488,-1.16486697159,-0.0119860640248,0.0366465728559,-3.85191936792,-1.2550948187,-1.2550948187,0.661176817389,-1.16454654588,-0.00427459806721,0.0429858425736,-0.00427459806721,0.0429858425736,-0.00227624566264,4,0
3250,6.5,1,-0.438703715801,0,0.971181809902,0,0,0.971181809902,0,0.971181809902,0,-0.419532242028,0.945610947911,-0.43870372919,0.961914577488,0.019171487162,-0.0163036295772,-2.57524655726,2.04623670743,0.971181826493,-6.16292367615e-05,-0.005383551921,-0.438548960008,0.999627491549,7.30827731388e-07,-0.000182706932853,-0.438610589244,-0.417640462629,0.946437819865,0.994243939628,-0.440904499535,0.944720437181,-0.00229391029028,-0.0495235024468,4.09543956941,0.971181826493,-0.522886747068,-0.419532242028,0.945610947911,0.019171487162,-0.0163036295772,0.019171487162,-0.0163036295772,-0.00612310276213,4,0
3250,6.5,2,0.65333211422,0,-0.699621021748,0,0,-0.699621021748,0,-0.699621021748,0,0.649415301025,-1.18201368974,0.653332114047,-1.20622107697,-0.00391681302131,0.0242073872368,-0.445933005341,-0.250991306015,-0.699621030913,2.52084537662e-05,0.00239421811253,0.653256316604,-1.22699902344,-9.13534655367e-07,0.000228383663837,0.653281525058,0.647050576768,-1.18304727967,-1.22460480532,0.645683199328,-1.18216919397,-0.00759832573052,0.0424356113498,-1.31700861946,-0.699621030913,-0.699621030913,0.649415301025,-1.18201368974,-0.00391681302131,0.0242073872368,-0.00391681302131,0.0242073872368,0.00269671955773,4,0
3255,6.51,1,-0.429136782885,0,1.31418979168,0,0,1.31418979168,0,1.31418979168,0,-0.41001546153,0.962730750228,-0.429136788682,0.956306434302,0.0191213271523,0.0064243159264,-0.0896691047562,2.11257687786,1.31418978157,-9.9154871962e-05,-0.00823415878632,-0.428916145006,1.0044456538,4.29433943555e-06,-0.00107358485888,-0.429015299878,-0.408083769415,0.969066811698,0.996211495017,-0.410683011651,0.96270293564,0.018332288227,-0.033508559377,4.28744302684,1.31418978157,2.03233179035,-0.41001546153,0.962730750228,0.0191213271523,0.0064243159264,0.0191213271523,0.0064243159264,-0.00942401724986,4,0
3255,6.51,2,0.641351521015,0,-1.57820320129,0,0,-1.57820320129,0,-1.57820320129,0,0.637519325355,-1.20341344241,0.641351497187,-1.20111877179,-0.00383217183167,-0.00229467062034,-1.24372655422,-0.32795933844,-1.57820316991,6.88418385571e-05,0.00569117518504,0.641200256063,-1.23350729102,-5.36792423511e-06,0.00134198105879,0.641269097901,0.635104710203,-1.21133351916,-1.22781611583,0.627118683429,-1.20384680249,-0.0141504144718,0.0239693133412,-4.59714919001,-1.57820316991,-1.57820316991,0.637519325355,-1.20341344241,-0.00383217183167,-0.00229467062034,-0.00383217183167,-0.00229467062034,0.00651727724772,4,0
3260,6.52,1,-0.419437140226,0,2.31418967247,0,0,2.31418967247,0,2.31418967247,0,-0.400216615898,0.998381854599,-0.419437148685,0.983199840212,0.019220532787,0.0151820143868,0.64230433272,2.25104167874,2.31418978157,-7.10375786022e-05,-0.00572247820219,-0.419289845222,1.01335840272,5.0657361253e-06,-0.00126643403133,-0.4193608828,-0.398212227822,1.00599334017,1.00763592452,-0.394818660166,0.998606769421,0.024542222634,-0.0090291550963,5.12242866534,2.31418978157,2.8999209406,-0.400216615898,0.998381854599,0.019220532787,0.0151820143868,0.019220532787,0.0151820143868,-0.00657492914542,4,0
3260,6.52,2,0.629065692425,0,-1.91167294979,0,0,-1.91167294979,0,-1.91167294979,0,0.625270768271,-1.24797732236,0.629065720329,-1.25221895661,-0.00379495205727,0.00424163425282,-1.51362404933,-0.39517547886,-1.91167294457,3.27222243628e-05,0.00248074967854,0.62900773413,-1.26189549026,-6.33217007606e-06,0.00158304251902,0.629040456355,0.622765283168,-1.2574916792,-1.25941474058,0.612655191434,-1.24850297139,-0.0163852649209,0.0109117691894,-5.58023178009,-1.91167294457,-1.91167294457,0.625270768271,-1.24797732236,-0.00379495205727,0.00424163425282,-0.00379495205727,0.00424163425282,0.0028734163709,4,0
3265,6.53,1,-0.409315913916,0,2.44590306282,0,0,2.44590306282,0,2.44590306282,0,-0.390048257491,1.03413100745,-0.409315917093,1.03216201063,0.0192676596021,0.00196899681961,0.176428827634,2.26667435563,2.44590299331,-3.07609225785e-05,-0.00243067897609,-0.409253521828,1.04489142154,3.95687563137e-06,-0.000989218907836,-0.409284282751,-0.387973888927,1.04015193846,1.04246074256,-0.388557274023,1.03419313176,0.0207270087277,-0.00826761080228,5.06336123384,2.44590299331,2.44590299331,-0.390048257491,1.03413100745,0.0192676596021,0.00196899681961,0.0192676596021,0.00196899681961,-0.00279981004703,4,0
3265,6.53,2,0.61611521244,0,-1.74061071873,0,0,-1.74061071873,0,-1.74061071873,0,0.612560320225,-1.29266376282,0.616115223678,-1.32288473964,-0.00355490345358,0.0302209768214,-1.41129016899,-0.331143731843,-1.74061068515,-1.73903213098e-05,-0.00161453183193,0.616162885473,-1.31086468286,-4.94609446433e-06,0.0012365236161,0.616145495151,0.609967359514,-1.30018992646,-1.31247921469,0.600835118534,-1.29315231289,-0.0153103766179,0.0193269018015,-4.44790186841,-1.74061068515,-1.74061068515,0.612560320225,-1.29266376282,-0.00355490345358,0.0302209768214,-0.00355490345358,0.0302209768214,-0.00182321568764,4,0
3270,6.54,1,-0.398800492287,0,1.4473130703,0,0,1.4473130703,0,1.4473130703,0,-0.379573076535,1.05838388894,-0.398800496675,1.05983044138,0.0192274201399,-0.00144655243881,-0.927037709513,2.20900299866,1.44731309938,-3.20258894386e-05,-0.00280311180848,-0.398719776955,1.07967583244,1.87961578435e-06,-0.000469903946081,-0.398751802844,-0.377453263812,1.06131607346,1.07687272063,-0.387258486202,1.05806366354,0.0114933166425,-0.0188090570948,3.87268909906,1.44731309938,1.28515271162,-0.379573076535,1.05838388894,0.0192274201399,-0.00144655243881,0.0192274201399,-0.00144655243881,-0.00318742248175,4,0
3270,6.54,2,0.602623820305,0,-1.30567920208,0,0,-1.30567920208,0,-1.30567920208,0,0.599466343997,-1.32297986419,0.602623811196,-1.36011129282,-0.00315746719848,0.037131428632,-1.10007730635,-0.207022855977,-1.30567917275,-1.65829924849e-05,-0.00122199366389,0.602650817145,-1.35638266304,-2.3495196857e-06,0.000587379921419,0.602634234152,0.596816578087,-1.32664509477,-1.35760465671,0.590326742055,-1.32336068093,-0.0123074920968,0.034243975772,-2.28067461968,-1.30567917275,-1.30567917275,0.599466343997,-1.32297986419,-0.00315746719848,0.037131428632,-0.00315746719848,0.037131428632,-0.00142098957371,4,0
3275,6.55,1,-0.388214379549,0,0.4473131001,0,0,0.4473131001,0,0.4473131001,0,-0.368935511785,1.06638511295,-0.388214390128,1.05343962822,0.0192788783429,0.0129454847323,-1.79990885424,2.19431772376,0.447313099377,-6.95981853635e-05,-0.00600188885626,-0.388044726311,1.09381496211,4.28526541363e-07,-0.000107131635338,-0.388114324496,-0.366802413524,1.06687052556,1.08781307326,-0.383851880205,1.0657635976,0.00426244429069,-0.0220494756573,2.70194844988,0.447313099377,0.401245936597,-0.368935511785,1.06638511295,0.0192788783429,0.0129454847323,0.0192788783429,0.0129454847323,-0.00683706708062,4,0
3275,6.55,2,0.589050889015,0,-1.01450812817,0,0,-1.01450812817,0,-1.01450812817,0,0.586169388031,-1.332981394,0.589050883202,-1.34949876684,-0.00288149517028,0.0165173728379,-0.845483176901,-0.166089816334,-1.01450807903,2.82539399233e-05,0.00259603851718,0.588971688667,-1.37029277906,-5.35658166489e-07,0.000133914541634,0.588999942607,0.583503015199,-1.33358815975,-1.36769674054,0.579111489139,-1.33327547312,-0.00988845346768,0.034421267418,-0.825478389608,-1.01450807903,-1.01450807903,0.586169388031,-1.332981394,-0.00288149517028,0.0165173728379,-0.00288149517028,0.0165173728379,0.00293508579626,4,0
3280,6.56,1,-0.377760082483,0,1.4473130703,0,0,1.4473130703,0,1.4473130703,0,-0.358236971446,1.07604313392,-0.377760096403,1.04500046547,0.0195231249569,0.0310426684536,-0.37964480304,2.30572034085,1.44731309938,-9.25216216369e-05,-0.00761054030339,-0.377557941173,1.0884333984,2.31773477993e-06,-0.000579433694978,-0.377650462794,-0.356081499997,1.07947402554,1.0808228581,-0.36132264773,1.07591456407,0.0163278150642,-0.00490829402619,3.5412513379,1.44731309938,1.93479633757,-0.358236971446,1.07604313392,0.0195231249569,0.0310426684536,0.0195231249569,0.0310426684536,-0.00872079976304,4,0
3280,6.56,2,0.575634002686,0,-1.55319309235,0,0,-1.55319309235,0,-1.55319309235,0,0.572796212581,-1.34505391996,0.575633997362,-1.34403685722,-0.00283778478182,-0.00101706273895,-1.30588993955,-0.242217986907,-1.55319310681,5.47154568316e-05,0.00442859486709,0.57551881728,-1.3676946012,-2.89716840896e-06,0.000724292102225,0.575573532737,0.570101873264,-1.34934253439,-1.36326600634,0.561890353698,-1.34550833075,-0.0136831790396,0.0177576755879,-2.7492123654,-1.55319310681,-1.55319310681,0.572796212581,-1.34505391996,-0.00283778478182,-0.00101706273895,-0.00283778478182,-0.00101706273895,0.00508518034906,4,0
3285,6.57,1,-0.367189407349,0,2.3023223877,0,0,2.3023223877,0,2.3023223877,0,-0.347386129181,1.09446043358,-0.367189408169,1.06879119583,0.0198032789881,0.02566923775,-0.0988147661539,2.39556823637,2.30232234204,-6.03465319603e-05,-0.00484471343889,-0.367065415302,1.09394268343,2.40731835882e-06,-0.000601829589706,-0.367125761834,-0.345193546744,1.09809670706,1.08909796999,-0.348161831595,1.09442811264,0.0189639302399,0.00533014265195,4.21981280639,2.30232234204,2.30232234204,-0.347386129181,1.09446043358,0.0198032789881,0.02566923775,0.0198032789881,0.02566923775,-0.00556887182241,4,0
3285,6.57,2,0.561994373798,0,-1.6897469759,0,0,-1.6897469759,0,-1.6897469759,0,0.559232659726,-1.36807554396,0.561994378824,-1.38096436635,-0.00276171909789,0.012888822389,-1.42015751898,-0.268515831026,-1.68974697247,1.36850150458e-05,0.000909402283059,0.561978380187,-1.38150751146,-3.00914786044e-06,0.000752286965112,0.561992065202,0.556491931676,-1.37262088568,-1.38059810918,0.547409593038,-1.36856817174,-0.014582472164,0.0120299374405,-2.97515384254,-1.68974697247,-1.68974697247,0.559232659726,-1.36807554396,-0.00276171909789,0.012888822389,-0.00276171909789,0.012888822389,0.00107362246361,4,0
3290,6.58,1,-0.356305897236,0,1.92223000526,0,0,1.92223000526,0,1.92223000526,0,-0.3363567791,1.11037613646,-0.356305897909,1.09960905326,0.0199491188088,0.0107670832058,-0.457436195041,2.37657492728,1.92223006345,-3.26472723361e-05,-0.00269956394375,-0.356233653324,1.11558923087,1.510480728e-06,-0.000377620182001,-0.356266300597,-0.334133649822,1.11269749981,1.11288966692,-0.340136424415,1.11021865124,0.0161298761821,-0.00267101568072,3.6485213608,1.92223006345,1.92223006345,-0.3363567791,1.11037613646,0.0199491188088,0.0107670832058,0.0199491188088,0.0107670832058,-0.00309133121179,4,0
3290,6.58,2,0.547927975655,0,-1.51329088211,0,0,-1.51329088211,0,-1.51329088211,0,0.545445972109,-1.38797017191,0.547927991416,-1.42109503524,-0.0024820193075,0.033124863326,-1.33327643801,-0.182061319883,-1.51329085515,-2.11715146125e-05,-0.00179284456891,0.547977301466,-1.4100088516,-1.88810082979e-06,0.000472025207436,0.547956129952,0.542667060508,-1.39087187597,-1.41180169617,0.534371618956,-1.38843160329,-0.0135845109962,0.0233700928788,-1.8856208197,-1.51329085515,-1.51329085515,0.545445972109,-1.38797017191,-0.0024820193075,0.033124863326,-0.0024820193075,0.033124863326,-0.00204690274426,4,0
3295,6.59,1,-0.34521651268,0,1.38352012634,0,0,1.38352012634,0,1.38352012634,0,-0.325204828942,1.11862839299,-0.345216512303,1.11253697469,0.0200116833611,0.00609141830162,-0.950721987459,2.33034561324,1.38352007035,-3.99546028379e-05,-0.00341698933809,-0.345121063456,1.13492479847,4.40425337922e-07,-0.000110106334483,-0.345161018059,-0.322966820861,1.11933435939,1.13150780913,-0.333081367254,1.11830020389,0.0120796508047,-0.0132076052412,2.92037971314,1.38352007035,1.38352007035,-0.325204828942,1.11862839299,0.0200116833611,0.00609141830162,0.0200116833611,0.00609141830162,-0.00389644457215,4,0
3295,6.59,2,0.533609390259,0,-1.27774655819,0,0,-1.27774655819,0,-1.27774655819,0,0.5315060344,-1.39828549205,0.533609412432,-1.43530882428,-0.00210337803142,0.0370233322326,-1.19738530887,-0.0814851720964,-1.27774656088,-1.28784577714e-05,-0.000969378597149,0.533631807837,-1.43172855853,-5.5053162562e-07,0.0001376329064,0.53361892938,0.528708524298,-1.39916794997,-1.43269793713,0.521554466521,-1.39870014071,-0.0120644628582,0.033997796421,-0.595212160853,-1.27774656088,-1.27774656088,0.5315060344,-1.39828549205,-0.00210337803142,0.0370233322326,-0.00210337803142,0.0370233322326,-0.00112392009041,4,0
3300,6.6,1,-0.334094464779,0,1.29510319233,0,0,1.29510319233,0,1.29510319233,0,-0.31400730981,1.12015437945,-0.334094459535,1.11106843845,0.0200871497252,0.00908594100273,-1.02725612602,2.31669004065,1.29510313664,-5.87835881139e-05,-0.00496381895288,-0.333958357925,1.14201615114,9.92994521054e-08,-2.48248630235e-05,-0.334017141513,-0.311766923094,1.12026783245,1.13705233219,-0.322505779722,1.11980027654,0.0115113617907,-0.0172520556481,2.65232594352,1.29510313664,1.29510313664,-0.31400730981,1.12015437945,0.0200871497252,0.00908594100273,0.0200871497252,0.00908594100273,-0.00566922201025,4,0
3300,6.6,2,0.519285082817,0,-1.22394919395,0,0,-1.22394919395,0,-1.22394919395,0,0.517509135479,-1.40019297492,0.519285099804,-1.4292106992,-0.00177596432493,0.0290177242871,-1.18483719622,-0.0381464756622,-1.22394917799,9.33806413629e-06,0.000853449335781,0.519259691794,-1.43565459423,-1.2412430439e-07,3.10310761038e-05,0.519269029858,0.514708652083,-1.40033479115,-1.43480114489,0.50764457227,-1.40060399838,-0.0116244575878,0.0341971465101,-0.106002466077,-1.22394917799,-1.22394917799,0.517509135479,-1.40019297492,-0.00177596432493,0.0290177242871,-0.00177596432493,0.0290177242871,0.000965506105416,4,0
3305,6.61,1,-0.322967320681,0,1.57004094124,0,0,1.57004094124,0,1.57004094124,0,-0.302799238267,1.1217437701,-0.32296732659,1.11522719032,0.0201680883238,0.00651657977994,-0.761618570616,2.32601370732,1.57004099465,-5.98032939538e-05,-0.00492821841545,-0.322835875944,1.14378383037,1.95498324029e-07,-4.88745810026e-05,-0.322895679238,-0.300555423681,1.12205391634,1.13885561195,-0.309088092722,1.12148173449,0.0138075865162,-0.017373877459,2.74955304025,1.57004099465,1.57004099465,-0.302799238267,1.1217437701,0.0201680883238,0.00651657977994,0.0201680883238,0.00651657977994,-0.00564585794289,4,0
3305,6.61,2,0.50500023365,0,-1.31000137329,0,0,-1.31000137329,0,-1.31000137329,0,0.503499046044,-1.40217971296,0.505000237116,-1.4297889597,-0.00150119107234,0.0276092467386,-1.2787679956,-0.0304171242232,-1.31000137809,9.33837051499e-06,0.000704197823075,0.504983414343,-1.43264944601,-2.44372836522e-07,6.10932091167e-05,0.504992752714,0.500694277812,-1.40256739566,-1.43194524819,0.492854324348,-1.40262324303,-0.0121384283658,0.0293220051608,-0.196853286786,-1.31000137809,-1.31000137809,0.503499046044,-1.40217971296,-0.00150119107234,0.0276092467386,-0.00150119107234,0.0276092467386,0.000816258269255,4,0
3310,6.62,1,-0.311777055264,0,1.36772346497,0,0,1.36772346497,0,1.36772346497,0,-0.291578197693,1.12177003837,-0.311777062364,1.12072571401,0.0201988646705,0.0010443243644,-0.94974787666,2.31249752443,1.36772342753,-5.22196442243e-05,-0.0043471440203,-0.311659726706,1.14682764526,-4.02360073648e-07,0.000100590018409,-0.31171194635,-0.289335188914,1.12120261932,1.14248050124,-0.29943767025,1.12144256035,0.0122742761,-0.0210379408941,2.3688604501,1.36772342753,1.36772342753,-0.291578197693,1.12177003837,0.0201988646705,0.0010443243644,0.0201988646705,0.0010443243644,-0.00497377975099,4,0
3310,6.62,2,0.490683853626,0,-1.23047554493,0,0,-1.23047554493,0,-1.23047554493,0,0.489472745327,-1.40221254771,0.490683866094,-1.43172558383,-0.00121112076716,0.0295130361182,-1.2300275194,-0.000554156022322,-1.23047548728,-1.02111694004e-06,-9.39347423851e-05,0.49068657506,-1.43111518856,5.02950182057e-07,-0.000125737545517,0.490685553943,0.486668984354,-1.40150327376,-1.4312091233,0.479241164062,-1.40263886359,-0.0114443898817,0.0285702597043,0.38340233173,-1.23047548728,-1.23047548728,0.489472745327,-1.40221254771,-0.00121112076716,0.0295130361182,-0.00121112076716,0.0295130361182,-0.000106188145666,4,0
3315,6.63,1,-0.300580948591,0,1.11690354347,0,0,1.11690354347,0,1.11690354347,0,-0.280380870568,1.11685224914,-0.300580949155,1.11768769303,0.0202000785876,-0.000835443883368,-1.17886220972,2.2904052929,1.11690351607,-5.58631242171e-05,-0.00469007540164,-0.300453120935,1.14653598975,-1.03082323455e-06,0.000257705808643,-0.300508984059,-0.278148667963,1.11532818503,1.14184591435,-0.29014310372,1.11644548943,0.0103658803388,-0.0254004249175,1.94357764998,1.11690351607,1.11690351607,-0.280380870568,1.11685224914,0.0202000785876,-0.000835443883368,0.0202000785876,-0.000835443883368,-0.00536043289225,4,0
3315,6.63,2,0.476414531469,0,-1.13451087475,0,0,-1.13451087475,0,-1.13451087475,0,0.475476086426,-1.39606531051,0.476414526166,-1.42217171127,-0.000938439740139,0.0261064007686,-1.1638216073,0.029620808103,-1.13451083134,2.82854160106e-06,0.000276089644437,0.47640569803,-1.42464412525,1.28852912407e-06,-0.000322132281016,0.476408526571,0.472685833172,-1.39416023024,-1.42436803561,0.465791802424,-1.39646882234,-0.0106167241474,0.0278992132698,1.00449474514,-1.13451083134,-1.13451083134,0.475476086426,-1.39606531051,-0.000938439740139,0.0261064007686,-0.000938439740139,0.0261064007686,0.00031003214365,4,0
3320,6.64,1,-0.289448171854,0,1.25285863876,0,0,1.25285863876,0,1.25285863876,0,-0.26925286925,1.10858536108,-0.289448179564,1.11069334264,0.0201953103135,-0.00210798155731,-1.03134848301,2.27839842358,1.25285864531,-6.09679142575e-05,-0.00507708977104,-0.289311583763,1.14085514438,-1.02643865207e-06,0.000256609663022,-0.289372551677,-0.26703728809,1.1070207509,1.1357780546,-0.277784222692,1.10822988802,0.0115883289852,-0.0275481665839,1.90932121053,1.25285864531,1.25285864531,-0.26925286925,1.10858536108,0.0201953103135,-0.00210798155731,0.0201953103135,-0.00210798155731,-0.00580870474213,4,0
3320,6.64,2,0.462284147739,0,-1.17361998558,0,0,-1.17361998558,0,-1.17361998558,0,0.461566084791,-1.38573169991,0.462284149934,-1.40741950297,-0.000718065143316,0.0216878030649,-1.21152407321,0.0387065258235,-1.17361995853,8.49793509767e-06,0.000700435927164,0.462265971158,-1.41117466423,1.28304836133e-06,-0.000320762090332,0.462274469093,0.458796608344,-1.3837759371,-1.41047422831,0.451480873136,-1.38615191706,-0.0107935959565,0.0243223112496,1.05479776053,-1.17361995853,-1.17361995853,0.461566084791,-1.38573169991,-0.000718065143316,0.0216878030649,-0.000718065143316,0.0216878030649,0.000802411148336,4,0
3325,6.65,1,-0.278322309256,0,1.95325386524,0,0,1.95325386524,0,1.95325386524,0,-0.258198977045,1.10354022666,-0.278322295507,1.11724682721,0.0201233184629,-0.013706600553,-0.307177019329,2.25586530692,1.95325391053,-4.9222696172e-05,-0.00397495058398,-0.278220207376,1.13803298852,-2.36166987522e-07,5.90417468831e-05,-0.278269430072,-0.255992073611,1.10327459138,1.13405803793,-0.26071636821,1.10343533536,0.0175530618618,-0.0306227025764,2.43262698577,1.95325391053,1.95325391053,-0.258198977045,1.10354022666,0.0201233184629,-0.013706600553,0.0201233184629,-0.013706600553,-0.00456562293804,4,0
3325,6.65,2,0.448220551014,0,-1.38506925106,0,0,-1.38506925106,0,-1.38506925106,0,0.44774871955,-1.37942528167,0.448220540872,-1.40995977349,-0.000471821321697,0.0305344918216,-1.44152555475,0.0556329046451,-1.38506924933,-6.93481146853e-06,-0.000740183042862,0.44824721114,-1.40160904223,2.95208745005e-07,-7.38021862579e-05,0.448240276328,0.444990090262,-1.37909323756,-1.40234922528,0.435763675635,-1.3799246585,-0.0124766006936,0.02242456678,0.437336891444,-1.38506924933,-1.38506924933,0.44774871955,-1.37942528167,-0.000471821321697,0.0305344918216,-0.000471821321697,0.0305344918216,-0.000823400780484,4,0
3330,6.66,1,-0.267087191343,0,0.961964726448,0,0,0.961964726448,0,0.961964726448,0,-0.247185618652,1.09696111971,-0.26708718712,1.12324025175,0.0199015684683,-0.0262791320372,-1.21333597316,2.17208939538,0.961964699712,-3.28948473406e-05,-0.00281653931956,-0.267008485568,1.14189806229,-1.93902201057e-06,0.000484755502644,-0.267041380415,-0.244994448053,1.09413103294,1.13908152297,-0.257252513867,1.09654166575,0.00978886654847,-0.0425398572209,1.26392350043,0.961964699712,0.961964699712,-0.247185618652,1.09696111971,0.0199015684683,-0.0262791320372,0.0199015684683,-0.0262791320372,-0.00321127748764,4,0
3330,6.66,2,0.434082090855,0,-1.0237262249,0,0,-1.0237262249,0,-1.0237262249,0,0.433982021576,-1.37120139773,0.434082100344,-1.41050866226,-0.000100078768087,0.039307264523,-1.16278341819,0.136501291,-1.02372623028,-2.78016759697e-05,-0.00222227679908,0.434138788593,-1.39937454731,2.42377758003e-06,-0.000605944395004,0.434110986917,0.431243058331,-1.36766378917,-1.40159682411,0.424330215506,-1.37160355632,-0.00978077141042,0.029993267794,2.14084947058,-1.02372623028,-1.02372623028,0.433982021576,-1.37120139773,-0.000100078768087,0.039307264523,-0.000100078768087,0.039307264523,-0.00255589691071,4,0
3335,6.67,1,-0.255977779627,0,0.252687782049,0,0,0.252687782049,0,0.252687782049,0,-0.236299439018,1.07859470607,-0.255977767166,1.09958241102,0.019678328148,-0.0209877049469,-1.8591343921,2.10609459645,0.252687782149,-5.85652122054e-05,-0.00502479525439,-0.255836930894,1.13270595216,-3.18675674285e-06,0.000796689185714,-0.255895496106,-0.234146940388,1.07385924751,1.1276811569,-0.251717727941,1.07795227737,0.00417776816526,-0.0497288795365,0.393264994418,0.252687782149,0.252687782149,-0.236299439018,1.07859470607,0.019678328148,-0.0209877049469,0.019678328148,-0.0209877049469,-0.00572757780086,4,0
3335,6.67,2,0.420183807611,0,-0.778977632523,0,0,-0.778977632523,0,-0.778977632523,0,0.420374297056,-1.34824338011,0.420183798747,-1.37199077331,0.000190498308806,0.0237473932059,-0.953793959285,0.175400467699,-0.778977648205,4.24391583605e-06,0.000533229629505,0.420162979507,-1.37888693607,3.98344601504e-06,-0.000995861503761,0.420167223422,0.417683673773,-1.34232405678,-1.37835370644,0.412434929714,-1.34857418708,-0.00773229370859,0.0297795193652,3.28478806285,-0.778977648205,-0.778977648205,0.420374297056,-1.34824338011,0.000190498308806,0.0237473932059,0.000190498308806,0.0237473932059,0.000584156619538,4,0
3340,6.68,1,-0.245203584433,0,0.171978488564,0,0,0.171978488564,0,0.171978488564,0,-0.225637704092,1.05315242751,-0.245203581806,1.06232602181,0.0195658777137,-0.00917359430032,-1.94492669932,2.10888359038,0.171978489501,-8.35324114566e-05,-0.00701920950373,-0.245012285903,1.10538966027,-3.50735678226e-06,0.000876839195565,-0.245095818314,-0.22353668566,1.04787869849,1.09837045077,-0.241750606144,1.05248105659,0.00334521216985,-0.0458893941762,0.171140079853,0.171978489501,0.171978489501,-0.225637704092,1.05315242751,0.0195658777137,-0.00917359430032,0.0195658777137,-0.00917359430032,-0.00802159844121,4,0
3340,6.68,2,0.406790673733,0,-0.793059110641,0,0,-0.793059110641,0,-0.793059110641,0,0.407047128426,-1.31644053127,0.406790665881,-1.31748833663,0.000256462545746,0.00104780535292,-0.912117933386,0.122480334618,-0.793059118015,3.51473695254e-05,0.00299975081313,0.406707525508,-1.33662941585,4.38419605403e-06,-0.00109604901351,0.406742672878,0.404420855392,-1.30984836988,-1.33362966503,0.399430855683,-1.31675787597,-0.00731181719443,0.0168717890633,3.29836184623,-0.793059118015,-0.793059118015,0.407047128426,-1.31644053127,0.000256462545746,0.00104780535292,0.000256462545746,0.00104780535292,0.00342151924743,4,0
3345,6.69,1,-0.234756812453,0,0.937115490437,0,0,0.937115490437,0,0.937115490437,0,-0.215232864863,1.02888583384,-0.234756816017,1.03630782502,0.0195239511535,-0.00742199117212,-1.16649515244,2.14217149945,0.937115481732,-8.10380726825e-05,-0.00664482084868,-0.234582059284,1.07342193465,-2.42880772666e-06,0.000607201931668,-0.234663097357,-0.213178923737,1.02514895728,1.0667771138,-0.224873443371,1.02848414307,0.00978965398658,-0.0382929707315,0.798541504299,0.937115481732,0.983293624732,-0.215232864863,1.02888583384,0.0195239511535,-0.00742199117212,0.0195239511535,-0.00742199117212,-0.00761727772087,4,0
3345,6.69,2,0.393866300583,0,-1.10182642937,0,0,-1.10182642937,0,-1.10182642937,0,0.394041079425,-1.2861072887,0.39386630249,-1.28049056947,0.000174776934648,-0.00561671922147,-1.14011895506,0.0411602208693,-1.10182638511,3.15298237887e-05,0.00248929303153,0.39380501838,-1.29191987659,3.03600970103e-06,-0.000759002425257,0.393836548203,0.391473653024,-1.28143619293,-1.28943058356,0.384532698647,-1.28650347123,-0.00930384955654,0.00292711233536,2.12619506964,-1.10182638511,-1.10182638511,0.394041079425,-1.2861072887,0.000174776934648,-0.00561671922147,0.000174776934648,-0.00561671922147,0.002867650917,4,0
3350,6.7,1,-0.224380582571,0,1.93711543083,0,0,1.93711543083,0,1.93711543083,0,-0.205017156285,1.01758658288,-0.224380580334,1.04346139174,0.0193634240495,-0.0258748088616,0.312259693282,2.13637104105,1.93711548173,-4.18191489692e-05,-0.00323881320533,-0.224302653377,1.05740677766,-5.56794186174e-07,0.000139198546543,-0.224344472526,-0.202982403993,1.01695855017,1.05416796445,-0.20238838399,1.01769611506,0.0219560885357,-0.0364718493932,1.64243787927,1.93711548173,2.45237137732,-0.205017156285,1.01758658288,0.0193634240495,-0.0258748088616,0.0193634240495,-0.0258748088616,-0.00374064299296,4,0
3350,6.7,2,0.381040751934,0,-1.55572891235,0,0,-1.55572891235,0,-1.55572891235,0,0.381271443738,-1.2719832248,0.381040754211,-1.29160248291,0.000230689527226,0.0196192581108,-1.59793454169,0.040158904611,-1.55572888064,-1.82031609337e-05,-0.00182831850457,0.381102170803,-1.27368726091,6.95992742494e-07,-0.000173998185626,0.381083967642,0.378728003381,-1.2711981839,-1.27551557942,0.367995427501,-1.27253639214,-0.0130885401417,0.00297918727167,0.491829498363,-1.55572888064,-1.55572888064,0.381271443738,-1.2719832248,0.000230689527226,0.0196192581108,0.000230689527226,0.0196192581108,-0.00204675643577,4,0
3355,6.71,1,-0.213830053806,0,1.16429710388,0,0,1.16429710388,0,1.16429710388,0,-0.194890520854,1.00325236784,-0.213830056422,1.05781256387,0.0189395355672,-0.0545601960281,-1.70936912155,1.97673072396,1.1642971382,-5.75175104002e-06,-0.000542119601032,-0.213813173979,1.06273005966,-3.95170646106e-06,0.000987926615262,-0.21381892573,-0.192889673549,0.997459872811,1.06218794006,-0.209105491926,1.00266007738,0.00471343380378,-0.0595278626851,0.698596712397,1.1642971382,0.267972743028,-0.194890520854,1.00325236784,0.0189395355672,-0.0545601960281,0.0189395355672,-0.0545601960281,-0.000611140613513,4,0
3355,6.71,2,0.36800122261,0,-0.768647313118,0,0,-0.768647313118,0,-0.768647313118,0,0.368613149489,-1.25406545576,0.368001212663,-1.30273858781,0.000611936826461,0.0486731320511,-0.963766671532,0.18916643198,-0.768647315985,-6.33354423201e-05,-0.0051928982599,0.368138407932,-1.2737919959,4.93963313714e-06,-0.00123490828428,0.368075072489,0.366112090366,-1.24682483689,-1.27898489416,0.360645201499,-1.2543974536,-0.00742987099001,0.0245874405633,3.89242020727,-0.768647315985,-0.768647315985,0.368613149489,-1.25406545576,0.000611936826461,0.0486731320511,0.000611936826461,0.0486731320511,-0.00595292356774,4,0
3360,6.72,1,-0.203367546201,0,0.164297133684,0,0,0.164297133684,0,0.164297133684,0,-0.185023220863,0.967647301595,-0.203367547102,1.03388008676,0.0183443262387,-0.0662327851634,-2.77285996507,1.75894382016,0.164297138196,-3.69188903035e-05,-0.00328339929232,-0.203271291059,1.05798167493,-5.77091776585e-06,0.00144272944147,-0.20330820995,-0.183096481787,0.959041349811,1.05469827563,-0.208059340426,0.96668746328,-0.00475113047644,-0.088010812353,-0.455676260102,0.164297138196,-1.01018971894,-0.185023220863,0.967647301595,0.0183443262387,-0.0662327851634,0.0183443262387,-0.0662327851634,-0.00372642597596,4,0
3360,6.72,2,0.355249285698,0,-0.294971346855,0,0,-0.294971346855,0,-0.294971346855,0,0.356279024544,-1.20955912244,0.355249289143,-1.24995590118,0.00102973540062,0.0403967787356,-0.607416884506,0.310506761415,-0.294971335743,-2.30952826705e-05,-0.00166164395494,0.355284489499,-1.24557570292,7.21364728479e-06,-0.00180341182119,0.355261394216,0.353870600707,-1.19880168259,-1.24723734687,0.351242118363,-1.20976899353,-0.00401927585374,0.037468353341,5.89543667934,-0.294971335743,-0.294971335743,0.356279024544,-1.20955912244,0.00102973540062,0.0403967787356,0.00102973540062,0.0403967787356,-0.00193878734698,4,0
3365,6.73,1,-0.193329557776,0,-0.835702836514,0,0,-0.835702836514,0,-0.835702836514,0,-0.175566994153,0.92327916564,-0.193329554546,0.980599596343,0.0177625603928,-0.0573204307034,-2.71052220315,1.64319685701,-0.835702861804,-8.00932153197e-05,-0.00684244346344,-0.193138641877,1.02512402023,-5.76351020418e-06,0.00144087755104,-0.193218735092,-0.173729174609,0.914587139504,1.01828157677,-0.198050615431,0.922342348087,-0.00483188033908,-0.0959392286823,-1.57452923507,-0.835702861804,-1.0595217841,-0.175566994153,0.92327916564,0.0177625603928,-0.0573204307034,0.0177625603928,-0.0573204307034,-0.00780356204728,4,0
3365,6.73,2,0.343259096146,0,-0.30917301774,0,0,-0.30917301774,0,-0.30917301774,0,0.344458741204,-1.15409895193,0.343259086634,-1.16285103382,0.00119965457047,0.00875208188684,-0.592680186406,0.286721183902,-0.309173018194,3.15008375045e-05,0.00283600564055,0.343174774176,-1.18422000577,7.20438782204e-06,-0.00180109695551,0.343206275013,0.342161466784,-1.14323391916,-1.18138400013,0.3395015624,-1.15430550105,-0.00370471261328,0.0270784990799,5.79745377786,-0.309173018194,-0.309173018194,0.344458741204,-1.15409895193,0.00119965457047,0.00875208188684,0.00119965457047,0.00875208188684,0.0032140156906,4,0
3370,6.74,1,-0.183885216713,0,-0.0994027033448,0,0,-0.0994027033448,0,-0.0994027033448,0,-0.166539091329,0.884537625689,-0.18388521551,0.924638823799,0.017346124181,-0.0401011981107,-1.3506345354,1.67200279014,-0.0994027014624,-0.000100262105198,-0.0082675672486,-0.183665704237,0.971849635219,-3.67856587918e-06,0.000919641469798,-0.183765966342,-0.164775846911,0.878863284451,0.96358206797,-0.177696086736,0.88407275088,0.00606987960579,-0.0795093170899,-0.937595860668,-0.0994027014624,0.330838967245,-0.166539091329,0.884537625689,0.017346124181,-0.0401011981107,0.017346124181,-0.0401011981107,-0.00947071251098,4,0
3370,6.74,2,0.332117080688,0,-0.841833531857,0,0,-0.841833531857,0,-0.841833531857,0,0.333173862727,-1.10567202656,0.332117089699,-1.08891786778,0.00105677302861,-0.0167541587827,-0.986483298085,0.149921683226,-0.841833526141,5.64985704859e-05,0.00459392843539,0.331997869277,-1.11338241453,4.59820738558e-06,-0.0011495518464,0.332054367847,0.330969807216,-1.09857909996,-1.10878848609,0.324923559426,-1.1060157892,-0.00713080842155,0.00277269688906,3.58297835557,-0.841833526141,-0.841833526141,0.333173862727,-1.10567202656,0.00105677302861,-0.0167541587827,0.00105677302861,-0.0167541587827,0.00527191128122,4,0
3375,6.75,1,-0.1747636199,0,0.900597274303,0,0,0.900597274303,0,0.900597274303,0,-0.157803456918,0.867694231681,-0.174763627008,0.909890406577,0.0169601700907,-0.0421961748965,0.789280918833,1.73708990659,0.900597298538,-5.82114138723e-05,-0.00455404106322,-0.174652097042,0.930594728352,-8.42435958298e-07,0.000210608989578,-0.174710308456,-0.156068706738,0.866743263141,0.926040687289,-0.151193819509,0.86796963324,0.0235164889475,-0.0580710540496,-0.0490742119147,0.900597298538,2.53162340345,-0.157803456918,0.867694231681,0.0169601700907,-0.0421961748965,0.0169601700907,-0.0421961748965,-0.00525257802968,4,0
3375,6.75,2,0.321314811707,0,-1.57502436638,0,0,-1.57502436638,0,-1.57502436638,0,0.32225431977,-1.08461778389,0.321314808315,-1.08539816052,0.00093951145448,0.000780376631649,-1.64321368439,0.0680658170142,-1.57502437175,2.66820360901e-06,-0.000155514075629,0.321333554414,-1.07604110156,1.05304495623e-06,-0.000263261239059,0.321336222617,0.320085882056,-1.08342907321,-1.07619661564,0.308585631891,-1.08518731255,-0.0127505907262,-0.00899069691987,0.718504537757,-1.57502437175,-1.57502437175,0.32225431977,-1.08461778389,0.00093951145448,0.000780376631649,0.00093951145448,0.000780376631649,-0.000123495632321,4,0
3380,6.76,1,-0.165631935,0,0.526007831097,0,0,0.526007831097,0,0.526007831097,0,-0.149199838198,0.846505579988,-0.165631937328,0.911651147261,0.0164320991301,-0.0651455672727,-2.22125228016,1.62026344605,0.526007821198,-9.4468084622e-06,-0.000792198185449,-0.165609580747,0.917305633549,-5.71609066116e-06,0.00142902266529,-0.165619027555,-0.147515034781,0.838114640473,0.916513435363,-0.167670660134,0.845735962407,-0.00205163257865,-0.0707774729559,-0.556623155234,0.526007821198,-0.600083274218,-0.149199838198,0.846505579988,0.0164320991301,-0.0651455672727,0.0164320991301,-0.0651455672727,-0.000905559886996,4,0
3380,6.76,2,0.310354888439,0,-0.575024366379,0,0,-0.575024366379,0,-0.575024366379,0,0.311499796427,-1.05813196908,0.310354873802,-1.09325291082,0.00114492262509,0.0351209417451,-0.69336734772,0.189737824749,-0.575024371746,-5.84961537699e-05,-0.00485842845701,0.310484486134,-1.06544975083,7.14511337752e-06,-0.00178627834438,0.31042598998,0.309393792168,-1.04764329461,-1.07030817929,0.305778005381,-1.05837037704,-0.00464798459941,0.0119378022521,4.89263914379,-0.575024371746,-0.498069140669,0.311499796427,-1.05813196908,0.00114492262509,0.0351209417451,0.00114492262509,0.0351209417451,-0.00556038230225,4,0
3385,6.77,1,-0.156713649631,0,-0.473992168903,0,0,-0.473992168903,0,-0.473992168903,0,-0.140971416597,0.795899058402,-0.156713644201,0.873360595308,0.0157422276043,-0.0774615369058,-3.63602015048,1.38116805399,-0.473992178802,-3.956845985e-05,-0.00353478179006,-0.156609816654,0.899471473802,-7.99247080172e-06,0.00199811770043,-0.156649385114,-0.139391501177,0.783963356991,0.895936692012,-0.171185715776,0.79464012927,-0.0145363306623,-0.101296562743,-1.67348001099,-0.473992178802,-2.25084249319,-0.140971416597,0.795899058402,0.0157422276043,-0.0774615369058,0.0157422276043,-0.0774615369058,-0.00400960330826,4,0
3385,6.77,2,0.29979211092,0,0.10010651499,0,0,0.10010651499,0,0.10010651499,0,0.301214269488,-0.994873816663,0.299792098595,-1.02270975139,0.00142217089323,0.0278359347254,-0.211990433624,0.310659270794,0.100106514971,-1.83087082348e-05,-0.00121797330221,0.299814119103,-1.02174467928,9.99058856566e-06,-0.00249764714141,0.299795810394,0.299239375226,-0.979954189805,-1.02296265258,0.299462704102,-0.994946798554,-0.000333106292897,0.0280158540237,7.59686996821,0.100106514971,0.100106514971,0.301214269488,-0.994873816663,0.00142217089323,0.0278359347254,0.00142217089323,0.0278359347254,-0.00143767780103,4,0
3390,6.78,1,-0.148373126984,0,-1.47399222851,0,0,-1.47399222851,0,-1.47399222851,0,-0.133314867604,0.735392878206,-0.148373130294,0.80490203373,0.0150582626896,-0.0695091555239,-3.42981504297,1.24345921545,-1.4739921788,-8.64321168479e-05,-0.0073735718873,-0.148167835559,0.852620208712,-7.6575210832e-06,0.0019143802708,-0.148254267676,-0.131855723909,0.723828706923,0.845246636824,-0.161777156289,0.734206949511,-0.0135228886139,-0.111039687313,-2.75123317812,-1.4739921788,-2.17794507023,-0.133314867604,0.735392878206,0.0150582626896,-0.0695091555239,0.0150582626896,-0.0695091555239,-0.00841075728948,4,0
3390,6.78,2,0.290206193924,0,0.0405102148652,0,0,0.0405102148652,0,0.0405102148652,0,0.291643583313,-0.91924109096,0.290206184862,-0.914145952394,0.00143739845083,-0.00509513856558,-0.225110262202,0.269835701954,0.0405102164772,4.19363941631e-05,0.00371198654511,0.290098068165,-0.940834327803,9.57190140727e-06,-0.00239297535182,0.290140004559,0.289819653707,-0.904785876775,-0.937122341258,0.289735849638,-0.919320579863,-0.000404154920812,0.0178017613949,7.19190869387,0.0405102164772,0.0405102164772,0.291643583313,-0.91924109096,0.00143739845083,-0.00509513856558,0.00143739845083,-0.00509513856558,0.00421522327507,4,0
3395,6.79,1,-0.140787094831,0,-1.03664410114,0,0,-1.03664410114,0,-1.03664410114,0,-0.126231157521,0.68461066541,-0.140787102005,0.731305430463,0.0145559444844,-0.0466947650531,-1.57419852986,1.28441796617,-1.03664406139,-0.000108602167323,-0.00898417843626,-0.140548136842,0.782925206332,-4.69718620875e-06,0.00117429655219,-0.140656739009,-0.124869400943,0.677355399224,0.773941027896,-0.139241163417,0.684068581831,0.00141557559233,-0.0898724460648,-2.36571343439,-1.03664406139,-0.279493159245,-0.126231157521,0.68461066541,0.0145559444844,-0.0466947650531,0.0145559444844,-0.0466947650531,-0.0102874044441,4,0
3395,6.79,2,0.28165948391,0,-0.657795250416,0,0,-0.657795250416,0,-0.657795250416,0,0.282788945778,-0.855763324628,0.281659489035,-0.822794063706,0.00112945674385,-0.0329692609216,-0.760009887659,0.108786046489,-0.657795230033,6.98439832945e-05,0.00573326106311,0.281509390368,-0.854220720742,5.87148278897e-06,-0.00146787069724,0.281579234352,0.281086750071,-0.846694241852,-0.848487459679,0.276411839839,-0.856029037375,-0.00516739451294,-0.00754157769603,4.20218977779,-0.657795230033,-0.657795230033,0.282788945778,-0.855763324628,0.00112945674385,-0.0329692609216,0.00112945674385,-0.0329692609216,0.00657138886265,4,0
3400,6.8,1,-0.133695542812,0,-0.0366440601647,0,0,-0.0366440601647,0,-0.0366440601647,0,-0.119524489315,0.663281460749,-0.133695539355,0.700807837134,0.0141710500397,-0.0375263763849,1.09219941762,1.41406632578,-0.0366440613859,-6.45499180566e-05,-0.00506122882197,-0.1335709233,0.724193038082,-1.07514438055e-06,0.000268786095139,-0.133635473218,-0.11819874198,0.662067309229,0.71913180926,-0.110390053998,0.66366206222,0.0232454192203,-0.0554697470398,-1.42762836492,-0.0366440613859,2.51210157124,-0.119524489315,0.663281460749,0.0141710500397,-0.0375263763849,0.0141710500397,-0.0375263763849,-0.00583582783865,4,0
3400,6.8,2,0.273565739393,0,-1.58642601967,0,0,-1.58642601967,0,-1.58642601967,0,0.274405610593,-0.829101818678,0.273565747229,-0.812391540045,0.000839863363811,-0.0167102786335,-1.57446787085,-0.0111044000119,-1.58642607656,1.32139210752e-05,0.00069523865027,0.273562337364,-0.807654753939,1.34393048212e-06,-0.000335982620525,0.273575551285,0.272748426439,-0.827584129272,-0.806959515288,0.261300681568,-0.829647857388,-0.0122748697172,-0.0226883420993,0.469640991619,-1.58642607656,-1.58642607656,0.274405610593,-0.829101818678,0.000839863363811,-0.0167102786335,0.000839863363811,-0.0167102786335,0.000853805703172,4,0
3405,6.81,1,-0.126717418432,0,-0.23664405942,0,0,-0.23664405942,0,-0.23664405942,0,-0.112984484311,0.636569733317,-0.12671742513,0.693023096679,0.0137329408188,-0.0564533633615,-2.71823985256,1.34836666769,-0.236644061386,-8.00241865959e-06,-0.000624134926626,-0.126700879698,0.69690608205,-7.12131186273e-06,0.00178032796568,-0.126708882117,-0.111721587177,0.626107582904,0.696281947123,-0.135591233887,0.635627785418,-0.00888235176992,-0.0606541617052,-1.71373488292,-0.236644061386,-1.36915302092,-0.112984484311,0.636569733317,0.0137329408188,-0.0564533633615,0.0137329408188,-0.0564533633615,-0.000720163950541,4,0
3405,6.81,2,0.26530662179,0,-0.586426079273,0,0,-0.586426079273,0,-0.586426079273,0,0.266230604411,-0.795712159238,0.265306620367,-0.825772367958,0.000923984044592,0.0300602087197,-0.368734402,0.132521376488,-0.586426076564,-5.80034227745e-05,-0.00487645233665,0.265438272954,-0.796931945078,8.9016398665e-06,-0.00222540996663,0.265380269531,0.264651983009,-0.782634471166,-0.801808397415,0.263209500146,-0.795838038582,-0.00217076938554,0.0059703588326,4.59571176933,-0.586426076564,-0.230640532102,0.266230604411,-0.795712159238,0.000923984044592,0.0300602087197,0.000923984044592,0.0300602087197,-0.00557249340994,4,0
3410,6.82,1,-0.12003518641,0,-1.23664402962,0,0,-1.23664402962,0,-1.23664402962,0,-0.106911963092,0.574141550258,-0.120035184249,0.645789948111,0.0131232211565,-0.0716483978534,-4.39549409845,1.10606076697,-1.23664406139,-3.34490276447e-05,-0.00303746426584,-0.119943742488,0.669532343301,-9.71182750284e-06,0.00242795687571,-0.119977191516,-0.105778143224,0.559626063237,0.666494879036,-0.143448991134,0.572619174089,-0.0234717996179,-0.0938757049463,-2.78576452135,-1.23664406139,-3.28599447888,-0.106911963092,0.574141550258,0.0131232211565,-0.0716483978534,0.0131232211565,-0.0716483978534,-0.00343885259758,4,0
3410,6.82,2,0.257390588522,0,0.413573920727,0,0,0.413573920727,0,0.413573920727,0,0.258639952963,-0.717676930096,0.257390599677,-0.757723364146,0.0012493532864,0.0400464340499,0.207277723736,0.345234841657,0.413573923436,-2.31764337262e-05,-0.00160364991418,0.257421542476,-0.755322162416,1.21397844241e-05,-0.00303494610603,0.257398366043,0.257222678144,-0.699532571251,-0.75692581233,0.26037992793,-0.717604431139,0.00298156188796,0.0393213811914,8.55882951552,0.413573923436,0.554394332513,0.258639952963,-0.717676930096,0.0012493532864,0.0400464340499,0.0012493532864,0.0400464340499,-0.0018817671189,4,0
3415,6.83,1,-0.11406762898,0,-2.23664402962,0,0,-2.23664402962,0,-2.23664402962,0,-0.101536180949,0.501299151649,-0.114067627063,0.560878794312,0.0125314461137,-0.0595796426629,-4.05842120618,0.972063008498,-2.23664406139,-9.19702950368e-05,-0.00788118349838,-0.113847165162,0.612438641651,-9.07038175021e-06,0.00226759543755,-0.113939135457,-0.100547396467,0.487589454631,0.604557458152,-0.135223000048,0.499895534186,-0.0212838645901,-0.104661923966,-3.81477519505,-2.23664406139,-3.07737337064,-0.101536180949,0.501299151649,0.0125314461137,-0.0595796426629,0.0125314461137,-0.0595796426629,-0.00898482703882,4,0
3415,6.83,2,0.250585854053,0,0.474715977907,0,0,0.474715977907,0,0.474715977907,0,0.251920225363,-0.626623931511,0.250585855506,-0.626316208829,0.00133436985711,-0.000307722681791,0.166944362654,0.313092379454,0.474715978923,5.28940479189e-05,0.00468603461,0.250449502864,-0.659900559187,1.13379772241e-05,-0.00283449430603,0.250502396912,0.250684244777,-0.609486810183,-0.655214524577,0.25326475444,-0.626567909466,0.00276235752806,0.0286466151111,8.52164918589,0.474715978923,0.474715978923,0.251920225363,-0.626623931511,0.00133436985711,-0.000307722681791,0.00133436985711,-0.000307722681791,0.00532076318503,4,0
3420,6.84,1,-0.109011083841,0,-1.79260718822,0,0,-1.79260718822,0,-1.79260718822,0,-0.0968417591633,0.441667099201,-0.109011083237,0.472935506026,0.0121693240736,-0.0312684068251,-1.82365911681,1.05591301286,-1.79260721536,-0.000117973769289,-0.00975431236085,-0.108751729816,0.528909475107,-5.42066505377e-06,0.00135516626344,-0.108869703585,-0.0959670545994,0.433286783125,0.519155162746,-0.111919658249,0.441038853406,-0.00304995466378,-0.0781163093403,-3.36833016628,-1.79260721536,-0.756576106355,-0.0968417591633,0.441667099201,0.0121693240736,-0.0312684068251,0.0121693240736,-0.0312684068251,-0.0111699975923,4,0
3420,6.84,2,0.245031133294,0,-0.344442248344,0,0,-0.344442248344,0,-0.344442248344,0,0.246052198213,-0.552083865727,0.245031140222,-0.517500652203,0.00102105799102,-0.0345832135235,-0.475652520962,0.12095131956,-0.344442252656,8.5788774327e-05,0.00704676051608,0.244846148897,-0.556434637154,6.77583133502e-06,-0.00169395783376,0.244931937671,0.244958817525,-0.541608470603,-0.549387876638,0.242028111585,-0.552251536003,-0.00290382608654,-0.00286365936498,4.92473924916,-0.344442252656,-0.36277742721,0.246052198213,-0.552083865727,0.00102105799102,-0.0345832135235,0.00102105799102,-0.0345832135235,0.008076225808,4,0
3425,6.85,1,-0.104575790465,0,-0.792607188225,0,0,-0.792607188225,0,-0.792607188225,0,-0.0925854617913,0.417192276259,-0.104575789449,0.430437564728,0.0119903276579,-0.0132452884691,1.20173722438,1.25975056254,-0.792607215356,-7.1290734702e-05,-0.00561558576646,-0.104436496298,0.456993555324,-1.24029752777e-06,0.000310074381942,-0.104507787033,-0.0917520188822,0.415791231366,0.451377969557,-0.0825345088709,0.417611065964,0.0219732781623,-0.0337669035931,-2.37503974388,-0.792607215356,2.4679588615,-0.0925854617913,0.417192276259,0.0119903276579,-0.0132452884691,0.0119903276579,-0.0132452884691,-0.00647107458288,4,0
3425,6.85,2,0.240057528019,0,-1.34444224834,0,0,-1.34444224834,0,-1.34444224834,0,0.240731826581,-0.521490336972,0.240057523329,-0.496083816973,0.000674303252085,-0.0254065199995,-1.39689253277,-0.0486164779857,-1.34444225266,2.5451604064e-05,0.00170424864989,0.240027293745,-0.497173340448,1.55037191374e-06,-0.000387592978438,0.240052745349,0.239690022961,-0.519739030852,-0.495469091798,0.229094511913,-0.521975225084,-0.0109582334352,-0.0265061332857,0.79978201311,-1.34444225266,-1.44751867866,0.240731826581,-0.521490336972,0.000674303252085,-0.0254065199995,0.000674303252085,-0.0254065199995,0.00200966789866,4,0
3430,6.86,1,-0.100356385112,0,-0.825702011585,0,0,-0.825702011585,0,-0.825702011585,0,-0.0885200030702,0.386635869162,-0.100356383136,0.414390152148,0.0118363800653,-0.0277542829863,-3.16909432241,1.26225983731,-0.825701997895,-1.09922483717e-05,-0.000834278998336,-0.100335228596,0.418847407272,-8.07907484962e-06,0.0020197687124,-0.100346220844,-0.0877583646914,0.374759883239,0.418013128274,-0.114875315124,0.38553773116,-0.0145290942796,-0.0324753971142,-2.44066199522,-0.825701997895,-1.90586829912,-0.0885200030702,0.386635869162,0.0118363800653,-0.0277542829863,0.0118363800653,-0.0277542829863,-0.000966185978796,4,0
3430,6.86,2,0.234989210963,0,-0.344442248344,0,0,-0.344442248344,0,-0.344442248344,0,0.235650003264,-0.483294828008,0.23498921707,-0.505573783602,0.000660786193858,0.0222789555936,-0.0112751230287,0.0721419124184,-0.344442252656,-5.08240565119e-05,-0.00432806350426,0.235107413938,-0.479153225824,1.00988435847e-05,-0.00252471089617,0.235056589882,0.234697955307,-0.468449845571,-0.483481289328,0.235597285031,-0.483297024601,0.000540695149488,0.000184264726706,4.83971447131,-0.344442252656,0.0658047415721,0.235650003264,-0.483294828008,0.000660786193858,0.0222789555936,0.000660786193858,0.0222789555936,-0.0049379521824,4,0
3435,6.87,1,-0.0964935645461,0,-1.82570195198,0,0,-1.82570195198,0,-1.82570195198,0,-0.0849849410743,0.316308616966,-0.0964935681152,0.36165702797,0.0115086270409,-0.0453484110038,-5.00332423353,1.04887123772,-1.82570199789,-3.16427708729e-05,-0.00287955076868,-0.0964066998561,0.384295557454,-1.08209543644e-05,0.00270523859109,-0.0964383426269,-0.0843684588312,0.300125405768,0.381416006685,-0.126579935621,0.314575492193,-0.0301415929944,-0.0668405144925,-3.46104574837,-1.82570199789,-3.95119373179,-0.0849849410743,0.316308616966,0.0115086270409,-0.0453484110038,0.0115086270409,-0.0453484110038,-0.00325926401915,4,0
3435,6.87,2,0.230285435915,0,0.655557751656,0,0,0.655557751656,0,0.655557751656,0,0.231231175854,-0.39538576258,0.230285440587,-0.435825521533,0.000945735266574,0.0404397589529,0.622926254096,0.312413697526,0.655557747344,-2.19317039899e-05,-0.00150802172161,0.230314150337,-0.433825507055,1.35261929802e-05,-0.00338154824505,0.230292218633,0.230460573067,-0.375156748545,-0.435333528776,0.236427965785,-0.395169229666,0.006135747152,0.0401642991104,8.73080741701,0.655557747344,0.937111153792,0.231231175854,-0.39538576258,0.000945735266574,0.0404397589529,0.000945735266574,0.0404397589529,-0.00177120216949,4,0
3440,6.88,1,-0.0934072807431,0,-2.82570195198,0,0,-2.82570195198,0,-2.82570195198,0,-0.0822277059435,0.235706955744,-0.0934072809335,0.269522461893,0.0111795749899,-0.0338155061492,-4.55641457581,0.936344755575,-2.82570199789,-9.14835871775e-05,-0.00787575849904,-0.0931862913896,0.321515419927,-9.91331697331e-06,0.00247832924333,-0.0932777749768,-0.0817714096407,0.220713163675,0.313639661428,-0.120057371227,0.234130719691,-0.02677959625,-0.0795089417377,-4.43856524488,-2.82570199789,-3.61109625869,-0.0822277059435,0.235706955744,0.0111795749899,-0.0338155061492,0.0111795749899,-0.0338155061492,-0.00897356154517,4,0
3440,6.88,2,0.226734220982,0,0.854909718037,0,0,0.854909718037,0,0.854909718037,0,0.227784632028,-0.294633685884,0.226734221555,-0.296753643218,0.0010504104729,0.00211995733343,0.557656829322,0.302930692433,0.854909688607,5.6149295726e-05,0.00500404159934,0.226588389615,-0.332861631156,1.23916462338e-05,-0.00309791155844,0.22664453891,0.227214261667,-0.275891445772,-0.327857589556,0.232376485029,-0.294442358676,0.00573194611837,0.0334152308805,9.16382560531,0.854909688607,0.854909688607,0.227784632028,-0.294633685884,0.0010504104729,0.00211995733343,0.0010504104729,0.00211995733343,0.00567783314806,4,0
3445,6.89,1,-0.0912992283702,0,-2.22570204735,0,0,-2.22570204735,0,-2.22570204735,0,-0.080217540241,0.170971964812,-0.0912992318401,0.176781038903,0.0110816915991,-0.0058090740908,-2.08276159207,1.05447346261,-2.22570199789,-0.000118520188356,-0.00976939079915,-0.0910400493311,0.232431365773,-5.80354357764e-06,0.00145088589441,-0.0911585695195,-0.0798848485958,0.161993164924,0.222661974974,-0.0974507045447,0.170253916299,-0.00629213502521,-0.0524080586746,-3.78461039458,-2.22570199789,-1.0170964964,-0.080217540241,0.170971964812,0.0110816915991,-0.0058090740908,0.0110816915991,-0.0058090740908,-0.0111916330594,4,0
3445,6.89,2,0.224520415068,0,-0.00905212946236,0,0,-0.00905212946236,0,-0.00905212946236,0,0.225271924988,-0.21371494712,0.224520417874,-0.181683435502,0.000751507113597,-0.032031511618,-0.152512785943,0.107516767928,-0.00905212916213,9.03522436635e-05,0.00738651862504,0.224327040998,-0.222096057415,7.25442947849e-06,-0.00181360736963,0.224417393242,0.224856060449,-0.20249144725,-0.21470953879,0.223932720567,-0.213770747304,-0.000484672674923,0.000938791485398,5.29780962578,-0.00905212916213,-0.0534667635638,0.225271924988,-0.21371494712,0.000751507113597,-0.032031511618,0.000751507113597,-0.032031511618,0.008470745549,4,0
3450,6.9,1,-0.0898407623172,0,-1.22570204735,0,0,-1.22570204735,0,-1.22570204735,0,-0.0786790525204,0.144889366726,-0.0898407612797,0.131757989095,0.0111617087594,0.0131313776313,1.11170592822,1.29797281874,-1.22570199789,-6.89332679581e-05,-0.00541537955695,-0.0897070295022,0.157036028529,-1.32751821991e-06,0.000331879554975,-0.0897759627702,-0.0783902823205,0.143389461263,0.151620648972,-0.0693789609544,0.145276870541,0.0203970018158,-0.00634377843092,-2.74085829676,-1.22570199789,2.41592132574,-0.0786790525204,0.144889366726,0.0111617087594,0.0131313776313,0.0111617087594,0.0131313776313,-0.00624257877245,4,0
3450,6.9,2,0.222923189402,0,-1.0090521574,0,0,-1.0090521574,0,-1.0090521574,0,0.223348815426,-0.181111699487,0.222923188718,-0.157292867254,0.000425626708593,-0.0238188322338,-1.12289193895,-0.0701713164871,-1.00905212916,2.59865949767e-05,0.00174263740248,0.222892175186,-0.158484386094,1.65939777633e-06,-0.000414849444081,0.222918161781,0.222987852694,-0.179236817657,-0.156741748692,0.213990509024,-0.181501628921,-0.00892765275698,-0.024759880229,1.09543359498,-1.00905212916,-1.19511773198,0.223348815426,-0.181111699487,0.000425626708593,-0.0238188322338,0.000425626708593,-0.0238188322338,0.0020544765422,4,0
3455,6.91,1,-0.0886142775416,0,-1.06229460239,0,0,-1.06229460239,0,-1.06229460239,0,-0.0773435878054,0.1124082514,-0.0886142785205,0.115786044588,0.011270690715,-0.00337779318801,-3.54471201117,1.32969572536,-1.06229459243,-6.92839768496e-06,-0.000457494030944,-0.088604218256,0.117348012716,-8.52919985096e-06,0.00213229996274,-0.0886111466537,-0.077131064722,0.0998646418392,0.116890518685,-0.106827162514,0.111179769121,-0.0182160158599,-0.00571074956396,-2.56214639016,-1.06229459243,-2.21447565101,-0.0773435878054,0.1124082514,0.011270690715,-0.00337779318801,0.011270690715,-0.00337779318801,-0.000540634803164,4,0
3455,6.91,2,0.221246466041,0,-0.0370782800019,0,0,-0.0370782800019,0,-0.0370782800019,0,0.221679484622,-0.140510305301,0.221246463347,-0.167237027164,0.000433021275155,0.0267267218627,0.355316008638,0.0570029806932,-0.0370782792992,-5.27705059504e-05,-0.00454024718117,0.221371595213,-0.138714816288,1.06614998195e-05,-0.00266537495488,0.221318824707,0.221413830786,-0.124830793341,-0.143255063469,0.224678357428,-0.140385352267,0.00335953272146,0.00286971120167,4.9558829898,-0.0370782792992,0.417492482583,0.221679484622,-0.140510305301,0.000433021275155,0.0267267218627,0.000433021275155,0.0267267218627,-0.00517349325257,4,0
3460,6.92,1,-0.0877187103033,0,-2.06229448318,0,0,-2.06229448318,0,-2.06229448318,0,-0.0765681059788,0.0386008499682,-0.0877187069903,0.0661598869716,0.0111506010115,-0.0275590370034,-5.42050287463,1.1141678762,-2.06229459243,-2.32945829124e-05,-0.00217904757437,-0.087650966344,0.0844940410582,-1.12501608665e-05,0.00281254021662,-0.0876742609269,-0.0765076972069,0.0217667652711,0.0823149934838,-0.121640224873,0.0367228450143,-0.033965963946,-0.0455921484695,-3.53750295488,-2.06229459243,-4.30387641586,-0.0765681059788,0.0386008499682,0.0111506010115,-0.0275590370034,0.0111506010115,-0.0275590370034,-0.00245858256932,4,0
3460,6.92,2,0.219907581806,0,0.962921738625,0,0,0.962921738625,0,0.962921738625,0,0.220710132428,-0.0482510534735,0.219907583956,-0.100527469802,0.000802548472437,0.0522764163285,1.00764759681,0.336811255855,0.962921720701,-2.94309498407e-05,-0.00213905532768,0.219953606802,-0.094611291478,1.40627010855e-05,-0.00351567527138,0.219924175852,0.220634621482,-0.0272084475981,-0.0967503468057,0.229113375328,-0.0479009183527,0.00918919947603,0.048849428453,8.79268450358,0.962921720701,1.34695107939,0.220710132428,-0.0482510534735,0.000802548472437,0.0522764163285,0.000802548472437,0.0522764163285,-0.00249222672577,4,0
3465,6.93,1,-0.087573453784,0,-3.06229448318,0,0,-3.06229448318,0,-3.06229448318,0,-0.0766026650841,-0.0446955750596,-0.0875734519093,-0.0241624907687,0.0109707868252,-0.0205330842909,-4.8916917564,0.991285728082,-3.06229459243,-8.38051675798e-05,-0.00726701846272,-0.0873681401261,0.0246970228162,-1.01333620324e-05,0.00253334050809,-0.0874519452936,-0.0767075277352,-0.0600313470802,0.0174300043535,-0.117227295178,-0.0463882679802,-0.0297753498848,-0.0638182723337,-4.47140238316,-3.06229459243,-3.89213334784,-0.0766026650841,-0.0446955750596,0.0109707868252,-0.0205330842909,0.0109707868252,-0.0205330842909,-0.00827268047368,4,0
3465,6.93,2,0.219704732299,0,1.28051292896,0,0,1.28051292896,0,1.28051292896,0,0.2207533314,0.0558694778138,0.219704729801,0.0394021339934,0.00104860159853,0.0164673438203,0.921363009324,0.36423577802,1.2805129835,4.95131916008e-05,0.00449164554048,0.219571761436,0.00570003920037,1.26667025373e-05,-0.00316667563432,0.219621274628,0.220884409732,0.075039192835,0.0101916847408,0.228375741428,0.0561870782316,0.00875446680042,0.0459953934908,9.64022812432,1.2805129835,1.2805129835,0.2207533314,0.0558694778138,0.00104860159853,0.0164673438203,0.00104860159853,0.0164673438203,0.00508580383969,4,0
3470,6.94,1,-0.088398873806,0,-2.46667695045,0,0,-2.46667695045,0,-2.46667695045,0,-0.0774030615687,-0.110465966917,-0.0883988741012,-0.116316912632,0.0109958125324,0.00585094571429,-2.33445582541,1.10942577091,-2.4666770198,-0.000114823010243,-0.00947018731438,-0.0881473921511,-0.0622612475641,-5.82176411458e-06,0.00145544102864,-0.0882622151613,-0.0776332870818,-0.119479079598,-0.0717314348785,-0.0967329008364,-0.111271376887,-0.00847068567511,-0.0395399420084,-3.77727406943,-2.4666770198,-1.21418199105,-0.0774030615687,-0.110465966917,0.0109958125324,0.00585094571429,0.0109958125324,0.00585094571429,-0.0108480634373,4,0
3470,6.94,2,0.220880329609,0,0.406263232231,0,0,0.406263232231,0,0.406263232231,0,0.221753827096,0.138082467603,0.220880331909,0.15894790345,0.000873495186817,-0.0208654358471,0.188097732257,0.175753875024,0.406263239844,8.87027378247e-05,0.00725891334611,0.22068997053,0.119076471127,7.27720513793e-06,-0.00181930128448,0.220778673267,0.222041609005,0.149348858445,0.126335384473,0.223249350584,0.138144781082,0.00247067731701,0.0118093966081,5.66019073636,0.406263239844,0.355528261082,0.221753827096,0.138082467603,0.000873495186817,-0.0208654358471,0.000873495186817,-0.0208654358471,0.00832334620001,4,0
3475,6.95,1,-0.0898674055934,0,-1.46667706966,0,0,-1.46667706966,0,-1.46667706966,0,-0.0786790523412,-0.136517474584,-0.0898674020947,-0.160674155778,0.0111883497535,0.0241566811942,0.828457756443,1.35984666341,-1.4666770198,-6.69595601247e-05,-0.00525697895372,-0.0897377116578,-0.136214975271,-1.33132605976e-06,0.000332831514939,-0.0898046712179,-0.0789530993441,-0.138021996041,-0.141471954224,-0.0717367861357,-0.136228213492,0.0180678850822,0.00524374073211,-2.68855032277,-1.4666770198,2.19436491353,-0.0786790523412,-0.136517474584,0.0111883497535,0.0241566811942,0.0111883497535,0.0241566811942,-0.00606049367522,4,0
3475,6.95,2,0.222712770104,0,-0.593736767769,0,0,-0.593736767769,0,-0.593736767769,0,0.22334881565,0.170646852159,0.222712776727,0.187190525654,0.000636038923439,-0.0165436734952,-0.770560541468,-0.00716108786379,-0.593736760156,2.62043381562e-05,0.00176711149896,0.222680854603,0.185714119263,1.66415757349e-06,-0.000416039393372,0.222707058941,0.223691374422,0.172527503979,0.187481230762,0.21692129034,0.170379038604,-0.00578576860082,-0.0171021921581,1.38343326802,-0.593736760156,-0.779803192889,0.22334881565,0.170646852159,0.000636038923439,-0.0165436734952,0.000636038923439,-0.0165436734952,0.00208156355684,4,0
3480,6.96,1,-0.0915609002113,0,-1.28915393353,0,0,-1.28915393353,0,-1.28915393353,0,-0.0801574937919,-0.168882390206,-0.0915609004543,-0.175852765492,0.0114034066624,0.00697037528657,-3.82089529717,1.3985517632,-1.28915394011,-6.18999453693e-06,-0.000398873302338,-0.0915522809274,-0.17457041842,-8.44340385744e-06,0.00211085096436,-0.091558470922,-0.0805074396107,-0.181305462284,-0.174969291722,-0.111939168473,-0.170206626651,-0.0203806975508,0.00476266507163,-2.45085531212,-1.28915394011,-2.42187038074,-0.0801574937919,-0.168882390206,0.0114034066624,0.00697037528657,0.0114034066624,0.00697037528657,-0.000473153236781,4,0
3480,6.96,2,0.224502667785,0,0.379841029644,0,0,0.379841029644,0,0.379841029644,0,0.225196867553,0.211102996649,0.224502661682,0.180798947713,0.000694205871467,0.0303040489362,0.707273316331,0.110091883863,0.379841022129,-5.12461966208e-05,-0.00441052784646,0.224624144148,0.208470418163,1.05542548105e-05,-0.00263856370262,0.224572897951,0.225634299844,0.22663183673,0.204059890317,0.231122403485,0.21134989398,0.00654950553403,0.00729000366328,5.17557591344,0.379841022129,0.8223906824,0.225196867553,0.211102996649,0.000694205871467,0.0303040489362,0.000694205871467,0.0303040489362,-0.00502548220591,4,0
3485,6.97,1,-0.0935755297542,0,-2.28915405273,0,0,-2.28915405273,0,-2.28915405273,0,-0.0821903185096,-0.241532350397,-0.0935755290087,-0.224441577973,0.011385210499,-0.0170907724239,-5.62034550415,1.19397134621,-2.28915394011,-2.33504803475e-05,-0.00218770972736,-0.0935074024475,-0.205968483873,-1.09724783861e-05,0.00274311959653,-0.0935307529278,-0.0826897789143,-0.25795956114,-0.208156193601,-0.128924828779,-0.243479621658,-0.0353940758514,-0.0353234280573,-3.38157349757,-2.28915394011,-4.42390624245,-0.0821903185096,-0.241532350397,0.011385210499,-0.0170907724239,0.011385210499,-0.0170907724239,-0.00246791549153,4,0
3485,6.97,2,0.22666323185,0,1.37984097004,0,0,1.37984097004,0,1.37984097004,0,0.227737898539,0.301915446778,0.226663233902,0.250653826686,0.00107466463676,0.0512616200915,1.33670189543,0.370329892772,1.37984102213,-2.70569880608e-05,-0.00193669645609,0.226703622812,0.255258149838,1.37155979626e-05,-0.00342889949066,0.226676565824,0.228362224062,0.322449460177,0.253321453382,0.238876587834,0.302379558831,0.0122000220105,0.0490581054496,8.93839136464,1.37984102213,1.70929316851,0.227737898539,0.301915446778,0.00107466463676,0.0512616200915,0.00107466463676,0.0512616200915,-0.00226138031282,4,0
3490,6.98,1,-0.0963276475668,0,-3.28915405273,0,0,-3.28915405273,0,-3.28915405273,0,-0.0850145003753,-0.322289718503,-0.096327645018,-0.312951301184,0.0113131446427,-0.00933841731927,-5.04286077519,1.08913349095,-3.28915394011,-8.42832030625e-05,-0.00729097749734,-0.0961220600897,-0.264221209178,-9.71669068703e-06,0.00242917267176,-0.0962063432928,-0.0856739330743,-0.337003867519,-0.271512186676,-0.126896441998,-0.324034799404,-0.0306900987055,-0.0525226127288,-4.27114014957,-3.28915394011,-3.94542490831,-0.0850145003753,-0.322289718503,0.0113131446427,-0.00933841731927,0.0113131446427,-0.00933841731927,-0.00830237593409,4,0
3490,6.98,2,0.229982510209,0,1.60233330727,0,0,1.60233330727,0,1.60233330727,0,0.231268125958,0.402862156747,0.229982505681,0.391071062415,0.00128562027724,0.0117910943325,1.2348245236,0.372833953343,1.60233336358,5.22544620276e-05,0.00469805982587,0.229844489881,0.356510464999,1.21458633355e-05,-0.00303646583387,0.229896744343,0.232092416849,0.421254842981,0.361208524825,0.241496197308,0.403288326387,0.0115994529647,0.042079801562,9.33851454683,1.60233336358,1.60233336358,0.231268125958,0.402862156747,0.00128562027724,0.0117910943325,0.00128562027724,0.0117910943325,0.0053251133702,4,0
3495,6.99,1,-0.100022725761,0,-2.68915390968,0,0,-2.68915390968,0,-2.68915390968,0,-0.0885751671924,-0.38496291568,-0.100022725826,-0.402076392757,0.0114475586338,0.0171134770771,-2.5627616813,1.22309768027,-2.68915394011,-0.000113439693693,-0.00935416727594,-0.0997744099752,-0.348723905023,-5.47418180127e-06,0.00136854545032,-0.0998878496689,-0.089353843948,-0.393444014135,-0.358078072299,-0.109805361198,-0.385847507097,-0.00991751152866,-0.027769434798,-3.52977736984,-2.68915394011,-1.32894855743,-0.0885751671924,-0.38496291568,0.0114475586338,0.0171134770771,0.0114475586338,0.0171134770771,-0.0107154436003,4,0
3495,6.99,2,0.234653145075,0,0.728283882141,0,0,0.728283882141,0,0.728283882141,0,0.235718959564,0.481203653054,0.234653150255,0.507040134733,0.00106580930935,-0.025836481679,0.524582722251,0.174089222326,0.728283863005,8.88264201043e-05,0.00726765867989,0.234462620005,0.467138465264,6.84272723486e-06,-0.00171068180872,0.234551446425,0.236692305526,0.491805026098,0.474406123944,0.240013579848,0.481382595566,0.00546213342288,0.0069764716223,5.30791350752,0.728283863005,0.690338368857,0.235718959564,0.481203653054,0.00106580930935,-0.025836481679,0.00106580930935,-0.025836481679,0.00833357572114,4,0
3500,7,1,-0.104331694543,0,-1.68915390968,0,0,-1.68915390968,0,-1.68915390968,0,-0.0925854612648,-0.40934642089,-0.104331691283,-0.443605228275,0.0117462300184,0.0342588073853,0.369790233432,1.4787752467,-1.68915394011,-6.59983616191e-05,-0.00518155098049,-0.10420385972,-0.419494395652,-1.25148178702e-06,0.000312870446754,-0.104269858081,-0.0934051060896,-0.410761023724,-0.424675946632,-0.0894595235338,-0.409216173484,0.0148103345476,0.015459773148,-2.39919658757,-1.68915394011,1.85453901145,-0.0925854612648,-0.40934642089,0.0117462300184,0.0342588073853,0.0117462300184,0.0342588073853,-0.00597353131992,4,0
3500,7,2,0.239946857095,0,-0.271716147661,0,0,-0.271716147661,0,-0.271716147661,0,0.240731827239,0.511683034488,0.239946859015,0.532052877141,0.00078496822412,-0.0203698426524,-0.362036617799,-0.00634270121621,-0.271716136995,2.67629190012e-05,0.00181937779922,0.239913307318,0.530134364985,1.56435222992e-06,-0.00039108805748,0.239940070237,0.241756383287,0.513451288027,0.531953742784,0.237702277286,0.51155680324,-0.00223779295104,-0.0203969395435,0.982923654769,-0.271716136995,-0.370519851843,0.240731827239,0.511683034488,0.00078496822412,-0.0203698426524,0.00078496822412,-0.0203698426524,0.00214053282724,4,0
3505,7.01,1,-0.108840085566,0,-1.48915398121,0,0,-1.48915398121,0,-1.48915398121,0,-0.0967849129676,-0.439561530129,-0.108840084603,-0.456351587804,0.0120551716351,0.0167900576753,-3.98045594692,1.52353207336,-1.48915394011,-6.87944511341e-06,-0.000462125977856,-0.108829526402,-0.454569989715,-7.82707774689e-06,0.00195676943673,-0.108836405847,-0.0976753393058,-0.451083477417,-0.455032115693,-0.129893360254,-0.440941048766,-0.0210569544073,0.0140910669268,-2.09768140035,-1.48915394011,-2.45637919424,-0.0967849129676,-0.439561530129,0.0120551716351,0.0167900576753,0.0120551716351,0.0167900576753,-0.000544679319217,4,0
3505,7.01,2,0.245174065232,0,0.728283882141,0,0,0.728283882141,0,0.728283882141,0,0.245981141951,0.549451920938,0.245174061292,0.523930522046,0.000807080658489,0.0255213988914,1.02267659959,0.10655517797,0.728283863005,-4.86119219345e-05,-0.00418402513151,0.245289148313,0.550099443905,9.78384715589e-06,-0.00244596178897,0.245240536391,0.24709417489,0.563854355006,0.545915418774,0.254528336137,0.549808054029,0.0092877997457,0.00389263525482,4.82890125866,0.728283863005,1.13399914576,0.245981141951,0.549451920938,0.000807080658489,0.0255213988914,0.000807080658489,0.0255213988914,-0.00476736819472,4,0
3510,7.02,1,-0.113643981516,0,-2.489153862,0,0,-2.489153862,0,-2.489153862,0,-0.101498314377,-0.506489184893,-0.113643978257,-0.502323689674,0.0121456638809,-0.00416549521862,-5.59062056844,1.34500454166,-2.48915394011,-2.52066963687e-05,-0.00234739064373,-0.113571350659,-0.482784871086,-1.00053547348e-05,0.00250133868371,-0.113596557355,-0.102526261024,-0.521477339617,-0.48513226173,-0.147984032483,-0.508426089814,-0.034387475128,-0.0232938280843,-2.98725945309,-2.48915394011,-4.24296615578,-0.101498314377,-0.506489184893,0.0121456638809,-0.00416549521862,0.0121456638809,-0.00416549521862,-0.00264987100015,4,0
3510,7.02,2,0.250756025314,0,1.72828388214,0,0,1.72828388214,0,1.72828388214,0,0.251872893794,0.63311148914,0.250756024175,0.592122744947,0.00111686961861,0.0409887441929,1.58979878146,0.33374939774,1.728283863,-2.30557433989e-05,-0.00159764374206,0.250787047103,0.594572911751,1.25066933772e-05,-0.00312667334431,0.25076399136,0.253157827119,0.651846682484,0.592975268009,0.265113848476,0.633663195585,0.0143498571165,0.040687927576,8.53841041482,1.728283863,1.92542249186,0.251872893794,0.63311148914,0.00111686961861,0.0409887441929,0.00111686961861,0.0409887441929,-0.00187431266285,4,0
3515,7.03,1,-0.119151368737,0,-3.489153862,0,0,-3.489153862,0,-3.489153862,0,-0.106934665269,-0.579633213635,-0.119151367141,-0.586226930966,0.0122167018715,0.00659371733115,-5.00089426825,1.27895331881,-3.48915394011,-8.50009781714e-05,-0.00731649085393,-0.118945744361,-0.537801464866,-8.68948393032e-06,0.00217237098258,-0.119030745339,-0.108107233435,-0.592801195548,-0.54511795572,-0.148467208207,-0.581363736257,-0.029436462868,-0.0362457805377,-3.83639707119,-3.48915394011,-3.71360444684,-0.106934665269,-0.579633213635,0.0122167018715,0.00659371733115,0.0122167018715,0.00659371733115,-0.00833650259199,4,0
3515,7.03,2,0.257453590631,0,1.78089344501,0,0,1.78089344501,0,1.78089344501,0,0.258668332488,0.724541524749,0.257453590469,0.724218100426,0.00121474201984,0.000323424322698,1.47891132469,0.307474628094,1.78089346918,5.44964042998e-05,0.00483852674969,0.257312671181,0.689436030054,1.0861854871e-05,-0.00271546371775,0.257367167585,0.26013404271,0.741001502076,0.694274556803,0.270925542952,0.725052241851,0.0135583753662,0.0307776850481,8.22407121168,1.78089346918,1.78089346918,0.258668332488,0.724541524749,0.00121474201984,0.000323424322698,0.00121474201984,0.000323424322698,0.00549248360128,4,0
3520,7.04,1,-0.125512391329,0,-2.56219506264,0,0,-2.56219506264,0,-2.56219506264,0,-0.113031872627,-0.635271228656,-0.125512390858,-0.663338108577,0.01248051823,0.0280668799209,-2.75392927229,1.42131561035,-2.5621951121,-0.000106270429295,-0.00872366130175,-0.125281987446,-0.614257443481,-4.78263651274e-06,0.00119565912818,-0.125388257875,-0.114310073501,-0.642687414278,-0.622981104782,-0.135858329744,-0.636222331036,-0.0104700718685,-0.0132412262532,-2.73587187968,-2.5621951121,-1.32261475549,-0.113031872627,-0.635271228656,0.01248051823,0.0280668799209,0.01248051823,0.0280668799209,-0.00999890645328,4,0
3520,7.04,2,0.265359014273,0,0.947875976562,0,0,0.947875976562,0,0.947875976562,0,0.266289841762,0.794089043241,0.265359012827,0.823845941176,0.000930828934593,-0.0297568979341,0.836530313712,0.115794796707,0.947875964173,8.07271183095e-05,0.00655067571479,0.265188967561,0.788862938168,5.97829561383e-06,-0.00149457390345,0.265269694679,0.267887592869,0.803359275228,0.795413613883,0.273186293027,0.794376395378,0.00791659834843,-0.00103721850545,4.34619037182,0.947875964173,0.944805709284,0.266289841762,0.794089043241,0.000930828934593,-0.0297568979341,0.000930828934593,-0.0297568979341,0.00751940113451,4,0
3525,7.05,1,-0.132358878851,0,-1.56219506264,0,0,-1.56219506264,0,-1.56219506264,0,-0.119524488475,-0.6564546261,-0.132358885453,-0.692462787734,0.0128343969785,0.0360081616336,-0.23617210331,1.63991956757,-1.5621951121,-5.61290771228e-05,-0.00436032479473,-0.13225318811,-0.673242325718,-1.09300231134e-06,0.000273250577836,-0.132309317187,-0.120838229822,-0.657690425614,-0.677602650512,-0.12144730217,-0.656534743338,0.0108620150176,0.0210679071748,-1.57682811901,-1.5621951121,1.40878133798,-0.119524488475,-0.6564546261,0.0128343969785,0.0360081616336,0.0128343969785,0.0360081616336,-0.0050338737202,4,0
3525,7.05,2,0.273731738329,0,0.0656518414617,0,0,0.0656518414617,0,0.0656518414617,0,0.274405611644,0.820568289923,0.273731724432,0.834216397269,0.000673887211809,-0.0136481073458,0.0778887585575,-0.0111831245619,0.0656518394492,1.5339433112e-05,0.00086972134907,0.273723734928,0.837932088263,1.36625288294e-06,-0.000341563220736,0.273739074362,0.276047788343,0.822113039307,0.838801809612,0.27504479332,0.820594922493,0.00130571895872,-0.0182068871195,0.491916119744,0.0656518394492,0.0656518394492,0.274405611644,0.820568289923,0.000673887211809,-0.0136481073458,0.000673887211809,-0.0136481073458,0.00105379454641,4,0
3530,7.06,1,-0.139305070043,0,-1.53847408295,0,0,-1.53847408295,0,-1.53847408295,0,-0.126181083434,-0.68262140252,-0.139305073118,-0.697702253663,0.0131239896841,0.0150808511432,-4.01413888503,1.64813072797,-1.53847408735,-1.9202943941e-06,-9.92894132598e-05,-0.139302849422,-0.697179787926,-6.71894755552e-06,0.00167973688888,-0.139304769717,-0.12755604153,-0.692518258694,-0.697279077339,-0.159573248859,-0.684012742746,-0.0202684791423,0.0132663345934,-1.42267840812,-1.53847408735,-2.36588582411,-0.126181083434,-0.68262140252,0.0131239896841,0.0150808511432,0.0131239896841,0.0150808511432,-0.000122332945989,4,0
3530,7.06,2,0.281950652599,0,1.06565189362,0,0,1.06565189362,0,1.06565189362,0,0.282726355416,0.85327676029,0.281950657771,0.821881722345,0.000775697644554,0.0313950379459,1.28271623095,0.128994727127,1.06565183945,-5.35539774349e-05,-0.00453137514784,0.282073265616,0.848968640664,8.398684402e-06,-0.00209967110049,0.282019711639,0.28444505305,0.865647830446,0.844437265517,0.293440173819,0.853723169391,0.0114204621799,0.00928590387396,4.31617710816,1.06565183945,1.41688498096,0.282726355416,0.85327676029,0.000775697644554,0.0313950379459,0.000775697644554,0.0313950379459,-0.00517402287706,4,0
3535,7.07,1,-0.14649450779,0,-2.53847408295,0,0,-2.53847408295,0,-2.53847408295,0,-0.133278901189,-0.739621441165,-0.146494515012,-0.739015108815,0.0132156138229,-0.000606332349715,-5.33400901682,1.48439623198,-2.53847408735,-2.72410551618e-05,-0.00253302015521,-0.146416231311,-0.718017959172,-8.4095578485e-06,0.00210238946213,-0.146443472366,-0.13477074441,-0.752228778985,-0.720550979327,-0.177628148502,-0.74146932647,-0.0311846761359,-0.0209183471427,-2.2811908799,-2.53847408735,-3.84675287202,-0.133278901189,-0.739621441165,0.0132156138229,-0.000606332349715,0.0132156138229,-0.000606332349715,-0.00285991281716,4,0
3535,7.07,2,0.29050001502,0,2.06565189362,0,0,2.06565189362,0,2.06565189362,0,0.291598627679,0.924526808219,0.29050001699,0.888029147018,0.00109861068907,0.036497661201,1.75214990116,0.320115371633,2.06565183945,-1.92934826716e-05,-0.00126546105931,0.290521319552,0.888087633593,1.05119472507e-05,-0.00262798681267,0.290502026069,0.293463431719,0.940285980405,0.886822172534,0.306187024635,0.925134658092,0.0156849985654,0.0383124855579,7.98960991256,2.06565183945,2.07376225564,0.291598627679,0.924526808219,0.00109861068907,0.036497661201,0.00109861068907,0.036497661201,-0.00149698285137,4,0
3540,7.08,1,-0.15432459116,0,-3.30634045601,0,0,-3.30634045601,0,-3.30634045601,0,-0.140985835189,-0.800556222212,-0.154324595528,-0.814899663349,0.0133387603384,0.0143434411364,-4.76924400956,1.45455940762,-3.30634052113,-8.5407743259e-05,-0.00731918788508,-0.15411958541,-0.766889124708,-7.11628494063e-06,0.00177907123515,-0.154204993153,-0.14259786205,-0.81135064429,-0.774208312593,-0.180591241875,-0.802206447491,-0.026386248722,-0.0279981348973,-2.86860286016,-3.30634052113,-3.30634052113,-0.140985835189,-0.800556222212,0.0133387603384,0.0143434411364,0.0133387603384,0.0143434411364,-0.00834408080419,4,0
3540,7.08,2,0.300090074539,0,1.89847874641,0,0,1.89847874641,0,1.89847874641,0,0.301232295245,1.00069528407,0.300090066447,1.00684943845,0.00114222879796,-0.00615415438157,1.63947670907,0.264556652477,1.89847872245,5.5593803028e-05,0.00488751346094,0.299948775208,0.972366669712,8.89535611787e-06,-0.00222383902947,0.300004369011,0.303247328834,1.01418831158,0.977254183173,0.314824714544,1.00126163488,0.0148203455328,0.0240074517037,6.78615619427,1.89847872245,1.89847872245,0.301232295245,1.00069528407,0.00114222879796,-0.00615415438157,0.00114222879796,-0.00615415438157,0.00555463909727,4,0
3545,7.09,1,-0.162880271673,0,-2.30634045601,0,0,-2.30634045601,0,-2.30634045601,0,-0.149236473126,-0.845663113971,-0.162880271775,-0.876832087807,0.0136437986488,0.0311689738358,-2.89672059487,1.59418020284,-2.30634052113,-9.88490955372e-05,-0.0080914531916,-0.162667290851,-0.831695697669,-3.79058058281e-06,0.000947645145699,-0.162766139946,-0.150933884056,-0.851548400544,-0.83978715086,-0.173256795781,-0.846663960748,-0.0104906558354,-0.006876809888,-1.67251688339,-2.30634052113,-1.29326274969,-0.149236473126,-0.845663113971,0.0136437986488,0.0311689738358,0.0136437986488,0.0311689738358,-0.00927764233805,4,0
3545,7.09,2,0.310702055693,0,1.17918920517,0,0,1.17918920517,0,1.17918920517,0,0.311545592727,1.05707889839,0.310702047331,1.08749028828,0.000843545395693,-0.0304113898972,1.10557263052,0.0802471926682,1.17918920606,7.15787967069e-05,0.00577167156205,0.310553451328,1.05735129074,4.73822569275e-06,-0.00118455642319,0.310625030125,0.313667356401,1.06443550655,1.0631229623,0.320687571348,1.05745981416,0.0100625412228,-0.00566314813619,3.37302224954,1.17918920606,1.17918920606,0.311545592727,1.05707889839,0.000843545395693,-0.0304113898972,0.000843545395693,-0.0304113898972,0.00663061712253,4,0
3550,7.1,1,-0.171787247062,0,-1.30634057522,0,0,-1.30634057522,0,-1.30634057522,0,-0.157803455816,-0.862315372882,-0.171787243923,-0.893982623414,0.0139837881075,0.0316672505318,-0.952048664093,1.76531944335,-1.30634052113,-5.04521176601e-05,-0.00391165353928,-0.171692740253,-0.876913930703,-8.65845480452e-07,0.00021646137011,-0.17174319237,-0.159528746486,-0.863294719245,-0.880825584242,-0.165685867616,-0.862643806707,0.00605732475438,0.0181817775357,-0.49422849085,-1.30634052113,0.817787858204,-0.157803455816,-0.862315372882,0.0139837881075,0.0316672505318,0.0139837881075,0.0316672505318,-0.0045170789512,4,0
3550,7.1,2,0.321649730206,0,0.506257891655,0,0,0.506257891655,0,0.506257891655,0,0.322254321147,1.07789422186,0.321649731384,1.08886679227,0.000604589763546,-0.0109725704081,0.522820015537,-0.0161033982542,0.506257891776,8.7511652272e-06,0.000353711523334,0.321654428565,1.094948584,1.08230684237e-06,-0.00027057671059,0.32166317973,0.324410934497,1.07911840481,1.09530229552,0.326599787685,1.07807528297,0.00493660795447,-0.0172270125521,0.351851922441,0.506257891776,0.506257891776,0.322254321147,1.07789422186,0.000604589763546,-0.0109725704081,0.000604589763546,-0.0109725704081,0.00045872550606,4,0
3555,7.11,1,-0.180706232786,0,-1.50634050369,0,0,-1.50634050369,0,-1.50634050369,0,-0.16649893569,-0.882789661685,-0.180706233222,-0.89331519255,0.0142072975324,0.0105255308648,-3.9204089426,1.74133359336,-1.50634052113,-4.69997237177e-06,-0.000394480844158,-0.180694176318,-0.889863325113,-5.18864117868e-06,0.00129716029467,-0.18069887629,-0.16827203187,-0.890439570874,-0.890257805957,-0.199108638806,-0.884148399315,-0.0184097625162,0.00610940664215,-0.541648427872,-1.50634052113,-2.17862446873,-0.16649893569,-0.882789661685,0.0142072975324,0.0105255308648,0.0142072975324,0.0105255308648,-0.000450880512619,4,0
3555,7.11,2,0.332434773445,0,1.50625789165,0,0,1.50625789165,0,1.50625789165,0,0.333123671047,1.10348708266,0.332434780018,1.08066107748,0.000688891029088,0.0228260051784,1.47228840329,0.0957149677793,1.50625789178,-4.90376830825e-05,-0.00407402211268,0.332542682709,1.10353873572,6.48580141893e-06,-0.00162145035473,0.332493645026,0.335340041283,1.11304946907,1.09946471361,0.345410264136,1.10399902404,0.0129166191102,0.00453431043086,4.13392570306,1.50625789178,1.57266584538,0.333123671047,1.10348708266,0.000688891029088,0.0228260051784,0.000688891029088,0.0228260051784,-0.00466247430967,4,0
3560,7.12,1,-0.189828395844,0,-2.50634050369,0,0,-2.50634050369,0,-2.50634050369,0,-0.175535187798,-0.926280562151,-0.18982839272,-0.92953178573,0.0142932049229,0.00325122357902,-4.8670639394,1.61714618428,-2.50634052113,-3.68013877718e-05,-0.00330259042563,-0.189730806663,-0.904829122513,-6.28535751429e-06,0.00157133937857,-0.18976760805,-0.177397189597,-0.935714917666,-0.908131712939,-0.215992613647,-0.927966288228,-0.0262250055967,-0.0198345752893,-1.37483280834,-2.50634052113,-3.24617354805,-0.175535187798,-0.926280562151,0.0142932049229,0.00325122357902,0.0142932049229,0.00325122357902,-0.00374420707889,4,0
3560,7.12,2,0.343583911657,0,2.00671935081,0,0,2.00671935081,0,2.00671935081,0,0.344418986234,1.15785070777,0.343583903067,1.14490224392,0.000835083167778,0.0129484638503,1.81474743898,0.191653753808,2.00671940721,-6.52377025437e-06,-0.000239929186348,0.343579555447,1.14006279558,7.85669681802e-06,-0.00196417420451,0.343573031677,0.346746488493,1.16964365205,1.13982286639,0.359518319226,1.15847984664,0.0159452875497,0.0186569802498,5.76945800099,2.00671940721,2.00671940721,0.344418986234,1.15785070777,0.000835083167778,0.0129484638503,0.000835083167778,0.0129484638503,-0.0003182144294,4,0
3565,7.13,1,-0.199481323361,0,-2.73177480698,0,0,-2.73177480698,0,-2.73177480698,0,-0.185028449897,-0.971177339108,-0.199481318665,-0.990412872325,0.0144528687675,0.0192355332168,-4.36270229484,1.62825555831,-2.73177485681,-8.30909981082e-05,-0.00709104208052,-0.199285973302,-0.945562663016,-5.09594359618e-06,0.00127398589905,-0.1993690643,-0.186978645878,-0.978919948113,-0.952653705096,-0.22125400964,-0.97268673743,-0.02188494534,-0.020033032334,-1.40241942215,-2.73177485681,-2.72635860247,-0.185028449897,-0.971177339108,0.0144528687675,0.0192355332168,0.0144528687675,0.0192355332168,-0.00808813405782,4,0
3565,7.13,2,0.355570614338,0,1.82581424713,0,0,1.82581424713,0,1.82581424713,0,0.356285563907,1.2139716784,0.3555706253,1.2339902679,0.000714938607362,-0.0200185895051,1.70754849366,0.123473040162,1.82581426744,5.24299719316e-05,0.00457810671875,0.355442225722,1.20368076076,6.36992942493e-06,-0.00159248235624,0.355494655694,0.358723308892,1.22364993955,1.20825886748,0.370447154706,1.21456174468,0.014952499012,0.00630287720101,4.55308888194,1.82581426744,1.82581426744,0.356285563907,1.2139716784,0.000714938607362,-0.0200185895051,0.000714938607362,-0.0200185895051,0.00520726638193,4,0
3570,7.14,1,-0.209642678499,0,-1.73177480698,0,0,-1.73177480698,0,-1.73177480698,0,-0.194914100488,-1.0029188757,-0.209642672881,-1.02812481236,0.014728572393,0.0252059366575,-2.98217300985,1.73304013002,-1.73177485681,-8.20667166538e-05,-0.00668173379708,-0.209468162799,-0.991578071242,-2.56034853408e-06,0.000640087133522,-0.209550229515,-0.196924066903,-1.00690346903,-0.998259805039,-0.219658695084,-1.00394990048,-0.0101084655686,-0.00569009543957,-0.200528500027,-1.73177485681,-1.24146634543,-0.194914100488,-1.0029188757,0.014728572393,0.0252059366575,0.014728572393,0.0252059366575,-0.00766653439692,4,0
3570,7.14,2,0.368251651525,0,1.29420900345,0,0,1.29420900345,0,1.29420900345,0,0.368642627188,1.25364859868,0.368251654123,1.28285699138,0.000390973064832,-0.0292083927026,1.31581333398,-0.0170385873383,1.29420894462,5.00381311346e-05,0.00396534444377,0.368152244143,1.26365924963,3.20043562535e-06,-0.000800108906342,0.368202282274,0.371155085215,1.25862934027,1.26762459407,0.379550752237,1.25410310389,0.0113484699628,-0.0135214901819,1.95620723455,1.29420894462,1.29420894462,0.368642627188,1.25364859868,0.000390973064832,-0.0292083927026,0.000390973064832,-0.0292083927026,0.00456580201739,4,0
3575,7.15,1,-0.21995075047,0,-0.731774866581,0,0,-0.731774866581,0,-0.731774866581,0,-0.205017154991,-1.01399367341,-0.219950754307,-1.02768827901,0.0149335993166,0.0136946056033,-1.73261380984,1.80965166349,-0.731774856807,-3.78800304697e-05,-0.00291736715911,-0.219881020543,-1.01536474497,-5.84284393035e-07,0.000146071098259,-0.219918900573,-0.207045588626,-1.01465503069,-1.01828211213,-0.219402529402,-1.01459306401,0.000516371171528,0.00368904811854,0.978827299047,-0.731774856807,0.0804097811761,-0.205017154991,-1.01399367341,0.0149335993166,0.0136946056033,0.0149335993166,0.0136946056033,-0.00337192752475,4,0
3575,7.15,2,0.381061077118,0,0.891087830067,0,0,0.891087830067,0,0.891087830067,0,0.381271445356,1.26749209562,0.381061064486,1.27209768801,0.000210380869977,-0.00460559238297,0.945676365305,-0.0555297697425,0.891087832801,-6.68511408848e-06,-0.000861015869461,0.381095778991,1.28383550094,7.30355481648e-07,-0.000182588870411,0.381089093877,0.383806987407,1.26831879221,1.28297448507,0.389146253834,1.26782021264,0.00805715995783,-0.0151542724278,0.04530636048,0.891087832801,0.891087832801,0.381271445356,1.26749209562,0.000210380869977,-0.00460559238297,0.000210380869977,-0.00460559238297,-0.000941237238523,4,0
3580,7.16,1,-0.230142623186,0,-1.33177483082,0,0,-1.33177483082,0,-1.33177483082,0,-0.215205150799,-1.02748899973,-0.230142619897,-1.01784058006,0.0149374690983,-0.00964841967216,-3.70463651155,1.72100022202,-1.33177485681,-4.94399365601e-06,-0.000487104638496,-0.230126719756,-1.01296562869,-3.33231339414e-06,0.000833078348532,-0.230131663749,-0.217264974909,-1.03241129001,-1.01345273333,-0.246019071733,-1.0287729131,-0.015887407984,-0.0153201797765,0.539006260884,-1.33177485681,-1.98308985696,-0.215205150799,-1.02748899973,0.0149374690983,-0.00964841967216,0.0149374690983,-0.00964841967216,-0.000546432562368,4,0
3580,7.16,2,0.393672376871,0,1.64314377308,0,0,1.64314377308,0,1.64314377308,0,0.394006440154,1.28436125329,0.393672369285,1.26266769004,0.000334070869144,0.0216935632497,1.58020597328,0.0584912670365,1.64314374242,-4.7726486573e-05,-0.00387378425975,0.393773220569,1.28327948987,4.16539167947e-06,-0.00104134791987,0.393725494082,0.396581220299,1.29051411604,1.27940570561,0.407188991076,1.28491052624,0.0134634969937,0.00550482063518,2.83236686342,1.64314374242,1.64314374242,0.394006440154,1.28436125329,0.000334070869144,0.0216935632497,0.000334070869144,0.0216935632497,-0.00444650209863,4,0
3585,7.17,1,-0.240445569158,0,-2.33177495003,0,0,-2.33177495003,0,-2.33177495003,0,-0.225612056306,-1.0547380688,-0.240445566281,-1.04267309029,0.0148335099748,-0.0120649785031,-4.2183137772,1.60648155831,-2.33177485681,-3.79687877196e-05,-0.00336942834645,-0.24034706406,-1.01811351512,-3.76622505152e-06,0.00094155626288,-0.240385032847,-0.227727220262,-1.06040664675,-1.02148294347,-0.260671927835,-1.05619889678,-0.020286894988,-0.0347159533057,-0.285442317542,-2.33177485681,-2.60800716509,-0.225612056306,-1.0547380688,0.0148335099748,-0.0120649785031,0.0148335099748,-0.0120649785031,-0.00382505379909,4,0
3585,7.17,2,0.406540751457,0,1.90948104858,0,0,1.90948104858,0,1.90948104858,0,0.407015072071,1.31842258907,0.406540745462,1.30794955394,0.000474326609598,0.0104730351259,1.7742104109,0.13508843818,1.90948105936,-4.66031121767e-06,-0.000126286540238,0.406534557281,1.30317539042,4.70778122946e-06,-0.00117694530736,0.40652989697,0.409659027022,1.32550831138,1.30304910388,0.421776050549,1.31903762984,0.0152461535796,0.015988525961,3.5655908022,1.90948105936,1.90948105936,0.407015072071,1.31842258907,0.000474326609598,0.0104730351259,0.000474326609598,0.0104730351259,-0.00018221027485,4,0
3590,7.18,1,-0.251131147146,0,-2.17598366737,0,0,-2.17598366737,0,-2.17598366737,0,-0.236295149934,-1.08077581205,-0.251131134968,-1.08489978498,0.0148359850341,0.00412397292857,-3.80569953901,1.62233653819,-2.17598375998,-7.66155574942e-05,-0.0064598541525,-0.250954663395,-1.04511616908,-2.75540537406e-06,0.000688851343515,-0.251031278953,-0.238460977049,-1.08498011138,-1.05157602323,-0.267892961773,-1.08209238754,-0.0168616828203,-0.0305163643094,0.0681166814359,-2.17598375998,-2.17598375998,-0.236295149934,-1.08077581205,0.0148359850341,0.00412397292857,0.0148359850341,0.00412397292857,-0.00737924084243,4,0
3590,7.18,2,0.419991880655,0,1.74363124371,0,0,1.74363124371,0,1.74363124371,0,0.420368939134,1.3509697675,0.419991881301,1.36779171825,0.000377057832812,-0.0168219507568,1.67921109929,0.0687216435505,1.74363123413,4.41614292318e-05,0.00377157155725,0.419887580146,1.34394660863,3.4442566394e-06,-0.000861064159847,0.419931741575,0.423076223032,1.35622514154,1.34771818019,0.434302329142,1.35155032541,0.0143705875668,0.0038321452231,2.47578208599,1.74363123413,1.74363123413,0.420368939134,1.3509697675,0.000377057832812,-0.0168219507568,0.000377057832812,-0.0168219507568,0.00430150870804,4,0
3595,7.19,1,-0.26212310791,0,-1.30861604214,0,0,-1.30861604214,0,-1.30861604214,0,-0.247194661394,-1.097157556,-0.262123118137,-1.10470536282,0.0149284567425,0.00754780682008,-3.00350003681,1.68822391883,-1.30861607779,-7.11625698429e-05,-0.00580608935417,-0.261971033231,-1.07265542466,-1.16924037066e-06,0.000292310092667,-0.262042195801,-0.249390889713,-1.09899108942,-1.07846151402,-0.272125046115,-1.09819632203,-0.0100828503143,-0.0197348080133,1.13209454007,-1.30861607779,-1.30861607779,-0.247194661394,-1.097157556,0.0149284567425,0.00754780682008,0.0149284567425,0.00754780682008,-0.00666004019229,4,0
3595,7.19,2,0.433862656355,0,1.41077446938,0,0,1.41077446938,0,1.41077446938,0,0.433993328481,1.37144694692,0.433862661485,1.39428907023,0.000130666995782,-0.0228421233097,1.45420089885,-0.0401081332035,1.41077449061,3.6478759935e-05,0.00288052992476,0.433790880376,1.38057130793,1.4615504173e-06,-0.000365387604322,0.433827359135,0.436738613883,1.37373886363,1.38345183786,0.446063062613,1.37194985251,0.0122357034777,-0.0115019853438,0.744747878036,1.41077449061,1.41077449061,0.433993328481,1.37144694692,0.000130666995782,-0.0228421233097,0.000130666995782,-0.0228421233097,0.00331827504398,4,0
3600,7.2,1,-0.273140639067,0,-0.822634100914,0,0,-0.822634100914,0,-0.822634100914,0,-0.25819897564,-1.10195902223,-0.273140653414,-1.09677103849,0.0149416777738,-0.00518798373782,-2.52710751991,1.70091953575,-0.822634081501,-3.88880316926e-05,-0.00308724628392,-0.273062801301,-1.08139055447,-2.6601056885e-07,6.65026422171e-05,-0.273101689333,-0.260403098294,-1.10226083492,-1.08447780075,-0.279192142646,-1.10283373752,-0.00609045331371,-0.018355936771,1.79645534479,-0.822634081501,-0.822634081501,-0.25819897564,-1.10195902223,0.0149416777738,-0.00518798373782,0.0149416777738,-0.00518798373782,-0.00355390266423,4,0
3600,7.2,2,0.4477622509,0,1.25446343422,0,0,1.25446343422,0,1.25446343422,0,0.447748721306,1.37744877951,0.447762262989,1.38318050419,-1.35416833954e-05,-0.0057317246825,1.31983813124,-0.0659874516888,1.25446340926,-4.41508315497e-06,-0.000559748714148,0.447784246186,1.39045938343,3.32513200585e-07,-8.31283001412e-05,0.447779831103,0.450503874627,1.37782604535,1.38989963471,0.458733407844,1.37790647478,0.0109535767409,-0.0119931599301,-0.16462583377,1.25446340926,1.25446340926,0.447748721306,1.37744877951,-1.35416833954e-05,-0.0057317246825,-1.35416833954e-05,-0.0057317246825,-0.000612729712007,4,0
3605,7.21,1,-0.284083902836,0,-1.729804039,0,0,-1.729804039,0,-1.729804039,0,-0.269239338137,-1.10762742509,-0.284083905568,-1.09710009043,0.0148445674306,-0.0105273346608,-3.37837634989,1.64562840769,-1.72980400209,-2.96236950625e-05,-0.00258845577339,-0.284009860758,-1.07896113927,-1.2666041036e-06,0.000316651025905,-0.284039484453,-0.271456463853,-1.10951281085,-1.08154959505,-0.297319191806,-1.10879741899,-0.0132797073531,-0.0272478239437,1.06370501256,-1.72980400209,-1.72980400209,-0.269239338137,-1.10762742509,0.0148445674306,-0.0105273346608,0.0148445674306,-0.0105273346608,-0.00294394011414,4,0
3605,7.21,2,0.461565107107,0,1.58834111691,0,0,1.58834111691,0,1.58834111691,0,0.461549174443,1.38453428282,0.461565103477,1.38423136244,-1.59290337407e-05,0.000302920382552,1.59942732751,-0.0123808418607,1.58834110476,-1.5221417052e-05,-0.00111196210553,0.461589714902,1.38751475629,1.58325506167e-06,-0.000395813765422,0.461574493485,0.464320581591,1.38689101492,1.38640279419,0.474865405542,1.38508912578,0.0132909120566,-0.00131366840609,0.928201306885,1.58834110476,1.58834110476,0.461549174443,1.38453428282,-1.59290337407e-05,0.000302920382552,-1.59290337407e-05,0.000302920382552,-0.00129461911015,4,0
3610,7.22,1,-0.29516479373,0,-1.78548741341,0,0,-1.78548741341,0,-1.78548741341,0,-0.280362992897,-1.11692250352,-0.295164799066,-1.11578158486,0.0148018061694,-0.0011409186595,-3.42624993669,1.63536370769,-1.78548744232,-5.57413684472e-05,-0.00472989025076,-0.29503421904,-1.08581813454,-1.01044681761e-06,0.000252611704399,-0.295089960408,-0.282598415479,-1.11846912632,-1.09054802479,-0.308820680107,-1.11810824049,-0.0137307196985,-0.0275602156998,1.1915712152,-1.78548744232,-1.78548744232,-0.280362992897,-1.11692250352,0.0148018061694,-0.0011409186595,0.0148018061694,-0.0011409186595,-0.00539878667213,4,0
3610,7.22,2,0.475553095341,0,1.60949087143,0,0,1.60949087143,0,1.60949087143,0,0.475453742905,1.39615313028,0.475553084609,1.40889246953,-9.93417045377e-05,-0.0127393392536,1.63261644074,-0.0212719890392,1.60949088075,1.83224142962e-05,0.00163370197975,0.475505349628,1.39709552681,1.26305843212e-06,-0.00031576460803,0.475523672042,0.478248021134,1.39808640864,1.39872922879,0.489019881163,1.39671838604,0.0134962091208,-0.00201084275008,0.704714059161,1.60949088075,1.60949088075,0.475453742905,1.39615313028,-9.93417045377e-05,-0.0127393392536,-9.93417045377e-05,-0.0127393392536,0.0018535709513,4,0
3615,7.23,1,-0.306409686804,0,-1.45122349262,0,0,-1.45122349262,0,-1.45122349262,0,-0.29156465999,-1.1224651659,-0.306409696224,-1.12871819831,0.0148450362335,0.00625303241413,-3.13072718697,1.67344252405,-1.45122349304,-6.37866030452e-05,-0.00529573063725,-0.30626748713,-1.09745921025,-2.41734898543e-07,6.04337246384e-05,-0.306331273733,-0.293810031356,-1.12286698397,-1.10275494089,-0.317558415419,-1.12354823904,-0.0112271416856,-0.0207932981546,1.71337838553,-1.45122349304,-1.45122349304,-0.29156465999,-1.1224651659,0.0148450362335,0.00625303241413,0.0148450362335,0.00625303241413,-0.00606116987379,4,0
3615,7.23,2,0.489750385284,0,1.4688744545,0,0,1.4688744545,0,1.4688744545,0,0.489455826777,1.40308145758,0.489750379578,1.42465960765,-0.000294552801004,-0.0215781500732,1.55557560184,-0.0840232519627,1.46887451119,2.83566851836e-05,0.00233755845854,0.489688253163,1.41128975581,3.02168542021e-07,-7.55421354997e-05,0.489716609849,0.492262540985,1.40358373005,1.41362731427,0.502374213715,1.4036197237,0.0126576038667,-0.0100075905614,-0.180228351346,1.46887451119,1.46887451119,0.489455826777,1.40308145758,-0.000294552801004,-0.0215781500732,-0.000294552801004,-0.0215781500732,0.00267783868074,4,0
3620,7.24,1,-0.317713320255,0,-1.2398737669,0,0,-1.2398737669,0,-1.2398737669,0,-0.30279317593,-1.12245779199,-0.31771333012,-1.1303056668,0.0149201541897,0.00784787480939,-2.95666162998,1.7115394916,-1.23987381815,-5.55404543693e-05,-0.00458183477385,-0.317591145778,-1.10369960828,2.95335465417e-07,-7.38338663582e-05,-0.317646686232,-0.305037669049,-1.12202505786,-1.10828144306,-0.327345661003,-1.1234808122,-0.00969897477037,-0.0151993691419,2.10715092679,-1.23987381815,-1.23987381815,-0.30279317593,-1.12245779199,0.0149201541897,0.00784787480939,0.0149201541897,0.00784787480939,-0.00524832022628,4,0
3620,7.24,2,0.504003763199,0,1.37581384182,0,0,1.37581384182,0,1.37581384182,0,0.503491471701,1.40307223966,0.504003758693,1.42414283409,-0.000512286991666,-0.0210705944312,1.51118528879,-0.133706821843,1.37581386713,1.80586043612e-05,0.0014478965697,0.503966520733,1.4165311242,-3.69169378733e-07,9.22923446773e-05,0.503984579337,0.506297088099,1.40253132193,1.41797902077,0.516049009495,1.4035954704,0.0120644301578,-0.0143835503628,-0.834210394178,1.37581386713,1.37581386713,0.503491471701,1.40307223966,-0.000512286991666,-0.0210705944312,-0.000512286991666,-0.0210705944312,0.00166459982204,4,0
3625,7.25,1,-0.329015791416,0,-1.54346573353,0,0,-1.54346573353,0,-1.54346573353,0,-0.314007308383,-1.12068423296,-0.329015781183,-1.1314865129,0.0150084728,0.0108022799404,-3.28275722639,1.73436138522,-1.54346571744,-5.13987514132e-05,-0.00431333870857,-0.32889770878,-1.10463999175,6.89776776808e-08,-1.72444194209e-05,-0.328949107531,-0.316248626924,-1.12060753706,-1.10895333046,-0.341275194159,-1.12182039487,-0.0123260866281,-0.0128670644157,1.98326682558,-1.54346571744,-1.54346571744,-0.314007308383,-1.12068423296,0.0150084728,0.0108022799404,0.0150084728,0.0108022799404,-0.00493012372553,4,0
3625,7.25,2,0.518224716187,0,1.46390771866,0,0,1.46390771866,0,1.46390771866,0,0.517509137263,1.40085529067,0.518224732951,1.42230702881,-0.000715595688195,-0.0214517381406,1.62077263273,-0.155552028532,1.46390768731,1.33452930557e-05,0.00115277336514,0.518191479108,1.4141164317,-8.62221077869e-08,2.15555269394e-05,0.518204824401,0.520310785437,1.40075942078,1.41526920507,0.530981245817,1.40141662853,0.0127764214167,-0.0138525765385,-0.734755427545,1.46390768731,1.46390768731,0.517509137263,1.40085529067,-0.000715595688195,-0.0214517381406,-0.000715595688195,-0.0214517381406,0.00131291688181,4,0
3630,7.26,1,-0.340362161398,0,-1.1794513464,0,0,-1.1794513464,0,-1.1794513464,0,-0.32520633099,-1.11816954575,-0.340362175593,-1.1352580728,0.0151558446034,0.0170885270417,-2.95916223137,1.77408406407,-1.17945133442,-5.91134485125e-05,-0.00491747149148,-0.340229855607,-1.1060855735,8.78690580963e-07,-0.000219672645243,-0.340288969055,-0.327441448148,-1.11689956128,-1.11100304499,-0.349776469487,-1.11919330153,-0.00948750043127,-0.00819025653435,2.5252599083,-1.17945133442,-1.17945133442,-0.32520633099,-1.11816954575,0.0151558446034,0.0170885270417,0.0151558446034,0.0170885270417,-0.00562683287363,4,0
3630,7.26,2,0.532465100288,0,1.33318269253,0,0,1.33318269253,0,1.33318269253,0,0.531507915515,1.3977119314,0.532465108966,1.42320172138,-0.000957193450837,-0.0254897899837,1.52757056969,-0.192158669044,1.33318274555,2.3486423997e-05,0.00194731800723,0.532413049798,1.41190945023,-1.09836329454e-06,0.000274590823622,0.532436536222,0.534301811961,1.39612445071,1.41385676824,0.544197064198,1.39824064593,0.0117605279758,-0.0156161223102,-1.51526706836,1.33318274555,1.33318274555,0.531507915515,1.3977119314,-0.000957193450837,-0.0254897899837,-0.000957193450837,-0.0254897899837,0.0022291550952,4,0
3635,7.27,1,-0.351666301489,0,-0.717044115067,0,0,-0.717044115067,0,-0.717044115067,0,-0.336347794863,-1.1089265896,-0.351666290043,-1.12522671297,0.0153184951791,0.0163001233702,-2.53761227361,1.81580343401,-0.717044130796,-5.06749850329e-05,-0.00415660897976,-0.351556490485,-1.10170577286,1.80882150613e-06,-0.000452205376532,-0.35160716547,-0.33856301625,-1.10625407724,-1.10586238184,-0.357418277205,-1.10980452636,-0.00581111173466,-0.00394214452738,3.15732181772,-0.717044130796,-0.717044130796,-0.336347794863,-1.1089265896,0.0153184951791,0.0163001233702,0.0153184951791,0.0163001233702,-0.00476470880016,4,0
3635,7.27,2,0.546608746052,0,1.17480349541,0,0,1.17480349541,0,1.17480349541,0,0.545434745346,1.38615823562,0.546608720473,1.4059645544,-0.00117397512695,-0.019806318782,1.39756125417,-0.221576032612,1.17480352403,1.32422033651e-05,0.00102279108202,0.546584051812,1.401549483,-2.26102697154e-06,0.000565256742894,0.546597294015,0.548203772077,1.38281759503,1.40257227409,0.557051074414,1.38664224933,0.0104537803984,-0.0159300247553,-2.36531165898,1.17480352403,1.17480352403,0.545434745346,1.38615823562,-0.00117397512695,-0.019806318782,-0.00117397512695,-0.019806318782,0.0011816975224,4,0
3640,7.28,1,-0.362797796726,0,-0.545582056046,0,0,-0.545582056046,0,-0.545582056046,0,-0.347364193483,-1.09362590524,-0.362797807917,-1.10436907906,0.0154336144346,0.0107431738158,-2.37717174578,1.82809356299,-0.545582069728,-3.7130856348e-05,-0.00305054278991,-0.362716833308,-1.08683957868,2.28712466954e-06,-0.000571781167387,-0.362753964165,-0.349548024158,-1.09019999434,-1.08989012147,-0.367110541901,-1.09444866976,-0.00435657773578,-0.00455854828694,3.48610502989,-0.545582069728,-0.545582069728,-0.347364193483,-1.09362590524,0.0154336144346,0.0107431738158,0.0154336144346,0.0107431738158,-0.00349611306609,4,0
3640,7.28,2,0.560490548611,0,1.13368117809,0,0,1.13368117809,0,1.13368117809,0,0.559205243603,1.36703237951,0.560490524337,1.37556877409,-0.00128528073364,-0.00853639457656,1.34301449751,-0.209671436122,1.13368122081,-3.01587920088e-06,-0.000301968877075,0.560500263654,1.37826053549,-2.85890591611e-06,0.000714726479025,0.560497247775,0.561935031944,1.36274999077,1.37795856662,0.570380447682,1.36749801302,0.00988319990674,-0.0104605535995,-2.68821258408,1.13368122081,1.13368122081,0.559205243603,1.36703237951,-0.00128528073364,-0.00853639457656,-0.00128528073364,-0.00853639457656,-0.000338159427485,4,0
3645,7.29,1,-0.373726576567,0,-1.01777946949,0,0,-1.01777946949,0,-1.01777946949,0,-0.35821618495,-1.07722987679,-0.373726588417,-1.08704774092,0.0155104034675,0.00981786412116,-2.84164784655,1.82037095201,-1.01777941619,-3.61114291591e-05,-0.00306414119491,-0.373641342371,-1.0671694736,1.74135428804e-06,-0.000435338572005,-0.3736774538,-0.360367913112,-1.07455806539,-1.07023361479,-0.381826447978,-1.07821363775,-0.00814899417827,-0.00798002296036,3.1669776536,-1.01777941619,-1.01777941619,-0.35821618495,-1.07722987679,0.0155104034675,0.00981786412116,0.0155104034675,0.00981786412116,-0.00349747834482,4,0
3645,7.29,2,0.574085056782,0,1.30525898933,0,0,1.30525898933,0,1.30525898933,0,0.572770232914,1.34653734344,0.574085050321,1.35124046144,-0.00131481740656,-0.00470311799353,1.48172987345,-0.176722025756,1.30525893015,-3.39221889599e-06,-0.000210375826602,0.574087454092,1.35056022942,-2.17669290492e-06,0.000544173226229,0.574084061873,0.575459893112,1.34319757912,1.35034985359,0.585098670676,1.34705102835,0.0110146088029,-0.00329882524004,-2.14273842391,1.30525893015,1.30525893015,0.572770232914,1.34653734344,-0.00131481740656,-0.00470311799353,-0.00131481740656,-0.00470311799353,-0.000251082453354,4,0
3650,7.3,1,-0.384614855051,0,-2.01769948006,0,0,-2.01769948006,0,-2.01769948006,0,-0.368935510425,-1.06899273175,-0.384614868805,-1.09438560538,0.0156793583803,0.0253928736281,-3.94925912516,1.84151910809,-2.01769936509,-6.22698385254e-05,-0.00538162847304,-0.384462135776,-1.05778144035,3.99631802372e-07,-9.99079505932e-05,-0.384524405615,-0.371073194566,-1.06854234633,-1.06316306882,-0.401737980514,-1.07035950134,-0.0172135748996,-0.00719643251706,2.33375948974,-2.01769936509,-2.10161115054,-0.368935510425,-1.06899273175,0.0156793583803,0.0253928736281,0.0156793583803,0.0253928736281,-0.00612886653535,4,0
3650,7.3,2,0.587613105774,0,1.63537573814,0,0,1.63537573814,0,1.63537573814,0,0.586169389731,1.33624091194,0.58761311058,1.35981364862,-0.00144372084887,-0.0235727366835,1.82808601111,-0.189624787377,1.63537573731,2.98395529979e-05,0.00272741178071,0.587530191636,1.33806306266,-4.99539763221e-07,0.000124884940814,0.587560031189,0.588841494901,1.33567793016,1.34079047444,0.601351369833,1.33687349445,0.0137913386442,-0.00391697999787,-1.03323478015,1.63537573731,1.63537573731,0.586169389731,1.33624091194,-0.00144372084887,-0.0235727366835,-0.00144372084887,-0.0235727366835,0.00308548641668,4,0
3655,7.31,1,-0.39565128088,0,-1.01769936085,0,0,-1.01769936085,0,-1.01769936085,0,-0.379589517364,-1.05845296152,-0.395651272117,-1.10486787762,0.0160617547529,0.0464149160964,-2.47068868484,1.97270898538,-1.01769936509,-8.84385532211e-05,-0.00729852364562,-0.395456614101,-1.06276338797,2.96877390477e-06,-0.000742193476192,-0.395545052655,-0.381702185334,-1.05410740461,-1.07006191162,-0.40007336262,-1.05930645507,-0.00452830996566,0.0107554565406,3.50654653159,-1.01769936509,-0.489619913176,-0.379589517364,-1.05845296152,0.0160617547529,0.0464149160964,0.0160617547529,0.0464149160964,-0.00835978628427,4,0
3655,7.31,2,0.601299166679,0,1.05151939392,0,0,1.05151939392,0,1.05151939392,0,0.599486898376,1.32306619891,0.601299186146,1.36669689263,-0.00181228777021,-0.0436306937234,1.36766326418,-0.310306185261,1.05151944933,6.21894246581e-05,0.00509135649588,0.601164751476,1.33827505889,-3.71096744523e-06,0.000927741861319,0.6012269409,0.602127733333,1.31763425267,1.34336641538,0.610815777139,1.32353823552,0.00958883623857,-0.0198281798604,-3.62907636449,1.05151944933,1.05151944933,0.599486898376,1.32306619891,-0.00181228777021,-0.0436306937234,-0.00181228777021,-0.0436306937234,0.00583762959178,4,0
3660,7.32,1,-0.406581252813,0,-0.0176993645728,0,0,-0.0176993645728,0,-0.0176993645728,0,-0.390048731201,-1.03125273971,-0.406581257767,-1.08092967167,0.016532526566,0.0496769319688,-1.60582830961,2.12179542773,-0.0176993650871,-6.04828125431e-05,-0.00486403124108,-0.406456449236,-1.05551097366,4.51443492211e-06,-0.00112860873053,-0.406516932049,-0.392104560885,-1.02452901597,-1.0603750049,-0.403360940432,-1.03180741509,0.00315599161709,0.0285675898119,4.66165837917,-0.0176993650871,0.52155694311,-0.390048731201,-1.03125273971,0.016532526566,0.0496769319688,0.016532526566,0.0496769319688,-0.00558982499159,4,0
3660,7.32,2,0.614735424519,0,0.682409286499,0,0,0.682409286499,0,0.682409286499,0,0.61256091564,1.28906592109,0.61473542816,1.32273814873,-0.00217451251924,-0.0336722276414,1.08235826413,-0.397531893745,0.68240929481,2.76046459288e-05,0.00208581982223,0.614687036431,1.31479706954,-5.64304373529e-06,0.00141076093384,0.614714641077,0.615130702739,1.28066126629,1.31688288936,0.621544828474,1.28944025079,0.00683018739744,-0.0274426385765,-5.2465254864,0.68240929481,0.68240929481,0.61256091564,1.28906592109,-0.00217451251924,-0.0336722276414,-0.00217451251924,-0.0336722276414,0.00241707557338,4,0
3665,7.33,1,-0.417104274035,0,0.580964267254,0,0,0.580964267254,0,0.580964267254,0,-0.400187660505,-0.996070106881,-0.417104268799,-1.03059712738,0.016916608294,0.0345270204991,-1.59027583786,2.16917465963,0.580964268708,-2.32264034683e-05,-0.00178673009628,-0.417060785307,-1.02260587978,4.67227578332e-06,-0.00116806894583,-0.417084011711,-0.402172732378,-0.989031729596,-1.02439260988,-0.413399809338,-0.996620613083,0.0036842023727,0.0277719967968,5.38462481267,0.580964268708,0.580964268708,-0.400187660505,-0.996070106881,0.016916608294,0.0345270204991,0.016916608294,0.0345270204991,-0.0020654469379,4,0
3665,7.33,2,0.627541542053,0,0.68948751688,0,0,0.68948751688,0,0.68948751688,0,0.625234577232,1.24508762945,0.627541544081,1.25083982486,-0.00230696684874,-0.00575219541442,1.05349766748,-0.365832444484,0.689487529672,-1.72647930791e-05,-0.0016151291628,0.627590742005,1.26373564799,-5.84034480122e-06,0.00146008620032,0.627573477212,0.627715917065,1.23628965773,1.26212051882,0.634013668871,1.24545342493,0.00644019165931,-0.0166670938891,-5.23505544241,0.689487529672,0.689487529672,0.625234577232,1.24508762945,-0.00230696684874,-0.00575219541442,-0.00230696684874,-0.00575219541442,-0.00182230667975,4,0
3670,7.34,1,-0.427135318518,0,-0.317448556423,0,0,-0.317448556423,0,-0.317448556423,0,-0.409981256965,-0.964315646667,-0.427135312651,-0.989014212797,0.0171540556859,0.02469856613,-2.66394043455,2.12954537849,-0.317448557526,-1.55276426179e-05,-0.00140917652608,-0.42709271248,-0.977767950044,3.0779574165e-06,-0.000769489354121,-0.427108240123,-0.411905019176,-0.959572637726,-0.97917712657,-0.432129013718,-0.965238469865,-0.00502077359451,0.013938656705,4.60013200514,-0.317448557526,-0.532799547816,-0.409981256965,-0.964315646667,0.0171540556859,0.02469856613,0.0171540556859,0.02469856613,-0.0015955082375,4,0
3670,7.34,2,0.639694929123,0,1.10748493671,0,0,1.10748493671,0,1.10748493671,0,0.637476572763,1.20539455372,0.63969492738,1.19774958793,-0.00221835461735,0.00764496578688,1.36640496565,-0.261159934693,1.10748490304,-2.50571029781e-05,-0.00193918684229,0.6397414375,1.20581034427,-3.84744681048e-06,0.00096186170261,0.639716380397,0.639881275518,1.19946579248,1.20387115743,0.648862179732,1.20586895401,0.00914579933432,0.00199779658367,-3.55337230259,1.10748490304,1.10748490304,0.637476572763,1.20539455372,-0.00221835461735,0.00764496578688,-0.00221835461735,0.00764496578688,-0.00223987207803,4,0
3675,7.35,1,-0.436962425709,0,-1.31744861603,0,0,-1.31744861603,0,-1.31744861603,0,-0.41953224082,-0.950132485721,-0.436962421297,-0.983703597143,0.0174301804765,0.0335711114212,-4.48339441662,2.09676312737,-1.31744855753,-5.62043244097e-05,-0.00494140783168,-0.436819042243,-0.94831156543,7.05175591864e-07,-0.000176293897964,-0.436875246567,-0.421431972004,-0.949336710168,-0.953252973262,-0.456782391727,-0.951684575343,-0.0199071451593,0.00156839791944,3.72941798449,-1.31744855753,-2.38101542952,-0.41953224082,-0.950132485721,0.0174301804765,0.0335711114212,0.0174301804765,0.0335711114212,-0.0056158597246,4,0
3675,7.35,2,0.651639640331,0,1.69505786896,0,0,1.69505786896,0,1.69505786896,0,0.649415302535,1.18766560236,0.651639619168,1.20098276915,-0.00222431663371,-0.0133171667849,1.92760535697,-0.229755419417,1.6950579133,2.59543046516e-05,0.00248057259738,0.651560377744,1.17903140531,-8.81469498837e-07,0.000220367374714,0.651586332048,0.651789966505,1.18667088291,1.18151197791,0.665427614488,1.18833278203,0.0138412824393,0.00682080411672,-1.33181924065,1.6950579133,1.6950579133,0.649415302535,1.18766560236,-0.00222431663371,-0.0133171667849,-0.00222431663371,-0.0133171667849,0.0027920242532,4,0
3680,7.36,1,-0.446860253811,0,-0.717448532581,0,0,-0.717448532581,0,-0.717448532581,0,-0.428971801652,-0.932229885,-0.446860252243,-0.989406473315,0.0178884505912,0.0571765883143,-1.94274638088,2.22556386316,-0.717448557526,-9.62522119576e-05,-0.007977330375,-0.446646492375,-0.942862696818,4.87231824575e-06,-0.00121807956144,-0.446742744587,-0.430829273735,-0.925081802967,-0.950840027193,-0.445057325595,-0.932900115164,0.00168541899216,0.0179399120287,4.47514797759,-0.717448557526,0.291949839203,-0.428971801652,-0.932229885,0.0178884505912,0.0571765883143,0.0178884505912,0.0571765883143,-0.00913235691849,4,0
3680,7.36,2,0.663745999336,0,0.764146327972,0,0,0.764146327972,0,0.764146327972,0,0.661214753526,1.16528735124,0.663746025939,1.20739498247,-0.00253127241387,-0.0421076312339,1.12876194738,-0.357544179953,0.764146318702,7.47787425856e-05,0.00617410381941,0.663581413682,1.17202754984,-6.09039786359e-06,0.00152259946591,0.663656192425,0.66353659362,1.15635224862,1.17820165366,0.670545974312,1.16567615211,0.00688978188708,-0.0125255015495,-5.25991232603,0.764146318702,0.764146318702,0.661214753526,1.16528735124,-0.00253127241387,-0.0421076312339,-0.00253127241387,-0.0421076312339,0.00707144873044,4,0
3685,7.37,1,-0.456594526768,0,0.282551437616,0,0,0.282551437616,0,0.282551437616,0,-0.438091574581,-0.888781487494,-0.456594536112,-0.958268722295,0.0185029615311,0.0694872348019,-0.689016486089,2.44305866277,0.282551442474,-6.80195485677e-05,-0.00547233865041,-0.456453952375,-0.929591345173,6.93638978916e-06,-0.00173409744728,-0.456521971924,-0.439858837223,-0.878429028666,-0.935063683823,-0.443771113544,-0.88901813495,0.0127508583795,0.046045548873,5.60379852495,0.282551442474,1.76033074991,-0.438091574581,-0.888781487494,0.0185029615311,0.0694872348019,0.0185029615311,0.0694872348019,-0.00628857323322,4,0
3685,7.37,2,0.67550778389,0,0.2243347615,0,0,0.2243347615,0,0.2243347615,0,0.672614469635,1.11097685388,0.675507794583,1.1485449065,-0.00289332494823,-0.0375680526193,0.706002138963,-0.478078355599,0.224334767401,4.01215262917e-05,0.00310755764822,0.675432503498,1.13488923799,-8.67048730746e-06,0.00216762182685,0.675472625025,0.674823547926,1.09803628024,1.13799679564,0.678457767712,1.11122032463,0.00298514268696,-0.0267764710069,-7.4719172854,0.224334767401,0.224334767401,0.672614469635,1.11097685388,-0.00289332494823,-0.0375680526193,-0.00289332494823,-0.0375680526193,0.00358901596372,4,0
3690,7.38,1,-0.465840101242,0,1.28255140781,0,0,1.28255140781,0,1.28255140781,0,-0.446715968354,-0.835927560416,-0.465840097587,-0.899122591675,0.019124129233,0.0631950312587,-0.819555505053,2.57076660529,1.28255144247,-2.7419017926e-05,-0.00212899579434,-0.465788323092,-0.889557315518,6.76385062615e-06,-0.00169096265654,-0.46581574211,-0.448377552057,-0.825718963874,-0.891686311313,-0.453513313083,-0.836210783113,0.012302429027,0.0554755281993,6.69718182559,1.28255144247,1.75366912424,-0.446715968354,-0.835927560416,0.019124129233,0.0631950312587,0.019124129233,0.0631950312587,-0.00245802400945,4,0
3690,7.38,2,0.686455726624,0,0.234441265464,0,0,0.234441265464,0,0.234441265464,0,0.683394961793,1.04490944451,0.686455703307,1.05711603212,-0.00306074151384,-0.0122065876081,0.704609513529,-0.471127055867,0.234441262389,-8.14856592578e-06,-0.000861021935192,0.686485602744,1.06601606037,-8.45481334322e-06,0.00211370333581,0.686477454178,0.68547194141,1.03214869875,1.06515503844,0.689264507595,1.04515400892,0.00278705341628,-0.0200010295129,-7.33985496955,0.234441262389,0.234441262389,0.683394961793,1.04490944451,-0.00306074151384,-0.0122065876081,-0.00306074151384,-0.0122065876081,-0.000958804726302,4,0
3695,7.39,1,-0.474424540997,0,0.693869173527,0,0,0.693869173527,0,0.693869173527,0,-0.454835802122,-0.790809917956,-0.474424538173,-0.83502233975,0.0195887360514,0.044212421794,-2.43529495873,2.5434939825,0.693869152461,-6.98682146636e-06,-0.000651118018037,-0.474403793431,-0.829058121318,4.2211611605e-06,-0.00105529029013,-0.474410780252,-0.456410721328,-0.784293732173,-0.829709239336,-0.475088640934,-0.79165378624,-0.0006778606819,0.038055453096,6.18042109187,0.693869152461,0.108933983652,-0.454835802122,-0.790809917956,0.0195887360514,0.044212421794,0.0195887360514,0.044212421794,-0.000734959875633,4,0
3695,7.39,2,0.696515858173,0,0.814317107201,0,0,0.814317107201,0,0.814317107201,0,0.693544753941,0.988512391054,0.696515881279,0.978709160634,-0.00297112733851,0.00980323041995,1.17207051643,-0.360631604475,0.814317087673,-3.11608052445e-05,-0.00250424605073,0.696579349029,0.991060535206,-5.27645148329e-06,0.00131911287083,0.696548188224,0.695513402936,0.980367158775,0.988556289155,0.703319023824,0.988919652299,0.00677083559963,0.000363363143588,-4.89768590526,0.814317087673,0.814317087673,0.693544753941,0.988512391054,-0.00297112733851,0.00980323041995,-0.00297112733851,0.00980323041995,-0.00287817571366,4,0
3700,7.4,1,-0.482590258121,0,-0.306130856276,0,0,-0.306130856276,0,-0.306130856276,0,-0.462618320916,-0.771571921271,-0.482590256837,-0.810069409216,0.019971935921,0.0384974879447,-4.85271222585,2.44765436581,-0.306130847539,-4.54706414399e-05,-0.0040680292704,-0.482469818533,-0.779507526944,9.66410605874e-07,-0.00024160265147,-0.482515289175,-0.464160732046,-0.770480757086,-0.783575556215,-0.502949123402,-0.773252371375,-0.0204338342273,0.0103231848398,5.26241761664,-0.306130847539,-2.40044418308,-0.462618320916,-0.771571921271,0.019971935921,0.0384974879447,0.019971935921,0.0384974879447,-0.00461367696768,4,0
3700,7.4,2,0.706183135509,0,1.6233587265,0,0,1.6233587265,0,1.6233587265,0,0.703272902368,0.964464895055,0.706183145196,0.969402910704,-0.00291024282743,-0.00493801564928,1.91292134766,-0.287613865743,1.62335870806,1.68729703069e-05,0.00174629821291,0.706123076408,0.95143224176,-1.20801326475e-06,0.000302003316201,0.706139949378,0.705200916268,0.963100939815,0.953178539973,0.719170074559,0.96512727723,0.0130301251815,0.0119487372563,-1.69512353227,1.62335870806,1.62335870806,0.703272902368,0.964464895055,-0.00291024282743,-0.00493801564928,-0.00291024282743,-0.00493801564928,0.00194877385659,4,0
3705,7.41,1,-0.490673542023,0,-0.106130845845,0,0,-0.106130845845,0,-0.106130845845,0,-0.470250313317,-0.747431376302,-0.490673539013,-0.804744478935,0.0204232256953,0.0573131026329,-1.41013870815,2.52809575056,-0.106130847539,-9.37235923678e-05,-0.00784459692623,-0.490461643612,-0.757884636195,6.46971691221e-06,-0.00161742922805,-0.490555367205,-0.471735877712,-0.737929909434,-0.765729233121,-0.481906488803,-0.74791705028,0.008648878402,0.0178121828409,5.56519962642,-0.106130847539,1.12692632244,-0.470250313317,-0.747431376302,0.0204232256953,0.0573131026329,0.0204232256953,0.0573131026329,-0.00896928003465,4,0
3705,7.41,2,0.715964257717,0,0.623358726501,0,0,0.623358726501,0,0.623358726501,0,0.712812892805,0.934289213666,0.715964260516,0.975552022237,-0.00315136771161,-0.041262808571,0.825956601507,-0.417192008992,0.623358708061,7.51380980871e-05,0.00629920814747,0.715794176927,0.938074274015,-8.08714618517e-06,0.00202178654629,0.715869315025,0.714669848284,0.922412380015,0.944373482162,0.719624032378,0.934573011148,0.00375471735216,-0.00980047101369,-5.83273476809,0.623358708061,0.40156372719,0.712812892805,0.934289213666,-0.00315136771161,-0.041262808571,-0.00315136771161,-0.041262808571,0.00720086532452,4,0
3710,7.42,1,-0.498506695032,0,0.893869161606,0,0,0.893869161606,0,0.893869161606,0,-0.477457616465,-0.690464825712,-0.498506697256,-0.763647338957,0.0210490807907,0.0731825132446,0.15307777345,2.76549939328,0.893869152461,-7.07204991097e-05,-0.00567215241315,-0.498361891245,-0.734492665264,8.92250577528e-06,-0.00223062644382,-0.498432611744,-0.478825268454,-0.67713411486,-0.740164817677,-0.476129933372,-0.690409505584,0.0223026783722,0.0497553120938,6.65348550434,0.893869152461,2.92509796513,-0.477457616465,-0.690464825712,0.0210490807907,0.0731825132446,0.0210490807907,0.0731825132446,-0.00652079840246,4,0
3710,7.42,2,0.725375056267,0,-0.295839190483,0,0,-0.295839190483,0,-0.295839190483,0,0.72182202167,0.863081025052,0.725375086025,0.908123937342,-0.00355306435459,-0.0450429122903,0.292456432701,-0.584068591545,-0.295839192535,4.71101698075e-05,0.00366171165393,0.725286159705,0.891963074792,-1.11531322742e-05,0.00278828306855,0.725333269875,0.723531586642,0.846417636404,0.895624786446,0.72421977057,0.863180931256,-0.0011134993049,-0.0324438551895,-9.48245764605,-0.295839192535,-0.295839192535,0.72182202167,0.863081025052,-0.00355306435459,-0.0450429122903,-0.00355306435459,-0.0450429122903,0.00422703369162,4,0
3715,7.43,1,-0.505725085735,0,1.89386916161,0,0,1.89386916161,0,1.89386916161,0,-0.484025572327,-0.623260611004,-0.505725115334,-0.691160515902,0.0216995430071,0.0678999048978,-0.116056679708,2.91379796084,1.89386915246,-2.34924299434e-05,-0.0017882102027,-0.505683034475,-0.683889083105,8.43042785847e-06,-0.00210760696461,-0.505706526905,-0.485259264446,-0.61052323887,-0.685677293307,-0.484973814077,-0.623300121077,0.0207327128278,0.0623771722304,7.70362016197,1.89386915246,2.79981140049,-0.484025572327,-0.623260611004,0.0216995430071,0.0678999048978,0.0216995430071,0.0678999048978,-0.00207011936202,4,0
3715,7.43,2,0.733788788319,0,-0.258028000593,0,0,-0.258028000593,0,-0.258028000593,0,0.730031966424,0.779075756272,0.733788803712,0.795418394744,-0.00375683728728,-0.0163426384718,0.318819646806,-0.577857498555,-0.258028011231,-8.54375580609e-06,-0.000907315448225,0.733820441594,0.804836217497,-1.05380348682e-05,0.00263450871704,0.733811897838,0.731574081559,0.763154041036,0.803928902049,0.732692593009,0.779186615713,-0.00111930482961,-0.0247422863356,-9.11667135132,-0.258028011231,-0.258028011231,0.730031966424,0.779075756272,-0.00375683728728,-0.0163426384718,-0.00375683728728,-0.0163426384718,-0.0010098405179,4,0
3720,7.44,1,-0.51214247942,0,1.59367096424,0,0,1.59367096424,0,1.59367096424,0,-0.489961444386,-0.567614693704,-0.512142498223,-0.611423381204,0.0221810538375,0.0438086875003,-2.17313671983,2.87194892023,1.59367094845,2.77588976256e-07,-8.7011094062e-06,-0.512139666993,-0.6097250962,5.09913382452e-06,-0.00127478345613,-0.512139389404,-0.49108856262,-0.559734766997,-0.609733797309,-0.50803948681,-0.568367945471,0.00409990259378,0.0413658518382,7.42591120683,1.59367094845,0.698817570444,-0.489961444386,-0.567614693704,0.0221810538375,0.0438086875003,0.0221810538375,0.0438086875003,-5.37004169114e-06,4,0
3720,7.44,2,0.741121828556,0,0.462157249451,0,0,0.462157249451,0,0.462157249451,0,0.737451806421,0.709518359364,0.741121846428,0.698794321359,-0.00367004000611,0.0107240380048,0.911705434227,-0.452855593746,0.462157262931,-3.51860201901e-05,-0.0028851902079,0.741196318315,0.713950847362,-6.37391730385e-06,0.00159347932597,0.741161132295,0.738860704199,0.699668450944,0.711065657154,0.74506369847,0.709835521532,0.00390256617533,-0.00123013562163,-5.99781993282,0.462157262931,0.462157262931,0.737451806421,0.709518359364,-0.00367004000611,0.0107240380048,-0.00367004000611,0.0107240380048,-0.00330742245018,4,0
3725,7.45,1,-0.517974495888,0,0.593670964241,0,0,0.593670964241,0,0.593670964241,0,-0.49548649384,-0.544530655365,-0.517974485608,-0.570278501485,0.0224879917682,0.0257478461203,-5.03746374004,2.70641074198,0.593670948449,-3.63435170734e-05,-0.00330711175227,-0.517874662011,-0.544317411485,1.16692248681e-06,-0.000291730621701,-0.517911005528,-0.496574669552,-0.543212664406,-0.547624523237,-0.537361465121,-0.546275445835,-0.0194504595926,0.00134907740261,6.45559871482,0.593670948449,-2.3273097641,-0.49548649384,-0.544530655365,0.0224879917682,0.0257478461203,0.0224879917682,0.0257478461203,-0.00374323395715,4,0
3725,7.45,2,0.74791097641,0,1.44897699356,0,0,1.44897699356,0,1.44897699356,0,0.744358118161,0.68066331134,0.747910959627,0.676597747087,-0.00355284146599,0.00406556425266,1.78593060828,-0.335655789425,1.44897702136,1.00905335082e-05,0.00117671109474,0.747866503401,0.662174339567,-1.45865311385e-06,0.000364663278455,0.747876593934,0.745718337786,0.679015822636,0.663351050662,0.759204283658,0.681281901569,0.0113276897236,0.0179308509067,-1.9819820025,1.44897702136,1.44897702136,0.744358118161,0.68066331134,-0.00355284146599,0.00406556425266,-0.00355284146599,0.00406556425266,0.00129779749684,4,0
3730,7.46,1,-0.523581385612,0,0.79367095232,0,0,0.79367095232,0,0.79367095232,0,-0.50083137166,-0.51566900537,-0.523581356924,-0.551974288111,0.0227499852638,0.0363052827414,-0.910148264255,2.71329522913,0.793670948449,-8.79216834086e-05,-0.00737547717406,-0.52338158685,-0.50763728906,7.66059947122e-06,-0.00191514986781,-0.523469508534,-0.501851684891,-0.504411165774,-0.515012766234,-0.508332662976,-0.515981559175,0.0151368455579,-0.000968792940349,6.70520438451,0.793670948449,1.81157750225,-0.50083137166,-0.51566900537,0.0227499852638,0.0363052827414,0.0227499852638,0.0363052827414,-0.00843053737496,4,0
3730,7.46,2,0.754746556282,0,0.448977023363,0,0,0.448977023363,0,0.448977023363,0,0.751039215357,0.644586248723,0.754746568518,0.679996494745,-0.00370735316065,-0.0354102460225,0.479438568847,-0.460207294107,0.44897702136,7.164240597e-05,0.00602415785161,0.754583280919,0.643826558463,-9.57574936955e-06,0.00239393734239,0.754654923325,0.75231460688,0.630513949183,0.649850716315,0.754970346328,0.644750045847,0.00031542300297,-0.00510067046806,-6.0463719529,0.44897702136,0.0123474080162,0.751039215357,0.644586248723,-0.00370735316065,-0.0354102460225,-0.00370735316065,-0.0354102460225,0.00688386672325,4,0
3735,7.47,1,-0.528813064098,0,1.79367089272,0,0,1.79367089272,0,1.79367089272,0,-0.505673343663,-0.44876371958,-0.528813069867,-0.498683173404,0.023139726204,0.0499194538237,0.863422890391,2.90713450514,1.79367094845,-6.71902803958e-05,-0.0053839064366,-0.528675820173,-0.471134711198,1.03479879091e-05,-0.00258699697729,-0.528743010454,-0.506555450394,-0.433292374292,-0.476518617634,-0.498439127398,-0.448462293902,0.0303038830556,0.0280563237321,7.74049651548,1.79367094845,3.77674758533,-0.505673343663,-0.44876371958,0.023139726204,0.0499194538237,0.023139726204,0.0499194538237,-0.00619018980135,4,0
3735,7.47,2,0.761192142963,0,-0.551023006439,0,0,-0.551023006439,0,-0.551023006439,0,0.75709168028,0.560954641233,0.761192119205,0.611106430719,-0.00410043892483,-0.0501517894857,-0.130960872443,-0.675337516944,-0.55102297864,4.65192657632e-05,0.00362177892735,0.761103919527,0.594990161379,-1.29349849218e-05,0.00323374623046,0.761150438793,0.758194313676,0.54161545957,0.598611940306,0.755967458033,0.560907798639,-0.00518298075974,-0.0377041416669,-9.95463437919,-0.55102297864,-0.810478399503,0.75709168028,0.560954641233,-0.00410043892483,-0.0501517894857,-0.00410043892483,-0.0501517894857,0.00418001011651,4,0
3740,7.48,1,-0.533288061619,0,2.79367089272,0,0,2.79367089272,0,2.79367089272,0,-0.509772172792,-0.37143190521,-0.53328803463,-0.409929737527,0.023515861838,0.0384978323169,0.471670443178,3.00913470421,2.79367094845,-1.48159788296e-05,-0.00101717086129,-0.533267921009,-0.407988134499,9.56729030344e-06,-0.00239182257587,-0.533282736988,-0.510500455914,-0.35696609342,-0.409005305361,-0.505838457111,-0.37126800039,0.0274442798762,0.0377373049704,8.73585046607,2.79367094845,3.48200010999,-0.509772172792,-0.37143190521,0.023515861838,0.0384978323169,0.023515861838,0.0384978323169,-0.00119496260725,4,0
3740,7.48,2,0.766549050808,0,-0.74846047163,0,0,-0.74846047163,0,-0.74846047163,0,0.762215216607,0.464289873023,0.766549069376,0.481637206808,-0.00433385276837,-0.0173473337851,-0.0781603559339,-0.671967680023,-0.748460473657,-1.48595247643e-05,-0.00148924800255,0.766597725325,0.495349076396,-1.19591129063e-05,0.00298977822656,0.7665828658,0.763125570493,0.446207608244,0.493859828394,0.761578881409,0.464263359056,-0.00500398439142,-0.0295964693374,-10.4215532659,-0.748460473657,-0.748460473657,0.762215216607,0.464289873023,-0.00433385276837,-0.0173473337851,-0.00433385276837,-0.0173473337851,-0.00166756229972,4,0
3745,7.49,1,-0.536814510822,0,2.19367098808,0,0,2.19367098808,0,2.19367098808,0,-0.513151110469,-0.308754150705,-0.536814484437,-0.318870107595,0.0236633739677,0.0101159568895,-1.89843124692,2.89767745231,2.19367094845,1.00134013008e-05,0.000750723610172,-0.536831042348,-0.320962321322,5.65670915698e-06,-0.00141417728925,-0.536821028946,-0.513759606749,-0.30000560785,-0.320211597712,-0.528951197524,-0.309412487666,0.00786983142279,0.0107991100457,8.10313892385,2.19367094845,0.998375320963,-0.513151110469,-0.308754150705,0.0236633739677,0.0101159568895,0.0236633739677,0.0101159568895,0.000870884425781,4,0
3745,7.49,2,0.770656406879,0,0.0725560560822,0,0,0.0725560560822,0,0.0725560560822,0,0.766438888618,0.385942679729,0.770656390282,0.372427996636,-0.00421750166457,0.0135146830923,0.603243794378,-0.514779500465,0.0725560539503,-4.25296462737e-05,-0.00343643814167,0.770744486236,0.390021386625,-7.07088645846e-06,0.00176772161463,0.77070195659,0.76719950895,0.37500700114,0.386584948483,0.771490040825,0.386153144404,0.000788084235054,-0.000431804079354,-6.78357571811,0.0725560539503,0.0924110878098,0.766438888618,0.385942679729,-0.00421750166457,0.0135146830923,-0.00421750166457,0.0135146830923,-0.00394679389696,4,0
3750,7.5,1,-0.539676487446,0,1.19367098808,0,0,1.19367098808,0,1.19367098808,0,-0.516071531407,-0.283274525738,-0.539676495292,-0.270310381247,0.023604963885,-0.0129641444911,-5.03060932292,2.65526794994,1.19367094845,-3.21096456446e-05,-0.0029620729667,-0.539585659835,-0.246256328998,1.29411233629e-06,-0.000323528084085,-0.53961776948,-0.51663709762,-0.281812522226,-0.249218401964,-0.557892774534,-0.285017077535,-0.0182750050535,-0.0357986755705,7.07908881816,1.19367094845,-2.37199398427,-0.516071531407,-0.283274525738,0.023604963885,-0.0129641444911,0.023604963885,-0.0129641444911,-0.00334738871443,4,0
3750,7.5,2,0.774138391018,0,1.07255601883,0,0,1.07255601883,0,1.07255601883,0,0.770089414703,0.354093148468,0.774138410027,0.342955583078,-0.00404899532376,0.0111375653897,1.55625898009,-0.362589389573,1.07255605395,8.57536671996e-06,0.0010550256845,0.774097021305,0.329167633444,-1.61764042317e-06,0.000404410105789,0.774105596672,0.770796372452,0.352265644074,0.330222659128,0.783026130544,0.354632178295,0.00892053387162,0.0244095191666,-2.62087092214,1.07255605395,1.19251166043,0.770089414703,0.354093148468,-0.00404899532376,0.0111375653897,-0.00404899532376,0.0111375653897,0.00115793008514,4,0
3755,7.51,1,-0.542252421379,0,1.01584839821,0,0,1.01584839821,0,1.01584839821,0,-0.518793456316,-0.251505254332,-0.542252430491,-0.248712135666,0.0234589741758,-0.00279311866662,-0.4787778425,2.59841634771,1.01584835576,-8.64799773357e-05,-0.00732083671571,-0.542052495158,-0.203575235494,8.3701383915e-06,-0.00209253459788,-0.542138975135,-0.51928440835,-0.239198413474,-0.21089607221,-0.522706822661,-0.251668311264,0.0194321524744,-0.0407722390537,6.90143300547,1.01584835576,2.12799710166,-0.518793456316,-0.251505254332,0.0234589741758,-0.00279311866662,0.0234589741758,-0.00279311866662,-0.00835859644374,4,0
3755,7.51,2,0.77760720253,0,0.0725560560822,0,0,0.0725560560822,0,0.0725560560822,0,0.773491820752,0.31438155915,0.777607193683,0.342708044588,-0.00411537293115,-0.028326485438,0.112672817692,-0.462732266601,0.0725560539503,7.2587377324e-05,0.00617906021007,0.77743784138,0.304302360134,-1.04626730039e-05,0.00261566825096,0.777510428757,0.774105510777,0.298998008056,0.310481420344,0.774370484535,0.314418170141,-0.00313994422191,0.00393674979629,-6.59977376547,0.0725560539503,-0.357109557647,0.773491820752,0.31438155915,-0.00411537293115,-0.028326485438,-0.00411537293115,-0.028326485438,0.00705010873796,4,0
3760,7.52,1,-0.544466197491,0,2.01584839821,0,0,2.01584839821,0,2.01584839821,0,-0.520965858265,-0.178865138509,-0.544466225752,-0.197874421334,0.0235003674866,0.0190092828254,1.39285885238,2.77890730841,2.01584835576,-7.3905246294e-05,-0.00595751317455,-0.544312906871,-0.166586194558,1.11232679051e-05,-0.00278081697628,-0.544386812118,-0.521306993728,-0.162225280309,-0.172543707732,-0.509321879934,-0.178379972745,0.0350649321833,-0.0058362650127,7.89152544975,2.01584835576,4.17861053693,-0.520965858265,-0.178865138509,0.0235003674866,0.0190092828254,0.0235003674866,0.0190092828254,-0.00684437613008,4,0
3760,7.52,2,0.780684292316,0,-0.927443921566,0,0,-0.927443921566,0,-0.927443921566,0,0.776207323101,0.223581414259,0.780684318223,0.274590376137,-0.0044769951228,-0.0510089618788,-0.535942610383,-0.699211932545,-0.92744394605,5.69507312833e-05,0.00450756924642,0.780571518934,0.252808713962,-1.39040848951e-05,0.00347602122378,0.780628469666,0.776633742411,0.202781591489,0.257316283208,0.771705691863,0.22339384629,-0.00892277780301,-0.0339224369179,-10.4399327303,-0.92744394605,-1.24034552095,0.776207323101,0.223581414259,-0.0044769951228,-0.0510089618788,-0.0044769951228,-0.0510089618788,0.00519097802182,4,0
3765,7.53,1,-0.545945048332,0,3.01584839821,0,0,3.01584839821,0,3.01584839821,0,-0.522338016153,-0.0962647667812,-0.545945064622,-0.110867553455,0.023607048469,0.0146027866741,0.902320830641,2.8846014505,3.01584835576,-2.25765084693e-05,-0.00165123260863,-0.545908093005,-0.105310143621,1.01030047126e-05,-0.00252575117814,-0.545930669513,-0.522515129571,-0.0809794554915,-0.10696137623,-0.514815717521,-0.0959513376715,0.0311149519921,0.0110100385585,8.84407681899,3.01584835576,3.78884443185,-0.522338016153,-0.0962647667812,0.023607048469,0.0146027866741,0.023607048469,0.0146027866741,-0.00192215071027,4,0
3765,7.53,2,0.782672286034,0,-1.18666982651,0,0,-1.18666982651,0,-1.18666982651,0,0.777922520371,0.120330949513,0.782672268795,0.143672464053,-0.0047497484248,-0.02334151454,-0.459714974096,-0.727528749077,-1.18666977828,-3.22499610049e-06,-0.000535244939769,0.782695500306,0.151897825726,-1.26287558977e-05,0.00315718897443,0.78269227531,0.778143912125,0.10122431039,0.151362580786,0.77410297628,0.120171801843,-0.0085892990297,-0.0311907789433,-11.0890750313,-1.18666977828,-1.18666977828,0.777922520371,0.120330949513,-0.0047497484248,-0.02334151454,-0.0047497484248,-0.02334151454,-0.000573944892975,4,0
3770,7.54,1,-0.546488344669,0,2.41584825516,0,0,2.41584825516,0,2.41584825516,0,-0.522947708367,-0.0304934488998,-0.546488347425,-0.0210723661135,0.023540639058,-0.00942108278624,-1.63257952119,2.77233634951,2.41584835576,3.91208639012e-06,0.000247041634875,-0.546491504853,-0.0202505348494,5.85885264925e-06,-0.00146471316231,-0.546487592766,-0.522999348632,-0.0214259930179,-0.0200034932146,-0.536531404793,-0.0310594362509,0.00995618797364,-0.0110559430363,8.16883823895,2.41584835576,1.13946284166,-0.522947708367,-0.0304934488998,0.023540639058,-0.00942108278624,0.023540639058,-0.00942108278624,0.000293986671557,4,0
3770,7.54,2,0.783383190632,0,-0.346803039312,0,0,-0.346803039312,0,-0.346803039312,0,0.778684635549,0.0381168021283,0.783383196017,0.0317946326046,-0.00469856046813,0.0063221695237,0.267669563228,-0.588756555298,-0.346803041058,-3.31402763784e-05,-0.00266253593729,0.783450744878,0.0449393918617,-7.32356581212e-06,0.00183089145302,0.783417604601,0.778749185862,0.0267824822748,0.0422768559244,0.780936807049,0.0382106426075,-0.00248079755194,-0.00406621331687,-7.30831025408,-0.346803041058,-0.318026772817,0.778684635549,0.0381168021283,-0.00469856046813,0.0063221695237,-0.00469856046813,0.0063221695237,-0.00306021925383,4,0
3775,7.55,1,-0.546379804611,0,1.41584837437,0,0,1.41584837437,0,1.41584837437,0,-0.52308,-0.00421921584823,-0.54637977573,0.0262745623639,0.0232997757298,-0.0304937782121,-4.83641699853,2.52087053761,1.41584835576,-3.70123748148e-05,-0.00336475031045,-0.546278288551,0.0526186491483,1.33998834817e-06,-0.000334997087029,-0.546315300925,-0.523087420108,-0.0027050628394,0.0492538988378,-0.563281939131,-0.00589429664536,-0.0169666382058,-0.0551481954832,7.10244077787,1.41584835576,-2.31173756211,-0.52308,-0.00421921584823,0.0232997757298,-0.0304937782121,0.0232997757298,-0.0304937782121,-0.00380889880823,4,0
3775,7.55,2,0.783443510532,0,0.653196930885,0,0,0.653196930885,0,0.653196930885,0,0.77885,0.00527401081488,0.783443504197,-0.00029009140814,-0.00459350419716,0.00556410222302,1.2398386086,-0.441237404949,0.653196958942,1.57686228796e-05,0.00164368197148,0.783386625127,-0.0173796401685,-1.67498543535e-06,0.000418746358841,0.78340239375,0.778859275117,0.0033813195537,-0.0157359581971,0.789148834272,0.00570312890956,0.00574644052226,0.0214390871066,-3.07850139795,0.653196958942,0.796768298204,0.77885,0.00527401081488,-0.00459350419716,0.00556410222302,-0.00459350419716,0.00556410222302,0.00183290544604,4,0
3780,7.56,1,-0.545997560024,0,1.21584832668,0,0,1.21584832668,0,1.21584832668,0,-0.523007943445,0.0284614968061,-0.545997554003,0.0464709519429,0.0229896105585,-0.0180094551368,-0.146615061571,2.45772807443,1.21584835576,-9.02844486286e-05,-0.0076371685479,-0.545789166748,0.0934692365258,8.55375073361e-06,-0.00213843768341,-0.545879451197,-0.522938685961,0.0410440548541,0.0858320679779,-0.524155072565,0.0284136997594,0.0217243786324,-0.0574183682185,6.86060787044,1.21584835576,2.31983359479,-0.523007943445,0.0284614968061,0.0229896105585,-0.0180094551368,0.0229896105585,-0.0180094551368,-0.00872058193144,4,0
3780,7.56,2,0.783463835716,0,-0.346803039312,0,0,-0.346803039312,0,-0.346803039312,0,0.778759929216,-0.0355768799993,0.783463813401,-0.0031098504008,-0.0047038841855,-0.0324670295985,-0.249920246565,-0.543125046379,-0.346803041058,7.77378800755e-05,0.0066048377469,0.7832831534,-0.0439797980175,-1.06921884142e-05,0.00267304710355,0.78336089128,0.778673357343,-0.0513050775554,-0.0373749602706,0.776618164733,-0.0356661201861,-0.00674272654728,0.00170884008452,-6.98889181298,-0.346803041058,-0.800582985251,0.778759929216,-0.0355768799993,-0.0047038841855,-0.0324670295985,-0.0047038841855,-0.0324670295985,0.0075376923078,4,0
3785,7.57,1,-0.545269787312,0,2.21584844589,0,0,2.21584844589,0,2.21584844589,0,-0.522374275337,0.102272197035,-0.545269794736,0.0956111790086,0.0228955193995,0.00666101802662,1.70505300085,2.63802029527,2.21584835576,-7.71203612653e-05,-0.0062211749368,-0.545109520997,0.128386097437,1.11996320704e-05,-0.00279990801761,-0.545186641358,-0.522153004736,0.119035024658,0.1221649225,-0.508130673644,0.102865680439,0.0370559677142,-0.0192992420608,7.80914159757,2.21584835576,4.3502199154,-0.522374275337,0.102272197035,0.0228955193995,0.00666101802662,0.0228955193995,0.00666101802662,-0.00714661927198,4,0
3785,7.57,2,0.783069312572,0,-1.34680306911,0,0,-1.34680306911,0,-1.34680306911,0,0.777967843991,-0.127840255249,0.78306934236,-0.073464186085,-0.00510149836827,-0.0543760691637,-0.895822407663,-0.78269556344,-1.34680304106,6.1056405142e-05,0.00484369775095,0.782947703696,-0.0971268269417,-1.39995400791e-05,0.00349988501976,0.783008760101,0.777691255722,-0.148793789764,-0.0922831291908,0.770469205941,-0.128152698501,-0.0125395541597,-0.03586956931,-10.760805885,-1.34680304106,-1.68409434572,0.777967843991,-0.127840255249,-0.00510149836827,-0.0543760691637,-0.00510149836827,-0.0543760691637,0.00557637461265,4,0
3790,7.58,1,-0.543822944164,0,3.21584844589,0,0,3.21584844589,0,3.21584844589,0,-0.520933544256,0.184951040982,-0.543822937555,0.181145759096,0.022889393299,0.00380528188543,1.14624922111,2.74091937869,3.21584835576,-2.4626554722e-05,-0.00181392586496,-0.543781815811,0.187530645736,1.00039101795e-05,-0.00250097754487,-0.543806442366,-0.520548359283,0.200095419447,0.185716719871,-0.511380473901,0.18534908558,0.0324259684648,-0.000367634291186,8.72040851247,3.21584835576,3.88927804432,-0.520933544256,0.184951040982,0.022889393299,0.00380528188543,0.022889393299,0.00380528188543,-0.00210944452162,4,0
3790,7.58,2,0.781562030315,0,-1.60585439205,0,0,-1.60585439205,0,-1.60585439205,0,0.776166930052,-0.231188810101,0.781562027918,-0.206959421766,-0.00539509786656,-0.0242293883352,-0.800834894063,-0.805371237041,-1.60585443219,-7.74791285571e-07,-0.000342401423454,0.781580405694,-0.199676981707,-1.25048877111e-05,0.00312622192777,0.781579630903,0.775685448817,-0.250119283163,-0.20001938313,0.769507797752,-0.231466273947,-0.0120718331509,-0.0314468908162,-11.3404944264,-1.60585443219,-1.60585443219,0.776166930052,-0.231188810101,-0.00539509786656,-0.0242293883352,-0.00539509786656,-0.0242293883352,-0.000351698918881,4,0
3795,7.59,1,-0.541454911232,0,2.61584830284,0,0,2.61584830284,0,2.61584830284,0,-0.518735681804,0.249683268447,-0.541454893298,0.269443278481,0.0227192114943,-0.0197600100335,-1.39434088063,2.62066770177,2.61584835576,3.05561364742e-06,0.000178869345602,-0.541456359633,0.270593791923,5.69286288221e-06,-0.00142321572055,-0.541453304019,-0.518227221306,0.258499895754,0.270772661268,-0.530336844374,0.249199886673,0.011116459645,-0.0215727745949,8.00393939758,2.61584835576,1.22611128443,-0.518735681804,0.249683268447,0.0227192114943,-0.0197600100335,0.0227192114943,-0.0197600100335,0.000215536709371,4,0
3795,7.59,2,0.77875316143,0,-0.753029167652,0,0,-0.753029167652,0,-0.753029167652,0,0.773419601897,-0.312104094333,0.77875317184,-0.320977455062,-0.00533356994222,0.00887336072808,-0.0731060174521,-0.651957459536,-0.753029191386,-3.25706284774e-05,-0.00262182951619,0.778819910877,-0.307916493337,-7.11607859161e-06,0.0017790196479,0.778787340249,0.772784026258,-0.323124878451,-0.310538322853,0.772836503052,-0.312128390119,-0.00595083719668,-0.00159006726569,-7.44010798243,-0.753029191386,-0.72205079993,0.773419601897,-0.312104094333,-0.00533356994222,0.00887336072808,-0.00533356994222,0.00887336072808,-0.00301267705792,4,0
3800,7.6,1,-0.538450717926,0,1.61584830284,0,0,1.61584830284,0,1.61584830284,0,-0.516071531762,0.27510120289,-0.538450698669,0.315189541304,0.0223791669068,-0.0400883384131,-4.46857997195,2.36287197921,1.61584835576,-3.70408831143e-05,-0.00336344992494,-0.538349384322,0.341447699611,1.30166796419e-06,-0.000325416991049,-0.538386425206,-0.515520339533,0.276572365594,0.338084249686,-0.553213482804,0.273553621597,-0.0148270575981,-0.0645306280888,6.89652220853,1.61584835576,-2.10190005222,-0.516071531762,0.27510120289,0.0223791669068,-0.0400883384131,0.0223791669068,-0.0400883384131,-0.00380794052231,4,0
3800,7.6,2,0.775274038315,0,0.246970802546,0,0,0.246970802546,0,0.246970802546,0,0.770089414258,-0.343876512334,0.775274043399,-0.355007359901,-0.00518462914087,0.0111308475666,0.85715266176,-0.487764708615,0.246970808614,1.46823186885e-05,0.00154593218217,0.775220073088,-0.371357690342,-1.62708495266e-06,0.000406771238172,0.775234755406,0.769400423954,-0.34571546571,-0.36981175816,0.777205647535,-0.343580002614,0.00197089212844,0.0262317555452,-3.14274588761,0.246970808614,0.367665833139,0.770089414258,-0.343876512334,-0.00518462914087,0.0111308475666,-0.00518462914087,0.0111308475666,0.00172212000643,4,0
3805,7.61,1,-0.535189330578,0,1.41584837437,0,0,1.41584837437,0,1.41584837437,0,-0.513210021321,0.306639907426,-0.535189338563,0.333723762707,0.0219793172415,-0.0270838552808,0.0645616221555,2.29346891246,1.41584835576,-8.95089044334e-05,-0.00756860036518,-0.534982974567,0.380213816913,8.19989945855e-06,-0.00204997486464,-0.535072483472,-0.512584906022,0.318707574267,0.372645216547,-0.512601042498,0.306665281544,0.0224714409737,-0.0659799350034,6.6139169302,1.41584835576,2.36667324183,-0.513210021321,0.306639907426,0.0219793172415,-0.0270838552808,0.0219793172415,-0.0270838552808,-0.00864270721839,4,0
3805,7.61,2,0.771735846996,0,-0.753029167652,0,0,-0.753029167652,0,-0.753029167652,0,0.76651252612,-0.383299892935,0.77173586324,-0.359725730613,-0.0052233371199,-0.0235741623224,-0.585190799352,-0.56793876008,-0.753029191386,7.51136295401e-05,0.00637885396911,0.771561601641,-0.399071534501,-1.02498743035e-05,0.00256246857588,0.77163671527,0.765731131978,-0.398384476457,-0.392692680531,0.76158382442,-0.383505255506,-0.0100528908507,0.00918742502526,-6.98524606369,-0.753029191386,-1.16040977696,0.76651252612,-0.383299892935,-0.0052233371199,-0.0235741623224,-0.0052233371199,-0.0235741623224,0.00728021752359,4,0
3810,7.62,1,-0.531597971916,0,2.41584825516,0,0,2.41584825516,0,2.41584825516,0,-0.509810098854,0.376983394308,-0.531597958258,0.381422159783,0.0217878594048,-0.00443876547502,1.78008375736,2.45493764517,2.41584835576,-7.51583380321e-05,-0.0060510329481,-0.531442534687,0.413029158345,1.05722821632e-05,-0.0026430705408,-0.531517693025,-0.509040325434,0.392815921246,0.406978125397,-0.494943935745,0.377602817771,0.0365737572806,-0.0293753076256,7.52182099942,2.41584835576,4.24197433554,-0.509810098854,0.376983394308,0.0217878594048,-0.00443876547502,0.0217878594048,-0.00443876547502,-0.00695293300449,4,0
3810,7.62,2,0.767762482166,0,-1.75302922726,0,0,-1.75302922726,0,-1.75302922726,0,0.76226262295,-0.471229251355,0.767762508581,-0.432258186064,-0.00549988563086,-0.0389710652914,-1.18786414498,-0.765161993825,-1.75302919139,5.64936655489e-05,0.00445311551876,0.767651818916,-0.45334651927,-1.32153526731e-05,0.00330383816826,0.767708312582,0.761300406159,-0.491019909981,-0.448893403751,0.752338226268,-0.471642767884,-0.0153700863137,-0.0227493641323,-10.6886193042,-1.75302919139,-1.95815717831,0.76226262295,-0.471229251355,-0.00549988563086,-0.0389710652914,-0.00549988563086,-0.0389710652914,0.00513103950534,4,0
3815,7.63,1,-0.527306437492,0,3.41584825516,0,0,3.41584825516,0,3.41584825516,0,-0.505647005238,0.454545694638,-0.52730646393,0.464139585058,0.0216594586922,-0.00959389042004,1.18843303803,2.52764282551,3.41584835576,-2.28689060345e-05,-0.00169411563346,-0.527268079933,0.470165891603,9.27623317792e-06,-0.00231905829447,-0.527290948839,-0.504723724461,0.468597563283,0.46847177597,-0.495744184464,0.45495831217,0.0315467643754,-0.0135134637999,8.3926157322,3.41584835576,3.71804440605,-0.505647005238,0.454545694638,0.0216594586922,-0.00959389042004,0.0216594586922,-0.00959389042004,-0.00196854250588,4,0
3815,7.63,2,0.762674689293,0,-1.82724881172,0,0,-1.82724881172,0,-1.82724881172,0,0.757058755846,-0.568182126523,0.762674673592,-0.562430772398,-0.00561591774551,-0.0057513541249,-1.08020946336,-0.747833042845,-1.82724883406,-5.71229214663e-06,-0.000725124644591,0.762702912683,-0.553213062367,-1.15952914397e-05,0.00289882285991,0.762697200391,0.755904654859,-0.58574696228,-0.553938187011,0.748079213736,-0.568556274111,-0.0146179866546,-0.0146180871,-10.4765070033,-1.82724883406,-1.82724883406,0.757058755846,-0.568182126523,-0.00561591774551,-0.0057513541249,-0.00561591774551,-0.0057513541249,-0.00079367215035,4,0
3820,7.64,1,-0.522157967091,0,2.55440020561,0,0,2.55440020561,0,2.55440020561,0,-0.500779687899,0.514171467767,-0.522157993302,0.543401778388,0.0213783054031,-0.0292303106211,-1.19777820675,2.39899382615,2.55440030283,-1.4840292055e-06,-0.000228815386656,-0.522147615542,0.547467398045,5.1691696033e-06,-0.00129229240083,-0.522149099571,-0.499743075083,0.52218328538,0.547238582658,-0.510741822385,0.51375637883,0.0114072771857,-0.0334822038284,7.38043166566,2.55440030283,1.20146224314,-0.500779687899,0.514171467767,0.0213783054031,-0.0292303106211,0.0213783054031,-0.0292303106211,-0.000246623737122,4,0
3820,7.64,2,0.756375312805,0,-0.989731669426,0,0,-0.989731669426,0,-0.989731669426,0,0.750974609092,-0.64271434271,0.756375292076,-0.665399205705,-0.00540068298393,0.0226848629957,-0.398037137057,-0.583537886404,-0.989731660557,-3.07754229872e-05,-0.00244096941643,0.756436281552,-0.653907324902,-6.46146198191e-06,0.00161536549549,0.756405506129,0.749678843056,-0.652729114693,-0.656348294318,0.747686759975,-0.642851336423,-0.0087187461537,0.013496957895,-6.60723778646,-0.989731660557,-0.978764748969,0.750974609092,-0.64271434271,-0.00540068298393,0.0226848629957,-0.00540068298393,0.0226848629957,-0.00281027449227,4,0
3825,7.65,1,-0.516474246979,0,1.55440032482,0,0,1.55440032482,0,1.55440032482,0,-0.495486494529,0.5371360013,-0.516474236579,0.579156263866,0.0209877420504,-0.0420202625655,-3.94871940927,2.16876213151,1.55440030283,-4.46446246941e-05,-0.00400081082358,-0.516355561235,0.609313457759,1.18155899459e-06,-0.000295389748643,-0.516400205859,-0.494411323397,0.538471735134,0.605312646936,-0.528297721118,0.535768866859,-0.0118975152588,-0.0695437800769,6.24175800741,1.55440030283,-1.77542073145,-0.495486494529,0.5371360013,0.0209877420504,-0.0420202625655,0.0209877420504,-0.0420202625655,-0.00453654631991,4,0
3825,7.65,2,0.749517321587,0,-0.0139369443059,0,0,-0.0139369443059,0,-0.0139369443059,0,0.7443581173,-0.671420009524,0.749517302566,-0.68857760711,-0.00515918526596,0.0171575975854,0.431645392707,-0.443396686017,-0.0139369441039,1.951457756e-05,0.00195147586262,0.749452257605,-0.707419865384,-1.47694873809e-06,0.00036923718453,0.749471772183,0.743014153369,-0.673089676811,-0.705468389521,0.747930746002,-0.671271149995,-0.00154102618112,0.0341972395261,-2.38657072501,-0.0139369441039,-0.0139369441039,0.7443581173,-0.671420009524,-0.00515918526596,0.0171575975854,-0.00515918526596,0.0171575975854,0.00218565079334,4,0
3830,7.66,1,-0.510629415512,0,1.35993027687,0,0,1.35993027687,0,1.35993027687,0,-0.490015329426,0.56555100492,-0.510629429432,0.588419045636,0.0206141000057,-0.0228680407161,0.143539279798,2.13585684291,1.35993026056,-9.66370220566e-05,-0.00815554577736,-0.510407499648,0.638266555963,7.33081834342e-06,-0.00183270458586,-0.51050413667,-0.488873634605,0.576345524664,0.630111010185,-0.488743749781,0.565603987405,0.0217603868887,-0.0645070227797,5.93526370571,1.35993026056,2.28871131275,-0.490015329426,0.56555100492,0.0206141000057,-0.0228680407161,0.0206141000057,-0.0228680407161,-0.00931519004204,4,0
3830,7.66,2,0.742697119713,0,-1.01393699646,0,0,-1.01393699646,0,-1.01393699646,0,0.737519160843,-0.70693876392,0.742697128707,-0.684497908285,-0.00517796786324,-0.0224408556344,-0.872898972282,-0.549489683652,-1.0139369441,7.90783859836e-05,0.00669908155246,0.742514626733,-0.725528971366,-9.16352289393e-06,0.00229088072349,0.742593705119,0.736092042301,-0.720431913547,-0.718829889813,0.730193986539,-0.707243979516,-0.0123997185801,0.0115859102975,-6.2080898511,-1.0139369441,-1.43003667812,0.737519160843,-0.70693876392,-0.00517796786324,-0.0224408556344,-0.00517796786324,-0.0224408556344,0.00764802218426,4,0
3835,7.67,1,-0.504542410374,0,2.35993027687,0,0,2.35993027687,0,2.35993027687,0,-0.484062782232,0.628007338469,-0.504542413797,0.6276774843,0.0204796315653,0.000329854169556,1.61582296227,2.31183099872,2.35993026056,-8.03026402082e-05,-0.00646902137602,-0.504376114822,0.661557405632,9.28063688549e-06,-0.00232015922137,-0.504456417462,-0.48279287369,0.641914748826,0.655088384256,-0.470559096004,0.628569992062,0.0338973214586,-0.026518392194,6.81455767427,2.35993026056,3.93508661406,-0.484062782232,0.628007338469,0.0204796315653,0.000329854169556,0.0204796315653,0.000329854169556,-0.00743265305852,4,0
3835,7.67,2,0.73552185297,0,-2.01393699646,0,0,-2.01393699646,0,-2.01393699646,0,0.730078476774,-0.785009180539,0.735521850681,-0.749591317667,-0.0054433739071,-0.0354178628717,-1.39475280344,-0.740394515436,-2.0139369441,5.75946852091e-05,0.00452922785295,0.735409708011,-0.770791327432,-1.16007960559e-05,0.00290019901398,0.735467302696,0.728491091081,-0.802393443409,-0.766262099579,0.71843225285,-0.785494439869,-0.0170350498459,-0.0192323402899,-9.88872624357,-2.0139369441,-2.14036768295,0.730078476774,-0.785009180539,-0.0054433739071,-0.0354178628717,-0.0054433739071,-0.0354178628717,0.00522036407545,4,0
3840,7.68,1,-0.49784013629,0,3.35993027687,0,0,3.35993027687,0,3.35993027687,0,-0.477438908563,0.695579570597,-0.497840139892,0.701538752735,0.0204012313288,-0.00595918213784,1.02928612144,2.38516403173,3.35993026056,-2.70098335999e-05,-0.00204656844079,-0.497792221096,0.709721069485,7.96569633027e-06,-0.00199142408257,-0.49781923093,-0.47603554511,0.707655998836,0.707674501044,-0.46885666822,0.695937163945,0.0289625627093,-0.0117373370995,7.65731747844,3.35993026056,3.41682083962,-0.477438908563,0.695579570597,0.0204012313288,-0.00595918213784,0.0204012313288,-0.00595918213784,-0.00237068644399,4,0
3840,7.68,2,0.727316558361,0,-1.98941791058,0,0,-1.98941791058,0,-1.98941791058,0,0.721798634616,-0.869474470309,0.727316579527,-0.869511249608,-0.00551794491178,3.67792996224e-05,-1.2815036575,-0.708776390015,-1.98941791984,-6.49292753135e-06,-0.000784212548386,0.727346499247,-0.85992790065,-9.95712036256e-06,0.00248928009065,0.727340006319,0.720044430285,-0.884570005531,-0.860712113198,0.711145117556,-0.869918366853,-0.016194888763,-0.00920625365476,-9.26756509226,-1.98941791984,-1.98941791984,0.721798634616,-0.869474470309,-0.00551794491178,3.67792996224e-05,-0.00551794491178,3.67792996224e-05,-0.000862127678763,4,0
3845,7.69,1,-0.490383863449,0,2.35993027687,0,0,2.35993027687,0,2.35993027687,0,-0.470207967788,0.746352382776,-0.490383855651,0.769490449307,0.0201758878635,-0.0231380665312,-1.05176184,2.27190673175,2.35993026056,-7.27899402175e-06,-0.000718238141329,-0.490360214147,0.77651788304,4.3206783874e-06,-0.00108016959685,-0.490367493141,-0.468708336848,0.75305597873,0.775799644899,-0.478950758115,0.745988099846,0.0114167350257,-0.0298115450527,6.48221741106,2.35993026056,1.22095047782,-0.470207967788,0.746352382776,0.0201758878635,-0.0231380665312,0.0201758878635,-0.0231380665312,-0.00080558606959,4,0
3845,7.69,2,0.718018531799,0,-1.22448933125,0,0,-1.22448933125,0,-1.22448933125,0,0.712759958578,-0.932940485196,0.718018533495,-0.960751742305,-0.00525857491781,0.0278112571098,-0.688081216283,-0.539148545088,-1.22448938331,-3.01095333878e-05,-0.00237906365534,0.718077836002,-0.949638141903,-5.40084795264e-06,0.00135021198815,0.718047726468,0.710885419889,-0.941319980089,-0.952017205558,0.707058682974,-0.933178038346,-0.0109890434948,0.0188391672126,-5.67784487164,-1.22448938331,-1.22448938331,0.712759958578,-0.932940485196,-0.00525857491781,0.0278112571098,-0.00525857491781,0.0278112571098,-0.002740378056,4,0
3850,7.7,1,-0.482505857944,0,1.35993027687,0,0,1.35993027687,0,1.35993027687,0,-0.462618321895,0.7654205693,-0.482505847103,0.794134821205,0.0198875252088,-0.0287142519051,-3.30566272583,2.09167509518,1.35993026056,-5.00092094263e-05,-0.00444491348829,-0.48237528831,0.826897878743,9.87208327918e-07,-0.000246802081986,-0.482425297519,-0.461086728817,0.766536945196,0.822452965255,-0.490075800177,0.764276507705,-0.00765050265754,-0.0581764575503,5.32078420251,1.35993026056,-1.20894260666,-0.462618321895,0.7654205693,0.0198875252088,-0.0287142519051,0.0198875252088,-0.0287142519051,-0.0050450240014,4,0
3850,7.7,2,0.708261311054,0,-0.431784331799,0,0,-0.431784331799,0,-0.431784331799,0,0.703272901145,-0.956775718206,0.70826130258,-0.974888117728,-0.00498840143533,0.0181123995222,-0.0114480443922,-0.418141762606,-0.431784346569,1.96315258675e-05,0.00195896125997,0.708196134174,-0.99373507627,-1.23401040275e-06,0.000308502600696,0.7082157657,0.701358409784,-0.958171188067,-0.99177611501,0.703159409978,-0.956780447004,-0.00505635572165,0.0349956680059,-2.1730273902,-0.431784346569,-0.431784346569,0.703272901145,-0.956775718206,-0.00498840143533,0.0181123995222,-0.00498840143533,0.0181123995222,0.00219453957038,4,0
3855,7.71,1,-0.474548399448,0,1.50038588047,0,0,1.50038588047,0,1.50038588047,0,-0.454881275556,0.788926452824,-0.474548406011,0.79893817752,0.0196671304545,-0.0100117246958,0.0894984268259,2.09833674894,1.50038590311,-9.56543669145e-05,-0.00799500916873,-0.474333043651,0.846392251284,6.00111495092e-06,-0.00150027873773,-0.474428698018,-0.453294738097,0.797769566095,0.838397242115,-0.454060689448,0.788960643912,0.0203680085696,-0.0494365982032,5.32346256637,1.50038590311,2.19697803734,-0.454881275556,0.788926452824,0.0196671304545,-0.0100117246958,0.0196671304545,-0.0100117246958,-0.00914286157171,4,0
3855,7.71,2,0.698559045792,0,-1.4317843914,0,0,-1.4317843914,0,-1.4317843914,0,0.693601593157,-0.986158072428,0.698559053812,-0.975226098294,-0.00495746065508,-0.0109319741341,-1.09657038273,-0.493369376114,-1.43178434657,7.17597261946e-05,0.00599533921842,0.698398230696,-1.0103210708,-7.50139363981e-06,0.00187534840996,0.698469990423,0.691618421319,-0.997211963946,-1.00432573159,0.684422305764,-0.986540542736,-0.0140476846586,0.0177851888501,-5.94467867108,-1.43178434657,-1.59679621478,0.693601593157,-0.986158072428,-0.00495746065508,-0.0109319741341,-0.00495746065508,-0.0109319741341,0.00685645593276,4,0
3860,7.72,1,-0.466352492571,0,2.50038599968,0,0,2.50038599968,0,2.50038599968,0,-0.446750124067,0.839571271905,-0.466352492739,0.838364857744,0.0196023686723,0.00120641416078,1.22696921057,2.23739480298,2.50038590311,-6.84652853825e-05,-0.00546612300189,-0.466213120383,0.866313512756,7.40585506059e-06,-0.00185146376514,-0.466281585669,-0.445059873426,0.85067971194,0.860847389754,-0.436490794428,0.839998743973,0.0297907912407,-0.0208486457807,6.17227537748,2.50038590311,3.47065171998,-0.446750124067,0.839571271905,0.0196023686723,0.00120641416078,0.0196023686723,0.00120641416078,-0.00628770642648,4,0
3860,7.72,2,0.688432753086,0,-2.08175230026,0,0,-2.08175230026,0,-2.08175230026,0,0.683437653733,-1.04946409585,0.688432724755,-1.04594098574,-0.00499507102179,-0.00352311010313,-1.50516129817,-0.573351948948,-2.08175225833,3.70439847924e-05,0.00279448339947,0.688367315291,-1.05678912249,-9.25731875778e-06,0.00231432968943,0.688404359276,0.68132484042,-1.06334964579,-1.05399463909,0.670889436255,-1.04998693824,-0.0175149230214,0.00400770084658,-8.16245101371,-2.08175225833,-2.08175225833,0.683437653733,-1.04946409585,-0.00499507102179,-0.00352311010313,-0.00499507102179,-0.00352311010313,0.00323901121698,4,0
3865,7.73,1,-0.457585066557,0,2.96602582932,0,0,2.96602582932,0,2.96602582932,0,-0.438081672689,0.892907623974,-0.457585058189,0.904470013446,0.0195033854999,-0.0115623894719,0.683332720003,2.25292670506,2.9660257976,-2.24949733149e-05,-0.00170727177322,-0.457544308616,0.911672696351,6.15464548631e-06,-0.00153866137158,-0.45756680359,-0.436286405046,0.902249805406,0.909965424578,-0.432380654195,0.893145166411,0.0251861493946,-0.0168202581674,6.45393989435,2.9660257976,2.93823663652,-0.438081672689,0.892907623974,0.0195033854999,-0.0115623894719,0.0195033854999,-0.0115623894719,-0.001977211453,4,0
3865,7.73,2,0.677378416061,0,-1.88670837879,0,0,-1.88670837879,0,-1.88670837879,0,0.672602089453,-1.11613453542,0.677378418852,-1.14514354756,-0.00477632939861,0.0290090121375,-1.39377094731,-0.494929545623,-1.88670834445,-1.87795981445e-05,-0.00176679330715,0.677432597479,-1.13086331525,-7.6933067934e-06,0.00192332669836,0.677413817881,0.670358004889,-1.12781226211,-1.13263010855,0.661024033588,-1.11661695442,-0.0163897842928,0.0160131541379,-6.86919179838,-1.88670834445,-1.88670834445,0.672602089453,-1.11613453542,-0.00477632939861,0.0290090121375,-0.00477632939861,0.0290090121375,-0.00199214848488,4,0
3870,7.74,1,-0.448221087456,0,1.96602582932,0,0,1.96602582932,0,1.96602582932,0,-0.428941455079,0.931637232684,-0.448221072637,0.952497145751,0.0192796175575,-0.0208599130675,-0.960883118851,2.14885392254,1.9660257976,-1.75791388391e-05,-0.00160861277282,-0.4481722418,0.965435841576,3.20070305804e-06,-0.000800175764514,-0.448189820939,-0.427073033343,0.93661139539,0.963827228803,-0.436919800089,0.931304801642,0.0112700208495,-0.0325224271619,5.2621995286,1.9660257976,1.18979036613,-0.428941455079,0.931637232684,0.0192796175575,-0.0208599130675,0.0192796175575,-0.0208599130675,-0.00181956243889,4,0
3870,7.74,2,0.665500879288,0,-1.25789368153,0,0,-1.25789368153,0,-1.25789368153,0,0.661176817389,-1.16454654588,0.665500856348,-1.20802896905,-0.00432403895865,0.0434824231734,-0.926704402288,-0.333434867367,-1.25789370636,-2.530578839e-05,-0.00194189383447,0.665547026125,-1.20019534931,-4.00087878316e-06,0.0010002196958,0.665521720337,0.658841290209,-1.1707642492,-1.20213724315,0.653486345245,-1.16486698222,-0.0120353750916,0.0372702609269,-3.86150729044,-1.25789370636,-1.25789370636,0.661176817389,-1.16454654588,-0.00432403895865,0.0434824231734,-0.00432403895865,0.0434824231734,-0.00224556329515,4,0
3875,7.75,1,-0.43861323595,0,0.966025769711,0,0,0.966025769711,0,0.966025769711,0,-0.419532242028,0.945610947911,-0.438613223296,0.961079758941,0.0190809812686,-0.01546881103,-2.57524655726,2.04009204996,0.9660257976,-6.11700963066e-05,-0.00534868639664,-0.438459266263,0.99865788827,7.30827731388e-07,-0.000182706932853,-0.438520436359,-0.417640462629,0.946437819865,0.993309201874,-0.440904835412,0.944720423187,-0.00238439905264,-0.0485887786872,4.0898573099,0.9660257976,-0.529071779753,-0.419532242028,0.945610947911,0.0190809812686,-0.01546881103,0.0190809812686,-0.01546881103,-0.00608272755232,4,0
3875,7.75,2,0.653376638889,0,-0.701985001564,0,0,-0.701985001564,0,-0.701985001564,0,0.649415301025,-1.18201368974,0.653376649732,-1.20670701187,-0.00396134870719,0.0246933221363,-0.445933005341,-0.25332973245,-0.701985004128,2.54783618809e-05,0.00241652599509,0.65330025735,-1.22761470171,-9.13534655367e-07,0.000228383663836,0.653325735712,0.647050576768,-1.18304727967,-1.22519817572,0.645682986807,-1.18216920283,-0.00764274890477,0.0430289728888,-1.32489292503,-0.701985004128,-0.701985004128,0.649415301025,-1.18201368974,-0.00396134870719,0.0246933221363,-0.00396134870719,0.0246933221363,0.00272226633766,4,0
3880,7.76,1,-0.429056555033,0,1.30838537216,0,0,1.30838537216,0,1.30838537216,0,-0.41001546153,0.962730750228,-0.429056545281,0.955161164927,0.0190410837513,0.00756958530076,-0.0896691047606,2.10793755289,1.30838537696,-9.9425429736e-05,-0.00825831972412,-0.428835216363,1.00346188569,4.29433943555e-06,-0.00107358485889,-0.428934641793,-0.408083769415,0.969066811698,0.995203565964,-0.41068278365,0.96270294514,0.0182518581427,-0.0325006208239,4.28143094984,1.30838537696,2.02771987301,-0.41001546153,0.962730750228,0.0190410837513,0.00756958530076,0.0190410837513,0.00756958530076,-0.00945142488096,4,0
3880,7.76,2,0.641391336918,0,-1.58015477657,0,0,-1.58015477657,0,-1.58015477657,0,0.637519325355,-1.20341344241,0.641391321728,-1.20157260609,-0.00387199637254,-0.00184083632163,-1.24372655422,-0.329886883367,-1.58015480903,6.90926608072e-05,0.00571225951056,0.641239506666,-1.23409090056,-5.36792423511e-06,0.00134198105879,0.641308599327,0.635104710203,-1.21133351916,-1.22837864105,0.627118482992,-1.20384681084,-0.014190116334,0.024531830211,-4.60342415075,-1.58015480903,-1.58015480903,0.637519325355,-1.20341344241,-0.00387199637254,-0.00184083632163,-0.00387199637254,-0.00184083632163,0.00654137144024,4,0
3885,7.77,1,-0.419368684292,0,2.30838537216,0,0,2.30838537216,0,2.30838537216,0,-0.400216615898,0.998381854599,-0.419368674062,0.982052278829,0.0191520581645,0.01632957577,0.64230433272,2.24865126856,2.30838537696,-7.11598742534e-05,-0.00573015848681,-0.419221257815,1.01220100238,5.0657361253e-06,-0.00126643403133,-0.41929241769,-0.398212227822,1.00599334017,1.00647084389,-0.394818584067,0.998606772592,0.024473833623,-0.00786407130039,5.11675780046,2.30838537696,2.89753967825,-0.400216615898,0.998381854599,0.0191520581645,0.01632957577,0.0191520581645,0.01632957577,-0.00658407697785,4,0
3885,7.77,2,0.629101395607,0,-1.91340351105,0,0,-1.91340351105,0,-1.91340351105,0,0.625270768271,-1.24797732236,0.629101413722,-1.25260173007,-0.00383064545057,0.00462440771097,-1.51362404934,-0.396878488575,-1.91340355381,3.30099458103e-05,0.00250489654406,0.629042769156,-1.2624267811,-6.33217007595e-06,0.001583042519,0.629075779101,0.622765283168,-1.2574916792,-1.25992188456,0.612654961836,-1.24850298096,-0.0164208172651,0.0114189036021,-5.58576951599,-1.91340355381,-1.91340355381,0.625270768271,-1.24797732236,-0.00383064545057,0.00462440771097,-0.00383064545057,0.00462440771097,0.00290101589379,4,0
3890,7.78,1,-0.409256994724,0,2.44428896904,0,0,2.44428896904,0,2.44428896904,0,-0.390048257491,1.03413100745,-0.409257000211,1.03137384223,0.01920874272,0.00275716521713,0.176428827638,2.26511534038,2.44428886219,-3.02195776422e-05,-0.00238205923306,-0.409195999161,1.04376106855,3.95687563132e-06,-0.000989218907827,-0.409226218738,-0.387973888927,1.04015193846,1.04137900932,-0.388557732526,1.03419311266,0.0206684862124,-0.00718589665933,5.06193460194,2.44428886219,2.44428886219,-0.390048257491,1.03413100745,0.01920874272,0.00275716521713,0.01920874272,0.00275716521713,-0.00274469416477,4,0
3890,7.78,2,0.616147518158,0,-1.74229502678,0,0,-1.74229502678,0,-1.74229502678,0,0.612560320225,-1.29266376282,0.616147512108,-1.32321201142,-0.00358719188281,0.030548248604,-1.411290169,-0.332800199185,-1.74229508011,-1.7089370784e-05,-0.00159021562506,0.616194535903,-1.31132453874,-4.94609446422e-06,0.00123652361606,0.616177446532,0.609967359514,-1.30018992646,-1.31291475436,0.600834886207,-1.29315232257,-0.0153425603256,0.0197624317933,-4.4534805491,-1.74229508011,-1.74229508011,0.612560320225,-1.29266376282,-0.00358719188281,0.030548248604,-0.00358719188281,0.030548248604,-0.00179528807447,4,0
3895,7.79,1,-0.398748010397,0,1.44559824467,0,0,1.44559824467,0,1.44559824467,0,-0.379573076535,1.05838388894,-0.398748016246,1.05922836622,0.0191749397113,-0.000844477284752,-0.927037709499,2.20683185448,1.44559818507,-3.13852502633e-05,-0.00275190124159,-0.398668599462,1.07881521553,1.87961578424e-06,-0.000469903946053,-0.398699984712,-0.377453263812,1.06131607346,1.07606331429,-0.387258976169,1.05806364312,0.0114410085424,-0.0179996711707,3.87098577024,1.44559818507,1.28292266923,-0.379573076535,1.05838388894,0.0191749397113,-0.000844477284752,0.0191749397113,-0.000844477284752,-0.00312852424475,4,0
3895,7.79,2,0.602652847767,0,-1.30718290806,0,0,-1.30718290806,0,-1.30718290806,0,0.599466343997,-1.32297986419,0.602652875739,-1.36043099544,-0.0031865317422,0.037451131258,-1.10007730634,-0.208507965697,-1.30718289388,-1.63850573875e-05,-0.0012057574707,0.602679454183,-1.35679391666,-2.34951968581e-06,0.000587379921457,0.602663069126,0.596816578087,-1.32664509477,-1.35799967413,0.590326587229,-1.32336068739,-0.0123364818966,0.0346389867429,-2.28563686681,-1.30718289388,-1.30718289388,0.599466343997,-1.32297986419,-0.0031865317422,0.037451131258,-0.0031865317422,0.037451131258,-0.00140237815935,4,0
3900,7.8,1,-0.388168871403,0,0.445598185062,0,0,0.445598185062,0,0.445598185062,0,-0.368935511785,1.06638511295,-0.38816888515,1.05262732892,0.0192333733649,0.0137577840338,-1.79990885424,2.19243776848,0.445598185071,-6.95877237554e-05,-0.00600456191136,-0.387999014001,1.09309627972,4.28526541363e-07,-0.000107131635338,-0.388068601725,-0.366802413524,1.06687052556,1.08709171781,-0.383851859013,1.06576359848,0.0042167427121,-0.0213281193228,2.70025023861,0.445598185071,0.399368528837,-0.368935511785,1.06638511295,0.0192333733649,0.0137577840338,0.0192333733649,0.0137577840338,-0.00683961459643,4,0
3900,7.8,2,0.589076757431,0,-1.01574075222,0,0,-1.01574075222,0,-1.01574075222,0,0.586169388031,-1.332981394,0.589076760856,-1.34981794367,-0.00290737282489,0.0168365496688,-0.845483176901,-0.167309033994,-1.01574080683,2.83979555462e-05,0.00260782046998,0.588997256788,-1.37067780875,-5.35658166489e-07,0.000133914541635,0.589025654743,0.583503015199,-1.33358815975,-1.36806998828,0.57911137675,-1.3332754778,-0.00991427799346,0.0347945104766,-0.829387756051,-1.01574080683,-1.01574080683,0.586169388031,-1.332981394,-0.00290737282489,0.0168365496688,-0.00290737282489,0.0168365496688,0.00294859593654,4,0
3905,7.81,1,-0.377724677324,0,1.44559824467,0,0,1.44559824467,0,1.44559824467,0,-0.358236971446,1.07604313392,-0.377724679035,1.04391550736,0.0194877075891,0.0321276265632,-0.37964480303,2.30591587955,1.44559818507,-9.30231874465e-05,-0.00765144491835,-0.37752144932,1.08757142838,2.31773477982e-06,-0.000579433694959,-0.377614472507,-0.356081499997,1.07947402554,1.07991998347,-0.361322257379,1.07591458034,0.0162922151277,-0.00400540312654,3.5398835625,1.44559818507,1.93503879969,-0.358236971446,1.07604313392,0.0194877075891,0.0321276265632,0.0194877075891,0.0321276265632,-0.00876772316771,4,0
3905,7.81,2,0.575656712055,0,-1.55412435532,0,0,-1.55412435532,0,-1.55412435532,0,0.572796212581,-1.34505391996,0.575656715265,-1.34434638222,-0.00286050268385,-0.000707537736223,-1.30588993955,-0.243138487555,-1.55412441063,5.48284164144e-05,0.00443804252485,0.575541278957,-1.36806174001,-2.89716840884e-06,0.000724292102207,0.575596107374,0.570101873264,-1.34934253439,-1.36362369748,0.561890263827,-1.34550833449,-0.0137058435465,0.0181153629906,-2.75192180481,-1.55412441063,-1.55412441063,0.572796212581,-1.34505391996,-0.00286050268385,-0.000707537736223,-0.00286050268385,-0.000707537736223,0.00509598352182,4,0
3910,7.82,1,-0.3671644032,0,2.30443787575,0,0,2.30443787575,0,2.30443787575,0,-0.347386129181,1.09446043358,-0.367164391136,1.06783297329,0.0197782619555,0.0266274602913,-0.0988147661539,2.39768132016,2.30443778383,-6.04045384625e-05,-0.00484637535808,-0.367040474025,1.0929245301,2.40731835882e-06,-0.000601829589707,-0.367100878564,-0.345193546744,1.09809670706,1.08807815474,-0.348161811979,1.09442811346,0.0189390665853,0.00634995871746,4.22254432041,2.30443778383,2.30443778383,-0.347386129181,1.09446043358,0.0197782619555,0.0266274602913,0.0197782619555,0.0266274602913,-0.00557122981963,4,0
3910,7.82,2,0.562014222145,0,-1.69047296047,0,0,-1.69047296047,0,-1.69047296047,0,0.559232659726,-1.36807554396,0.562014220477,-1.38123373742,-0.00278156075132,0.0131581934627,-1.42015751898,-0.269228907721,-1.69047296423,1.38188572698e-05,0.000920711242676,0.561997910621,-1.38184814772,-3.00914786056e-06,0.000752286965131,0.562011729478,0.556491931676,-1.37262088568,-1.38092743648,0.547409485599,-1.36856817622,-0.0146022438795,0.0123592602615,-2.97710273056,-1.69047296423,-1.69047296423,0.559232659726,-1.36807554396,-0.00278156075132,0.0131581934627,-0.00278156075132,0.0131581934627,0.00108653752991,4,0
3915,7.83,1,-0.356288284063,0,1.92435526848,0,0,1.92435526848,0,1.92435526848,0,-0.3363567791,1.11037613646,-0.356288271536,1.09899463821,0.0199314924354,0.011381498253,-0.457436195046,2.37875013714,1.92435522402,-3.21287022313e-05,-0.00265573750154,-0.356217230243,1.11470376281,1.51048072805e-06,-0.000377620182011,-0.356249358945,-0.334133649822,1.11269749981,1.11204802531,-0.340136840769,1.11021863389,0.0161125181758,-0.00182939141473,3.65120852761,1.92435522402,1.92435522402,-0.3363567791,1.11037613646,0.0199314924354,0.011381498253,0.0199314924354,0.011381498253,-0.00304128192831,4,0
3915,7.83,2,0.547945022583,0,-1.51380491257,0,0,-1.51380491257,0,-1.51380491257,0,0.545445972109,-1.38797017191,0.547945023772,-1.4213826533,-0.00249905166321,0.0334124813906,-1.33327643801,-0.182569755434,-1.5138048586,-2.11097234611e-05,-0.00178801816699,0.547994214813,-1.41031939419,-1.88810082979e-06,0.000472025207436,0.547973105089,0.542667060508,-1.39087187597,-1.41210741236,0.534371572637,-1.38843160522,-0.0136015324524,0.023675807139,-1.8867673649,-1.5138048586,-1.5138048586,0.545445972109,-1.38797017191,-0.00249905166321,0.0334124813906,-0.00249905166321,0.0334124813906,-0.00204133484852,4,0
3920,7.84,1,-0.345204114914,0,1.38513481617,0,0,1.38513481617,0,1.38513481617,0,-0.325204828942,1.11862839299,-0.345204125113,1.11203974654,0.0199992961711,0.0065886464459,-0.950721987464,2.33199673188,1.38513484072,-3.95554811762e-05,-0.00338543053306,-0.345109466157,1.13427510184,4.40425337978e-07,-0.000110106334492,-0.345149021638,-0.322966820861,1.11933435939,1.13088967131,-0.333081669631,1.11830019129,0.0120673520067,-0.0125894800169,2.92241357536,1.38513484072,1.38513484072,-0.325204828942,1.11862839299,0.0199992961711,0.0065886464459,0.0199992961711,0.0065886464459,-0.00386009630718,4,0
3920,7.84,2,0.53362351656,0,-1.27794790268,0,0,-1.27794790268,0,-1.27794790268,0,0.5315060344,-1.39828549205,0.533623539915,-1.43559877822,-0.00211750551494,0.0373132861782,-1.19738530888,-0.0816842954904,-1.27794789101,-1.28548692612e-05,-0.000967454926995,0.53364588539,-1.43202908491,-5.50531625509e-07,0.000137632906381,0.533633030521,0.528708524298,-1.39916794997,-1.43299653983,0.521554448164,-1.39870014147,-0.0120785823568,0.0342963983614,-0.595084320645,-1.27794789101,-1.27794789101,0.5315060344,-1.39828549205,-0.00211750551494,0.0373132861782,-0.00211750551494,0.0373132861782,-0.00112171335813,4,0
3925,7.85,1,-0.334087342024,0,1.29692149162,0,0,1.29692149162,0,1.29692149162,0,-0.31400730981,1.12015437945,-0.334087356098,1.11050919821,0.0200800462873,0.00964518124102,-1.02725612602,2.31850907337,1.29692152748,-5.87622898974e-05,-0.00496343264316,-0.333951219557,1.14148012631,9.92994521054e-08,-2.48248630239e-05,-0.334009981847,-0.311766923094,1.12026783245,1.13651669367,-0.322505785062,1.11980027632,0.0115041967851,-0.0167164173474,2.65455580508,1.29692152748,1.29692152748,-0.31400730981,1.12015437945,0.0200800462873,0.00964518124102,0.0200800462873,0.00964518124102,-0.00566858012193,4,0
3925,7.85,2,0.5192964077,0,-1.2238765955,0,0,-1.2238765955,0,-1.2238765955,0,0.517509135479,-1.40019297492,0.519296382696,-1.42949066825,-0.00178724721741,0.0292976933311,-1.18483719622,-0.0380724326864,-1.22387656624,9.35351328638e-06,0.000854695175669,0.519270942781,-1.43594104312,-1.2412430439e-07,3.10310761031e-05,0.519280296294,0.514708652083,-1.40033479115,-1.43508634795,0.507644560364,-1.40060399888,-0.0116357359299,0.0344823490688,-0.10478077834,-1.22387656624,-1.22387656624,0.517509135479,-1.40019297492,-0.00178724721741,0.0292976933311,-0.00178724721741,0.0292976933311,0.000966937335105,4,0
3930,7.86,1,-0.32296577096,0,1.57252705097,0,0,1.57252705097,0,1.57252705097,0,-0.302799238267,1.1217437701,-0.322965776419,1.1146950752,0.0201665381522,0.00704869489221,-0.761618570612,2.32849684978,1.57252708167,-5.98428034305e-05,-0.00493068886305,-0.322834280909,1.14325233972,1.95498323974e-07,-4.88745809941e-05,-0.322894123713,-0.300555423681,1.12205391634,1.13832165085,-0.309088068227,1.12148173552,0.0138060554864,-0.0168399153393,2.75253337723,1.57252708167,1.57252708167,-0.302799238267,1.1217437701,0.0201665381522,0.00704869489221,0.0201665381522,0.00704869489221,-0.00564880250422,4,0
3930,7.86,2,0.505008816719,0,-1.30970442295,0,0,-1.30970442295,0,-1.30970442295,0,0.503499046044,-1.40217971296,0.505008816034,-1.43005223754,-0.00150976998963,0.027872524584,-1.2787679956,-0.0301194892606,-1.3097044023,9.34562942791e-06,0.00070476988518,0.504991979385,-1.43291528028,-2.44372836522e-07,6.10932091167e-05,0.505001325014,0.500694277812,-1.40256739566,-1.43221051039,0.492854318865,-1.40262324326,-0.0121470061498,0.0295872671365,-0.194764579674,-1.3097044023,-1.3097044023,0.503499046044,-1.40217971296,-0.00150976998963,0.027872524584,-0.00150976998963,0.027872524584,0.000816917438314,4,0
3935,7.87,1,-0.311780422926,0,1.37057030201,0,0,1.37057030201,0,1.37057030201,0,-0.291578197693,1.12177003837,-0.311780424424,1.12025267427,0.0202022267304,0.00151736409855,-0.949747876665,2.31534917144,1.37057028286,-5.21677781179e-05,-0.00434297475145,-0.311663192987,1.14633509256,-4.02360073593e-07,0.000100590018399,-0.311715360765,-0.289335188914,1.12120261932,1.14199211781,-0.299437710111,1.12144255869,0.0122776506541,-0.0205495591254,2.37223252566,1.37057028286,1.37057028286,-0.291578197693,1.12177003837,0.0202022267304,0.00151736409855,0.0202022267304,0.00151736409855,-0.00496898808887,4,0
3935,7.87,2,0.4906899333,0,-1.22999536991,0,0,-1.22999536991,0,-1.22999536991,0,0.489472745327,-1.40221254771,0.490689920581,-1.43197109603,-0.00121717525383,0.0297585483213,-1.2300275194,-7.45450232442e-05,-1.22999536149,-1.02572455285e-06,-9.4394246813e-05,0.49069264495,-1.43135621802,5.02950182113e-07,-0.000125737545525,0.490691619225,0.486668984354,-1.40150327376,-1.43145061226,0.479241168344,-1.40263886342,-0.011450450881,0.028811748848,0.386174594148,-1.22999536149,-1.22999536149,0.489472745327,-1.40221254771,-0.00121717525383,0.0297585483213,-0.00121717525383,0.0297585483213,-0.000106702941447,4,0
3940,7.88,1,-0.300589174032,0,1.12017858028,0,0,1.12017858028,0,1.12017858028,0,-0.280380870568,1.11685224914,-0.300589186528,1.11717745711,0.0202083159605,-0.00032520796513,-1.17886220971,2.29367291107,1.12017852665,-5.59314429792e-05,-0.00469664798434,-0.300461149754,1.14608337001,-1.0308232346e-06,0.000257705808653,-0.300517081197,-0.278148667963,1.11532818503,1.14138672203,-0.290143042223,1.11644549199,0.0103740389738,-0.0249412300393,1.94742052091,1.12017852665,1.12017852665,-0.280380870568,1.11685224914,0.0202083159605,-0.00032520796513,0.0202083159605,-0.00032520796513,-0.00536782530009,4,0
3940,7.88,2,0.476418197155,0,-1.13386189938,0,0,-1.13386189938,0,-1.13386189938,0,0.475476086426,-1.39606531051,0.476418208728,-1.42240437163,-0.000942122301837,0.0263390611281,-1.1638216073,0.0302672110968,-1.13386186043,2.80287920002e-06,0.000273829674164,0.476409446372,-1.42486049021,1.28852912407e-06,-0.000322132281015,0.476412249252,0.472685833172,-1.39416023024,-1.42458666053,0.465791823786,-1.39646882145,-0.0106204254654,0.0281178390846,1.00789401515,-1.13386186043,-1.13386186043,0.475476086426,-1.39606531051,-0.000942122301837,0.0263390611281,-0.000942122301837,0.0263390611281,0.000307464224565,4,0
3945,7.89,1,-0.289461970329,0,1.25694942474,0,0,1.25694942474,0,1.25694942474,0,-0.26925286925,1.10858536108,-0.289461972305,1.1101154694,0.0202091030546,-0.00153010831416,-1.03134848301,2.28246871848,1.25694938194,-6.11808257033e-05,-0.00509497655953,-0.289324894559,1.14038354118,-1.02643865207e-06,0.000256609663024,-0.289386075385,-0.26703728809,1.1070207509,1.13528856462,-0.277784052639,1.10822989511,0.011602022746,-0.0270586695155,1.91409159751,1.25694938194,1.25694938194,-0.26925286925,1.10858536108,0.0202091030546,-0.00153010831416,0.0202091030546,-0.00153010831416,-0.00582914646797,4,0
3945,7.89,2,0.462285548449,0,-1.1727874279,0,0,-1.1727874279,0,-1.1727874279,0,0.461566084791,-1.38573169991,0.46228554061,-1.40764721545,-0.00071945581932,0.0219155155472,-1.21152407321,0.0395335960985,-1.17278741048,8.44199076091e-06,0.000695629487293,0.462267496839,-1.41137054555,1.28304836128e-06,-0.000320762090323,0.46227593883,0.458796608344,-1.3837759371,-1.41067491606,0.451480918705,-1.38615191516,-0.0107950201249,0.0245230009014,1.05890098823,-1.17278741048,-1.17278741048,0.461566084791,-1.38573169991,-0.00071945581932,0.0219155155472,-0.00071945581932,0.0219155155472,0.000796933376424,4,0
3950,7.9,1,-0.27834135294,0,1.95802652836,0,0,1.95802652836,0,1.95802652836,0,-0.258198977045,1.10354022666,-0.278341361306,1.11679915075,0.0201423842613,-0.0132589240971,-0.307177019328,2.26063636924,1.95802651325,-4.92616539426e-05,-0.00397602349075,-0.278239332487,1.1375397866,-2.36166987522e-07,5.90417468851e-05,-0.278288594141,-0.255992073611,1.10327459138,1.13356376311,-0.260716355396,1.10343533589,0.0175722387446,-0.0301284272202,2.43816988809,1.95802651325,1.95802651325,-0.258198977045,1.10354022666,0.0201423842613,-0.0132589240971,0.0201423842613,-0.0132589240971,-0.00456716333806,4,0
3950,7.9,2,0.448219686747,0,-1.38403820992,0,0,-1.38403820992,0,-1.38403820992,0,0.44774871955,-1.37942528167,0.448219693832,-1.41017823157,-0.000470974282469,0.030752949902,-1.44152555475,0.0566565236215,-1.38403815775,-7.01309496605e-06,-0.000746716245613,0.448246538931,-1.401789221,2.9520874506e-07,-7.38021862585e-05,0.448239525836,0.444990090262,-1.37909323756,-1.40253593725,0.435763737798,-1.37992465591,-0.0124757880371,0.0226112813414,0.442219134955,-1.38403815775,-1.38403815775,0.44774871955,-1.37942528167,-0.000470974282469,0.030752949902,-0.000470974282469,0.030752949902,-0.000830873385205,4,0
3955,7.91,1,-0.26710960269,0,0.966445744038,0,0,0.966445744038,0,0.966445744038,0,-0.247185618652,1.09696111971,-0.267109587908,1.122926142,0.0199239692565,-0.0259650222878,-1.21333597316,2.17658937797,0.966445715642,-3.26787906111e-05,-0.00280016533846,-0.267031270432,1.14152334317,-1.93902201059e-06,0.000484755502645,-0.267063949223,-0.244994448053,1.09413103294,1.13872317783,-0.257252671648,1.09654165917,0.00981127757428,-0.0421815186544,1.26909521044,0.966445715642,0.966445715642,-0.247185618652,1.09696111971,0.0199239692565,-0.0259650222878,0.0199239692565,-0.0259650222878,-0.0031923108258,4,0
3955,7.91,2,0.434079170227,0,-1.02254164219,0,0,-1.02254164219,0,-1.02254164219,0,0.433982021576,-1.37120139773,0.434079166649,-1.41071316102,-9.71450734092e-05,0.0395117632838,-1.16278341819,0.137678170487,-1.02254158806,-2.78818050976e-05,-0.00222907798468,0.434136043343,-1.39953531294,2.42377758003e-06,-0.000605944395003,0.434108161538,0.431243058331,-1.36766378917,-1.40176439092,0.424330280084,-1.37160355363,-0.00977788145443,0.0301608372946,2.14630747936,-1.02254158806,-1.02254158806,0.433982021576,-1.37120139773,-9.71450734092e-05,0.0395117632838,-9.71450734092e-05,0.0395117632838,-0.00256365964585,4,0
3960,7.92,1,-0.256004542112,0,0.257622212172,0,0,0.257622212172,0,0.257622212172,0,-0.236299439018,1.07859470607,-0.25600455246,1.09902273592,0.0197051134422,-0.0204280298497,-1.8591343921,2.11099572137,0.257622225989,-5.8883849103e-05,-0.0050542905292,-0.255862814014,1.13238406462,-3.18675674282e-06,0.000796689185709,-0.255921697863,-0.234146940388,1.07385924751,1.12732977409,-0.251717450765,1.07795228891,0.00420424709876,-0.0493774851725,0.398938746265,0.257622225989,0.257622225989,-0.236299439018,1.07859470607,0.0197051134422,-0.0204280298497,0.0197051134422,-0.0204280298497,-0.00576089671843,4,0
3960,7.92,2,0.420178830624,0,-0.777628898621,0,0,-0.777628898621,0,-0.777628898621,0,0.420374297056,-1.34824338011,0.420178835875,-1.3721957372,0.000195461180859,0.0239523570988,-0.953793959285,0.176738347918,-0.777628888038,4.13203641338e-06,0.000523692234106,0.420158282962,-1.37902957255,3.98344601504e-06,-0.00099586150376,0.420162414998,0.417683673773,-1.34232405678,-1.37850588031,0.412435020223,-1.34857418331,-0.00772739477556,0.0299316970059,3.29087733269,-0.777628888038,-0.777628888038,0.420374297056,-1.34824338011,0.000195461180859,0.0239523570988,0.000195461180859,0.0239523570988,0.000573276671067,4,0
3965,7.93,1,-0.245238304138,0,0.178941503167,0,0,0.178941503167,0,0.178941503167,0,-0.225637704092,1.05315242751,-0.245238299689,1.06137950075,0.019600595597,-0.00822707323629,-1.94492669932,2.11576568466,0.178941500297,-8.43676838062e-05,-0.00709010275735,-0.245045048877,1.1048904926,-3.50735678228e-06,0.000876839195569,-0.245129416561,-0.22353668566,1.04787869849,1.09780038984,-0.241749933009,1.05248108464,0.00337948355245,-0.0453193051994,0.179167191069,0.178941500297,0.178941500297,-0.225637704092,1.05315242751,0.019600595597,-0.00822707323629,0.019600595597,-0.00822707323629,-0.00810251496303,4,0
3965,7.93,2,0.406783491373,0,-0.791456401348,0,0,-0.791456401348,0,-0.791456401348,0,0.407047128426,-1.31644053127,0.406783497598,-1.31772374479,0.000263630828304,0.00128321351785,-0.912117933385,0.124065722785,-0.791456412919,3.49697813385e-05,0.00298456494274,0.40670078201,-1.33676520154,4.38419605403e-06,-0.00109604901351,0.406735751792,0.404420855392,-1.30984836988,-1.3337806366,0.399430999741,-1.31675786997,-0.00730475205049,0.0170227666279,3.30550053823,-0.791456412919,-0.791456412919,0.407047128426,-1.31644053127,0.000263630828304,0.00128321351785,0.000263630828304,0.00128321351785,0.0034042023188,4,0
3970,7.94,1,-0.234802424908,0,0.945723831654,0,0,0.945723831654,0,0.945723831654,0,-0.215232864863,1.02888583384,-0.234802425412,1.03517365983,0.019569560549,-0.00628782598369,-1.16649515244,2.15175930898,0.945723808595,-8.18666153941e-05,-0.00671199358264,-0.234625932562,1.07264438916,-2.42880772666e-06,0.000607201931663,-0.234707799177,-0.213178923737,1.02514895728,1.06593239557,-0.224872801857,1.0284841698,0.00983499731968,-0.0374482257705,0.808655212176,0.945723808595,0.99295854951,-0.215232864863,1.02888583384,0.019569560549,-0.00628782598369,0.019569560549,-0.00628782598369,-0.00769439296737,4,0
3970,7.94,2,0.393856465816,0,-1.09980762005,0,0,-1.09980762005,0,-1.09980762005,0,0.394041079425,-1.2861072887,0.393856464065,-1.28077839151,0.00018461535986,-0.00532889718056,-1.14011895506,0.0431533639914,-1.09980764878,3.12650861926e-05,0.00246687668184,0.393795793276,-1.29206833269,3.03600970097e-06,-0.000759002425239,0.393827058363,0.391473653024,-1.28143619293,-1.28960145601,0.384532911554,-1.28650346236,-0.00929414680859,0.00309799364978,2.13512386324,-1.09980764878,-1.09980764878,0.394041079425,-1.2861072887,0.00018461535986,-0.00532889718056,0.00018461535986,-0.00532889718056,0.00284205771615,4,0
3975,7.95,1,-0.224436536431,0,1.94572377205,0,0,1.94572377205,0,1.94572377205,0,-0.205017156285,1.01758658288,-0.224436540257,1.04254590514,0.0194193839722,-0.0249593222629,0.312259693282,2.1477286114,1.9457238086,-4.20214097016e-05,-0.00325202810248,-0.224358394724,1.05649112507,-5.56794186174e-07,0.000139198546543,-0.224400416133,-0.202982403993,1.01695855017,1.05323909697,-0.202388253865,1.01769612048,0.0220121622678,-0.035542976487,1.65281397299,1.9457238086,2.4637445897,-0.205017156285,1.01758658288,0.0194193839722,-0.0249593222629,0.0194193839722,-0.0249593222629,-0.0037562850189,4,0
3975,7.95,2,0.381027936935,0,-1.55326211452,0,0,-1.55326211452,0,-1.55326211452,0,0.381271443738,-1.2719832248,0.381027951663,-1.29189552817,0.000243492075444,0.0199123033641,-1.59793454169,0.042600314114,-1.55326213097,-1.8471807004e-05,-0.0018504349184,0.381089955124,-1.2738538026,6.95992742494e-07,-0.000173998185617,0.381071483317,0.378728003381,-1.2711981839,-1.27570423752,0.367995638303,-1.27253638336,-0.0130758450147,0.00316785415843,0.502675540279,-1.55326213097,-1.55326213097,0.381271443738,-1.2719832248,0.000243492075444,0.0199123033641,0.000243492075444,0.0199123033641,-0.00207209660245,4,0
3980,7.96,1,-0.213892444968,0,1.17577266693,0,0,1.17577266693,0,1.17577266693,0,-0.194890520854,1.00325236784,-0.213892444533,1.05731577196,0.019001923679,-0.0540634041177,-1.70936912155,1.98771209459,1.17577260938,-5.28410674394e-06,-0.0005030626471,-0.213876613653,1.0620060573,-3.95170646103e-06,0.00098792661526,-0.21388189776,-0.192889673549,0.997459872811,1.06150299465,-0.20910586352,1.00266006189,0.00477603423959,-0.0588429327548,0.711694663839,1.17577260938,0.278909444976,-0.194890520854,1.00325236784,0.019001923679,-0.0540634041177,0.019001923679,-0.0540634041177,-0.000566471928027,4,0
3980,7.96,2,0.367985457182,0,-0.765859603882,0,0,-0.765859603882,0,-0.765859603882,0,0.368613149489,-1.25406545576,0.36798544582,-1.30304590981,0.000627703669225,0.0489804540484,-0.963766671531,0.191927333645,-0.76585961551,-6.36121132688e-05,-0.00521637701632,0.368123286944,-1.27395115368,4.93963313708e-06,-0.00123490828427,0.368059674831,0.366112090366,-1.24682483689,-1.27916753069,0.360645424436,-1.25439744431,-0.00741425039537,0.0247700863868,3.90457871058,-0.76585961551,-0.76585961551,0.368613149489,-1.25406545576,0.000627703669225,0.0489804540484,0.000627703669225,0.0489804540484,-0.00597972237555,4,0
3985,7.97,1,-0.203434422612,0,0.175772607327,0,0,0.175772607327,0,0.175772607327,0,-0.185023220863,0.967647301595,-0.203434415728,1.03340936492,0.0184111948648,-0.0657620633295,-2.77285996508,1.769130138,0.175772609379,-3.68030670737e-05,-0.00327688861061,-0.203338216454,1.0575413304,-5.77091776585e-06,0.00144272944146,-0.203375019521,-0.183096481787,0.959041349811,1.05426444178,-0.20805940615,0.966687460541,-0.00468438662871,-0.0875769812434,-0.442766905507,0.175772609379,-1.00001130166,-0.185023220863,0.967647301595,0.0184111948648,-0.0657620633295,0.0184111948648,-0.0657620633295,-0.00371852541549,4,0
3985,7.97,2,0.355230242014,0,-0.291761219501,0,0,-0.291761219501,0,-0.291761219501,0,0.356279024544,-1.20955912244,0.355230250471,-1.25029703119,0.00104877407276,0.0407379087534,-0.607416884506,0.313683548226,-0.291761206296,-2.34421261838e-05,-0.00169082447021,0.355266249272,-1.24573579008,7.21364728479e-06,-0.0018034118212,0.355242807146,0.353870600707,-1.19880168259,-1.24742661455,0.351242395736,-1.20976898197,-0.00400041140966,0.0376576325727,5.90936880444,-0.291761206296,-0.291761206296,0.356279024544,-1.20955912244,0.00104877407276,0.0407379087534,0.00104877407276,0.0407379087534,-0.00197212998442,4,0
3990,7.98,1,-0.193403080106,0,-0.824227392673,0,0,-0.824227392673,0,-0.824227392673,0,-0.175566994153,0.92327916564,-0.19340307864,0.979751660676,0.0178360844872,-0.0564724950356,-2.71052220316,1.65420963708,-0.824227390621,-8.07612827414e-05,-0.00690204139267,-0.193210406533,1.02471944751,-5.76351020412e-06,0.00144087755103,-0.193291167815,-0.173729174609,0.914587139504,1.01781740612,-0.198050052951,0.922342371523,-0.00475888513596,-0.0954750345962,-1.56150019833,-0.824227390621,-1.0484413893,-0.175566994153,0.92327916564,0.0178360844872,-0.0564724950356,0.0178360844872,-0.0564724950356,-0.00787117678557,4,0
3990,7.98,2,0.343236416578,0,-0.305466383696,0,0,-0.305466383696,0,-0.305466383696,0,0.344458741204,-1.15409895193,0.343236422628,-1.16322759467,0.00122231857648,0.00912864273995,-0.592680186407,0.290389071243,-0.305466387639,3.10968612581e-05,0.00280211013974,0.343153034149,-1.18438823167,7.20438782209e-06,-0.00180109695552,0.343184131011,0.342161466784,-1.14323391916,-1.18158612153,0.3395018847,-1.15430548762,-0.00368224631017,0.0272806339164,5.8134870889,-0.305466387639,-0.305466387639,0.344458741204,-1.15409895193,0.00122231857648,0.00912864273995,0.00122231857648,0.00912864273995,0.00317527247484,4,0
3995,7.99,1,-0.183970570564,0,-0.0878587961197,0,0,-0.0878587961197,0,-0.0878587961197,0,-0.166539091329,0.884537625689,-0.18397057066,0.923280317796,0.0174314793314,-0.0387426921073,-1.35063453541,1.68613029838,-0.0878587971055,-0.000101597290363,-0.00837857994623,-0.183748074818,0.971144084661,-3.67856587918e-06,0.000919641469793,-0.183849672108,-0.164775846911,0.878863284451,0.962765504715,-0.177695029946,0.884072794913,0.0061546421618,-0.0786927098017,-0.923969023172,-0.0878587971055,0.345093510408,-0.166539091329,0.884537625689,0.0174314793314,-0.0387426921073,0.0174314793314,-0.0387426921073,-0.00959774743059,4,0
3995,7.99,2,0.332090526819,0,-0.837606728077,0,0,-0.837606728077,0,-0.837606728077,0,0.333173862727,-1.10567202656,0.332090523344,-1.08930987576,0.00108333938285,-0.0163621508057,-0.986483298084,0.154106789845,-0.837606708839,5.60601542851e-05,0.00455747874822,0.331972283067,-1.11355839514,4.59820738558e-06,-0.00114955184639,0.332028343221,0.330969807216,-1.09857909996,-1.10900091639,0.324923906412,-1.10601577474,-0.00710443680882,0.00298514164377,3.6012031158,-0.837606708839,-0.837606708839,0.333173862727,-1.10567202656,0.00108333938285,-0.0163621508057,0.00108333938285,-0.0163621508057,0.00523020059964,4,0
