cycle,t,joint_id,motor_q,motor_dq,motor_tau,motor_kp,motor_kd,q_ref_shaped,dq_ref_shaped,q_actual,dq_actual,q_error_raw,dq_error_raw,u_star,u_feedback,u_t,eta_q,eta_dq,x_hat_q,x_hat_dq,rho_q,rho_dq,x_bar_q,q_ref_shaped_next,dq_ref_shaped_next,x_bar_dq,r_d_q,r_d_dq,e_q,e_dq,observer_qacc,observer_tau_applied,u_raw,q_ref_raw,dq_ref_raw,q_error_raw2,dq_error_raw2,q_error_shaped,dq_error_shaped,eta_u,flags,joint_flags
0,0,1,-0.414400011301,0,0.20000000298,0,0,-0.4144,0,-0.4144,0,0,-0.000596700463356,-3.76504506842,0,0.2,-0.4144,0,0,0,-2.05735428693e-12,5.14335262627e-10,-0.4144,-0.414400000002,-2.32626813238e-09,0,-0.404352818593,0.000418632558605,0.0100471814065,0.000418632558605,3.94498265864,0.2,1.20775493158,-0.4144,-0.000596700463356,0,-0.000596700463356,0,0,-4.9728,4,0
0,0,2,0.643000006676,0,-0.20000000298,0,0,0.643,0,0.643,0,0,0.000745872260646,0.807493368248,0,-0.2,0.643,0,0,0,2.57160959194e-12,-6.42905513529e-10,0.643,0.643000000002,2.90782222792e-09,0,0.585528887639,-0.00239462968172,-0.0574711123612,-0.00239462968172,-4.02758156744,-0.2,-6.90850663175,0.643,0.000745872260646,0,0.000745872260646,0,0,7.716,4,0
10,0.02,1,-0.414725840092,0,-1.79999995232,0,0,-0.414400000327,2.50388597634e-08,-0.414725839391,-0.0478363678924,0.000323376211187,0.0482707658298,-3.76503108757,0.189955588343,-1.8,-0.000114864122672,-0.0131747228053,-0.414619838937,-0.0167835042419,2.13670747762e-11,-5.34177393538e-09,-0.41473470306,-0.414400000246,5.63492049257e-08,-0.0299582270472,-0.445599817272,-0.00129996733386,-0.0308651142126,0.0286582597133,1.99007213075,-1.8,-3.56052240695,-0.41440246318,0.000434397937324,0.000323376211187,0.0482707658298,0.000325839063736,0.0478363929313,-0.0145530922774,4,0
10,0.02,2,0.643565356731,0,0.435012876987,0,0,0.643000000409,-3.12984354504e-08,0.643565372521,0.0767831710099,-0.000562293560604,-0.0773261660157,0.807488995555,-0.357470272175,0.435012870496,0.000102551077791,0.0137752399502,0.643461930329,0.0441712392377,-2.67087463257e-11,6.67718928406e-09,0.643564481407,0.643000000308,-7.04361927704e-08,0.0579464791879,0.649592581145,0.000274659565575,0.00602809973839,-0.0576718196223,-1.73099641175,0.435012870496,0.435012870496,0.643003078961,-0.000542995005749,-0.000562293560604,-0.0773261660157,-0.000565372112592,-0.0767832023083,0.0150058528837,4,0
20,0.04,1,-0.416915088892,0,-2.67174363136,0,0,-0.414399997759,3.83562947459e-08,-0.416915094467,-0.163766959909,0.00251933342669,0.163628525401,-3.76508231777,1.07074854419,-2.67174368166,-0.000705092953988,-0.0141289764721,-0.416548761212,-0.131528140244,-6.35007602057e-11,1.58751939653e-08,-0.417253854166,-0.414399997771,-5.3598054414e-08,-0.145657116716,-0.445533381961,-0.00129718598542,-0.0282795277943,0.144359930731,1.27670336455,-2.67174368166,-2.67174368166,-0.41439576104,-0.000138434507498,0.00251933342669,0.163628525401,0.00251509670729,0.163766998265,-0.0225900919199,4,0
20,0.04,2,0.646173238754,0,-0.34987232089,0,0,0.642999997199,-4.79451551097e-08,0.64617325003,0.164992829789,-0.00317854870607,-0.164819787424,0.807504918592,-1.1356765629,-0.349872333408,0.000525512706462,0.0153945366188,0.645880688018,0.129991843406,7.93756171902e-11,-1.98439139138e-08,0.646406200725,0.642999997214,6.69972699349e-08,0.145386380025,0.649537016786,0.000272327870961,0.00313081606133,-0.145114052154,-5.27011901628,-0.349872333408,-0.349872333408,0.642994701323,0.000173042364471,-0.00317854870607,-0.164819787424,-0.00317325283037,-0.164992877734,0.0217006890963,4,0
30,0.06,1,-0.421137034893,0,-2.16115736961,0,0,-0.414399972952,9.98840577442e-06,-0.42113702746,-0.244569265109,0.00675987193284,0.252249081363,-3.76276339311,2.47744080101,-2.16115748391,-0.0077582505258,-0.0102881940675,-0.417694689077,-0.219918778104,3.79151715579e-09,-9.47879284879e-07,-0.425452939603,-0.414399947731,1.54540247282e-05,-0.230206972172,-0.444841923949,-0.00125842621909,-0.0193889843458,0.228948545952,1.99510805779,-2.16115748391,-1.18193539173,-0.414377155527,0.00767981625359,0.00675987193284,0.252249081363,0.00673705450799,0.244579253515,-0.103387200377,4,0
30,0.06,2,0.649553656578,0,-0.641708910465,0,0,0.64299996619,-1.24855124484e-05,0.649553664532,0.165327813076,-0.0065822201564,-0.174927586712,0.806774129055,-1.90509896007,-0.641708904229,0.00550886667639,0.0104580135107,0.647095403812,0.140045989825,-4.73939687495e-09,1.18484921167e-06,0.652604270489,0.642999934664,-1.93175367157e-05,0.150504003336,0.649074501085,0.00024062010815,-0.00352976940424,-0.150263383227,-6.57032038779,-0.641708904229,-1.17488924465,0.642971444376,-0.00959977363577,-0.0065822201564,-0.174927586712,-0.00655369834219,-0.165340298588,0.0765644136274,4,0
40,0.08,1,-0.426761597395,0,-2.16115736961,0,0,-0.41439880784,0.000131973284938,-0.426761597937,-0.31151669531,0.0129305372741,0.36040409135,-3.756392538,9.25906887299,-2.16115748391,-0.093266258619,-0.0106494074495,-0.385867715009,-0.287388414961,1.37005730649e-08,-3.42514326038e-06,-0.479133973628,-0.414398523762,0.00015231472383,-0.29803782241,-0.436248774097,-0.000778441975763,0.0428851995308,0.297259380435,2.8824838949,-2.16115748391,6.63252084587,-0.413831060663,0.04888739604,0.0129305372741,0.36040409135,0.0123627900966,0.311648668595,-1.12984451088,4,0
40,0.08,2,0.652676224709,0,-0.641708910465,0,0,0.6429985098,-0.000164966618242,0.652676247606,0.149949825689,-0.0103874218767,-0.211059074036,0.80467656856,-6.28989326487,-0.641708904229,0.0660313729914,0.0106842284481,0.623710293847,0.125293688996,-1.71257168446e-08,4.28142920167e-06,0.689741666838,0.642998154702,-0.00019039341767,0.135977917444,0.643011951998,-0.000164406526659,-0.04672971484,-0.136142323971,-7.18696548913,-0.641708904229,-6.28827740065,0.642288825729,-0.061109248347,-0.0103874218767,-0.211059074036,-0.0096777378057,-0.150114792307,0.803060704345,4,0
50,0.1,1,-0.43369063735,0,-2.16115736961,0,0,-0.414393912006,0.000361395321284,-0.433690644255,-0.3753541141,0.0211585515655,0.449303147671,-3.7550228297,80.2301394944,-2.16115748391,-1.12769450543,-0.0146749817222,0.0602697999066,-0.358252477338,1.56463250689e-08,-3.91158126947e-06,-1.06742470553,-0.414393166793,0.000384341164443,-0.37292745906,-0.332935447807,0.00375549799623,0.73448925772,0.376682957057,10.570089104,-2.16115748391,90.0221257116,-0.412532092689,0.0739490335709,0.0211585515655,0.449303147671,0.0192967322491,0.375715509421,-13.5470090469,4,0
50,0.1,2,0.655481219292,0,-0.641708910465,0,0,0.642992390007,-0.000451744172879,0.655481213224,0.133675769517,-0.0148160975274,-0.226112064746,0.804030697674,-55.9748031327,-0.641708904229,0.798238506219,0.0142156663793,0.305819370924,0.114721524716,-1.95579069606e-08,4.88947675166e-06,1.10405787714,0.642991458491,-0.000480426477885,0.128937191095,0.569877267289,-0.00349820761944,-0.534180609854,-0.132435398714,-14.0987900001,-0.641708904229,-64.7638501761,0.640665115697,-0.0924362952289,-0.0148160975274,-0.226112064746,-0.0124888232174,-0.13412751369,9.59307774101,4,0
60,0.12,1,-0.441863745451,0,-2.16115736961,0,0,-0.414383438341,0.000743140342969,-0.44186374124,-0.436240924601,0.0310086169475,0.537031568567,-3.74032745742,2592.47796607,-2.16115748391,-24.5346384414,-0.20618346614,2.53,-0.122546535734,3.81673597727e-08,-9.54183993962e-06,-22.0046384414,-0.41438189584,0.000799875677585,-0.328730001874,2.00542814409,0.101568622944,24.0100665854,0.430298624818,0.748820687196,-2.16115748391,2883.35948338,-0.410855124292,0.100790643966,0.0310086169475,0.537031568567,0.027480302899,0.436984064944,-294.621844762,4,0
60,0.12,2,0.657952010632,0,-0.641708910465,0,0,0.642979297925,-0.000928925461417,0.657952036873,0.116631020792,-0.0193831317381,-0.24261932897,0.799091199588,-7084.31478017,-0.641708904229,59.9355683719,0.056421010911,-0.26,0.0234683209104,-4.77092004791e-08,1.1927300112e-05,59.6755683719,0.642977369799,-0.000999844630927,0.0798893318214,-5.3340119002,-0.249970225383,-65.0095802721,-0.329859557205,-11.4966333522,-0.641708904229,-7802.79893044,0.638568905135,-0.125988308178,-0.0193831317381,-0.24261932897,-0.0149727389485,-0.117559946254,719.283241474,4,0
70,0.14,1,-0.451223522425,0,-2.16115736961,0,0,-0.414362188145,0.0014127915177,-0.451223517086,-0.49432443494,0.0427968839486,0.633547862354,-3.73252016037,14660487.8351,-2.16115748391,-122173.661274,-0.247549505911,2.53,-0.11217167671,4.85248902171e-08,-1.21312225526e-05,-122171.131274,-0.414359289605,0.00148566359262,-0.35972118262,12195.7488294,508.174879106,134366.880103,508.534600289,8.43498959854,-2.16115748391,16126568.2854,-0.408426633137,0.139223427414,0.0427968839486,0.633547862354,0.0368613289403,0.495737226458,-1466084.18284,4,0
70,0.14,2,0.660074591637,0,-0.641708910465,0,0,0.64295273518,-0.00176598944303,0.660074582886,0.0989304122443,-0.024541291758,-0.272959699639,0.796014724292,-44136221.5128,-0.641708904229,367802.746861,0.0469955784811,-0.26,0,-6.06561136873e-08,1.51640284253e-05,367802.486861,0.642949112005,-0.0018570795381,0.0469955784811,-36715.8815254,-1529.85695258,-404518.368386,-1529.90394816,-1.66216022964,-0.641708904229,-48549853.7261,0.635533291128,-0.174029287394,-0.024541291758,-0.272959699639,-0.017121847706,-0.100696401687,4413633.00932,4,0
80,0.16,1,-0.461715430021,0,-2.16115736961,0,0,-0.414326766076,0.0021645662603,-0.461715422155,-0.549740835455,0.0562139134407,0.703571671363,-3.72043608636,92950666495.6,-2.16115748391,-774588890.389,-0.286190674916,2.53,-0.151953245286,6.65466020622e-08,-1.66366505133e-05,-774588887.859,-0.414322339094,0.00226340067906,-0.438143920202,77324644.4209,3221860.20363,851913532.28,3221860.64178,11.7517877421,-2.16115748391,102245733177,-0.405501508714,0.153830835908,0.0562139134407,0.703571671363,0.0473886560787,0.551905401715,-9295066684.96,4,0
80,0.16,2,0.661836922169,0,-0.641708910465,0,0,0.642908457592,-0.00270570788664,0.661836909826,0.0806796740347,-0.0299600242891,-0.272968222002,0.791518042098,-279837785744,-0.641708904229,2331981548.77,0.0399265015364,-0.26,0.0348069763656,-8.31832536186e-08,2.0795813411e-05,2331981548.51,0.642902923865,-0.00282925091168,0.074733477902,-232793997.98,-9699749.94533,-2564775546.49,-9699750.02007,5.02282434537,-0.641708904229,-307821564329,0.631876885537,-0.192288547967,-0.0299600242891,-0.272968222002,-0.018928452234,-0.0833853819213,27983778585.3,4,0
90,0.18,1,-0.473287522793,0,-2.16115736961,0,0,-0.414272106578,0.0033759382974,-0.473287517564,-0.602616193089,0.0712229170837,0.79402294768,-3.7007205598,5.89338650089e+14,-2.16115748391,-4.91115541741e+12,-0.323340888273,2.53,-0.135167964261,9.41067424542e-08,-2.35266856184e-05,-4.91115541741e+12,-0.414265214144,0.00351679718186,-0.458508852533,490264388289,20427682845.4,5.4014198057e+12,20427682845.9,8.40265718724,-2.16115748391,6.48272515098e+14,-0.402064600481,0.191406754591,0.0712229170837,0.79402294768,0.0590154109864,0.605992131386,-5.8933865009e+13,4,0
90,0.18,2,0.663229107857,0,-0.641708910465,0,0,0.642840133218,-0.0042199229492,0.66322910219,0.0619766517533,-0.0356483520055,-0.301235097937,0.784198595932,-1.77426617302e+15,-0.641708904229,1.47855514419e+13,0.0378608789907,-0.26,0,-1.1763342922e-07,2.94083573017e-05,1.47855514419e+13,0.642831517675,-0.00439599655643,0.0378608789907,-1.47599265693e+12,-61499694038.9,-1.62615440988e+13,-61499694039,-20.9859476796,-0.641708904229,-1.95169279033e+15,0.627580750185,-0.239258446184,-0.0356483520055,-0.301235097937,-0.0203889689723,-0.0661965747025,1.77426617302e+14,4,0
100,0.2,1,-0.485890269279,0,-2.16115736961,0,0,-0.414190450859,0.00476614833566,-0.485890283563,-0.653067433133,0.0879374544927,0.866507871327,-3.70260737656,3.73660629492e+18,-2.16115748391,-3.1138385791e+16,-0.32515446228,2.53,-0.215531147791,8.79697959477e-08,-2.19924489916e-05,-3.1138385791e+16,-0.414180789949,0.0048964323934,-0.540685610071,3.10844197844e+15,1.29518415768e+14,3.42468277695e+16,1.29518415768e+14,-7.26577979059,-2.16115748391,4.11026692441e+18,-0.39795282907,0.213440438194,0.0879374544927,0.866507871327,0.0716998327035,0.657833581469,-3.73660629492e+17,4,0
100,0.2,2,0.664243102074,0,-0.641708910465,0,0,0.642738063568,-0.00595768551474,0.664243124289,0.0429123305291,-0.041802088425,-0.309712881115,0.783407835771,-1.12494474102e+19,-0.641708904229,9.37453950851e+16,0.0247463585976,-0.26,0.0139255236548,-1.09962246198e-07,2.74905615561e-05,9.37453950851e+16,0.64272598743,-0.00612054058887,0.0386718822524,-9.35829247297e+15,-3.8992885304e+14,-1.03103687558e+17,-3.8992885304e+14,10.2620243134,-0.641708904229,-1.23743921512e+19,0.622441035864,-0.266800550586,-0.041802088425,-0.309712881115,-0.0215050607211,-0.0488700160438,1.12494474102e+18,4,0
110,0.22,1,-0.4994764328,0,-2.16115736961,0,0,-0.414079488982,0.00646855306282,-0.499476447205,-0.70120328828,0.10596400196,0.937749307064,-3.66560112135,2.36913472434e+22,-2.16115748391,-1.97427893695e+20,-0.37540592859,2.53,-0.166835110303,1.40796084458e-07,-3.51990211151e-05,-1.97427893695e+20,-0.414066342436,0.00667887005335,-0.542241038894,1.97085730968e+19,8.211905457e+17,2.17136466792e+20,8.211905457e+17,13.7740240058,-2.16115748391,2.60604819678e+22,-0.393512445245,0.236546018784,0.10596400196,0.937749307064,0.0853969582226,0.707671841343,-2.36913472434e+21,4,0
110,0.22,2,0.664872705936,0,-0.641708910465,0,0,0.642599361219,-0.00808569144232,0.664872692713,0.0235716900765,-0.0479821366863,-0.319254216282,0.770198170462,-7.132529998e+22,-0.641708904229,5.94377499833e+20,0.0179119238475,-0.26,0.0303322874008,-1.7599510671e-07,4.39987766857e-05,5.94377499833e+20,0.642582928037,-0.00834858768225,0.0482442112483,-5.93347382849e+19,-2.47228076187e+18,-6.53712238118e+20,-2.47228076187e+18,-1.88733122471,-0.641708904229,-7.8457829978e+22,0.616890556026,-0.295682526205,-0.0479821366863,-0.319254216282,-0.0222733314933,-0.0316573815188,7.132529998e+21,4,0
120,0.24,1,-0.514000833035,0,-2.16115736961,0,0,-0.413928100785,0.00869964298835,-0.514000828517,-0.747125201788,0.125563593435,1.01549690032,-3.65547762061,1.50211151486e+26,-2.16115748391,-1.25175959572e+24,-0.380902313306,2.53,-0.17366768338,1.48502256714e-07,-3.71255641825e-05,-1.25175959572e+24,-0.413910477699,0.00892291974876,-0.554569996686,1.24959016834e+23,5.20662570142e+21,1.37671861255e+24,5.20662570142e+21,-5.06993420851,-2.16115748391,1.65232266635e+26,-0.388437235083,0.268371698532,0.125563593435,1.01549690032,0.100072727732,0.755824844776,-1.50211151486e+25,4,0
120,0.24,2,0.665113151073,0,-0.641708910465,0,0,0.64241012597,-0.0108745538671,0.665113164239,0.00403441193351,-0.054566620968,-0.339499037627,0.764819550209,-4.5222651671e+26,-0.641708904229,3.76855430592e+24,0.00322169834436,-0.26,0.0303705707216,-1.85627822225e-07,4.64069555479e-05,3.76855430592e+24,0.642388097113,-0.0111536498195,0.0335922690659,-3.76202301596e+23,-1.56750958998e+22,-4.14475660751e+24,-1.56750958998e+22,11.2117247735,-0.641708904229,-4.97449168381e+26,0.610546543271,-0.335464625694,-0.054566620968,-0.339499037627,-0.0227030382687,-0.0149089658006,4.5222651671e+25,4,0
130,0.26,1,-0.52942019701,0,-2.16115736961,0,0,-0.413732430538,0.0109236037007,-0.529420204145,-0.790928176368,0.146462748162,1.07098024767,-3.63313284689,9.52389486291e+29,-2.16115748391,-7.93657905243e+27,-0.415769977499,2.53,-0.202116295093,1.77442845473e-07,-4.43607113694e-05,-7.93657905243e+27,-0.413710320472,0.0111881151322,-0.617886272592,7.92282414939e+26,3.30117672891e+25,8.72886146736e+27,3.30117672891e+25,3.53516911659,-2.16115748391,1.04762843492e+30,-0.382957455982,0.280052071301,0.146462748162,1.07098024767,0.115687773607,0.801851780068,-9.52389486291e+28,4,0
130,0.26,2,0.664961457253,0,-0.641708910465,0,0,0.642165538159,-0.0136545047778,0.664961436435,-0.0156245427971,-0.061264617089,-0.334440548775,0.755606227126,-2.86726901216e+30,-0.641708904229,2.38939084347e+28,-0.000950741685886,-0.26,0.0130317353128,-2.21803558076e-07,5.54508895166e-05,2.38939084347e+28,0.642137900576,-0.0139851440691,0.012080993627,-2.38524978481e+27,-9.93854077006e+25,-2.62791582195e+28,-9.93854077006e+25,-5.77569571533,-0.641708904229,-3.15399591338e+30,0.603696819346,-0.350065091572,-0.061264617089,-0.334440548775,-0.0227958982759,0.00197003801932,2.86726901216e+29,4,0
140,0.28,1,-0.545693159103,0,-2.16115736961,0,0,-0.413485266748,0.0138929305967,-0.545693187318,-0.832701563628,0.168618179147,1.14182968811,-3.60312283996,6.03847134267e+33,-2.16115748391,-5.03205945223e+31,-0.442643088576,2.53,-0.206703304671,2.13160718743e-07,-5.32901796829e-05,-5.03205945223e+31,-0.413457161387,0.0142125512021,-0.649346393247,5.02333837865e+30,2.09305765777e+29,5.53439329009e+31,2.09305765777e+29,7.48393243857,-2.16115748391,6.64231847694e+33,-0.377075008172,0.309128124478,0.168618179147,1.14182968811,0.13220792057,0.846594494225,-6.03847134267e+32,4,0
140,0.28,2,0.664415836334,0,-0.641708910465,0,0,0.641856583419,-0.0173661634149,0.664415858535,-0.0353344692904,-0.0680720989987,-0.351075688518,0.743262680627,-1.81794549508e+34,-0.641708904229,1.51495457924e+32,-0.00739029263422,-0.26,0,-2.66450899455e-07,6.66127248641e-05,1.51495457924e+32,0.641821451717,-0.0177656891732,-0.00739029263422,-1.51232900804e+31,-6.30137086684e+29,-1.66618748004e+32,-6.30137086684e+29,-15.3455583115,-0.641708904229,-1.99974004459e+34,0.596343759536,-0.386410157808,-0.0680720989987,-0.351075688518,-0.0225592751162,0.0179683058754,1.81794549508e+33,4,0
150,0.3,1,-0.56278014183,0,-2.16115736961,0,0,-0.413175927921,0.0169768537193,-0.562780122937,-0.872529791128,0.192096982911,1.19780903841,-3.60838620851,3.82859498988e+37,-2.16115748391,-3.1904958249e+35,-0.445544085531,2.53,-0.2474073074,1.94223461203e-07,-4.8555865299e-05,-3.1904958249e+35,-0.413141688091,0.0172655823671,-0.692951392931,3.1849663694e+34,1.32706932058e+33,3.50899246184e+35,1.32706932058e+33,7.3721947622,-2.16115748391,4.21145448887e+37,-0.370683140026,0.325279247283,0.192096982911,1.19780903841,0.149604195017,0.889506644847,-3.82859498988e+36,4,0
150,0.3,2,0.663476169109,0,-0.641708910465,0,0,0.641469909881,-0.0212210673364,0.66347615049,-0.055028554428,-0.0751222261783,-0.35157050673,0.741730000184,-1.15263890799e+38,-0.641708904229,9.60532423325e+35,0.00817764807251,-0.26,0,-2.42779327975e-07,6.06948319921e-05,9.60532423325e+35,0.641427110093,-0.0215819781483,0.00817764807251,-9.58867722418e+34,-3.99528217674e+33,-1.05641919557e+36,-3.99528217674e+33,-2.43053822616,-0.641708904229,-1.26790279879e+38,0.588353924312,-0.406599061158,-0.0751222261783,-0.35157050673,-0.0220062406092,0.0338074870917,1.15263890799e+37,4,0
160,0.32,1,-0.580642998219,0,-2.16115736961,0,0,-0.412803745695,0.0204272592682,-0.580642996482,-0.910493025548,0.216588375135,1.25214834553,-3.55460225963,2.42745866706e+41,-2.16115748391,-2.02288222255e+39,-0.465477668606,2.53,-0.26355569521,2.63778923926e-07,-6.59447309875e-05,-2.02288222255e+39,-0.412762497271,0.0208220464436,-0.729033363816,2.01937636081e+38,8.41406817003e+36,2.22481985863e+39,8.41406817003e+36,10.8407393248,-2.16115748391,2.67020453376e+41,-0.364054621347,0.341655319982,0.216588375135,1.25214834553,0.167839250787,0.930920284816,-2.42745866706e+40,4,0
160,0.32,2,0.662143349648,0,-0.641708910465,0,0,0.641004682095,-0.0255340742898,0.662143328325,-0.0746435993274,-0.0820750524018,-0.352425552528,0.721427600708,-7.30812037988e+41,-0.641708904229,6.09010031657e+39,0.00941138939607,-0.26,0,-3.29723655823e-07,8.24309139495e-05,6.09010031657e+39,0.640953121564,-0.0260275582603,0.00941138939607,-6.07954554999e+38,-2.53314397916e+37,-6.69805487157e+39,-2.53314397916e+37,8.21861987386,-0.641708904229,-8.03893241787e+41,0.580068275923,-0.427069151855,-0.0820750524018,-0.352425552528,-0.0211386462301,0.0491095250377,7.30812037988e+40,4,0
170,0.34,1,-0.599245369434,0,-2.16115736961,0,0,-0.412354953021,0.0244599678659,-0.599245355488,-0.946667771474,0.242255136859,1.30941844391,-3.54348692483,1.53909086645e+45,-2.16115748391,-1.28257572204e+43,-0.491835317962,2.53,-0.255833110331,2.62604897272e-07,-6.56512243178e-05,-1.28257572204e+43,-0.412305637526,0.0248547009323,-0.747668428293,1.28035288717e+42,5.33480369653e+40,1.41061101076e+43,5.33480369653e+40,9.29845227343,-2.16115748391,1.69299995309e+45,-0.356990218629,0.362750672441,0.242255136859,1.30941844391,0.186890402467,0.97112773934,-1.53909086645e+44,4,0
170,0.34,2,0.660419642925,0,-0.641708910465,0,0,0.640443691247,-0.0305749600493,0.6604196342,-0.0941198176542,-0.0891818617084,-0.359318524501,0.713784794874,-4.63359540586e+45,-0.641708904229,3.86132950489e+43,-0.0382258858706,-0.26,0,-3.28256122617e-07,8.20640306539e-05,3.86132950489e+43,0.640382046879,-0.0310683763838,-0.0382258858706,-3.85463742602e+42,-1.60609892751e+41,-4.24679324749e+43,-1.60609892751e+41,-16.7041384232,-0.641708904229,-5.09695494645e+45,0.571237772491,-0.453438342155,-0.0891818617084,-0.359318524501,-0.0199759429521,0.0635448576049,4.63359540586e+44,4,0
180,0.36,1,-0.618552267551,0,-2.16115736961,0,0,-0.411827201008,0.0283767907256,-0.618552242285,-0.981127405946,0.268886516448,1.35111814725,-3.51352150414,9.75835645459e+48,-2.16115748391,-8.13196371215e+46,-0.513796965094,2.53,-0.259042921071,2.93038087906e-07,-7.32595219749e-05,-8.13196371215e+46,-0.411770011221,0.0288146721296,-0.772839886165,8.11787018752e+45,3.38244591147e+44,8.94375073091e+46,3.38244591147e+44,-14.4935902761,-2.16115748391,1.07341921e+49,-0.349665725837,0.369990741303,0.268886516448,1.35111814725,0.206725041278,1.00950419667,-9.75835645459e+47,4,0
180,0.36,2,0.658308446407,0,-0.641708910465,0,0,0.639784001227,-0.0354709886408,0.658308469762,-0.113400699299,-0.0962263132922,-0.349087728823,0.700316336801,-2.93785614757e+49,-0.641708904229,2.44821345631e+47,-0.0150432885421,-0.26,0,-3.66297610577e-07,9.15744026566e-05,2.44821345631e+47,0.639712513992,-0.036018340397,-0.0150432885421,-2.44397045206e+46,-1.01832102169e+45,-2.69261050152e+47,-1.01832102169e+45,-16.1649479872,-0.641708904229,-3.23164176233e+49,0.56208215647,-0.462488428122,-0.0962263132922,-0.349087728823,-0.0185244685356,0.0779297106581,2.93785614757e+48,4,0
190,0.38,1,-0.638530135155,0,-2.16115736961,0,0,-0.411213823336,0.033041793169,-0.638530136729,-1.01394264944,0.296430288946,1.40074258681,-3.48096101212,6.18712791886e+52,-2.16115748391,-5.15593993238e+50,-0.518205677584,2.53,-0.271971970071,3.20843595969e-07,-8.02108989889e-05,-5.15593993238e+50,-0.411147258212,0.0335231949248,-0.790177647654,5.14700416127e+49,2.1445850672e+48,5.67064034851e+50,2.1445850672e+48,-0.137963339299,-2.16115748391,6.80584071075e+52,-0.342099847783,0.386799937371,0.296430288946,1.40074258681,0.227316313392,1.04698444261,-6.18712791886e+51,4,0
190,0.38,2,0.655814349651,0,-0.641708910465,0,0,0.639017279133,-0.0413022417025,0.655814331607,-0.132432929681,-0.103189522732,-0.351066993224,0.685262020117,-1.86270012546e+53,-0.641708904229,1.55225010455e+51,-0.0136164881902,-0.26,0,-4.0105449528e-07,0.000100263623833,1.55225010455e+51,0.638934072727,-0.0419039938977,-0.0136164881902,-1.5495598964e+50,-6.45649956832e+48,-1.70720609419e+51,-6.45649956832e+48,10.475106303,-0.641708904229,-2.04897013801e+53,0.552624808876,-0.483499922905,-0.103189522732,-0.351066993224,-0.0167970524744,0.091130687978,1.86270012546e+52,4,0
200,0.4,1,-0.659146904945,0,-2.16115736961,0,0,-0.410505594819,0.0377150796336,-0.659146907658,-1.04518197433,0.324890916709,1.44015799081,-3.47838164803,3.92284828521e+56,-2.16115748391,-3.26904023768e+54,-0.54017950268,2.53,-0.280209247791,3.02000046193e-07,-7.55000115437e-05,-3.26904023768e+54,-0.410429716356,0.03816573188,-0.820388750471,3.26337465667e+53,1.35973944028e+52,3.59537770334e+54,1.35973944028e+52,2.30421040236,-2.16115748391,4.31513311373e+56,-0.334255990949,0.394976016484,0.324890916709,1.44015799081,0.248641312838,1.08289705396,-3.92284828521e+55,4,0
200,0.4,2,0.65294277668,0,-0.641708910465,0,0,0.638131993482,-0.0471438497926,0.652942747817,-0.151166355461,-0.110122760006,-0.342553666141,0.679442893508,-1.18101485679e+57,-0.641708904229,9.84179047324e+54,-0.00554910625463,-0.26,0,-3.77500058768e-07,9.43750146978e-05,9.84179047324e+54,0.638037145402,-0.0477071651022,-0.00554910625463,-9.824733644e+53,-4.09363901833e+52,-1.08242638376e+55,-4.09363901833e+52,15.1819360618,-0.641708904229,-1.29911634247e+57,0.542819987811,-0.493720021603,-0.110122760006,-0.342553666141,-0.0148107543352,0.104022505669,1.18101485679e+56,4,0
210,0.42,1,-0.680371761322,0,-2.16115736961,0,0,-0.409703111778,0.0426730671928,-0.680371771853,-1.07491195236,0.354073666775,1.47741290704,-3.42785166287,2.48721844297e+60,-2.16115748391,-2.0726820358e+58,-0.553159626371,2.53,-0.261629244514,3.53153651489e-07,-8.82884128775e-05,-2.0726820358e+58,-0.409617236702,0.0432024034222,-0.814788870885,2.0690898659e+57,8.62120777458e+55,2.27959102239e+58,8.62120777458e+55,-15.8833513726,-2.16115748391,2.73594028726e+60,-0.326298105078,0.402500954674,0.354073666775,1.47741290704,0.270668660075,1.11758501956,-2.48721844297e+59,4,0
210,0.42,2,0.6497002244,0,-0.641708910465,0,0,0.637128889675,-0.053341334248,0.649700214764,-0.169553987871,-0.11682758431,-0.333572206258,0.658355111106,-7.48803348908e+60,-0.641708904229,6.24002790756e+58,-0.0583844307345,-0.26,0,-4.41442064125e-07,0.000110360516045,6.24002790756e+58,0.637021545829,-0.0540030045345,-0.0583844307345,-6.22921330114e+57,-2.59550554214e+56,-6.86294923768e+58,-2.59550554214e+56,4.32693236261,-0.641708904229,-8.23683683798e+60,0.532872630455,-0.503126194129,-0.11682758431,-0.333572206258,-0.0125713250893,0.116212653623,7.48803348908e+59,4,0
220,0.44,1,-0.70217525959,0,-2.16115736961,0,0,-0.408796564661,0.0479693413919,-0.702175259288,-1.10319754295,0.384015510212,1.51333048282,-3.41188139452,1.57698058483e+64,-2.16115748391,-1.31415048736e+62,-0.564188789988,2.53,-0.294442042035,3.47103490672e-07,-8.67758726656e-05,-1.31415048736e+62,-0.408700104521,0.0484903977518,-0.858630832023,1.31187293019e+61,5.46613720913e+59,1.44533778038e+62,5.46613720913e+59,-13.0818052307,-2.16115748391,1.73467864332e+64,-0.318159749075,0.410132939872,0.384015510212,1.51333048282,0.293378694626,1.15116688434,-1.57698058483e+63,4,0
220,0.44,2,0.646094143391,0,-0.641708910465,0,0,0.635995705774,-0.0599616769939,0.646094133513,-0.18755203519,-0.123394448074,-0.32511414012,0.647608883789,-4.74766639989e+64,-0.641708904229,3.95638866658e+62,-0.0358317077514,-0.26,0,-4.33879363437e-07,0.000108469840868,3.95638866658e+62,0.635875130598,-0.060612997444,-0.0358317077514,-3.94953184047e+61,-1.64563826686e+60,-4.35134185062e+62,-1.64563826686e+60,-12.7617746887,-0.641708904229,-5.22243303988e+64,0.522699685439,-0.512666175311,-0.123394448074,-0.32511414012,-0.0100984277388,0.127590358196,4.74766639989e+63,4,0
230,0.46,1,-0.724529206753,0,-2.16115736961,0,0,-0.407785219297,0.0532114417798,-0.724529183515,-1.13010232466,0.414589705293,1.54209703152,-3.38005092049,9.99859007953e+67,-2.16115748391,-8.33215839961e+65,-0.580197943568,2.53,-0.290380780809,3.65191318519e-07,-9.12978296333e-05,-8.33215839961e+65,-0.407678249733,0.053758675701,-0.870578724377,8.31771791711e+64,3.4657157988e+63,9.16393019132e+65,3.4657157988e+63,-15.7279967767,-2.16115748391,1.09984490875e+68,-0.309939478222,0.411994706866,0.414589705293,1.54209703152,0.316743964218,1.18331376644,-9.99859007953e+66,4,0
230,0.46,2,0.642132759094,0,-0.641708910465,0,0,0.634731524063,-0.0665143024839,0.642132745325,-0.205119956278,-0.129708398461,-0.309873427651,0.631886211713,-3.01018101449e+68,-0.641708904229,2.50848417874e+66,-0.0242391107151,-0.26,0,-4.56489147815e-07,0.000114122286964,2.50848417874e+66,0.634597812107,-0.067198344885,-0.0242391107151,-2.50413671916e+65,-1.04339029965e+64,-2.75889785066e+66,-1.04339029965e+64,-18.5290202203,-0.641708904229,-3.31119911594e+68,0.512424346863,-0.514993383929,-0.129708398461,-0.309873427651,-0.00740122126105,0.138605653794,3.01018101449e+67,4,0
240,0.48,1,-0.747406601906,0,-2.16115736961,0,0,-0.406665846134,0.0587300854524,-0.74740661609,-1.1556886727,0.445736237507,1.57004797796,-3.3562560506,6.33944415929e+71,-2.16115748391,-5.28287013274e+69,-0.601062388292,2.53,-0.309339681697,3.66014237474e-07,-9.15035593695e-05,-5.28287013274e+69,-0.406547836568,0.0592792936142,-0.910402069989,5.27371437861e+68,2.19738099109e+67,5.8102415706e+69,2.19738099109e+67,3.62784441972,-2.16115748391,6.97338857522e+71,-0.301670378583,0.414359305263,0.445736237507,1.57004797796,0.340740769956,1.21441875815,-6.33944415929e+70,4,0
240,0.48,2,0.637825071812,0,-0.641708910465,0,0,0.633332307604,-0.0734126070632,0.637825065936,-0.222220527373,-0.135737093624,-0.295728604221,0.618307768955,-1.90855653636e+72,-0.641708904229,1.5904637803e+70,-0.0623373720683,-0.26,0,-4.57517795871e-07,0.000114379448973,1.5904637803e+70,0.633184795646,-0.074099117264,-0.0623373720683,-1.58770734394e+69,-6.61544726643e+67,-1.7492345147e+70,-6.61544726643e+67,8.63364193753,-0.641708904229,-2.09941219e+72,0.502087972311,-0.517949131594,-0.135737093624,-0.295728604221,-0.00449275833129,0.14880792031,1.90855653636e+71,4,0
250,0.5,1,-0.770781874657,0,-2.16115736961,0,0,-0.405436352272,0.06424338835,-0.770781863977,-1.18001788584,0.477391108301,1.59351896235,-3.32414259217,4.0194219314e+75,-2.16115748391,-3.34951827617e+73,-0.605308009837,2.53,-0.329560988376,3.78115350586e-07,-9.45288376508e-05,-3.34951827617e+73,-0.405307298366,0.0648105397069,-0.934868998213,3.3437132185e+72,1.39321384104e+71,3.68388959802e+73,1.39321384104e+71,-8.5833048923,-2.16115748391,4.42136412454e+75,-0.293390755676,0.413501076511,0.477391108301,1.59351896235,0.365345511705,1.24426127419,-4.0194219314e+74,4,0
250,0.5,2,0.6331807971,0,-0.641708910465,0,0,0.631795440273,-0.0803042356778,0.633180818422,-0.238819914792,-0.141442374741,-0.27805643066,0.602048493908,-1.21008937169e+76,-0.641708904229,1.00840780974e+74,-0.0846880316127,-0.26,0,-4.72644188454e-07,0.000118161047103,1.00840780974e+74,0.631634122889,-0.0810131748743,-0.0846880316127,-1.0066601359e+73,-4.1944172329e+71,-1.10907382333e+74,-4.1944172329e+71,6.11434301213,-0.641708904229,-1.33109830886e+76,0.49173844368,-0.516876345452,-0.141442374741,-0.27805643066,-0.00138537814899,0.158515679114,1.21008937169e+75,4,0
260,0.52,1,-0.794630467892,0,-2.16115736961,0,0,-0.404095222321,0.069824629375,-0.794630448977,-1.2031502666,0.509495950545,1.61435024216,-3.30897981884,2.54844939977e+79,-2.16115748391,-2.12370783314e+77,-0.616505032964,2.53,-0.31259428144,3.59692887864e-07,-8.99232219649e-05,-2.12370783314e+77,-0.403955032333,0.0703647640256,-0.929099314404,2.12002723031e+76,8.83344679297e+74,2.33571055617e+77,8.83344679297e+74,-7.70432877247,-2.16115748391,2.80329433975e+79,-0.285134498432,0.411199975559,0.509495950545,1.61435024216,0.390535226656,1.27297489597,-2.54844939977e+78,4,0
260,0.52,2,0.628210365772,0,-0.641708910465,0,0,0.630119027829,-0.0872807869471,0.628210364608,-0.254887746623,-0.146792242477,-0.25911222242,0.590899582563,-7.67237574354e+79,-0.641708904229,6.39364645295e+77,-0.0798110197531,-0.26,0,-4.49616108122e-07,0.000112404027033,6.39364645295e+77,0.629943790343,-0.0879559552579,-0.0798110197531,-6.38256560988e+76,-2.65940233745e+75,-7.03190301394e+77,-2.65940233745e+75,16.2824069531,-0.641708904229,-8.4396133179e+79,0.481418122131,-0.513999969043,-0.146792242477,-0.25911222242,0.00190866322133,0.167606959676,7.67237574354e+78,4,0
270,0.54,1,-0.818929076195,0,-2.16115736961,0,0,-0.402645349153,0.0751564300075,-0.818929088282,-1.22514515912,0.54195252224,1.62952497935,-3.27938690641,1.61580308165e+83,-2.16115748391,-1.34650256804e+81,-0.636442345569,2.53,-0.312002277896,3.63893263355e-07,-9.09733158394e-05,-1.34650256804e+81,-0.40249449292,0.0757010366558,-0.948444623465,1.3441689414e+80,5.60070392252e+78,1.48091946218e+81,5.60070392252e+78,13.4970875292,-2.16115748391,1.77738338981e+83,-0.276976566041,0.404379820227,0.54195252224,1.62952497935,0.416283739129,1.30030158913,-1.61580308165e+82,4,0
270,0.54,2,0.622924625874,0,-0.641708910465,0,0,0.628306686364,-0.0939455377127,0.622924635116,-0.270397177067,-0.151703928462,-0.235077597494,0.575398894911,-4.86454562177e+83,-0.641708904229,4.05378801815e+81,-0.0717647670069,-0.26,0,-4.54866577959e-07,0.000113716644503,4.05378801815e+81,0.628118116072,-0.0946262960212,-0.0717647670069,-4.046762389e+80,-1.68615099542e+79,-4.45846425705e+81,-1.68615099542e+79,-2.41173040158,-0.641708904229,-5.35100018395e+83,0.471220706654,-0.505474774561,-0.151703928462,-0.235077597494,0.0053820512484,0.176451639354,4.86454562177e+82,4,0
280,0.56,1,-0.843655645847,0,-2.16115736961,0,0,-0.401085484709,0.080839353852,-0.843655675376,-1.24606094984,0.574730168752,1.64668303118,-3.25388833094,1.02447378351e+87,-2.16115748391,-8.53728152923e+84,-0.665781872164,2.53,-0.295491100598,3.5425354078e-07,-8.85633852007e-05,-8.53728152923e+84,-0.400923270676,0.081372706999,-0.961272972762,8.52248554737e+83,3.55103564474e+82,9.38953008396e+84,3.55103564474e+82,7.03015373681,-2.16115748391,1.12692116186e+87,-0.268925506624,0.400622081343,0.574730168752,1.64668303118,0.442570190667,1.32690030369,-1.02447378351e+86,4,0
280,0.56,2,0.6173350811,0,-0.641708910465,0,0,0.626356855806,-0.101049192506,0.61733505826,-0.285324937709,-0.156178175863,-0.215452663125,0.560744474849,-3.08428639281e+87,-0.641708904229,2.57023866067e+85,-0.0550804343209,-0.26,0,-4.4281692424e-07,0.000110704231053,2.57023866067e+85,0.626154088263,-0.101715883937,-0.0550804343209,-2.56578417426e+84,-1.06907673928e+83,-2.8268170781e+85,-1.06907673928e+83,0.819654623636,-0.641708904229,-3.39271503209e+87,0.461156882397,-0.500777600834,-0.156178175863,-0.215452663125,0.00902179754575,0.184275745203,3.08428639281e+86,4,0
290,0.58,1,-0.868789255619,0,-2.16115736961,0,0,-0.399418190367,0.0857626187785,-0.868789260586,-1.26595503617,0.607764759601,1.65419076915,-3.25129729223,6.49551015847e+90,-2.16115748391,-5.41292513206e+88,-0.660114146033,2.53,-0.275081332149,3.1101142095e-07,-7.77528552323e-05,-5.41292513206e+88,-0.399246199079,0.086228902424,-0.935195478182,5.40354397932e+87,2.25147665805e+86,5.95327952999e+88,2.25147665805e+86,8.49725756165,-2.16115748391,7.14506117432e+90,-0.261024500984,0.388235732982,0.607764759601,1.65419076915,0.469371070219,1.35171765495,-6.49551015847e+89,4,0
290,0.58,2,0.611453473568,0,-0.641708910465,0,0,0.624272737874,-0.107203273629,0.611453488106,-0.299651370781,-0.160172862738,-0.185643294286,0.553834354835,-1.9555418517e+91,-0.641708904229,1.62961820975e+89,-0.081978586298,-0.26,0,-3.88764273662e-07,9.71910684128e-05,1.62961820975e+89,0.624057748765,-0.107786128182,-0.081978586298,-1.62679391476e+88,-6.77830797815e+86,-1.79229760122e+89,-6.77830797815e+86,10.7078629553,-0.641708904229,-2.15109603687e+91,0.451280625368,-0.485294665067,-0.160172862738,-0.185643294286,0.0128192497685,0.192448097152,1.9555418517e+90,4,0
300,0.6,1,-0.894310057163,0,-2.16115736961,0,0,-0.397654106259,0.0908850829864,-0.894310030708,-1.28488376898,0.64092823976,1.66333815445,-3.16278790431,4.11837305142e+94,-2.16115748391,-3.43197754285e+92,-0.684694326752,2.53,-0.281600882623,3.96037743433e-07,-9.90094358638e-05,-3.43197754285e+92,-0.397471732481,0.0914839173277,-0.966295209375,3.42602957484e+91,1.42751232285e+90,3.77458050034e+92,1.42751232285e+90,-15.2199468038,-2.16115748391,4.53021035656e+94,-0.253381790948,0.378454385478,0.64092823976,1.66333815445,0.496655924449,1.37576885196,-4.11837305142e+93,4,0
300,0.6,2,0.605292141438,0,-0.641708910465,0,0,0.622067632736,-0.113606353861,0.605292132102,-0.313360440286,-0.163564894255,-0.159707540213,0.519921615993,-1.23987965017e+95,-0.641708904229,1.03323304181e+93,-0.0693358110206,-0.26,0,-4.95047178362e-07,0.000123761794585,1.03323304181e+93,0.621839665513,-0.114354896786,-0.0693358110206,-1.03144234329e+92,-4.29767643039e+90,-1.13637727614e+93,-4.29767643039e+90,-14.1002515353,-0.641708904229,-1.36386761518e+95,0.441727237847,-0.473067980499,-0.163564894255,-0.159707540213,0.0167755006339,0.199754086426,1.23987965017e+94,4,0
310,0.62,1,-0.920199275017,0,-2.16115736961,0,0,-0.395783867875,0.0957586203077,-0.920199287252,-1.30290237479,0.674302473153,1.66952774276,-3.21983200822,2.61118775537e+98,-2.16115748391,-2.17598979614e+96,-0.686526894383,2.53,-0.299254397266,2.53371389758e-07,-6.33428474445e-05,-2.17598979614e+96,-0.395591966668,0.0961406319779,-0.985781291649,2.17221858332e+95,9.05091076384e+93,2.39321165447e+96,9.05091076384e+93,14.0299749952,-2.16115748391,2.87230653091e+98,-0.245896814099,0.366625367963,0.674302473153,1.66952774276,0.524415419377,1.3986609951,-2.61118775537e+97,4,0
310,0.62,2,0.598863482475,0,-0.641708910465,0,0,0.619729834755,-0.119698275479,0.598863478764,-0.326439717771,-0.166492461949,-0.131841990636,0.531430376575,-7.86125618108e+98,-0.641708904229,6.55104681757e+96,-0.0680357370173,-0.26,0,-3.16714233839e-07,7.91785584661e-05,6.55104681757e+96,0.619489958246,-0.120175790062,-0.0680357370173,-6.53969318357e+95,-2.72487215982e+94,-7.20501613592e+96,-2.72487215982e+94,7.27740337632,-0.641708904229,-8.64738179919e+98,0.432371016815,-0.458281708407,-0.166492461949,-0.131841990636,0.020866355991,0.206741442292,7.86125618108e+97,4,0
320,0.64,1,-0.946439445019,0,-2.16115736961,0,0,-0.393831775293,0.0994967436682,-0.946439422966,-1.32006486366,0.707663204502,1.6663015312,-3.1653452653,1.65558132026e+102,-2.16115748391,-1.37965110021e+100,-0.696107522544,2.53,-0.26746693606,2.9070958335e-07,-7.26773958433e-05,-1.37965110021e+100,-0.393632354229,0.0999285642698,-0.963574458604,1.37726002378e+99,5.73858343244e+97,1.51737710259e+100,5.73858343244e+97,14.6633532367,-2.16115748391,1.82113945228e+102,-0.238776218465,0.346236667536,0.707663204502,1.6663015312,0.552607647673,1.41956160733,-1.65558132026e+101,4,0
320,0.64,2,0.592180252075,0,-0.641708910465,0,0,0.617289719026,-0.124370929632,0.59218022594,-0.338880340488,-0.168709953634,-0.0939154921089,0.509234746321,-4.98430220516e+102,-0.641708904229,4.15358517096e+100,-0.0748868441274,-0.26,0,-3.63386976732e-07,9.08467441741e-05,4.15358517096e+100,0.617040442696,-0.12491070538,-0.0748868441274,-4.14638658314e+99,-1.72766107631e+98,-4.56822382928e+100,-1.72766107631e+98,-11.4862725648,-0.641708904229,-5.48273242567e+102,0.423470272306,-0.432795832597,-0.168709953634,-0.0939154921089,0.025109493086,0.214509410856,4.98430220516e+101,4,0
330,0.66,1,-0.973013877869,0,-2.16115736961,0,0,-0.391792158661,0.104419702715,-0.97301389641,-1.33642392848,0.74107645887,1.67377019074,-3.15522830457,1.04969453167e+106,-2.16115748391,-8.74745443062e+103,-0.685378478347,2.53,-0.327775923509,2.40366731352e-07,-6.00916828401e-05,-8.74745443062e+103,-0.391582947165,0.104786022825,-1.01315440186,8.73229419764e+102,3.63845591568e+101,9.62068385038e+103,3.63845591568e+101,-14.1573209319,-2.16115748391,1.15466398484e+106,-0.23193743754,0.337346262261,0.74107645887,1.67377019074,0.581221737749,1.44084363119,-1.04969453167e+105,4,0
330,0.66,2,0.585255205631,0,-0.641708910465,0,0,0.614740198235,-0.130524628409,0.585255210234,-0.350676940672,-0.170333414046,-0.0710058852274,0.499652460203,-3.1602161156e+106,-0.641708904229,2.63351342967e+104,-0.093347699325,-0.26,0,-3.0045841104e-07,7.51146027596e-05,2.63351342967e+104,0.614478683865,-0.130982528541,-0.093347699325,-2.62894928161e+103,-1.095395534e+102,-2.89640835783e+104,-1.095395534e+102,-19.1975763316,-0.641708904229,-3.47623772716e+106,0.414921796188,-0.4216828259,-0.170333414046,-0.0710058852274,0.0294849880007,0.220152312264,3.1602161156e+105,4,0
340,0.68,1,-0.999907195568,0,-2.16115736961,0,0,-0.389674531533,0.107047681462,-0.999907204478,-1.35203084137,0.774479051963,1.66384454042,-3.18414187324,6.6554182289e+109,-2.16115748391,-5.54618185742e+107,-0.709076185189,2.53,-0.29983455013,1.43226460969e-07,-3.5806615244e-05,-5.54618185742e+107,-0.389460223867,0.107261253294,-1.00891073532,5.53656975715e+106,2.30690406548e+105,6.09983883313e+107,2.30690406548e+105,9.94364779011,-2.16115748391,7.32096005179e+109,-0.225428152515,0.311813699049,0.774479051963,1.66384454042,0.610232672944,1.45907852283,-6.6554182289e+108,4,0
340,0.68,2,0.578101336956,0,-0.641708910465,0,0,0.612093164326,-0.133809601786,0.57810133816,-0.36182754563,-0.171316148212,-0.0279395759951,0.504298134611,-2.0036838631e+110,-0.641708904229,1.66973655259e+108,-0.106638886846,-0.26,0,-1.79033072256e-07,4.47582680578e-05,1.66973655259e+108,0.611825279742,-0.13407656657,-0.106638886846,-1.6668427284e+107,-6.94517803502e+105,-1.83642082543e+108,-6.94517803502e+105,-20.6481148377,-0.641708904229,-2.20405224941e+110,0.406785189948,-0.389767121625,-0.171316148212,-0.0279395759951,0.0339918261659,0.228017943844,2.0036838631e+109,4,0
350,0.7,1,-1.02710485458,0,-2.16115736961,0,0,-0.387506171014,0.110364335156,-1.02710485286,-1.36693535225,0.807692334774,1.66131182216,-3.01573981758,4.21976017451e+113,-2.16115748391,-3.51646681209e+111,-0.725082602824,2.53,-0.310462153443,3.41781517088e-07,-8.54453792657e-05,-3.51646681209e+111,-0.387284906203,0.110888741481,-1.03554475627,3.51037241554e+110,1.46265517314e+109,3.86750405365e+111,1.46265517314e+109,-11.700752116,-2.16115748391,4.64173619196e+113,-0.219412518089,0.294376469913,0.807692334774,1.66131182216,0.63959868185,1.47729968741,-4.21976017451e+112,4,0
350,0.7,2,0.570731520653,0,-0.641708910465,0,0,0.609382713677,-0.137955418856,0.57073151961,-0.372333449266,-0.171465872649,0.00436286420995,0.446866607997,-1.27040331307e+114,-0.641708904229,1.05866942755e+112,-0.0926483691551,-0.26,0,-4.27226894195e-07,0.000106806723545,1.05866942755e+112,0.609106132664,-0.138610926758,-0.0926483691551,-1.05683464518e+111,-4.40347768827e+109,-1.16435289207e+112,-4.40347768827e+109,-9.31664562472,-0.641708904229,-1.39744364437e+114,0.399265646961,-0.367970585056,-0.171465872649,0.00436286420995,0.0386511940672,0.234378030411,1.27040331307e+113,4,0
360,0.72,1,-1.05459332466,0,-2.16115736961,0,0,-0.385263428427,0.113078614209,-1.05459332457,-1.38118559401,0.840924775548,1.65573765591,-3.1758743672,2.67547061927e+117,-2.16115748391,-2.22955884939e+115,-0.734805862237,2.53,-0.304844445529,3.34774492017e-08,-8.3693622985e-06,-2.22955884939e+115,-0.385037214146,0.113132248499,-1.03965030777,2.22569479593e+114,9.27372831636e+112,2.45212832898e+115,9.27372831636e+112,-11.890790199,-2.16115748391,2.9430176812e+117,-0.213668549018,0.274552061909,0.840924775548,1.65573765591,0.669329896139,1.49426420821,-2.67547061927e+116,4,0
360,0.72,2,0.563158631325,0,-0.641708910465,0,0,0.606579285446,-0.14134826762,0.563158604196,-0.382199056548,-0.171072918526,0.0390089816481,0.492143512499,-8.05478652379e+117,-0.641708904229,6.71232210316e+115,-0.0738104533328,-0.26,0,-4.18468070196e-08,1.04617017599e-05,6.71232210316e+115,0.606296517596,-0.141415310476,-0.0738104533328,-6.7006889626e+114,-2.79195373442e+113,-7.38239099942e+115,-2.79195373442e+113,-14.9883082592,-0.641708904229,-8.86026517617e+117,0.392085685669,-0.3431900749,-0.171072918526,0.0390089816481,0.0434206812507,0.240850788929,8.05478652379e+116,4,0
370,0.74,1,-1.08236002922,0,-2.16115736961,0,0,-0.382997994171,0.113616297196,-1.0823600466,-1.39482799811,0.873852237031,1.6380643031,-3.08666261491,1.69633882935e+121,-2.16115748391,-1.41361569113e+119,-0.739982598415,2.53,-0.306013960741,1.27742019462e-07,-3.19355048647e-05,-1.41361569113e+119,-0.382770586657,0.113799563884,-1.04599655916,1.41116575059e+118,5.87985729412e+116,1.55473226619e+119,5.87985729412e+116,-16.1257054779,-2.16115748391,1.86597271229e+121,-0.208507809569,0.243236304998,0.873852237031,1.6380643031,0.699362052428,1.5084442953,-1.69633882935e+120,4,0
370,0.74,2,0.555395305157,0,-0.641708910465,0,0,0.60374749263,-0.14202037129,0.555395320972,-0.391431703171,-0.169760559562,0.0873863246117,0.461871507604,-5.10700698563e+121,-0.641708904229,4.25583915469e+119,-0.0687256002735,-0.26,0,-1.59677520761e-07,3.99193801882e-05,4.25583915469e+119,0.603463233237,-0.142249454644,-0.0687256002735,-4.24846335026e+118,-1.77019306261e+117,-4.68068548972e+119,-1.77019306261e+117,-6.73886090101,-0.641708904229,-5.61770768419e+121,0.38563476141,-0.30404537856,-0.169760559562,0.0873863246117,0.0483521716584,0.249411331881,5.10700698563e+120,4,0
380,0.76,1,-1.11039340496,0,-2.16115736961,0,0,-0.38069527556,0.116546914106,-1.11039335517,-1.40790722366,0.906626039535,1.63827226676,-3.0996395249,1.07553617044e+125,-2.16115748391,-8.96280142032e+122,-0.742869167971,2.53,-0.350373536385,3.02691903209e-08,-7.56729758225e-06,-8.96280142032e+122,-0.380462115801,0.116602581256,-1.09324270436,8.94726796898e+121,3.72802832041e+120,9.85752821721e+122,3.72802832041e+120,-8.99364299431,-2.16115748391,1.18308978748e+125,-0.203767315639,0.230365043097,0.906626039535,1.63827226676,0.729698079614,1.52445413777,-1.07553617044e+124,4,0
380,0.76,2,0.547454237938,0,-0.641708910465,0,0,0.60086909437,-0.145683642379,0.547454222017,-0.40004145333,-0.167745077964,0.112085152217,0.461111102403,-3.23801509503e+125,-0.641708904229,2.69834591252e+123,-0.111561826212,-0.26,0,-3.78364838349e-08,9.45912094746e-06,2.69834591252e+123,0.600577644673,-0.145753226311,-0.111561826212,-2.69366940314e+122,-1.12236225131e+121,-2.96771285284e+123,-1.12236225131e+121,16.362677452,-0.641708904229,-3.56181660453e+125,0.379709144052,-0.287956301113,-0.167745077964,0.112085152217,0.0534148723537,0.254357810951,3.23801509503e+124,4,0
390,0.78,1,-1.13868248463,0,-2.16115736961,0,0,-0.378371283233,0.115386569492,-1.13868245961,-1.42046610203,0.939189388211,1.61546027651,-3.1649049548,6.81926295563e+128,-2.16115748391,-5.68271912969e+126,-0.742804227127,2.53,-0.356822959195,-1.19096193962e-07,2.9774048492e-05,-5.68271912969e+126,-0.378140694468,0.115205060637,-1.09962718632,5.67287039637e+125,2.36369599849e+124,6.25000616933e+126,2.36369599849e+124,-13.186196758,-2.16115748391,7.50118925119e+128,-0.199493071395,0.194994174489,0.939189388211,1.61546027651,0.760311176373,1.53585267152,-6.81926295563e+127,4,0
390,0.78,2,0.539347648621,0,-0.641708910465,0,0,0.597964103968,-0.144233211543,0.539347630261,-0.408040879017,-0.164981291457,0.164298163834,0.480440182505,-2.05301104642e+129,-0.641708904229,1.71084253868e+127,-0.0856688569836,-0.26,0,1.4887024713e-07,-3.7217561775e-05,1.71084253868e+127,0.597675868012,-0.144006325468,-0.0856688569836,-1.70787747362e+126,-7.11615614009e+124,-1.88163028604e+127,-7.11615614009e+124,9.51412282207,-0.641708904229,-2.25831215106e+129,0.374366338805,-0.243742715182,-0.164981291457,0.164298163834,0.0586164737067,0.263807667474,2.05301104642e+128,4,0
400,0.8,1,-1.16721737385,0,-2.16115736961,0,0,-0.376070653406,0.115662252708,-1.16721740533,-1.4325455982,0.97133352822,1.60470576825,-2.90609471696,4.32364327079e+132,-2.16115748391,-3.60303605899e+130,-0.7563205772,2.53,-0.307708653753,2.17126415347e-07,-5.42816038407e-05,-3.60303605899e+130,-0.375838963752,0.116007671903,-1.06402923095,3.59679162908e+129,1.49866317878e+128,3.9627152219e+130,1.49866317878e+128,11.4710694901,-2.16115748391,4.75600759787e+132,-0.195883877106,0.172160170048,0.97133352822,1.60470576825,0.791146751919,1.54820785091,-4.32364327079e+131,4,0
400,0.8,2,0.531087577343,0,-0.641708910465,0,0,0.595088316691,-0.144577815504,0.531087591904,-0.41544482463,-0.161232745901,0.200244615089,0.397620988699,-1.30167841502e+133,-0.641708904229,1.08473201252e+131,-0.11917495286,-0.26,0,-2.71408016062e-07,6.78520040062e-05,1.08473201252e+131,0.594798704624,-0.145009589493,-0.11917495286,-1.08285206102e+130,-4.51188358759e+128,-1.19301721862e+131,-4.51188358759e+128,8.15597647752,-0.641708904229,-1.43184625652e+133,0.369854846002,-0.215200209542,-0.161232745901,0.200244615089,0.0640007247878,0.270867009126,1.30167841502e+132,4,0
410,0.82,1,-1.19598901272,0,-2.16115736961,0,0,-0.373750596434,0.115025943396,-1.19598903628,-1.44418478954,1.00336395195,1.59109354196,-3.18282526989,2.74133601456e+136,-2.16115748391,-2.2844466788e+134,-0.746521856386,2.53,-0.3290560689,-2.68087625876e-07,6.7021906473e-05,-2.2844466788e+134,-0.373520937411,0.114628445652,-1.07557792529,2.28048749912e+133,9.50203124632e+131,2.51249542871e+134,9.50203124632e+131,-16.7529644709,-2.16115748391,3.01546961602e+136,-0.192625084324,0.146908752416,1.00336395195,1.59109354196,0.822238439845,1.55921073294,-2.74133601456e+135,4,0
410,0.82,2,0.522685825825,0,-0.641708910465,0,0,0.592188245484,-0.143782428803,0.522685833653,-0.422270160869,-0.156904478566,0.238634223454,0.482249748097,-8.25308124419e+136,-0.641708904229,6.8775677035e+134,-0.0690822519431,-0.26,0,3.3510953712e-07,-8.3777384269e-05,6.8775677035e+134,0.591901171706,-0.143285556616,-0.0690822519431,-6.86564817541e+133,-2.86068673976e+132,-7.56413252104e+134,-2.86068673976e+132,8.62392643883,-0.641708904229,-9.07838936861e+136,0.365781355086,-0.183635937416,-0.156904478566,0.238634223454,0.0695024118311,0.278487732067,8.25308124419e+135,4,0
420,0.84,1,-1.22498893738,0,-2.16115736961,0,0,-0.371490931473,0.111238953565,-1.22498895711,-1.45542086131,1.03489614873,1.5641439601,-3.0549465279,1.73809971685e+140,-2.16115748391,-1.44841643071e+138,-0.764896162612,2.53,-0.306850735835,-1.00848632334e-07,2.52121580817e-05,-1.44841643071e+138,-0.371268630413,0.11107489353,-1.07174689845,1.44590617693e+137,6.02460907055e+135,1.59300704841e+138,6.02460907055e+135,-13.043731682,-2.16115748391,1.91190968854e+140,-0.190092808386,0.108723098792,1.03489614873,1.5641439601,0.853498025641,1.56665981488,-1.73809971685e+139,4,0
420,0.84,2,0.514153718948,0,-0.641708910465,0,0,0.589363664292,-0.139048691447,0.514153724975,-0.428535531977,-0.151537714748,0.292631661691,0.444015359786,-5.23273254264e+140,-0.641708904229,4.3606104522e+138,-0.114849141683,-0.26,0,1.26060794359e-07,-3.15151986005e-05,4.3606104522e+138,0.589085787968,-0.138843616397,-0.114849141683,-4.3530530684e+137,-1.81377211183e+136,-4.79591575904e+138,-1.81377211183e+136,0.693160653625,-0.641708904229,-5.7560057969e+140,0.362616010227,-0.135903870287,-0.151537714748,0.292631661691,0.0752099393176,0.289486840531,5.23273254264e+139,4,0
430,0.86,1,-1.25420951843,0,-2.16115736961,0,0,-0.36926466299,0.111219356839,-1.25420949544,-1.46628911825,1.0661447322,1.55982765412,-3.09507866078,1.10201398504e+144,-2.16115748391,-9.18344987529e+141,-0.775138692125,2.53,-0.304305924003,-2.42019143115e-07,6.05047857721e-05,-9.18344987529e+141,-0.369042558315,0.110870823129,-1.07944461613,9.16753401762e+140,3.81980584068e+139,1.01002032771e+142,3.81980584068e+139,-14.1754108563,-2.16115748391,1.21221538354e+144,-0.18806476324,0.093538535873,1.0661447322,1.55982765412,0.884944832448,1.57750847508,-1.10201398504e+143,4,0
430,0.86,2,0.505502223969,0,-0.641708910465,0,0,0.5865808287,-0.139024195482,0.50550224543,-0.434261100302,-0.145421291572,0.317337933694,0.454542624678,-3.31772934891e+144,-0.641708904229,2.76477445742e+142,-0.107668254125,-0.26,0,3.02523933127e-07,-7.56309832754e-05,2.76477445742e+142,0.586303197857,-0.138588528339,-0.107668254125,-2.75998282058e+141,-1.14999284191e+140,-3.04077273948e+142,-1.14999284191e+140,14.984849308,-0.641708904229,-3.6495022838e+144,0.360080953858,-0.116923166608,-0.145421291572,0.317337933694,0.0810785832692,0.29523690482,3.31772934891e+143,4,0
440,0.88,1,-1.28364372253,0,-2.16115736961,0,0,-0.367092140537,0.105436754161,-1.28364366448,-1.4768230104,1.09706434859,1.52973489811,-3.19353167357,6.98714125224e+147,-2.16115748391,-5.8226177102e+145,-0.769567528267,2.53,-0.385974613768,-4.28317019741e-07,0.00010707925494,-5.8226177102e+145,-0.366881919009,0.104789526437,-1.15554214204,5.81252651832e+144,2.4218860493e+143,6.40387036203e+145,2.4218860493e+143,14.831994984,-2.16115748391,7.68585537746e+147,-0.18657931589,0.0529118877082,1.09706434859,1.52973489811,0.916551523938,1.58225976456,-6.98714125224e+146,4,0
440,0.88,2,0.496741950512,0,-0.641708910465,0,0,0.583865175646,-0.13179594207,0.496741957112,-0.439468291958,-0.138517812375,0.373328435615,0.488672750952,-2.10355257849e+148,-0.641708904229,1.75296048207e+146,-0.111451441888,-0.26,0,5.35396278867e-07,-0.000133849069707,1.75296048207e+146,0.583602398736,-0.130986907408,-0.111451441888,-1.74992242231e+145,-7.2913434263e+143,-1.92795272431e+146,-7.2913434263e+143,-18.5844806698,-0.641708904229,-2.31390783634e+148,0.358224144737,-0.0661398563423,-0.138517812375,0.373328435615,0.0871232185336,0.307672349888,2.10355257849e+147,4,0
450,0.9,1,-1.31328511238,0,-2.16115736961,0,0,-0.365031937762,0.101963565096,-1.31328512638,-1.48705417144,1.12744097007,1.51469357303,-2.85486128499,4.43008378674e+151,-2.16115748391,-3.69173648895e+149,-0.772486017325,2.53,-0.339862938275,3.95665362696e-08,-9.89163406721e-06,-3.69173648895e+149,-0.364827897329,0.102049891407,-1.1123489556,3.68533833213e+148,1.53555763839e+147,4.06027032217e+149,1.53555763839e+147,-12.8224431734,-2.16115748391,4.87309216542e+151,-0.185844156306,0.0276394015947,1.12744097007,1.51469357303,0.948253188616,1.58901773653,-4.43008378674e+150,4,0
450,0.9,2,0.487882971764,0,-0.641708910465,0,0,0.58128992219,-0.12745445568,0.487882982125,-0.444179547084,-0.130577786803,0.409630298401,0.384744126015,-1.33372345515e+152,-0.641708904229,1.11143621262e+150,-0.135430326213,-0.26,0,-4.94581665622e-08,1.23645416442e-05,1.11143621262e+150,0.58103487165,-0.127562363563,-0.135430326213,-1.10950998002e+149,-4.62295825007e+147,-1.22238721062e+150,-4.62295825007e+147,15.9951692721,-0.641708904229,-1.46709580066e+152,0.357305195322,-0.0345492486822,-0.130577786803,0.409630298401,0.0934069400643,0.316725091404,1.33372345515e+151,4,0
460,0.92,1,-1.34312820435,0,-2.16115736961,0,0,-0.363021137577,0.0973937178153,-1.34312815642,-1.49701246699,1.15763541883,1.49724492654,-3.23513268546,2.80882290039e+155,-2.16115748391,-2.34068575033e+153,-0.794639301737,2.53,-0.357184689798,-5.91300951369e-07,0.000147825237849,-2.34068575033e+153,-0.362827226625,0.0965120002306,-1.15182399153,2.33662910258e+152,9.73595459409e+150,2.57434866059e+153,9.73595459409e+150,-6.24581266623,-2.16115748391,3.08970519043e+155,-0.185492737593,0.000232459551969,1.15763541883,1.49724492654,0.980107018841,1.59440618481,-2.80882290039e+154,4,0
460,0.92,2,0.478934973478,0,-0.641708910465,0,0,0.578776421973,-0.121742146521,0.478934984983,-0.448418077798,-0.122069062986,0.448127506677,0.505554710837,-8.45625763291e+155,-0.641708904229,7.04688136076e+153,-0.107519965114,-0.26,0,7.39126193028e-07,-0.000184781548253,7.04688136076e+153,0.578534033285,-0.120639999535,-0.107519965114,-7.03466839479e+152,-2.93111183116e+151,-7.75034820024e+153,-2.93111183116e+151,-19.1473967079,-0.641708904229,-9.3018833962e+155,0.356865921997,-0.000290571120199,-0.122069062986,0.448127506677,0.0998414369896,0.326675931276,8.45625763291e+154,4,0
470,0.94,1,-1.37316763401,0,-2.16115736961,0,0,-0.361161497265,0.0890273491749,-1.37316760824,-1.50672605081,1.18725061027,1.46685015955,-3.07423613868,1.78088868418e+159,-2.16115748391,-1.48407390348e+157,-0.777797005157,2.53,-0.363876981956,-3.50927371329e-07,8.77318428255e-05,-1.48407390348e+157,-0.360984001861,0.0884845064176,-1.14167398711,1.48150185166e+156,6.17292438191e+154,1.63222408865e+157,6.17292438191e+154,10.214234384,-2.16115748391,1.9589775526e+159,-0.185916997966,-0.0398758912574,1.18725061027,1.46685015955,1.01200611098,1.59575339998,-1.78088868418e+158,4,0
470,0.94,2,0.469907164574,0,-0.641708910465,0,0,0.576451871598,-0.111284185667,0.469907159732,-0.452207636547,-0.112510912201,0.502052503924,0.461705155085,-5.36155324241e+159,-0.641708904229,4.46796103534e+157,-0.0869441406379,-0.26,0,4.38659217505e-07,-0.00010966480439,4.46796103534e+157,0.576230002345,-0.110605632215,-0.0869441406379,-4.460217602e+156,-1.85842400083e+155,-4.91398279554e+157,-1.85842400083e+155,-20.3180300678,-0.641708904229,-5.89770856665e+159,0.35739624753,0.0498448673763,-0.112510912201,0.502052503924,0.106544711866,0.34092345088,5.36155324241e+158,4,0
480,0.96,1,-1.40339887142,0,-2.16115736961,0,0,-0.359412775869,0.0856338472292,-1.40339888029,-1.51622142613,1.21653473227,1.46081492972,-3.1400430962,1.129143637e+163,-2.16115748391,-9.40953030833e+160,-0.800505063381,2.53,-0.342324832596,-5.20951160987e-07,0.00013023779024,-9.40953030833e+160,-0.359242255013,0.0848697144783,-1.14282989598,9.39322263016e+159,3.91384276256e+158,1.03488525713e+161,3.91384276256e+158,13.9722081019,-2.16115748391,1.2420580007e+163,-0.186864148028,-0.0554064964121,1.21653473227,1.46081492972,1.04398610442,1.60185527336,-1.129143637e+162,4,0
480,0.96,2,0.460808217525,0,-0.641708910465,0,0,0.57426596987,-0.107042308181,0.46080822157,-0.45557229708,-0.102228036396,0.524830420884,0.483813607426,-3.39940602794e+163,-0.641708904229,2.83283835662e+161,-0.109812593846,-0.26,0,6.51188954537e-07,-0.000162797238643,2.83283835662e+161,0.574052818802,-0.106087142238,-0.109812593846,-2.82792875808e+160,-1.1783036492e+159,-3.11563123243e+161,-1.1783036492e+159,13.4303763968,-0.641708904229,-3.73934663074e+163,0.358580185174,0.0692581238046,-0.102228036396,0.524830420884,0.1134577483,0.348529988899,3.39940602794e+162,4,0
490,0.98,1,-1.43381786346,0,-2.16115736961,0,0,-0.35779608802,0.0753912717317,-1.43381788352,-1.52552351005,1.2454579366,1.42949803215,-3.25941051716,7.15915241813e+166,-2.16115748391,-5.96596034844e+164,-0.811885724091,2.53,-0.346811875198,-7.16039389392e-07,0.000179009847352,-5.96596034844e+164,-0.357646392483,0.074310738644,-1.15869759929,5.95562072912e+163,2.48150863713e+162,6.56152242136e+164,2.48150863713e+162,8.30587473219,-2.16115748391,7.87506765995e+166,-0.188359946928,-0.0960254779045,1.2454579366,1.42949803215,1.07602179551,1.60091478178,-7.15915241813e+165,4,0
490,0.98,2,0.451646417379,0,-0.641708910465,0,0,0.572245110075,-0.0942390887661,0.451646402701,-0.458536249784,-0.0911964688375,0.578568100395,0.529132909973,-2.15533835446e+167,-0.641708904229,1.79611529538e+165,-0.104571133543,-0.26,0,8.9504923928e-07,-0.000223762309822,1.79611529538e+165,0.572057990657,-0.0928884224027,-0.104571133543,-1.79300244392e+164,-7.47084351632e+162,-1.97541553977e+165,-7.47084351632e+162,-0.854226155631,-0.641708904229,-2.3708721899e+167,0.360449933864,0.12003185061,-0.0911964688375,0.578568100395,0.120598707374,0.364297161018,2.15533835446e+166,4,0
500,1,1,-1.46442103386,0,-2.16115736961,0,0,-0.356376239528,0.0682383549113,-1.46442101038,-1.53465569863,1.27382694363,1.41419346771,-2.87658645229,4.53914468156e+170,-2.16115748391,-3.78262056797e+168,-0.805248658871,2.53,-0.325080195294,-1.60967573271e-07,4.02418933238e-05,-3.78262056797e+168,-0.356239941579,0.0680282488086,-1.13032885417,3.77606489974e+167,1.57336037489e+166,4.16022705794e+168,1.57336037489e+166,13.5575718493,-2.16115748391,4.99305914972e+170,-0.19059406675,-0.120462230914,1.27382694363,1.41419346771,1.10804477086,1.60289405354,-4.53914468156e+169,4,0
500,1,2,0.442429453135,0,-0.641708910465,0,0,0.570470299479,-0.0852979426969,0.442429452096,-0.461123612708,-0.0791868683913,0.611701404526,0.41549262986,-1.36655738797e+171,-0.641708904229,1.13879782331e+169,-0.0969919006831,-0.26,0,2.01209470196e-07,-5.03023675528e-05,1.13879782331e+169,0.570299927045,-0.0850353100629,-0.0969919006831,-1.13682417023e+168,-4.73676737598e+166,-1.25248024033e+169,-4.73676737598e+166,16.2848794248,-0.641708904229,-1.50321312677e+171,0.363242583705,0.150577791817,-0.0791868683913,0.611701404526,0.128040847383,0.375825670011,1.36655738797e+170,4,0
510,1.02,1,-1.49520516396,0,-2.16115736961,0,0,-0.355074736329,0.0599934152669,-1.49520510511,-1.54363993089,1.30200955443,1.39716598093,-3.31653860239,2.87797119502e+174,-2.16115748391,-2.39830932918e+172,-0.805622739502,2.53,-0.342605520287,-8.59593114022e-07,0.000214898278503,-2.39830932918e+172,-0.35495602905,0.0587089446093,-1.14822825979,2.39415281388e+171,9.97563672451e+169,2.63772461057e+172,9.97563672451e+169,-16.7878142835,-2.16115748391,3.16576831452e+174,-0.193195550682,-0.146473949957,1.30200955443,1.39716598093,1.14013036878,1.60363334615,-2.87797119502e+173,4,0
510,1.02,2,0.43316462636,0,-0.641708910465,0,0,0.568843420499,-0.0749917681022,0.433164638868,-0.463358259097,-0.0666702001839,0.646450699649,0.558951294573,-8.66443586805e+174,-0.641708904229,7.22036322337e+172,-0.110046393814,-0.26,0,1.07449139408e-06,-0.000268622848512,7.22036322337e+172,0.568695036403,-0.0733861797779,-0.110046393814,-7.2078495956e+171,-3.00327066483e+170,-7.94114818293e+172,-3.00327066483e+170,15.6777767292,-0.641708904229,-9.53087945485e+174,0.366494438684,0.183092440552,-0.0666702001839,0.646450699649,0.135678781632,0.388366490995,8.66443586805e+173,4,0
520,1.04,1,-1.52616739273,0,-2.16115736961,0,0,-0.354001852076,0.0478791539045,-1.52616743526,-1.55249675,1.32964605358,1.36918804949,-3.13966194226,1.82473104085e+178,-2.16115748391,-1.52060920071e+176,-0.804547806417,2.53,-0.354139760561,-5.67154214204e-07,0.000141788553548,-1.52060920071e+176,-0.353906980674,0.0470103355485,-1.15868756698,1.51797382948e+175,6.32489095616e+173,1.67240658366e+176,6.32489095616e+173,-10.126841636,-2.16115748391,2.00720414494e+178,-0.196521381679,-0.183308700513,1.32964605358,1.36918804949,1.17216558319,1.60037590391,-1.82473104085e+177,4,0
520,1.04,2,0.423858761787,0,-0.641708910465,0,0,0.567502315204,-0.0598489413778,0.423858758895,-0.465263661911,-0.0532070314039,0.69439954053,0.514348035971,-5.49354528192e+178,-0.641708904229,4.5779544016e+176,-0.117473386619,-0.26,0,7.08942769823e-07,-0.000177235692454,4.5779544016e+176,0.567383725953,-0.0587629184299,-0.117473386619,-4.57002033851e+175,-1.90417514105e+174,-5.03495643545e+176,-1.90417514105e+174,-14.9371429148,-0.641708904229,-6.04289981011e+178,0.370651727491,0.229135878619,-0.0532070314039,0.69439954053,0.143643556309,0.405414720533,5.49354528192e+177,4,0
530,1.06,1,-1.55730569363,0,-2.16115736961,0,0,-0.35310706238,0.0413766770543,-1.55730566447,-1.56124536038,1.35698464697,1.36407210328,-3.22316319043,1.15694117343e+182,-2.16115748391,-9.64117644521e+179,-0.823564043543,2.53,-0.382648359182,-7.40591669046e-07,0.000185147917261,-9.64117644521e+179,-0.353025384863,0.0402833145002,-1.20621240273,9.62446730059e+178,4.01019470858e+177,1.06036231753e+180,4.01019470858e+177,14.8509612039,-2.16115748391,1.27263529077e+182,-0.200321017506,-0.1971732571,1.35698464697,1.36407210328,1.20419860209,1.60262203744,-1.15694117343e+181,4,0
530,1.06,2,0.414518147707,0,-0.641708910465,0,0,0.566383828104,-0.0517208452761,0.414518144381,-0.466862755415,-0.0391168720481,0.713329329709,0.545638250092,-3.4830934436e+182,-0.641708904229,2.90257786967e+180,-0.10697494046,-0.26,0,9.25739587543e-07,-0.000231434896879,2.90257786967e+180,0.56628173121,-0.0503541420815,-0.10697494046,-2.89754740542e+179,-1.20731141893e+178,-3.19233261021e+180,-1.20731141893e+178,12.7327209451,-0.641708904229,-3.83140278796e+182,0.375401272333,0.246466574294,-0.0391168720481,0.713329329709,0.151865683723,0.415141910138,3.4830934436e+181,4,0
540,1.08,1,-1.58861780167,0,-2.16115736961,0,0,-0.35240787998,0.0279663754888,-1.58861782621,-1.5699036796,1.38401355402,1.33738156064,-3.34287107614,7.33539819732e+185,-2.16115748391,-6.1128318311e+183,-0.81284140521,2.53,-0.36774004736,-9.07290652885e-07,0.000226822663215,-6.1128318311e+183,-0.352353323119,0.0265979627571,-1.18058145257,6.10223766848e+182,2.54259902853e+181,6.72305559795e+183,2.54259902853e+181,13.5524071809,-2.16115748391,8.06893801705e+185,-0.204604272189,-0.232522118958,1.38401355402,1.33738156064,1.23620994623,1.59787005509,-7.33539819732e+184,4,0
540,1.08,2,0.405148684978,0,-0.641708910465,0,0,0.565509850125,-0.0349579683152,0.405148675984,-0.468177813616,-0.0243933352407,0.758830465061,0.594851534857,-2.20839900543e+186,-0.641708904229,1.84033250452e+184,-0.120878684127,-0.26,0,1.13411331593e-06,-0.000283528328987,1.84033250452e+184,0.565441654051,-0.0332474524008,-0.120878684127,-1.83714302011e+183,-7.6547625838e+181,-2.02404680653e+184,-7.6547625838e+181,11.0894765441,-0.641708904229,-2.42923890597e+186,0.380755340743,0.290652651446,-0.0243933352407,0.758830465061,0.160361174142,0.4332198453,2.20839900543e+185,4,0
550,1.1,1,-1.62010228634,0,-2.16115736961,0,0,-0.351964176634,0.0180698372673,-1.62010229861,-1.57848838451,1.41058407193,1.32553118577,-2.97518008134,4.65089046437e+189,-2.16115748391,-3.87574205364e+187,-0.826677143891,2.53,-0.362457200529,-3.47948859558e-07,8.69872148864e-05,-3.87574205364e+187,-0.351928497225,0.0175787429337,-1.18913434442,3.86902499636e+186,1.61209374848e+185,4.26264455328e+187,1.61209374848e+185,-15.9714146019,-2.16115748391,5.11597951081e+189,-0.209518226678,-0.25295719874,1.41058407193,1.32553118577,1.26813812197,1.59655822178,-4.65089046437e+188,4,0
550,1.1,2,0.395755797625,0,-0.641708910465,0,0,0.564955220963,-0.0225872955229,0.395755797203,-0.469230345086,-0.00885801329384,0.785426846139,0.489360564086,-1.40019963465e+190,-0.641708904229,1.16683302887e+188,-0.104423314595,-0.26,0,4.34936077376e-07,-0.000108734019335,1.16683302887e+188,0.564910621704,-0.0219734276013,-0.104423314595,-1.16481078792e+187,-4.853378283e+185,-1.28331410766e+188,-4.853378283e+185,14.8575482709,-0.641708904229,-1.54021959811e+190,0.386897783909,0.316196501053,-0.00885801329384,0.785426846139,0.16919942376,0.446643049563,1.40019963465e+189,4,0
560,1.12,1,-1.65175783634,0,-2.16115736961,0,0,-0.351692473428,0.00730752765894,-1.65175778008,-1.58701495104,1.43702220597,1.31281124346,-3.40263532116,2.94882179941e+193,-2.16115748391,-2.45735149951e+191,-0.841913067849,2.53,-0.357990231133,-9.96244860996e-07,0.000249061215246,-2.45735149951e+191,-0.35167934567,0.00581669541652,-1.19990329898,2.45309265809e+190,1.02212194087e+189,2.70266076532e+191,1.02212194087e+189,-4.02230167996,-2.16115748391,3.24370397935e+193,-0.214735574111,-0.274203707579,1.43702220597,1.31281124346,1.30006530665,1.5943224787,-2.94882179941e+192,4,0
560,1.12,2,0.386344522238,0,-0.641708910465,0,0,0.564615591977,-0.00913440850549,0.386344530691,-0.470041003481,0.00707493755937,0.812795640444,0.632207498898,-8.8777390863e+193,-0.641708904229,7.39811590525e+191,-0.0822017151436,-0.26,0,1.24530607448e-06,-0.000311326518612,7.39811590525e+191,0.564599182282,-0.00727086820504,-0.0822017151436,-7.38529421391e+190,-3.07720592246e+189,-8.13664532664e+191,-3.07720592246e+189,16.2887073944,-0.641708904229,-9.76551299493e+193,0.393419468251,0.342754636963,0.00707493755937,0.812795640444,0.178271061286,0.460906594975,8.8777390863e+192,4,0
570,1.14,1,-1.68358325958,0,-2.16115736961,0,0,-0.351692262182,-0.00665424129854,-1.68358326568,-1.59549768757,1.46305117296,1.29250501095,-3.23733013576,1.86965271947e+197,-2.16115748391,-1.55804393289e+195,-0.828994363891,2.53,-0.410433521978,-6.94772961496e-07,0.000173693240373,-1.55804393289e+195,-0.351706646007,-0.00771299229674,-1.23942788587,1.55534368344e+194,6.480598681e+192,1.71357830124e+195,6.480598681e+192,12.9976531676,-2.16115748391,2.05661799142e+197,-0.220532092717,-0.302992676624,1.46305117296,1.29250501095,1.33189100349,1.58884344627,-1.86965271947e+196,4,0
570,1.14,2,0.37691950798,0,-0.641708910465,0,0,0.564615327941,0.00831780266654,0.376919496197,-0.470629512915,0.0237456203599,0.849370360959,0.593888957286,-5.628786734e+197,-0.641708904229,4.69065561167e+195,-0.0910398901813,-0.26,0,8.68466201731e-07,-0.00021711655042,4.69065561167e+195,0.564633307724,0.00964124141388,-0.0910398901813,-4.68252622586e+194,-1.95105259411e+193,-5.15890823425e+195,-1.95105259411e+193,14.0960831545,-0.641708904229,-6.1916654074e+197,0.400665116556,0.378740848045,0.0237456203599,0.849370360959,0.187695831744,0.478947315581,5.628786734e+196,4,0
580,1.16,1,-1.71557807922,0,-2.16115736961,0,0,-0.351909847827,-0.0153007356901,-1.71557802408,-1.60394976181,1.48888607728,1.29055482055,-3.32438632046,1.18542303645e+201,-2.16115748391,-9.87852530379e+198,-0.838607523401,2.53,-0.410288003189,-8.3891691055e-07,0.000209729227638,-9.87852530379e+198,-0.351941678944,-0.0165447458956,-1.24889552659,9.86140480933e+197,4.10891867055e+196,1.08646657847e+199,4.10891867055e+196,-16.4330223011,-2.16115748391,1.3039653401e+201,-0.226691946799,-0.313394941257,1.48888607728,1.29055482055,1.36366817625,1.58864902612,-1.18542303645e+200,4,0
580,1.16,2,0.367484927177,0,-0.641708910465,0,0,0.564887310019,0.0191259206694,0.367484929834,-0.471014607261,0.0408800043694,0.862758286003,0.629283240335,-3.56884109669e+201,-0.641708904229,2.97403424724e+199,-0.137791471047,-0.26,0,1.04864613659e-06,-0.000262161534154,2.97403424724e+199,0.564927098916,0.0206809334241,-0.137791471047,-2.96887994179e+198,-1.23703330908e+197,-3.27092224142e+199,-1.23703330908e+197,-17.8551688488,-0.641708904229,-3.92572520636e+201,0.408364934204,0.391743678742,0.0408800043694,0.862758286003,0.197402380184,0.49014052793,3.56884109669e+200,4,0
590,1.18,1,-1.74774158001,0,-2.16115736961,0,0,-0.352354828884,-0.0295735441746,-1.74774157499,-1.61238322152,1.51453384119,1.27348921276,-3.41835353765,7.51598283855e+204,-2.16115748391,-6.26331903212e+202,-0.851900245786,2.53,-0.36729894924,-9.37372149123e-07,0.000234343037278,-6.26331903212e+202,-0.352415396504,-0.0309868392482,-1.21919919503,6.2524640598e+201,2.60519335825e+200,6.8885654381e+202,2.60519335825e+200,-16.0897611662,-2.16115748391,8.2675811224e+204,-0.233207733792,-0.338894008758,1.51453384119,1.27348921276,1.3953867461,1.58280967735,-7.51598283855e+203,4,0
590,1.18,2,0.358044713736,0,-0.641708910465,0,0,0.56544353636,0.0369669312281,0.358044704436,-0.47121398235,0.0584649635492,0.894831495208,0.672311446592,-2.26276591658e+205,-0.641708904229,1.88563826382e+203,-0.136757518082,-0.26,0,1.17171518277e-06,-0.000292928795687,1.88563826382e+203,0.565519245887,0.0387335500646,-0.136757518082,-1.88237025989e+202,-7.84320941623e+200,-2.07387528981e+203,-7.84320941623e+200,8.70412288167,-0.641708904229,-2.48904250824e+205,0.416509667986,0.423617512858,0.0584649635492,0.894831495208,0.207398831923,0.508180913578,2.26276591658e+204,4,0
600,1.2,1,-1.78007364273,0,-2.16115736961,0,0,-0.353069240653,-0.0405104774659,-1.78007366693,-1.62080900936,1.53990877871,1.2681290914,-3.14093698575,4.76538723242e+208,-2.16115748391,-3.97115602701e+206,-0.837337342323,2.53,-0.38968076614,-4.85503365344e-07,0.000121375841338,-3.97115602701e+206,-0.353150941766,-0.0412146841269,-1.22701810846,3.96427360756e+205,1.65178066982e+204,4.36758338777e+206,1.65178066982e+204,-5.94985180046,-2.16115748391,5.24192595566e+208,-0.240164888219,-0.352679917957,1.53990877871,1.2681290914,1.42700442628,1.58029853189,-4.76538723242e+207,4,0
600,1.2,2,0.348602354527,0,-0.641708910465,0,0,0.566336551091,0.0506380978198,0.348602350722,-0.471244260025,0.0766037603331,0.912094159211,0.596907469703,-1.43467009444e+209,-0.641708904229,1.19555841204e+207,-0.075761535597,-0.26,0,6.0687920822e-07,-0.000151719802067,1.19555841204e+207,0.566438677485,0.0515183561487,-0.075761535597,-1.19348638706e+206,-4.97285994608e+204,-1.31490705074e+207,-4.97285994608e+204,-18.7820654427,-0.641708904229,-1.57813710389e+209,0.425206111055,0.440849899186,0.0766037603331,0.912094159211,0.217734200369,0.521882357844,1.43467009444e+208,4,0
610,1.22,1,-1.81257426739,0,-2.16115736961,0,0,-0.353980295894,-0.0518748473525,-1.81257425528,-1.62923697231,1.56525209739,1.26282837898,-3.4650383982,3.02141662144e+212,-2.16115748391,-2.51784718454e+210,-0.861773841622,2.53,-0.335127158101,-9.42234362034e-07,0.000235558590505,-2.51784718454e+210,-0.354085456685,-0.0532870712214,-1.19690099972,2.51348349791e+209,1.0472847908e+208,2.76919553433e+210,1.0472847908e+208,13.2518576563,-2.16115748391,3.32355828359e+212,-0.247322157893,-0.366408593329,1.56525209739,1.26282837898,1.45859395938,1.57736212495,-3.02141662144e+211,4,0
610,1.22,2,0.339161068201,0,-0.641708910465,0,0,0.567475370162,0.0648435601441,0.339161079064,-0.471120963018,0.0949916191167,0.929131706228,0.709213366268,-9.09629345577e+212,-0.641708904229,7.58024454648e+210,-0.072931877862,-0.26,0,1.17779294695e-06,-0.000294448236737,7.58024454648e+210,0.567606821153,0.066608839972,-0.072931877862,-7.56710720758e+209,-3.15296133649e+208,-8.33695526723e+210,-3.15296133649e+208,-2.62199126799,-0.641708904229,-1.00059228014e+213,0.434152698181,0.45801074321,0.0949916191167,0.929131706228,0.228314291098,0.535964523162,9.09629345577e+211,4,0
620,1.24,1,-1.84524345398,0,-2.16115736961,0,0,-0.355154465961,-0.0649814844167,-1.84524348037,-1.63767586635,1.59040509291,1.25425388348,-3.34564581277,1.91568029105e+216,-2.16115748391,-1.59640024254e+214,-0.856331399483,2.53,-0.418189083423,-6.9200258962e-07,0.000173000647412,-1.59640024254e+214,-0.355285489559,-0.0660308009346,-1.27452048291,1.59363351768e+213,6.640139657e+211,1.75576359431e+214,6.640139657e+211,14.9682799668,-2.16115748391,2.10724832015e+216,-0.254838387462,-0.383421982875,1.59040509291,1.25425388348,1.49008901441,1.57269438194,-1.91568029105e+215,4,0
620,1.24,2,0.329723805189,0,-0.641708910465,0,0,0.568943082764,0.0812268563967,0.329723801654,-0.470858499625,0.113824183517,0.950135979478,0.685415783092,-5.76735759349e+216,-0.641708904229,4.80613132791e+214,-0.0890375244515,-0.26,0,8.65003234263e-07,-0.000216250808567,4.80613132791e+214,0.569106862263,0.0825385020396,-0.0890375244515,-4.79780181088e+213,-1.99908408787e+212,-5.285911509e+214,-1.99908408787e+212,-20.0566967133,-0.641708904229,-6.34409335284e+216,0.44354798517,0.479277479852,0.113824183517,0.950135979478,0.23921928111,0.552085356022,5.76735759349e+215,4,0
630,1.26,1,-1.87808167934,0,-2.16115736961,0,0,-0.35654547232,-0.0742475270438,-1.87808164575,-1.64613335697,1.61552123507,1.25711908239,-3.41772603476,1.21460607301e+220,-2.16115748391,-1.01217172751e+218,-0.861843434535,2.53,-0.373453722629,-7.72320542963e-07,0.000193080135736,-1.01217172751e+218,-0.356695110755,-0.0753984581847,-1.23529715716,1.01041753041e+217,4.21007304336e+215,1.11321348055e+218,4.21007304336e+215,-4.00748646318,-2.16115748391,1.33606668031e+220,-0.262560410682,-0.389014274585,1.61552123507,1.25711908239,1.52153617344,1.57188582993,-1.21460607301e+219,4,0
630,1.26,2,0.320293158293,0,-0.641708910465,0,0,0.57068184073,0.0928094096617,0.320293154867,-0.470470157215,0.132907359352,0.956738001587,0.717772475306,-3.65669970664e+220,-0.641708904229,3.04724975553e+218,-0.119416337787,-0.26,0,9.65400673958e-07,-0.000241350168479,3.04724975553e+218,0.570868888776,0.094248073581,-0.119416337787,-3.04196856011e+217,-1.26748690005e+216,-3.35144661154e+218,-1.26748690005e+216,2.34017284645,-0.641708904229,-4.0223696773e+220,0.45320051422,0.486267844372,0.132907359352,0.956738001587,0.250388685863,0.563279566876,3.65669970664e+219,4,0
640,1.28,1,-1.9110891819,0,-2.16115736961,0,0,-0.358151653564,-0.0864273495967,-1.91108919631,-1.65461601616,1.64062462887,1.2532560383,-3.45880677762,7.70101315699e+223,-2.16115748391,-6.41751096416e+221,-0.873890743273,2.53,-0.376811591635,-7.67837648963e-07,0.000191959412243,-6.41751096416e+221,-0.358325670814,-0.0875845030601,-1.25070233491,6.40638876145e+220,2.6693286506e+219,7.05814984031e+221,2.6693286506e+219,-9.04202942074,-2.16115748391,8.47111447269e+223,-0.270464567446,-0.401359977862,1.64062462887,1.2532560383,1.55293754275,1.56818866656,-7.70101315699e+222,4,0
640,1.28,2,0.310871511698,0,-0.641708910465,0,0,0.572689567302,0.108034187752,0.310871521677,-0.469968103668,0.152209188516,0.971668076821,0.743411860891,-2.31847124576e+224,-0.641708904229,1.93205937147e+222,-0.0919557496392,-0.26,0,9.59797054056e-07,-0.000239949263515,1.93205937147e+222,0.572907088865,0.10948062957,-0.0919557496392,-1.92871091502e+221,-8.03629547923e+219,-2.12493046297e+222,-8.03629547923e+219,-20.1767233854,-0.641708904229,-2.55031837034e+224,0.463080710194,0.501699973153,0.152209188516,0.971668076821,0.261818045624,0.57800229142,2.31847124576e+223,4,0
650,1.3,1,-1.9442666769,0,-2.16115736961,0,0,-0.359984935243,-0.0962145021686,-1.94426669637,-1.66312931675,1.66570311912,1.25641865438,-3.34970498177,4.88270271012e+227,-2.16115748391,-4.0689189251e+225,-0.861676843218,2.53,-0.436843358339,-5.45650800043e-07,0.000136412700005,-4.0689189251e+225,-0.360178161352,-0.097022292766,-1.29852020156,4.06186707255e+224,1.69244461356e+223,4.47510563236e+225,1.69244461356e+223,14.7527632417,-2.16115748391,5.37097298113e+227,-0.278563577251,-0.406710662371,1.66570311912,1.25641865438,1.58428176113,1.56691481458,-4.88270271012e+226,4,0
650,1.3,2,0.301461040974,0,-0.641708910465,0,0,0.574981169414,0.120268128404,0.301461053957,-0.46936339593,0.171743418508,0.97775172452,0.72028417978,-1.46998915652e+228,-0.641708904229,1.22499096377e+226,-0.121418492667,-0.26,0,6.82063499902e-07,-0.00017051587497,1.22499096377e+226,0.575222702052,0.121277866651,-0.121418492667,-1.22286792917e+225,-5.0952830382e+223,-1.34727775668e+226,-5.0952830382e+223,13.2760470829,-0.641708904229,-1.61698807217e+228,0.473204472464,0.50838832859,0.171743418508,0.97775172452,0.273520115457,0.589631524334,1.46998915652e+227,4,0
660,1.32,1,-1.9776147604,0,-2.16115736961,0,0,-0.362001582407,-0.105832136444,-1.97761480763,-1.67167762486,1.69088130926,1.26053475968,-3.47654817598,3.09579860071e+231,-2.16115748391,-2.57983216725e+229,-0.867940924742,2.53,-0.412502757607,-6.71727423185e-07,0.00016793185579,-2.57983216725e+229,-0.362214258349,-0.106841767011,-1.28044368235,2.57536105431e+228,1.07306710596e+227,2.83736827269e+229,1.07306710596e+227,-13.2351681167,-2.16115748391,3.40537846078e+231,-0.286733498379,-0.411142865183,1.69088130926,1.26053475968,1.61561322523,1.56584548842,-3.09579860071e+230,4,0
660,1.32,2,0.292063683271,0,-0.641708910465,0,0,0.577501978382,0.132290171172,0.292063694536,-0.46866599493,0.191353179349,0.982594576818,0.770563698688,-9.32022825059e+231,-0.641708904229,7.76685687549e+229,-0.0845776663193,-0.26,0,8.39659269891e-07,-0.000209914817465,7.76685687549e+229,0.577767823312,0.133552209367,-0.0845776663193,-7.75339611834e+228,-3.23058171598e+227,-8.54219648733e+229,-3.23058171598e+227,-20.090349817,-0.641708904229,-1.02522510756e+232,0.483416873885,0.513928581888,0.191353179349,0.982594576818,0.285438283846,0.600956166102,9.32022825059e+230,4,0
670,1.34,1,-2.01113438606,0,-2.16115736961,0,0,-0.364213950104,-0.11505689512,-2.01113426697,-1.68026419119,1.71613860443,1.26608771111,-3.43810418358,1.96284098073e+235,-2.16115748391,-1.63570081727e+233,-0.873129803259,2.53,-0.401035037788,-5.40428181595e-07,0.000135107045399,-1.63570081727e+233,-0.364444879103,-0.115869820237,-1.27416484105,1.6328659805e+232,6.80360825208e+230,1.79898741532e+233,6.80360825208e+230,-12.3021972916,-2.16115748391,2.1591250788e+235,-0.294995662536,-0.414176480076,1.71613860443,1.26608771111,1.64692031686,1.56520729607,-1.96284098073e+234,4,0
670,1.34,2,0.282681196928,0,-0.641708910465,0,0,0.580267438016,0.143821119391,0.282681198904,-0.467884786213,0.211063380182,0.985605386397,0.769227072347,-5.90933982456e+235,-0.641708904229,4.9244498538e+233,-0.0792175255833,-0.26,0,6.7553522165e-07,-0.000168883805419,4.9244498538e+233,0.580556099264,0.144837275779,-0.0792175255833,-4.91591527867e+232,-2.04829803278e+231,-5.41604138167e+233,-2.04829803278e+231,-13.7815422295,-0.641708904229,-6.50027380702e+235,0.493744579086,0.517720600184,0.211063380182,0.985605386397,0.297586239112,0.611705905603,5.90933982456e+234,4,0
680,1.36,1,-2.04482579231,0,-2.16115736961,0,0,-0.366595562856,-0.123128638023,-2.04482586399,-1.68889114212,1.74154644737,1.27465686098,-3.47530634508,1.24450754475e+239,-2.16115748391,-1.03708962063e+237,-0.874167863043,2.53,-0.448740649088,-5.27229851832e-07,0.000131807462953,-1.03708962063e+237,-0.366842615924,-0.12392195617,-1.32290851213,1.03529223827e+236,4.31371765946e+234,1.14061884446e+237,4.31371765946e+234,11.4300312182,-2.16115748391,1.36895829923e+239,-0.303279416614,-0.414234281137,1.74154644737,1.27465686098,1.67823030113,1.5657625041,-1.24450754475e+238,4,0
680,1.36,2,0.273315161467,0,-0.641708910465,0,0,0.583244453965,0.153910797968,0.273315156433,-0.467027605727,0.230784115251,0.984820457112,0.790492413723,-3.74672124151e+239,-0.641708904229,3.12226770126e+237,-0.0952441943078,-0.26,0,6.59037307171e-07,-0.000164759326796,3.12226770126e+237,0.5835532703,0.15490244564,-0.0952441943078,-3.11685649207e+236,-1.29869020503e+235,-3.43395335046e+237,-1.29869020503e+235,-8.15617631244,-0.641708904229,-4.12139336566e+239,0.504099271684,0.517792851385,0.230784115251,0.984820457112,0.309929297532,0.620938403695,3.74672124151e+238,4,0
690,1.38,1,-2.07869052887,0,-2.16115736961,0,0,-0.369131914577,-0.130159742524,-2.0786904185,-1.69755947153,1.76714251022,1.28573231741,-3.44065845798,7.89059859743e+242,-2.16115748391,-6.57549883119e+240,-0.887658752625,2.53,-0.391221440234,-3.98104212707e-07,9.95260531737e-05,-6.57549883119e+240,-0.369392834984,-0.130758781352,-1.27888019286,6.56410281936e+239,2.7350428414e+238,7.23190911313e+240,2.7350428414e+238,-6.96671628117,-2.16115748391,8.67965845718e+242,-0.311547908284,-0.411827154119,1.76714251022,1.28573231741,1.70955850392,1.56739972901,-7.89059859743e+241,4,0
690,1.38,2,0.263967007399,0,-0.641708910465,0,0,0.586414893624,0.162699678447,0.26396701104,-0.46610127029,0.250467875229,0.980885212571,0.7885658604,-2.37554794246e+243,-0.641708904229,1.97962328539e+241,-0.125799180444,-0.26,0,4.9763025578e-07,-0.000124407563933,1.97962328539e+241,0.586741044132,0.163448476967,-0.125799180444,-1.97619239581e+240,-8.23413498254e+238,-2.17724252497e+241,-8.23413498254e+238,-13.3499907823,-0.641708904229,-2.61310273671e+243,0.514434886268,0.514783942282,0.250467875229,0.980885212571,0.322447882584,0.628800948736,2.37554794246e+242,4,0
700,1.4,1,-2.11272883415,0,-2.16115736961,0,0,-0.371795760468,-0.136532558722,-2.11272875779,-1.70626903411,1.79298926367,1.29821963612,-3.56482130422,5.00290628918e+246,-2.16115748391,-4.16908857432e+244,-0.881722318023,2.53,-0.455907768319,-5.14119304296e-07,0.000128529826076,-4.16908857432e+244,-0.372069613281,-0.137311995765,-1.33763008634,4.16186311752e+243,1.7341096323e+242,4.58527488607e+244,1.7341096323e+242,-14.4134235234,-2.16115748391,5.5031969181e+246,-0.319739494127,-0.408049397995,1.79298926367,1.29821963612,1.74093299732,1.56973647539,-5.00290628918e+245,4,0
700,1.4,2,0.254638075829,0,-0.641708910465,0,0,0.589744700991,0.170665698597,0.25463808119,-0.465111612323,0.270036287372,0.975173359249,0.835541625475,-1.50617771198e+247,-0.641708904229,1.25514809331e+245,-0.0846950325979,-0.26,0,6.42649128468e-07,-0.000160662282109,1.25514809331e+245,0.590087017007,0.171639994898,-0.0846950325979,-1.25297279332e+244,-5.22071997218e+242,-1.38044537265e+245,-5.22071997218e+242,-16.1217410824,-0.641708904229,-1.65679548317e+247,0.524674368562,0.510061746925,0.270036287372,0.975173359249,0.335106619801,0.63577731092,1.50617771198e+246,4,0
710,1.42,1,-2.14694166183,0,-2.16115736961,0,0,-0.374589974185,-0.142071161039,-2.14694169378,-1.71501854127,1.81907809344,1.3124076337,-3.41647170862,3.17201173387e+250,-2.16115748391,-2.64334311156e+248,-0.893928024317,2.53,-0.402854483802,-2.0173595755e-07,5.04339893824e-05,-2.64334311156e+248,-0.374874430131,-0.142379274772,-1.29678250812,2.63876192766e+247,1.09948413652e+246,2.90721930432e+248,1.09948413652e+246,13.3012976711,-2.16115748391,3.48921290726e+250,-0.327863600345,-0.402610907576,1.81907809344,1.3124076337,1.7723517196,1.57294738023,-3.17201173387e+249,4,0
710,1.42,2,0.24532957375,0,-0.641708910465,0,0,0.593237468141,0.177588951382,0.245329579161,-0.464063518547,0.28949992216,0.967327152233,0.797070970906,-9.54967592739e+250,-0.641708904229,7.95806327283e+248,-0.085852854777,-0.26,0,2.52169935377e-07,-6.3042483831e-05,7.95806327283e+248,0.593593038073,0.177974093531,-0.085852854777,-7.94427113544e+247,-3.3101129731e+246,-8.75249038637e+248,-3.3101129731e+246,-14.00425836,-0.641708904229,-1.05046435201e+251,0.534829501321,0.503263633686,0.28949992216,0.967327152233,0.34790788898,0.641652469929,9.54967592739e+249,4,0
720,1.44,1,-2.17580485344,0,-2.16115736961,0,0,-0.37745734498,-0.144667490292,-2.17580492316,-1.1373207486,1.84000364112,0.746049025307,-3.4873094983,2.01116268389e+254,-2.16115748391,-1.67596890324e+252,-0.627365353116,2.53,-0.234705648005,-2.51120474637e-07,6.27801186546e-05,-1.67596890324e+252,-0.377747037313,-0.14503450701,-0.862071001121,1.67306427776e+251,6.97110115734e+249,1.84327533102e+252,6.97110115734e+249,-9.36148843021,-2.16115748391,2.21227895228e+254,-0.335801282042,-0.391271723296,1.84000364112,0.746049025307,1.79834757818,0.992653258311,-2.01116268389e+253,4,0
720,1.44,2,0.229295358062,0,-0.641708910465,0,0,0.596821681634,0.180834362786,0.229295354449,-1.17121558629,0.315456248974,1.66030523932,0.824093335802,-6.0548174092e+254,-0.641708904229,5.04568117434e+252,-0.283377881391,-0.26,0,3.13900585969e-07,-7.84751464901e-05,5.04568117434e+252,0.597183797051,0.181293133673,-0.283377881391,-5.03693649292e+251,-2.09872353872e+250,-5.54937482363e+252,-2.09872353872e+250,13.4479186968,-0.641708904229,-6.66029915012e+254,0.544751603423,0.489089653028,0.315456248974,1.66030523932,0.367526327186,1.35204994908,6.0548174092e+253,4,0
730,1.46,1,-2.19622707367,0,-2.16115736961,0,0,-0.380402969582,-0.149791809762,-2.19622701723,-0.979348373,1.85265346441,0.593560827794,-3.47216689269,1.2751451383e+258,-2.16115748391,-1.06262094858e+256,-0.503707985352,2.53,-0.282801094293,-1.26216952501e-07,3.15542381187e-05,-1.06262094858e+256,-0.380702771567,-0.149995655327,-0.786509079645,1.06077931782e+255,4.41991382427e+253,1.16869888037e+256,4.41991382427e+253,13.6531067643,-2.16115748391,1.40265965213e+258,-0.343573552816,-0.385787545206,1.85265346441,0.593560827794,1.81582404765,0.829556563237,-1.2751451383e+257,4,0
730,1.46,2,0.203561350703,0,-0.641708910465,0,0,0.600503712384,0.187239762046,0.203561358091,-1.31188356701,0.350905583777,1.79411799731,0.826810455715,-3.83895894871e+258,-0.641708904229,3.19913245726e+256,-0.288529496337,-0.26,0,1.5777118112e-07,-3.94427952779e-05,3.19913245726e+256,0.600878464865,0.187494568989,-0.288529496337,-3.19358803359e+255,-1.33066168066e+254,-3.51849126062e+256,-1.33066168066e+254,-4.61287545711,-0.641708904229,-4.22285484359e+258,0.554466941868,0.482234430298,0.350905583777,1.79411799731,0.396942354293,1.49912332906,3.83895894871e+257,4,0
740,1.48,1,-2.21581292152,0,-2.16115736961,0,0,-0.383400182372,-0.149153742411,-2.21581285755,-0.986595064662,1.86467771497,0.617655617825,-3.34855065711,8.08485129899e+261,-2.16115748391,-6.73737608249e+259,-0.508859717509,2.53,-0.257491241437,1.30042718649e-07,-3.25106796562e-05,-6.73737608249e+259,-0.383698288731,-0.148955647477,-0.766350958946,6.72569952082e+258,2.80237480034e+257,7.40994603457e+259,2.80237480034e+257,5.09024525039,-2.16115748391,8.89333642888e+261,-0.351135142576,-0.368939446836,1.86467771497,0.617655617825,1.83241267517,0.83744132225,-8.08485129899e+260,4,0
740,1.48,2,0.177971363068,0,-0.641708910465,0,0,0.604250228367,0.186442177684,0.177971369499,-1.24400555829,0.385947559542,1.70517986532,0.790417040307,-2.43402976736e+262,-0.641708904229,2.02835813947e+260,-0.305571003173,-0.26,0,-1.62553409844e-07,4.06383524618e-05,2.02835813947e+260,0.604622861315,0.186194558998,-0.305571003173,-2.0248427874e+259,-8.43684494751e+257,-2.23084241821e+260,-8.43684494751e+257,3.91225347876,-0.641708904229,-2.67743274409e+262,0.56391892904,0.461174307034,0.385947559542,1.70517986532,0.426278858868,1.43044773597,2.43402976736e+261,4,0
750,1.5,1,-2.23578548431,0,-2.16115736961,0,0,-0.386379015644,-0.150240357109,-2.23578549473,-1.00851330263,1.87742746344,0.651990619696,-3.74189941121,5.12606906958e+265,-2.16115748391,-4.27172422465e+263,-0.514922690579,2.53,-0.231612167609,-3.93585848968e-07,9.83964622485e-05,-4.27172422465e+263,-0.386680147645,-0.150861189977,-0.746534858188,4.26432088977e+262,1.77680037074e+261,4.69815631363e+263,1.77680037074e+261,13.7070219708,-2.16115748391,5.63867597654e+265,-0.358358031288,-0.35652268293,1.87742746344,0.651990619696,1.84940647908,0.858272945517,-5.12606906958e+264,4,0
750,1.5,2,0.153969809413,0,-0.641708910465,0,0,0.607973769949,0.187800445936,0.153969810092,-1.16459946892,0.418977729807,1.61025282089,0.916456510598,-1.54325716621e+266,-0.641708904229,1.28604763851e+264,-0.279182493367,-0.26,0,4.91982307782e-07,-0.000122995576935,1.28604763851e+264,0.60835018495,0.188576487016,-0.279182493367,-1.28381878645e+263,-5.34924494353e+261,-1.41442951715e+264,-5.34924494353e+261,16.2210520329,-0.641708904229,-1.69758288283e+266,0.572947539898,0.445653351974,0.418977729807,1.61025282089,0.454003959857,1.35239991486,1.54325716621e+265,4,0
760,1.52,1,-2.2561109066,0,-2.16115736961,0,0,-0.38940176289,-0.149874276738,-2.2561108199,-1.0227200964,1.89072702805,0.680802005348,-3.2751754408,3.25010110073e+269,-2.16115748391,-2.70841758395e+267,-0.526697454142,2.53,-0.248137079905,4.06479580384e-07,-0.000101619895101,-2.70841758395e+267,-0.389700919126,-0.149273258334,-0.774834534047,2.70372361933e+266,1.12655150805e+265,2.97878994588e+267,1.12655150805e+265,11.341501254,-2.16115748391,3.57511121081e+269,-0.36538379185,-0.341918091049,1.89072702805,0.680802005348,1.86670905701,0.872845819659,-3.25010110073e+268,4,0
760,1.52,2,0.131377592683,0,-0.641708910465,0,0,0.611752203997,0.187342845343,0.1313775908,-1.10114967243,0.450352149766,1.52854728436,0.773599712804,-9.78477220367e+269,-0.641708904229,8.15397683639e+267,-0.245993644932,-0.26,0,-5.08099488039e-07,0.000127024871999,8.15397683639e+267,0.612126149291,0.186591572319,-0.245993644932,-8.13984516076e+266,-3.39160215032e+265,-8.96796135247e+267,-3.39160215032e+265,9.24487306454,-0.641708904229,-1.0763249424e+270,0.581729740566,0.427397611937,0.450352149766,1.52854728436,0.480374613197,1.28849251777,9.78477220367e+268,4,0
770,1.54,1,-2.27667379379,0,-2.16115736961,0,0,-0.392335879839,-0.143988976874,-2.27667383934,-1.03251903465,1.90470522649,0.714843862056,-3.46967809672,2.06067398266e+273,-2.16115748391,-1.71722831888e+271,-0.540583575965,2.53,-0.275414178054,1.34994953604e-07,-3.37487384071e-05,-1.71722831888e+271,-0.39262360943,-0.143763549628,-0.81599775402,1.71425218661e+270,7.14271744422e+268,1.88865353754e+271,7.14271744422e+268,-0.724188481401,-2.16115748391,2.26674138092e+273,-0.371968612851,-0.317675172593,1.90470522649,0.714843862056,1.8843379595,0.888530057775,-2.06067398266e+272,4,0
770,1.54,2,0.109933108091,0,-0.641708910465,0,0,0.615419850169,0.17998622034,0.109933108806,-1.04883612535,0.48002765797,1.44593008896,0.831192160874,-6.20387639689e+273,-0.641708904229,5.1698969974e+271,-0.263843634691,-0.26,0,-1.68743700013e-07,4.21859249976e-05,5.1698969974e+271,0.615779512157,0.179704436271,-0.263843634691,-5.16093703727e+270,-2.1503904322e+269,-5.68599070113e+271,-2.1503904322e+269,-14.519186463,-0.641708904229,-6.82426403657e+273,0.589960766777,0.39709396361,0.48002765797,1.44593008896,0.505486741363,1.22882234569,6.20387639689e+272,4,0
780,1.56,1,-2.29739522934,0,-2.16115736961,0,0,-0.395226478477,-0.144835799273,-2.29739530525,-1.03931038746,1.91917285311,0.731950861203,-3.39105316674,1.30653697568e+277,-2.16115748391,-1.08878081307e+275,-0.54350800904,2.53,-0.273064687827,3.72990370145e-07,-9.3247592534e-05,-1.08878081307e+275,-0.395515644189,-0.144303113145,-0.816572696867,1.08689384459e+274,4.52872435244e+272,1.19747019752e+275,4.52872435244e+272,10.3680387127,-2.16115748391,1.43719067325e+277,-0.378222452145,-0.307359526255,1.91917285311,0.731950861203,1.90216882678,0.894474588185,-1.30653697568e+276,4,0
780,1.56,2,0.0894347056746,0,-0.641708910465,0,0,0.619033098452,0.181044748246,0.0894347052607,-1.00500850227,0.50834336059,1.38920790787,0.81009576911,-3.93346738654e+277,-0.641708904229,3.27788948878e+275,-0.243790786267,-0.26,0,-4.66237972563e-07,0.000116559493149,3.27788948878e+275,0.61939455559,0.180378890572,-0.243790786267,-3.27220857112e+274,-1.36342023797e+273,-3.60511034589e+275,-1.36342023797e+273,6.0492185453,-0.641708904229,-4.32681412519e+277,0.59777806585,0.384199405593,0.50834336059,1.38920790787,0.529598393191,1.18605325052,3.93346738654e+276,4,0
790,1.58,1,-2.31826305389,0,-2.16115736961,0,0,-0.398037792183,-0.135138035409,-2.31826305719,-1.04193766886,1.93416557028,0.76368443172,-3.17896248268,8.28388616143e+280,-2.16115748391,-6.90323846786e+278,-0.554477865899,2.53,-0.201653810328,7.36452811734e-07,-0.000184113202933,-6.90323846786e+278,-0.398306946139,-0.134024638623,-0.756131676228,6.89127444972e+277,2.87136435405e+276,7.59236591283e+278,2.87136435405e+276,-0.31674246699,-2.16115748391,9.11227477758e+280,-0.384097486911,-0.278253237143,1.93416557028,0.76368443172,1.92022526501,0.906799633455,-8.28388616143e+279,4,0
790,1.58,2,0.0697834938765,0,-0.641708910465,0,0,0.622547240565,0.168922543243,0.0697834938921,-0.969908523502,0.535338365369,1.31772506747,0.737506889608,-2.49395131224e+281,-0.641708904229,2.0782927602e+279,-0.254356751194,-0.26,0,-9.20566025853e-07,0.000230141506473,2.0782927602e+279,0.622883683008,0.167530797243,-0.254356751194,-2.07469086633e+278,-8.64454527638e+276,-2.28576184683e+279,-8.64454527638e+276,15.0694688708,-0.641708904229,-2.74334644346e+281,0.605121859261,0.347816543969,0.535338365369,1.31772506747,0.552763746673,1.13883106675,2.49395131224e+280,4,0
800,1.6,1,-2.33894968033,0,-2.16115736961,0,0,-0.400660599156,-0.12988767839,-2.33894969012,-1.0277932869,1.94953378379,0.768987149002,-3.83586915788,5.25226390167e+284,-2.16115748391,-4.37688658473e+282,-0.546234946912,2.53,-0.244911384188,-2.03678074184e-07,5.09195185424e-05,-4.37688658473e+282,-0.400920785061,-0.130245711211,-0.7911463311,4.36930099273e+281,1.8205420803e+280,4.813816684e+282,1.8205420803e+280,3.60291246004,-2.16115748391,5.77749029184e+284,-0.389415906331,-0.258806137894,1.94953378379,0.768987149002,1.93828909096,0.897905608506,-5.25226390167e+283,4,0
800,1.6,2,0.0505331233144,0,-0.641708910465,0,0,0.625825749259,0.162359596848,0.0505331224932,-0.956988912035,0.561236760993,1.28049658181,0.939274041478,-1.58124945159e+285,-0.641708904229,1.31770787632e+283,-0.2140794887,-0.26,0,2.54597588345e-07,-6.36493970725e-05,1.31770787632e+283,0.626150981639,0.162807137867,-0.2140794887,-1.31542415383e+282,-5.48093397431e+280,-1.44925029171e+283,-5.48093397431e+280,-14.429391552,-0.641708904229,-1.73937439675e+285,0.611769883486,0.323507669776,0.561236760993,1.28049658181,0.575292626766,1.11934850888,1.58124945159e+284,4,0
810,1.62,1,-2.35940432549,0,-2.16115736961,0,0,-0.403221085219,-0.122729547562,-2.35940431185,-1.02278378907,1.96497122354,0.785856224753,-3.0569257947,3.33011289088e+288,-2.16115748391,-2.77509407574e+286,-0.530287822724,2.53,-0.223177855795,1.05511221676e-06,-0.000263778054194,-2.77509407574e+286,-0.403464983651,-0.121157882183,-0.753465678519,2.77028455394e+285,1.15428523081e+284,3.05212253113e+286,1.15428523081e+284,13.487988983,-2.16115748391,3.66312417997e+288,-0.394433088311,-0.236927564317,1.96497122354,0.785856224753,1.95618322663,0.900054241508,-3.33011289088e+287,4,0
810,1.62,2,0.0315715000033,0,-0.641708910465,0,0,0.629026356814,0.153411933186,0.0315715015858,-0.935299868774,0.586469859321,1.23145932145,0.692496496745,-1.0025656138e+289,-0.641708904229,8.35471344836e+286,-0.209462899807,-0.26,0,-1.31889028221e-06,0.000329722570551,8.35471344836e+286,0.629331229852,0.151447351445,-0.209462899807,-8.34023387566e+285,-3.47509744819e+284,-9.18873683593e+286,-3.47509744819e+284,11.5659892946,-0.641708904229,-1.10282217518e+289,0.618041360907,0.296159452673,0.586469859321,1.23145932145,0.597454855228,1.08871180196,1.0025656138e+288,4,0
820,1.64,1,-2.37988781929,0,-2.16115736961,0,0,-0.405517975512,-0.107898011455,-2.37988780692,-1.03279010093,1.98107586465,0.82986836165,-3.36996784725,2.11140416278e+292,-2.16115748391,-1.75950346899e+290,-0.546999479111,2.53,-0.211741893498,5.5289288331e-07,-0.000138223220822,-1.75950346899e+290,-0.405732871426,-0.107033287694,-0.758741372609,1.75645406956e+289,7.31855862317e+287,1.93514887594e+290,7.31855862317e+287,-15.799317998,-2.16115748391,2.32254457906e+292,-0.398811942271,-0.202921739282,1.98107586465,0.82986836165,1.97436983141,0.924892089477,-2.11140416278e+291,4,0
820,1.64,2,0.0131546547636,0,-0.641708910465,0,0,0.631897469653,0.134872512899,0.0131546545832,-0.899117434839,0.610360273718,1.15276960605,0.778000370072,-6.35660495547e+292,-0.641708904229,5.29717079623e+290,-0.186887918801,-0.26,0,-6.91116111562e-07,0.000172779027884,5.29717079623e+290,0.632166089544,0.133791608186,-0.186887918801,-5.28799025759e+289,-2.20332927399e+288,-5.82596982199e+290,-2.20332927399e+288,-0.0115366189827,-0.641708904229,-6.99226545102e+292,0.623514928302,0.253652171208,0.610360273718,1.15276960605,0.61874281507,1.03398994774,6.35660495547e+291,4,0
830,1.66,1,-2.40060019493,0,-2.16115736961,0,0,-0.407639070854,-0.103861961932,-2.40060016733,-1.04428556092,1.99786304276,0.855174477218,-3.22621121558,1.33870162505e+296,-2.16115748391,-1.11558468754e+294,-0.541956076861,2.53,-0.243017071307,8.8582359703e-07,-0.000221455899255,-1.11558468754e+294,-0.407845540403,-0.102570406733,-0.784973148168,1.11365126521e+293,4.64021360502e+291,1.22694981406e+294,4.64021360502e+291,-16.3944673527,-2.16115748391,1.47257178755e+296,-0.402737124571,-0.189111083702,1.99786304276,0.855174477218,1.99296109648,0.940423598988,-1.33870162505e+295,4,0
830,1.66,2,-0.00454028742388,0,-0.641708910465,0,0,0.634548838802,0.129827450902,-0.00454028749166,-0.864379771238,0.63296169361,1.10076862291,0.731372008019,-4.03030245638e+296,-0.641708904229,3.35858538032e+294,-0.211680931518,-0.26,0,-1.10727950486e-06,0.000276819876205,3.35858538032e+294,0.634806925735,0.128213006891,-0.211680931518,-3.35276460843e+293,-1.39698525351e+292,-3.69386184116e+294,-1.39698525351e+292,16.2363710243,-0.641708904229,-4.43333270202e+296,0.628421406118,0.236388851674,0.63296169361,1.10076862291,0.639089126294,0.99420722214,4.03030245638e+295,4,0
840,1.68,1,-2.42155385017,0,-2.16115736961,0,0,-0.409544586453,-0.0852714005652,-2.4215537994,-1.05478959461,2.01538934398,0.903272081902,-2.94183724045,8.4878209132e+299,-2.16115748391,-7.07318409433e+297,-0.559937980288,2.53,-0.205598657396,1.31486234833e-06,-0.000328715587083,-7.07318409433e+297,-0.409713128405,-0.0832848292653,-0.765536637684,7.06092554304e+296,2.9420523096e+295,7.77927664863e+297,2.9420523096e+295,-5.09284385419,-2.16115748391,9.33660300451e+299,-0.406164455419,-0.151517512712,2.01538934398,0.903272081902,2.01200921295,0.969518194049,-8.4878209132e+298,4,0
840,1.68,2,-0.02155957371,0,-0.641708910465,0,0,0.636930733268,0.106589249054,-0.021559574354,-0.834094112188,0.654265143972,1.02349099999,0.627140178369,-2.55534802048e+300,-0.641708904229,2.12945668373e+298,-0.164367873622,-0.26,0,-1.6435779443e-06,0.000410894486069,2.12945668373e+298,0.637141410705,0.104106034916,-0.164367873622,-2.12576611756e+297,-8.85735882315e+295,-2.34203329549e+298,-8.85735882315e+295,-20.4585549223,-0.641708904229,-2.81088282253e+300,0.632705569618,0.1893968878,0.654265143972,1.02349099999,0.658490307622,0.940683361242,2.55534802048e+299,4,0
850,1.7,1,-2.44271659851,0,-2.16115736961,0,0,-0.411096887413,-0.0737538231052,-2.44271649007,-1.06659803677,2.03382712031,0.939038460594,-3.80897680676,5.38156542925e+303,-2.16115748391,-4.48463785771e+301,-0.55125860002,2.53,-0.258932364111,2.23152903933e-08,-5.57882259378e-06,-4.48463785771e+301,-0.411244502618,-0.0737908662502,-0.810190964131,4.47686552173e+300,1.86536063406e+299,4.93232440988e+301,1.86536063406e+299,-10.9943105697,-2.16115748391,5.91972197218e+303,-0.408889369757,-0.127559576178,2.03382712031,0.939038460594,2.03161960265,0.992844213667,-5.38156542925e+302,4,0
850,1.7,2,-0.0380036756396,0,-0.641708910465,0,0,0.638871109434,0.092192277127,-0.0380036746822,-0.804584948468,0.674115387159,0.964034415534,0.887475054871,-1.62017704041e+304,-0.641708904229,1.35014753368e+302,-0.192952674583,-0.26,0,-2.78941175713e-08,6.97352939892e-06,1.35014753368e+302,0.639055628438,0.0922385810515,-0.192952674583,-1.34780758995e+301,-5.61586495811e+299,-1.48492829267e+302,-5.61586495811e+299,-12.5675422666,-0.641708904229,-1.78219474446e+304,0.636111712477,0.159449467065,0.674115387159,0.964034415534,0.676874784117,0.896777225596,1.62017704041e+303,4,0
860,1.72,1,-2.4641289711,0,-2.16115736961,0,0,-0.412479744563,-0.0601353655656,-2.46412895699,-1.07702983807,2.05288099236,0.975788305807,-2.7801681408,3.41209443101e+307,-2.16115748391,-2.84341202584e+305,-0.557758036179,2.53,-0.290627408565,1.62565890072e-06,-0.000406414725186,-2.84341202584e+305,-0.412597600588,-0.0577087685071,-0.848385444744,2.83848410205e+304,1.18270170919e+303,3.12726043605e+305,1.18270170919e+303,11.4929775743,-2.16115748391,3.75330387411e+307,-0.41124796463,-0.101241532263,2.05288099236,0.975788305807,2.05164921242,1.0168944725,-3.41209443101e+306,4,0
860,1.72,2,-0.05386755988,0,-0.641708910465,0,0,0.640599680836,0.0751692051023,-0.0538675603025,-0.779578148487,0.692927516307,0.906130060597,0.555850767609,-1.02724702125e+308,-0.641708904229,8.56039184373e+305,-0.146067253755,-0.26,0,-2.03207363358e-06,0.000508018408403,8.56039184373e+305,0.640747000864,0.0721359587675,-0.146067253755,-8.54555580934e+304,-3.56064825389e+303,-9.41494742466e+305,-3.56064825389e+303,9.15524218089,-0.641708904229,-1.12997172337e+308,0.639059956004,0.12655191211,0.692927516307,0.906130060597,0.694467241138,0.85474735359,1.02724702125e+307,4,0
