cycle,t,joint_id,motor_q,motor_dq,motor_tau,motor_kp,motor_kd,q_ref_shaped,dq_ref_shaped,q_actual,dq_actual,q_error_raw,dq_error_raw,u_star,u_feedback,u_t,eta_q,eta_dq,x_hat_q,x_hat_dq,rho_q,rho_dq,x_bar_q,q_ref_shaped_next,dq_ref_shaped_next,x_bar_dq,r_d_q,r_d_dq,e_q,e_dq,observer_qacc,observer_tau_applied,u_raw,q_ref_raw,dq_ref_raw,q_error_raw2,dq_error_raw2,q_error_shaped,dq_error_shaped,eta_u,flags,joint_flags
0,0,1,-0.414400011301,0,0.20000000298,0,0,-0.4144,0,-0.4144,0,0,-0.000596700463356,-3.76504506842,0,0.2,-0.4144,0,0,0,-2.05735428693e-12,5.14335262627e-10,-0.4144,-0.414400000002,-2.32626813238e-09,0,0.0506971640755,0.0193790485031,0.465097164075,0.0193790485031,3.94498265864,0.2,55.9085549316,-0.4144,-0.000596700463356,0,-0.000596700463356,0,0,-59.6736,4,0
0,0,2,0.643000006676,0,-0.20000000298,0,0,0.643,0,0.643,0,0,0.000745872260646,0.807493368248,0,-0.2,0.643,0,0,0,2.57160959194e-12,-6.42905513529e-10,0.643,0.643000000002,2.90782222792e-09,0,-0.120545289138,-0.0318143870474,-0.763545289138,-0.0318143870474,-4.02758156744,-0.2,-91.7845066318,0.643,0.000745872260646,0,0.000745872260646,0,0,92.592,4,0
10,0.02,1,-0.414728581905,0,-1.79999995232,0,0,-0.414400000327,2.50388597634e-08,-0.414728587105,-0.0483597676815,0.000326123925244,0.0487941656188,-3.76503108757,0.00793791286882,-1.8,-0.000116797600952,-0.0108072513622,-0.414472880223,0.0137719537561,2.13670747762e-11,-5.34177393538e-09,-0.414589677824,-0.414400000246,5.63492049257e-08,0.00296470239388,-0.444502116514,-0.00125422980228,-0.0299124386903,-0.00421893219616,1.95507844858,-1.8,-3.61058730382,-0.41440246318,0.000434397937324,0.000326123925244,0.0487941656188,0.000328586777793,0.0483597927204,-0.146505870883,4,0
10,0.02,2,0.643574774265,0,0.476509273052,0,0,0.643000000409,-3.12984354504e-08,0.643574751938,0.078573225924,-0.000571672977041,-0.0791162209297,0.807488995555,-0.183155130101,0.476509284003,0.000117710416035,0.0109061901284,0.643315543598,0.0153267180713,-2.67087463257e-11,6.67718928406e-09,0.643433254014,0.643000000308,-7.04361927704e-08,0.0262329081997,0.648487676644,0.000228621878031,0.0050544226301,-0.0260042863217,-1.43593324199,0.476509284003,0.476509284003,0.643003078961,-0.000542995005749,-0.000571672977041,-0.0791162209297,-0.00057475152903,-0.0785732572224,0.14782458145,4,0
20,0.04,1,-0.416943728924,0,-2.77001094818,0,0,-0.414399997759,3.83562947459e-08,-0.416943743532,-0.165878386257,0.00254798249166,0.165739951749,-3.76508231777,0.802544748174,-2.7700108731,-0.000154737621526,-0.0141870399168,-0.416618676005,-0.0893598905468,-6.35007602057e-11,1.58751939653e-08,-0.416773413627,-0.414399997771,-5.3598054414e-08,-0.103546930464,-0.444119697902,-0.00123828248297,-0.027346284275,0.102308647981,1.12962865708,-2.7700108731,-2.7700108731,-0.41439576104,-0.000138434507498,0.00254798249166,0.165739951749,0.00254374577225,0.165878424613,-0.192526696501,4,0
20,0.04,2,0.646265804768,0,-0.289860069752,0,0,0.642999997199,-4.79451551097e-08,0.646265817053,0.170842294339,-0.00327111572926,-0.170669251974,0.807504918592,-0.891545379255,-0.289860059218,0.000165451265614,0.0151662180255,0.645918392613,0.08913048958,7.93756171902e-11,-1.98439139138e-08,0.646083843878,0.642999997214,6.69972699349e-08,0.104296707606,0.648005351681,0.000208508491599,0.00192150780294,-0.104088199114,-4.86006596265,-0.289860059218,-0.289860059218,0.642994701323,0.000173042364471,-0.00327111572926,-0.170669251974,-0.00326581985356,-0.170842342284,0.205819598555,4,0
30,0.06,1,-0.421189695597,0,-1.84225988388,0,0,-0.414399972952,9.98840577442e-06,-0.421189693601,-0.240498419812,0.00681253807371,0.248178236065,-3.76276339311,1.77623076381,-1.84225990494,-0.000116338086792,-0.0106266699894,-0.420949541212,-0.184627742057,3.79151715579e-09,-9.47879284879e-07,-0.421065879298,-0.414399947731,1.54540247282e-05,-0.195254412047,-0.444501801739,-0.00124425446034,-0.0234359224406,0.194010157586,2.21008048876,-1.84225990494,-1.84225990494,-0.414377155527,0.00767981625359,0.00681253807371,0.248178236065,0.00678972064886,0.240508408218,-0.144272724371,4,0
30,0.06,2,0.649734079838,0,-0.714355647564,0,0,0.64299996619,-1.24855124484e-05,0.649734104346,0.161499808447,-0.00676265997009,-0.171099582083,0.806774129055,-1.37602802724,-0.714355655883,0.000117153652882,0.0106859693069,0.649493708107,0.105845656955,-4.73939687495e-09,1.18484921167e-06,0.64961086176,0.642999934664,-1.93175367157e-05,0.116531626262,0.648504346402,0.000216863663065,-0.00110651535742,-0.116314762599,-6.67032477823,-0.714355655883,-0.714355655883,0.642971444376,-0.00959977363577,-0.00676265997009,-0.171099582083,-0.00673413815588,-0.16151229396,0.145101757698,4,0
40,0.08,1,-0.426328986883,0,-1.07262122631,0,0,-0.41439880784,0.000131973284938,-0.426328997618,-0.264901020605,0.0124979369548,0.313788416645,-3.756392538,2.5788211029,-1.0726211808,-8.44869955969e-05,-0.00773201057823,-0.426153286102,-0.223765070544,1.37005730649e-08,-3.42514326038e-06,-0.426237773098,-0.414398523762,0.00015231472383,-0.231497081122,-0.444774757514,-0.0011336912848,-0.0185369844165,0.230363389837,3.0914944855,-1.0726211808,-1.0726211808,-0.413831060663,0.04888739604,0.0124979369548,0.313788416645,0.0119301897773,0.26503299389,-0.104950254305,4,0
40,0.08,2,0.652280449867,0,-0.725133895874,0,0,0.6429985098,-0.000164966618242,0.65228047759,0.0956844039633,-0.00999165186087,-0.15679365231,0.80467656856,-1.43553401295,-0.725133897984,7.60122734817e-05,0.00694422385075,0.652123573629,0.059171785676,-1.71257168446e-08,4.28142920167e-06,0.652199585902,0.642998154702,-0.00019039341767,0.0661160095267,0.648908250791,8.12725897199e-05,-0.00329133511083,-0.066034736937,-6.55909078706,-0.725133897984,-0.725133897984,0.642288825729,-0.061109248347,-0.00999165186087,-0.15679365231,-0.00928196778983,-0.0958493705815,0.0942764535904,4,0
50,0.1,1,-0.431621938944,0,-0.443208098412,0,0,-0.414393912006,0.000361395321284,-0.431621927291,-0.261417823339,0.019089834602,0.33536685691,-3.7550228297,3.22315933456,-0.443208112761,-7.12278860441e-05,-0.00653321389887,-0.431472382224,-0.226144503189,1.56463250689e-08,-3.91158126947e-06,-0.43154361011,-0.414393166793,0.000384341164443,-0.232677717088,-0.444894022486,-0.000909442615395,-0.013350412376,0.231768274473,3.80046022695,-0.443208112761,-0.443208112761,-0.412532092689,0.0739490335709,0.019089834602,0.33536685691,0.0172280152856,0.26177921866,-0.0886553823768,4,0
50,0.1,2,0.653397917747,0,-0.521375477314,0,0,0.642992390007,-0.000451744172879,0.653397891214,0.0249083266952,-0.0127327755174,-0.117344621924,0.804030697674,-1.25452357539,-0.521375488242,5.70233267708e-05,0.00522260428957,0.653278920675,-0.00301492925553,-1.95579069606e-08,4.88947675166e-06,0.653335944001,0.642991458491,-0.000480426477885,0.00220767503404,0.649091368895,-0.000197620052552,-0.00424457510674,-0.00240529508659,-5.50978035331,-0.521375488242,-0.521375488242,0.640665115697,-0.0924362952289,-0.0127327755174,-0.117344621924,-0.0104055012074,-0.0253600708681,0.0708826105299,4,0
60,0.12,1,-0.436658263206,0,0.0840536057949,0,0,-0.414383438341,0.000743140342969,-0.436658270247,-0.242098316274,0.025803145955,0.34288896024,-3.74032745742,3.73984375149,0.084053602716,-6.78514367679e-05,-0.00623055847895,-0.436515116542,-0.208206340159,3.81673597727e-08,-9.54183993962e-06,-0.436582967979,-0.41438189584,0.000799875677585,-0.214436898638,-0.444795557429,-0.000524031285723,-0.00821258945039,0.213912867352,4.38426740031,0.084053602716,0.084053602716,-0.410855124292,0.100790643966,0.025803145955,0.34288896024,0.0222748319065,0.242841456617,-0.0845373086419,4,0
60,0.12,2,0.653273046017,0,-0.253498703241,0,0,0.642979297925,-0.000928925461417,0.653273036196,-0.0284808056692,-0.0147041310611,-0.0975075025084,0.799091199588,-0.990848260898,-0.253498709148,4.96047292102e-05,0.0045498805693,0.653168875249,-0.0530495231428,-4.77092004791e-08,1.1927300112e-05,0.653218479979,0.642977369799,-0.000999844630927,-0.0484996425735,0.649113228338,-0.000673345027535,-0.00410525164065,0.0478262975459,-4.23405822353,-0.253498709148,-0.253498709148,0.638568905135,-0.125988308178,-0.0147041310611,-0.0975075025084,-0.0102937382716,0.0275518802078,0.0617416478379,4,0
70,0.14,1,-0.441192030907,0,0.494899809361,0,0,-0.414362188145,0.0014127915177,-0.441192025822,-0.212958801381,0.0327653926846,0.352182228795,-3.73252016037,4.14209279983,0.494899814435,-6.84539823409e-05,-0.00628915012631,-0.441047279618,-0.178631527391,4.85248902171e-08,-1.21312225526e-05,-0.441115733601,-0.414359289605,0.00148566359262,-0.184920677517,-0.44470278837,0.000148599841654,-0.00358705476967,0.185069277359,4.83316416528,0.494899814435,0.494899814435,-0.408426633137,0.139223427414,0.0327653926846,0.352182228795,0.0268298376762,0.214371592899,-0.0853271749728,4,0
70,0.14,2,0.652326405048,0,0.00252546416596,0,0,0.64295273518,-0.00176598944303,0.652326431331,-0.0594030796299,-0.0167931402035,-0.114626207764,0.796014724292,-0.735109695838,0.00252546408079,4.68675151829e-05,0.00430255351557,0.652227652391,-0.0827694372142,-6.06561136873e-08,1.51640284253e-05,0.652274519906,0.642949112005,-0.0018570795381,-0.0784668836986,0.649089041536,-0.00151031001151,-0.00318547836962,0.0769565736871,-3.07355813841,0.00252546408079,0.00252546408079,0.635533291128,-0.174029287394,-0.0167931402035,-0.114626207764,-0.0093736961515,0.0576370901868,0.0583795643732,4,0
80,0.16,1,-0.445074647665,0,0.804165959358,0,0,-0.414326766076,0.0021645662603,-0.44507465093,-0.177988826225,0.0395731422159,0.331819662133,-3.72043608636,4.43666214662,0.804165936009,-7.05558854447e-05,-0.00648165235376,-0.444925490608,-0.142623480679,6.65466020622e-08,-1.66366505133e-05,-0.444996046494,-0.414322339094,0.00226340067906,-0.149105133033,-0.444545105436,0.000905468786951,0.000450941057594,0.150010601819,5.16465617265,0.804165936009,0.804165936009,-0.405501508714,0.153830835908,0.0395731422159,0.331819662133,0.0307478848538,0.180153392486,-0.0879398757492,4,0
80,0.16,2,0.650992274284,0,0.201206639409,0,0,0.642908457592,-0.00270570788664,0.650992259908,-0.0701567303863,-0.0191153743717,-0.122131817581,0.791518042098,-0.5328479179,0.201206633094,4.61350872328e-05,0.00423500321192,0.650895021167,-0.0931558954244,-8.31832536186e-08,2.0795813411e-05,0.650941156255,0.642902923865,-0.00282925091168,-0.0889208922125,0.649014977254,-0.0024512695674,-0.0019261790011,0.0864696226451,-2.21319470472,0.201206633094,0.201206633094,0.631876885537,-0.192288547967,-0.0191153743717,-0.122131817581,-0.00808380231654,0.0674510224997,0.0574634911046,4,0
90,0.18,1,-0.44820702076,0,1.01441919804,0,0,-0.414272106578,0.0033759382974,-0.448207019131,-0.138668282118,0.0461424186502,0.330075036709,-3.7007205598,4.62537783654,1.01441916414,-7.20163512072e-05,-0.00661596106804,-0.448054776725,-0.10257119199,9.41067424542e-08,-2.35266856184e-05,-0.448126793076,-0.414265214144,0.00351679718186,-0.109187153058,-0.444311277509,0.00212430617525,0.00381551556645,0.111311459233,5.38202912282,1.01441916414,1.01441916414,-0.402064600481,0.191406754591,0.0461424186502,0.330075036709,0.0339349125529,0.142044220415,-0.0897618873903,4,0
90,0.18,2,0.649598002434,0,0.332748800516,0,0,0.642840133218,-0.0042199229492,0.649597974177,-0.0678033616364,-0.0220172239923,-0.171455084548,0.784198595932,-0.395409185841,0.332748796221,4.49834869443e-05,0.00413024931243,0.649503096933,-0.0902590679444,-1.1763342922e-07,2.94083573017e-05,0.64954808042,0.642831517675,-0.00439599655643,-0.086128818632,0.648897599966,-0.00396752850134,-0.000650480453599,0.0821612901306,-1.67308538428,0.332748796221,0.332748796221,0.627580750185,-0.239258446184,-0.0220172239923,-0.171455084548,-0.00675784095911,0.0635834386872,0.0560406138691,4,0
100,0.2,1,-0.450532376766,0,1.10300159454,0,0,-0.414190450859,0.00476614833566,-0.450532370851,-0.0980124155309,0.0525795417809,0.311452853724,-3.70260737656,4.71340786743,1.10300154651,-7.39619413072e-05,-0.00679587800757,-0.450375906882,-0.0608935160038,8.79697959477e-08,-2.19924489916e-05,-0.450449868823,-0.414180789949,0.0048964323934,-0.0676893940114,-0.444225026839,0.00351470766983,0.00622484198424,0.0712041016812,5.46439092647,1.10300154651,1.10300154651,-0.39795282907,0.213440438194,0.0525795417809,0.311452853724,0.0363419199918,0.102778563867,-0.0922010556391,4,0
100,0.2,2,0.648349642754,0,0.407308727503,0,0,0.642738063568,-0.00595768551474,0.648349660437,-0.056991264294,-0.0259086245731,-0.209809286292,0.783407835771,-0.319937389729,0.407308712718,4.50565467286e-05,0.00413946588292,0.64825439642,-0.0795830190323,-1.09962246198e-07,2.74905615561e-05,0.648299452967,0.64272598743,-0.00612054058887,-0.0754435531494,0.64878794449,-0.00570560714301,0.000488491522386,0.0697379460063,-1.39495358094,0.407308712718,0.407308712718,0.622441035864,-0.266800550586,-0.0259086245731,-0.209809286292,-0.00561159686916,0.0510335787792,0.0561617333239,4,0
110,0.22,1,-0.452048778534,0,1.14117002487,0,0,-0.414079488982,0.00646855306282,-0.452048777129,-0.0576741996987,0.0585363318838,0.294220218483,-3.66560112135,4.71279550015,1.14117007926,-7.54064033233e-05,-0.00692643153242,-0.451889455951,-0.0199151544926,1.40796084458e-07,-3.51990211151e-05,-0.451964862355,-0.414066342436,0.00667887005335,-0.0268415860251,-0.443791450889,0.00523055465003,0.00817341146574,0.0320721406751,5.48487408811,1.14117007926,1.14117007926,-0.393512445245,0.236546018784,0.0585363318838,0.294220218483,0.0379692881466,0.0641427527615,-0.0939757004676,4,0
110,0.22,2,0.647362887859,0,0.415772289038,0,0,0.642599361219,-0.00808569144232,0.647362892552,-0.043151253815,-0.0304723365258,-0.25253127239,0.770198170462,-0.298181431796,0.415772303006,4.51400505015e-05,0.00414535569897,0.647267612506,-0.065716152861,-1.7599510671e-07,4.39987766857e-05,0.647312752556,0.642582928037,-0.00834858768225,-0.061570797162,0.648538664386,-0.00783822047705,0.00122591182984,0.053732576685,-1.39856857299,0.415772303006,0.415772303006,0.616890556026,-0.295682526205,-0.0304723365258,-0.25253127239,-0.00476353133278,0.0350655623726,0.0562444356599,4,0
120,0.24,1,-0.452773809433,0,1.073959589,0,0,-0.413928100785,0.00869964298835,-0.45277379729,-0.0193018197558,0.064336562207,0.287673518287,-3.65547762061,4.63351714109,1.07395963021,-7.69480504261e-05,-0.00706996587184,-0.45261104578,0.0193036137295,1.48502256714e-07,-3.71255641825e-05,-0.45268799383,-0.413910477699,0.00892291974876,0.0122336478577,-0.443539671066,0.00746582755997,0.00914832276412,-0.0047678202977,5.39017201612,1.07395963021,1.07395963021,-0.388437235083,0.268371698532,0.064336562207,0.287673518287,0.0388456965048,0.0280014627441,-0.0959201097234,4,0
120,0.24,2,0.646646976471,0,0.394553929567,0,0,0.64241012597,-0.0108745538671,0.646646989396,-0.0298386903128,-0.0361004461244,-0.305625935381,0.764819550209,-0.312877560775,0.394553941416,4.60249872731e-05,0.00423003748761,0.646549529931,-0.0529793739372,-1.85627822225e-07,4.64069555479e-05,0.646595554918,0.642388097113,-0.0111536498195,-0.0487493364496,0.648295171396,-0.010629343641,0.00169961647811,0.0381199928086,-1.52155507924,0.394553941416,0.394553941416,0.610546543271,-0.335464625694,-0.0361004461244,-0.305625935381,-0.00423686342518,0.0189641364457,0.0573880480186,4,0
130,0.26,1,-0.452784538269,0,0.963018715382,0,0,-0.413732430538,0.0109236037007,-0.452784525634,0.0141244990527,0.0698270696516,0.265927572248,-3.63313284689,4.49710747493,0.963018712763,-7.94742513342e-05,-0.00729998271068,-0.452616581993,0.0539291083878,1.77442845473e-07,-4.43607113694e-05,-0.452696056245,-0.413710320472,0.0111881151322,0.0466291256771,-0.443132129079,0.00969861626146,0.00956392716535,-0.0369305094157,5.24569410428,0.963018712763,0.963018712763,-0.382957455982,0.280052071301,0.0698270696516,0.265927572248,0.0390520950958,-0.00320089535202,-0.0990440847202,4,0
130,0.26,2,0.646191298962,0,0.337345868349,0,0,0.642165538159,-0.0136545047778,0.646191298423,-0.0174899257781,-0.0424944790771,-0.332575165794,0.755606227126,-0.357455153781,0.337345878956,4.87849163989e-05,0.00448168053561,0.646088123683,-0.041958045127,-2.21803558076e-07,5.54508895166e-05,0.6461369086,0.642137900576,-0.0139851440691,-0.0374763645914,0.647945512088,-0.0134136725308,0.00180860348878,0.0240626920606,-1.7869435134,0.337345878956,0.337345878956,0.603696819346,-0.350065091572,-0.0424944790771,-0.332575165794,-0.00402576026395,0.00383542100032,0.0608051943887,4,0
140,0.28,1,-0.452172517776,0,0.81684499979,0,0,-0.413485266748,0.0138929305967,-0.452172528718,0.0432824484692,0.075097520546,0.265845676009,-3.60312283996,4.31923211273,0.816844982947,-8.08171811235e-05,-0.00742483634129,-0.452001652212,0.0838042078538,2.13160718743e-07,-5.32901796829e-05,-0.452082469393,-0.413457161387,0.0142125512021,0.0763793715125,-0.442621242871,0.0126789315916,0.00946122652126,-0.0637004399209,5.06128784627,0.816844982947,0.816844982947,-0.377075008172,0.309128124478,0.075097520546,0.265845676009,0.0386872619695,-0.0293895178724,-0.100735710177,4,0
140,0.28,2,0.645933389664,0,0.263560593128,0,0,0.641856583419,-0.0173661634149,0.645933371185,-0.00973067950424,-0.0495896116489,-0.376679478304,0.743262680627,-0.416680525056,0.263560579759,5.0538114507e-05,0.00464534061028,0.645826304602,-0.0351616221463,-2.66450899455e-07,6.66127248641e-05,0.645876842716,0.641821451717,-0.0177656891732,-0.030516281536,0.647515434897,-0.0171303779367,0.00163859218135,0.0133859035993,-2.10498527877,0.263560579759,0.263560579759,0.596343759536,-0.386410157808,-0.0495896116489,-0.376679478304,-0.00407678776644,-0.0076354839107,0.0630215758124,4,0
150,0.3,1,-0.451047420502,0,0.614314973354,0,0,-0.413175927921,0.0169768537193,-0.451047416431,0.0656571701514,0.0803642764048,0.259622077132,-3.60838620851,4.11855288148,0.614314943913,-8.35362234543e-05,-0.00767658789708,-0.450870606674,0.107620024771,1.94223461203e-07,-4.8555865299e-05,-0.450954142898,-0.413141688091,0.0172655823671,0.0999434368737,-0.442327300712,0.0157622131863,0.00862684218625,-0.0841812236873,4.81909853332,0.614314943913,0.614314943913,-0.370683140026,0.325279247283,0.0803642764048,0.259622077132,0.0378714885099,-0.0486803164321,-0.104148270942,4,0
150,0.3,2,0.645798385143,0,0.190662026405,0,0,0.641469909881,-0.0212210673364,0.645798406639,-0.00449788558334,-0.0574444823277,-0.402101175575,0.741730000184,-0.483080765356,0.19066202123,5.44931682927e-05,0.00501168311359,0.645682694893,-0.0320312737139,-2.42779327975e-07,6.06948319921e-05,0.645737188061,0.641427110093,-0.0215819781483,-0.0270195906003,0.647074702559,-0.0209875343081,0.00133751449807,0.00603205629228,-2.40783515347,0.19066202123,0.19066202123,0.588353924312,-0.406599061158,-0.0574444823277,-0.402101175575,-0.00432849675848,-0.016723181753,0.0679872135973,4,0
160,0.32,1,-0.449547857046,0,0.467448890209,0,0,-0.412803745695,0.0204272592682,-0.449547854342,0.0819862119307,0.0854932329952,0.259669108051,-3.55460225963,3.91574821931,0.467448881655,-8.52991947216e-05,-0.00783498649483,-0.449367644942,0.124693364494,2.63778923926e-07,-6.59447309875e-05,-0.449452944136,-0.412762497271,0.0208220464436,0.116858377999,-0.441489771381,0.019232008198,0.0079631727555,-0.0976263698009,4.63320161078,0.467448881655,0.467448881655,-0.364054621347,0.341655319982,0.0854932329952,0.259669108051,0.036744108647,-0.0615589526625,-0.106302921978,4,0
160,0.32,2,0.645732462406,0,0.0966705530882,0,0,0.641004682095,-0.0255340742898,0.645732447327,-0.0032558677812,-0.0656641714034,-0.423813284074,0.721427600708,-0.553071228622,0.0966705498168,5.7501877532e-05,0.00528379599209,0.645610768456,-0.0321297422927,-3.29723655823e-07,8.24309139495e-05,0.645668270334,0.640953121564,-0.0260275582603,-0.0268459463006,0.646409813007,-0.0253088605018,0.000741542673519,0.0015370857989,-2.78301382843,0.0966705498168,0.0966705498168,0.580068275923,-0.427069151855,-0.0656641714034,-0.423813284074,-0.00472776523175,-0.0222782065086,0.0716858222697,4,0
170,0.34,1,-0.447777599096,0,0.283863991499,0,0,-0.412354953021,0.0244599678659,-0.447777601871,0.0928631881523,0.0907873832417,0.269887484288,-3.54348692483,3.71896991478,0.283863983236,-8.69475051706e-05,-0.00798837937825,-0.447593731503,0.136471787984,2.62604897272e-07,-6.56512243178e-05,-0.447680679008,-0.412305637526,0.0248547009323,0.128483408606,-0.440931224202,0.0232692899,0.00674945480638,-0.105214118706,4.41187933059,0.283863983236,0.283863983236,-0.356990218629,0.362750672441,0.0907873832417,0.269887484288,0.0354226488502,-0.0684032202865,-0.108380993284,4,0
170,0.34,2,0.6456412673,0,0.0240129716694,0,0,0.640443691247,-0.0305749600493,0.645641239101,-0.00589441161425,-0.0744034666101,-0.447543930541,0.713784794874,-0.614224133462,0.0240129716533,6.05743612591e-05,0.0055687484781,0.645512821981,-0.0364118041036,-3.28256122617e-07,8.20640306539e-05,0.645573396342,0.640382046879,-0.0310683763838,-0.0308430556255,0.645753116039,-0.0303537340164,0.000179719696729,0.000489321609156,-3.05576049009,0.0240129716533,0.0240129716533,0.571237772491,-0.453438342155,-0.0744034666101,-0.447543930541,-0.00519754785378,-0.0246805484351,0.0755476897585,4,0
180,0.36,1,-0.445863366127,0,0.143010675907,0,0,-0.411827201008,0.0283767907256,-0.445863354352,0.0973765610781,0.0961976285144,0.272614180225,-3.51352150414,3.54544400103,0.143010682926,-8.91546973853e-05,-0.00818749246819,-0.445675105186,0.141964896015,2.93038087906e-07,-7.32595219749e-05,-0.445764259884,-0.411770011221,0.0288146721296,0.133777403547,-0.440131672285,0.0271974377557,0.00563258759901,-0.106579965791,4.23715211708,0.143010682926,0.143010682926,-0.349665725837,0.369990741303,0.0961976285144,0.272614180225,0.0340361533439,-0.0689997703525,-0.111088186042,4,0
180,0.36,2,0.645483255386,0,-0.0505257546902,0,0,0.639784001227,-0.0354709886408,0.64548325626,-0.0100500833981,-0.0834010997894,-0.452438344724,0.700316336801,-0.67052122008,-0.0505257548862,6.44495639135e-05,0.00592001120031,0.645347018744,-0.0423459657713,-3.66297610577e-07,9.15744026566e-05,0.645411468308,0.639712513992,-0.036018340397,-0.036425954571,0.644941675807,-0.0352560855333,-0.000469792500622,0.00116986903769,-3.32846349303,-0.0505257548862,-0.0505257548862,0.56208215647,-0.462488428122,-0.0834010997894,-0.452438344724,-0.00569925503277,-0.0254209052427,0.0803208716072,4,0
190,0.38,1,-0.443894833326,0,0.0289795584977,0,0,-0.411213823336,0.033041793169,-0.443894822407,0.0987650256475,0.101794974624,0.288034911724,-3.48096101212,3.39856022149,0.0289795592565,-8.93765398745e-05,-0.0082091773453,-0.443706038519,0.143497127559,3.20843595969e-07,-8.02108989889e-05,-0.443795415059,-0.411147258212,0.0335231949248,0.135287950214,-0.439244996956,0.0318738276015,0.00455041810264,-0.103414122612,4.09205744406,0.0289795592565,0.0289795592565,-0.342099847783,0.386799937371,0.101794974624,0.288034911724,0.0326809990707,-0.0657232324784,-0.111380349886,4,0
190,0.38,2,0.645196318626,0,-0.110043622553,0,0,0.639017279133,-0.0413022417025,0.645196307576,-0.0182203329102,-0.0925714987006,-0.465279589995,0.685262020117,-0.713321110595,-0.110043625229,6.5768507097e-05,0.00604282247741,0.645057201228,-0.0512174165132,-4.0105449528e-07,0.000100263623833,0.645122969735,0.638934072727,-0.0419039938977,-0.0451745940358,0.644035878665,-0.0410931333887,-0.00108709107053,0.00408146064705,-3.52615197682,-0.110043625229,-0.110043625229,0.552624808876,-0.483499922905,-0.0925714987006,-0.465279589995,-0.00617902844329,-0.0230819087923,0.0819845347509,4,0
200,0.4,1,-0.44194149971,0,-0.0825603380799,0,0,-0.410505594819,0.0377150796336,-0.441941512629,0.0961235147686,0.10768552168,0.298852501715,-3.47838164803,3.28294655757,-0.0825603384615,-9.05671222162e-05,-0.00831942386705,-0.441750126006,0.141487551392,3.02000046193e-07,-7.55000115437e-05,-0.441840693128,-0.410429716356,0.03816573188,0.133168127525,-0.438502879223,0.0365485261167,0.00333781390482,-0.0966196014079,3.95325347837,-0.0825603384615,-0.0825603384615,-0.334255990949,0.394976016484,0.10768552168,0.298852501715,0.0314359178092,-0.0584084351351,-0.112874752004,4,0
200,0.4,2,0.644733667374,0,-0.149024486542,0,0,0.638131993482,-0.0471438497926,0.644733679456,-0.0270685176361,-0.101913691644,-0.466651503967,0.679442893508,-0.743350462919,-0.149024481654,6.82726132061e-05,0.00627380466175,0.64458918596,-0.0613587240594,-3.77500058768e-07,9.43750146978e-05,0.644657458573,0.638037145402,-0.0477071651022,-0.0550849193977,0.643076126428,-0.0469378442531,-0.0015813321448,0.00814707514452,-3.63386434092,-0.149024481654,-0.149024481654,0.542819987811,-0.493720021603,-0.101913691644,-0.466651503967,-0.00660168597392,-0.0200753321564,0.0851169122427,4,0
210,0.42,1,-0.440068513155,0,-0.112523928285,0,0,-0.409703111778,0.0426730671928,-0.440068526108,0.0916426481069,0.11377042103,0.310858306567,-3.42785166287,3.20272071147,-0.112523927101,-9.03825644256e-05,-0.00829932791848,-0.439877822716,0.136790496879,3.53153651489e-07,-8.82884128775e-05,-0.439968205281,-0.409617236702,0.0432024034222,0.12849116896,-0.43728226995,0.0415239356023,0.00268593533073,-0.0869672333578,3.89940179572,-0.112523927101,-0.112523927101,-0.326298105078,0.402500954674,0.11377042103,0.310858306567,0.0303654143306,-0.0489695809142,-0.112607024299,4,0
210,0.42,2,0.644081294537,0,-0.190604478121,0,0,0.637128889675,-0.053341334248,0.644081318873,-0.0376387730307,-0.111208688418,-0.465487421098,0.658355111106,-0.76315793447,-0.190604471394,6.88631583671e-05,0.00632377943541,0.643935976429,-0.0720563246883,-4.41442064125e-07,0.000110360516045,0.644004839587,0.637021545829,-0.0540030045345,-0.0657325452529,0.64189189942,-0.0531428755086,-0.00211294016763,0.0125896697443,-3.74560162298,-0.190604471394,-0.190604471394,0.532872630455,-0.503126194129,-0.111208688418,-0.465487421098,-0.00695242919798,-0.0157025612173,0.0858016480297,4,0
220,0.44,1,-0.438291013241,0,-0.148396730423,0,0,-0.408796564661,0.0479693413919,-0.438291007436,0.0864223337151,0.120131258361,0.323710606156,-3.41188139452,3.15128498814,-0.148396728612,-9.00439037432e-05,-0.00826944630238,-0.438100908725,0.13144710128,3.47103490672e-07,-8.67758726656e-05,-0.438190952629,-0.408700104521,0.0484903977518,0.123177654977,-0.436246256586,0.0468256042284,0.00194469604277,-0.0763520507488,3.84175003977,-0.148396728612,-0.148396728612,-0.318159749075,0.410132939872,0.120131258361,0.323710606156,0.0294944427746,-0.0384529923232,-0.112199677768,4,0
220,0.44,2,0.643200159073,0,-0.206330165267,0,0,0.635995705774,-0.0599616769939,0.643200153869,-0.0492183166287,-0.12050046843,-0.463447858682,0.647608883789,-0.76781676667,-0.206330158732,6.91077730203e-05,0.00634756304464,0.643054176326,-0.0838077665101,-4.33879363437e-07,0.000108469840868,0.643123284099,0.635875130598,-0.060612997444,-0.0774602034655,0.640666651559,-0.0597670542529,-0.00245663253995,0.0176931492126,-3.74548222249,-0.206330158732,-0.206330158732,0.522699685439,-0.512666175311,-0.12050046843,-0.463447858682,-0.00720444809495,-0.0107433603652,0.0861222758507,4,0
230,0.46,1,-0.436627715826,0,-0.138933718204,0,0,-0.407785219297,0.0532114417798,-0.436627707205,0.0806293643272,0.126688228984,0.331365342539,-3.38005092049,3.1293579448,-0.138933713154,-8.97122290537e-05,-0.00823672512889,-0.436438493859,0.125408260934,3.65191318519e-07,-9.12978296333e-05,-0.436528206088,-0.407678249733,0.053758675701,0.117171535805,-0.43497378075,0.0520785850526,0.0015544253384,-0.0650929507524,3.83163755431,-0.138933713154,-0.138933713154,-0.309939478222,0.411994706866,0.126688228984,0.331365342539,0.0288424879082,-0.0274179225474,-0.11175926253,4,0
230,0.46,2,0.642094194889,0,-0.218421623111,0,0,0.634731524063,-0.0665143024839,0.642094171255,-0.0603924360554,-0.129669824391,-0.454600947874,0.631886211713,-0.764148631199,-0.218421627237,6.91681616016e-05,0.00634991604006,0.641948330927,-0.094897892885,-4.56489147815e-07,0.000114122286964,0.642017499089,0.634597812107,-0.067198344885,-0.088547976845,0.639271367424,-0.0663251423439,-0.00274613166452,0.022222834501,-3.72929338489,-0.218421627237,-0.218421627237,0.512424346863,-0.514993383929,-0.129669824391,-0.454600947874,-0.0073626471914,-0.00612186642851,0.0861592077514,4,0
240,0.48,1,-0.435067236423,0,-0.116461157799,0,0,-0.406665846134,0.0587300854524,-0.435067235813,0.0760182947056,0.13339685723,0.338341010557,-3.3562560506,3.12950346656,-0.116461156263,-8.85244408034e-05,-0.00812865902533,-0.434880462594,0.120233432788,3.66014237474e-07,-9.15035593695e-05,-0.434968987035,-0.406547836568,0.0592792936142,0.112104773763,-0.433668671419,0.0576049677322,0.00130031561576,-0.0544998060309,3.83511183069,-0.116461156263,-0.116461156263,-0.301670378583,0.414359305263,0.13339685723,0.338341010557,0.0284013896791,-0.0172882092532,-0.11029142778,4,0
240,0.48,2,0.640757262707,0,-0.216801971197,0,0,0.633332307604,-0.0734126070632,0.640757260787,-0.0720255951992,-0.138669288476,-0.445923536395,0.618307768955,-0.750462823514,-0.21680197332,6.79440888571e-05,0.00623858083042,0.640613939769,-0.105948453277,-4.57517795871e-07,0.000114379448973,0.640681883858,0.633184795646,-0.074099117264,-0.0997098724467,0.637771773949,-0.0732276292988,-0.00291010990883,0.0264822431478,-3.653792354,-0.21680197332,-0.21680197332,0.502087972311,-0.517949131594,-0.138669288476,-0.445923536395,-0.0074249531824,-0.00138701186397,0.0846469187605,4,0
250,0.5,1,-0.433588266373,0,-0.0681505724788,0,0,-0.405436352272,0.06424338835,-0.433588258884,0.0725295057227,0.140197503208,0.340971570788,-3.32414259217,3.14695361784,-0.0681505743911,-8.75291402531e-05,-0.00803618364509,-0.433403679815,0.116205408819,3.78115350586e-07,-9.45288376508e-05,-0.433491208955,-0.405307298366,0.0648105397069,0.108169225174,-0.432182453005,0.0631289674861,0.00130875595039,-0.0450402576876,3.86440848004,-0.0681505743911,-0.0681505743911,-0.293390755676,0.413501076511,0.140197503208,0.340971570788,0.0281519066118,-0.00828611737272,-0.109038399938,4,0
250,0.5,2,0.639196574688,0,-0.21156078577,0,0,0.631795440273,-0.0803042356778,0.639196554298,-0.0829210589341,-0.147458110618,-0.433955286518,0.602048493908,-0.730420951156,-0.211560789993,6.67891997719e-05,0.0061308906648,0.639055814771,-0.116202864877,-4.72644188454e-07,0.000118161047103,0.639122603971,0.631634122889,-0.0810131748743,-0.110071974212,0.636111781301,-0.0801243881349,-0.00301082266981,0.029947586077,-3.56291695492,-0.211560789993,-0.211560789993,0.49173844368,-0.516876345452,-0.147458110618,-0.433955286518,-0.00740111402535,0.00261682325629,0.0831883327447,4,0
260,0.52,1,-0.432158052921,0,-0.0263788532466,0,0,-0.404095222321,0.069824629375,-0.432158055615,0.0708421049214,0.147023557182,0.340357870638,-3.30897981884,3.1751225898,-0.0263788538574,-8.62659036355e-05,-0.00792134042122,-0.431976042126,0.113931508831,3.59692887864e-07,-8.99232219649e-05,-0.432062308029,-0.403955032333,0.0703647640256,0.10601016841,-0.430728163274,0.0687149235019,0.0013341447557,-0.0372952449082,3.88617376399,-0.0263788538574,-0.0263788538574,-0.285134498432,0.411199975559,0.147023557182,0.340357870638,0.0280628332934,-0.00101747554645,-0.107478375178,4,0
260,0.52,2,0.63742172718,0,-0.195492431521,0,0,0.630119027829,-0.0872807869471,0.637421753093,-0.0932378718927,-0.156003630962,-0.42076209715,0.590899582563,-0.705250618399,-0.195492431917,6.5133665616e-05,0.00598017901942,0.637284395104,-0.125742864857,-4.49616108122e-07,0.000112404027033,0.637349528769,0.629943790343,-0.0879559552579,-0.119762685837,0.634359650524,-0.0871040943348,-0.00298987824525,0.0326585915025,-3.4275256119,-0.195492431917,-0.195492431917,0.481418122131,-0.513999969043,-0.156003630962,-0.42076209715,-0.00730272526353,0.00595708494563,0.0811413960818,4,0
270,0.54,1,-0.430748015642,0,0.0372970961034,0,0,-0.402645349153,0.0751564300075,-0.430748002749,0.0705403934681,0.153771436707,0.333839426759,-3.27938690641,3.21043428778,0.0372970956933,-8.52918874859e-05,-0.00783064021004,-0.430568153799,0.113094529465,3.63893263355e-07,-9.09733158394e-05,-0.430653445686,-0.40249449292,0.0757010366558,0.105263889255,-0.429042330994,0.0740565557642,0.00161111469291,-0.0312073334911,3.92862651575,0.0372970956933,0.0372970956933,-0.276976566041,0.404379820227,0.153771436707,0.333839426759,0.0281026535958,0.00461603653946,-0.106249714318,4,0
270,0.54,2,0.635458350182,0,-0.183395519853,0,0,0.628306686364,-0.0939455377127,0.635458378248,-0.102126499092,-0.164237671595,-0.403348275469,0.575398894911,-0.679435817184,-0.183395515905,6.37200490631e-05,0.00584857554726,0.635324160355,-0.133855606777,-4.54866577959e-07,0.000113716644503,0.635387880404,0.628118116072,-0.0946262960212,-0.12800703123,0.63243319147,-0.0937736,-0.00295468893379,0.0342334312301,-3.31033362064,-0.183395515905,-0.183395515905,0.471220706654,-0.505474774561,-0.164237671595,-0.403348275469,-0.00715169188377,0.00818096137915,0.0793585936322,4,0
280,0.56,1,-0.429311275482,0,0.0942336693406,0,0,-0.401085484709,0.080839353852,-0.429311263478,0.0731953432249,0.160385756854,0.327426738118,-3.25388833094,3.24440306907,0.0942336701828,-8.32368203143e-05,-0.00764440249408,-0.429135577087,0.114803043279,3.5425354078e-07,-8.85633852007e-05,-0.429218813907,-0.400923270676,0.081372706999,0.107158640785,-0.427291399986,0.0797474407154,0.00192741392108,-0.0274112000693,3.96134229121,0.0942336701828,0.0942336701828,-0.268925506624,0.400622081343,0.160385756854,0.327426738118,0.0282257787682,0.0076440106271,-0.103718932054,4,0
280,0.56,2,0.633311271667,0,-0.16527852416,0,0,0.626356855806,-0.101049192506,0.633311242741,-0.111492689249,-0.172154360343,-0.389284911585,0.560744474849,-0.650252043845,-0.165278531451,6.0810358602e-05,0.00558452256806,0.63318294688,-0.141868940697,-4.4281692424e-07,0.000110704231053,0.633243757239,0.626154088263,-0.101715883937,-0.136284418129,0.630391297503,-0.100881090768,-0.00285245973545,0.0354033273605,-3.16559280818,-0.165278531451,-0.165278531451,0.461156882397,-0.500777600834,-0.172154360343,-0.389284911585,-0.00695438693466,0.0104434967436,0.0757709624554,4,0
290,0.58,1,-0.427818000317,0,0.128776460886,0,0,-0.399418190367,0.0857626187785,-0.42781801253,0.0759137354231,0.166793511546,0.312321997559,-3.25129729223,3.27628460399,0.128776462321,-8.33033420506e-05,-0.00764945577608,-0.42764222472,0.117531258449,3.1101142095e-07,-7.77528552323e-05,-0.427725528062,-0.399246199079,0.086228902424,0.109881802673,-0.425601966935,0.0846716280881,0.00212356112704,-0.0252101745848,3.97004328008,0.128776462321,0.128776462321,-0.261024500984,0.388235732982,0.166793511546,0.312321997559,0.0283998221635,0.0098488833554,-0.103789150568,4,0
290,0.58,2,0.631009161472,0,-0.146112725139,0,0,0.624272737874,-0.107203273629,0.631009178807,-0.117704970333,-0.179728553439,-0.367589694735,0.553834354835,-0.624478955177,-0.146112727248,6.05816682718e-05,0.00556203055627,0.630881427005,-0.14793201232,-3.88764273662e-07,9.71910684128e-05,0.630942008673,0.624057748765,-0.107786128182,-0.142369981764,0.628252214294,-0.107037462111,-0.00268979437924,0.0353325196522,-3.02252199832,-0.146112727248,-0.146112727248,0.451280625368,-0.485294665067,-0.179728553439,-0.367589694735,-0.00673644093239,0.010501696704,0.0754681269064,4,0
300,0.6,1,-0.426249146461,0,0.242145448923,0,0,-0.397654106259,0.0908850829864,-0.426249131951,0.0813376547107,0.172867341003,0.297116730767,-3.16278790431,3.30378795123,0.242145443968,-8.12327792385e-05,-0.00745398973639,-0.426078205106,0.121709441526,3.96037743433e-07,-9.90094358638e-05,-0.426159437886,-0.397471732481,0.0914839173277,0.114255451789,-0.42312357599,0.089823855081,0.00303586189591,-0.0244315967084,4.05440074148,0.242145443968,0.242145443968,-0.253381790948,0.378454385478,0.172867341003,0.297116730767,0.0285950256924,0.00954742827574,-0.101145397047,4,0
300,0.6,2,0.628583908081,0,-0.153973847628,0,0,0.622067632736,-0.113606353861,0.628583909782,-0.124865637622,-0.186856671934,-0.348202342877,0.519921615993,-0.602304593907,-0.153973840564,5.75366248745e-05,0.00527546572233,0.628463224504,-0.153295982219,-4.95047178362e-07,0.000123761794585,0.628520761129,0.621839665513,-0.114354896786,-0.148020516497,0.625797247322,-0.113450953253,-0.00272351380652,0.0345695632436,-2.98702961421,-0.153973840564,-0.153973840564,0.441727237847,-0.473067980499,-0.186856671934,-0.348202342877,-0.00651627704553,0.0112592837613,0.0715908626499,4,0
310,0.62,1,-0.424547016621,0,0.19731977582,0,0,-0.395783867875,0.0957586203077,-0.424547014848,0.0875201184385,0.178650200749,0.279105249524,-3.21983200822,3.31624549853,0.197319777744,-8.09560514831e-05,-0.00743738466838,-0.424375869052,0.12809787874,2.53371389758e-07,-6.33428474445e-05,-0.424456825103,-0.395591966668,0.0961406319779,0.120660494072,-0.421729870405,0.094677536869,0.00272695469799,-0.025982957203,3.97723220216,0.197319777744,0.197319777744,-0.245896814099,0.366625367963,0.178650200749,0.279105249524,0.0287631469724,0.00823850186921,-0.100906287434,4,0
310,0.62,2,0.626012265682,0,-0.115604236722,0,0,0.619729834755,-0.119698275479,0.626012293084,-0.130414752137,-0.19364127627,-0.32786695627,0.531430376575,-0.576177164206,-0.115604239743,5.68380104987e-05,0.00522273155002,0.625892040369,-0.158942621188,-3.16714233839e-07,7.91785584661e-05,0.62594887838,0.619489958246,-0.120175790062,-0.153719889638,0.623561290626,-0.119538631484,-0.00238758775424,0.0341812581531,-2.76375191303,-0.115604239743,-0.115604239743,0.432371016815,-0.458281708407,-0.19364127627,-0.32786695627,-0.00628245832954,0.0107164766583,0.070857452112,4,0
320,0.64,1,-0.42274454236,0,0.263953924179,0,0,-0.393831775293,0.0994967436682,-0.422744538334,0.0926629195793,0.18396831987,0.253573747957,-3.1653452653,3.32842018268,0.263953916645,-8.09989989393e-05,-0.00743459528439,-0.422573903503,0.133002355432,2.9070958335e-07,-7.26773958433e-05,-0.422654902502,-0.393632354229,0.0999285642698,0.125567760147,-0.419324735565,0.0984345369902,0.00333016693693,-0.0271332231573,4.01090939159,0.263953916645,0.263953916645,-0.238776218465,0.346236667536,0.18396831987,0.253573747957,0.028912763041,0.00683382408899,-0.10087899926,4,0
320,0.64,2,0.623377740383,0,-0.125799283385,0,0,0.617289719026,-0.124370929632,0.623377747715,-0.133203188057,-0.199907475409,-0.29959264454,0.509234746321,-0.564665355801,-0.125799279554,5.65294474305e-05,0.00518570247035,0.623258923751,-0.161241181087,-3.63386976732e-07,9.08467441741e-05,0.623315453199,0.617040442696,-0.12491070538,-0.156055478616,0.620940597997,-0.124218809675,-0.00237485520219,0.0318366689417,-2.74691749527,-0.125799279554,-0.125799279554,0.423470272306,-0.432795832597,-0.199907475409,-0.29959264454,-0.00608802868883,0.00883225842498,0.0703686700743,4,0
330,0.66,1,-0.420787870884,0,0.263493597507,0,0,-0.391792158661,0.104419702715,-0.420787867713,0.101991151049,0.188850430172,0.235355111212,-3.15522830457,3.32188584464,0.263493584611,-7.7656344099e-05,-0.00713779424977,-0.420623538283,0.140997191215,2.40366731352e-07,-6.00916828401e-05,-0.420701194627,-0.391582947165,0.104786022825,0.133859396966,-0.41723458994,0.103359601412,0.00346660468649,-0.0304997955536,3.97211366415,0.263493584611,0.263493584611,-0.23193743754,0.337346262261,0.188850430172,0.235355111212,0.0289957090516,0.00242855166656,-0.0968360445476,4,0
330,0.66,2,0.62063229084,0,-0.109543181956,0,0,0.614740198235,-0.130524628409,0.620632282399,-0.140259691834,-0.205710486211,-0.281423134066,0.499652460203,-0.544448445781,-0.109543183921,5.1888840349e-05,0.00477293377776,0.620522263868,-0.166422780387,-3.0045841104e-07,7.51146027596e-05,0.620574152708,0.614478683865,-0.130982528541,-0.16164984661,0.618358127623,-0.130373881351,-0.00221602508513,0.0312759652588,-2.60931614528,-0.109543183921,-0.109543183921,0.414921796188,-0.4216828259,-0.205710486211,-0.281423134066,-0.00589208416381,0.00973506342532,0.0647471983434,4,0
340,0.68,1,-0.418696701527,0,0.227531462908,0,0,-0.389674531533,0.107047681462,-0.418696703074,0.106233386497,0.193268550559,0.205580312552,-3.18414187324,3.31102202054,0.227531459617,-8.07734411984e-05,-0.00741832806479,-0.418526121319,0.146638322869,1.43226460969e-07,-3.5806615244e-05,-0.418606894761,-0.389460223867,0.107261253294,0.139219994804,-0.415325752838,0.105978880574,0.00328114192303,-0.0332411142293,3.8987305057,0.227531459617,0.227531459617,-0.225428152515,0.311813699049,0.193268550559,0.205580312552,0.0290221715405,0.000814294964685,-0.10065131231,4,0
340,0.68,2,0.617825388908,0,-0.101305931807,0,0,0.612093164326,-0.133809601786,0.617825384135,-0.139919916382,-0.211040194187,-0.249847205243,0.504298134611,-0.53623993343,-0.101305930891,5.56667910482e-05,0.00511234284677,0.617707823286,-0.167761775984,-1.79033072256e-07,4.47582680578e-05,0.617763490077,0.611825279742,-0.13407656657,-0.162649433138,0.615711332804,-0.133658844766,-0.00205215727292,0.0289905883719,-2.52084588706,-0.101305930891,-0.101305930891,0.406785189948,-0.389767121625,-0.211040194187,-0.249847205243,-0.0057322198092,0.00611031459662,0.0693641320722,4,0
350,0.7,1,-0.416505306959,0,0.377623051405,0,0,-0.387506171014,0.110364335156,-0.416505315192,0.113714955453,0.197092797103,0.18066151446,-3.01573981758,3.29688379977,0.377623053109,-7.75383803586e-05,-0.00710946201244,-0.416342662456,0.15203375297,3.41781517088e-07,-8.54453792657e-05,-0.416420200837,-0.387284906203,0.110888741481,0.144924290957,-0.411791182424,0.10935245968,0.00462901841244,-0.0355718312768,4.00867628442,0.377623053109,0.377623053109,-0.219412518089,0.294376469913,0.197092797103,0.18066151446,0.0289991441784,-0.00335062029663,-0.0964790709209,4,0
350,0.7,2,0.614998936653,0,-0.150488868356,0,0,0.609382713677,-0.137955418856,0.614998910595,-0.144344052839,-0.215733263634,-0.223626532217,0.446866607997,-0.5337113904,-0.150488870997,5.1222709137e-05,0.00468900153988,0.614892152904,-0.16935802879,-4.27226894195e-07,0.000106806723545,0.614943375614,0.609106132664,-0.138610926758,-0.16466902725,0.612570699974,-0.137822586093,-0.00237267563982,0.0268464411563,-2.65764723511,-0.150488870997,-0.150488870997,0.399265646961,-0.367970585056,-0.215733263634,-0.223626532217,-0.00561619691775,0.00638863398326,0.0636440885943,4,0
360,0.72,1,-0.414146721363,0,0.183514982462,0,0,-0.385263428427,0.113078614209,-0.414146708425,0.119466540801,0.200478159407,0.155085521108,-3.1758743672,3.26098251807,0.183514988168,-7.89017390714e-05,-0.0072537489063,-0.41397942874,0.15921350876,3.34774492017e-08,-8.3693622985e-06,-0.414058330479,-0.385037214146,0.113132248499,0.151959759854,-0.410864544794,0.112011901027,0.00319378568586,-0.0399478588272,3.77211859969,0.183514988168,0.183514988168,-0.213668549018,0.274552061909,0.200478159407,0.155085521108,0.0288832799976,-0.00638792659237,-0.0984068373019,4,0
360,0.72,2,0.612065076828,0,-0.091368123889,0,0,0.606579285446,-0.14134826762,0.61206507521,-0.14612486769,-0.219979389541,-0.197065207211,0.492143512499,-0.517503783826,-0.0913681267015,5.28803668813e-05,0.00486609021202,0.611952538066,-0.172940792754,-4.18468070196e-08,1.04617017599e-05,0.612005418433,0.606296517596,-0.141415310476,-0.168074702542,0.61012426145,-0.141200560286,-0.00188115698318,0.0268741422561,-2.35376482216,-0.0913681267015,-0.0913681267015,0.392085685669,-0.3431900749,-0.219979389541,-0.197065207211,-0.00548578976408,0.00477660006992,0.0660078553752,4,0
370,0.74,1,-0.411747872829,0,0.253619134426,0,0,-0.382997994171,0.113616297196,-0.411747862834,0.120953117421,0.203240053265,0.122283187576,-3.08666261491,3.24056689198,0.253619123844,-8.00931987561e-05,-0.00734845217961,-0.411579392704,0.160727172537,1.27742019462e-07,-3.19355048647e-05,-0.411659485903,-0.382770586657,0.113799563884,0.153378720358,-0.407846086523,0.112580960015,0.00381339937965,-0.0407977603427,3.803432715,0.253619123844,0.253619123844,-0.208507809569,0.243236304998,0.203240053265,0.122283187576,0.0287498686624,-0.00733682022507,-0.0997148467762,4,0
370,0.74,2,0.609181582928,0,-0.133321404457,0,0,0.60374749263,-0.14202037129,0.609181612292,-0.143674075125,-0.223546850882,-0.160371303434,0.461871507604,-0.527673093492,-0.133321399044,5.4277144028e-05,0.00497532536792,0.609067842168,-0.170452118316,-1.59677520761e-07,3.99193801882e-05,0.609122119312,0.603463233237,-0.142249454644,-0.165476792948,0.607028061319,-0.141883680928,-0.00209405799287,0.0235931120202,-2.47891961988,-0.133321399044,-0.133321399044,0.38563476141,-0.30404537856,-0.223546850882,-0.160371303434,-0.00543411966198,0.00165370383498,0.067519813155,4,0
380,0.76,1,-0.40923678875,0,0.192466557026,0,0,-0.38069527556,0.116546914106,-0.409236800471,0.128869313062,0.205469484832,0.101495730035,-3.0996395249,3.19880314131,0.192466556704,-7.47525338865e-05,-0.00687821461829,-0.409078100766,0.166646366233,3.02691903209e-08,-7.56729758225e-06,-0.4091528533,-0.380462115801,0.116602581256,0.159768151615,-0.405704661359,0.115504856364,0.0034481919413,-0.0442632952504,3.69752255286,0.192466556704,0.192466556704,-0.203767315639,0.230365043097,0.205469484832,0.101495730035,0.0285415249111,-0.0123223989566,-0.0933029402991,4,0
380,0.76,2,0.606227099895,0,-0.112106345594,0,0,0.60086909437,-0.145683642379,0.606227080599,-0.150358264845,-0.226517936546,-0.137598036268,0.461111102403,-0.514086936577,-0.112106342686,4.72875859645e-05,0.00436009134439,0.606126081613,-0.174528942281,-3.78364838349e-08,9.45912094746e-06,0.606173369199,0.600577644673,-0.145753226311,-0.170168850937,0.604213127041,-0.145544307684,-0.00196024215792,0.0246245432529,-2.32118417679,-0.112106342686,-0.112106342686,0.379709144052,-0.287956301113,-0.226517936546,-0.137598036268,-0.00535798622815,0.00467462246625,0.0591305085116,4,0
390,0.78,1,-0.406678646803,0,0.101617604494,0,0,-0.378371283233,0.115386569492,-0.406678636507,0.126341748163,0.207185565111,0.0686524263266,-3.1649049548,3.1653355393,0.10161760361,-8.11984948938e-05,-0.00745786965369,-0.406507081331,0.166985249517,-1.19096193962e-07,2.9774048492e-05,-0.406588279826,-0.378140694468,0.115205060637,0.159527379863,-0.403858018227,0.1143246222,0.00273026159936,-0.0452027576627,3.56774430247,0.10161760361,0.10161760361,-0.199493071395,0.194994174489,0.207185565111,0.0686524263266,0.0283073532734,-0.0109551786709,-0.101187019109,4,0
390,0.78,2,0.603282570839,0,-0.107062339783,0,0,0.597964103968,-0.144233211543,0.603282543435,-0.143989821934,-0.228916204631,-0.0997528932481,0.480440182505,-0.518141384071,-0.107062338529,5.56552545064e-05,0.00511223169286,0.603164880277,-0.171871523951,1.4887024713e-07,-3.7217561775e-05,0.603220535532,0.597675868012,-0.144006325468,-0.166759292258,0.601383825664,-0.144090723139,-0.00183670986771,0.0226685691193,-2.26038454843,-0.107062338529,-0.107062338529,0.374366338805,-0.243742715182,-0.228916204631,-0.0997528932481,-0.00531843946743,-0.000243389608792,0.0693611369633,4,0
400,0.8,1,-0.404145896435,0,0.328204572201,0,0,-0.376070653406,0.115662252708,-0.404145892744,0.129202114852,0.208262015638,0.0429580551959,-2.90609471696,3.13987536566,0.32820457923,-7.59538396416e-05,-0.00695721480233,-0.403987197778,0.166464351459,2.17126415347e-07,-5.42816038407e-05,-0.404063151618,-0.375838963752,0.116007671903,0.159507136657,-0.399460635685,0.114687670113,0.00460251593293,-0.0448194665443,3.75416269345,0.32820457923,0.32820457923,-0.195883877106,0.172160170048,0.208262015638,0.0429580551959,0.0280752393375,-0.0135398621441,-0.0944239305363,4,0
400,0.8,2,0.600407660007,0,-0.189215749502,0,0,0.595088316691,-0.144577815504,0.600407661026,-0.146721796072,-0.230552815024,-0.0684784134692,0.397620988699,-0.52632411899,-0.18921574686,4.87918026178e-05,0.00445721641601,0.600306811759,-0.170185093018,-2.71408016062e-07,6.78520040062e-05,0.600355603562,0.594798704624,-0.145009589493,-0.165727876602,0.597892684432,-0.144460966848,-0.00246291913023,0.0212669097535,-2.54025530592,-0.18921574686,-0.18921574686,0.369854846002,-0.215200209542,-0.230552815024,-0.0684784134692,-0.00531934433437,0.00214398056838,0.0605126165691,4,0
410,0.82,1,-0.401531159878,0,0.00604045204818,0,0,-0.373750596434,0.115025943396,-0.40153117178,0.128907169406,0.208906087456,0.01800158301,-3.18282526989,3.0906367048,0.00604045222768,-7.87129012068e-05,-0.00724119662911,-0.401363839748,0.168746748244,-2.68087625876e-07,6.7021906473e-05,-0.401442552649,-0.373520937411,0.114628445652,0.161505551615,-0.399411015866,0.113956759253,0.00203153678366,-0.0475487923624,3.39109769395,0.00604045222768,0.00604045222768,-0.192625084324,0.146908752416,0.208906087456,0.01800158301,0.0277805753467,-0.0138812260102,-0.0982290173231,4,0
410,0.82,2,0.597447693348,0,-0.0908628255129,0,0,0.592188245484,-0.143782428803,0.597447717342,-0.145030961751,-0.231666362255,-0.0386049756652,0.482249748097,-0.50749579484,-0.0908628289749,5.25041651209e-05,0.00483801520451,0.597335363451,-0.171912216226,3.3510953712e-07,-8.3777384269e-05,0.597387867616,0.591901171706,-0.143285556616,-0.167074201021,0.595654169636,-0.143638015296,-0.00173369797999,0.0234361857248,-2.08711258461,-0.0908628289749,-0.0908628289749,0.365781355086,-0.183635937416,-0.231666362255,-0.0386049756652,-0.00525947185831,0.00124853294816,0.0656167822316,4,0
420,0.84,1,-0.399036318064,0,0.12178414315,0,0,-0.371490931473,0.111238953565,-0.399036320857,0.122442369981,0.208943512471,-0.0137192711884,-3.0549465279,3.07649986373,0.121784142727,-8.05457617791e-05,-0.00738601809982,-0.398867243403,0.162289583515,-1.00848632334e-07,2.52121580817e-05,-0.398947789165,-0.371268630413,0.11107489353,0.154903565415,-0.396070888944,0.110214788671,0.0028769002204,-0.0446887767442,3.47420590256,0.121784142727,0.121784142727,-0.190092808386,0.108723098792,0.208943512471,-0.0137192711884,0.0275453893842,-0.0112034164154,-0.100230806894,4,0
420,0.84,2,0.594653427601,0,-0.151792258024,0,0,0.589363664292,-0.139048691447,0.594653428435,-0.137190917301,-0.232037418208,0.00128704701417,0.444015359786,-0.527602970636,-0.151792265394,5.48755123168e-05,0.00502521506426,0.594538834869,-0.164074418509,1.26060794359e-07,-3.15151986005e-05,0.594593710381,0.589085787968,-0.138843616397,-0.159049203445,0.592489992516,-0.138918427771,-0.00210371786471,0.0201307756742,-2.31135753717,-0.151792265394,-0.151792265394,0.362616010227,-0.135903870287,-0.232037418208,0.00128704701417,-0.00528976414286,-0.00185777414584,0.0682046545448,4,0
430,0.86,1,-0.396539241076,0,0.0328047908843,0,0,-0.36926466299,0.111219356839,-0.396539231258,0.12615970168,0.208474468019,-0.0326211658073,-3.09507866078,3.03704999231,0.0328047913445,-7.27043253293e-05,-0.00669700308116,-0.396384380889,0.163124494836,-2.42019143115e-07,6.05047857721e-05,-0.396457085214,-0.369042558315,0.110870823129,0.156427491754,-0.394256650797,0.110178024013,0.00220043441709,-0.0462494677412,3.34558315119,0.0328047913445,0.0328047913445,-0.18806476324,0.093538535873,0.208474468019,-0.0326211658073,0.0272745682682,-0.0149403448418,-0.0908334598213,4,0
430,0.86,2,0.591831386089,0,-0.109513156116,0,0,0.5865808287,-0.139024195482,0.591831376113,-0.143154607632,-0.231750422255,0.0262314410246,0.454542624678,-0.507988893901,-0.109513159348,4.47393646852e-05,0.00413536846752,0.591735111887,-0.166338326415,3.02523933127e-07,-7.56309832754e-05,0.591779851251,0.586303197857,-0.138588528339,-0.162202957948,0.589895704828,-0.138886075643,-0.00188414642393,0.0233168823048,-2.07794379556,-0.109513159348,-0.109513159348,0.360080953858,-0.116923166608,-0.231750422255,0.0262314410246,-0.0052505474136,0.00413041215075,0.0560668901249,4,0
440,0.88,1,-0.394125312567,0,-0.075350895524,0,0,-0.367092140537,0.105436754161,-0.394125313179,0.115313467423,0.207545997289,-0.0624015797147,-3.19353167357,3.01587281559,-0.0753508989345,-8.21001125704e-05,-0.00754046190299,-0.393951844255,0.156405944872,-4.28317019741e-07,0.00010707925494,-0.394033944368,-0.366881919009,0.104789526437,0.148865482969,-0.392807693102,0.104365272804,0.00122625126575,-0.044500210165,3.20794685146,-0.0753508989345,-0.0753508989345,-0.18657931589,0.0529118877082,0.207545997289,-0.0624015797147,0.0270331726415,-0.00987671326206,-0.102307959046,4,0
440,0.88,2,0.58910369873,0,-0.0957029238343,0,0,0.583865175646,-0.13179594207,0.589103719074,-0.12999853108,-0.230879574338,0.0638586747379,0.488672750952,-0.513264416818,-0.0957029260341,5.70620033729e-05,0.00524119430685,0.588983067918,-0.15858315562,5.35396278867e-07,-0.000133849069707,0.589040129921,0.583602398736,-0.130986907408,-0.153341961313,0.587338824096,-0.131651206717,-0.0017013058251,0.0216907545956,-2.00771560147,-0.0957029260341,-0.0957029260341,0.358224144737,-0.0661398563423,-0.230879574338,0.0638586747379,-0.00523854342867,-0.00179741098941,0.071111260168,4,0
450,0.9,1,-0.391879737377,0,0.246666789055,0,0,-0.365031937762,0.101963565096,-0.391879730974,0.113092868649,0.206035574668,-0.085453467054,-2.85486128499,3.00888070343,0.246666795757,-7.45889061782e-05,-0.00682554790204,-0.391724495194,0.149424484434,3.95665362696e-08,-9.89163406721e-06,-0.3917990841,-0.364827897329,0.102049891407,0.142598936531,-0.388010493666,0.101006125267,0.00378859043401,-0.0415928112648,3.49991846135,0.246666795757,0.246666795757,-0.185844156306,0.0276394015947,0.206035574668,-0.085453467054,0.0268477932117,-0.0111293035526,-0.0926473773142,4,0
450,0.9,2,0.58655154705,0,-0.196207076311,0,0,0.58128992219,-0.12745445568,0.586551576009,-0.129993048977,-0.229246380686,0.0954438002952,0.384744126015,-0.522459436791,-0.196207080874,4.72498560275e-05,0.00430731590253,0.586454740313,-0.152359515725,-4.94581665622e-08,1.23645416442e-05,0.586501990169,0.58103487165,-0.127562363563,-0.148052199823,0.584003979917,-0.127341369941,-0.00249801025234,0.0207108298813,-2.38389369192,-0.196207080874,-0.196207080874,0.357305195322,-0.0345492486822,-0.229246380686,0.0954438002952,-0.00526165381894,0.00253859329741,0.0584917700983,4,0
460,0.92,1,-0.389638721943,0,-0.165955334902,0,0,-0.363021137577,0.0973937178153,-0.389638729666,0.10719557644,0.204145992073,-0.106963116888,-3.23513268546,2.97118277323,-0.165955335436,-7.8487469285e-05,-0.00722436510159,-0.38947150605,0.147074070877,-5.91300951369e-07,0.000147825237849,-0.389549993519,-0.362827226625,0.0965120002306,0.139849705775,-0.389118646973,0.0963063215905,0.00043134654574,-0.043543384185,3.05722993501,-0.165955335436,-0.165955335436,-0.185492737593,0.000232459551969,0.204145992073,-0.106963116888,0.0266175920886,-0.00980185862477,-0.0979945767961,4,0
460,0.92,2,0.583962500095,0,-0.0545568093657,0,0,0.578776421973,-0.121742146521,0.583962525316,-0.123635616893,-0.227096603319,0.123345045773,0.505554710837,-0.494425223147,-0.0545568101181,5.25111645754e-05,0.00484372417582,0.583849674532,-0.150719155431,7.39126193028e-07,-0.000184781548253,0.583902185696,0.578534033285,-0.120639999535,-0.145875431255,0.582435639274,-0.121589679134,-0.00146654642272,0.0242857521215,-1.77843377421,-0.0545568101181,-0.0545568101181,0.356865921997,-0.000290571120199,-0.227096603319,0.123345045773,-0.00518610334342,0.00189347037204,0.0656862978086,4,0
470,0.94,1,-0.387654513121,0,0.0063762483187,0,0,-0.361161497265,0.0890273491749,-0.387654500888,0.0943113649596,0.201737502922,-0.134187256217,-3.07423613868,2.98031153825,0.00637624837712,-8.06360903761e-05,-0.00739077098235,-0.387485542864,0.134068173065,-3.50927371329e-07,8.77318428255e-05,-0.387566178955,-0.360984001861,0.0884845064176,0.126677402083,-0.385901340231,0.0879965223846,0.00166483872389,-0.038680879698,3.21100685555,0.00637624837712,0.00637624837712,-0.185916997966,-0.0398758912574,0.201737502922,-0.134187256217,0.0264930036231,-0.00528401578471,-0.100300848802,4,0
470,0.94,2,0.581671416759,0,-0.12529964745,0,0,0.576451871598,-0.111284185667,0.581671415107,-0.109602636948,-0.224275167577,0.159447504324,0.461705155085,-0.518365055382,-0.125299644736,5.52700304685e-05,0.00505673833772,0.581556401196,-0.136503104011,4.38659217505e-07,-0.00010966480439,0.581611671226,0.576230002345,-0.110605632215,-0.131446365673,0.579721739832,-0.111147941158,-0.00188993139428,0.0202984245154,-2.0767084995,-0.125299644736,-0.125299644736,0.35739624753,0.0498448673763,-0.224275167577,0.159447504324,-0.00521954350911,-0.00168154871916,0.0686397444401,4,0
480,0.96,1,-0.385751217604,0,-0.0958663746715,0,0,-0.359412775869,0.0856338472292,-0.385751221945,0.0950354702815,0.198887073917,-0.150441966694,-3.1400430962,2.95560127532,-0.0958663761903,-7.08395173997e-05,-0.0065312128484,-0.385599928402,0.13123661421,-5.20951160987e-07,0.00013023779024,-0.385670767919,-0.359242255013,0.0848697144783,0.124705401362,-0.384797602086,0.0845761461368,0.000873165832786,-0.0401292552249,3.08181492471,-0.0958663761903,-0.0958663761903,-0.186864148028,-0.0554064964121,0.198887073917,-0.150441966694,0.0263384460762,-0.00940162305225,-0.0885754446863,4,0
480,0.96,2,0.579424262047,0,-0.060797277838,0,0,0.57426596987,-0.107042308181,0.579424254361,-0.113043791148,-0.220844069187,0.182301914952,0.483813607426,-0.49119580727,-0.0607972790229,4.25410693215e-05,0.0039407637664,0.579332125577,-0.135352633117,6.51188954537e-07,-0.000162797238643,0.579374666646,0.574052818802,-0.106087142238,-0.131411869351,0.577846408233,-0.106893123249,-0.00152825841276,0.0245187461016,-1.77775470509,-0.0607972790229,-0.0607972790229,0.358580185174,0.0692581238046,-0.220844069187,0.182301914952,-0.00515828449127,0.00600148296636,0.0534150791791,4,0
490,0.98,1,-0.384022504091,0,-0.204372361302,0,0,-0.35779608802,0.0753912717317,-0.384022490083,0.0784878946499,0.195662543155,-0.174513372554,-3.25941051716,2.95236197322,-0.204372363285,-8.23995637102e-05,-0.00756755362382,-0.383848403166,0.119719583765,-7.16039389392e-07,0.000179009847352,-0.38393080273,-0.357646392483,0.074310738644,0.112152030141,-0.384056616295,0.0742970830535,-0.000125813565376,-0.0378549470879,2.95932220285,-0.204372363285,-0.204372363285,-0.188359946928,-0.0960254779045,0.195662543155,-0.174513372554,0.0262264020634,-0.00309662291821,-0.10267618066,4,0
490,0.98,2,0.577374994755,0,-0.039261341095,0,0,0.572245110075,-0.0942390887661,0.577375000975,-0.0929287715417,-0.216925067112,0.212960622152,0.529132909973,-0.496504734155,-0.0392613419264,5.76925475448e-05,0.00529848257485,0.577253044723,-0.121811677203,8.9504923928e-07,-0.000223762309822,0.577310737271,0.572057990657,-0.0928884224027,-0.116513194628,0.576048867931,-0.0940805988555,-0.00126186933991,0.0224325957726,-1.71316730031,-0.0392613419264,-0.0392613419264,0.360449933864,0.12003185061,-0.216925067112,0.212960622152,-0.00512989089993,-0.00131031722442,0.0718895177447,4,0
500,1,1,-0.382555067539,0,0.177807867527,0,0,-0.356376239528,0.0682383549113,-0.382555076736,0.0730993596883,0.191961009987,-0.193561590602,-2.87658645229,2.96331618059,0.177807865734,-7.33631023691e-05,-0.00670948755809,-0.382402749168,0.108681552178,-1.60967573271e-07,4.02418933238e-05,-0.382476112271,-0.356239941579,0.0680282488086,0.10197206462,-0.379548579062,0.0672728407641,0.00292753320845,-0.0346992238561,3.32709497757,0.177807865734,0.177807865734,-0.19059406675,-0.120462230914,0.191961009987,-0.193561590602,0.0261788372087,-0.00486100477698,-0.0910781374383,4,0
500,1,2,0.575615227222,0,-0.147747606039,0,0,0.570470299479,-0.0852979426969,0.575615199122,-0.0890217635122,-0.212372615417,0.23959955533,0.41549262986,-0.506596522519,-0.147747606037,4.58118966546e-05,0.00417056668823,0.575521830455,-0.110485433832,2.01209470196e-07,-5.03023675528e-05,0.575567642352,0.570299927045,-0.0850353100629,-0.106314867144,0.573455524434,-0.0851735583238,-0.0021121179178,0.0211413088199,-2.15547865686,-0.147747606037,-0.147747606037,0.363242583705,0.150577791817,-0.212372615417,0.23959955533,-0.00514489964309,0.0037238208153,0.056643713377,4,0
510,1.02,1,-0.381146639585,0,-0.282652050257,0,0,-0.355074736329,0.0599934152669,-0.381146626003,0.0637418861521,0.187951075321,-0.210215836109,-3.31653860239,2.93630956245,-0.282652035807,-7.81322885131e-05,-0.00719382954958,-0.38097994965,0.103525626963,-8.59593114022e-07,0.000214898278503,-0.381058081938,-0.35495602905,0.0587089446093,0.0963317974133,-0.381852926401,0.0588776573472,-0.000794844462304,-0.0374541400661,2.85253728933,-0.282652035807,-0.282652035807,-0.193195550682,-0.146473949957,0.187951075321,-0.210215836109,0.0260718896743,-0.00374847088523,-0.0975770041409,4,0
510,1.02,2,0.573893249035,0,0.0190378092229,0,0,0.568843420499,-0.0749917681022,0.573893221075,-0.0776038761352,-0.207398782392,0.260696316687,0.558951294573,-0.474564897359,0.0190378092954,5.22140998745e-05,0.00481914646137,0.573780733716,-0.104646590691,1.07449139408e-06,-0.000268622848512,0.573832947816,0.568695036403,-0.0733861797779,-0.0998274442299,0.572949647522,-0.0748206753096,-0.000883300294218,0.0250067689203,-1.48267061429,0.0190378092954,0.0190378092954,0.366494438684,0.183092440552,-0.207398782392,0.260696316687,-0.00504980057583,0.00261210803296,0.0653485879184,4,0
520,1.04,1,-0.380073994398,0,-0.0797360017896,0,0,-0.354001852076,0.0478791539045,-0.380073992364,0.0473052176271,0.183552610684,-0.23061391814,-3.13966194226,2.95995268856,-0.0797360045637,-8.03889649852e-05,-0.00736643651509,-0.379905699017,0.0868767144545,-5.67154214204e-07,0.000141788553548,-0.379986087982,-0.353906980674,0.0470103355485,0.0795102779394,-0.379288690425,0.04682553564,0.00069739755778,-0.0326847422995,3.05449764321,-0.0797360045637,-0.0797360045637,-0.196521381679,-0.183308700513,0.183552610684,-0.23061391814,0.0260721402877,0.000573936277403,-0.0999732491389,4,0
520,1.04,2,0.572585880756,0,-0.056562691927,0,0,0.567502315204,-0.0598489413778,0.572585907861,-0.0582406759761,-0.20193418037,0.287376554595,0.514348035971,-0.502540385356,-0.0565626918424,5.50752669843e-05,0.00503662533434,0.572471499767,-0.0849597255652,7.08942769823e-07,-0.000177235692454,0.572526575034,0.567383725953,-0.0587629184299,-0.0799231002309,0.571212354942,-0.0596943563888,-0.00131422009211,0.0202287438421,-1.84036340891,-0.0565626918424,-0.0565626918424,0.370651727491,0.229135878619,-0.20193418037,0.287376554595,-0.00508359265676,-0.00160826540178,0.0683703424579,4,0
530,1.06,1,-0.379133343697,0,-0.191541239619,0,0,-0.35310706238,0.0413766770543,-0.379133350537,0.0458668744545,0.178812333031,-0.243040131554,-3.22316319043,2.94395833494,-0.191541243015,-7.0085491536e-05,-0.00646427514086,-0.378983477476,0.0817652993083,-7.40591669046e-07,0.000185147917261,-0.379053562967,-0.353025384863,0.0402833145002,0.0753010241674,-0.379190941018,0.0402898487777,-0.000137378050551,-0.0350111753897,2.93294584147,-0.191541243015,-0.191541243015,-0.200321017506,-0.1971732571,0.178812333031,-0.243040131554,0.0260262881573,-0.00449019740015,-0.0876636124715,4,0
530,1.06,2,0.571404516697,0,0.0184093788266,0,0,0.566383828104,-0.0517208452761,0.571404504214,-0.0579672670795,-0.196003231881,0.304433841374,0.545638250092,-0.474890195898,0.0184093787638,4.16472386986e-05,0.00386178942149,0.571314032131,-0.0799290259103,9.25739587543e-07,-0.000231434896879,0.57135567937,0.56628173121,-0.0503541420815,-0.0760672364888,0.570487533404,-0.0515498575553,-0.000868145965866,0.0245173789335,-1.5344638608,0.0184093787638,0.0184093787638,0.375401272333,0.246466574294,-0.196003231881,0.304433841374,-0.00502067611048,0.00624642180332,0.0523386754305,4,0
540,1.08,1,-0.378419518471,0,-0.290979117155,0,0,-0.35240787998,0.0279663754888,-0.378419522481,0.0265682914479,0.173815250292,-0.259090410406,-3.34287107614,2.94933252616,-0.2909791286,-8.23101521426e-05,-0.00755889662211,-0.378245655809,0.0677408304136,-9.07290652885e-07,0.000226822663215,-0.378327965961,-0.352353323119,0.0265979627571,0.0601819337915,-0.379363678842,0.026843217203,-0.00103571288048,-0.0333387165886,2.83776913876,-0.2909791286,-0.2909791286,-0.204604272189,-0.232522118958,0.173815250292,-0.259090410406,0.0260116425004,0.00139808404098,-0.102559421374,4,0
540,1.08,2,0.57050973177,0,0.0397529713809,0,0,0.565509850125,-0.0349579683152,0.570509720054,-0.0332061847704,-0.189754379311,0.323858836216,0.594851534857,-0.483224549716,0.0397529707743,5.76859353356e-05,0.00529726997319,0.570387820758,-0.0620660859666,1.13411331593e-06,-0.000283528328987,0.570445506693,0.565441654051,-0.0332474524008,-0.0567688159934,0.569860443017,-0.0347766936113,-0.000585063676133,0.0219921223821,-1.50949317683,0.0397529707743,0.0397529707743,0.380755340743,0.290652651446,-0.189754379311,0.323858836216,-0.00499986992861,-0.0017517835448,0.0718740143666,4,0
550,1.1,1,-0.378012984991,0,0.0826922804117,0,0,-0.351964176634,0.0180698372673,-0.378012984037,0.0191034358513,0.168494757359,-0.272060634592,-2.97518008134,2.96700884874,0.0826922829276,-7.31796948161e-05,-0.00669380328984,-0.377860940332,0.0546405122547,-3.47948859558e-07,8.69872148864e-05,-0.377934120027,-0.351928497225,0.0175787429337,0.0479467089648,-0.375958491219,0.0170700741596,0.00197562880795,-0.0308766348053,3.2155974282,0.0826922829276,0.0826922829276,-0.209518226678,-0.25295719874,0.168494757359,-0.272060634592,0.0260488074034,-0.00103359858403,-0.0908635155315,4,0
550,1.1,2,0.569984436035,0,-0.0633007511497,0,0,0.564955220963,-0.0225872955229,0.569984452818,-0.0256201806404,-0.183086668909,0.341816681693,0.489360564086,-0.496184855916,-0.0633007537984,4.56632563215e-05,0.00415841275481,0.569891264652,-0.0470697037916,4.34936077376e-07,-0.000108734019335,0.569936927909,0.564910621704,-0.0219734276013,-0.0429112910368,0.568556336544,-0.0224372490403,-0.00138059136484,0.0204740419964,-1.96747557245,-0.0633007537984,-0.0633007537984,0.386897783909,0.316196501053,-0.183086668909,0.341816681693,-0.00502923185458,0.00303288511753,0.056476461968,4,0
560,1.12,1,-0.37770909071,0,-0.3585678339,0,0,-0.351692473428,0.00730752765894,-0.3777091034,0.00771345220203,0.162973529289,-0.281917159781,-3.40263532116,2.9464222527,-0.358567837781,-7.81957424607e-05,-0.00719875364688,-0.37754236889,0.047496019669,-9.96244860996e-07,0.000249061215246,-0.377620564632,-0.35167934567,0.00581669541652,0.0402972660222,-0.379186325134,0.00616195050452,-0.0015657605016,-0.0341353155176,2.77930329894,-0.358567837781,-0.358567837781,-0.214735574111,-0.274203707579,0.162973529289,-0.281917159781,0.026016629972,-0.000405924543095,-0.0976452306769,4,0
560,1.12,2,0.569572389126,0,0.098161265254,0,0,0.564615591977,-0.00913440850549,0.569572403425,-0.0106911759665,-0.176152935175,0.353445812929,0.632207498898,-0.468464747306,0.0981612621782,5.24119665057e-05,0.00483618051975,0.569459593272,-0.0377915578368,1.24530607448e-06,-0.000311326518612,0.569512005239,0.564599182282,-0.00727086820504,-0.0329553773171,0.569329291883,-0.00893800434276,-0.000182713355778,0.0240173729743,-1.35396890578,0.0981612621782,0.0981612621782,0.393419468251,0.342754636963,-0.176152935175,0.353445812929,-0.00495681144821,0.00155676746099,0.0655814894138,4,0
570,1.14,1,-0.377768367529,0,-0.164224043489,0,0,-0.351692262182,-0.00665424129854,-0.377768362088,-0.00977709408496,0.157236269371,-0.293215582539,-3.23733013576,2.97336816659,-0.164224050497,-8.01888362779e-05,-0.00734922718728,-0.377600388422,0.0297409144069,-6.94772961496e-07,0.000173693240373,-0.377680577258,-0.351706646007,-0.00771299229674,0.0223916872196,-0.377793549257,-0.00774179492665,-0.000112971998044,-0.0301334821463,2.99141228879,-0.164224050497,-0.164224050497,-0.220532092717,-0.302992676624,0.157236269371,-0.293215582539,0.0260760999061,0.00312285278642,-0.0997379186714,4,0
570,1.14,2,0.569626688957,0,0.0273157004267,0,0,0.564615327941,0.00831780266654,0.56962670592,0.0108284407156,-0.168961589363,0.367912407329,0.593888957286,-0.498340046343,0.0273157007337,5.49502474267e-05,0.00502669788161,0.569512424951,-0.0158900201349,8.68466201731e-07,-0.00021711655042,0.569567375199,0.564633307724,0.00964124141388,-0.0108633222533,0.568988200707,0.00850000569846,-0.000579174491875,0.0193633279517,-1.72652068168,0.0273157007337,0.0273157007337,0.400665116556,0.378740848045,-0.168961589363,0.367912407329,-0.00501137797863,-0.00251063804905,0.0682332102088,4,0
580,1.16,1,-0.37799680233,0,-0.271818399429,0,0,-0.351909847827,-0.0153007356901,-0.37799680876,-0.0136972837216,0.151304861961,-0.299697657535,-3.32438632046,2.9634191757,-0.271818390448,-7.13029126105e-05,-0.00657342790752,-0.377844532084,0.0227325491474,-8.3891691055e-07,0.000209729227638,-0.377915834997,-0.351941678944,-0.0165447458956,0.0161591212398,-0.378823435899,-0.0164221351931,-0.000907600902358,-0.0325812564329,2.8942227747,-0.271818390448,-0.271818390448,-0.226691946799,-0.313394941257,0.151304861961,-0.299697657535,0.0260869609331,-0.00160345196854,-0.0891487543062,4,0
580,1.16,2,0.569869697094,0,0.0976225882769,0,0,0.564887310019,0.0191259206694,0.569869712028,0.0149156700712,-0.161504777824,0.376828008671,0.629283240335,-0.477180851844,0.0976225860677,4.33989360939e-05,0.00401919630211,0.569775758344,-0.0078214395306,1.04864613659e-06,-0.000262161534154,0.56981915728,0.564927098916,0.0206809334241,-0.00380224322849,0.569669037058,0.019325159296,-0.00015012022129,0.0231274025245,-1.47833409202,0.0976225860677,0.0976225860677,0.408364934204,0.391743678742,-0.161504777824,0.376828008671,-0.00498240200939,0.00421025059814,0.0544798024228,4,0
590,1.18,1,-0.37847545743,0,-0.343667119741,0,0,-0.352354828884,-0.0295735441746,-0.378475463202,-0.0328178794989,0.14526772941,-0.306076129259,-3.41835353765,2.97263163389,-0.343667127888,-8.19105101901e-05,-0.00752163853361,-0.37830250317,0.00813180270886,-9.37372149123e-07,0.000234343037278,-0.378384413681,-0.352415396504,-0.0309868392482,0.000610164175243,-0.379942756191,-0.0307230411457,-0.0015583425107,-0.031333205321,2.84549601845,-0.343667127888,-0.343667127888,-0.233207733792,-0.338894008758,0.14526772941,-0.306076129259,0.0261206343186,0.00324433532433,-0.102054775871,4,0
590,1.18,2,0.570436954498,0,0.112544953823,0,0,0.56544353636,0.0369669312281,0.570436952593,0.0397184740138,-0.153927284607,0.383899038845,0.672311446592,-0.48831270033,0.112544953269,5.73551205252e-05,0.00526622130314,0.570315828392,0.0110517183083,1.17171518277e-06,-0.000292928795687,0.570373183513,0.565519245887,0.0387335500646,0.0163179396115,0.570442005575,0.0371752007787,6.88220619406e-05,0.0208572611672,-1.50933696753,0.112544953269,0.112544953269,0.416509667986,0.423617512858,-0.153927284607,0.383899038845,-0.00499341623343,-0.00275154278571,0.0714537929933,4,0
600,1.2,1,-0.37926325202,0,-0.056958053261,0,0,-0.353069240653,-0.0405104774659,-0.379263250483,-0.0417106793545,0.139098362264,-0.310969238602,-3.14093698575,2.99143790929,-0.0569580532299,-7.44606572913e-05,-0.00681822404834,-0.379107886333,-0.00526528318551,-4.85503365344e-07,0.000121375841338,-0.37918234699,-0.353150941766,-0.0412146841269,-0.0120835072338,-0.378428513825,-0.0415671138481,0.000753833165343,-0.0294836066142,3.1557931776,-0.0569580532299,-0.0569580532299,-0.240164888219,-0.352679917957,0.139098362264,-0.310969238602,0.0261940098296,0.00120020188862,-0.09254102323,4,0
600,1.2,2,0.571383595467,0,0.0356977283955,0,0,0.566336551091,0.0506380978198,0.571383599146,0.0495870803027,-0.146177488091,0.391262818883,0.596907469703,-0.502235564688,0.0356977269687,4.75813172443e-05,0.00434353903021,0.571285545727,0.0268238488601,6.0687920822e-07,-0.000151719802067,0.571333127044,0.566438677485,0.0515183561487,0.0311673878903,0.57081155941,0.0508245564998,-0.000521567633986,0.0196571686094,-1.89361939878,0.0356977269687,0.0356977269687,0.425206111055,0.440849899186,-0.146177488091,0.391262818883,-0.00504704805432,0.0010510175171,0.0589741780458,4,0
610,1.22,1,-0.380194574594,0,-0.385707736015,0,0,-0.353980295894,-0.0518748473525,-0.380194569514,-0.0536946224108,0.132872411621,-0.312713970918,-3.4650383982,2.98110943619,-0.385707724931,-7.87039331981e-05,-0.00724065589126,-0.380027200751,-0.0138414677323,-9.42234362034e-07,0.000235558590505,-0.380105904684,-0.354085456685,-0.0532870712214,-0.0210821236235,-0.38198848025,-0.053041855034,-0.00188257556566,-0.0319597314105,2.85202033571,-0.385707724931,-0.385707724931,-0.247322157893,-0.366408593329,0.132872411621,-0.312713970918,0.0262142736201,0.00181977505826,-0.0982212370756,4,0
610,1.22,2,0.572499155998,0,0.15773165226,0,0,0.567475370162,0.0648435601441,0.572499174574,0.0651046666693,-0.138346476393,0.392906076541,0.709213366268,-0.484837490501,0.157731656499,5.33243902616e-05,0.00491379225591,0.57238500761,0.0377861818764,1.17779294695e-06,-0.000294448236737,0.572438332,0.567606821153,0.066608839972,0.0426999741323,0.572820832737,0.0650662877514,0.000382500736695,0.0223663136191,-1.47226782197,0.157731656499,0.157731656499,0.434152698181,0.45801074321,-0.138346476393,0.392906076541,-0.00502380441183,-0.000261106525137,0.0666442192686,4,0
620,1.24,1,-0.381456762552,0,-0.239942103624,0,0,-0.355154465961,-0.0649814844167,-0.381456766535,-0.0693063008807,0.126618379073,-0.314115681994,-3.34564581277,3.00627662046,-0.239942101899,-7.98968397581e-05,-0.00732682878985,-0.381289023503,-0.0297630745569,-6.9200258962e-07,0.000173000647412,-0.381368920343,-0.355285489559,-0.0660308009346,-0.0370899033467,-0.382159405072,-0.066106690213,-0.00079048472973,-0.0290167868663,3.03260942772,-0.239942101899,-0.239942101899,-0.254838387462,-0.383421982875,0.126618379073,-0.314115681994,0.0263023005745,0.00432481646398,-0.0994270904034,4,0
620,1.24,2,0.574036300182,0,0.107491962612,0,0,0.568943082764,0.0812268563967,0.574036280096,0.0842487564869,-0.130488294926,0.395028723365,0.685415783092,-0.509722123491,0.107491966272,5.48684287086e-05,0.0050250532996,0.573921658613,0.0573435651265,8.65003234263e-07,-0.000216250808567,0.573976527042,0.569106862263,0.0825385020396,0.0623686184261,0.574077619386,0.0814407954226,0.000101092344079,0.0190721769964,-1.78011179336,0.107491966272,0.107491966272,0.44354798517,0.479277479852,-0.130488294926,0.395028723365,-0.0050931973325,-0.00302190009026,0.0682016933292,4,0
630,1.26,1,-0.382906794548,0,-0.318060070276,0,0,-0.35654547232,-0.0742475270438,-0.382906807138,-0.0758270120833,0.120346396456,-0.313187262501,-3.41772603476,3.00663127574,-0.318060058114,-7.45044521988e-05,-0.00685883831597,-0.38274835039,-0.0380577633411,-7.72320542963e-07,0.000193080135736,-0.382822854842,-0.356695110755,-0.0753984581847,-0.044916601657,-0.384203216518,-0.075399933052,-0.00138036167616,-0.030483331395,2.98526954759,-0.318060058114,-0.318060058114,-0.262560410682,-0.389014274585,0.120346396456,-0.313187262501,0.0263613348185,0.00157948503951,-0.0930347009082,4,0
630,1.26,2,0.57578933239,0,0.158357664943,0,0,0.57068184073,0.0928094096617,0.575789323947,0.091661396274,-0.122588809728,0.394606448098,0.717772475306,-0.499434519131,0.158357672126,4.79234797765e-05,0.00442327524677,0.57568658754,0.0670089512946,9.65400673958e-07,-0.000241350168479,0.575734511019,0.570868888776,0.094248073581,0.0714322265413,0.576153942148,0.0930374138874,0.000419431128297,0.0216051873461,-1.64542809194,0.158357672126,0.158357672126,0.45320051422,0.486267844372,-0.122588809728,0.394606448098,-0.0051074832171,0.00114801338768,0.059980284049,4,0
640,1.28,1,-0.384590297937,0,-0.337953865528,0,0,-0.358151653564,-0.0864273495967,-0.384590294358,-0.0910406532511,0.114125726912,-0.310319324611,-3.45880677762,3.02014838928,-0.337953865727,-8.08331378645e-05,-0.00742204589661,-0.384419705623,-0.0506617368361,-7.67837648963e-07,0.000191959412243,-0.384500538761,-0.358325670814,-0.0875845030601,-0.0580837827327,-0.386087339568,-0.0875913365135,-0.00158680080686,-0.0295075537808,3.00464143957,-0.337953865727,-0.337953865727,-0.270464567446,-0.401359977862,0.114125726912,-0.310319324611,0.0264386407938,0.00461330365439,-0.100704522612,4,0
640,1.28,2,0.577835917473,0,0.163449138403,0,0,0.572689567302,0.108034187752,0.577835929829,0.110916454812,-0.114755219635,0.390783518341,0.743411860891,-0.509854772455,0.163449134066,5.62823301686e-05,0.00516694156884,0.577717188811,0.0828245085294,9.59797054056e-07,-0.000239949263515,0.577773471141,0.572907088865,0.10948062957,0.0879914500982,0.578290708985,0.108267568656,0.000517237843996,0.0202761185574,-1.72887221964,0.163449134066,0.163449134066,0.463080710194,0.501699973153,-0.114755219635,0.390783518341,-0.0051463625275,-0.00288226705984,0.0701079543703,4,0
650,1.3,1,-0.386525660753,0,-0.215629130602,0,0,-0.359984935243,-0.0962145021686,-0.386525656628,-0.100046094165,0.107962079376,-0.306664568206,-3.34970498177,3.03831415144,-0.215629128594,-7.6925482907e-05,-0.00705703601586,-0.386363955286,-0.0618776038194,-5.45650800043e-07,0.000136412700005,-0.386440880768,-0.360178161352,-0.097022292766,-0.0689346398352,-0.387054134106,-0.0973423854546,-0.000613253337476,-0.0284077456194,3.16727682968,-0.215629128594,-0.215629128594,-0.278563577251,-0.406710662371,0.107962079376,-0.306664568206,0.0265407213851,0.00383159199627,-0.0957617017289,4,0
650,1.3,2,0.580187618732,0,0.136425077915,0,0,0.574981169414,0.120268128404,0.580187597174,0.121223828709,-0.106983124709,0.387164499881,0.72028417978,-0.520160226993,0.136425077593,5.1214910077e-05,0.0046936606786,0.580080376975,0.0959963738111,6.82063499902e-07,-0.00017051587497,0.580131591885,0.575222702052,0.121277866651,0.10069003449,0.580443230873,0.120495714298,0.000311638987919,0.0198056798085,-1.931143893,0.136425077593,0.136425077593,0.473204472464,0.50838832859,-0.106983124709,0.387164499881,-0.00520642775976,-0.00095570030478,0.0636988751943,4,0
660,1.32,1,-0.388628154993,0,-0.333019912243,0,0,-0.362001582407,-0.105832136444,-0.388628157402,-0.110368666764,0.101894659023,-0.300774198419,-3.47654817598,3.04474687968,-0.333019926973,-7.92370839132e-05,-0.00728093576983,-0.388460471273,-0.0705855538025,-6.71727423185e-07,0.00016793185579,-0.388539708357,-0.362214258349,-0.106841767011,-0.0778664895723,-0.390100855668,-0.107002939496,-0.00156114731128,-0.0291364499239,3.09194749036,-0.333019926973,-0.333019926973,-0.286733498379,-0.411142865183,0.101894659023,-0.300774198419,0.0266265749954,0.00453653031985,-0.0987813693215,4,0
660,1.32,2,0.582736372948,0,0.185476079583,0,0,0.577501978382,0.132290171172,0.582736344156,0.133988183339,-0.0993194702711,0.379940398549,0.770563698688,-0.517269105463,0.185476083436,5.4375742243e-05,0.00499903357552,0.582621012546,0.106583120955,8.39659269891e-07,-0.000209914817465,0.582675388288,0.577767823312,0.133552209367,0.111582154531,0.583348038879,0.132533757026,0.000672650591324,0.0209516024954,-1.82548453362,0.185476083436,0.185476083436,0.483416873885,0.513928581888,-0.0993194702711,0.379940398549,-0.00523436577363,-0.00169801216669,0.0678185097892,4,0
670,1.34,1,-0.390953600407,0,-0.275442928076,0,0,-0.364213950104,-0.11505689512,-0.390953607029,-0.120413840497,0.0959579444935,-0.293762639579,-3.43810418358,3.06412240656,-0.275442915066,-7.91108014602e-05,-0.00726224221265,-0.390786860486,-0.0809706258295,-5.40428181595e-07,0.000135107045399,-0.390865971287,-0.364444879103,-0.115869820237,-0.0882328680421,-0.391995429383,-0.116214456757,-0.00112945809577,-0.0279815887149,3.19564129987,-0.275442915066,-0.275442915066,-0.294995662536,-0.414176480076,0.0959579444935,-0.293762639579,0.0267396569246,0.00535694537633,-0.098538861962,4,0
670,1.34,2,0.585559248924,0,0.172725021839,0,0,0.580267438016,0.143821119391,0.585559278236,0.146050756713,-0.0918146991506,0.37166984347,0.769227072347,-0.528947672522,0.172725017502,5.42523082011e-05,0.00497850416183,0.585445081572,0.11906664899,6.7553522165e-07,-0.000168883805419,0.58549933388,0.580556099264,0.144837275779,0.124045153151,0.586104576512,0.144064333495,0.000605242631541,0.0200191803433,-1.97831403597,0.172725017502,0.172725017502,0.493744579086,0.517720600184,-0.0918146991506,0.37166984347,-0.00529184022056,-0.00222963732271,0.0675543823229,4,0
680,1.36,1,-0.393450796604,0,-0.29823321104,0,0,-0.366595562856,-0.123128638023,-0.39345080485,-0.12878027265,0.0901713882367,-0.285454008487,-3.47530634508,3.07846230797,-0.298233219372,-7.91169413982e-05,-0.00726816484738,-0.393283583669,-0.0891416286711,-5.27229851832e-07,0.000131807462953,-0.393362700611,-0.366842615924,-0.12392195617,-0.0964097935184,-0.394685924262,-0.124299069749,-0.00132322365185,-0.0278892762301,3.21982062479,-0.298233219372,-0.298233219372,-0.303279416614,-0.414234281137,0.0901713882367,-0.285454008487,0.026855241994,0.0056516346269,-0.0986108177299,4,0
680,1.36,2,0.588585436344,0,0.190019533038,0,0,0.583244453965,0.153910797968,0.588585421086,0.156019172325,-0.0844861494021,0.36177367906,0.790492413723,-0.532690320901,0.190019540458,5.43680208389e-05,0.00499612978026,0.588470376103,0.128725768556,6.59037307171e-07,-0.000164759326796,0.588524744124,0.5835532703,0.15490244564,0.133721898336,0.589256598392,0.154161303986,0.000731854268411,0.0204394056497,-2.0035869613,0.190019540458,0.190019540458,0.504099271684,0.517792851385,-0.0844861494021,0.36177367906,-0.00534096712106,-0.00210837435722,0.067782552364,4,0
690,1.38,1,-0.39611068368,0,-0.247363016009,0,0,-0.369131914577,-0.130159742524,-0.396110673698,-0.135873170189,0.084562765414,-0.275953983929,-3.44065845798,3.09521089736,-0.247363015657,-7.87363139825e-05,-0.00722887631293,-0.395944628081,-0.0965782500522,-3.98104212707e-07,9.95260531737e-05,-0.396023364395,-0.369392834984,-0.130758781352,-0.103807126365,-0.396938421999,-0.131318347,-0.000915057604045,-0.0275112206344,3.31903090466,-0.247363015657,-0.247363015657,-0.311547908284,-0.411827154119,0.084562765414,-0.275953983929,0.026978759121,0.0057134276657,-0.0980845449686,4,0
690,1.38,2,0.591805994511,0,0.182724401355,0,0,0.586414893624,0.162699678447,0.591805973295,0.164405599532,-0.0773710870268,0.35037834275,0.7885658604,-0.538666014602,0.182724408477,5.39353387282e-05,0.0049507290454,0.591692328964,0.137529256009,4.9763025578e-07,-0.000124407563933,0.591746264303,0.586741044132,0.163448476967,0.142479985055,0.592416061788,0.16294972712,0.000669797484581,0.0204697420654,-2.12707747313,0.182724408477,0.182724408477,0.514434886268,0.514783942282,-0.0773710870268,0.35037834275,-0.00539107967164,-0.00170592108493,0.0671754373217,4,0
700,1.4,1,-0.398896723986,0,-0.356183230877,0,0,-0.371795760468,-0.136532558722,-0.398896722361,-0.143052266019,0.0791572282337,-0.264997131975,-3.56482130422,3.10883960675,-0.356183234111,-8.00009619634e-05,-0.00735652706951,-0.398726974227,-0.102674799705,-5.14119304296e-07,0.000128529826076,-0.398806975189,-0.372069613281,-0.137311995765,-0.110031326774,-0.400620907151,-0.137733606501,-0.00181393196233,-0.0277022797262,3.26007084926,-0.356183234111,-0.356183234111,-0.319739494127,-0.408049397995,0.0791572282337,-0.264997131975,0.0271009618931,0.00651970729694,-0.0997984633568,4,0
700,1.4,2,0.595177412033,0,0.22480918467,0,0,0.589744700991,0.170665698597,0.595177403462,0.173249838055,-0.0705030348999,0.336811908871,0.835541625475,-0.54118623865,0.224809190752,5.56923241738e-05,0.00512720844927,0.595058692589,0.144903323763,6.42649128468e-07,-0.000160662282109,0.595114384913,0.590087017007,0.171639994898,0.150030532213,0.596116933333,0.170931208278,0.00100254842022,0.020900676065,-2.05101207028,0.224809190752,0.224809190752,0.524674368562,0.510061746925,-0.0705030348999,0.336811908871,-0.00543270247064,-0.00258413945809,0.0695461960722,4,0
710,1.42,1,-0.401842921972,0,-0.18337354064,0,0,-0.374589974185,-0.142071161039,-0.401842932577,-0.149072817419,0.0739793322324,-0.253538090157,-3.41647170862,3.13427344549,-0.183373543442,-7.93849216583e-05,-0.00728277424698,-0.401676033144,-0.109672422763,-2.0173595755e-07,5.04339893824e-05,-0.401755418066,-0.374874430131,-0.142379274772,-0.11695519701,-0.402189117248,-0.143221125333,-0.000433699181884,-0.0262659283233,3.48453544967,-0.183373543442,-0.183373543442,-0.327863600345,-0.402610907576,0.0739793322324,-0.253538090157,0.0272529583916,0.00700165637954,-0.0988247196826,4,0
710,1.42,2,0.598743677139,0,0.172682002187,0,0,0.593237468141,0.177588951382,0.59874369579,0.180148835871,-0.0639141944696,0.323114797815,0.797070970906,-0.55606468311,0.172681999376,5.49284244781e-05,0.00503454960797,0.598628627244,0.153061237739,2.52169935377e-07,-6.3042483831e-05,0.598683555669,0.593593038073,0.177974093531,0.158095787347,0.599299832224,0.177841549886,0.000616276555687,0.0197457625386,-2.35729978813,0.172681999376,0.172681999376,0.534829501321,0.503263633686,-0.0639141944696,0.323114797815,-0.0055062276491,-0.00255988448878,0.0683242884205,4,0
720,1.44,1,-0.404829353094,0,-0.249319031835,0,0,-0.37745734498,-0.144667490292,-0.404829353726,-0.150005189888,0.0690280716848,-0.241266533408,-3.4873094983,3.14122582008,-0.24931903606,-7.7590029404e-05,-0.00713263982728,-0.404664940535,-0.110935560451,-2.51120474637e-07,6.27801186546e-05,-0.404742530565,-0.377747037313,-0.14503450701,-0.118068200279,-0.40566291744,-0.145842722478,-0.000920386875544,-0.0277745221989,3.46623851195,-0.24931903606,-0.24931903606,-0.335801282042,-0.391271723296,0.0690280716848,-0.241266533408,0.0273720087463,0.0053376995964,-0.0967646421615,4,0
720,1.44,2,0.602348446846,0,0.210017636418,0,0,0.596821681634,0.180834362786,0.602348457086,0.18114281371,-0.0575968536635,0.307946839318,0.824093335802,-0.548295462447,0.210017641451,5.27013731767e-05,0.0048492695138,0.602236382941,0.154426521459,3.13900585969e-07,-7.84751464901e-05,0.602289084314,0.597183797051,0.181293133673,0.159275790973,0.603130005549,0.181097209616,0.000840921235298,0.0218214186431,-2.27906141546,0.210017641451,0.210017641451,0.544751603423,0.489089653028,-0.0575968536635,0.307946839318,-0.00552677545196,-0.000308450923969,0.0657802319031,4,0
730,1.46,1,-0.407931178808,0,-0.198960319161,0,0,-0.380402969582,-0.149791809762,-0.407931173522,-0.158954316639,0.0643576207064,-0.226833228567,-3.47216689269,3.16832892988,-0.198960326038,-8.43228576784e-05,-0.00772792877233,-0.407754220236,-0.117275902678,-1.26216952501e-07,3.15542381187e-05,-0.407838543094,-0.380702771567,-0.149995655327,-0.125003831451,-0.408415081243,-0.150958981081,-0.000576538149034,-0.0259551496308,3.57110118778,-0.198960326038,-0.198960326038,-0.343573552816,-0.385787545206,0.0643576207064,-0.226833228567,0.0275282039405,0.00916250687713,-0.104877636774,4,0
730,1.46,2,0.606104552746,0,0.182122677565,0,0,0.600503712384,0.187239762046,0.606104558629,0.192583296256,-0.0516376167613,0.289651134042,0.826810455715,-0.568249449294,0.182122683157,6.15484793325e-05,0.00563127851998,0.605976023971,0.162445731791,1.5777118112e-07,-3.94427952779e-05,0.606037572451,0.600878464865,0.187494568989,0.168077010311,0.606745976224,0.187499856373,0.000708403773727,0.0194228460619,-2.49465194575,0.182122683157,0.182122683157,0.554466941868,0.482234430298,-0.0516376167613,0.289651134042,-0.00560084624487,-0.00534353420992,0.0764383232636,4,0
740,1.48,1,-0.41107404232,0,-0.0708097368479,0,0,-0.383400182372,-0.149153742411,-0.411074036618,-0.154458457633,0.0599388940424,-0.214480989203,-3.34855065711,3.18356731215,-0.0708097369322,-7.56016292995e-05,-0.00694058111767,-0.410914724916,-0.116763163549,1.30042718649e-07,-3.25106796562e-05,-0.410990326546,-0.383698288731,-0.148955647477,-0.123703744667,-0.410472989712,-0.15028177605,0.000517336833219,-0.0265780313837,3.74599431924,-0.0708097369322,-0.0708097369322,-0.351135142576,-0.368939446836,0.0599388940424,-0.214480989203,0.0276738542462,0.00530471522182,-0.0941736080312,4,0
740,1.48,2,0.609898626804,0,0.160556554794,0,0,0.604250228367,0.186442177684,0.609898615154,0.1860530183,-0.0459796861139,0.275121288734,0.790417040307,-0.567289491623,0.160556547883,5.02438377401e-05,0.0046113240138,0.609792901801,0.161058737473,-1.62553409844e-07,4.06383524618e-05,0.609843145639,0.604622861315,0.186194558998,0.165670061487,0.610305100099,0.186694464006,0.000461954460722,0.0210244025193,-2.64114861439,0.160556547883,0.160556547883,0.56391892904,0.461174307034,-0.0459796861139,0.275121288734,-0.00564838678741,0.000389159383655,0.0625710008002,4,0
750,1.5,1,-0.414161175489,0,-0.451873868704,0,0,-0.386379015644,-0.150240357109,-0.414161178866,-0.157995447294,0.0558031475782,-0.198527235636,-3.74189941121,3.18619658963,-0.451873865163,-8.30484427788e-05,-0.00765583172176,-0.413983224111,-0.115329677476,-3.93585848968e-07,9.83964622485e-05,-0.414066272554,-0.386680147645,-0.150861189977,-0.122985509198,-0.416643726533,-0.151501386729,-0.0025774539792,-0.0285158775317,3.41362125389,-0.451873865163,-0.451873865163,-0.358358031288,-0.35652268293,0.0558031475782,-0.198527235636,0.0277821632221,0.00775509018522,-0.103828956421,4,0
750,1.5,2,0.6136277318,0,0.281687021255,0,0,0.607973769949,0.187800445936,0.613627737263,0.191664927221,-0.0406801973648,0.253988424753,0.916456510598,-0.559423933777,0.2816870358,6.01029734229e-05,0.00555755940402,0.613497407022,0.160117912184,4.91982307782e-07,-0.000122995576935,0.613557509995,0.60835018495,0.188576487016,0.165675471588,0.614970880268,0.188091992199,0.00141337027285,0.0224165206116,-2.22512909213,0.2816870358,0.2816870358,0.572947539898,0.445653351974,-0.0406801973648,0.253988424753,-0.00565396731392,-0.00386448128459,0.0753455410211,4,0
760,1.52,1,-0.417370647192,0,0.0504642762244,0,0,-0.38940176289,-0.149874276738,-0.417370654024,-0.15761122101,0.0519868621733,-0.184306870039,-3.2751754408,3.22758473479,0.0504642757583,-7.88942680082e-05,-0.00722451726469,-0.417206030908,-0.118970811582,4.06479580384e-07,-0.000101619895101,-0.417284925176,-0.389700919126,-0.149273258334,-0.126195328847,-0.415831881094,-0.150975531663,0.00145304408201,-0.0247802028166,3.96625377802,0.0504642757583,0.0504642757583,-0.36538379185,-0.341918091049,0.0519868621733,-0.184306870039,0.0279688911334,0.00773694427137,-0.0980549817695,4,0
760,1.52,2,0.617518305779,0,0.112471364439,0,0,0.611752203997,0.187342845343,0.617518304965,0.190312392275,-0.0357885643984,0.237085219662,0.773599712804,-0.593386680117,0.112471362382,5.46245905677e-05,0.00498964410533,0.617405480003,0.164040922937,-5.08099488039e-07,0.000127024871999,0.617460104594,0.612126149291,0.186591572319,0.169030567043,0.617624159983,0.187587510176,0.000164055389289,0.0185569431335,-2.98661182403,0.112471362382,0.112471362382,0.581729740566,0.427397611937,-0.0357885643984,0.237085219662,-0.0057661009676,-0.00296954693149,0.0677416703057,4,0
770,1.54,1,-0.420387625694,0,-0.160822987556,0,0,-0.392335879839,-0.143988976874,-0.420387628795,-0.14717819269,0.0484190159439,-0.170496979903,-3.46967809672,3.21477987519,-0.160822992072,-7.53243652743e-05,-0.00693571007186,-0.420227027465,-0.108813914038,1.34994953604e-07,-3.37487384071e-05,-0.42030235183,-0.39262360943,-0.143763549628,-0.11574962411,-0.420417151525,-0.145159029861,-0.000114799694306,-0.029409405751,3.79214587976,-0.160822992072,-0.160822992072,-0.371968612851,-0.317675172593,0.0484190159439,-0.170496979903,0.0280517489562,0.00318921581593,-0.0940752294618,4,0
770,1.54,2,0.621154308319,0,0.20538841188,0,0,0.615419850169,0.17998622034,0.621154287305,0.177727104171,-0.031193520528,0.219366859439,0.831192160874,-0.562984901631,0.205388407733,5.01850612735e-05,0.00463268355716,0.621046259991,0.151712239925,-1.68743700013e-07,4.21859249976e-05,0.621096445052,0.615779512157,0.179704436271,0.156344923482,0.621811863835,0.180252554243,0.000715418782744,0.0239076307608,-2.63113748347,0.205388407733,0.205388407733,0.589960766777,0.39709396361,-0.031193520528,0.219366859439,-0.00573443713556,0.00225911616928,0.0628188515093,4,0
780,1.56,1,-0.423432648182,0,-0.0308085530996,0,0,-0.395226478477,-0.144835799273,-0.423432646788,-0.155455611933,0.0452101946432,-0.151903914322,-3.39105316674,3.24959305638,-0.0308085522153,-8.91470752654e-05,-0.00815119827534,-0.423246873012,-0.111974213629,3.72990370145e-07,-9.3247592534e-05,-0.423336020088,-0.395515644189,-0.144303113145,-0.120125411905,-0.422515781287,-0.145972853557,0.000820238800396,-0.0258474416526,3.97257443375,-0.0308085522153,-0.0308085522153,-0.378222452145,-0.307359526255,0.0452101946432,-0.151903914322,0.0282061683104,0.0106198126593,-0.110651558142,4,0
780,1.56,2,0.624856352806,0,0.126699462533,0,0,0.619033098452,0.181044748246,0.6248563328,0.189263518535,-0.0270782669502,0.194935887059,0.81009576911,-0.599037665964,0.126699465584,6.81551354122e-05,0.00621202483847,0.624715646378,0.156623383118,-4.66237972563e-07,0.000116559493149,0.624783801513,0.61939455559,0.180378890572,0.162835407957,0.625070426409,0.181296303578,0.000286624895646,0.0184608956214,-3.03923627033,0.126699465584,0.126699465584,0.59777806585,0.384199405593,-0.0270782669502,0.194935887059,-0.00582323434891,-0.00821877028832,0.0843586375609,4,0
790,1.58,1,-0.426366209984,0,0.167557343841,0,0,-0.398037792183,-0.135138035409,-0.426366196089,-0.137734392541,0.0422687091784,-0.140518844603,-3.17896248268,3.25724618891,0.167557336857,-7.16705610508e-05,-0.00657942248653,-0.426215280261,-0.102028043359,7.36452811734e-07,-0.000184113202933,-0.426286950822,-0.398306946139,-0.134024638623,-0.108607465845,-0.423740576394,-0.136208984751,0.00254637442821,-0.0276015189057,4.20388684666,0.167557336857,0.167557336857,-0.384097486911,-0.278253237143,0.0422687091784,-0.140518844603,0.0283284039066,0.00259635713198,-0.0892736306296,4,0
790,1.58,2,0.628404259682,0,0.0911555588245,0,0,0.622547240565,0.168922543243,0.62840425953,0.165921921029,-0.0232824002688,0.18189462294,0.737506889608,-0.589657846161,0.0911555558283,4.55271467477e-05,0.0041781315406,0.628308614902,0.143310345307,-9.20566025853e-07,0.000230141506473,0.628354142049,0.622883683008,0.167530797243,0.147488476848,0.628210852921,0.169158527091,-0.000143289128231,0.0216700502432,-3.18537726154,0.0911555558283,0.0911555558283,0.605121859261,0.347816543969,-0.0232824002688,0.18189462294,-0.00585701896549,0.00300062221389,0.0566934876188,4,0
800,1.6,1,-0.429035961628,0,-0.486023783684,0,0,-0.400660599156,-0.12988767839,-0.429035953008,-0.136516366943,0.0396200466764,-0.122289770951,-3.83586915788,3.24289800041,-0.486023772573,-8.53703370261e-05,-0.00788783803114,-0.428851382415,-0.0919517541225,-2.03678074184e-07,5.09195185424e-05,-0.428936752752,-0.400920785061,-0.130245711211,-0.0998395921536,-0.431681092241,-0.131180198936,-0.00274433948886,-0.0313406067819,3.58563591368,-0.486023772573,-0.486023772573,-0.389415906331,-0.258806137894,0.0396200466764,-0.122289770951,0.0283753538519,0.00662868855283,-0.106947384905,4,0
800,1.6,2,0.631641089916,0,0.289238214493,0,0,0.625825749259,0.162359596848,0.631641062294,0.166959078352,-0.0198711788081,0.156548591425,0.939274041478,-0.570158749074,0.289238204374,6.35066788054e-05,0.00589434385686,0.631501336155,0.132758757022,2.54597588345e-07,-6.36493970725e-05,0.631564842834,0.626150981639,0.162807137867,0.138653100879,0.632974978681,0.162657481407,0.00141013584777,0.0240043805283,-2.41697715042,0.289238204374,0.289238204374,0.611769883486,0.323507669776,-0.0198711788081,0.156548591425,-0.00581531303482,-0.00459948150395,0.0798770880303,4,0
810,1.62,1,-0.43176817894,0,0.333218991756,0,0,-0.403221085219,-0.122729547562,-0.431768177465,-0.128770825747,0.0373350891545,-0.108156738571,-3.0569257947,3.29386529095,0.333218981014,-7.75905694295e-05,-0.00709220356316,-0.431607494833,-0.0912743977884,1.05511221676e-06,-0.000263778054194,-0.431685085402,-0.403464983651,-0.121157882183,-0.0983666013516,-0.427850378612,-0.12375576812,0.00383470679048,-0.0253891667686,4.44150061792,0.333218981014,0.333218981014,-0.394433088311,-0.236927564317,0.0373350891545,-0.108156738571,0.0285470922464,0.00604127818449,-0.0962794847558,4,0
810,1.62,2,0.634978592396,0,0.00556452851743,0,0,0.629026356814,0.153411933186,0.634978584349,0.156204302303,-0.0169372234414,0.139955150371,0.692496496745,-0.621120735307,0.00556452844844,5.3230262312e-05,0.0048455062681,0.634870225682,0.131260194838,-1.31889028221e-06,0.000329722570551,0.634923455945,0.629331229852,0.151447351445,0.136105701107,0.634239683098,0.153629155114,-0.000683772846588,0.0175234540078,-3.60227075638,0.00556452844844,0.00556452844844,0.618041360907,0.296159452673,-0.0169372234414,0.139955150371,-0.00595222753476,-0.0027923691169,0.0658112329901,4,0
820,1.64,1,-0.434065133333,0,-0.0228401608765,0,0,-0.405517975512,-0.107898011455,-0.43406512609,-0.106698461332,0.0352531838185,-0.0962232779495,-3.36996784725,3.25654632223,-0.022840161665,-7.24199749862e-05,-0.00667940724604,-0.433909747693,-0.0693872568995,5.5289288331e-07,-0.000138223220822,-0.433982167668,-0.405732871426,-0.107033287694,-0.0760666641456,-0.43279883361,-0.109034713876,0.00118333405823,-0.0329680497305,4.10033098229,-0.022840161665,-0.022840161665,-0.398811942271,-0.202921739282,0.0352531838185,-0.0962232779495,0.0285471505781,-0.00119955012293,-0.0905813633505,4,0
820,1.64,2,0.637756824493,0,0.151217311621,0,0,0.631897469653,0.134872512899,0.637756852575,0.129679500444,-0.0142419242737,0.123972670764,0.778000370072,-0.56801651009,0.151217312127,4.68036062334e-05,0.00433556904644,0.637654793012,0.104841198699,-6.91116111562e-07,0.000172779027884,0.637701596619,0.632166089544,0.133791608186,0.109176767746,0.63788069729,0.135121814051,0.000179100671676,0.0259450463052,-2.96316137195,0.151217312127,0.151217312127,0.623514928302,0.253652171208,-0.0142419242737,0.123972670764,-0.00585938292222,0.00519301245556,0.0587665478549,4,0
830,1.66,1,-0.436288774014,0,0.180798202753,0,0,-0.407639070854,-0.103861961932,-0.436288762738,-0.11328736776,0.0335516381662,-0.0758237159415,-3.22621121558,3.29239084786,0.180798205785,-9.25043186738e-05,-0.00844149596809,-0.436097152647,-0.0686845688569,8.8582359703e-07,-0.000221455899255,-0.436189656966,-0.407845540403,-0.102570406733,-0.077126064825,-0.433524070303,-0.104940503575,0.0026655866628,-0.0278144387503,4.33787221222,0.180798205785,0.180798205785,-0.402737124571,-0.189111083702,0.0335516381662,-0.0758237159415,0.0286496918834,0.00942540582889,-0.114618573506,4,0
830,1.66,2,0.640495657921,0,0.0247864704579,0,0,0.634548838802,0.129827450902,0.640495632244,0.139882784,-0.0120742261261,0.0965060676741,0.731372008019,-0.616798477696,0.0247864701675,7.27380556162e-05,0.00660939834553,0.640346906048,0.105678420849,-1.10727950486e-06,0.000276819876205,0.640419644104,0.634806925735,0.128213006891,0.112287819195,0.639886113932,0.130049837366,-0.000533530172405,0.0177620181712,-3.53070709419,0.0247864701675,0.0247864701675,0.628421406118,0.236388851674,-0.0120742261261,0.0965060676741,-0.00594679344242,-0.0100553330977,0.0897870601551,4,0
840,1.68,1,-0.438245326281,0,0.429360330105,0,0,-0.409544586453,-0.0852714005652,-0.438245331449,-0.083043484384,0.0320808760302,-0.0684740283281,-2.94183724045,3.28737172098,0.429360337616,-6.72967276116e-05,-0.00617792735895,-0.438103708599,-0.0495337644135,1.31486234833e-06,-0.000328715587083,-0.438171005327,-0.409713128405,-0.0832848292653,-0.0557116917725,-0.433320071097,-0.0862620457587,0.00485093422956,-0.0305503539862,4.59426224561,0.429360337616,0.429360337616,-0.406164455419,-0.151517512712,0.0320808760302,-0.0684740283281,0.0287007449967,-0.00222791618113,-0.0838258570835,4,0
840,1.68,2,0.642884075642,0,-0.0210711415857,0,0,0.636930733268,0.106589249054,0.642884065214,0.100642835263,-0.0101784955964,0.088754052537,0.627140178369,-0.598188898393,-0.0210711421414,4.01702121702e-05,0.00368649263045,0.642799797825,0.0807189016602,-1.6435779443e-06,0.000410894486069,0.642839968037,0.637141410705,0.104106034916,0.0844053942906,0.64173171287,0.106789289871,-0.00110825516701,0.02238389558,-3.64678862344,-0.0210711421414,-0.0210711421414,0.632705569618,0.1893968878,-0.0101784955964,0.088754052537,-0.00595333194571,0.00594641379109,0.0500224221179,4,0
850,1.7,1,-0.439741551876,0,-0.447959512472,0,0,-0.411096887413,-0.0737538231052,-0.439741557704,-0.076877875781,0.0308521879476,-0.0506817003971,-3.80897680676,3.25280134254,-0.447959524587,-8.62461833914e-05,-0.00798304076902,-0.439553787876,-0.0312955313271,2.23152903933e-08,-5.57882259378e-06,-0.439640034059,-0.411244502618,-0.0737908662502,-0.0392785720961,-0.441883112997,-0.0750365825045,-0.00224307893787,-0.0357580104084,3.72755404378,-0.447959524587,-0.447959524587,-0.408889369757,-0.127559576178,0.0308521879476,-0.0506817003971,0.0286446702916,0.00312405267585,-0.108215939637,4,0
850,1.7,2,0.644726753235,0,0.238599061966,0,0,0.638871109434,0.092192277127,0.644726730513,0.0965635115182,-0.00861501803635,0.0628859555472,0.887475054871,-0.567066129139,0.238599062511,6.48764351199e-05,0.00603897138023,0.644582390367,0.0609387547578,-2.78941175713e-08,6.97352939892e-06,0.644647266802,0.639055628438,0.0922385810515,0.0669777261381,0.645573350197,0.0924715371588,0.000926083395065,0.0254938110207,-2.5720647986,0.238599062511,0.238599062511,0.636111712477,0.159449467065,-0.00861501803635,0.0628859555472,-0.00585562107893,-0.00437123439119,0.0818098632201,4,0
860,1.72,1,-0.441230177879,0,0.61825299263,0,0,-0.412479744563,-0.0601353655656,-0.441230165414,-0.0621612874445,0.0299822007843,-0.0390802448185,-2.7801681408,3.30506841853,0.618252965682,-7.53356609371e-05,-0.00687536273136,-0.441075170563,-0.0261754066753,1.62565890072e-06,-0.000406414725186,-0.441150506224,-0.412597600588,-0.0577087685071,-0.0330507694067,-0.434831068954,-0.0610666707486,0.00631943726993,-0.0280159013419,4.80532449546,0.618252965682,0.618252965682,-0.41124796463,-0.101241532263,0.0299822007843,-0.0390802448185,0.0287504208511,0.00202592187892,-0.0933526879512,4,0
860,1.72,2,0.64659267664,0,-0.135587230325,0,0,0.640599680836,0.0751692051023,0.646592659441,0.0768952058429,-0.00753270343692,0.0496567062667,0.555850767609,-0.629227933906,-0.135587230585,5.04599141411e-05,0.00457865305429,0.646491334138,0.0538254216413,-2.03207363358e-06,0.000508018408403,0.646541794052,0.640747000864,0.0721359587675,0.0584040746956,0.644706223948,0.0753403110653,-0.00183557010361,0.0169362363697,-4.06823967701,-0.135587230585,-0.135587230585,0.639059956004,0.12655191211,-0.00753270343692,0.0496567062667,-0.00599297860541,-0.00172600074067,0.0622100642878,4,0
870,1.74,1,-0.442075163126,0,0.144462704659,0,0,-0.413442779965,-0.0375478576391,-0.442075168285,-0.0303414840644,0.0292216257154,-0.0315369921597,-3.18455702018,3.24256130915,0.144462699163,-6.90356211947e-05,-0.00637644006169,-0.441926251877,0.00557650138349,9.2449213468e-07,-0.000231123033669,-0.441995287498,-0.41351639962,-0.0361164583282,-0.000799938678196,-0.439215524035,-0.0386217219753,0.00277976346374,-0.0378217832971,4.31478638405,0.144462699163,0.144462699163,-0.412853542569,-0.0618784762241,0.0292216257154,-0.0315369921597,0.0286323883194,-0.00720637357474,-0.0864584101923,4,0
870,1.74,2,0.647637486458,0,0.0511246100068,0,0,0.641803475051,0.0469348200912,0.647637465522,0.0386163359738,-0.00657053715839,0.0387317560237,0.661305270085,-0.55653577628,0.0511246095713,4.25974447158e-05,0.0039592376829,0.647543419123,0.0155017412736,-1.15561517366e-06,0.000288903793411,0.647586016567,0.641895499616,0.0451455709445,0.0194609789565,0.646858535453,0.047145447608,-0.00072748111405,0.0276844686515,-3.18521667887,0.0511246095713,0.0511246095713,0.641066928364,0.0773480919975,-0.00657053715839,0.0387317560237,-0.0058339904714,0.00831848411746,0.0536448842338,4,0
880,1.76,1,-0.442750632763,0,0.402584731579,0,0,-0.414111763941,-0.0289253997679,-0.44275062414,-0.0345323868288,0.0288090891336,-0.0118296847342,-2.98515972237,3.27222036596,0.402584739242,-9.33565651376e-05,-0.00850672918965,-0.442558130839,0.0100906193426,1.31527861397e-06,-0.000328819653498,-0.442651487404,-0.414167728938,-0.0269960391489,0.0015838901529,-0.437983949398,-0.0299200741619,0.0046675380068,-0.0315039643148,4.57928204147,0.402584739242,0.402584739242,-0.413941535006,-0.046362071563,0.0288090891336,-0.0118296847342,0.0286388601984,0.00560698706092,-0.115524095656,4,0
880,1.76,2,0.648536920547,0,-0.110892385244,0,0,0.642639704981,0.036156747678,0.648536892534,0.0463213465284,-0.00610997369014,0.0116312396268,0.59177042244,-0.611716279539,-0.110892384229,7.38318097061e-05,0.00669289554426,0.648387052114,0.0120988134264,-1.64409827308e-06,0.000411024568274,0.648460883923,0.642709661222,0.0337450468961,0.0187917089707,0.646806004284,0.0363303434823,-0.00165487963989,0.0175386345116,-3.84619177227,-0.110892384229,-0.110892384229,0.642426918844,0.0579525861552,-0.00610997369014,0.0116312396268,-0.00589718755332,-0.0101645988504,0.0909465271288,4,0
890,1.78,1,-0.443029373884,0,0.670015513897,0,0,-0.414449237114,-0.00332593810252,-0.443029361304,0.00515393950215,0.0285522323479,-0.0103056495717,-2.65951794987,3.2512079852,0.670015508764,-6.28771946574e-05,-0.00577259645055,-0.442897073323,0.0364621829794,1.75145903714e-06,-0.000437864759289,-0.442959950517,-0.414453224444,-0.000680070459765,0.0306895865289,-0.435921895497,-0.0042206322018,0.00703805502015,-0.0349102187307,4.82112556573,0.670015508764,0.670015508764,-0.414477128956,-0.00515171006955,0.0285522323479,-0.0103056495717,0.0285801241894,-0.00847987760466,-0.0783254734372,4,0
890,1.78,2,0.648922324181,0,-0.160133689642,0,0,0.643061546406,0.00415742051858,0.648922351454,-0.00489094257923,-0.00582594023848,0.0113305768462,0.466726498955,-0.583936534116,-0.160133689547,3.44668689191e-05,0.00316336877188,0.648850134595,-0.021971962811,-2.18932380081e-06,0.000547330950204,0.648884601464,0.643066530564,0.000850085958534,-0.0188085940391,0.646587115997,0.00430431925153,-0.00229748546667,0.0231129132906,-3.90046044899,-0.160133689547,-0.160133689547,0.643096411215,0.006439634267,-0.00582594023848,0.0113305768462,-0.00586080504776,0.00904836309781,0.042923654387,4,0
900,1.8,1,-0.442700654268,0,-0.334766864777,0,0,-0.414306369089,0.0131674822325,-0.442700664839,0.0155125191435,0.0284451569852,0.00470063826774,-3.63803532413,3.19644018575,-0.334766861501,-8.50583394327e-05,-0.00788165633363,-0.442514695769,0.0608023418602,2.4345223204e-07,-6.08630580114e-05,-0.442599754108,-0.414279830294,0.0134519868751,0.0529206855266,-0.443682094959,0.0119434936546,-0.00108234085117,-0.040977191872,3.79379172336,-0.334766861501,-0.334766861501,-0.414255507854,0.0202131574112,0.0284451569852,0.00470063826774,0.0283942957499,-0.002345036911,-0.106828276882,4,0
900,1.8,2,0.648584783077,0,0.1328856498,0,0,0.642882961332,-0.0164593549606,0.648584797671,-0.0135813992566,-0.00576541289984,-0.0116850508221,0.755534171102,-0.542779004388,0.132885656331,6.32258374692e-05,0.00589708248222,0.648443052369,-0.0487602415595,-3.04315294186e-07,7.60788235509e-05,0.648506278207,0.642849787833,-0.0168149857701,-0.0428631590773,0.648503741872,-0.0162251557714,-2.53633498493e-06,0.0266380033059,-2.62601334246,0.132885656331,0.132885656331,0.642819384772,-0.0252664500786,-0.00576541289984,-0.0116850508221,-0.00570183633945,-0.00287795570402,0.0798695103823,4,0
910,1.82,1,-0.442296981812,0,0.855093955994,0,0,-0.413906783838,0.0316327757626,-0.442296993503,0.035468640604,0.0286470491727,0.0120923574783,-2.47477706186,3.2406450932,0.85509395024,-7.20712253051e-05,-0.00657063853786,-0.442149368947,0.0696261476969,2.00027719854e-06,-0.00050006929964,-0.442221440173,-0.413840539938,0.0346221576133,0.063055509159,-0.433751923329,0.0308058949505,0.00846951684403,-0.0322496142086,4.96175407523,0.85509395024,0.85509395024,-0.413649944331,0.0475609980823,0.0286470491727,0.0120923574783,0.0283902096656,-0.00383586484144,-0.0892259188983,4,0
910,1.82,2,0.648191988468,0,-0.288220614195,0,0,0.642383479723,-0.0395409719253,0.64819196005,-0.0399123407433,-0.00612952974907,-0.0195389101574,0.375948778142,-0.607567846788,-0.288220621327,4.60202545306e-05,0.00416455300245,0.648100627851,-0.0605079967419,-2.50034650051e-06,0.000625086625116,0.648146648106,0.642300674845,-0.0432776992422,-0.0563434437394,0.645040094424,-0.0394302796462,-0.00310655368162,0.0169131640933,-4.2489868275,-0.288220621327,-0.288220621327,0.642062430301,-0.0594512509007,-0.00612952974907,-0.0195389101574,-0.00580848032671,0.000371368817997,0.0566015526818,4,0
920,1.84,1,-0.441117584705,0,0.315752357244,0,0,-0.412981925214,0.0591660892793,-0.441117598778,0.0731433049807,0.0288433655818,0.0140382404846,-2.92254846391,3.15635959681,0.315752362764,-6.53756153428e-05,-0.00604392843771,-0.440976095177,0.107367192212,1.17306806269e-06,-0.000293267015678,-0.441041470792,-0.412861736167,0.0609743247775,0.101323263774,-0.436612626642,0.0581814767199,0.00442884415028,-0.0431417870539,4.36898955252,0.315752362764,0.315752362764,-0.412274233196,0.0871815454653,0.0288433655818,0.0140382404846,0.0281356735632,-0.0139772157013,-0.0819412298619,4,0
920,1.84,2,0.646812200546,0,-0.0804813355207,0,0,0.6412274064,-0.0739576138485,0.646812217822,-0.0852910757804,-0.00646942650488,-0.0236858592968,0.488579937997,-0.521626327196,-0.0804813330571,3.75707697868e-05,0.00350206275071,0.646728396556,-0.1060598734,-1.46633508058e-06,0.000366583770138,0.646765967326,0.641077170086,-0.0762179082243,-0.102557810649,0.644897243439,-0.0738047039719,-0.00186872388704,0.0287531066775,-3.20857364135,-0.0804813330571,-0.0804813330571,0.640342791317,-0.108976935077,-0.00646942650488,-0.0236858592968,-0.0055848114225,0.0113334619318,0.0474349438579,4,0
930,1.86,1,-0.439696371555,0,0.597470581532,0,0,-0.411683052933,0.0711659748422,-0.439696378263,0.0716558922732,0.0293122989826,0.0307375558974,-2.68779196912,3.17279995707,0.597470559868,-9.09559028153e-05,-0.00828041015889,-0.439509360875,0.114900725867,1.56990466066e-06,-0.000392476165159,-0.439600316778,-0.411538454629,0.0734765801579,0.106620315708,-0.433106937,0.0702733130061,0.00649337977814,-0.0363470027018,4.62192516343,0.597470559868,0.597470559868,-0.41038407928,0.102393448171,0.0293122989826,0.0307375558974,0.0280133253303,-0.00048991743098,-0.112462571912,4,0
930,1.86,2,0.64520329237,0,-0.258416205645,0,0,0.639603816002,-0.0889574708429,0.645203278078,-0.0807508571509,-0.00722317921939,-0.0472409562786,0.403126416701,-0.575093322508,-0.258416212254,7.0297250208e-05,0.00636054186808,0.645061442681,-0.112969522517,-1.96238082684e-06,0.000490595206708,0.645131739931,0.639423068118,-0.0918457274892,-0.106608980649,0.642238218306,-0.0888477040803,-0.00289352162581,0.0177612765686,-3.87385862208,-0.258416212254,-0.258416212254,0.637980098858,-0.12799181343,-0.00722317921939,-0.0472409562786,-0.00559946207564,-0.00820661369196,0.0864493064469,4,0
940,1.88,1,-0.437801390886,0,0.844820261002,0,0,-0.409981579076,0.100335592733,-0.437801378024,0.115656550157,0.0298428313676,0.0262249799274,-2.36290515161,3.13445118325,0.844820234286,-5.8814710792e-05,-0.00540040702432,-0.437677605968,0.144961961561,1.94646652013e-06,-0.000486616630036,-0.437736420678,-0.409777946308,0.103276234155,0.139561554537,-0.429028768946,0.099541959822,0.00870765173217,-0.0400195947149,4.80667020306,0.844820234286,0.844820234286,-0.407958546656,0.141881530084,0.0298428313676,0.0262249799274,0.0278197989474,-0.0153209574236,-0.0732742026459,4,0
940,1.88,2,0.642984330654,0,-0.302062749863,0,0,0.637476973636,-0.125419493199,0.642984309586,-0.137361133145,-0.00803612657211,-0.0399907825796,0.273154753933,-0.539501796676,-0.302062749995,2.86728434016e-05,0.00263223481689,0.642924263726,-0.151574479099,-2.43308314873e-06,0.000608270787185,0.64295293657,0.63722243267,-0.129095294974,-0.148942244283,0.63945220314,-0.12533719197,-0.00350073342964,0.0236050523125,-3.83931510958,-0.302062749995,-0.302062749995,0.634948183014,-0.177351915725,-0.00803612657211,-0.0399907825796,-0.00550733595085,0.0119416399458,0.0357157072525,4,0
950,1.9,1,-0.435233652592,0,-0.15460690856,0,0,-0.407738792349,0.119422833413,-0.435233653027,0.12861325237,0.0304145504584,0.036753892759,-3.31943254264,3.06257179861,-0.154606913603,-8.14030580834e-05,-0.00754431583873,-0.435055546327,0.172008558396,4.18764856236e-07,-0.000104691214054,-0.435136949385,-0.407499478703,0.119970896446,0.164464242557,-0.434502150787,0.118307693478,0.000634798598263,-0.046156549079,3.74764232679,-0.154606913603,-0.154606913603,-0.404819102568,0.165367145129,0.0304145504584,0.036753892759,0.0274948606781,-0.00919041895692,-0.102253830429,4,0
950,1.9,2,0.639962911606,0,-0.0140276262537,0,0,0.634673490181,-0.149278544052,0.639962890328,-0.149147508707,-0.00893901248441,-0.0575614257471,0.55082073491,-0.491711494012,-0.0140276257888,5.78438015299e-05,0.00540061327221,0.639832702126,-0.181546196446,-5.23456073265e-07,0.000130864018323,0.639890545927,0.634374348119,-0.149963622848,-0.176145583174,0.638647290124,-0.149112969055,-0.0012432558032,0.0270326141189,-2.52315219851,-0.0140276257888,-0.0140276257888,0.631023877843,-0.206708934454,-0.00893901248441,-0.0575614257471,-0.00528940014719,-0.00013103534555,0.0731368666869,4,0
960,1.92,1,-0.432537436485,0,0.996035575867,0,0,-0.405190503129,0.14002302799,-0.432537446668,0.150987783944,0.0312096113308,0.039213908169,-2.17665450339,3.08868661016,0.996035546997,-6.78661475085e-05,-0.00618589291581,-0.432398582294,0.183094286361,2.08477038638e-06,-0.00052119259659,-0.432466448441,-0.404907346659,0.143141812773,0.176908393445,-0.422599038837,0.139297672336,0.00986740960453,-0.0376107211094,4.83908276004,0.996035546997,0.996035546997,-0.401327835338,0.190201692113,0.0312096113308,0.039213908169,0.027346943539,-0.0109647559536,-0.0840034402309,4,0
960,1.92,2,0.636821806431,0,-0.424099862576,0,0,0.631488128611,-0.175028787263,0.636821801935,-0.178380333824,-0.010162008191,-0.0593717842666,0.173693342189,-0.548918060934,-0.424099868199,3.98042736754e-05,0.00359527783707,0.636743466099,-0.195923855195,-2.60596297874e-06,0.000651490744686,0.636783270372,0.631134183019,-0.178927268234,-0.192328577358,0.632526477528,-0.174985522724,-0.00425679284474,0.0173430546339,-4.04096683027,-0.424099868199,-0.424099868199,0.626659793744,-0.23775211809,-0.010162008191,-0.0593717842666,-0.00533367332497,0.00335154656111,0.0488751494541,4,0
970,1.94,1,-0.429042905569,0,0.462537795305,0,0,-0.402088180666,0.168425470925,-0.429042916085,0.189070632771,0.0318938486409,0.0358759987334,-2.60448077646,2.98968573327,0.462537804092,-6.16947725802e-05,-0.00570406666886,-0.428909343174,0.221380965676,1.23836796534e-06,-0.000309591991341,-0.428971037947,-0.401749380531,0.170328843588,0.215676899007,-0.423111248361,0.167549509771,0.0058597895856,-0.0481273892359,4.21600508252,0.462537804092,0.462537804092,-0.397149067444,0.224946631504,0.0318938486409,0.0358759987334,0.0269547354186,-0.0206451618457,-0.0773328472779,4,0
970,1.94,2,0.632667481899,0,-0.222223818302,0,0,0.627610225487,-0.210531840867,0.632667461497,-0.224250312127,-0.011231127677,-0.056932980041,0.277368219794,-0.459285983137,-0.222223813538,3.18731878097e-05,0.00297635926261,0.632595885178,-0.242071792592,-1.54795995477e-06,0.000386989988682,0.632627758365,0.627186725313,-0.212911056693,-0.23909543333,0.629582319792,-0.210449670271,-0.00304543857359,0.0286457630584,-2.97096663679,-0.222223813538,-0.222223813538,0.62143633382,-0.281183292168,-0.011231127677,-0.056932980041,-0.00505723601038,0.0137184712596,0.040306050196,4,0
980,1.96,1,-0.425272762775,0,0.727808773518,0,0,-0.398589439386,0.181848198172,-0.425272776276,0.190319948334,0.0327471273793,0.047563283089,-2.36304584713,2.98604791665,0.727808747219,-8.47626798639e-05,-0.00771673764996,-0.425098533539,0.230607916474,1.58204107281e-06,-0.000395510268199,-0.425183296219,-0.398223446668,0.184182890136,0.222891178824,-0.41737548447,0.181065446294,0.00780781174891,-0.04182573253,4.41450281933,0.727808747219,0.727808747219,-0.392525648896,0.237883231423,0.0327471273793,0.047563283089,0.0266833368895,-0.00847175016152,-0.1048066777,4,0
980,1.96,2,0.628240466118,0,-0.390934556723,0,0,0.623236798843,-0.227310249924,0.628240476877,-0.223123464532,-0.0125834162958,-0.0742305774642,0.186545370455,-0.502132404162,-0.39093455691,6.13263492935e-05,0.00554304407532,0.628117211839,-0.251028557475,-1.97755133668e-06,0.000494387834181,0.628178538189,0.62277930794,-0.230228614873,-0.245485513399,0.624161841593,-0.227271706476,-0.00401669659603,0.0182138069229,-3.538414468,-0.39093455691,-0.39093455691,0.615657060581,-0.297354041996,-0.0125834162958,-0.0742305774642,-0.00500367803397,-0.00418678539228,0.0753475232021,4,0
990,1.98,1,-0.421023637056,0,0.914523303509,0,0,-0.394680140488,0.210071992987,-0.421023623079,0.232017221899,0.0335703898701,0.0385158742844,-2.08574422785,2.93107498373,0.914523289113,-5.55280125441e-05,-0.00509970828581,-0.42090666447,0.2597259524,1.83468481169e-06,-0.000458671202927,-0.420962192483,-0.394257203808,0.212844353358,0.254626244114,-0.411455613857,0.20937301493,0.00950657862526,-0.0452532291835,4.50371395249,0.914523289113,0.914523289113,-0.387453233209,0.270533096183,0.0335703898701,0.0385158742844,0.0263434825908,-0.0219452289112,-0.0691925332361,4,0
990,1.98,2,0.623201429844,0,-0.420571774244,0,0,0.618350175177,-0.262589993341,0.623201413681,-0.276613098199,-0.0138848727626,-0.0615532745442,0.0703024082574,-0.461918906177,-0.420571773203,2.32353300272e-05,0.00213411564662,0.623152707644,-0.288158754889,-2.29335600688e-06,0.000573339001724,0.623175942974,0.617821504323,-0.266055443792,-0.286024639242,0.618694137461,-0.262575661579,-0.00448180551268,0.0234489776637,-3.40318287697,-0.420571773203,-0.420571773203,0.609316540919,-0.338166372744,-0.0138848727626,-0.0615532745442,-0.00485123850464,0.0140231048589,0.0289552752834,4,0
1000,2,1,-0.416141033173,0,0.0712404176593,0,0,-0.390253852974,0.228633425084,-0.416141035492,0.245332750686,0.0343383339771,0.0437639940862,-2.87121307286,2.84808579726,0.0712404171451,-7.51912823241e-05,-0.00696167900794,-0.415977147495,0.285141603919,5.15080752883e-07,-0.00012877018822,-0.416052338777,-0.389795948221,0.2293386868,0.278179924911,-0.4133541265,0.227670913687,0.00269821227721,-0.050509011224,3.56558951124,0.0712404171451,0.0712404171451,-0.381802701514,0.289096744772,0.0343383339771,0.0437639940862,0.0258871825179,-0.0166993256019,-0.0943676927499,4,0
1000,2,2,0.617406666279,0,-0.181209757924,0,0,0.612817315742,-0.2857917834,0.617406647047,-0.289241300813,-0.0151532707945,-0.0721296325282,0.293303334534,-0.413100498668,-0.18120975539,4.85845784552e-05,0.00453470099658,0.617297421289,-0.316394947655,-6.43850942339e-07,0.000160962735588,0.617346005867,0.612244934798,-0.286673360548,-0.311860246659,0.614746389517,-0.285711405326,-0.00259961635045,0.0261488413326,-2.23612426773,-0.18120975539,-0.18120975539,0.602253376252,-0.361370933342,-0.0151532707945,-0.0721296325282,-0.00458933130432,0.00344951741323,0.0614125912565,4,0
1010,2.02,1,-0.411100715399,0,1.00415849686,0,0,-0.385524537502,0.247968597262,-0.411100717803,0.266522471476,0.0352226708734,0.0416780496765,-1.92108496372,2.84727842059,1.00415855081,-6.29383557003e-05,-0.00574183089308,-0.41097147608,0.296491790454,1.82879232385e-06,-0.000457198080962,-0.411034414436,-0.385025865416,0.250707636855,0.29074995956,-0.400857250457,0.247329734222,0.0101771639791,-0.0434202253381,4.40384771989,1.00415855081,1.00415855081,-0.375878046929,0.308200521152,0.0352226708734,0.0416780496765,0.0255761803011,-0.0185538742134,-0.0779650939378,4,0
1010,2.02,2,0.611454129219,0,-0.516791641712,0,0,0.606905671362,-0.309960748543,0.611454122032,-0.31662863377,-0.016606564058,-0.0686220198891,-0.0246414955371,-0.452729205552,-0.516791638924,3.21151347452e-05,0.00289969653596,0.611391046513,-0.330734370828,-2.28599039387e-06,0.000571497598472,0.611423161648,0.606282331252,-0.313384548018,-0.327834674292,0.606372742973,-0.309982953892,-0.00505041867435,0.0178517203996,-3.40509871918,-0.516791638924,-0.516791638924,0.594847557974,-0.385250653659,-0.016606564058,-0.0686220198891,-0.00454845067053,0.00666788522664,0.0394209378349,4,0
1020,2.04,1,-0.405367523432,0,0.557392418385,0,0,-0.380303400113,0.272524573926,-0.405367531119,0.298789062568,0.0359299223112,0.0347793573405,-2.25934382592,2.74381705945,0.557392411166,-5.82281581196e-05,-0.00537786023905,-0.40524196145,0.329061970171,1.08950688049e-06,-0.000272376720121,-0.405300189608,-0.379756645218,0.274194577447,0.323684109932,-0.398492028036,0.27176671443,0.00680816157231,-0.0519173955023,3.83797396838,0.557392411166,0.557392411166,-0.369437608808,0.333568419908,0.0359299223112,0.0347793573405,0.0250641310061,-0.0262644886413,-0.0729191776379,4,0
1020,2.04,2,0.604624867439,0,-0.351413965225,0,0,0.600379249588,-0.340655719219,0.604624843786,-0.355435859566,-0.0178278335051,-0.0615246672886,0.0528971614314,-0.371553916751,-0.351413962304,2.59120656908e-05,0.00241882246043,0.604566734231,-0.369885279327,-1.36188359434e-06,0.000340470898598,0.604592646296,0.599695805966,-0.342743223609,-0.367466456866,0.60054679167,-0.340648738299,-0.00404585462618,0.0268177185677,-2.46007753286,-0.351413962304,-0.351413962304,0.586797010281,-0.416960526855,-0.0178278335051,-0.0615246672886,-0.0042455941976,0.0147801403473,0.0327572069846,4,0
1030,2.06,1,-0.399373620749,0,0.764222562313,0,0,-0.374731142697,0.284991467057,-0.399373620918,0.302337060531,0.0366937013777,0.0402166359392,-2.04428971027,2.71570469661,0.764222553752,-7.49878111864e-05,-0.00683411021693,-0.399219006728,0.338193082158,1.32275072495e-06,-0.000330687681232,-0.399293994539,-0.374159227734,0.286949544421,0.331358971941,-0.39096530957,0.284315043438,0.00832868496893,-0.0470439285038,3.94319172502,0.764222553752,0.764222553752,-0.36267991954,0.34255369647,0.0366937013777,0.0402166359392,0.024642478221,-0.0173455934734,-0.092807567414,4,0
1030,2.06,2,0.59753036499,0,-0.484471738338,0,0,0.593413927783,-0.356239335584,0.597530341267,-0.357547316792,-0.0191804426089,-0.0706448056623,-0.0306618316223,-0.395715884767,-0.484471723762,4.72932107095e-05,0.00427364875253,0.597435407933,-0.379020368037,-1.65343839675e-06,0.000413359599182,0.597482701143,0.592699034076,-0.358686932274,-0.374746719285,0.592675577649,-0.356270100173,-0.00480712349436,0.0184766191121,-2.83216136351,-0.484471723762,-0.484471723762,0.578349898658,-0.428192122454,-0.0191804426089,-0.0706448056623,-0.00411641348428,0.00130798120814,0.0580940073725,4,0
1040,2.08,1,-0.392977565527,0,0.855319142342,0,0,-0.368811614417,0.307400976736,-0.392977554102,0.33469210888,0.0373597689037,0.0294432330844,-1.85872341028,2.64764693725,0.855319134455,-5.32722523502e-05,-0.00489370026211,-0.392865186644,0.361329557036,1.40091006046e-06,-0.000350227515109,-0.392918458896,-0.368194678026,0.309518877942,0.356435856774,-0.383721793713,0.306779719266,0.0091966651833,-0.0496561375082,3.91009438261,0.855319134455,0.855319134455,-0.355617785198,0.364135341964,0.0373597689037,0.0294432330844,0.0241659396846,-0.0272911321434,-0.0663956074837,4,0
1040,2.08,2,0.589927136898,0,-0.493849366903,0,0,0.5860145174,-0.38425122249,0.589927124317,-0.398857324564,-0.0204048936209,-0.0563118544752,-0.114688137016,-0.355796059349,-0.493849363761,1.87360634831e-05,0.00172226452122,0.589887710474,-0.408220574441,-1.75113756207e-06,0.000437784390506,0.589906446537,0.585243346908,-0.386898598977,-0.40649830992,0.584866067034,-0.384299074589,-0.00504037950346,0.0221992353308,-2.60328411396,-0.493849363761,-0.493849363761,0.569522230696,-0.45516917904,-0.0204048936209,-0.0563118544752,-0.00391260691704,0.0146061020741,0.0233651673963,4,0
1050,2.1,1,-0.386096775532,0,0.312920540571,0,0,-0.362489971529,0.322100578348,-0.386096762557,0.345961533272,0.0379085335659,0.0294104495394,-2.33231603148,2.56184486007,0.312920536572,-6.65975290577e-05,-0.00615013864948,-0.385953048914,0.380593942917,5.13546898728e-07,-0.000128386724688,-0.386019646443,-0.361845086135,0.322827856998,0.374443804267,-0.381198527426,0.321321055185,0.00482111901652,-0.0531227490821,3.24547638496,0.312920536572,0.312920536572,-0.348188228991,0.375371982811,0.0379085335659,0.0294104495394,0.023606791028,-0.023860954924,-0.0833917079781,4,0
1050,2.1,2,0.58174687624,0,-0.344654858112,0,0,0.578112463759,-0.402625724383,0.581746867947,-0.409932503128,-0.02151158254,-0.0592824767881,0.0132377262404,-0.312622387834,-0.344654852474,3.5906394232e-05,0.00334163917595,0.58166702427,-0.429614091704,-6.41933622814e-07,0.000160483405716,0.581702930664,0.577306357014,-0.403534822696,-0.426272452529,0.577845989183,-0.402636827491,-0.00385694148053,0.023635625038,-1.77668606235,-0.344654852474,-0.344654852474,0.560235285407,-0.469214979916,-0.02151158254,-0.0592824767881,-0.00363440418802,0.0073067787448,0.0452701908808,4,0
1060,2.12,1,-0.379058420658,0,0.862954616547,0,0,-0.355923088481,0.336656261218,-0.379058419386,0.362163118026,0.0384606548396,0.0241068522095,-1.73672276697,2.52819120062,0.862954602993,-5.7592071838e-05,-0.0052660759168,-0.378939047714,0.390049328334,1.23916495742e-06,-0.00030979123936,-0.378996639786,-0.355247915018,0.338516104987,0.384783252418,-0.369776009917,0.336079056159,0.00922062986906,-0.0487041962589,3.67330478373,0.862954602993,0.862954602993,-0.340597764547,0.386269970236,0.0384606548396,0.0241068522095,0.0231353309056,-0.025506856808,-0.0714861693462,4,0
1060,2.12,2,0.573401808739,0,-0.546707987785,0,0,0.569903859921,-0.42082032783,0.573401805294,-0.4305067182,-0.0226546004687,-0.0523307457957,-0.191541048318,-0.326026439597,-0.546708012754,2.36772285432e-05,0.00214425032733,0.573354730065,-0.441148427166,-1.54895618021e-06,0.000387239045046,0.573378407293,0.56905989309,-0.423145132516,-0.439004176839,0.568068034009,-0.420896820576,-0.00531037328387,0.0181073562622,-2.38002434286,-0.546708012754,-0.546708012754,0.550747204825,-0.482837463996,-0.0226546004687,-0.0523307457957,-0.00349794537306,0.0096863903698,0.0291405248382,4,0
1070,2.14,1,-0.371558189392,0,0.580527544022,0,0,-0.349016519583,0.352812767145,-0.371558202568,0.382670574919,0.0388281457674,0.0163036773347,-1.92095964643,2.43259152989,0.580527523756,-5.51301809035e-05,-0.00507974118784,-0.371440361118,0.410869523528,7.33017656684e-07,-0.000183254414167,-0.371495491299,-0.348309756289,0.353931410418,0.40578978234,-0.364423637832,0.352170803884,0.00707185346695,-0.0536189784555,3.25466659895,0.580527523756,0.580527523756,-0.332730056801,0.398974252253,0.0388281457674,0.0163036773347,0.0225416829848,-0.0298578077738,-0.0688956403042,4,0
1070,2.14,2,0.564477145672,0,-0.447578281164,0,0,0.561270648775,-0.441015960007,0.564477147934,-0.454998770763,-0.0235645778125,-0.0437190454492,-0.15550909411,-0.26649516382,-0.447578280043,2.03161130721e-05,0.00188737515252,0.564432383457,-0.465973521458,-9.16272061335e-07,0.000229068015341,0.56445269957,0.560387194655,-0.442414264084,-0.464086146306,0.559764238103,-0.441078727118,-0.0046884614665,0.0230074191876,-1.71873888197,-0.447578280043,-0.447578280043,0.540912570122,-0.498717816212,-0.0235645778125,-0.0437190454492,-0.00320649915905,0.0139828107556,0.0255740221126,4,0
1080,2.16,1,-0.363859921694,0,0.690536499023,0,0,-0.34187024906,0.361943195422,-0.363859931793,0.387928904689,0.0391463324288,0.0149151998112,-1.76473530208,2.37812838058,0.690536493211,-6.21758294292e-05,-0.00568250793958,-0.363730666116,0.418142256497,8.10360224202e-07,-0.000202590056049,-0.363792841946,-0.341145164197,0.363150201693,0.412459748557,-0.355909141711,0.361358241561,0.00788370023491,-0.0511015069956,3.2374266464,0.690536493211,0.690536493211,-0.324713599364,0.4028441045,0.0391463324288,0.0149151998112,0.0219896827328,-0.0259857092669,-0.0771434147127,4,0
1080,2.16,2,0.555344164371,0,-0.520193576813,0,0,0.552337810601,-0.452428995264,0.555344152082,-0.460030690741,-0.0244521537718,-0.0435244406576,-0.219002276708,-0.265227493819,-0.520193553676,2.92168417068e-05,0.00264637982868,0.555285147915,-0.473467176053,-1.01295026689e-06,0.000253237566716,0.555314364756,0.55143145452,-0.453937753084,-0.470820796224,0.550216775788,-0.452517371715,-0.00509758896852,0.0183034245091,-1.8133001802,-0.520193553676,-0.520193553676,0.53089199831,-0.503555131399,-0.0244521537718,-0.0435244406576,-0.00300634148048,0.00760169547698,0.0359637831499,4,0
1090,2.18,1,-0.355913430452,0,0.663103878498,0,0,-0.334506849108,0.374168921871,-0.35591342399,0.404591928929,0.0393367322344,0.00596955940551,-1.70489489233,2.30296181309,0.663103876918,-5.21735966075e-05,-0.00479366318715,-0.355803189634,0.430734561367,6.86931142746e-07,-0.000171732785689,-0.35585536323,-0.333757461363,0.375209070851,0.42594089818,-0.348148648231,0.373600513575,0.00770671499954,-0.0523403846052,3.07281995243,0.663103876918,0.663103876918,-0.316576691755,0.410561488334,0.0393367322344,0.00596955940551,0.0214065748814,-0.0304230070573,-0.0650369561573,4,0
1090,2.18,2,0.54590523243,0,-0.507211685181,0,0,0.543133560644,-0.467711153066,0.545905237998,-0.480900456667,-0.0251843742118,-0.0323014041994,-0.255597078531,-0.231787802615,-0.507211656026,1.588554703e-05,0.0014616046757,0.545871600067,-0.488909396493,-8.58663910641e-07,0.000214665977672,0.545887485614,0.542196825961,-0.469011339264,-0.487447791817,0.54084233968,-0.467806620607,-0.005045145934,0.0196411712108,-1.52065872015,-0.507211656026,-0.507211656026,0.520720863786,-0.513201860867,-0.0251843742118,-0.0323014041994,-0.00277167735408,0.0131893036008,0.0198267748808,4,0
1100,2.2,1,-0.34772709012,0,0.534909546375,0,0,-0.326936006544,0.382054289401,-0.347727075316,0.411670848278,0.0393964170025,0.00134449333227,-1.75913035724,2.22399182965,0.534909519745,-5.61814631343e-05,-0.00516315972012,-0.347608122982,0.439898232822,4.13576219771e-07,-0.00010339405495,-0.347664304445,-0.326171296997,0.382664955532,0.434735073102,-0.340987297857,0.38146881893,0.00667700658839,-0.0532662541722,2.80847903751,0.534909519745,0.534909519745,-0.308330658313,0.413015341611,0.0393964170025,0.00134449333227,0.0207910687718,-0.0296165588772,-0.0700480473328,4,0
1100,2.2,2,0.536184251308,0,-0.48027163744,0,0,0.533670007426,-0.477567862312,0.536184242229,-0.488360763692,-0.0257709202523,-0.0279084135683,-0.252796917214,-0.201295368103,-0.480271623501,2.09670601759e-05,0.00193000679318,0.536139552385,-0.499011083941,-5.16970272368e-07,0.000129242568082,0.536160519445,0.532714120491,-0.478331194973,-0.497081077148,0.531349234417,-0.477664561188,-0.00481128502752,0.0194165159603,-1.19449421096,-0.480271623501,-0.480271623501,0.510413321977,-0.51626917726,-0.0257709202523,-0.0279084135683,-0.00251423480354,0.0107929013792,0.0261793381835,4,0
1110,2.22,1,-0.339411735535,0,0.579119503498,0,0,-0.31922702283,0.388838687414,-0.339411749241,0.419568500319,0.0393539712457,-0.00527286531624,-1.64147347469,2.15554370459,0.579119501145,-5.22284104246e-05,-0.00479403167824,-0.339301778082,0.445571586069,3.83308287999e-07,-9.58270720032e-05,-0.339354006492,-0.318448757265,0.389420263695,0.440777554391,-0.332341123656,0.388292266546,0.00701288283642,-0.0524852878451,2.71635826118,0.579119501145,0.579119501145,-0.300057777995,0.414295635003,0.0393539712457,-0.00527286531624,0.0201847264111,-0.0307298129059,-0.06504927124,4,0
1110,2.22,2,0.526320040226,0,-0.504394352436,0,0,0.524033777774,-0.486048359642,0.526320023096,-0.497813483358,-0.0262478015192,-0.0200560604229,-0.302545110933,-0.182526140838,-0.504394358094,1.55398356006e-05,0.00142378083308,0.526287609756,-0.505431835925,-4.79135339848e-07,0.000119783834957,0.526303149591,0.523060945817,-0.486775329964,-0.504008055092,0.521356191218,-0.486159925749,-0.00494695837339,0.0178481293426,-1.08074410914,-0.504394358094,-0.504394358094,0.500072221577,-0.517869543781,-0.0262478015192,-0.0200560604229,-0.00228624532208,0.0117651237156,0.0193231063234,4,0
1120,2.24,1,-0.330967128277,0,0.521768152714,0,0,-0.311403009705,0.393040778887,-0.33096711407,0.423694897312,0.0391850007887,-0.0110045193085,-1.6242412302,2.08060920035,0.521768156935,-5.24996841601e-05,-0.00482001935545,-0.33085641011,0.449880560311,2.14239958718e-07,-5.35599896744e-05,-0.330908909794,-0.3106166111,0.393359982528,0.445060540955,-0.324370838142,0.392500452702,0.00653807165169,-0.0525600882537,2.52264798285,0.521768156935,0.521768156935,-0.291782113281,0.412690378004,0.0391850007887,-0.0110045193085,0.019564104365,-0.0306541184257,-0.0654001867845,4,0
1120,2.24,2,0.516304075718,0,-0.495255529881,0,0,0.514253761363,-0.491300973707,0.516304067451,-0.502358228241,-0.0265764267636,-0.013504743969,-0.318709058401,-0.156891852211,-0.495255526861,1.57932255711e-05,0.00144836598053,0.51627091564,-0.51016170931,-2.67799936671e-07,6.69499841718e-05,0.516286708865,0.513270763106,-0.491699978241,-0.50871334333,0.511438950898,-0.491418257476,-0.00484775796774,0.0172950858535,-0.839855918647,-0.495255526861,-0.495255526861,0.489727640687,-0.51586297221,-0.0265764267636,-0.013504743969,-0.00205030608773,0.0110572545344,0.0196546162486,4,0
1130,2.26,1,-0.322426080704,0,0.507369339466,0,0,-0.30350297797,0.396899045546,-0.322426081358,0.429963491042,0.038880609537,-0.0190200496086,-1.55343118288,2.00155509187,0.507369310762,-4.74984073914e-05,-0.0043671359249,-0.322325569044,0.453837310645,1.10590309077e-07,-2.76475772704e-05,-0.322373067451,-0.30270899011,0.39707687258,0.44947017472,-0.31593294634,0.396381130197,0.00644012111147,-0.0530890445228,2.3699470609,0.507369310762,0.507369310762,-0.283545471821,0.410943441434,0.038880609537,-0.0190200496086,0.018923103388,-0.0330644454968,-0.0592454017632,4,0
1130,2.26,2,0.506174862385,0,-0.488626629114,0,0,0.504378721693,-0.496123806914,0.506174874405,-0.509931117499,-0.0267430355358,-0.00374818387453,-0.351264270747,-0.126020563847,-0.488626636703,9.03738074659e-06,0.000836701606774,0.506155479159,-0.514615472071,-1.38237870706e-07,3.45594676829e-05,0.50616451654,0.503386236869,-0.496346090684,-0.513778770464,0.501362241365,-0.496249493595,-0.00480227517541,0.0175292768693,-0.605511875411,-0.488626636703,-0.488626636703,0.479431838869,-0.513679301373,-0.0267430355358,-0.00374818387453,-0.00179615271107,0.0138073105845,0.0113418021088,4,0
1140,2.28,1,-0.313849270344,0,0.355440080166,0,0,-0.295565852893,0.395896408787,-0.313849275473,0.426464226106,0.0384612952795,-0.0226674997149,-1.63687320937,1.92731072372,0.355440084276,-5.21433712017e-05,-0.00479116037326,-0.313738940713,0.452630973008,-2.11756475021e-07,5.29391187613e-05,-0.313791084084,-0.294774376271,0.395579493289,0.447839812635,-0.308642073117,0.395351566278,0.00514901096718,-0.052488246357,2.08552693536,0.355440084276,0.355440084276,-0.275387980194,0.403796726391,0.0384612952795,-0.0226674997149,0.0182834225806,-0.0305678173187,-0.0650025699322,4,0
1140,2.28,2,0.496016800404,0,-0.455489039421,0,0,0.49445731535,-0.494870510674,0.496016786717,-0.504522763919,-0.0267818123707,-0.000223143324686,-0.331276578362,-0.105289144606,-0.455489043943,1.51559601423e-05,0.00139507189289,0.495984462462,-0.512223027381,2.64695613206e-07,-6.6173903303e-05,0.495999618422,0.493467969574,-0.494474366272,-0.510827955488,0.491544040624,-0.494991897121,-0.00445557779815,0.0158360583669,-0.296377633732,-0.455489043943,-0.455489043943,0.469234974346,-0.504745907244,-0.0267818123707,-0.000223143324686,-0.00155947136702,0.00965225324499,0.0189233209751,4,0
1150,2.3,1,-0.305342227221,0,0.701403856277,0,0,-0.287669763428,0.394968167333,-0.305342223049,0.427860104578,0.0379484263246,-0.0307102251159,-1.21912331961,1.86497063151,0.701403847185,-4.4885407664e-05,-0.00409108638212,-0.30525028376,0.449074865153,2.3339198485e-07,-5.83479962182e-05,-0.305295169168,-0.286879420308,0.395346603976,0.444983778771,-0.297349348463,0.39456485129,0.00794582070493,-0.0504189274814,2.2988948615,0.701403847185,0.701403847185,-0.267393796725,0.397149879462,0.0379484263246,-0.0307102251159,0.017672459621,-0.0328919372447,-0.0555565352891,4,0
1150,2.3,2,0.485948681831,0,-0.56668317318,0,0,0.484587203528,-0.493710208669,0.485948675445,-0.507075938462,-0.0267064304176,0.0106385900762,-0.467220527634,-0.0931940468965,-0.566683154839,5.43036632151e-06,0.000457217296504,0.485940979364,-0.50814956544,-2.91739977676e-07,7.2934994419e-05,0.48594640973,0.483599274629,-0.494183254468,-0.507692348143,0.480648299337,-0.493874329677,-0.00529811039309,0.0138180184663,-0.566984505989,-0.566683154839,-0.566683154839,0.459242245027,-0.496437348386,-0.0267064304176,0.0106385900762,-0.00136147191692,0.013365729793,0.00626858030834,4,0
1160,2.32,1,-0.296757668257,0,0.183948382735,0,0,-0.279776394754,0.392096164906,-0.296757676625,0.425242817256,0.0372473706958,-0.0365962087613,-1.64033788849,1.76512461881,0.183948379731,-4.7279469193e-05,-0.00436278382073,-0.296655964928,0.449678416406,-6.18484595816e-07,0.000154621148958,-0.296703244398,-0.278993107044,0.391179991719,0.445315632585,-0.292930027246,0.391548096885,0.00377321715192,-0.0537675356998,1.64837959624,0.183948379731,0.183948379731,-0.259510305929,0.388646608495,0.0372473706958,-0.0365962087613,0.0169812818709,-0.0331466523506,-0.0591616494126,4,0
1160,2.32,2,0.475779682398,0,-0.3916413486,0,0,0.474720492697,-0.490120205433,0.475779693718,-0.502628243959,-0.0263918121651,0.0168199844912,-0.340305433108,-0.0401278967165,-0.391641348927,8.72885220704e-06,0.000829255365398,0.475758738772,-0.508051279722,7.73105765628e-07,-0.000193276441403,0.475767467625,0.47374138306,-0.488974988918,-0.507222024357,0.471796290668,-0.490242047184,-0.00397117695658,0.0169799771723,0.319693658276,-0.391641348927,-0.391641348927,0.449387881553,-0.485808259468,-0.0263918121651,0.0168199844912,-0.0010592010217,0.0125080385264,0.0112080191026,4,0
1170,2.34,1,-0.288433402777,0,0.383639454842,0,0,-0.272033392822,0.382501447512,-0.288433390305,0.410635171534,0.0365345399256,-0.037695387581,-1.40104585119,1.72219469656,0.383639459039,-5.03610335239e-05,-0.00460321873695,-0.288328982425,0.4349685422,-3.88577994614e-07,9.71444986538e-05,-0.288379343458,-0.271269023225,0.381893365285,0.430365323463,-0.283168687692,0.382037476892,0.00521065576579,-0.0483278465711,1.73067494735,0.383639459039,0.383639459039,-0.25189885038,0.372939783953,0.0365345399256,-0.037695387581,0.016399997483,-0.0281337240221,-0.0624906136708,4,0
1170,2.34,2,0.465959787369,0,-0.484674602747,0,0,0.465041740299,-0.478126808408,0.465959783672,-0.484421725942,-0.0260862215301,0.0182469974474,-0.412406166518,-0.0566631251834,-0.484674588884,1.28034331318e-05,0.00114680023431,0.465935301039,-0.489693723772,4.85722505217e-07,-0.000121430626308,0.465948104472,0.464086278304,-0.477366705606,-0.488546923538,0.461481159665,-0.478275165934,-0.0044669448075,0.0102717576031,0.0552763313639,-0.484674588884,-0.484674588884,0.439873562142,-0.466174728495,-0.0260862215301,0.0182469974474,-0.000918043373749,0.00629491753409,0.0156052971827,4,0
1180,2.36,1,-0.280137449503,0,0.234184995294,0,0,-0.264405947976,0.379984269222,-0.280137458519,0.417175781578,0.0356283232075,-0.0513733960289,-1.43156604512,1.62459891773,0.234184996649,-3.26321493137e-05,-0.0030377578781,-0.280065850587,0.434723077812,-6.72235379695e-07,0.000168058844929,-0.280098482736,-0.263646922858,0.37900838219,0.431685319934,-0.275972649572,0.379502323322,0.00412583316421,-0.0521829966113,1.44995981273,0.234184996649,0.234184996649,-0.244509135312,0.365802385549,0.0356283232075,-0.0513733960289,0.0157315105438,-0.0371915123556,-0.0411521240384,4,0
1180,2.36,2,0.4561419487,0,-0.389930009842,0,0,0.455507434261,-0.474980335421,0.456141947886,-0.494060603464,-0.0255055295482,0.0368076230856,-0.4070838687,0.00443622589755,-0.38993001529,-1.07415935638e-05,-0.000930903169908,0.456160926307,-0.490362688273,8.40294240245e-07,-0.000210073560057,0.456150184713,0.454558652867,-0.473760476608,-0.491293591443,0.45222674456,-0.475117030826,-0.00392344015313,0.0161765606171,0.626759314133,-0.38993001529,-0.38993001529,0.430636418338,-0.457252980378,-0.0255055295482,0.0368076230856,-0.000634513624642,0.0190802680424,-0.0127176275121,4,0
1190,2.38,1,-0.272045880556,0,-0.0290360990912,0,0,-0.256944105884,0.364677521877,-0.27204588783,0.39193092514,0.0346579721226,-0.0472134501438,-1.65535130463,1.56040734369,-0.0290360985021,-5.28743220688e-05,-0.00485783000532,-0.271933899304,0.418477908952,-1.15951536062e-06,0.00028987884015,-0.271986773626,-0.256216508854,0.362928878202,0.413620078946,-0.270166512335,0.364126588274,0.00182026129049,-0.0494934906721,1.07790114592,-0.0290360985021,-0.0290360985021,-0.237387915707,0.344717474997,0.0346579721226,-0.0472134501438,0.015101781946,-0.0272534032638,-0.0659078624417,4,0
1190,2.38,2,0.446605145931,0,-0.342070102692,0,0,0.446180131671,-0.455846900959,0.446605160601,-0.460322424206,-0.0248702667356,0.0294255823026,-0.329456413571,0.0079151679662,-0.342070112727,1.64493312433e-05,0.00151334695193,0.446569947301,-0.468693640561,1.44939421898e-06,-0.00036234855474,0.446586396632,0.445270635387,-0.453661096338,-0.467180293609,0.443268642334,-0.455968213014,-0.00331775429752,0.011212080595,0.899075273799,-0.342070112727,-0.342070112727,0.421734893866,-0.430896841903,-0.0248702667356,0.0294255823026,-0.000425028929937,0.00447552324711,0.0205288671223,4,0
1200,2.4,1,-0.264352619648,0,0.783423125744,0,0,-0.249788027435,0.354318628982,-0.264352613316,0.387073247029,0.0336713326956,-0.0572421769616,-0.781411072286,1.52326569348,0.783423097995,-3.39852570416e-05,-0.00305621664897,-0.264286778121,0.401507369554,6.96518573373e-09,-1.74129643271e-06,-0.264320763378,-0.249079248471,0.354394706169,0.398451152905,-0.255942697207,0.354062184408,0.00837806617067,-0.0443889684969,1.780147489,0.783423097995,0.783423097995,-0.23068128062,0.329831070067,0.0336713326956,-0.0572421769616,0.0145645858801,-0.0327546180469,-0.0415684768016,4,0
1200,2.4,2,0.43755120039,0,-0.586935579777,0,0,0.437235033641,-0.442898284662,0.437551186251,-0.457600576089,-0.0241995862057,0.0453117405125,-0.597690640583,-0.00127349444266,-0.58693556003,-8.81523386105e-06,-0.000896598443356,0.437577726733,-0.449760055932,-8.70647814954e-09,2.17661953217e-06,0.437568911499,0.436349059938,-0.442993381142,-0.450656654376,0.432362974863,-0.443101287111,-0.00520593663626,0.00755536726437,0.0213593129342,-0.58693556003,-0.58693556003,0.413351600046,-0.412288835577,-0.0241995862057,0.0453117405125,-0.000316152610407,0.0147022914271,-0.0120285749963,4,0
1210,2.42,1,-0.256646931171,0,-0.269225209951,0,0,-0.242786551631,0.341429283668,-0.256646937806,0.373348617313,0.0324384010063,-0.0607027285713,-1.7246985873,1.40119056315,-0.269225214949,-4.31473066067e-05,-0.00400579975418,-0.256551819664,0.396598938941,-1.61113981129e-06,0.000402784952825,-0.256594966971,-0.242106079556,0.339027682673,0.392593139187,-0.256682558104,0.340850283399,-8.75911334016e-05,-0.0517428557881,0.616430972268,-0.269225214949,-0.269225214949,-0.2242085368,0.312645888742,0.0324384010063,-0.0607027285713,0.0138603861748,-0.0319193336446,-0.0542828092015,4,0
1210,2.42,2,0.428449720144,0,-0.22017917037,0,0,0.428483188918,-0.426786602835,0.428449731301,-0.438646434358,-0.0231890609889,0.0478390756093,-0.298042830759,0.0834351191233,-0.220179165332,3.9123323182e-06,0.000417339820204,0.428436060081,-0.442853770355,2.01392478244e-06,-0.000503481195612,0.428439972413,0.427632598828,-0.423784601563,-0.442436430535,0.425957454836,-0.426891841755,-0.00248251757694,0.0155445887801,1.62389315443,-0.220179165332,-0.220179165332,0.405260670312,-0.390807358749,-0.0231890609889,0.0478390756093,3.34576176148e-05,0.0118598315236,0.00557145369627,4,0
1220,2.44,1,-0.249588593841,0,0.182771280408,0,0,-0.236200219435,0.3183601897,-0.249588599689,0.340551768626,0.0313411957552,-0.0556793507988,-1.27540059231,1.39800147054,0.182771284634,-4.86871754762e-05,-0.00442995442777,-0.249489432841,0.36329946398,-9.76734171126e-07,0.000244183542782,-0.249538120016,-0.235565057476,0.316848428736,0.358869509552,-0.246309586666,0.317938966065,0.00322853335055,-0.0409305434865,0.987987146314,0.182771284634,0.182771284634,-0.218247403934,0.284872417827,0.0313411957552,-0.0556793507988,0.0133883802546,-0.0221915789258,-0.0601704064019,4,0
1220,2.44,2,0.420193850994,0,-0.412181079388,0,0,0.42025027371,-0.39795023513,0.420193848054,-0.398456601586,-0.0223845937779,0.0423660817131,-0.421697174247,0.0230068846547,-0.412181088282,1.13597929254e-05,0.000987915709098,0.420174711382,-0.401998666915,1.2209177242e-06,-0.000305229431051,0.420186071175,0.419456321266,-0.396060533909,-0.401010751206,0.416629992479,-0.398101080181,-0.00355607869508,0.00290967102535,0.8437020723,-0.412181088282,-0.412181088282,0.397809254276,-0.356090519873,-0.0223845937779,0.0423660817131,5.64256565512e-05,0.000506366456311,0.0134907986904,4,0
1230,2.46,1,-0.242685571313,0,-0.0920423865318,0,0,-0.229917862353,0.309447952368,-0.242685571058,0.346720559884,0.0300235701999,-0.0734513059584,-1.40896633945,1.29175995246,-0.0920423862778,-1.94693618324e-05,-0.00186336771745,-0.242639378695,0.358742986501,-1.41174641796e-06,0.000352936604487,-0.242658848057,-0.229300984268,0.307380232766,0.356879618784,-0.241429562918,0.308968298178,0.00122928513958,-0.0479113206055,0.607592454512,-0.0920423862778,-0.0920423862778,-0.212662000858,0.273269253925,0.0300235701999,-0.0734513059584,0.0127677087053,-0.0372726075155,-0.0251640007133,4,0
1230,2.46,2,0.412055313587,0,-0.233336523175,0,0,0.412397327399,-0.386809938354,0.412055325819,-0.409512499866,-0.0212278253392,0.0679259349545,-0.377030908545,0.110561543567,-0.233336519841,-2.75832663995e-05,-0.00243007123134,0.41210657988,-0.398852236995,1.76468303537e-06,-0.000441170758835,0.412078996614,0.411626229797,-0.384225288832,-0.401282308227,0.409536476958,-0.386929140456,-0.0025425196558,0.014353167771,1.70992701815,-0.233336519841,-0.233336519841,0.39082750048,-0.341586564912,-0.0212278253392,0.0679259349545,0.000342001579701,0.0227025615126,-0.0331328451376,4,0
1240,2.48,1,-0.236215397716,0,-0.435224711895,0,0,-0.223993320037,0.281060623325,-0.236215395039,0.301592839574,0.0287157414951,-0.0606150045553,-1.74865309905,1.2462437348,-0.435224713052,-5.39096779522e-05,-0.00495180479774,-0.236101179545,0.328646141638,-2.00245562326e-06,0.000500613905816,-0.236155089223,-0.223434240555,0.278037899184,0.32369433684,-0.237981272462,0.280477791974,-0.00182618323934,-0.0432165448661,0.196113846523,-0.435224713052,-0.435224713052,-0.207499653544,0.240977835018,0.0287157414951,-0.0606150045553,0.0122220750023,-0.0205322162482,-0.0671846511981,4,0
1240,2.48,2,0.404490083456,0,-0.178128167987,0,0,0.404991649548,-0.351325776826,0.404490094172,-0.349916225684,-0.0201155277835,0.0486939346121,-0.249631122379,0.0952264440792,-0.178128161849,1.90274994843e-05,0.00174862696863,0.404449380353,-0.359561891907,2.50306954314e-06,-0.000625767385782,0.404468407852,0.4042928002,-0.347547371628,-0.357813264938,0.402717642428,-0.351420527123,-0.00175076542438,0.00639273781543,1.89778245524,-0.178128161849,-0.178128161849,0.384374566389,-0.301222291072,-0.0201155277835,0.0486939346121,0.000501555375636,-0.00140955114208,0.0237234835493,4,0
1250,2.5,1,-0.230438396335,0,0.764725983143,0,0,-0.218612458322,0.262236727843,-0.230438400521,0.290938720893,0.027488945533,-0.0711582183259,-0.505367229693,1.24015186067,0.764725969258,-2.49182232429e-05,-0.00219609284421,-0.230394215993,0.299762670006,-2.22184999399e-07,5.55462498472e-05,-0.230419134216,-0.218088125373,0.261999835732,0.297566577162,-0.222567474403,0.262071935507,0.0078516598128,-0.0354946416554,1.32507089151,0.764725969258,0.764725969258,-0.202949454988,0.219780502567,0.027488945533,-0.0711582183259,0.0118259421988,-0.0287019930498,-0.0299413382775,4,0
1250,2.5,2,0.39775800705,0,-0.531534314156,0,0,0.398265572454,-0.327795907335,0.397758009245,-0.342407537935,-0.0190711909954,0.0676819125386,-0.623205067279,0.0652971647119,-0.531534285698,-1.99668747651e-05,-0.00195819890859,0.397811518419,-0.327520639546,2.77731252996e-07,-6.94328132515e-05,0.397791551544,0.397610156272,-0.32749979219,-0.329478838454,0.393300596783,-0.328002781321,-0.00449095476138,0.00147605713337,0.495306156242,-0.531534285698,-0.531534285698,0.37868681825,-0.274725625396,-0.0190711909954,0.0676819125386,0.000507563208355,0.0146116306003,-0.0263736168692,4,0
1260,2.52,1,-0.224697783589,0,-0.720285773277,0,0,-0.213523002922,0.240656258404,-0.224697776998,0.268475646006,0.0259717328385,-0.0723357832265,-1.87306430502,1.10234000338,-0.720285793554,-3.98636428842e-05,-0.00372484529283,-0.224607600673,0.290900176471,-2.43047211221e-06,0.000607618028053,-0.224647464316,-0.2130453028,0.237027206868,0.287175331178,-0.228685227923,0.240024499029,-0.00403776360675,-0.047150832149,-0.233601254596,-0.720285793554,-0.720285793554,-0.19872604416,0.19613986278,0.0259717328385,-0.0723357832265,0.0111747740762,-0.0278193876023,-0.0504385080892,4,0
1260,2.52,2,0.391020476818,0,-0.00573088275269,0,0,0.391903753254,-0.300820320397,0.39102046655,-0.311373752174,-0.017612911778,0.066198926623,-0.181644641093,0.178031918269,-0.00573088284607,8.70376605746e-07,0.000166068815922,0.391010495088,-0.315175465923,3.03809015295e-06,-0.000759522538245,0.391011365464,0.391306628107,-0.296284005958,-0.315009397107,0.390375050576,-0.300884016341,-0.000636314888948,0.0141253807655,2.6648616731,-0.00573088284607,-0.00573088284607,0.373407554772,-0.24517482555,-0.017612911778,0.066198926623,0.000883286704208,0.010553431777,0.00211816002229,4,0
1270,2.54,1,-0.219927683473,0,-0.0587980523705,0,0,-0.209068785069,0.206690015962,-0.219927689769,0.220518703289,0.0247401522977,-0.0606207241902,-1.25895732262,1.14131770112,-0.0587980528474,-4.77702921237e-05,-0.0043302205488,-0.219831812341,0.242215837813,-1.44807674457e-06,0.000362019186143,-0.219879582633,-0.208657703344,0.204454804936,0.237885617264,-0.219052416991,0.206274031298,0.00082716564152,-0.0316115859659,0.397963448743,-0.0587980528474,-0.0587980528474,-0.195187537472,0.159897979099,0.0247401522977,-0.0606207241902,0.0108589047002,-0.0138286873272,-0.0588415686515,4,0
1270,2.54,2,0.385548293591,0,-0.280886918306,0,0,0.386335980991,-0.258362517179,0.385548295052,-0.252881388032,-0.0165638735812,0.0530089172215,-0.344461863147,0.077019652398,-0.280886931237,1.15272753487e-05,0.000982066069788,0.385530656289,-0.255697375477,1.81009593753e-06,-0.000452523984387,0.385542183564,0.385822128841,-0.255568503386,-0.254715309407,0.3833585952,-0.25848657492,-0.00218358836391,-0.00377126551341,1.42498912825,-0.280886931237,-0.280886931237,0.368984421471,-0.199872470811,-0.0165638735812,0.0530089172215,0.000787685939021,-0.00548112914675,0.0134447204877,4,0
1280,2.56,1,-0.215420395136,0,-0.28880918026,0,0,-0.205071384239,0.19250720512,-0.21542038793,0.227697989395,0.0232903162841,-0.0823656744234,-1.48169341167,1.03387281358,-0.288809184742,-8.48771407669e-06,-0.000865164089456,-0.215396594504,0.23460655801,-1.98116461983e-06,0.000495291154957,-0.215405082219,-0.204689218776,0.18959685773,0.233741393921,-0.217300895879,0.191997642135,-0.00189581366051,-0.0417437517856,0.102261359132,-0.288809184742,-0.436216398189,-0.192130071646,0.145332314971,0.0232903162841,-0.0823656744234,0.0103490036911,-0.0351907842744,-0.0116041999005,4,0
1280,2.56,2,0.38029229641,0,-0.033450204879,0,0,0.38133923001,-0.240634003549,0.380292301128,-0.266032415972,-0.0151297118778,0.0843670253661,-0.265121097452,0.181780668818,-0.0334502065626,-4.11700215927e-05,-0.0036634782468,0.380371142322,-0.249104474051,2.47645578277e-06,-0.0006191139457,0.380329972301,0.380861523187,-0.2369960693,-0.252767952298,0.379548747857,-0.240708606972,-0.000781224443248,0.0120593453254,2.5027017913,-0.0334502065626,-0.0334502065626,0.365162589251,-0.181665390606,-0.0151297118778,0.0843670253661,0.00104692888132,0.0253984124222,-0.049890222071,4,0
1290,2.58,1,-0.21148185432,0,-0.823467552662,0,0,-0.201580194439,0.154498866566,-0.211481849072,0.167625443258,0.0218864368153,-0.0616074924256,-1.89393242238,1.00145864651,-0.82346753393,-5.53752269446e-05,-0.00508601743852,-0.211364403032,0.1954431664,-2.59502407954e-06,0.000648756019887,-0.211419778259,-0.201275142771,0.150579565561,0.190357148962,-0.216761556078,0.153866309831,-0.00534177781898,-0.0364908391305,-0.449755594921,-0.82346753393,-0.82346753393,-0.189595412257,0.106017950833,0.0218864368153,-0.0616074924256,0.00990165463356,-0.0131265766918,-0.0690062419423,4,0
1290,2.58,2,0.375809907913,0,0.0234209261835,0,0,0.376975242818,-0.193123580228,0.375809909272,-0.186262880077,-0.0138156441943,0.0537404447464,-0.104031519698,0.155634407238,0.0234209262637,2.26119587209e-05,0.00207715326839,0.375761452408,-0.197739332107,3.24378010691e-06,-0.000810945026731,0.375784064366,0.37659392824,-0.18822445396,-0.195662178838,0.375875373305,-0.193169408124,9.13089391084e-05,0.00249277071413,2.58575021023,0.0234209262637,0.0234209262637,0.361994265078,-0.132522435331,-0.0138156441943,0.0537404447464,0.00116533354587,-0.00686070015054,0.0281819612764,4,0
1300,2.6,1,-0.208476766944,0,0.625715374947,0,0,-0.198802669156,0.129679327326,-0.208476762296,0.151070962086,0.0206856042763,-0.069815019084,-0.429875704108,1.03219007937,0.625715383049,-1.98074461603e-05,-0.0017123946283,-0.208444586591,0.156835103235,-4.09250057121e-07,0.000102312514279,-0.208464394037,-0.198543693306,0.129180987261,0.155122708606,-0.202184087773,0.129538434884,0.00628030626386,-0.0255842737228,0.98025703723,0.625715383049,0.625715383049,-0.187791158019,0.0812559430023,0.0206856042763,-0.069815019084,0.00967409314004,-0.0213916347603,-0.0234010077866,4,0
1300,2.6,2,0.372445523739,0,-0.40409013629,0,0,0.373503336275,-0.162099156103,0.372445537303,-0.173731087721,-0.0127065899572,0.0721611622223,-0.538458452609,0.100907650749,-0.404090141279,-2.54644803565e-05,-0.00248281461758,0.372512328218,-0.155402530743,5.11562574135e-07,-0.000127890643532,0.372486863737,0.373179616469,-0.161476231017,-0.157885345361,0.369302314781,-0.162274198665,-0.00318454895632,-0.00438885330407,0.78659706418,-0.404090141279,-0.404090141279,0.359738947346,-0.101569925499,-0.0127065899572,0.0721611622223,0.00105779897182,0.0116319316183,-0.0334606605823,4,0
1310,2.62,1,-0.205541327596,0,-1.12273406982,0,0,-0.196413498821,0.10228476234,-0.205541324494,0.125130324078,0.0191770739976,-0.0709076808428,-2.05401779149,0.88562502829,-1.1227340395,-3.57136964577e-05,-0.00337632928411,-0.205457656513,0.146452999294,-2.93206970572e-06,0.00073301742643,-0.205493370209,-0.196213295647,0.0979025345834,0.14307667001,-0.213120818622,0.101588624015,-0.00762744841274,-0.0414880459942,-0.794507704946,-1.1227340395,-1.1227340395,-0.186364250496,0.054222643235,0.0191770739976,-0.0709076808428,0.00912782567311,-0.0228455617373,-0.0456587236993,4,0
1310,2.62,2,0.369101822376,0,0.224918141961,0,0,0.370516873418,-0.127855949804,0.369101810133,-0.136812601641,-0.011146497126,0.0690343008886,-0.00939796434909,0.231888811855,0.224918148283,-3.21525856662e-06,-0.000163691961961,0.369097332147,-0.139923863524,3.66508713695e-06,-0.000916271784242,0.369094116889,0.370266619457,-0.122378165101,-0.140087555486,0.370458885228,-0.127858365979,0.00136476833957,0.0122291895069,3.2926274912,0.224918148283,0.224918148283,0.357955313007,-0.0677783007525,-0.011146497126,0.0690343008886,0.00141506328458,0.00895665183671,-0.00242730077712,4,0
1320,2.64,1,-0.203772559762,0,-0.326293677092,0,0,-0.194795988799,0.0619430491975,-0.203772560028,0.066463874703,0.0180657535113,-0.0522561564134,-1.34841093745,0.963030321708,-0.326293671026,-4.80512541138e-05,-0.00434729701021,-0.203676830374,0.0879777097685,-1.71559602644e-06,0.000428899006606,-0.203724881628,-0.194674819529,0.0592979377656,0.0836304127582,-0.205521734319,0.0614961431341,-0.00179685269088,-0.0221342696241,0.0289825606434,-0.326293671026,-0.326293671026,-0.185706806517,0.0142077182896,0.0180657535113,-0.0522561564134,0.00897657122947,-0.0045208255055,-0.0590869447149,4,0
1320,2.64,2,0.367283016443,0,-0.108153685927,0,0,0.368494985953,-0.0774288083207,0.367283019888,-0.065955717678,-0.0101495117884,0.0481960731339,-0.192346330182,0.0999524755983,-0.108153689354,1.3501962578e-05,0.00115129601318,0.367262243047,-0.0693088168095,2.14449503516e-06,-0.000536123758794,0.36727574501,0.368343524373,-0.0741224190277,-0.0681575207963,0.366763773489,-0.0775009421734,-0.000511971520568,-0.00934342137707,1.70714424475,-0.108153689354,-0.108153689354,0.357133508099,-0.0177596445441,-0.0101495117884,0.0481960731339,0.00121196606568,-0.0114730906427,0.0157598347694,4,0
1330,2.66,1,-0.202371284366,0,-0.484769910574,0,0,-0.193724636966,0.0446067528178,-0.202371278206,0.0718056632471,0.016797885702,-0.0732390328875,-1.63218222959,0.878500401456,-0.484769923979,-4.15655154531e-06,-0.000471133224742,-0.202356438483,0.0766407994049,-2.27625344518e-06,0.000569063361291,-0.202360595035,-0.193638708005,0.0412572902441,0.0761696661802,-0.207250571836,0.0440431721982,-0.00488997680084,-0.032126493982,-0.142921043648,-0.484769923979,-0.747429686011,-0.185573392504,-0.00143336964041,0.016797885702,-0.0732390328875,0.00864664123989,-0.0271989104293,-0.00625214211942,4,0
1330,2.66,2,0.365769028664,0,0.168094992638,0,0,0.367155796226,-0.0557584378172,0.365769028448,-0.0787158909294,-0.00880228779909,0.0805076062992,-0.0886525213037,0.20141977592,0.168094995441,-4.55847795344e-05,-0.00406362771432,0.365856918539,-0.0597116660833,2.84531680811e-06,-0.000711329202033,0.365811333759,0.367048385032,-0.0515716095975,-0.0637752937976,0.366878571016,-0.0557699888676,0.00106723725659,0.00800530492994,2.82099029277,0.168094995441,0.168094995441,0.356966740649,0.00179171536985,-0.00880228779909,0.0805076062992,0.00138676777786,0.0229574531122,-0.0553277408248,4,0
1340,2.68,1,-0.201608166099,0,-1.12504208088,0,0,-0.193236634739,0.00220483522098,-0.201608160125,0.00537988242184,0.0156133574923,-0.048057130125,-2.06083007648,0.86601868454,-1.12504205455,-5.59888315303e-05,-0.00514224547062,-0.201489272465,0.0335503811669,-2.82659898654e-06,0.000706649746631,-0.201545261297,-0.193236527421,-0.00206629024053,0.0284081356963,-0.209800051633,0.00151469285041,-0.00825479033599,-0.0268934428459,-0.745374066245,-1.12504205455,-1.12504205455,-0.185994802633,-0.0426772477031,0.0156133574923,-0.048057130125,0.00837152538567,-0.00317504720086,-0.0697693373878,4,0
1340,2.68,2,0.365111678839,0,0.221891269088,0,0,0.366545793507,-0.00275604081206,0.365111664852,0.00901012838561,-0.00761816147545,0.0443364345458,0.0841184301191,0.169014080122,0.221891267882,2.50709773365e-05,0.00230258513523,0.365057831463,-0.00375205637855,3.53324873242e-06,-0.000883312183106,0.365082902441,0.366545659366,0.0025828660138,-0.00144947124333,0.366985673059,-0.00273771249741,0.00190277061794,-0.00128824125409,2.80033384664,0.221891267882,0.221891267882,0.357493503377,0.0533465629315,-0.00761816147545,0.0443364345458,0.00143412865512,-0.0117661691977,0.0312412423592,4,0
1350,2.7,1,-0.201896861196,0,0.390180826187,0,0,-0.193532678696,-0.024996212264,-0.201896867127,-0.0149292216265,0.0147266215548,-0.0528666302881,-0.566094197631,0.934238479587,0.390180819672,-1.87218906121e-05,-0.00161171545562,-0.201867112365,-0.00975645930567,-5.16945931117e-07,0.000129236482777,-0.201885834255,-0.193583207382,-0.0256520525194,-0.0113681747613,-0.198058634966,-0.0251847937752,0.00382719928951,-0.0138166190139,0.807162776805,0.390180819672,0.390180819672,-0.187170245572,-0.0677958519146,0.0147266215548,-0.0528666302881,0.00836418843087,-0.0100669906375,-0.0220365377156,4,0
1350,2.7,2,0.365691721439,0,-0.223538711667,0,0,0.366915848517,0.0312452685393,0.365691734963,0.0240851315183,-0.00672892784658,0.0606596866487,-0.355121148839,0.0980809213143,-0.22353871677,-2.54825679356e-05,-0.00248600174768,0.365758758886,0.0424968187947,6.46182414965e-07,-0.000161545603745,0.365733276319,0.366979009381,0.0320650688604,0.040010817047,0.364240329864,0.0311337885955,-0.00149294645427,-0.00887702845155,0.841927045101,-0.22353871677,-0.22353871677,0.358962807117,0.084744818167,-0.00672892784658,0.0606596866487,0.00122411355416,0.00716013702098,-0.0335015107549,4,0
1360,2.72,1,-0.202307850122,0,-1.36940455437,0,0,-0.194255389421,-0.0542038677039,-0.202307843297,-0.043384353226,0.0135831368021,-0.0513351188101,-2.23172046184,0.817253688122,-1.36940457688,-3.52225289871e-05,-0.00333251272208,-0.202224988956,-0.0222063630707,-3.01820493126e-06,0.000754551232817,-0.202260211485,-0.194368298826,-0.0587183561957,-0.0255388757927,-0.212445960776,-0.054961808177,-0.0101857492913,-0.0294229323843,-0.923479056747,-1.36940457688,-1.36940457688,-0.188724706495,-0.0947194720361,0.0135831368021,-0.0513351188101,0.00805245387572,-0.0108195144779,-0.0450621968391,4,0
1360,2.72,2,0.366321951151,0,0.416288137436,0,0,0.367819236987,0.0677548378191,0.366321961316,0.0628786150549,-0.00541607798143,0.0555207282221,0.191067445277,0.223792060137,0.416288131714,-2.43128018478e-06,-8.9876829434e-05,0.366315515242,0.0592339752402,3.77275615987e-06,-0.000943189039971,0.366313083962,0.36796037375,0.0733979484278,0.0591440984107,0.369420590789,0.0678215608942,0.00310750682747,0.00867746248346,3.31252877202,0.416288131714,0.416288131714,0.360905883335,0.118399343277,-0.00541607798143,0.0555207282221,0.0014972756712,0.0048762227642,-0.00142862629982,4,0
1370,2.74,1,-0.203929170966,0,-0.538247346878,0,0,-0.195775886498,-0.0951312060245,-0.203929177193,-0.103466998853,0.0128956758296,-0.0298562458816,-1.52607201152,0.929138021441,-0.538247373467,-4.77271489007e-05,-0.00431782559792,-0.203834101871,-0.0820983641752,-1.72420160321e-06,0.000431050400806,-0.20388182902,-0.195968876846,-0.0977883253128,-0.0864161897731,-0.207982905381,-0.0956398318113,-0.00410107636064,-0.00922364203822,-0.0102216939226,-0.538247373467,-0.538247373467,-0.191033501364,-0.133323244734,0.0128956758296,-0.0298562458816,0.00815329069586,0.00833579282828,-0.0586866166168,4,0
1370,2.74,2,0.368505269289,0,0.0784547328949,0,0,0.369719858396,0.118914010652,0.36850528252,0.134019660536,-0.00471340553448,0.0326343985253,0.0111934685434,0.084168939521,0.078454729766,1.44217562843e-05,0.00123591211612,0.368482546608,0.130193671396,2.15525200076e-06,-0.000538813000194,0.368496968364,0.369961096338,0.122235409757,0.131429583512,0.369672322509,0.11891202999,0.00117535414482,-0.0125175535224,1.63271985804,0.078454729766,0.078454729766,0.363791876985,0.166654059061,-0.00471340553448,0.0326343985253,0.00121457587671,-0.0151056498844,0.0169076782984,4,0
1380,2.76,1,-0.205947592854,0,-0.73878711462,0,0,-0.197850296496,-0.112856838804,-0.205947590036,-0.100463297977,0.0121061662207,-0.0475500539256,-1.83246142687,0.88209231468,-0.73878713105,-6.07381326629e-06,-0.000648204178775,-0.205928528893,-0.0946037485288,-2.23537109259e-06,0.000558842773146,-0.205934602706,-0.198079244045,-0.116150302611,-0.0952519527076,-0.213022359007,-0.113489008075,-0.00708775630078,-0.0182370553673,-0.168378493902,-0.73878713105,-0.94171603293,-0.193841423815,-0.148013351902,0.0121061662207,-0.0475500539256,0.00809729353995,-0.0123935408271,-0.00865307925565,4,0
1380,2.76,2,0.37100571394,0,0.351610422134,0,0,0.372312870957,0.141071051599,0.371005724365,0.123000330827,-0.00370394425336,0.0620163621514,0.12483473985,0.176249833756,0.351610409013,-4.1744076986e-05,-0.00370955736007,0.371085270474,0.139994911647,2.79421386051e-06,-0.000698553465122,0.371043526397,0.372599055399,0.145187881351,0.136285354287,0.373771676435,0.141131835161,0.00272815003872,0.00484648087327,2.65827150993,0.351610409013,0.351610409013,0.367301780112,0.185016692978,-0.00370394425336,0.0620163621514,0.00130714659133,0.0180707207723,-0.0505258354069,4,0
1390,2.78,1,-0.20862570405,0,-1.23600494862,0,0,-0.200497700247,-0.153466896905,-0.208625698857,-0.164961464845,0.0114613918149,-0.0208818666715,-2.21727451459,0.91253944179,-1.2360049275,-5.51785923796e-05,-0.00506536900051,-0.208508835637,-0.137317880681,-2.64315569048e-06,0.000660788922622,-0.208564014229,-0.200808661892,-0.157463189522,-0.142383249682,-0.218371206265,-0.154211626323,-0.00980719203577,-0.0118283766408,-0.574462245356,-1.2360049275,-1.2360049275,-0.197164307042,-0.185843331516,0.0114613918149,-0.0208818666715,0.00812799860993,0.0114945679396,-0.0687301453087,4,0
1390,2.78,2,0.374351710081,0,0.388477265835,0,0,0.375622125706,0.191833624108,0.374351702839,0.206322525959,-0.00289631863307,0.025981641404,0.284829025469,0.134849648421,0.388477259718,2.50732225612e-05,0.00229923917692,0.374298313898,0.193734181291,3.30394460402e-06,-0.000825986150999,0.374323387121,0.376010827769,0.196828989866,0.196033420468,0.377732026112,0.191921536625,0.00340863899108,-0.00411188384236,2.50623520501,0.388477259718,0.388477259718,0.371455384206,0.232304167363,-0.00289631863307,0.025981641404,0.001270422867,-0.0144889018506,0.0312014141718,4,0
1400,2.8,1,-0.212289080024,0,0.136227399111,0,0,-0.203883905209,-0.178877718818,-0.212289086967,-0.183556304216,0.0111219260787,-0.0245079495168,-0.895230886817,1.0070382746,0.136227394827,-2.05379383441e-05,-0.00178854532661,-0.212254624314,-0.177106659376,-5.23215128889e-07,0.000130803782219,-0.212275162252,-0.204242230921,-0.179555267311,-0.178895204702,-0.211128085838,-0.179179559678,0.00114707641419,-0.000284354975177,0.886039561941,0.136227394827,0.136227394827,-0.201167160888,-0.208064253733,0.0111219260787,-0.0245079495168,0.00840518175819,0.00467858539794,-0.0244200070408,4,0
1400,2.8,2,0.378836154938,0,-0.00283670355566,0,0,0.379854881967,0.223597151413,0.378836148221,0.219530164634,-0.0023771966492,0.0405501554012,-0.0998484270873,0.0679382916058,-0.00283670350405,-2.20579096142e-05,-0.00215809108275,0.37889477972,0.235739427928,6.54018910418e-07,-0.000163504727604,0.378872721811,0.380302789113,0.224444087029,0.233581336845,0.37926611251,0.223572619352,0.00039339069967,-0.0100087174929,0.707766797856,-0.00283670350405,-0.00283670350405,0.376458951572,0.260080320035,-0.0023771966492,0.0405501554012,0.00101873374558,0.00406698677862,-0.0290734319774,4,0
1410,2.82,1,-0.216101780534,0,-1.37483775616,0,0,-0.207667458358,-0.205427272558,-0.21610177382,-0.212455160106,0.0106001740755,-0.0189349041874,-2.37289134079,0.94886970332,-1.37483772071,-3.8780164386e-05,-0.0036332977571,-0.216013282186,-0.190337419658,-2.6576842681e-06,0.000664421067027,-0.21605206235,-0.208082283612,-0.209405890179,-0.193970717415,-0.226998126704,-0.206232717073,-0.0109460643536,-0.0122619996574,-0.542460552563,-1.37483772071,-1.37483772071,-0.205501599744,-0.231390064294,0.0106001740755,-0.0189349041874,0.00843431546161,0.00702788754807,-0.0491839167568,4,0
1410,2.82,2,0.383394777775,0,0.551367819309,0,0,0.384584323461,0.256784093482,0.383394787178,0.256807730649,-0.00151778697969,0.0324298524716,0.387874843984,0.168705206179,0.551367826458,3.24882026204e-06,0.000395366132271,0.383378973522,0.251498112946,3.32210532239e-06,-0.000830526330596,0.383382222343,0.385102855034,0.261757365488,0.251893479078,0.387767652018,0.256916732171,0.00438542967493,0.00502325309328,2.76672818592,0.551367826458,0.551367826458,0.381877000199,0.289237583121,-0.00151778697969,0.0324298524716,0.00118953628225,-2.36371677437e-05,0.00521222370498,4,0
1420,2.84,1,-0.220988094807,0,-0.625959873199,0,0,-0.21215578104,-0.24082042101,-0.220988097711,-0.262865657581,0.0105105836246,-0.000715657594726,-1.76324184314,1.08012351711,-0.625959892174,-4.64064232969e-05,-0.00420632574178,-0.220894974195,-0.241784408807,-1.46245637961e-06,0.000365614094905,-0.220941380618,-0.212639735831,-0.243074237817,-0.245990734549,-0.226348502642,-0.24141178441,-0.00540712202391,0.00457895013889,0.331940425626,-0.625959892174,-0.625959892174,-0.210477514086,-0.263581315176,0.0105105836246,-0.000715657594726,0.00883231667093,0.0220452365711,-0.0571584338561,4,0
1420,2.84,2,0.389307707548,0,0.264763712883,0,0,0.390194726866,0.30102552886,0.389307694864,0.316053317541,-0.0012108016855,0.0134233289895,0.235121858521,0.0451994040149,0.264763700206,1.32112968974e-05,0.00113792796471,0.389286389887,0.312330736468,1.82807046628e-06,-0.000457017616573,0.389299601184,0.39079967036,0.303842799857,0.313468664433,0.392021258273,0.301101634335,0.00272165708912,-0.0123670300977,1.26543463877,0.264763700206,0.264763700206,0.388096893179,0.329476646531,-0.0012108016855,0.0134233289895,0.000887032001928,-0.0150277886812,0.0155575623298,4,0
1430,2.86,1,-0.226206034422,0,-0.95550185442,0,0,-0.217119742395,-0.256008449107,-0.226206037046,-0.261988300832,0.010343048641,-0.0134289419209,-2.04944671675,1.07539799565,-0.955501870219,-1.40423322685e-05,-0.00137706291881,-0.226170145785,-0.252164287988,-1.85275152609e-06,0.000463187881519,-0.226184188117,-0.217634446523,-0.258741627683,-0.253541350906,-0.234014576634,-0.256712400533,-0.00783038851738,-0.00317104962682,0.0947217658559,-0.955501870219,-0.955501870219,-0.215862988405,-0.275417242753,0.010343048641,-0.0134289419209,0.00908629465113,0.00597985172535,-0.0185468508724,4,0
1430,2.86,2,0.395485520363,0,0.498335570097,0,0,0.396399678611,0.320010563902,0.395485522445,0.308784842144,-0.000656786316609,0.0354867137763,0.34250917656,0.119381071337,0.498335575842,-3.04037112573e-05,-0.00267226612702,0.395541130248,0.320141465563,2.31593939609e-06,-0.000578984849019,0.395510726536,0.397043058777,0.323427037106,0.317469199436,0.399552159758,0.320141917284,0.0040414332217,0.00267271784752,2.06828688813,0.498335575842,0.498335575842,0.394828736128,0.344271555921,-0.000656786316609,0.0354867137763,0.000914156166757,0.0112257217581,-0.0364453279453,4,0
1440,2.88,1,-0.232000514865,0,-1.12661647797,0,0,-0.222557339644,-0.288704886602,-0.232000518325,-0.313610074794,0.0103436747073,0.00867787052333,-2.33577125735,1.14364731981,-1.1266165263,-5.26121579183e-05,-0.00482760504137,-0.231889430268,-0.287373878768,-2.05973741135e-06,0.000514934352837,-0.231942042426,-0.223137894052,-0.291822006821,-0.292201483809,-0.2414434167,-0.289491806479,-0.00950137427454,0.00270967732982,0.0542236795973,-1.1266165263,-1.1266165263,-0.221656843618,-0.304932204271,0.0103436747073,0.00867787052333,0.00944317868066,0.0249051881918,-0.0655074112367,4,0
1440,2.88,2,0.402383953333,0,0.513486623764,0,0,0.403196675221,0.360881110542,0.402383962952,0.374981201506,-0.000312907760907,0.00618405608056,0.466782776928,0.0737317654351,0.513486626018,2.17517515823e-05,0.00199130534316,0.402338084437,0.364227588891,2.57467174791e-06,-0.000643667936972,0.402359836189,0.403922368235,0.36477751079,0.366218894234,0.406854947892,0.36103353857,0.00449511170284,-0.00518535566459,1.80722279137,0.513486626018,0.513486626018,0.402071055191,0.381165257586,-0.000312907760907,0.00618405608056,0.00081271226924,-0.0141000909642,0.0270279163457,4,0
1450,2.9,1,-0.238535568118,0,-0.0953511148691,0,0,-0.2285761412,-0.308314656423,-0.238535574118,-0.326630343715,0.0105670614696,0.00525376407001,-1.37120653035,1.24434794349,-0.0953511177123,-2.59554283969e-05,-0.00231415728864,-0.238487150279,-0.316382939639,-4.26291442535e-07,0.000106572860637,-0.238513105708,-0.229193250051,-0.308874144313,-0.318697096927,-0.239720951414,-0.308779023515,-0.00120784570643,0.00991807341197,1.21077592753,-0.0953511177123,-0.0953511177123,-0.227968512648,-0.321376579645,0.0105670614696,0.00525376407001,0.00995943291825,0.0183156872923,-0.0315074691528,4,0
1450,2.9,2,0.410145938396,0,0.231926649809,0,0,0.410720177209,0.385393322661,0.410145928666,0.384527051272,-0.000185287143722,0.0171936753778,0.190118339252,0.0225357049142,0.231926657058,-1.45610582113e-05,-0.00143131837577,0.410185294512,0.395504150178,5.32864300851e-07,-0.000133216075217,0.410170733454,0.411491563278,0.386092682521,0.394072831802,0.412462077678,0.385465901847,0.00229134422359,-0.00860692995464,0.425683941549,0.231926657058,0.231926657058,0.409960641522,0.40172072665,-0.000185287143722,0.0171936753778,0.000574248543167,0.000866271389045,-0.0192726128917,4,0
1460,2.92,1,-0.245198026299,0,-1.15860819817,0,0,-0.234898293726,-0.328036450309,-0.245198019939,-0.349185354736,0.0106766452168,0.011102784401,-2.45324969849,1.24239315842,-1.15860816653,-4.15015206167e-05,-0.00385601288066,-0.245106132474,-0.326674902668,-1.89460717037e-06,0.000473651792592,-0.245147633995,-0.235557204763,-0.330876473637,-0.330530915549,-0.254871961594,-0.328868686471,-0.00972432759936,0.00166222907837,0.269778052325,-1.15860816653,-1.15860816653,-0.234521374722,-0.338082570335,0.0106766452168,0.011102784401,0.010299726213,0.0211489044265,-0.0522483735367,4,0
1460,2.92,2,0.417992532253,0,0.625863313675,0,0,0.418622867909,0.410045564841,0.417992526782,0.41365502993,0.000159192373847,0.00894818490761,0.550544345975,0.084476925057,0.625863329164,6.77589113723e-06,0.000681851128708,0.417972504034,0.407914440301,2.36825894318e-06,-0.000592064735794,0.417979279925,0.419446506708,0.413595593971,0.40859629143,0.423126602293,0.41023322044,0.0051473223676,0.00163692901019,1.79779702273,0.625863329164,0.625863329164,0.418151719155,0.422603214838,0.000159192373847,0.00894818490761,0.000630341127072,-0.00360946508922,0.00915794186825,4,0
1470,2.94,1,-0.252607703209,0,-0.604969322681,0,0,-0.241724436724,-0.352487933953,-0.252607703075,-0.382389661437,0.011087956571,0.0226989477411,-2.0251330484,1.36389468724,-0.60496930047,-4.55195813352e-05,-0.00414285341488,-0.252514884174,-0.361060809222,-9.6682296874e-07,0.000241705742182,-0.252560403756,-0.242430944736,-0.353979123558,-0.365203662636,-0.258103201266,-0.353170382476,-0.0055427975106,0.0120332801604,0.972490542946,-0.60496930047,-0.60496930047,-0.241519746504,-0.359690713695,0.011087956571,0.0226989477411,0.0108832663509,0.0299017274832,-0.0562690606909,4,0
1470,2.94,2,0.426794856787,0,0.425926119089,0,0,0.427155546692,0.440609919118,0.426794846249,0.453599299774,0.000104837669133,-0.00398590600665,0.446045325165,-0.00606546633309,0.425926129143,1.17687165118e-05,0.00102991954265,0.426774451814,0.44965692071,1.20852869895e-06,-0.000302132174735,0.426786220531,0.428038681711,0.442473906105,0.450686840253,0.430749237608,0.44075965624,0.00396301707673,-0.00992718401289,0.667059921033,0.425926129143,0.425926129143,0.426899683918,0.449613393767,0.000104837669133,-0.00398590600665,0.000360700443375,-0.0129893806553,0.0140537296895,4,0
1480,2.96,1,-0.260226964951,0,-0.823951244354,0,0,-0.248872592338,-0.362587460023,-0.260226976601,-0.382138066352,0.0114419270995,0.0149990259875,-2.25074682387,1.39312587702,-0.823951243251,-2.64375907838e-05,-0.00248855754379,-0.260166882701,-0.367026606982,-1.18220578493e-06,0.000295551446235,-0.260193320292,-0.249599488851,-0.3643349109,-0.369515164526,-0.267316214829,-0.363355944294,-0.00712289453678,0.00615922023266,0.879700047657,-0.823951243251,-0.823951243251,-0.248785049502,-0.367139040364,0.0114419270995,0.0149990259875,0.0113543842634,0.0195506063289,-0.0336697035984,4,0
1480,2.96,2,0.435783594847,0,0.582158386707,0,0,0.436090741242,0.453234326587,0.435783591052,0.450388313667,0.000197721645465,0.00853548832644,0.531750518781,0.0341296796082,0.582158400913,-1.38593949167e-05,-0.00119020413802,0.43580701352,0.454740685611,1.47775721498e-06,-0.000369439303752,0.435793154125,0.436999361886,0.45541864016,0.453550481472,0.440649732338,0.453424284549,0.00485657821273,-0.000126196923012,1.11320266117,0.582158400913,0.582158400913,0.435981312697,0.458923801993,0.000197721645465,0.00853548832644,0.000307150190102,0.00284601292045,-0.0162782025243,4,0
1490,2.98,1,-0.268202662468,0,-0.86766988039,0,0,-0.256320231525,-0.382370131269,-0.268202677261,-0.4125541297,0.0119034321473,0.0280390009433,-2.39849284722,1.46855901429,-0.86766989355,-5.00080613942e-05,-0.00458856487798,-0.268097220479,-0.387645440895,-1.16096014713e-06,0.00029024003678,-0.26814722854,-0.257086752303,-0.384131109184,-0.392234005773,-0.275755064727,-0.383179915986,-0.00760783618739,0.00905408978723,0.984597443274,-0.86766989355,-0.86766989355,-0.256299245114,-0.384515128757,0.0119034321473,0.0280390009433,0.011882445736,0.030183998431,-0.0622639393766,4,0
1490,2.98,2,0.445237278938,0,0.575428009033,0,0,0.445400290254,0.477962665334,0.445237278344,0.490466540609,0.000136778896394,-0.00982262842579,0.60260722049,-0.00516059241141,0.57542798984,1.77283735893e-05,0.00162214603682,0.44520006017,0.481752678842,1.45120016282e-06,-0.000362800040707,0.445217788543,0.44635844123,0.480163887697,0.483374824879,0.450230143278,0.47816390921,0.00501235473485,-0.00521091566838,0.792307526447,0.57542798984,0.57542798984,0.44537405724,0.480643912183,0.000136778896394,-0.00982262842579,0.000163011910425,-0.0125038752744,0.0220186382387,4,0
1500,3,1,-0.276589304209,0,-0.242096841335,0,0,-0.264102011597,-0.393052481617,-0.276589317449,-0.419107389685,0.0124873058515,0.0260549080673,-1.84420148859,1.55845387247,-0.242096839983,-3.53438882957e-05,-0.00321343801825,-0.276517687903,-0.402705333449,-1.13712793792e-07,2.84281984455e-05,-0.276553031791,-0.26488820342,-0.393181195808,-0.405918771467,-0.27908059638,-0.393676589317,-0.00252756458946,0.0122421821504,1.75345816047,-0.242096839983,-0.242096839983,-0.264102011597,-0.393052481617,0.0124873058515,0.0260549080673,0.0124873058515,0.0260549080673,-0.0436507761335,4,0
1500,3,2,0.455189913511,0,0.405720174313,0,0,0.455127515367,0.491315603067,0.4551898997,0.495976371942,-6.23843325366e-05,-0.00466076887411,0.446830167905,-0.0443694017268,0.405720167889,-2.19583474789e-06,-0.000245266792278,0.455198551728,0.498782577568,1.42140989701e-07,-3.55352474183e-05,0.455196355894,0.456110255147,0.491476495803,0.498537310775,0.458871761353,0.491471613317,0.00367540545985,-0.00706569745858,-0.131810303312,0.405720167889,0.405720167889,0.455127515367,0.491315603067,-6.23843325366e-05,-0.00466076887411,-6.23843325366e-05,-0.00466076887411,-0.00325940171104,4,0
1510,3.02,1,-0.284992724657,0,-0.749667227268,0,0,-0.272024331032,-0.4009742828,-0.284992727362,-0.426291080865,0.0129683963296,0.0253167980651,-2.3889914075,1.58636363468,-0.749667254589,-4.22914396936e-05,-0.00390587924294,-0.284901334303,-0.404278057434,-7.31441395674e-07,0.000182860348921,-0.284943625743,-0.272827384346,-0.402075237879,-0.408183936677,-0.29145751694,-0.401783998879,-0.0065138911965,0.00639993779829,1.38319440884,-0.749667254589,-0.749667254589,-0.272024331032,-0.4009742828,0.0129683963296,0.0253167980651,0.0129683963296,0.0253167980651,-0.0529605182311,4,0
1510,3.02,2,0.465141624212,0,0.604044735432,0,0,0.46503041468,0.501217854335,0.465141625963,0.506315274432,-0.000111211282362,-0.00509742009702,0.630541981722,-0.0170893807326,0.604044737255,7.27052954777e-06,0.000696742289976,0.465123477146,0.501530996312,9.14301721611e-07,-0.000228575430401,0.465130747675,0.466034231324,0.50259404815,0.502227738602,0.470197561589,0.501433152123,0.00506681391375,-0.000794586479073,0.461984750144,0.604044737255,0.604044737255,0.46503041468,0.501217854335,-0.000111211282362,-0.00509742009702,-0.000111211282362,-0.00509742009702,0.00940786373459,4,0
1520,3.04,1,-0.293667763472,0,-0.489678025246,0,0,-0.280138475719,-0.409199843274,-0.293667749896,-0.437229372642,0.0135292741762,0.0280295293682,-2.21424305541,1.66894896243,-0.489678011969,-4.47653738259e-05,-0.00409748893158,-0.293574419203,-0.415355134259,-2.25749609672e-07,5.64374024243e-05,-0.293619184577,-0.280957244929,-0.409553916772,-0.419452623191,-0.298095857829,-0.409948067529,-0.00447667325231,0.00950455566176,1.7899365919,-0.489678011969,-0.489678011969,-0.280138475719,-0.409199843274,0.0135292741762,0.0280295293682,0.0135292741762,0.0280295293682,-0.0556160810099,4,0
1520,3.04,2,0.475468754768,0,0.515189886093,0,0,0.475173095552,0.511499804613,0.475468740988,0.520798841362,-0.00029564543537,-0.00929903674844,0.590884856436,-0.0630415823146,0.51518988221,1.03317705544e-05,0.000930468079365,0.475448516037,0.516319598874,2.82186999156e-07,-7.05467497911e-05,0.475458847808,0.476196557065,0.511942396465,0.517250066953,0.479983339971,0.511700231464,0.00452449216378,-0.00554983548879,-0.144865785543,0.51518988221,0.51518988221,0.475173095552,0.511499804613,-0.00029564543537,-0.00929903674844,-0.00029564543537,-0.00929903674844,0.0126533919122,4,0
1530,3.06,1,-0.302393764257,0,-0.586724579334,0,0,-0.288342340189,-0.411295589922,-0.302393765677,-0.436777140921,0.0140514254879,0.0254815509997,-2.35886629509,1.72084208009,-0.58672457491,-4.09565256562e-05,-0.00378349169988,-0.302305638,-0.415578410166,-2.60073831915e-07,6.50184579742e-05,-0.302346594526,-0.28916531584,-0.41168288075,-0.419361901866,-0.307538735239,-0.412095439715,-0.00519214071384,0.00726646215032,1.83082418422,-0.58672457491,-0.58672457491,-0.288342340189,-0.411295589922,0.0140514254879,0.0254815509997,0.0140514254879,0.0254815509997,-0.051299640093,4,0
1530,3.06,2,0.485860615969,0,0.570181310177,0,0,0.485427926149,0.514119487798,0.485860623385,0.520590526113,-0.000432697236457,-0.00647103831466,0.644938329407,-0.0678132444737,0.570181315524,5.28455769911e-06,0.000515232758326,0.485847222005,0.516976974008,3.25092272435e-07,-8.12730681057e-05,0.485852506562,0.486456645713,0.514603601309,0.517492206766,0.490735333234,0.51434062976,0.00488282667129,-0.00315157700605,-0.118788201475,0.570181315524,0.570181315524,0.485427926149,0.514119487798,-0.000432697236457,-0.00647103831466,-0.000432697236457,-0.00647103831466,0.00694376940859,4,0
1540,3.08,1,-0.311206907034,0,-0.508497178555,0,0,-0.296603363338,-0.414281620041,-0.311206911782,-0.442952557147,0.014603548444,0.0286709371059,-2.3604595474,1.79254485032,-0.508497181172,-4.77163111708e-05,-0.004378863925,-0.311106387838,-0.419193946715,-4.06187920521e-08,1.01546980132e-05,-0.311154104149,-0.297432003883,-0.41435073652,-0.42357281064,-0.315745480758,-0.415079208267,-0.00459137660864,0.00849360237292,2.05148679313,-0.508497181172,-0.508497181172,-0.296603363338,-0.414281620041,0.014603548444,0.0286709371059,0.014603548444,0.0286709371059,-0.0594175159086,4,0
1540,3.08,2,0.496384352446,0,0.534895300865,0,0,0.49575420509,0.517852025118,0.496384344124,0.529351356367,-0.000630139034424,-0.0114993312496,0.655409210696,-0.102787611297,0.534895301661,1.42688108097e-05,0.00130596574846,0.496354511849,0.522353767948,5.07734681521e-08,-1.26933670342e-05,0.49636878066,0.496790005771,0.517938420683,0.523659733696,0.501059019617,0.518073059056,0.00469023895718,-0.00558667464011,-0.479531729063,0.534895301661,0.534895301661,0.49575420509,0.517852025118,-0.000630139034424,-0.0114993312496,-0.000630139034424,-0.0114993312496,0.0177262977381,4,0
1550,3.1,1,-0.32006752491,0,-0.535814344883,0,0,-0.30488632818,-0.413805880856,-0.320067523741,-0.443166734066,0.0151811955607,0.02936085321,-2.45930942412,1.86507577192,-0.535814348827,-4.68040957176e-05,-0.0043066261327,-0.319967978776,-0.41943149652,5.28844751324e-09,-1.32211188042e-06,-0.320014782871,-0.305713936507,-0.413800196846,-0.423738122652,-0.324859070953,-0.414638078471,-0.00484428808111,0.00910004418127,2.1637834575,-0.535814348827,-0.535814348827,-0.30488632818,-0.413805880856,0.0151811955607,0.02936085321,0.0151811955607,0.02936085321,-0.0584193033757,4,0
1550,3.1,2,0.506970286369,0,0.54333627224,0,0,0.506107911141,0.517257350933,0.506970267967,0.529347065943,-0.000862356826171,-0.0120897150099,0.692932882254,-0.133155743002,0.543336295602,1.30860314869e-05,0.00121303792639,0.506941641762,0.522351861948,-6.61056209772e-09,1.65264052665e-06,0.506954727794,0.507142421549,0.517250245918,0.523564899874,0.511735574547,0.517491836908,0.00478084675362,-0.00607306296649,-0.641669891046,0.543336295602,0.543336295602,0.506107911141,0.517257350933,-0.000862356826171,-0.0120897150099,-0.000862356826171,-0.0120897150099,0.0164408436508,4,0
1560,3.12,1,-0.328944176435,0,-0.38052496314,0,0,-0.313151717021,-0.411917171718,-0.328944175952,-0.442890063545,0.0157924589308,0.0309728918264,-2.38609001916,1.94463511623,-0.380524962717,-4.8956924433e-05,-0.00449001192448,-0.328841320943,-0.418628722718,3.32535990466e-07,-8.3133997615e-05,-0.328890277868,-0.313975071022,-0.411427598836,-0.423118734642,-0.332494469844,-0.412723119752,-0.00360419197638,0.0103956148897,2.45703588873,-0.380524962717,-0.380524962717,-0.313151717021,-0.411917171718,0.0157924589308,0.0309728918264,0.0157924589308,0.0309728918264,-0.0609299402122,4,0
1560,3.12,2,0.517567873001,0,0.487027317286,0,0,0.516439647187,0.514896464291,0.517567847698,0.52822609468,-0.00112820051013,-0.013329630389,0.675607976844,-0.168758472504,0.487027327659,1.59852859202e-05,0.00146002462568,0.517534763138,0.520521704491,-4.15670011744e-07,0.000103917502931,0.517550748424,0.517468839689,0.514284498154,0.521981729117,0.521895057657,0.515123773061,0.00434430923282,-0.00685795605593,-1.05681030822,0.487027327659,0.487027327659,0.516439647187,0.514896464291,-0.00112820051013,-0.013329630389,-0.00112820051013,-0.013329630389,0.0198221766807,4,0
1570,3.14,1,-0.337718009949,0,-0.411107420921,0,0,-0.32133039445,-0.405694474504,-0.337717998894,-0.435398332967,0.0163876044443,0.0297038584625,-2.48044410724,2.01017879073,-0.411107427449,-4.73910531686e-05,-0.00436113145004,-0.337617167591,-0.411349160555,3.61342735844e-07,-9.03356839669e-05,-0.337664558644,-0.322141217902,-0.405140718859,-0.415710292005,-0.34147281013,-0.406533741824,-0.00380825148626,0.00917655018041,2.55682598186,-0.411107427449,-0.411107427449,-0.32133039445,-0.405694474504,0.0163876044443,0.0297038584625,0.0163876044443,0.0297038584625,-0.0591578890568,4,0
1570,3.14,2,0.528015017509,0,0.505164027214,0,0,0.526662993964,0.507118092456,0.528015045743,0.517951098143,-0.00135205177939,-0.0108330056866,0.706292798391,-0.183567772678,0.505164052819,1.39778068363e-05,0.00129568072579,0.52798447859,0.510484867877,-4.51678432656e-07,0.00011291960815,0.527998456397,0.527676523277,0.50642589788,0.511780548603,0.53239247882,0.507356820992,0.00439402242396,-0.00442372761111,-1.1370437584,0.505164052819,0.505164052819,0.526662993964,0.507118092456,-0.00135205177939,-0.0108330056866,-0.00135205177939,-0.0108330056866,0.017560972894,4,0
1580,3.16,1,-0.346453785896,0,-0.343897610903,0,0,-0.329409956447,-0.402166123535,-0.346453777145,-0.437715192167,0.017043820698,0.0355490686317,-2.51599092787,2.10045762244,-0.343897610083,-5.76761577809e-05,-0.00527752738622,-0.346333225932,-0.409437425219,5.28281089096e-07,-0.000132070272271,-0.34639090209,-0.330213538246,-0.401394688807,-0.414714952606,-0.349744280739,-0.403013387047,-0.00335337864895,0.0117015655581,2.75934765774,-0.343897610083,-0.343897610083,-0.329409956447,-0.402166123535,0.017043820698,0.0355490686317,0.017043820698,0.0355490686317,-0.0716356953551,4,0
1580,3.16,2,0.538408756256,0,0.457136899233,0,0,0.536762446445,0.502707653623,0.538408781341,0.520426048592,-0.00164633489612,-0.0177183949694,0.721144540163,-0.229842639974,0.457136887365,2.76692969035e-05,0.00251505283919,0.538352004324,0.507347676561,-6.60351378468e-07,0.000165087844612,0.538379673621,0.537766923693,0.501743360188,0.5098627294,0.542477354125,0.502945774776,0.00409768050403,-0.00691695462364,-1.51353795157,0.457136887365,0.457136887365,0.536762446445,0.502707653623,-0.00164633489612,-0.0177183949694,-0.00164633489612,-0.0177183949694,0.0341650128244,4,0
1590,3.18,1,-0.35504513979,0,-0.127878174186,0,0,-0.33734753791,-0.390375235779,-0.355045139877,-0.420963622807,0.0176976019664,0.0305883870274,-2.36195445384,2.17616093368,-0.127878180467,-4.65060666478e-05,-0.00426820550814,-0.35494730125,-0.397828751258,9.34053141444e-07,-0.000233513285362,-0.354993807317,-0.338126879736,-0.388970372989,-0.402096956766,-0.356514587733,-0.391173862855,-0.00152078041685,0.010923093911,3.09622892838,-0.127878180467,-0.127878180467,-0.33734753791,-0.390375235779,0.0176976019664,0.0305883870274,0.0176976019664,0.0305883870274,-0.0579153396949,4,0
1590,3.18,2,0.548584520817,0,0.406659722328,0,0,0.546684423255,0.487969043611,0.54858453439,0.497116933748,-0.00190011113447,-0.00914789013737,0.669150276648,-0.246450656268,0.406659734938,1.2904754191e-05,0.00118180006986,0.548557713453,0.490808695958,-1.16756644741e-06,0.000291891611843,0.548570618207,0.547658600535,0.486212965091,0.491990496028,0.55211757729,0.488195425029,0.00354695908278,-0.00379507099927,-1.83238791656,0.406659734938,0.406659734938,0.546684423255,0.487969043611,-0.00190011113447,-0.00914789013737,-0.00190011113447,-0.00914789013737,0.0160398854419,4,0
1600,3.2,1,-0.363344579935,0,-0.700195908546,0,0,-0.3450375892,-0.38094803965,-0.36334459243,-0.415804542991,0.0183070032294,0.0348565033404,-3.00772693278,2.23366041014,-0.700195906884,-5.88318064386e-05,-0.0054499029695,-0.363216119025,-0.384533539552,1.23604536106e-07,-3.09011340295e-05,-0.363274950832,-0.345799391995,-0.380808693841,-0.389983442521,-0.369444019567,-0.381964974249,-0.00616906873537,0.00801846827205,2.64403553144,-0.700195906884,-0.700195906884,-0.3450375892,-0.38094803965,0.0183070032294,0.0348565033404,0.0183070032294,0.0348565033404,-0.0738706157612,4,0
1600,3.2,2,0.558383226395,0,0.579435884953,0,0,0.556296987343,0.476185048261,0.558383217053,0.491665436947,-0.00208622971038,-0.0154803886866,0.867994058946,-0.251193964754,0.579435895563,2.93865888765e-05,0.00276104415251,0.558315513594,0.474512888906,-1.54505672589e-07,3.86264181548e-05,0.558344900183,0.557249240833,0.476010865996,0.477273933058,0.563206906458,0.476472961557,0.00486200627557,-0.000800971501085,-1.26351710157,0.579435895563,0.579435895563,0.556296987343,0.476185048261,-0.00208622971038,-0.0154803886866,-0.00208622971038,-0.0154803886866,0.0373641986284,4,0
1610,3.22,1,-0.371622741222,0,0.0919987112284,0,0,-0.35257521262,-0.369493514733,-0.371622748252,-0.404705920997,0.019047535632,0.0352124062644,-2.32583679015,2.35137480499,0.0919987080666,-5.36393850137e-05,-0.00489471848216,-0.371512402124,-0.379093863897,1.35343117846e-06,-0.000338357794621,-0.371566041509,-0.353312196449,-0.367476841238,-0.383988582379,-0.371370715679,-0.370276660694,0.000195325830349,0.0137119216849,3.55549073427,0.0919987080666,0.0919987080666,-0.35257521262,-0.369493514733,0.019047535632,0.0352124062644,0.019047535632,0.0352124062644,-0.0664606932279,4,0
1610,3.22,2,0.568153262138,0,0.304139763117,0,0,0.56571901659,0.461866891914,0.56815329008,0.475586365008,-0.00243427349024,-0.0137194730939,0.651770559762,-0.320278000663,0.304139749451,2.2346321667e-05,0.00201124494404,0.568109902933,0.465993663148,-1.69178899423e-06,0.000422947248556,0.568132249255,0.566640246373,0.459346050014,0.468004908093,0.570913479676,0.462083327876,0.0027812304211,-0.0059215802162,-2.50773092549,0.304139749451,0.304139749451,0.56571901659,0.461866891914,-0.00243427349024,-0.0137194730939,-0.00243427349024,-0.0137194730939,0.0273528096485,4,0
1620,3.24,1,-0.37938901782,0,-0.231500685215,0,0,-0.359758821992,-0.349628750685,-0.379389029821,-0.377891495777,0.0196302078287,0.0282627450927,-2.67699651579,2.38381035715,-0.231500688947,-4.92083246322e-05,-0.00454995591264,-0.379282446114,-0.35209288749,9.01620782368e-07,-0.000225405195595,-0.379331654438,-0.36045665224,-0.348238908538,-0.356642843402,-0.381515309031,-0.350535270978,-0.00218365459224,0.00610757242441,3.3272714309,-0.231500688947,-0.231500688947,-0.359758821992,-0.349628750685,0.0196302078287,0.0282627450927,0.0196302078287,0.0282627450927,-0.0616854696987,4,0
1620,3.24,2,0.577244579792,0,0.441189825535,0,0,0.574698528272,0.437035936574,0.577244608438,0.442087223967,-0.00254608016608,-0.00505128739289,0.748731560242,-0.286122939924,0.441189819336,1.67959213767e-05,0.00158334902532,0.577205568332,0.432105111973,-1.12702598876e-06,0.000281756497184,0.577222364254,0.575570816079,0.435298633874,0.433688460998,0.580748963704,0.437288038051,0.0035265994506,0.00359957705287,-1.99037417204,0.441189819336,0.441189819336,0.574698528272,0.437035936574,-0.00254608016608,-0.00505128739289,-0.00254608016608,-0.00505128739289,0.0214188009821,4,0
1630,3.26,1,-0.387001156807,0,-0.016188185662,0,0,-0.366667321765,-0.340933422892,-0.387001152692,-0.381336425507,0.0203338309263,0.0404030026151,-2.59885424521,2.49279614349,-0.0161881850561,-7.2668200683e-05,-0.0066171413145,-0.386851528126,-0.346710520805,1.24819376257e-06,-0.000312048440649,-0.386924196326,-0.36734740047,-0.339103206988,-0.35332766212,-0.38753928845,-0.34180308817,-0.000615092123362,0.0115245739495,3.65616677284,-0.0161881850561,-0.0161881850561,-0.366667321765,-0.340933422892,0.0203338309263,0.0404030026151,0.0203338309263,0.0404030026151,-0.0898699166724,4,0
1630,3.26,2,0.586184978485,0,0.304222196341,0,0,0.583334152952,0.426166776729,0.586184954729,0.448063331755,-0.00285080177748,-0.0218965550257,0.722384990404,-0.359813746233,0.304222210919,4.7552970772e-05,0.00429178378838,0.586089622867,0.426565192932,-1.56024221765e-06,0.000390060554415,0.586137175838,0.584184251329,0.423879006828,0.430856976721,0.588858195576,0.426396945172,0.00272101973885,-0.00446003154853,-2.69090681486,0.304222210919,0.304222210919,0.583334152952,0.426166776729,-0.00285080177748,-0.0218965550257,-0.00285080177748,-0.0218965550257,0.0583490332517,4,0
1640,3.28,1,-0.394239008427,0,0.304185032845,0,0,-0.373253096292,-0.315893203377,-0.394239000275,-0.343250971409,0.0209859039829,0.0273577680326,-2.30920836501,2.55655522309,0.304185032721,-4.5635201932e-05,-0.00418889213054,-0.394143096205,-0.320560113095,1.78771242171e-06,-0.000446928105423,-0.394188731407,-0.373882170601,-0.313196370419,-0.324749005225,-0.39199031798,-0.316673920947,0.00219841342775,0.00807508427815,4.05918002978,0.304185032721,0.304185032721,-0.373253096292,-0.315893203377,0.0209859039829,0.0273577680326,0.0209859039829,0.0273577680326,-0.0568381746447,4,0
1640,3.28,2,0.594626486301,0,0.241543337703,0,0,0.59156637107,0.394866502072,0.594626471408,0.398147260207,-0.00306010033771,-0.00328075813477,0.614611237249,-0.357948030182,0.241543343774,1.21544893817e-05,0.00111413473513,0.594601326026,0.39221134669,-2.23464054372e-06,0.000558660135939,0.594613480515,0.592352713953,0.39149546085,0.393325481425,0.596553474354,0.395074298042,0.00193999383907,0.00174881661708,-2.94750025313,0.241543343774,0.241543343774,0.59156637107,0.394866502072,-0.00306010033771,-0.00328075813477,-0.00306010033771,-0.00328075813477,0.0151198632925,4,0
1650,3.3,1,-0.400870263577,0,-0.746426522732,0,0,-0.379353937921,-0.298735904813,-0.400870275819,-0.332609176816,0.0215163378977,0.0338732720026,-3.41839015897,2.58471446822,-0.746426512508,-6.92606787106e-05,-0.00643963670883,-0.400716861004,-0.294866751454,2.25906853779e-07,-5.64767134497e-05,-0.400786121683,-0.379951238682,-0.298480950359,-0.301306388163,-0.407065336027,-0.299890546401,-0.0062792143443,0.00141584176151,3.09274891185,-0.746426512508,-0.746426512508,-0.379353937921,-0.298735904813,0.0215163378977,0.0338732720026,0.0215163378977,0.0338732720026,-0.0872491782403,4,0
1650,3.3,2,0.602337658405,0,0.552941381931,0,0,0.599192423061,0.373419878718,0.602337629927,0.389151061548,-0.00314520686589,-0.0157311828295,0.94899143537,-0.340757211727,0.552941385278,4.33781232866e-05,0.00408719905097,0.602236617466,0.363382381332,-2.82383569195e-07,7.05958923093e-05,0.60227999559,0.599939049008,0.373101185648,0.367469580383,0.606627004111,0.373729652928,0.00434700852127,0.00626007254515,-1.74029422775,0.552941385278,0.552941385278,0.599192423061,0.373419878718,-0.00314520686589,-0.0157311828295,-0.00314520686589,-0.0157311828295,0.0552928383649,4,0
1660,3.32,1,-0.407434642315,0,0.572771668434,0,0,-0.385187247832,-0.279199572241,-0.40743462895,-0.31182442997,0.0222473811177,0.0326248577288,-2.21638456852,2.71793967951,0.572771647146,-5.76582520861e-05,-0.00524281232094,-0.407317794778,-0.285027771081,2.19898056375e-06,-0.000549745140941,-0.40737545303,-0.385742380446,-0.275917071287,-0.290270583402,-0.403032666472,-0.279943131351,0.00434278655745,0.0103274520503,4.49620283895,0.572771647146,0.572771647146,-0.385187247832,-0.279199572241,0.0222473811177,0.0326248577288,0.0222473811177,0.0326248577288,-0.0712165361517,4,0
1660,3.32,2,0.610005438328,0,0.0898186638951,0,0,0.606484060404,0.348999462849,0.61000544879,0.361510195041,-0.00352138838633,-0.0125107321923,0.561883875746,-0.438193708218,0.0898186672078,2.78353306837e-05,0.00248860105844,0.609953025674,0.350226388999,-2.7487257207e-06,0.000687181430172,0.609980861005,0.607177976165,0.344896336632,0.352714990057,0.610876537703,0.349182482736,0.000895676698429,-0.00353250732074,-3.6741971525,0.0898186672078,0.0898186672078,0.606484060404,0.348999462849,-0.00352138838633,-0.0125107321923,-0.00352138838633,-0.0125107321923,0.0338715003197,4,0
1670,3.34,1,-0.413138836622,0,-0.00911403540522,0,0,-0.39044510588,-0.248266350606,-0.413138844469,-0.268857509191,0.0226937385891,0.0205911585845,-2.77915016549,2.70612649065,-0.0091140351835,-5.0825127306e-05,-0.00471590177734,-0.413027324012,-0.241582708722,1.32508799844e-06,-0.000331271999614,-0.41307814914,-0.390939534482,-0.246220485039,-0.2462986105,-0.41303289535,-0.249207508501,4.52537901873e-05,-0.0029088980012,3.96158210879,-0.0091140351835,-0.0091140351835,-0.39044510588,-0.248266350606,0.0226937385891,0.0205911585845,0.0226937385891,0.0205911585845,-0.0639096396602,4,0
1670,3.34,2,0.61657679081,0,0.322313845158,0,0,0.613056382912,0.3103329356,0.616576771147,0.309854518067,-0.00352038823542,0.000478417533004,0.712591784852,-0.365388726266,0.322313852116,1.93648212097e-05,0.00184172268466,0.616530347184,0.297729059917,-1.65636000571e-06,0.000414090001438,0.616549712006,0.613674418659,0.307775603629,0.299570782602,0.618777305574,0.310571307378,0.00222759356864,0.0110005247759,-2.65288973055,0.322313852116,0.322313852116,0.613056382912,0.3103329356,-0.00352038823542,0.000478417533004,-0.00352038823542,0.000478417533004,0.0248892064701,4,0
1680,3.36,1,-0.418592631817,0,0.265538573265,0,0,-0.395287502398,-0.235530582201,-0.418592635932,-0.2742174749,0.0233051335341,0.0386868926992,-2.59779948411,2.8165364529,0.265538572768,-8.54764617685e-05,-0.00777241060316,-0.418417506828,-0.233893920768,1.80639482444e-06,-0.00045159870611,-0.41850298329,-0.395755969393,-0.232878701483,-0.241666331371,-0.416020024655,-0.236394437295,0.00248295863449,0.00527189407615,4.31390298471,0.265538572768,0.324314506519,-0.395287502398,-0.235530582201,0.0233051335341,0.0386868926992,0.0233051335341,0.0386868926992,-0.105577537733,4,0
1680,3.36,2,0.622927308083,0,0.108890227973,0,0,0.619109378505,0.29441322502,0.622927335218,0.319646758753,-0.00381795671259,-0.0252335337326,0.648519072884,-0.460648535415,0.108890228338,6.43696164916e-05,0.00580925702968,0.622798479722,0.290650375076,-2.25799354048e-06,0.000564498385118,0.622862849338,0.619694962244,0.291098374108,0.296459632106,0.623847309295,0.294610638803,0.000984459957093,-0.00184899330266,-3.60940770857,0.108890228338,0.108890228338,0.619109378505,0.29441322502,-0.00381795671259,-0.0252335337326,-0.00381795671259,-0.0252335337326,0.0789803091309,4,0
1690,3.38,1,-0.423511713743,0,0.704619109631,0,0,-0.399668240109,-0.200485154056,-0.423511725602,-0.219434066983,0.0238434854924,0.0189489129272,-2.21048215748,2.85922842128,0.70461913746,-4.48567988939e-05,-0.00411779121869,-0.423417574248,-0.197152464598,2.40976194266e-06,-0.000602440485668,-0.423462431046,-0.400065546238,-0.196845743162,-0.201270255816,-0.417592199489,-0.201231985697,0.00587023155718,3.82701196025e-05,4.7869613923,0.70461913746,0.70461913746,-0.399668240109,-0.200485154056,0.0238434854924,0.0189489129272,0.0238434854924,0.0189489129272,-0.055872873665,4,0
1690,3.38,2,0.628576815128,0,0.0379637591541,0,0,0.624585300588,0.250606439664,0.628576810131,0.248996442764,-0.00399150954273,0.00160999690044,0.499012440098,-0.446658114233,0.0379637584869,1.15623770284e-05,0.00106046542382,0.628553035757,0.243374455987,-3.01220243892e-06,0.000753050609728,0.628564598134,0.625081933244,0.246057176031,0.24443492141,0.628616817034,0.250774419516,5.221889965e-05,0.00633949810577,-3.7894278883,0.0379637584869,0.0379637584869,0.624585300588,0.250606439664,-0.00399150954273,0.00160999690044,-0.00399150954273,0.00160999690044,0.014390567378,4,0
1700,3.4,1,-0.427577644587,0,-0.695804595947,0,0,-0.403389468406,-0.177820592561,-0.427577648865,-0.204040506644,0.024188180459,0.0262199140824,-3.63983737493,2.84750388398,-0.695804568614,-7.6513326895e-05,-0.00712591693921,-0.427407171718,-0.161934253075,2.98941470966e-07,-7.47353677421e-05,-0.427483685045,-0.403744882939,-0.177483060468,-0.169060170014,-0.432865864545,-0.179048775734,-0.00538217950013,-0.00998860571962,3.423446028,-0.695804568614,-0.695804568614,-0.403389468406,-0.177820592561,0.024188180459,0.0262199140824,0.024188180459,0.0262199140824,-0.0965289223434,4,0
1700,3.4,2,0.633218884468,0,0.450041294098,0,0,0.629236835899,0.222275737704,0.633218913002,0.236511347815,-0.00398207710244,-0.0142356101111,0.925716697354,-0.408117331403,0.450041306976,5.29783241674e-05,0.00499409835796,0.633095455185,0.205026763006,-3.73676839915e-07,9.3419209991e-05,0.633148433509,0.62968110406,0.221853822586,0.210020861364,0.636375763914,0.222573193038,0.00322733040504,0.0125523316742,-2.08842870154,0.450041306976,0.450041306976,0.629236835899,0.222275737704,-0.00398207710244,-0.0142356101111,-0.00398207710244,-0.0142356101111,0.0675580589756,4,0
1710,3.42,1,-0.431580811739,0,0.997391521931,0,0,-0.40676272161,-0.152733511151,-0.431580819748,-0.180022851978,0.024818098138,0.0272893408269,-2.07393654499,2.99443849182,0.997391538035,-6.25365397132e-05,-0.0056570274569,-0.431456151839,-0.151820979607,2.75963772994e-06,-0.000689909432479,-0.431518688379,-0.40706408197,-0.148610452063,-0.157478007064,-0.42337593717,-0.153425728466,0.00814275120872,0.00405227859779,5.15856896265,0.997391538035,0.997391538035,-0.40676272161,-0.152733511151,0.024818098138,0.0272893408269,0.024818098138,0.0272893408269,-0.0768895912015,4,0
1710,3.42,2,0.63782787323,0,-0.154147699475,0,0,0.633453402344,0.190916885853,0.637827891036,0.202919323359,-0.00437448869232,-0.012002437506,0.418002258932,-0.530669927607,-0.154147705422,3.43653814697e-05,0.00304428515131,0.637764868776,0.189706622694,-3.44954717091e-06,0.000862386792741,0.637799234158,0.633830102789,0.18576306198,0.192750907845,0.6365856496,0.191047396155,-0.00121358455808,-0.00170351169044,-4.51978025739,-0.154147705422,-0.154147705422,0.633453402344,0.190916885853,-0.00437448869232,-0.012002437506,-0.00437448869232,-0.012002437506,0.0414800367474,4,0
1720,3.44,1,-0.434497416019,0,0.227370277047,0,0,-0.409413638661,-0.114739431771,-0.434497405058,-0.125104417189,0.0250837663966,0.0103649854174,-2.77591513786,2.93877023241,0.227370282465,-5.12008470328e-05,-0.00476185549557,-0.434384110607,-0.0972114757296,1.57688145502e-06,-0.000394220363756,-0.434435311454,-0.409640609179,-0.11230259796,-0.101973331225,-0.431969478799,-0.115679258444,0.00246583265466,-0.0137059272187,4.38200723225,0.227370282465,0.227370282465,-0.409413638661,-0.114739431771,0.0250837663966,0.0103649854174,0.0250837663966,0.0103649854174,-0.0645151879196,4,0
1720,3.44,2,0.641045093536,0,0.153053894639,0,0,0.636767048595,0.143424286524,0.641045094058,0.137359018594,-0.00427804546215,0.00606526793075,0.603072372445,-0.424069708089,0.153053898849,2.00778285825e-05,0.00192146318255,0.640995943578,0.1243414175,-1.97110182198e-06,0.000492775455487,0.641016021406,0.637050761737,0.140378244254,0.126262880683,0.641568076868,0.143624329369,0.000552055461823,0.0173614486861,-3.08470740784,0.153053898849,0.153053898849,0.636767048595,0.143424286524,-0.00427804546215,0.00606526793075,-0.00427804546215,0.00606526793075,0.0259487655065,4,0
1730,3.46,1,-0.437076687813,0,0.370976865292,0,0,-0.411562567993,-0.0996132242964,-0.437076685552,-0.131372150028,0.0255141175594,0.0317589257315,-2.51537132133,3.03067571262,0.370976866195,-9.31337176936e-05,-0.00847183446127,-0.43688551469,-0.0872906023878,2.13056570025e-06,-0.000532641425058,-0.436978648408,-0.411758730336,-0.0964832471414,-0.0957624368491,-0.431530385413,-0.100445216689,0.0054482629948,-0.00468277983989,4.55773485158,0.370976866195,0.630377660177,-0.411562567993,-0.0996132242964,0.0255141175594,0.0317589257315,0.0255141175594,0.0317589257315,-0.115073268883,4,0
1730,3.46,2,0.643965244293,0,-0.100959457457,0,0,0.639453210196,0.124516527149,0.643965235598,0.14905187752,-0.00451202540203,-0.0245353503715,0.509722773139,-0.519630351298,-0.100959455266,7.40978651253e-05,0.00669848204404,0.643815952482,0.115259951731,-2.66320712949e-06,0.000665801782375,0.643890050347,0.639698413118,0.120604055699,0.121958433775,0.642936087667,0.124661647043,-0.000953962680055,0.00270321326817,-4.13545627496,-0.100959455266,-0.100959455266,0.639453210196,0.124516527149,-0.00451202540203,-0.0245353503715,-0.00451202540203,-0.0245353503715,0.0910518771065,4,0
1740,3.48,1,-0.439074248075,0,1.03502476215,0,0,-0.413170715856,-0.0591029504355,-0.439074251718,-0.0685920957239,0.025903535862,0.00948914528837,-2.08107108824,3.06089114748,1.03502479649,-4.43332902546e-05,-0.00406839528807,-0.438981537982,-0.0466890546396,2.71961114728e-06,-0.000679902786816,-0.439025871273,-0.413284780214,-0.0549924709332,-0.0507574499277,-0.430023676835,-0.059805157143,0.00900219443804,-0.00904770721528,5.20504077379,1.03502479649,1.03502479649,-0.413170715856,-0.0591029504355,0.025903535862,0.00948914528837,0.025903535862,0.00948914528837,-0.0552047372535,4,0
1740,3.48,2,0.646098732948,0,-0.176886022091,0,0,0.641463394959,0.0738786847581,0.646098732074,0.0672965755586,-0.00463533711429,0.0065821091995,0.338003449338,-0.501385781239,-0.176886024127,1.08674601594e-05,0.000994898163589,0.646076862446,0.062176904115,-3.39951393713e-06,0.000849878484293,0.646087729906,0.641605975401,0.0687405853756,0.0631718022786,0.644162873008,0.0739911630102,-0.00192485689821,0.0108193607316,-4.24410682463,-0.176886024127,-0.176886024127,0.641463394959,0.0738786847581,-0.00463533711429,0.0065821091995,-0.00463533711429,0.0065821091995,0.013503692226,4,0
1750,3.5,1,-0.440061926842,0,-0.539261162281,0,0,-0.414030221517,-0.033867467207,-0.440061935813,-0.0490859388369,0.0260317142962,0.0152184716299,-3.64589783878,3.00659471435,-0.539261138871,-7.92829775127e-05,-0.00738543639909,-0.439885086508,-0.00538142243033,3.33246278295e-07,-8.33115695793e-05,-0.439964369485,-0.41409770356,-0.0334910869503,-0.0127668588294,-0.443527809204,-0.0350965333606,-0.00356343971846,-0.0223296745312,3.61530822689,-0.539261138871,-0.539261138871,-0.414030221517,-0.033867467207,0.0260317142962,0.0152184716299,0.0260317142962,0.0152184716299,-0.100041985551,4,0
1750,3.5,2,0.647048592567,0,0.291722774506,0,0,0.642537776969,0.0423343307013,0.647048615784,0.0516052587987,-0.00451083881413,-0.0092709280974,0.801896020335,-0.438556733351,0.291722765027,5.61811175889e-05,0.00529387008538,0.646917809094,0.0182826894872,-4.16557848104e-07,0.000104139462027,0.646973990211,0.642622129517,0.0418638553802,0.0235765595725,0.648612892381,0.0425874605101,0.00163890216949,0.0190109009376,-2.22867604036,0.291722765027,0.291722765027,0.642537776969,0.0423343307013,-0.00451083881413,-0.0092709280974,-0.00451083881413,-0.0092709280974,0.0716165219574,4,0
1760,3.52,1,-0.440970182419,0,1.30227351189,0,0,-0.414506391144,-0.00647983135088,-0.44097017601,-0.0244428135391,0.0264637848656,0.0179629821883,-1.91941615326,3.14058259946,1.30227355152,-6.59909378153e-05,-0.00596703418967,-0.440839361889,0.00494576333664,2.96276589812e-06,-0.000740691474533,-0.440905352827,-0.414514936059,-0.00205038322271,-0.00102127085303,-0.429799083397,-0.00711702686143,0.0111062694297,-0.00609575600841,5.45026030189,1.30227355152,1.30227355152,-0.414506391144,-0.00647983135088,0.0264637848656,0.0179629821883,0.0264637848656,0.0179629821883,-0.0811071053215,4,0
1760,3.52,2,0.647962272167,0,-0.369732052088,0,0,0.643132988937,0.00809978586925,0.647962286737,0.0166479150955,-0.0048292977998,-0.00854812922625,0.23949020203,-0.562774790041,-0.369732059257,3.84403001763e-05,0.00340933900173,0.64789215213,0.00210292105989,-3.70345737299e-06,0.000925864343237,0.64793059243,0.643143670075,0.00256297570859,0.00551226006162,0.644738890337,0.00816669842758,-0.00319170209239,0.00265443836596,-4.81817199597,-0.369732059257,-0.369732059257,0.643132988937,0.00809978586925,-0.0048292977998,-0.00854812922625,-0.0048292977998,-0.00854812922625,0.0464474712462,4,0
1770,3.54,1,-0.440709412098,0,0.441589176655,0,0,-0.414206923672,0.0336527259344,-0.440709421531,0.0355253333219,0.0265024978596,-0.00187260738753,-2.67004281914,3.04700520078,0.441589173891,-5.12528984268e-05,-0.00477053123935,-0.440595699889,0.0635829158013,1.62437967371e-06,-0.000406094918429,-0.440646952788,-0.414137030601,0.0361648203374,0.0588123845619,-0.435881095126,0.0327496354572,0.00476585766179,-0.0260627491048,4.53043999212,0.441589173891,0.441589173891,-0.414206923672,0.0336527259344,0.0265024978596,-0.00187260738753,0.0265024978596,-0.00187260738753,-0.0646267922456,4,0
1770,3.54,2,0.647384405136,0,-0.0272795725614,0,0,0.642758654531,-0.0420659107269,0.647384386066,-0.0539526954787,-0.00462573153545,0.0118867847518,0.435066563288,-0.436975977407,-0.0272795719623,1.95701853178e-05,0.00187933759648,0.647335945556,-0.0668747218829,-2.0304745908e-06,0.000507618647705,0.647355515741,0.642671288185,-0.0452060287287,-0.0649953842864,0.646166874195,-0.0419239015743,-0.00118864154602,0.0230714827121,-3.15681505486,-0.0272795719623,-0.0272795719623,0.642758654531,-0.0420659107269,-0.00462573153545,0.0118867847518,-0.00462573153545,0.0118867847518,0.0253701578436,4,0
1780,3.56,1,-0.440065324306,0,0.564875364304,0,0,-0.41338397806,0.0492096740223,-0.440065333765,0.0301287614933,0.0266813557047,0.0190809125291,-2.36437551595,3.10466182418,0.564875342407,-9.45096204539e-05,-0.00859628718279,-0.439871388792,0.0748396848196,2.17870794683e-06,-0.000544676986707,-0.439965898412,-0.413282421645,0.0524122387381,0.0662433976368,-0.432081605937,0.0484306061941,0.00788429247484,-0.0178127914427,4.63527116734,0.564875342407,0.857051139768,-0.41338397806,0.0492096740223,0.0266813557047,0.0190809125291,0.0266813557047,0.0190809125291,-0.116764831539,4,0
1780,3.56,2,0.646481513977,0,-0.289024710655,0,0,0.64172997245,-0.0615120958238,0.646481486085,-0.042034690637,-0.0047515136353,-0.0194774051867,0.324635426822,-0.521540661093,-0.289024723499,7.49769549454e-05,0.00677690064304,0.646330510523,-0.0761932249167,-2.72338493157e-06,0.000680846232882,0.646405487478,0.641603026924,-0.0655153017154,-0.0694163242737,0.643664247148,-0.0614315010447,-0.00274124033037,0.00798482322898,-4.16815885411,-0.289024723499,-0.289024723499,0.64172997245,-0.0615120958238,-0.0047515136353,-0.0194774051867,-0.0047515136353,-0.0194774051867,0.0921194892286,4,0
1790,3.58,1,-0.438820868731,0,1.21754872799,0,0,-0.412011190071,0.0899364244175,-0.438820862516,0.0939421434476,0.026809672445,-0.00400571903011,-1.93959641448,3.10174482691,1.21754878005,-4.44818388115e-05,-0.00408291523579,-0.438727803415,0.115936658675,2.67711705781e-06,-0.000669279264454,-0.438772285254,-0.41182723488,0.0939854332023,0.111853743439,-0.427685611258,0.0892833235347,0.0110866739964,-0.0225704199041,5.22096489326,1.21754878005,1.21754878005,-0.412011190071,0.0899364244175,0.026809672445,-0.00400571903011,0.026809672445,-0.00400571903011,-0.0554003676184,4,0
1790,3.58,2,0.644786834717,0,-0.353197365999,0,0,0.640013987398,-0.112420533763,0.644786813542,-0.124164084643,-0.00477282614371,0.0117435508804,0.153028073718,-0.493632374317,-0.353197366853,1.01285157912e-05,0.000927879998313,0.644766489158,-0.128925065527,-3.34639631749e-06,0.000836599079371,0.644776617674,0.639784043403,-0.117481794737,-0.127997185528,0.641182250892,-0.112371856117,-0.00359436678257,0.0156253294111,-4.16077138816,-0.353197366853,-0.353197366853,0.640013987398,-0.112420533763,-0.00477282614371,0.0117435508804,-0.00477282614371,0.0117435508804,0.0125930662537,4,0
1800,3.6,1,-0.436560928822,0,-0.324285060167,0,0,-0.409897618553,0.114473408567,-0.436560940181,0.11324632176,0.0266633216275,0.0012270868071,-3.43730469079,3.01310941074,-0.324285058482,-7.92010581451e-05,-0.00737543909999,-0.436384487968,0.156812656867,3.24376865091e-07,-8.10942162677e-05,-0.436463689026,-0.409668425369,0.11483987448,0.149437217767,-0.437661038748,0.113316599393,-0.00119734972177,-0.0361206183738,3.61413178352,-0.324285058482,-0.324285058482,-0.409897618553,0.114473408567,0.0266633216275,0.0012270868071,0.0266633216275,0.0012270868071,-0.0999102215728,4,0
1800,3.6,2,0.641921520233,0,0.102500468493,0,0,0.637372022937,-0.143091763899,0.641921548811,-0.138838383353,-0.00454952587395,-0.00425338054558,0.594055630842,-0.421570278258,0.102500466179,5.49041000191e-05,0.00517322466681,0.641793744993,-0.171389960663,-4.05471080711e-07,0.000101367770171,0.641848649093,0.637085531451,-0.143549846288,-0.166216735996,0.641731710239,-0.142910110261,-0.000116938854146,0.0233066257353,-2.1327908141,0.102500466179,0.102500466179,0.637372022937,-0.143091763899,-0.00454952587395,-0.00425338054558,-0.00454952587395,-0.00425338054558,0.0699848864045,4,0
1810,3.62,1,-0.434206098318,0,1.40651106834,0,0,-0.407415013735,0.140613352701,-0.434206097456,0.138810110063,0.0267910837207,0.00180324263873,-1.77398170384,3.10171012037,1.40651103212,-6.41270922611e-05,-0.0057956928589,-0.434078689838,0.167534298168,2.78204849458e-06,-0.00069551212364,-0.43414281693,-0.407129636155,0.144775326086,0.161738605309,-0.421517189859,0.14002576203,0.012625627071,-0.0217128432793,5.28831438297,1.40651103212,1.40651103212,-0.407415013735,0.140613352701,0.0267910837207,0.00180324263873,0.0267910837207,0.00180324263873,-0.0787826155925,4,0
1810,3.62,2,0.639021515846,0,-0.521650075912,0,0,0.634268766851,-0.175766693999,0.639021516968,-0.173255317435,-0.00475275011733,-0.00251137656481,0.0498423521698,-0.5296889415,-0.521650063621,3.4718853897e-05,0.00306699661079,0.638958562404,-0.186284248087,-3.47756061014e-06,0.000869390152524,0.638993281258,0.63391204487,-0.180969160718,-0.183217251476,0.634335641398,-0.17576390756,-0.00465763986,0.00745334391595,-4.50776667031,-0.521650063621,-0.521650063621,0.634268766851,-0.175766693999,-0.00475275011733,-0.00251137656481,-0.00475275011733,-0.00251137656481,0.0418034742906,4,0
1820,3.64,1,-0.43073412776,0,0.566554188728,0,0,-0.404203959696,0.177684954347,-0.430734133566,0.194058395406,0.0265301738706,-0.0163734410585,-2.47596814112,2.97707821522,0.566554214955,-5.19461831131e-05,-0.00483032420719,-0.430619275124,0.22231391418,1.46142895185e-06,-0.000365357237959,-0.430671221307,-0.403846258137,0.17994685119,0.217483589973,-0.42425684566,0.176849417432,0.00641437564716,-0.0406341725408,4.34382702174,0.566554214955,0.566554214955,-0.404203959696,0.177684954347,0.0265301738706,-0.0163734410585,0.0265301738706,-0.0163734410585,-0.0654441408546,4,0
1820,3.64,2,0.634719610214,0,-0.196146696806,0,0,0.630254949241,-0.222106195933,0.634719636833,-0.237549526985,-0.00446468759271,0.0154433310519,0.230573702808,-0.402113283534,-0.196146701238,1.90077400038e-05,0.00182250049591,0.634672823083,-0.249991197707,-1.82678618388e-06,0.000456696545972,0.634691830823,0.629807822286,-0.224933566977,-0.248168697211,0.63196836275,-0.222034803703,-0.00272346807315,0.026133893508,-2.86821415391,-0.196146701238,-0.196146701238,0.630254949241,-0.222106195933,-0.00446468759271,0.0154433310519,-0.00446468759271,0.0154433310519,0.0246071205114,4,0
1830,3.66,1,-0.426921755075,0,0.787479102612,0,0,-0.400515757092,0.191657139346,-0.426921740578,0.189324087652,0.026405983486,0.00233305169402,-2.16465041346,2.99750569511,0.787479121503,-9.02995216595e-05,-0.00820877325649,-0.426736929993,0.231840111743,1.94458442343e-06,-0.000486146105863,-0.426827229515,-0.400129639211,0.194517378556,0.223631338487,-0.417595621244,0.19094547834,0.00923160827152,-0.0326858601466,4.49842455229,0.787479121503,0.944363691849,-0.400515757092,0.191657139346,0.026405983486,0.00233305169402,0.026405983486,0.00233305169402,-0.111508410197,4,0
1830,3.66,2,0.630141854286,0,-0.440995454788,0,0,0.625644695926,-0.239571427126,0.630141879853,-0.226476230734,-0.00449718392671,-0.0130951963919,0.117326106188,-0.474847890634,-0.440995462144,6.80525194348e-05,0.00613950957498,0.630005871514,-0.257042833144,-2.4307305212e-06,0.000607682630311,0.630073924033,0.62516204857,-0.243146726126,-0.250903323569,0.625926310582,-0.239559693182,-0.00414761345066,0.0113436303871,-3.75158603644,-0.440995462144,-0.440995462144,0.625644695926,-0.239571427126,-0.00449718392671,-0.0130951963919,-0.00449718392671,-0.0130951963919,0.0834736776984,4,0
1840,3.68,1,-0.422535777092,0,1.20024693012,0,0,-0.396339886853,0.227323951152,-0.422535790357,0.246781780537,0.0261959035042,-0.0194578293843,-1.80421118815,2.94782878696,1.20024697624,-4.5436722936e-05,-0.00417387411139,-0.422440249676,0.26943125697,2.28778505978e-06,-0.000571946264945,-0.422485686399,-0.395881744703,0.230786913824,0.265257382859,-0.410877829126,0.226718203558,0.0116078572729,-0.0385391793009,4.80087691525,1.20024697624,1.20024697624,-0.396339886853,0.227323951152,0.0261959035042,-0.0194578293843,0.0261959035042,-0.0194578293843,-0.0566293774395,4,0
1840,3.68,2,0.624836564064,0,-0.477709472179,0,0,0.62042485807,-0.284154941717,0.624836569754,-0.299198409264,-0.00441171168381,0.0150434675476,-0.0320062204419,-0.433610237534,-0.47770947503,9.68984671226e-06,0.000891473260571,0.624816595208,-0.30395861509,-2.85973131264e-06,0.000714932828156,0.624826285055,0.619852180377,-0.288483645038,-0.30306714183,0.620058001329,-0.284170227414,-0.0047682837259,0.0188969144157,-3.59371158538,-0.47770947503,-0.47770947503,0.62042485807,-0.284154941717,-0.00441171168381,0.0150434675476,-0.00441171168381,0.0150434675476,0.0120930170534,4,0
1850,3.7,1,-0.417293906212,0,-0.102267935872,0,0,-0.391527065079,0.247983510506,-0.417293914245,0.26127429417,0.0257668491653,-0.0132907836642,-3.04046150997,2.84217565084,-0.102267935602,-7.62171280325e-05,-0.00708688809135,-0.417125022054,0.302815446902,2.734823214e-07,-6.83705803496e-05,-0.417201239182,-0.391030890135,0.248292584033,0.295728558811,-0.416021569785,0.246962906143,0.00117966939781,-0.0487656526678,3.39321497949,-0.102267935602,-0.102267935602,-0.391527065079,0.247983510506,0.0257668491653,-0.0132907836642,0.0257668491653,-0.0132907836642,-0.0960179235329,4,0
1850,3.7,2,0.618549227715,0,-0.102545037866,0,0,0.614408830799,-0.30997939079,0.618549239855,-0.309593343584,-0.00414040905608,-0.0003860472058,0.328920942519,-0.368585662423,-0.102545037422,4.93777964283e-05,0.00464749290272,0.618434681394,-0.338715232586,-3.4185290021e-07,8.5463225066e-05,0.61848405919,0.613788612113,-0.310365732698,-0.334067739683,0.616621993711,-0.309887175668,-0.00186206547915,0.024180564015,-1.85374955666,-0.102545037422,-0.102545037422,0.614408830799,-0.30997939079,-0.00414040905608,-0.0003860472058,-0.00414040905608,-0.0003860472058,0.0628803175183,4,0
1860,3.72,1,-0.411962419748,0,1.28896212578,0,0,-0.3864073234,0.269489163318,-0.411962419357,0.285133254798,0.0255550959577,-0.0156440914796,-1.65542653927,2.87089879123,1.28896218478,-5.95454613911e-05,-0.00540961553104,-0.411842335708,0.312588407072,2.24089863315e-06,-0.000560224658285,-0.411901881169,-0.385864995845,0.272844451266,0.307178791541,-0.399567281304,0.268940831739,0.0123345998649,-0.0382379598023,4.68425753556,1.28896218478,1.28896218478,-0.3864073234,0.269489163318,0.0255550959577,-0.0156440914796,0.0255550959577,-0.0156440914796,-0.0734899328128,4,0
1860,3.72,2,0.612227380276,0,-0.605166256428,0,0,0.608009153647,-0.336861456669,0.612227382806,-0.340313719029,-0.00421822915811,0.00345226235917,-0.126709826513,-0.445699750128,-0.605166245771,2.70219009624e-05,0.00240545961599,0.612177633606,-0.350819010895,-2.80112327578e-06,0.000700280818948,0.612204655507,0.607331244199,-0.341055566581,-0.348413551279,0.606682569282,-0.336916731018,-0.00552208622562,0.0114968202606,-3.69046826084,-0.605166245771,-0.605166245771,0.608009153647,-0.336861456669,-0.00421822915811,0.00345226235917,-0.00421822915811,0.00345226235917,0.0327566691304,4,0
1870,3.74,1,-0.405725747347,0,0.586380183697,0,0,-0.380700695707,0.29869694247,-0.405725762098,0.326961477978,0.0250250663906,-0.0282645355081,-2.21739614838,2.73732877193,0.586380154735,-5.28654156793e-05,-0.00490290927668,-0.405609976746,0.355225612265,1.10914061402e-06,-0.000277285153502,-0.405662842162,-0.380101528222,0.30041559832,0.350322702988,-0.398594202401,0.297951379691,0.0070686397602,-0.0523713232978,3.84591818589,0.586380154735,0.586380154735,-0.380700695707,0.29869694247,0.0250250663906,-0.0282645355081,0.0250250663906,-0.0282645355081,-0.066447531178,4,0
1870,3.74,2,0.604773879051,0,-0.343458294868,0,0,0.600875868984,-0.373371180388,0.60477387996,-0.389418259172,-0.00389801097636,0.0160470787842,0.0156269297734,-0.335480612672,-0.343458304403,1.83483731941e-05,0.0017468713137,0.604729750669,-0.40095545056,-1.38642575787e-06,0.000346606439468,0.604748099042,0.600126909622,-0.375519500186,-0.399208579246,0.600809503437,-0.373373945619,-0.00393859560449,0.025834633627,-2.30423745981,-0.343458304403,-0.343458304403,0.600875868984,-0.373371180388,-0.00389801097636,0.0160470787842,-0.00389801097636,0.0160470787842,0.0236046215044,4,0
1880,3.76,1,-0.399251043797,0,0.879549562931,0,0,-0.374625066721,0.309274177034,-0.399251041079,0.323798286832,0.0246259743583,-0.0145241097981,-1.94028780324,2.72090688054,0.879549543717,-8.01795894246e-05,-0.00728205046167,-0.399087373149,0.361394515799,1.45852735373e-06,-0.000364631838431,-0.399167552738,-0.374004411456,0.311421528165,0.354112465337,-0.389943117357,0.308635924924,0.00922443538154,-0.0454765404135,4.03333911375,0.879549543717,0.879549543717,-0.374625066721,0.309274177034,0.0246259743583,-0.0145241097981,0.0246259743583,-0.0145241097981,-0.0989304664172,4,0
1880,3.76,2,0.597127139568,0,-0.53850120306,0,0,0.593281332706,-0.386592723501,0.597127149378,-0.381589170626,-0.00384581667239,-0.00500355287472,-0.0859103426706,-0.387460722588,-0.53850122865,5.33054055089e-05,0.00478784874984,0.597022030413,-0.404944502424,-1.82315917907e-06,0.000455789794759,0.597075335818,0.59250551362,-0.389276912395,-0.400156653674,0.592024843228,-0.386645077229,-0.00505049259062,0.0135115764449,-2.93907794168,-0.53850122865,-0.53850122865,0.593281332706,-0.386592723501,-0.00384581667239,-0.00500355287472,-0.00384581667239,-0.00500355287472,0.0651301633913,4,0
1890,3.78,1,-0.39233097434,0,1.0133472681,0,0,-0.368187125354,0.335260183047,-0.39233096288,0.365161592264,0.0241438375256,-0.0299014092174,-1.69038169262,2.64476271262,1.01334726115,-4.72946566108e-05,-0.00434631754953,-0.392231184608,0.388846451931,1.60205564309e-06,-0.000400513910778,-0.392278479265,-0.367514151537,0.337688450292,0.384500134381,-0.381758692368,0.334694701088,0.0105197868968,-0.0498054332931,4.02947704765,1.01334726115,1.01334726115,-0.368187125354,0.335260183047,0.0241438375256,-0.0299014092174,0.0241438375256,-0.0299014092174,-0.0589662411463,4,0
1890,3.78,2,0.588917136192,0,-0.548447191715,0,0,0.585233905956,-0.41907523076,0.588917156347,-0.434596495302,-0.00368325039103,0.0155212645422,-0.193771019824,-0.34181717121,-0.548447216228,1.02833472597e-05,0.000948185265766,0.588895534628,-0.439785870253,-2.0025695362e-06,0.000500642384039,0.588905817975,0.58439268868,-0.42211056479,-0.438837684988,0.583514973172,-0.419146852959,-0.0053908448031,0.0196908320287,-2.67383963865,-0.548447216228,-0.548447216228,0.585233905956,-0.41907523076,-0.00368325039103,0.0155212645422,-0.00368325039103,0.0155212645422,0.0128590251946,4,0
1900,3.8,1,-0.384835988283,0,0.124740302563,0,0,-0.361298585655,0.349365737459,-0.384835997452,0.373384764698,0.0235374117969,-0.024019027239,-2.50449136297,2.5422082436,0.124740302859,-6.92904279512e-05,-0.00642046671666,-0.38468448887,0.410269202878,1.87156366238e-07,-4.67890915655e-05,-0.384753779298,-0.360599711637,0.349577376119,0.403848736162,-0.381409237502,0.348527793633,0.00334454179587,-0.0553209425292,3.00933277778,0.124740302859,0.124740302859,-0.361298585655,0.349365737459,0.0235374117969,-0.024019027239,0.0235374117969,-0.024019027239,-0.0870234222249,4,0
1900,3.8,2,0.580029785633,0,-0.2993966043,0,0,0.576623231295,-0.436707173607,0.580029782265,-0.440542819593,-0.00340655097,0.00383564598614,0.0401463352686,-0.290361275882,-0.299396599502,3.87568253069e-05,0.00363338967032,0.579941173326,-0.462829080659,-2.33945455563e-07,5.84863638988e-05,0.579979930152,0.575749638769,-0.436971721929,-0.459195690989,0.576548067424,-0.436710305435,-0.00343186272727,0.0224853855541,-1.43238634309,-0.299396599502,-0.299396599502,0.576623231295,-0.436707173607,-0.00340655097,0.00383564598614,-0.00340655097,0.00383564598614,0.049181658888,4,0
1910,3.82,1,-0.37728959322,0,1.01884484291,0,0,-0.354205002913,0.363450901903,-0.377289585431,0.389404321181,0.0230845825182,-0.0259534192785,-1.5766648822,2.52617318294,1.01884483888,-5.60022453143e-05,-0.00510601790105,-0.377174907587,0.415944049283,1.40942579407e-06,-0.000352356448522,-0.377230909832,-0.353475987441,0.36556480506,0.410838031382,-0.366744302828,0.362928431073,0.0104866070035,-0.0479096003088,3.77501934807,1.01884483888,1.01884483888,-0.354205002913,0.363450901903,0.0230845825182,-0.0259534192785,0.0230845825182,-0.0259534192785,-0.0693365381378,4,0
1910,3.82,2,0.571116447449,0,-0.623388290405,0,0,0.567756252832,-0.454313628972,0.571116426169,-0.461864849426,-0.00336017333653,0.00755122045397,-0.268015020996,-0.329946600387,-0.623388262144,2.08710657632e-05,0.00186843394093,0.571077002346,-0.470391636749,-1.76178222178e-06,0.000440445555454,0.571097873412,0.56684498349,-0.456956007888,-0.468523202808,0.565315143688,-0.454415341853,-0.00578272972432,0.0141078609548,-2.52648190049,-0.623388262144,-0.623388262144,0.567756252832,-0.454313628972,-0.00336017333653,0.00755122045397,-0.00336017333653,0.00755122045397,0.0254266407611,4,0
1920,3.84,1,-0.36918348074,0,0.550000071526,0,0,-0.346742132261,0.381010801002,-0.36918349357,0.413734062117,0.0224413613082,-0.0327232611151,-1.92531099071,2.40969518596,0.550000070774,-5.23748583942e-05,-0.00483949132651,-0.369070348208,0.441045434448,6.13155903273e-07,-0.000153288975816,-0.369122723066,-0.34597912489,0.381963552829,0.436205943122,-0.362212732873,0.380366192643,0.00690999019306,-0.0558397504787,3.15706771523,0.550000070774,0.550000070774,-0.346742132261,0.381010801002,0.0224413613082,-0.0327232611151,0.0224413613082,-0.0327232611151,-0.0656158755269,4,0
1920,3.84,2,0.561481952667,0,-0.451631456614,0,0,0.55842766449,-0.476263502557,0.561481950721,-0.491374359737,-0.00305428623147,0.0151108571806,-0.182642487832,-0.248480024875,-0.451631445588,1.60901817525e-05,0.0015159955591,0.561444641655,-0.500877109481,-7.66444867017e-07,0.000191611216751,0.561460731837,0.557473905272,-0.477454442321,-0.499361113922,0.556737670002,-0.476333918994,-0.00472306183525,0.0230271949283,-1.53867335373,-0.451631445588,-0.451631445588,0.55842766449,-0.476263502557,-0.00305428623147,0.0151108571806,-0.00305428623147,0.0151108571806,0.0205089328816,4,0
1930,3.86,1,-0.360955029726,0,0.730848908424,0,0,-0.339066214103,0.386822735671,-0.360955034666,0.411464452433,0.0218888205632,-0.0246417167625,-1.71784242525,2.36623040816,0.730848925657,-6.66381687363e-05,-0.00607208720335,-0.360817752221,0.443284972133,7.83508588953e-07,-0.000195877147237,-0.36088439039,-0.338291431375,0.387978995432,0.43721288493,-0.352670774096,0.386255879004,0.00821361629404,-0.0509570059255,3.20752903565,0.730848925657,0.730848925657,-0.339066214103,0.386822735671,0.0218888205632,-0.0246417167625,0.0218888205632,-0.0246417167625,-0.0824609427383,4,0
1930,3.86,2,0.551739573479,0,-0.568249642849,0,0,0.548832766767,-0.483528420776,0.55173955707,-0.487032471189,-0.00290679030367,0.00350405041255,-0.259426625748,-0.266740833176,-0.568249618941,3.43842941218e-05,0.00309423513861,0.551671497952,-0.502229260788,-9.79385719746e-07,0.000244846429924,0.551705882246,0.547864288354,-0.484973745453,-0.499135025649,0.546324548098,-0.483632929887,-0.00538133414792,0.015502095762,-1.8255262318,-0.568249618941,-0.568249618941,0.548832766767,-0.483528420776,-0.00290679030367,0.00350405041255,-0.00290679030367,0.00350405041255,0.0420821600169,4,0
1940,3.88,1,-0.352495759726,0,0.737303674221,0,0,-0.33120027874,0.399761279975,-0.352495753783,0.432252348267,0.0212954750423,-0.0324910682912,-1.61041760066,2.28735644974,0.737303671799,-4.84137656091e-05,-0.00444943670578,-0.352393444314,0.456537330873,7.08769509028e-07,-0.000177192377251,-0.35244185808,-0.330399661387,0.400840253996,0.452087894167,-0.344094998557,0.399223999983,0.00834685952266,-0.0528638941841,3.06729115951,0.737303671799,0.737303671799,-0.33120027874,0.399761279975,0.0212954750423,-0.0324910682912,0.0212954750423,-0.0324910682912,-0.060364822717,4,0
1940,3.88,2,0.541690468788,0,-0.551074802876,0,0,0.539000347543,-0.499701600843,0.541690469135,-0.514429417266,-0.00269012159197,0.0147278164226,-0.311932404344,-0.226216112966,-0.551074814052,1.03331026103e-05,0.000953194163824,0.54166852563,-0.51969584098,-8.85961864983e-07,0.000221490466248,0.541678858733,0.537999575849,-0.501050318336,-0.518742646816,0.536297883478,-0.499814203512,-0.00538097525474,0.0189284433034,-1.49305429381,-0.551074814052,-0.551074814052,0.539000347543,-0.499701600843,-0.00269012159197,0.0147278164226,-0.00269012159197,0.0147278164226,0.0129262967418,4,0
1950,3.9,1,-0.343776226044,0,0.375097006559,0,0,-0.32312847619,0.405485363227,-0.343776232969,0.435122692776,0.0206477567788,-0.0296373295486,-1.89654805772,2.19858841033,0.375096995213,-5.84447326289e-05,-0.00538671675828,-0.34365106255,0.465099144141,7.65830878158e-08,-1.91457719476e-05,-0.343709507283,-0.322317446769,0.405572147856,0.459712427383,-0.338297902174,0.404853303811,0.00541160510894,-0.054859123572,2.56273576245,0.375096995213,0.375096995213,-0.32312847619,0.405485363227,0.0206477567788,-0.0296373295486,0.0206477567788,-0.0296373295486,-0.073056642598,4,0
1950,3.9,2,0.531326055527,0,-0.451566308737,0,0,0.52891059434,-0.506856704709,0.531326073295,-0.51630687052,-0.00241547895491,0.00945016581065,-0.235393451776,-0.18676453344,-0.451566319979,2.33591734878e-05,0.00217038448176,0.53127443579,-0.528966997462,-9.57288570635e-08,2.39322142764e-05,0.531297794963,0.527896807562,-0.506965185492,-0.52679661298,0.52670773719,-0.506948490424,-0.00459005777301,0.0198481225564,-0.870938687611,-0.451566319979,-0.451566319979,0.52891059434,-0.506856704709,-0.00241547895491,0.00945016581065,-0.00241547895491,0.00945016581065,0.0294083347633,4,0
1960,3.92,1,-0.335038751364,0,0.661642313004,0,0,-0.314980072117,0.410325214733,-0.335038743948,0.441219638233,0.0200586718311,-0.0308944234995,-1.54582303659,2.14378667261,0.66164230777,-5.12236137976e-05,-0.00469187261408,-0.334931837572,0.466331490479,3.95352686144e-07,-9.88381715418e-05,-0.334983061186,-0.31415881742,0.410923863212,0.461639617865,-0.32730986926,0.409811473185,0.0076731919264,-0.0518281446798,2.70920918099,0.66164230777,0.66164230777,-0.314980072117,0.410325214733,0.0200586718311,-0.0308944234995,0.0200586718311,-0.0308944234995,-0.0636786717559,4,0
1960,3.92,2,0.520953118801,0,-0.556137084961,0,0,0.518725089237,-0.512906518876,0.520953097803,-0.524513082902,-0.00222800856555,0.0116065640262,-0.356200715713,-0.183205889562,-0.556137109997,1.35831991583e-05,0.00123121033692,0.520926047528,-0.530645547066,-4.94190834144e-07,0.000123547708541,0.520939630727,0.517698520864,-0.513654829439,-0.529414336729,0.515622715133,-0.513035784463,-0.00531691559439,0.0163785522661,-1.08668594308,-0.556137109997,-0.556137109997,0.518725089237,-0.512906518876,-0.00222800856555,0.0116065640262,-0.00222800856555,0.0116065640262,0.0167305047219,4,0
1970,3.94,1,-0.326135933399,0,0.482412070036,0,0,-0.306727821888,0.413962234762,-0.326135922136,0.446478097353,0.019408100248,-0.0325158625912,-1.63574494814,2.05501060273,0.48241207211,-5.06086291768e-05,-0.00465489790946,-0.326028462695,0.47204499859,3.7732861613e-08,-9.43321540792e-06,-0.326079071324,-0.305899827193,0.414025647375,0.467390100681,-0.31981009736,0.41341713995,0.0062689739647,-0.0539729607307,2.38548146001,0.48241207211,0.48241207211,-0.306727821888,0.413962234762,0.019408100248,-0.0325158625912,0.019408100248,-0.0325158625912,-0.063146417515,4,0
1970,3.94,2,0.51036632061,0,-0.49408403039,0,0,0.508409776445,-0.517452793591,0.510366313964,-0.530674283163,-0.00195653751949,0.0132214895724,-0.338861365616,-0.13924306559,-0.494084017453,1.27350142367e-05,0.00117881201646,0.510338628748,-0.537381088103,-4.71660639434e-08,1.17915159812e-05,0.510351363762,0.507374783075,-0.517532059337,-0.536202276087,0.50545789331,-0.517575788721,-0.00489347045233,0.0186264873653,-0.615292320131,-0.494084017453,-0.494084017453,0.508409776445,-0.517452793591,-0.00195653751949,0.0132214895724,-0.00195653751949,0.0132214895724,0.0159795862476,4,0
1980,3.96,1,-0.317213386297,0,0.520695447922,0,0,-0.298446079627,0.414255895637,-0.31721338776,0.446568913758,0.018767308133,-0.0323130181207,-1.52463389064,1.98283843611,0.520695437528,-5.02349391075e-05,-0.00460475506929,-0.31710805642,0.471386045058,6.98119584364e-09,-1.74529895397e-06,-0.317158291359,-0.297617547573,0.414271263064,0.466781289989,-0.310609487587,0.413749086972,0.00654880377176,-0.0530322030166,2.28404206854,0.520695437528,0.520695437528,-0.298446079627,0.414255895637,0.018767308133,-0.0323130181207,0.018767308133,-0.0323130181207,-0.062490892063,4,0
1980,3.96,2,0.499769240618,0,-0.514806509018,0,0,0.498057598617,-0.51781986956,0.499769237041,-0.530266339418,-0.0017116384245,0.0124464698574,-0.380926568602,-0.118965614167,-0.51480652028,1.20807197045e-05,0.00109789282276,0.499744697351,-0.535904946458,-8.72647720751e-09,2.18161929677e-06,0.499756778071,0.497021933549,-0.517839078818,-0.534807053636,0.494764641339,-0.517957076113,-0.00499213673242,0.0168499775221,-0.507312868892,-0.51480652028,-0.51480652028,0.498057598617,-0.51781986956,-0.0017116384245,0.0124464698574,-0.0017116384245,0.0124464698574,0.0149143375106,4,0
1990,3.98,1,-0.308288037777,0,0.392683357,0,0,-0.290171233301,0.412470705755,-0.308288029853,0.444766830331,0.0181167965515,-0.0322961245759,-1.57351996997,1.90465706914,0.39268335067,-4.93630629341e-05,-0.0045364975362,-0.308183560179,0.469556348036,-2.76342320082e-07,6.90855800196e-05,-0.308232923242,-0.289346697591,0.412060598455,0.4650198505,-0.30274917758,0.411946624743,0.00548374566211,-0.0530732257568,2.01804570439,0.39268335067,0.39268335067,-0.290171233301,0.412470705755,0.0181167965515,-0.0322961245759,0.0181167965515,-0.0322961245759,-0.061546251497,4,0
1990,3.98,2,0.489175975323,0,-0.47615647316,0,0,0.487714040713,-0.515588381877,0.489175981991,-0.527528198776,-0.00146194127805,0.0119398168994,-0.371231687025,-0.0912776403214,-0.476156471213,1.0912365214e-05,0.00100631360632,0.489152603842,-0.533126579285,3.45427921933e-07,-8.63569804775e-05,0.489163516207,0.486683371075,-0.515075747719,-0.532120265679,0.484512275742,-0.51572178875,-0.00465124046548,0.0163984769288,-0.167105932375,-0.476156471213,-0.476156471213,0.487714040713,-0.515588381877,-0.00146194127805,0.0119398168994,-0.00146194127805,0.0119398168994,0.0136471438667,4,0
2000,4,1,-0.299437075853,0,0.595927238464,0,0,-0.281961922365,0.40907172567,-0.299437072194,0.442689050912,0.0174751498292,-0.0336173252424,-1.29459880982,1.83365943206,0.595927258424,-4.58454830633e-05,-0.00418874055165,-0.299342235882,0.464756395822,-4.39120274032e-08,1.09780068551e-05,-0.299388081365,-0.281143811671,0.409022412754,0.46056765527,-0.292258481175,0.408642702386,0.00712960019039,-0.0519249528844,2.08540874945,0.595927258424,0.595927258424,-0.281961922365,0.40907172567,0.0174751498292,-0.0336173252424,0.0174751498292,-0.0336173252424,-0.056866636181,4,0
2000,4,2,0.478682279587,0,-0.540955603123,0,0,0.47745240205,-0.511339656569,0.478682293206,-0.525006538186,-0.00122989115545,0.0136668816179,-0.461918078561,-0.0716648508127,-0.540955592693,6.19404429137e-06,0.000540060078445,0.478671818727,-0.52696140378,5.48900369046e-08,-1.37225092286e-05,0.478678012771,0.476429763685,-0.511278015421,-0.526421343701,0.473548423608,-0.511502322337,-0.00512958916263,0.0149190213645,-0.25444656818,-0.540955592693,-0.540955592693,0.47745240205,-0.511339656569,-0.00122989115545,0.0136668816179,-0.00122989115545,0.0136668816179,0.0073726633193,4,0
2010,4.02,1,-0.297507941723,0,2.35575819016,0,0,-0.273814375651,0.40403923003,-0.297507941427,-0.144305223816,0.0236935657762,0.548344453846,-1.5664684991,4.26026545464,2.35575808522,-0.000618240961054,-0.0566324425627,-0.296210405418,0.160961079132,-6.69940931008e-07,0.000167485232746,-0.296828646379,-0.273007280609,0.40304506503,0.104328636569,-0.280451623401,0.403762678041,0.0163770229777,0.299434041471,4.1504390581,2.35575808522,3.46241296468,-0.273814375651,0.40403923003,0.0236935657762,0.548344453846,0.0236935657762,0.548344453846,-0.768616009144,4,0
2010,4.02,2,0.492113798857,0,-2.32559752464,0,0,0.46726796867,-0.505049036803,0.492113796124,1.55632782412,-0.0248458274538,-2.06137686092,-0.379633992417,-8.64609442566,-2.32559748036,0.00210747320405,0.193683306793,0.487633495414,0.491134542796,8.37426186784e-07,-0.000209356546693,0.489740968618,0.46625909987,-0.503806330519,0.684817849589,0.442250486671,-0.506091431887,-0.0474904819467,-1.19090928148,-12.4360554254,-2.32559748036,-11.653404241,0.46726796867,-0.505049036803,-0.0248458274538,-2.06137686092,-0.0248458274538,-2.06137686092,2.6276758229,4,0
2020,4.04,1,-0.304222881794,0,4.35575819016,0,0,-0.265841878477,0.393282171413,-0.304222876241,-0.452398110693,0.0383809977639,0.845680282106,-1.38614761055,7.92402315131,4.35575808522,-0.00044776941025,-0.040812638765,-0.303306495776,-0.240812539062,-5.42578717566e-07,0.000135644679393,-0.303754265187,-0.265056168551,0.392448029297,-0.281625177827,-0.272762506417,0.392993811916,0.0309917587692,0.674618989743,6.63342928369,4.35575808522,7.09210600101,-0.265841878477,0.393282171413,0.0383809977639,0.845680282106,0.0383809977639,0.845680282106,-0.554230460256,4,0
2020,4.04,2,0.540386140347,0,-4.32559728622,0,0,0.457302347222,-0.491602713222,0.540386111108,3.02888989499,-0.0830837638868,-3.52049260821,-0.432470891155,-23.2714845605,-4.32559748036,0.00201196888837,0.184410453899,0.536171936976,2.03712633755,6.78223409267e-07,-0.000169555852311,0.538183905865,0.456320209815,-0.490560035557,2.22153679145,0.432885405596,-0.492620085789,-0.105298500268,-2.71415687724,-27.4721378814,-4.32559748036,-26.2066044184,0.457302347222,-0.491602713222,-0.0830837638868,-3.52049260821,-0.0830837638868,-3.52049260821,2.50264896671,4,0
2030,4.06,1,-0.31428539753,0,6.35575819016,0,0,-0.258027265631,0.388019512821,-0.314285400235,-0.509253553987,0.0562581346033,0.897273066809,-1.38597357065,10.7922052991,6.35575808522,-0.000231646409898,-0.0209915672696,-0.313823110411,-0.40477019118,-7.70450656495e-07,0.000192612664129,-0.314054756821,-0.257252325961,0.386891996964,-0.425761758449,-0.267184015832,0.387637981563,0.0468707409886,0.813399740012,8.92881383274,6.35575808522,9.69148761869,-0.258027265631,0.388019512821,0.0562581346033,0.897273066809,0.0562581346033,0.897273066809,-0.285255890261,4,0
2030,4.06,2,0.612103462219,0,-6.32559728622,0,0,0.447534081186,-0.485024389864,0.612103437123,3.96758756168,-0.164569355937,-4.45261195154,-0.434254511234,-38.2563667559,-6.32559748036,0.00175827348226,0.161147563809,0.608422521012,3.10158027812,9.63063337134e-07,-0.000240765834286,0.610180794494,0.446565406601,-0.483614995018,3.26272784193,0.425728466003,-0.485932957163,-0.184452328491,-3.74866079909,-40.9574554957,-6.32559748036,-40.8775834143,0.447534081186,-0.485024389864,-0.164569355937,-4.45261195154,-0.164569355937,-4.45261195154,2.18696214715,4,0
2040,4.08,1,-0.323008298874,0,8.35575771332,0,0,-0.250415568448,0.3717418717,-0.32300829332,-0.34549899532,0.0725927248722,0.717240867019,-1.58506776437,12.2632521887,8.35575808522,-3.90722344406e-05,-0.0033432088011,-0.322949069568,-0.335823596727,-1.22565220612e-06,0.000306413051528,-0.322988141802,-0.249673938339,0.369895815146,-0.339166805528,-0.263221027223,0.371208310917,0.059767114579,0.710375116445,10.9729336099,8.35575808522,10.7239293317,-0.250415568448,0.3717418717,0.0725927248722,0.717240867019,0.0725927248722,0.717240867019,-0.0457449073726,4,0
2040,4.08,2,0.697478950024,0,-8.32559776306,0,0,0.438019459733,-0.464677338158,0.697478939028,4.45317465446,-0.259459479296,-4.91785199262,-0.363497404713,-52.4242311005,-8.32559748036,0.0015426833241,0.141416071892,0.694246836399,3.69227137027,1.53206527731e-06,-0.000383016319327,0.695789519723,0.4370924221,-0.462369767436,3.83368744216,0.419030454538,-0.465468546708,-0.276759065185,-4.29915598887,-52.7957192897,-8.32559748036,-54.7068677665,0.438019459733,-0.464677338158,-0.259459479296,-4.91785199262,-0.259459479296,-4.91785199262,1.91913926137,4,0
2050,4.1,1,-0.326306730509,0,10.3557577133,0,0,-0.243132318693,0.359660188232,-0.326306719573,0.00938169436224,0.0831744008796,0.350278493869,-0.777507888319,12.05350288,10.3557580852,0.000127561138778,0.0119259718773,-0.326596066135,-0.0628978883744,-1.58718053783e-07,3.96795134485e-05,-0.326468504996,-0.242413118283,0.359481166581,-0.0509719164971,-0.250943660293,0.359334715665,0.0755248447029,0.410306632162,12.7307250254,10.3557580852,11.1145145252,-0.243132318693,0.359660188232,0.0831744008796,0.350278493869,0.0831744008796,0.350278493869,0.161480466512,4,0
2050,4.1,2,0.788305282593,0,-10.3255977631,0,0,0.428915397571,-0.449575233644,0.788305274764,4.56233934796,-0.359389877193,-5.0119145816,-0.609542691499,-65.2377752853,-10.3255974804,0.00137499609748,0.126078952476,0.785421235809,3.88276084691,1.98397569595e-07,-4.95993924007e-05,0.786796231906,0.428016397062,-0.449351456578,4.00883979938,0.409611498292,-0.450379562781,-0.377184733614,-4.45921936216,-63.1161991422,-10.3255974804,-67.5582648445,0.428915397571,-0.449575233644,-0.359389877193,-5.0119145816,-0.359389877193,-5.0119145816,1.71094686775,4,0
2060,4.12,1,-0.321047902107,0,8.9599571228,0,0,-0.236041196952,0.345407337954,-0.32104789336,0.467748183545,0.085006696408,-0.122340845591,-1.63704523179,10.0954195853,8.95995677339,0.000228875221342,0.0210564167628,-0.321535184355,0.351629696504,-1.64843934775e-06,0.000412109836937,-0.321306309134,-0.235352825973,0.34294916001,0.372686113267,-0.252035764146,0.344740897654,0.0692705449875,-0.027945215613,10.8394064491,8.95995677339,8.17273932044,-0.236041196952,0.345407337954,0.085006696408,-0.122340845591,0.085006696408,-0.122340845591,0.285635033027,4,0
2060,4.12,2,0.878087043762,0,-12.3255977631,0,0,0.420051495429,-0.431759170609,0.878087066824,4.40483472385,-0.458035571395,-4.83659389446,-0.334716071483,-76.3167262496,-12.3255974804,0.00130008235901,0.119420345488,0.875340813063,3.754020134,2.06054920432e-06,-0.000515137301087,0.876640895422,0.419191031709,-0.42868644815,3.87344047949,0.403788296175,-0.432436803912,-0.472852599247,-4.3058772834,-72.1273250258,-12.3255974804,-78.2716983267,0.420051495429,-0.431759170609,-0.458035571395,-4.83659389446,-0.458035571395,-4.83659389446,1.62025600555,4,0
2070,4.14,1,-0.307005763054,0,6.95995664597,0,0,-0.229381341642,0.321649847526,-0.307005750901,0.886443063499,0.077624409259,-0.564793215974,-1.2101626498,7.02377566288,6.95995677339,0.000244580220609,0.0224660071471,-0.307522600541,0.763948996087,-1.05259569855e-06,0.000263148924634,-0.30727802032,-0.22873971031,0.320026219211,0.786415003234,-0.241984247325,0.321124726456,0.0652937729953,-0.465290276779,8.21729294478,6.95995677339,5.50880137555,-0.229381341642,0.321649847526,0.077624409259,-0.564793215974,0.077624409259,-0.564793215974,0.304811637533,4,0
2070,4.14,2,0.963132023811,0,-14.3255977631,0,0,0.411726676331,-0.402062307314,0.963132013937,4.10871647847,-0.551405337606,-4.51077878578,-0.450783239373,-85.8185576799,-14.3255974804,0.00133013317403,0.12221397185,0.960318475896,3.44130887108,1.31574463313e-06,-0.000328936158289,0.96164860907,0.41092463717,-0.400032771905,3.56352284293,0.394183050027,-0.402793291744,-0.567465559043,-3.96631613467,-80.3024284592,-14.3255974804,-87.9274477585,0.411726676331,-0.402062307314,-0.551405337606,-4.51077878578,-0.551405337606,-4.51077878578,1.65810683926,4,0
2080,4.16,1,-0.285178691149,0,4.95995664597,0,0,-0.223046292078,0.31151268108,-0.28517869355,1.24984011159,0.0621324014716,-0.938327430515,-1.32127191101,3.28976614523,4.95995677339,0.00024281762555,0.0222876511168,-0.285690234334,1.12889879205,-1.44806562064e-06,0.000362016405162,-0.285447416709,-0.222425343262,0.309388358943,1.15118644317,-0.236553587434,0.310949877106,0.0488938292754,-0.840236566064,5.52040040854,4.95995677339,1.66607668273,-0.223046292078,0.31151268108,0.0621324014716,-0.938327430515,0.0621324014716,-0.938327430515,0.30241755148,4,0
2080,4.16,2,1.04096317291,0,-16.3255977631,0,0,0.403807864419,-0.389390849161,1.04096320298,3.69819737095,-0.637155338558,-4.08758822011,-0.411968140054,-93.8896081746,-16.3255974804,0.00137636904797,0.126471704501,1.03805091603,3.00719298538,1.81008203892e-06,-0.000452520509733,1.03942728508,0.403031678403,-0.386735446471,3.13366468988,0.386106714441,-0.390128397077,-0.65332057064,-3.52379308696,-87.8220449337,-16.3255974804,-96.0174339115,0.403807864419,-0.389390849161,-0.637155338558,-4.08758822011,-0.637155338558,-4.08758822011,1.71585759692,4,0
2090,4.18,1,-0.256798267365,0,2.95995688438,0,0,-0.217083888861,0.282851462885,-0.256798254816,1.54639548459,0.0397143659548,-1.26354402171,-1.64510052513,-1.05974467779,2.95995677339,0.000229810966208,0.02107892477,-0.257280210749,1.4329177358,-2.01617088555e-06,0.000504042721385,-0.257050399783,-0.216521247354,0.279808625697,1.45399666057,-0.233148835009,0.282182090129,0.0239015647742,-1.17181457044,2.78044852386,2.95995677339,-2.99088507929,-0.217083888861,0.282851462885,0.0397143659548,-1.26354402171,0.0397143659548,-1.26354402171,0.286039876374,4,0
2090,4.18,2,1.10950446129,0,-18,0,0,0.396354860444,-0.35356432618,1.10950448119,3.19324604405,-0.71314962075,-3.54681037023,-0.289247625292,-100.185357006,-18,0.00142974535873,0.131381384337,1.10647800075,2.47485643478,2.52021362185e-06,-0.00063005340546,1.10790774611,0.395651558564,-0.349760779673,2.60623781911,0.379120551378,-0.354282422391,-0.728787194733,-2.9605202415,-93.4514597888,-18,-102.257064575,0.396354860444,-0.35356432618,-0.71314962075,-3.54681037023,-0.71314962075,-3.54681037023,1.7824599437,4,0
2100,4.2,1,-0.223596021533,0,0.959956765175,0,0,-0.211670292616,0.263652336624,-0.223596024287,1.73350994154,0.0119257316711,-1.46985760492,-0.41383816736,-5.57275960499,0.959956773393,0.000169169860078,0.0154270911524,-0.223942967988,1.65326129876,-2.52961125491e-07,6.32402813745e-05,-0.223773798128,-0.211143179575,0.263366799656,1.66868838991,-0.216855654594,0.263436279875,0.00691814353446,-1.40525211003,0.0497620998535,0.959956773393,-6.19608332603,-0.211670292616,0.263652336624,0.0119257316711,-1.46985760492,0.0119257316711,-1.46985760492,0.20948555368,4,0
2100,4.2,2,1.16811525822,0,-18,0,0,0.389587865188,-0.329565418221,1.16811523853,2.73466013303,-0.778527373343,-3.06422555125,-0.65872885086,-105.399150807,-18,0.00152442391621,0.140148206976,1.16488289333,1.96644968673,3.16201408668e-07,-7.90503521611e-05,1.16640731725,0.388928973892,-0.329208497009,2.10659789371,0.3682913019,-0.330452775025,-0.798116015349,-2.43705066873,-92.3051870202,-18,-107.959175185,0.389587865188,-0.329565418221,-0.778527373343,-3.06422555125,-0.778527373343,-3.06422555125,1.90129552764,4,0
2110,4.22,1,-0.188052400947,0,-1.04004323483,0,0,-0.206554296741,0.242025681066,-0.188052394214,1.79478249027,-0.0185019025275,-1.55275680921,-1.74997528175,-9.80368265685,-1.04004322661,9.25843173508e-05,0.00840153057908,-0.188238271416,1.75255405043,-2.41337173681e-06,0.000603342934201,-0.188145687099,-0.206073832757,0.238421963102,1.76095558101,-0.222061755656,0.241379536944,-0.0339160685575,-1.51957604407,-2.59728537149,-1.04004322661,-11.6678084472,-0.206554296741,0.242025681066,-0.0185019025275,-1.55275680921,-0.0185019025275,-1.55275680921,0.114150508648,4,0
2110,4.22,2,1.21888005733,0,-18,0,0,0.383192870396,-0.302532098638,1.2188800146,2.39393714093,-0.835687144202,-2.69646923957,-0.226938993446,-110.193709524,-18,0.00162932534538,0.14977030766,1.21542721818,1.57371134326,3.01671468467e-06,-0.000754178671172,1.21705654353,0.382592290422,-0.298027451163,1.72348165092,0.364402113778,-0.30331504683,-0.85265442975,-2.02679669775,-91.4776633861,-18,-112.452515059,0.383192870396,-0.302532098638,-0.835687144202,-2.69646923957,-0.835687144202,-2.69646923957,2.03186654166,4,0
2120,4.24,1,-0.152576640248,0,-3.04004311562,0,0,-0.20206991082,0.208345696068,-0.152576637008,1.7398728911,-0.0494932738119,-1.53152719503,-1.13210459364,-13.5665686925,-3.04004322661,2.26100496598e-05,0.00198533188358,-0.152615733923,1.73223121597,-1.42624206786e-06,0.000356560516969,-0.152593123874,-0.201655485591,0.206142933152,1.73421654785,-0.211713039472,0.207943899041,-0.0591199155986,-1.52627264881,-5.12497022018,-3.04004322661,-14.7257531159,-0.20206991082,0.208345696068,-0.0494932738119,-1.53152719503,-0.0494932738119,-1.53152719503,0.0270798297539,4,0
2120,4.24,2,1.26397955418,0,-18,0,0,0.377587388051,-0.260432117216,1.26397952736,2.15566974546,-0.886392139311,-2.41610186267,-0.391196839966,-114.668218956,-18,0.0017260882028,0.158646481047,1.26032342709,1.28747413904,1.78280259128e-06,-0.00044570064782,1.26204951529,0.37706935652,-0.257678663561,1.44612062008,0.356428195146,-0.261313750254,-0.905621320147,-1.70743437034,-90.9671711126,-18,-117.211730269,0.377587388051,-0.260432117216,-0.886392139311,-2.41610186267,-0.886392139311,-2.41610186267,2.15231447376,4,0
2130,4.26,1,-0.119392812252,0,-5.04004335403,0,0,-0.19803517137,0.194647357544,-0.119392809183,1.57773340649,-0.0786423621872,-1.38308604894,-1.34034214891,-16.4578805524,-5.04004322661,-4.05782587947e-05,-0.00380922999164,-0.119299311436,1.6013459378,-1.93807427515e-06,0.000484518568787,-0.119339889695,-0.197648661361,0.191801448863,1.59753670781,-0.208756459021,0.194200637225,-0.0894165693266,-1.40333607058,-7.50635307598,-5.04004322661,-17.7466686721,-0.19803517137,0.194647357544,-0.0786423621872,-1.38308604894,-0.0786423621872,-1.38308604894,-0.0515540291662,4,0
2130,4.26,2,1.30532419682,0,-18,0,0,0.372543963796,-0.243309194,1.30532416316,2.00755132889,-0.932780199369,-2.25086052289,-0.316830007675,-119.214393486,-18,0.00181618730432,0.166912710004,1.30147863229,1.09463625393,2.42259285216e-06,-0.000605648213038,1.3032948196,0.37206082629,-0.239751808137,1.26154896393,0.351070298635,-0.244203930049,-0.952224520961,-1.50575289398,-90.7542871455,-18,-121.795706985,0.372543963796,-0.243309194,-0.932780199369,-2.25086052289,-0.932780199369,-2.25086052289,2.26448349187,4,0
2140,4.28,1,-0.0905538499355,0,-7.04004335403,0,0,-0.194494530196,0.157315809312,-0.0905538516911,1.31656950104,-0.103940678504,-1.15925369173,-1.74716081167,-18.4985786136,-7.04004322661,-9.82553079027e-05,-0.0090996783223,-0.0903392044204,1.36876151915,-2.54548152726e-06,0.000636370381816,-0.0904374597283,-0.194183771152,0.153470410818,1.35966184083,-0.208002877433,0.15675296151,-0.117565417704,-1.20290887932,-9.71724704487,-7.04004322661,-20.1223945211,-0.194494530196,0.157315809312,-0.103940678504,-1.15925369173,-0.103940678504,-1.15925369173,-0.123344904206,4,0
2140,4.28,2,1.34459424019,0,-18,0,0,0.368118162388,-0.196644758568,1.34459422746,1.9385072712,-0.97647606507,-2.13515202977,-0.158082633512,-123.697782632,-18,0.00190047626983,0.174645404776,1.34057152063,0.983774334805,3.18185191728e-06,-0.000795462979325,1.3424719969,0.367729713589,-0.191838010438,1.15841973958,0.347092198517,-0.197520840396,-0.995379798384,-1.35594057998,-90.8190060189,-18,-126.225278706,0.368118162388,-0.196644758568,-0.97647606507,-2.13515202977,-0.97647606507,-2.13515202977,2.36941344017,4,0
2150,4.3,1,-0.0679590031505,0,-9.0400428772,0,0,-0.191651954026,0.133486611806,-0.0679590040619,0.96359632286,-0.123692949964,-0.830109711054,-0.251892093733,-19.339141583,-9.04004322661,-0.000151999390433,-0.0140313548471,-0.0676312830616,1.04249816547,-3.14431439663e-07,7.86078599183e-05,-0.067783282452,-0.191385219274,0.13313155269,1.02846681063,-0.192164629992,0.133465250307,-0.12438134754,-0.895001560318,-11.7355738376,-9.04004322661,-19.4007695064,-0.191651954026,0.133486611806,-0.123692949964,-0.830109711054,-0.123692949964,-0.830109711054,-0.190264170388,4,0
2150,4.3,2,1.3832501173,0,-18,0,0,0.364564942239,-0.166858261616,1.38325016347,1.93746595091,-1.01868522123,-2.10432421253,-0.603186107556,-128.441072482,-18,0.00197850851017,0.181802026536,1.3790636239,0.944101644003,3.93039300439e-07,-9.82598251158e-05,1.38104213241,0.364231523804,-0.16641443772,1.12590367054,0.339028312902,-0.167922287838,-1.04201381951,-1.29382595838,-91.1372882661,-18,-131.510788133,0.364564942239,-0.166858261616,-1.01868522123,-2.10432421253,-1.01868522123,-2.10432421253,2.4665295439,4,0
2160,4.32,1,-0.0533769056201,0,-11.0400428772,0,0,-0.189173894523,0.107288024707,-0.0533769041711,0.524740060316,-0.135796990352,-0.417452035609,-1.89167233947,-18.840435331,-11.0400432266,-0.000203677315687,-0.0187760874451,-0.0529402076811,0.629430949738,-2.86563613716e-06,0.000716409034288,-0.0531438849968,-0.188963584765,0.103005651799,0.610654862293,-0.202792166329,0.106720596715,-0.149648281332,-0.503934265578,-13.5406206221,-11.0400432266,-20.4774650877,-0.189173894523,0.107288024707,-0.135796990352,-0.417452035609,-0.135796990352,-0.417452035609,-0.2546425828,4,0
2160,4.32,2,1.42252349854,0,-18,0,0,0.361467367923,-0.134110027677,1.42252349291,1.99258418086,-1.06105612498,-2.12669420854,-0.0704409192875,-133.486966655,-18,0.00204887097057,0.188251698331,1.41818955276,0.964526265681,3.58204517742e-06,-0.000895511294358,1.42023842373,0.361204480732,-0.128757061534,1.15277796401,0.339634449636,-0.135019732605,-1.08060397409,-1.28779769662,-91.6778955149,-18,-136.111465374,0.361467367923,-0.134110027677,-1.06105612498,-2.12669420854,-1.06105612498,-2.12669420854,2.55405779973,4,0
2170,4.34,1,-0.0484742559493,0,-13.0400428772,0,0,-0.187445959323,0.0680490060222,-0.0484742541274,0.00438897210297,-0.138971705196,0.0636600339192,-1.16298156046,-16.9286845761,-13.0400432266,-0.000255405894182,-0.0235285523423,-0.047928185199,0.135017636071,-1.61510951074e-06,0.000403777377683,-0.0481835910932,-0.187312431677,0.0655524907519,0.111489083729,-0.194465942549,0.0677565067211,-0.146282351455,-0.0437325770081,-15.1119930328,-13.0400432266,-17.7725450597,-0.187445959323,0.0680490060222,-0.138971705196,0.0636600339192,-0.138971705196,0.0636600339192,-0.319121076869,4,0
2170,4.34,2,1.46339559555,0,-18,0,0,0.359307448988,-0.0850612542529,1.46339559304,2.0907498272,-1.10408814405,-2.17581108145,-0.261685012745,-138.767972222,-18,0.00210942428477,0.193797052485,1.4589352861,1.03304186402,2.01888689039e-06,-0.000504721722597,1.46104471039,0.359140539437,-0.0819406101621,1.2268389165,0.335257479577,-0.0860633363117,-1.12578723081,-1.31290225282,-92.400256238,-18,-141.658978962,0.359307448988,-0.0850612542529,-1.10408814405,-2.17581108145,-1.10408814405,-2.17581108145,2.62932172682,4,0
2180,4.36,1,-0.0548452921212,0,-14.3442192078,0,0,-0.186234256697,0.0525642041765,-0.0548452906372,-0.593264385642,-0.131388966059,0.645828589819,-1.44146219739,-13.2218162583,-14.3442190102,-0.000309444244466,-0.0284962909647,-0.0541864368274,-0.436297268197,-2.17699281532e-06,0.000544248203828,-0.0544958810719,-0.186132260378,0.0493654149112,-0.464793559162,-0.195010243397,0.052198538064,-0.140514362325,0.516992097226,-15.7367672484,-14.3442190102,-14.2767629929,-0.186234256697,0.0525642041765,-0.131388966059,0.645828589819,-0.131388966059,0.645828589819,-0.38651546278,4,0
2180,4.36,2,1.50656652451,0,-18,0,0,0.35779282077,-0.0657052519281,1.50656658304,2.21644956711,-1.14877376227,-2.28215481904,-0.161481411266,-144.565756817,-18,0.00215739732408,0.198182726826,1.50200838863,1.13631222024,2.72124102135e-06,-0.000680310255339,1.50416578596,0.357665325378,-0.0617067653432,1.33449494707,0.334081158951,-0.0666932378372,-1.170084627,-1.4011881849,-93.2529722821,-18,-147.416096165,0.35779282077,-0.0657052519281,-1.14877376227,-2.28215481904,-1.14877376227,-2.28215481904,2.68885793658,4,0
2190,4.38,1,-0.0730017274618,0,-12.3442192078,0,0,-0.185574090633,0.0113988705298,-0.0730017254864,-1.14766757952,-0.112572365147,1.15906645005,-1.87863572269,-8.31927780707,-12.3442190102,-0.000286248500819,-0.0262070779604,-0.0724048840541,-1.00772948397,-2.74500849867e-06,0.00068625212467,-0.0726911325549,-0.185555474906,0.00724910708887,-1.03393656193,-0.198243187365,0.0108709914993,-0.12555205481,1.04480755343,-12.8935815089,-12.3442190102,-9.84220881011,-0.185574090633,0.0113988705298,-0.112572365147,1.15906645005,-0.112572365147,1.15906645005,-0.355704719643,4,0
2190,4.38,2,1.55190813541,0,-18,0,0,0.356967613257,-0.0142485848433,1.55190816406,2.29567968737,-1.1949405508,-2.30992827221,0.0126460956377,-150.345790059,-18,0.00212325202556,0.19489635517,1.5474346232,1.2378467845,3.43126062385e-06,-0.000857815155967,1.54955787523,0.356944343605,-0.00906138054134,1.43274313967,0.335073470105,-0.015160840808,-1.21448440512,-1.44790398048,-94.0582497305,-18,-152.977648517,0.356967613257,-0.0142485848433,-1.1949405508,-2.30992827221,-1.1949405508,-2.30992827221,2.64450455373,4,0
2200,4.4,1,-0.100985839963,0,-10.3442192078,0,0,-0.185670808751,-0.0139731708609,-0.100985841257,-1.58837981782,-0.0846849674941,1.57440664696,-0.313133285879,-2.76945269452,-10.3442190102,-0.000227959175077,-0.0208562202529,-0.100512052096,-1.47756555121,-3.35165117882e-07,8.37912794672e-05,-0.100740011271,-0.185699009507,-0.0143517519095,-1.49842177146,-0.185920646019,-0.0139835807471,-0.0851806347478,1.48443819072,-9.99804659537,-10.3442190102,-2.79948521616,-0.185670808751,-0.0139731708609,-0.0846849674941,1.57440664696,-0.0846849674941,1.57440664696,-0.283100764245,4,0
2200,4.4,2,1.59792757034,0,-18,0,0,0.357088510971,0.0174664668928,1.59792753984,2.29387531377,-1.24083902887,-2.27640884687,-0.450487944176,-155.840790896,-18,0.00205242578532,0.188389750571,1.59360392852,1.27160665555,4.18956397297e-07,-0.00010473909933,1.5956563543,0.357123761923,0.0179396932035,1.45999640612,0.332075983297,0.0164242782397,-1.263580371,-1.44357212788,-94.5516092123,-18,-158.84750516,0.357088510971,0.0174664668928,-1.24083902887,-2.27640884687,-1.24083902887,-2.27640884687,2.55622631993,4,0
2210,4.42,1,-0.136581420898,0,-8.34421920776,0,0,-0.186151734328,-0.0413494923249,-0.136581427955,-1.92035518171,-0.0495703063728,1.87900568939,-2.04414891646,3.08589219621,-8.34421901019,-0.00017287031435,-0.0158027941244,-0.136223396535,-1.83685635692,-2.94663875738e-06,0.000736659689347,-0.13639626685,-0.186238825792,-0.0457557109422,-1.85265915105,-0.201372160491,-0.0419836767484,-0.0649758936416,1.8106754743,-7.09059733377,-8.34421901019,1.2562701345,-0.186151734328,-0.0413494923249,-0.0495703063728,1.87900568939,-0.0495703063728,1.87900568939,-0.214526854759,4,0
2210,4.42,2,1.64311766624,0,-18,0,0,0.357689668009,0.0516868687094,1.64311772087,2.22175348492,-1.28542805286,-2.17006661621,0.11412564143,-160.807962267,-18,0.00198353613485,0.182070944048,1.63893883187,1.23362357811,3.68329844425e-06,-0.000920824611068,1.64092236801,0.357798532345,0.0571946419773,1.41569452216,0.338087408954,0.0508701079154,-1.30283495905,-1.36482441424,-94.7173339552,-18,-163.164317157,0.357689668009,0.0516868687094,-1.28542805286,-2.17006661621,-1.28542805286,-2.17006661621,2.470480532,4,0
2220,4.44,1,-0.177652657032,0,-6.34421920776,0,0,-0.187404115081,-0.0810638748822,-0.177652660857,-2.14693405309,-0.0097514542248,2.0658701782,-1.29906808989,8.91003870772,-6.34421901019,-0.000121227413075,-0.0110634972531,-0.177403322523,-2.08911768265,-1.59472902284e-06,0.000398682255712,-0.177524549936,-0.187568784393,-0.0835307027327,-2.1001811799,-0.196961267597,-0.0814620895703,-0.019436717661,2.01871909033,-4.2016442533,-6.34421901019,7.76118933235,-0.187404115081,-0.0810638748822,-0.0097514542248,2.0658701782,-0.0097514542248,2.0658701782,-0.15021871452,4,0
2220,4.44,2,1.68620884418,0,-18,0,0,0.359255144016,0.101329846858,1.68620882002,2.09191050911,-1.32695367601,-1.99058066225,-0.0793800169531,-165.026502721,-18,0.00192135874338,0.1763718911,1.68216015477,1.13442563196,1.99341127571e-06,-0.000498352818923,1.68408151352,0.359460980662,0.104413381667,1.31079752306,0.338686533665,0.100472821427,-1.34539497985,-1.21032470163,-94.5922493568,-18,-167.49902109,0.359255144016,0.101329846858,-1.32695367601,-1.99058066225,-1.32695367601,-1.99058066225,2.39313835225,4,0
2230,4.46,1,-0.222118675709,0,-4.34421920776,0,0,-0.189172433227,-0.0963289833623,-0.222118679631,-2.27048289905,0.0329462464039,2.17415391569,-1.61172707034,14.6829987511,-4.34421901019,-7.14766681639e-05,-0.00649619681864,-0.221974209663,-2.23747446224,-2.13386779185e-06,0.000533466947964,-0.222045686332,-0.189368164884,-0.0994662292793,-2.24397065906,-0.201846097573,-0.0968570527101,0.0201995887586,2.14711360635,-1.36212042441,-4.34421901019,13.1595186828,-0.189172433227,-0.0963289833623,0.0329462464039,2.17415391569,0.0329462464039,2.17415391569,-0.0882470020393,4,0
2230,4.46,2,1.7261929512,0,-18,0,0,0.361465541762,0.120411232431,1.72619290938,1.91770623944,-1.36472736762,-1.79729500701,0.0336412794896,-168.706654853,-18,0.00186781640538,0.171467682807,1.7222560612,0.986474459918,2.6673347357e-06,-0.000666833683923,1.72412387761,0.36171020634,0.124332789822,1.15794214272,0.342390853569,0.119616453757,-1.38173302404,-1.03832568897,-94.2252342327,-18,-170.99959133,0.361465541762,0.120411232431,-1.36472736762,-1.79729500701,-1.36472736762,-1.79729500701,2.32657775605,4,0
2240,4.48,1,-0.267941594124,0,-2.34421896935,0,0,-0.191478271077,-0.13599486599,-0.267941585021,-2.29306729587,0.0764633139446,2.15707242988,-2.02262357996,19.9257059332,-2.34421901019,-2.26153460152e-05,-0.00200971197763,-0.267900190519,-2.28445750573,-2.5889017842e-06,0.000647225446047,-0.267922805865,-0.191754210455,-0.139911365562,-2.28646721771,-0.208076541522,-0.136686460592,0.0598462643435,2.14978075711,1.39662021336,-2.34421901019,17.9304555068,-0.191478271077,-0.13599486599,0.0764633139446,2.15707242988,0.0764633139446,2.15707242988,-0.0273731535578,4,0
2240,4.48,2,1.76232898235,0,-18,0,0,0.364347839138,0.169993585624,1.76232898155,1.7123468725,-1.39798114241,-1.54235328687,0.200569870663,-171.515107988,-18,0.00182388075858,0.16744638854,1.75848360297,0.802537324669,3.23612722292e-06,-0.000809031805727,1.76030748372,0.364692763368,0.174889210078,0.969983713209,0.347115875566,0.169275587141,-1.41319160816,-0.800708126067,-93.6700604033,-18,-173.586533609,0.364347839138,0.169993585624,-1.39798114241,-1.54235328687,-1.39798114241,-1.54235328687,2.27199549171,4,0
2250,4.5,1,-0.313126891851,0,-0.344218999147,0,0,-0.194501753021,-0.159622638456,-0.313126889838,-2.21701401173,0.118625136817,2.05739137327,-0.589708218162,24.5917640034,-0.344219010186,2.57584262257e-05,0.00243216754676,-0.313187559773,-2.23256644689,-3.12475977426e-07,7.8118994354e-05,-0.313161801346,-0.194821235695,-0.159975693803,-2.23013427934,-0.199681123077,-0.159838445542,0.113480678269,2.0702958338,4.04393569784,-0.344219010186,23.9691605613,-0.194501753021,-0.159622638456,0.118625136817,2.05739137327,0.118625136817,2.05739137327,0.0328952239376,4,0
2250,4.5,2,1.79413080215,0,-18,0,0,0.368127191631,0.199528301133,1.79413076832,1.48806875976,-1.42600357669,-1.28854045862,-0.22059186021,-173.680370753,-18,0.00178968370493,0.164318954864,1.79035634352,0.594831442573,3.90594970756e-07,-9.76487426954e-05,1.79214602723,0.368526544979,0.199969620315,0.759150397437,0.3477447963,0.19867903466,-1.44440123093,-0.560471362777,-92.980576085,-18,-176.130504525,0.368127191631,0.199528301133,-1.42600357669,-1.28854045862,-1.42600357669,-1.28854045862,2.22954191187,4,0
2260,4.52,1,-0.355732947588,0,1.65578103065,0,0,-0.197879356646,-0.18462991397,-0.355732960424,-2.04525686152,0.157853603778,1.86062694755,-2.18768880102,28.419302419,1.65578098981,7.36430982462e-05,0.00682894387664,-0.355894645799,-2.08471983632,-2.64588518167e-06,0.000661471295417,-0.355821002701,-0.198252566066,-0.188589124047,-2.07789089244,-0.21684843034,-0.185420292041,0.138972572361,1.8924706004,6.55110120895,1.65578098981,26.1390616853,-0.197879356646,-0.18462991397,0.157853603778,1.86062694755,0.157853603778,1.86062694755,0.0925519326672,4,0
2260,4.52,2,1.8213391304,0,-18,0,0,0.372349196223,0.230787395434,1.82133910102,1.25540215615,-1.44898990479,-1.02461476071,0.302758249082,-175.171447604,-18,0.00176451427424,0.162018931908,1.81761672441,0.374288965194,3.30735646636e-06,-0.000826839116592,1.81938123869,0.372815708004,0.235736408015,0.536307897102,0.356580247958,0.230130355923,-1.46280099073,-0.306177541179,-92.2064477707,-18,-177.067006593,0.372349196223,0.230787395434,-1.44898990479,-1.02461476071,-1.44898990479,-1.02461476071,2.19831723838,4,0
2270,4.54,1,-0.393884539604,0,3.65578103065,0,0,-0.201949799289,-0.219674404107,-0.393884547297,-1.78142479696,0.191934748008,1.56175039285,-1.52273380528,31.1171714174,3.65578098981,0.000120888015889,0.011166776718,-0.394145879475,-1.84447085222,-1.36774102874e-06,0.000341935257182,-0.394024991459,-0.202391331579,-0.221791950963,-1.8333040755,-0.215876812115,-0.220254696308,0.178148179344,1.61304937919,8.8922025524,3.65578098981,29.4430284172,-0.201949799289,-0.219674404107,0.191934748008,1.56175039285,0.191934748008,1.56175039285,0.151409194904,4,0
2270,4.54,2,1.84388065338,0,-18,0,0,0.377437249584,0.274593007949,1.84388064189,1.0225402365,-1.46644339231,-0.747947228547,0.132098086553,-175.919123967,-18,0.00174684723572,0.16040517462,1.8401947294,0.149908777459,1.70967627877e-06,-0.000427419069691,1.84194157664,0.377989164952,0.277239941507,0.310313952079,0.360430857813,0.273884408292,-1.48151071882,-0.0364295437872,-91.3895219484,-18,-177.963433978,0.377437249584,0.274593007949,-1.46644339231,-0.747947228547,-1.46644339231,-0.747947228547,2.17640809739,4,0
2280,4.56,1,-0.42578548193,0,5.65578079224,0,0,-0.206469041101,-0.232742125238,-0.425785478108,-1.42970338708,0.219316437007,1.19696126184,-1.82904074635,32.6800160238,5.65578098981,0.000167424482051,0.0154396165416,-0.426144967067,-1.51598091092,-1.81428633184e-06,0.000453571582958,-0.425977542585,-0.206937142426,-0.235411377215,-1.50054129438,-0.223426478358,-0.233448685124,0.202551064227,1.26709260926,11.0444738779,5.65578098981,30.6415907535,-0.206469041101,-0.232742125238,0.219316437007,1.19696126184,0.219316437007,1.19696126184,0.209384523915,4,0
2280,4.56,2,1.86181545258,0,-18,0,0,0.383086301905,0.290927659294,1.86181550988,0.794850767518,-1.47872920797,-0.503923108224,0.243346713583,-176.199242215,-18,0.00173442634898,0.159269559609,1.85815532778,-0.0717763105431,2.2678579048e-06,-0.000566964476204,1.85988975413,0.383671428566,0.29426422425,0.0874932490663,0.367133619235,0.290262964182,-1.49275613489,0.202769715116,-90.560984079,-18,-178.116887611,0.383086301905,0.290927659294,-1.47872920797,-0.503923108224,-1.47872920797,-0.503923108224,2.16099210957,4,0
2290,4.58,1,-0.449726879597,0,7.65578079224,0,0,-0.211442146589,-0.265769584035,-0.449726888221,-0.994558910296,0.238284741631,0.728789326261,-2.16039066556,32.7152416984,7.65578098981,0.000213413918534,0.0196626633899,-0.450183419841,-1.1038119631,-2.09738602297e-06,0.000524346505743,-0.449970005923,-0.211976891334,-0.268945411773,-1.08414929971,-0.231632712112,-0.266610857598,0.218337293811,0.817538442113,12.9879987292,7.65578098981,30.2881674679,-0.211442146589,-0.265769584035,0.238284741631,0.728789326261,0.238284741631,0.728789326261,0.266683564948,4,0
2290,4.58,2,1.87527692318,0,-18,0,0,0.389302683818,0.332211982591,1.87527693398,0.57455212316,-1.48597425016,-0.242340140569,0.381514693417,-175.782393322,-18,0.00172438923777,0.158348488562,1.87163786063,-0.287087426687,2.62173251447e-06,-0.000655433128625,1.87336224986,0.389971114754,0.336181767242,-0.128738938125,0.374603376619,0.331599511458,-1.49875887324,0.460338449583,-89.7394075249,-18,-177.549372541,0.389302683818,0.332211982591,-1.48597425016,-0.242340140569,-1.48597425016,-0.242340140569,2.14849391298,4,0
2300,4.6,1,-0.464089512825,0,9.65578079224,0,0,-0.217000680631,-0.28459195614,-0.464089517895,-0.480443105268,0.247088837264,0.195851149128,-1.04565435314,31.2068244624,9.65578098981,0.00025928172953,0.0238753100471,-0.464642907009,-0.612641487099,-2.49303544059e-07,6.2325886012e-05,-0.464383625279,-0.217570054166,-0.28487374517,-0.588766177052,-0.228393357035,-0.28506665099,0.235990268244,0.303699526062,14.7048641237,9.65578098981,29.8373298196,-0.217000680631,-0.28459195614,0.247088837264,0.195851149128,0.247088837264,0.195851149128,0.323840289618,4,0
2300,4.6,2,1.88440620899,0,-18,0,0,0.39625085142,0.355739947586,1.88440619655,0.360547061583,-1.48815534513,-0.00480711399781,0.0569646154667,-174.881197301,-18,0.00171340431979,0.157335454694,1.8807906957,-0.4954340133,3.11629428262e-07,-7.79073570614e-05,1.88250410002,0.396962568343,0.356092183872,-0.338098558605,0.378965934432,0.355019742711,-1.50353816559,0.693118301317,-88.929643757,-18,-176.958988364,0.39625085142,0.355739947586,-1.48815534513,-0.00480711399781,-1.48815534513,-0.00480711399781,2.13475567838,4,0
2310,4.62,1,-0.467341005802,0,11.6557807922,0,0,-0.222837371808,-0.303990330683,-0.46734101271,0.108402606376,0.244503640902,-0.412392937059,-2.30350183774,27.9563944821,11.6557809898,0.00030563223493,0.0281331710755,-0.46799236157,-0.0470178175487,-2.00233998982e-06,0.000500584997453,-0.467686729335,-0.22344834748,-0.306989590831,-0.0188846464732,-0.245174516481,-0.304921045044,0.222512212854,-0.286036398571,16.1780010175,11.6557809898,25.2712835497,-0.222837371808,-0.303990330683,0.244503640902,-0.412392937059,0.244503640902,-0.412392937059,0.381609094736,4,0
2310,4.62,2,1.88928568363,0,-18,0,0,0.403546715439,0.379987915609,1.88928571443,0.148383744497,-1.48573899899,0.231604171112,0.471327334717,-173.445078021,-18,0.00169779170015,0.155892107953,1.88570405679,-0.69941178131,2.50292496978e-06,-0.000625731242442,1.88740184849,0.404310435033,0.383736990768,-0.543519673357,0.389871623871,0.379418120127,-1.49753022462,0.922937793485,-88.1223774743,-18,-175.088937986,0.403546715439,0.379987915609,-1.48573899899,0.231604171112,-1.48573899899,0.231604171112,2.11518730026,4,0
2320,4.64,1,-0.458031386137,0,13.6557807922,0,0,-0.22919852405,-0.329824687012,-0.458031388861,0.767939485163,0.228832864811,-1.09776417218,-1.80472894912,22.7525232754,13.6557809898,0.000353054142768,0.0324900756353,-0.45878302142,0.588735219715,-9.63553297872e-07,0.000240888324465,-0.458429967277,-0.229859715942,-0.331318610919,0.621225295351,-0.247878174545,-0.330603005783,0.210551792732,-0.951828301134,17.390051968,13.6557809898,20.5070736221,-0.22919852405,-0.329824687012,0.228832864811,-1.09776417218,0.228832864811,-1.09776417218,0.440720704182,4,0
2320,4.64,2,1.88987243176,0,-18,0,0,0.411498155783,0.412280860775,1.88987238297,-0.0696935533595,-1.47837422719,0.481974414134,0.345703144232,-171.365130898,-18,0.00167361589698,0.153656735029,1.88634317535,-0.904796945742,1.20444161178e-06,-0.000301110402944,1.88801679125,0.412324645652,0.414148265642,-0.751140210713,0.397030120855,0.411678025986,-1.49098667039,1.1628182367,-87.2941060186,-18,-173.104309264,0.411498155783,0.412280860775,-1.47837422719,0.481974414134,-1.47837422719,0.481974414134,2.08488150952,4,0
2330,4.66,1,-0.434808343649,0,14.4790334702,0,0,-0.23588319239,-0.339002012617,-0.434808356683,1.48776476981,0.198925164293,-1.82676678242,-2.06488131915,15.6053312844,14.4790337397,0.000399834558991,0.0367219453689,-0.435652566217,1.28807872757,-1.25965228973e-06,0.000314913072432,-0.435252731658,-0.236563017815,-0.340857451718,1.32480067294,-0.257205514803,-0.339890442718,0.178047216855,-1.66469111566,17.1545540516,14.4790337397,13.0422104443,-0.23588319239,-0.339002012617,0.198925164293,-1.82676678242,0.198925164293,-1.82676678242,0.498239520921,4,0
2330,4.66,2,1.88593804836,0,-18,0,0,0.419853991247,0.42375251768,1.88593808997,-0.30259277012,-1.46608409873,0.7263452878,0.440842349042,-168.742845137,-18,0.00163777891317,0.150378335612,1.88248324855,-1.12046565972,1.57456534766e-06,-0.000393641336915,1.88412102747,0.420703773032,0.426071816534,-0.970087324112,0.406547610587,0.423198085152,-1.47757341688,1.39328540926,-86.4078360608,-18,-170.342382979,0.419853991247,0.42375251768,-1.46608409873,0.7263452878,-1.46608409873,0.7263452878,2.04038019085,4,0
2340,4.68,1,-0.397882044315,0,12.4790334702,0,0,-0.24287926739,-0.361112125711,-0.397882055473,2.11723120665,0.155002788083,-2.47834333236,-2.27360925302,6.92657649791,12.4790337397,0.00034157975449,0.0312489057655,-0.398591927781,1.95122960424,-1.33414027534e-06,0.000333535068833,-0.398250348027,-0.243603537844,-0.363135832496,1.98247851,-0.265321834656,-0.36204723268,0.132928513371,-2.34452574268,13.9398045481,12.4790337397,4.22879289105,-0.24287926739,-0.361112125711,0.155002788083,-2.47834333236,0.155002788083,-2.47834333236,0.424174353833,4,0
2340,4.68,2,1.8774920702,0,-18,0,0,0.428599085032,0.451390158766,1.87749211634,-0.515061960698,-1.44889303131,0.966452119464,0.532416998468,-165.459852698,-18,0.00164236772484,0.150850894263,1.87402293941,-1.33707952639,1.66767532495e-06,-0.000416918831233,1.87566530714,0.429504423104,0.45391979222,-1.18622863213,0.416001832886,0.45086527326,-1.45966347425,1.63709390539,-85.5189491256,-18,-166.974147383,0.428599085032,0.451390158766,-1.44889303131,0.966452119464,-1.44889303131,0.966452119464,2.04671168353,4,0
2350,4.7,1,-0.349984794855,0,10.4790334702,0,0,-0.250252709328,-0.372690536855,-0.34998479102,2.60062915265,0.0997320816923,-2.97331968951,-1.62129520723,-2.36723428546,10.4790337397,0.000255491403959,0.0233478410429,-0.350513216472,2.47752885696,-1.53832216465e-07,3.84580541219e-05,-0.350257725068,-0.250998207683,-0.37286455197,2.500876698,-0.266376883153,-0.373362377431,0.0838808419147,-2.87423907543,10.6871635937,10.4790337397,-4.30549434738,-0.250252709328,-0.372690536855,0.0997320816923,-2.97331968951,0.0997320816923,-2.97331968951,0.316964854685,4,0
2350,4.7,2,1.86515164375,0,-18,0,0,0.437815887485,0.465863172516,1.86515159197,-0.696031158032,-1.42733570448,1.16189433055,0.346580153848,-161.863295062,-18,0.00165729964566,0.152221705322,1.8616508888,-1.5255147436,1.92290268153e-07,-4.80725670451e-05,1.86330818845,0.438747760433,0.466080691407,-1.37329303828,0.423517948138,0.465267425043,-1.43979024031,1.83856046332,-84.7324891058,-18,-163.582026521,0.437815887485,0.465863172516,-1.42733570448,1.16189433055,-1.42733570448,1.16189433055,2.06531161284,4,0
2360,4.72,1,-0.293961435556,0,8.47903347015,0,0,-0.257792306794,-0.38396682497,-0.293961440989,2.94490085564,0.036169134195,-3.32886768061,-2.37583878969,-11.9456979719,8.47903373968,0.000174905004132,0.0159569633712,-0.29432066719,2.86169873544,-1.09937864273e-06,0.000274844660678,-0.294145762186,-0.258561892849,-0.38561756155,2.87765569881,-0.279359103362,-0.384865441494,0.0147866588238,-3.26252114031,7.44114637696,8.47903373968,-14.5382066427,-0.257792306794,-0.38396682497,0.036169134195,-3.32886768061,0.036169134195,-3.32886768061,0.216669881049,4,0
2360,4.72,2,1.84951615334,0,-18,0,0,0.447240384346,0.47995853246,1.84951615274,-0.847358184012,-1.4022757684,1.32731671647,0.5983112359,-157.992707168,-18,0.00167351294018,0.153715794558,1.84598075948,-1.68514914214,1.37422328134e-06,-0.000343555820333,1.84765427242,0.448202366917,0.482021953152,-1.53143334758,0.434867996168,0.479443016286,-1.41278627625,2.01087636387,-84.0473426438,-18,-159.479971331,0.447240384346,0.47995853246,-1.4022757684,1.32731671647,-1.4022757684,1.32731671647,2.08557539808,4,0
2370,4.74,1,-0.232515826821,0,6.47903394699,0,0,-0.265620040032,-0.397244038778,-0.232515821327,3.15730260654,-0.0331042187045,-3.55454664532,-2.10762819846,-21.5441639328,6.47903373968,0.000101588576043,0.00923412526174,-0.232721240367,3.11034530474,-4.34530976812e-07,0.000108632744198,-0.232619651791,-0.26641522982,-0.397920792188,3.11957943,-0.284196676065,-0.39801806528,-0.0515770242742,-3.51759749528,4.23761486686,6.47903373968,-23.7772303893,-0.265620040032,-0.397244038778,-0.0331042187045,-3.55454664532,-0.0331042187045,-3.55454664532,0.125438258091,4,0
2370,4.74,2,1.83120441437,0,-18,0,0,0.457025050914,0.496555049416,1.83120435743,-0.966183825292,-1.37417930651,1.46273887471,0.534016733828,-153.8951678,-18,0.00169503409258,0.155702296466,1.8276225954,-1.81513557287,5.43163708455e-07,-0.000135790927118,1.82931762949,0.458019038151,0.497400991159,-1.65943327641,0.443893717259,0.496007910514,-1.38542391223,2.15544118692,-83.4679355031,-18,-155.473663533,0.457025050914,0.496555049416,-1.37417930651,1.46273887471,-1.37417930651,1.46273887471,2.11251246692,4,0
2380,4.76,1,-0.168197378516,0,4.47903394699,0,0,-0.273604092684,-0.401341986699,-0.168197371727,3.24599109511,-0.105406720958,-3.6473330818,-2.28765440923,-30.8249963452,4.47903373968,3.58839287377e-05,0.003210914357,-0.168265107238,3.23144950298,-5.4182210929e-07,0.000135455527317,-0.168229223309,-0.274407566409,-0.402143228732,3.23466041734,-0.292998360973,-0.402150081211,-0.124769137664,-3.63681049855,1.11142270777,4.47903373968,-33.1563490125,-0.273604092684,-0.401341986699,-0.105406720958,-3.6473330818,-0.105406720958,-3.6473330818,0.0436982580223,4,0
2380,4.76,2,1.81092178822,0,-18,0,0,0.467005116748,0.501677484196,1.81092173555,-1.04725859142,-1.3439166188,1.54893607561,0.600718307239,-149.765690591,-18,0.00172465781315,0.158435275112,1.80727626764,-1.9115190817,6.77277619432e-07,-0.000169319404865,1.80900092546,0.468009458905,0.502679036713,-1.75308380659,0.454120355132,0.501140619129,-1.35488057032,2.25422442572,-83.0114094636,-18,-151.31454631,0.467005116748,0.501677484196,-1.3439166188,1.54893607561,-1.3439166188,1.54893607561,2.14957402644,4,0
2390,4.78,1,-0.103380553424,0,2.47903370857,0,0,-0.281716750224,-0.409670245283,-0.10338054996,3.22019041477,-0.178336200264,-3.62986066006,-2.34642662532,-39.6122114153,2.47903373968,-2.17896386632e-05,-0.00207426631721,-0.103327602383,3.23402970724,-3.98047986849e-07,9.95119967072e-05,-0.103349392022,-0.282536712446,-0.410279646755,3.23195544092,-0.301003247735,-0.410473849346,-0.197653855713,-3.64242929027,-1.90480397679,2.47903373968,-41.9306091368,-0.281716750224,-0.409670245283,-0.178336200264,-3.62986066006,-0.178336200264,-3.62986066006,-0.028028903774,4,0
2390,4.78,2,1.78948688507,0,-18,0,0,0.477145938686,0.512087807102,1.78948692262,-1.08484877107,-1.31234098394,1.59693657817,0.633811486879,-145.64984762,-18,0.00176337683702,0.162003594258,1.78575853482,-1.96896961461,4.97559961787e-07,-0.000124389990449,1.78752191166,0.478170891464,0.512849558909,-1.80696602035,0.464133879826,0.511545637983,-1.32338803183,2.31851165834,-82.7010562644,-18,-147.214005529,0.477145938686,0.512087807102,-1.31234098394,1.59693657817,-1.31234098394,1.59693657817,2.19796939563,4,0
2400,4.8,1,-0.0402458310127,0,0.479033738375,0,0,-0.289949822749,-0.412504637076,-0.040245831721,3.08991864019,-0.249703991028,-3.50242327727,-2.24073815957,-47.6443659971,0.479033739676,-7.1249220945e-05,-0.00660523360152,-0.0400895313129,3.12803678278,-3.84309261636e-08,9.60773153513e-06,-0.0401607805339,-0.29077486177,-0.412548333486,3.12143154917,-0.307845549351,-0.413250292351,-0.267684768817,-3.53468184152,-4.78229490118,0.479033739676,-49.7955814656,-0.289949822749,-0.412504637076,-0.249703991028,-3.50242327727,-0.249703991028,-3.50242327727,-0.0895226910344,4,0
2400,4.8,2,1.7678245306,0,-18,0,0,0.48743727935,0.515630796641,1.76782450125,-1.07419833639,-1.2803872219,1.58982913303,0.610716710619,-141.745886196,-18,0.00181066707851,0.166357329448,1.76399525704,-1.982396768,4.80386550539e-08,-1.20096637585e-05,1.76580592412,0.488468578126,0.515685417151,-1.81603943855,0.473741828657,0.515060152862,-1.29206409546,2.33109959142,-82.560357942,-18,-143.392193498,0.48743727935,0.515630796641,-1.2803872219,1.58982913303,-1.2803872219,1.58982913303,2.25702401268,4,0
2410,4.82,1,0.0192300453782,0,-1.52096629143,0,0,-0.298215522666,-0.414197922374,0.0192300454661,2.8653975128,-0.317445568132,-3.27959543517,-2.39389857904,-54.7475523482,-1.52096626032,-0.000112853145207,-0.0104157890763,0.0194732084831,2.92390726424,-5.39856495618e-08,1.34964123897e-05,0.0193603553379,-0.299044014231,-0.414286271737,2.91349147516,-0.316955140751,-0.414978739795,-0.336315496089,-3.32847021495,-7.497172284,-1.52096626032,-57.0002106054,-0.298215522666,-0.414197922374,-0.317445568132,-3.27959543517,-0.317445568132,-3.27959543517,-0.141240321825,4,0
2410,4.82,2,1.74693381786,0,-18,0,0,0.49776940425,0.517747403045,1.74693376741,-1.01251957684,-1.24916436316,1.53026697988,0.667136410986,-138.177460149,-18,0.00186488088281,0.171343948296,1.7429893255,-1.94813976643,6.74820382351e-08,-1.68705095638e-05,1.74485420638,0.498805018707,0.517857839713,-1.77679581813,0.483980561416,0.517172867927,-1.26087364496,2.29396868606,-82.6085036305,-18,-139.834993965,0.49776940425,0.517747403045,-1.24916436316,1.53026697988,-1.24916436316,1.53026697988,2.32467022668,4,0
2420,4.84,1,0.0732703655958,0,-3.52096629143,0,0,-0.306495703201,-0.413197844347,0.0732703632075,2.55634105945,-0.379766066408,-2.9695389038,-2.39067636976,-60.7495933646,-3.52096626032,-0.000147618834812,-0.0136002684594,0.0735861314331,2.63189991786,1.50787655417e-07,-3.76969138585e-05,0.0734385125983,-0.307321868881,-0.412969749459,2.6182996494,-0.324848973518,-0.413962563944,-0.398287486116,-3.03226221335,-10.0306350368,-3.52096626032,-62.9558094007,-0.306495703201,-0.413197844347,-0.379766066408,-2.9695389038,-0.379766066408,-2.9695389038,-0.184460333726,4,0
2420,4.84,2,1.72784280777,0,-18,0,0,0.508119629917,0.516497305189,1.72784278563,-0.89952631941,-1.21972315572,1.4160236246,0.672415382872,-135.087057594,-18,0.00192366060619,0.176746266636,1.72377384661,-1.86470649778,-1.88484582275e-07,4.71211455796e-05,1.72569750722,0.509152337016,0.516212186559,-1.68796023114,0.493764993294,0.51589919533,-1.23193251392,2.20385942647,-82.8573936552,-18,-136.812604538,0.508119629917,0.516497305189,-1.21972315572,1.4160236246,-1.21972315572,1.4160236246,2.39796232692,4,0
2430,4.86,1,0.120280914009,0,-5.52096605301,0,0,-0.314744754271,-0.411685498805,0.120280912915,2.17130737378,-0.435025667186,-2.58299287259,-2.46693517717,-65.5110636971,-5.52096626032,-0.000177160946925,-0.0163076609988,0.120658504854,2.26140854535,2.46204645782e-07,-6.15511614414e-05,0.120481343907,-0.315567781053,-0.41132873766,2.24510088435,-0.33342675415,-0.412463915467,-0.453908098057,-2.65756479982,-12.3683173977,-5.52096626032,-67.756795766,-0.314744754271,-0.411685498805,-0.435025667186,-2.58299287259,-0.435025667186,-2.58299287259,-0.221203108343,4,0
2430,4.86,2,1.71155619621,0,-18,0,0,0.518430943748,0.514606873137,1.71155619238,-0.73758063514,-1.19312524863,1.25218750828,0.70193725288,-132.582552688,-18,0.00198430651632,0.182316122775,1.70735917915,-1.73309971799,-3.07755824713e-07,7.69389561865e-05,1.70934348567,0.519459727225,0.51416092168,-1.55078359522,0.503693227072,0.513992801608,-1.20565025859,2.06477639683,-83.3099507144,-18,-134.354149047,0.518430943748,0.514606873137,-1.19312524863,1.25218750828,-1.19312524863,1.25218750828,2.47353361165,4,0
2440,4.88,1,0.158821359277,0,-7.52096605301,0,0,-0.322922946857,-0.40515292287,0.158821356701,1.71722775239,-0.481744303559,-2.12238067526,-2.36783469851,-68.8710028638,-7.52096626032,-0.000203521773511,-0.0187259566493,0.159254344125,1.82040314553,5.89614004454e-07,-0.000147403501119,0.159050822352,-0.323732369412,-0.404269067107,1.80167718888,-0.340507552057,-0.405885614754,-0.499558374408,-2.20756280363,-14.4990124522,-7.52096626032,-70.9848189472,-0.322922946857,-0.40515292287,-0.481744303559,-2.12238067526,-0.481744303559,-2.12238067526,-0.254018615178,4,0
2440,4.88,2,1.6990032196,0,-18,0,0,0.52865368447,0.506441152892,1.69900325482,-0.531569248349,-1.17034957035,1.03801040124,0.672150322217,-130.79118151,-18,0.002044044585,0.187798801726,1.69468044337,-1.55682063046,-7.37017527119e-07,0.000184254381782,1.69672448795,0.529665462663,0.505336333156,-1.36902182874,0.513049294436,0.505790969974,-1.18367519352,1.87481279871,-83.9594173878,-18,-132.666959228,0.52865368447,0.506441152892,-1.17034957035,1.03801040124,-1.17034957035,1.03801040124,2.54792804095,4,0
2450,4.9,1,0.187569454312,0,-9.52096652985,0,0,-0.330949001932,-0.398876081439,0.187569458452,1.19914252331,-0.518518460384,-1.59801860475,-2.82219642492,-70.717566045,-9.52096626032,-0.000228980317602,-0.0210646429585,0.188056243219,1.31507141454,8.19493408133e-08,-2.04873351996e-05,0.187827262901,-0.331746692452,-0.398783797991,1.29400677159,-0.352049432104,-0.39975526603,-0.539876695005,-1.69376203762,-16.4130001209,-9.52096626032,-73.2540135887,-0.330949001932,-0.398876081439,-0.518518460384,-1.59801860475,-0.518518460384,-1.59801860475,-0.285748881237,4,0
2450,4.9,2,1.69099009037,0,-18,0,0,0.538686253297,0.498595100906,1.6909901129,-0.288644669009,-1.15230385961,0.787239769915,0.814672658039,-129.758999013,-18,0.00210016585285,0.192945649746,1.68654948626,-1.34167231798,-1.02436678473e-07,2.56091696274e-05,1.68864965212,0.539683366445,0.498479746593,-1.14872666823,0.523686469407,0.497970109911,-1.16496318271,1.64669677814,-84.7892471505,-18,-131.562098034,0.538686253297,0.498595100906,-1.15230385961,0.787239769915,-1.15230385961,0.787239769915,2.61777167976,4,0
2460,4.92,1,0.20528203249,0,-11.5209665298,0,0,-0.338869929171,-0.390766987809,0.205282028926,0.6201107169,-0.544151958097,-1.01087770471,-2.35389034555,-70.9172178853,-11.5209662603,-0.000255902259571,-0.0235410102926,0.205826010777,0.749656695024,9.98401535224e-07,-0.000249600383806,0.205570108517,-0.339649989781,-0.38928150372,0.726115684731,-0.355795114308,-0.391472203856,-0.561365222825,-1.11758788859,-18.1001924518,-11.5209662603,-72.951766182,-0.338869929171,-0.390766987809,-0.544151958097,-1.01087770471,-0.544151958097,-1.01087770471,-0.319342048889,4,0
2460,4.92,2,1.68815743923,0,-18,0,0,0.548587412327,0.488458733658,1.68815747652,-0.017958720656,-1.1395700642,0.506417454313,0.668353095554,-129.528846529,-18,0.00215003642671,0.19751482491,1.68361257353,-1.09549152844,-1.24800194146e-06,0.000312000485353,1.68576260995,0.549562488087,0.486601878513,-0.897976703533,0.53185454537,0.487761530868,-1.15390806458,1.3857382344,-85.773203226,-18,-131.540276578,0.548587412327,0.488458733658,-1.1395700642,0.506417454313,-1.1395700642,0.506417454313,2.67978314437,4,0
2470,4.94,1,0.210755467415,0,-13.5209665298,0,0,-0.346529805816,-0.375619184553,0.210755465625,-0.0187604581891,-0.557285271442,-0.356858726363,-2.61589141459,-69.2914444482,-13.5209662603,-0.000286649808565,-0.0263719440381,0.211365026524,0.126445268355,7.16570767223e-07,-0.000179142691802,0.211078376715,-0.347279912258,-0.374515792541,0.100073324316,-0.365315113383,-0.376401905701,-0.576393490098,-0.476475230018,-19.5482636603,-13.5209662603,-71.5495949619,-0.346529805816,-0.375619184553,-0.557285271442,-0.356858726363,-0.557285271442,-0.356858726363,-0.357740900891,4,0
2470,4.94,2,1.69094276428,0,-18,0,0,0.558162258108,0.46952397929,1.69094274335,0.269508009028,-1.13278048524,0.200015970262,0.742408962954,-130.160055697,-18,0.00219099612604,0.201261855087,1.68631273408,-0.827922066636,-8.95713470839e-07,0.000223928367713,1.6885037302,0.559099891157,0.468144739257,-0.626660211548,0.541622333753,0.468834815775,-1.14688139645,1.09549502732,-86.8753451323,-18,-132.148292438,0.558162258108,0.46952397929,-1.13278048524,0.200015970262,-1.13278048524,0.200015970262,2.7306457032,4,0
2480,4.96,1,0.202787861228,0,-15.5209665298,0,0,-0.353975137142,-0.368692479738,0.202787861388,-0.718198399928,-0.55676299853,0.349505920189,-2.57837360075,-65.7792353815,-15.5209662603,-0.000323524626558,-0.0297686837434,0.203476229617,-0.55414493089,1.00233398925e-06,-0.000250583497318,0.203152704991,-0.354711088515,-0.367223936139,-0.583913614633,-0.372065079738,-0.369446227346,-0.575217784729,0.214467387287,-20.7409192432,-15.5209662603,-67.9537972311,-0.353975137142,-0.368692479738,-0.55676299853,0.349505920189,-0.55676299853,0.349505920189,-0.403811751145,4,0
2480,4.96,2,1.69954371452,0,-18,0,0,0.567468922236,0.460865598159,1.6995437616,0.560947454024,-1.13207483936,-0.100081855865,0.73082331271,-131.516322273,-18,0.00222017228838,0.203922444251,1.69485392496,-0.550316591755,-1.25291750219e-06,0.000313229375557,1.69707409725,0.56838886145,0.459029918638,-0.346394147505,0.550532069596,0.460159895966,-1.14654202765,0.806554043471,-88.0496763775,-18,-133.552273101,0.567468922236,0.460865598159,-1.13207483936,-0.100081855865,-1.13207483936,-0.100081855865,2.76677414053,4,0
2490,4.98,1,0.180144608021,0,-17.5209655762,0,0,-0.36115932679,-0.348145406941,0.180144613795,-1.48053253145,-0.541303940585,1.13238712451,-2.33417231951,-60.1105924693,-17.5209662603,-0.000368675556453,-0.0339282233279,0.180929521803,-1.29338284262,1.5008876707e-06,-0.00037522191768,0.180560846246,-0.361853343728,-0.3458828032,-1.32731106595,-0.376748465309,-0.348794954379,-0.557309311555,0.97851611157,-21.6565155124,-17.5209662603,-61.9845368287,-0.36115932679,-0.348145406941,-0.541303940585,1.13238712451,-0.541303940585,1.13238712451,-0.460227960064,4,0
2490,4.98,2,1.71388030052,0,-18,0,0,0.576449159263,0.435181756876,1.71388032886,0.841513004175,-1.13743116959,-0.406331247299,0.641926825397,-133.664694798,-18,0.0022342376071,0.205190180251,1.70916304652,-0.275824460484,-1.87610960689e-06,0.000469027401727,1.71139728412,0.577316680432,0.432353502172,-0.0706342802333,0.558629383432,0.434439266216,-1.15276790069,0.505073546449,-89.2393278057,-18,-135.806780351,0.576449159263,0.435181756876,-1.13743116959,-0.406331247299,-1.13743116959,-0.406331247299,2.78401237844,4,0
2500,5,1,0.141680657864,0,-18,0,0,-0.367938536832,-0.333570537875,0.141680658653,-2.28336966699,-0.509619195485,1.94979912911,-3.28973322944,-52.2867583701,-18,-0.000404733673967,-0.0371737409043,0.142535834217,-2.08071641995,1.917125379e-07,-4.79281344794e-05,0.142131100543,-0.368605532862,-0.333354230489,-2.11789016085,-0.391109698201,-0.334536002932,-0.533240798743,1.78335415792,-20.7708861128,-18,-55.0721250596,-0.367938536832,-0.333570537875,-0.509619195485,1.94979912911,-0.509619195485,1.94979912911,-0.504366539903,4,0
2500,5,2,1.7334843874,0,-18,0,0,0.584923171777,0.416963170377,1.73348437679,1.08286481559,-1.14856120502,-0.665901645213,0.931534980646,-136.355360683,-18,0.00221573087281,0.203406181565,1.72881386056,-0.0219249462425,-2.39640674748e-07,5.99101686733e-05,1.73102959143,0.585756916811,0.416692786142,0.181481235323,0.569712874844,0.416329408005,-1.16131671659,0.234848172682,-90.3609468068,-18,-138.183765127,0.584923171777,0.416963170377,-1.14856120502,-0.665901645213,-1.14856120502,-0.665901645213,2.75993942447,4,0
2510,5.02,1,0.0874319896102,0,-18,0,0,-0.374488483806,-0.316709651081,0.0874319900302,-3.05914231676,-0.461920473837,2.74243266568,-2.26070752029,-42.6055189935,-18,-0.00040753825214,-0.0374327391535,0.088292872303,-2.85514474181,1.92143931438e-06,-0.000480359828599,0.0878853340509,-0.375119051541,-0.313842787657,-2.89257748096,-0.389070078056,-0.317317217508,-0.476955412107,2.57526026345,-19.1752528257,-18,-44.3583481356,-0.374488483806,-0.316709651081,-0.461920473837,2.74243266568,-0.461920473837,2.74243266568,-0.50787837815,4,0
2510,5.02,2,1.75702822208,0,-18,0,0,0.593110605455,0.395887061711,1.75702825241,1.24114254089,-1.16391764695,-0.845255479178,0.601386099141,-139.245165424,-18,0.00214945315949,0.1972919861,1.75250052412,0.170683236639,-2.401799161e-06,0.000600449790243,1.75464997728,0.593898815118,0.392303482404,0.36797522274,0.575843591335,0.39516760279,-1.17880638594,0.02719238005,-91.2343096193,-18,-141.320804413,0.593110605455,0.395887061711,-1.16391764695,-0.845255479178,-1.16391764695,-0.845255479178,2.67702508817,4,0
2520,5.04,1,0.0179776027799,0,-18,0,0,-0.380535669775,-0.289376618927,0.0179776029697,-3.80697638843,-0.398513272745,3.5175997695,-2.75415085308,-31.1367689036,-18,-0.00041417628497,-0.0380497867624,0.0188531961776,-3.59936560348,1.18951748052e-06,-0.00029737937013,0.0184390198927,-0.381112535814,-0.287540881396,-3.63741539024,-0.399152615579,-0.290152325002,-0.417591635472,3.34726306524,-17.3607169305,-18,-33.3746809304,-0.380535669775,-0.289376618927,-0.398513272745,3.5175997695,-0.398513272745,3.5175997695,-0.516238826185,4,0
2520,5.04,2,1.78274703026,0,-18,0,0,0.60066958787,0.361720771282,1.78274706634,1.3086016719,-1.18207747847,-0.946880900616,0.734606791282,-142.116170384,-18,0.00206672327409,0.189675986519,1.77839574217,0.280249799789,-1.48689685953e-06,0.000371724214877,1.78046246545,0.601390670414,0.359426099355,0.469925786307,0.585370205977,0.361083297037,-1.19509225947,-0.108842489271,-91.7702006937,-18,-143.955283583,0.60066958787,0.361720771282,-1.18207747847,-0.946880900616,-1.18207747847,-0.946880900616,2.57371998969,4,0
2530,5.06,1,-0.0661223009229,0,-18,0,0,-0.386212690309,-0.277932954453,-0.0661222978828,-4.52603885401,-0.320090392427,4.24810589956,-2.60795003884,-18.0958814327,-18,-0.0004243697233,-0.0389869056928,-0.0652250701016,-4.31328777385,1.62860445219e-06,-0.000407151113043,-0.0656494398249,-0.386766218992,-0.275542887765,-4.35227467954,-0.403507647096,-0.278653577653,-0.337858207271,4.07362110189,-15.3303546512,-18,-20.1748793631,-0.386212690309,-0.277932954453,-0.320090392427,4.24810589956,-0.320090392427,4.24810589956,-0.528952108469,4,0
2530,5.06,2,1.80877327919,0,-18,0,0,0.60776586349,0.347416190605,1.80877322002,1.28077268526,-1.20100735653,-0.933356494657,0.683423289186,-144.531316503,-18,0.00197119587195,0.18088621321,1.80462516,0.300861460768,-2.03575557689e-06,0.000508938894235,1.80659635587,0.608457774338,0.344428607228,0.481747673977,0.593032579817,0.346802303786,-1.21356377605,-0.134945370192,-91.9352157086,-18,-146.302379978,0.60776586349,0.347416190605,-1.20100735653,-0.933356494657,-1.20100735653,-0.933356494657,2.45448676408,4,0
2540,5.08,1,-0.163975983858,0,-16.2000007629,0,0,-0.391472118573,-0.246033391572,-0.163975989219,-5.17144616935,-0.227496129353,4.92541277777,-2.25058730545,-3.53179405243,-16.2,-0.000403239248002,-0.036945777183,-0.163132561852,-4.97320042325,2.2177115877e-06,-0.000554427896922,-0.1635358011,-0.39196081549,-0.242685174869,-5.01014620043,-0.406023285526,-0.246639690195,-0.242487484426,4.76350651024,-11.3344029802,-16.2,-5.28096557997,-0.391472118573,-0.246033391572,-0.227496129353,4.92541277777,-0.227496129353,4.92541277777,-0.501415777908,4,0
2540,5.08,2,1.83307361603,0,-18,0,0,0.614340148768,0.307541736794,1.83307359534,1.14141156156,-1.21873344658,-0.833869824764,0.546970299938,-146.44049497,-18,0.00184810910833,0.169523822297,1.82919081012,0.2253464173,-2.77213949762e-06,0.000693034874405,1.83103891923,0.614951019909,0.303356465895,0.394870239598,0.599753445578,0.306933957494,-1.23128547365,-0.0879362821032,-91.6868907023,-18,-148.193938249,0.614340148768,0.307541736794,-1.21873344658,-0.833869824764,-1.21873344658,-0.833869824764,2.30041357917,4,0
2550,5.1,1,-0.273106604815,0,-14.1999998093,0,0,-0.396126192875,-0.225048763855,-0.273106597453,-5.66643972168,-0.123019595422,5.44139095782,-3.58392311564,11.7404766155,-14.2,-0.000334005199595,-0.030567059714,-0.272411512951,-5.50371322063,2.7663813007e-07,-6.91595325202e-05,-0.272745518151,-0.396576080746,-0.224736456558,-5.53428028034,-0.422488937973,-0.226147211568,-0.149743419823,5.30813306878,-7.09156657344,-14.2,8.57145496514,-0.396126192875,-0.225048763855,-0.123019595422,5.44139095782,-0.123019595422,5.44139095782,-0.41490146531,4,0
2550,5.1,2,1.8532050848,0,-18,0,0,0.620157741591,0.281310952033,1.85320508503,0.879690512485,-1.23304734344,-0.598379560451,0.946209555151,-147.285144124,-18,0.0017068206951,0.156563320484,1.84961937347,0.0337335945214,-3.4579766417e-07,8.64494160293e-05,1.85132619417,0.620720101424,0.280920567911,0.190296915006,0.610355322424,0.280902517901,-1.24097087174,0.0906056028958,-90.9430020554,-18,-148.463476595,0.620157741591,0.281310952033,-1.23304734344,-0.598379560451,-1.23304734344,-0.598379560451,2.1245420259,4,0
2560,5.12,1,-0.390398532152,0,-12.1999998093,0,0,-0.400456571398,-0.201620521331,-0.390398534179,-6.0024592766,-0.0100580372193,5.80083875527,-2.12791459118,27.2707563446,-12.2,-0.000253320939053,-0.0231466189556,-0.389874811771,-5.88050769979,2.59554214638e-06,-0.000648885536588,-0.390128132711,-0.40085595211,-0.197743699354,-5.90365431874,-0.415544351905,-0.202249178852,-0.0254162191948,5.70140513989,-2.89403090629,-12.2,25.4570793961,-0.400456571398,-0.201620521331,-0.0100580372193,5.80083875527,-0.0100580372193,5.80083875527,-0.314237642691,4,0
2560,5.12,2,1.86699533463,0,-18,0,0,0.625570714688,0.252025648764,1.86699538504,0.521664039304,-1.24142467035,-0.26963839054,0.475091915942,-146.913244054,-18,0.00158139834305,0.145074977685,1.86367165917,-0.262776745903,-3.24442769439e-06,0.000811106923588,1.86525305751,0.626069940572,0.247179621275,-0.117701768218,0.61314620853,0.251507961007,-1.25210684898,0.369209729225,-89.7581422558,-18,-148.406773232,0.625570714688,0.252025648764,-1.24142467035,-0.26963839054,-1.24142467035,-0.26963839054,1.96862109362,4,0
2570,5.14,1,-0.512625336647,0,-10.1999998093,0,0,-0.404107614458,-0.165643432181,-0.512625352076,-6.17614354774,0.108517737618,6.01050011556,-2.78934337741,42.7365549191,-10.2,-0.000166986466526,-0.015214701067,-0.512284221976,-6.09749345932,1.50835447554e-06,-0.00037708861888,-0.512451208442,-0.404436503351,-0.163313180855,-6.11270816039,-0.425592987741,-0.166538656068,0.0868582207008,5.94616950432,1.17171656173,-10.2,40.1538340057,-0.404107614458,-0.165643432181,0.108517737618,6.01050011556,0.108517737618,6.01050011556,-0.206622463983,4,0
2570,5.14,2,1.87284636497,0,-18,0,0,0.630134518453,0.207054287184,1.87284633705,0.0975378229411,-1.2427118186,0.109516464243,0.650330059744,-145.38457043,-18,0.00148005404603,0.135805174159,1.86973305835,-0.637723055745,-1.88544309954e-06,0.000471360774894,1.8712131124,0.630545629564,0.204141473018,-0.501917881586,0.62021457547,0.206640956226,-1.25099853693,0.708558837812,-88.2409660286,-18,-146.577030243,0.630134518453,0.207054287184,-1.2427118186,0.109516464243,-1.2427118186,0.109516464243,1.84278987254,4,0
2580,5.16,1,-0.636570394039,0,-8.19999980927,0,0,-0.407280829306,-0.151165409133,-0.636570422282,-6.19147442163,0.229289592976,6.04030901249,-2.55390145181,57.5631179178,-8.2,-8.13016180637e-05,-0.00735261244201,-0.636409561948,-6.15539555801,2.04387862685e-06,-0.00051096965671,-0.636490863566,-0.40758022206,-0.148163468024,-6.16274817045,-0.427695076817,-0.15201600278,0.208795786749,6.01073216767,5.02539882956,-8.2,55.1091552483,-0.407280829306,-0.151165409133,0.229289592976,6.04030901249,0.229289592976,6.04030901249,-0.0999387823053,4,0
2580,5.16,2,1.86978232861,0,-18,0,0,0.634101036952,0.188956758326,1.86978228131,-0.361229286405,-1.23568124436,0.550186044731,0.566308949572,-142.488510438,-18,0.001406789452,0.129117120693,1.86681987317,-1.06147329077,-2.55484828993e-06,0.000638712072492,1.86822666262,0.634475277888,0.18520433193,-0.932356170075,0.624237542908,0.188545779408,-1.24398911971,1.12090194948,-86.5109069975,-18,-143.674184618,0.634101036952,0.188956758326,-1.23568124436,0.550186044731,-1.23568124436,0.550186044731,1.7519831294,4,0
2590,5.18,1,-0.759189069271,0,-6.19999980927,0,0,-0.409934103082,-0.112046151798,-0.759189079891,-6.06078645281,0.349254976809,5.94874030101,-2.13019289983,71.6663557603,-6.2,-3.7119000651e-06,-0.000243921120524,-0.759190457106,-6.06283180054,2.64721655951e-06,-0.000661804139884,-0.759194169007,-0.410154166117,-0.10804610536,-6.06307572166,-0.427626148831,-0.112783320371,0.331568020176,5.95029240129,8.60405484478,-6.2,69.5396244275,-0.409934103082,-0.112046151798,0.349254976809,5.94874030101,0.349254976809,5.94874030101,-0.00346156705566,4,0
2590,5.18,2,1.85744333267,0,-18,0,0,0.637417629109,0.140057686551,1.85744328311,-0.824845461748,-1.220025654,0.964903148298,0.40011949713,-138.62472902,-18,0.00136240263837,0.125079560724,1.85457091256,-1.50445253635,-3.30902070522e-06,0.000827255176313,1.8559333152,0.637692707897,0.135057628494,-1.37937297563,0.626627851266,0.139608112474,-1.22930546393,1.5189810881,-84.6837898637,-18,-139.921750231,0.637417629109,0.140057686551,-1.220025654,0.964903148298,-1.220025654,0.964903148298,1.69714070861,4,0
2600,5.2,1,-0.87776362896,0,-4.19999980927,0,0,-0.411860076081,-0.0873704602916,-0.877763639371,-5.8033442917,0.46590356329,5.7159738314,-3.66908119346,84.6327016369,-4.2,5.94103411869e-05,0.00552925045139,-0.877896051881,-5.83600246711,3.25723455319e-07,-8.14308638279e-05,-0.87783664154,-0.412034569895,-0.0870026145233,-5.83047321666,-0.443005897541,-0.0886682028525,0.434830743999,5.74180501381,11.8698656641,-4.2,80.8887143489,-0.411860076081,-0.0873704602916,0.46590356329,5.7159738314,0.46590356329,5.7159738314,0.0749060945476,4,0
2600,5.2,2,1.83602082729,0,-18,0,0,0.639825095293,0.109213072121,1.83602078856,-1.26792425603,-1.19619569327,1.37713732815,0.857415377442,-133.735942127,-18,0.00134452190149,0.12347068133,1.8331830096,-1.93992765292,-4.07154319815e-07,0.000101788579941,1.8345275315,0.640043212555,0.10875326491,-1.81645697159,0.633021540751,0.108929590681,-1.20150599075,1.92538656227,-82.8600732388,-18,-134.553786079,0.639825095293,0.109213072121,-1.19619569327,1.37713732815,-1.19619569327,1.37713732815,1.67525932977,4,0
2610,5.22,1,-0.990010023117,0,-2.20000004768,0,0,-0.413409857479,-0.0604101430741,-0.990010022755,-5.44228292646,0.576600165277,5.38187278339,-1.9752304466,96.3382058703,-2.2,0.00010440924084,0.00963556641141,-0.990234962551,-5.49639018357,2.93337562945e-06,-0.000733343907364,-0.990130553311,-0.413526308802,-0.0560256300193,-5.48675461716,-0.430928544543,-0.0611400883684,0.559202008767,5.42561452879,14.8120693909,-2.2,94.232313696,-0.413409857479,-0.0604101430741,0.576600165277,5.38187278339,0.576600165277,5.38187278339,0.130661727618,4,0
2610,5.22,2,1.8061466217,0,-18,0,0,0.641762321975,0.0755126755583,1.80614663234,-1.67140731201,-1.16438431037,1.74691998757,0.306515703842,-128.056312061,-18,0.00134826575054,0.123839536688,1.80329855876,-2.34629250978,-3.66671954011e-06,0.000916679885035,1.80464682451,0.641907886123,0.0700320342348,-2.22245297309,0.630334586756,0.0750365199241,-1.17431223776,2.29748949301,-81.1164704525,-18,-129.430021066,0.641762321975,0.0755126755583,-1.16438431037,1.74691998757,-1.16438431037,1.74691998757,1.68022470834,4,0
2620,5.24,1,-1.0941170454,0,-0.20000000298,0,0,-0.41419174128,-0.0204500625789,-1.09411704519,-5.00117894987,0.679925303913,4.98072888729,-2.7194260559,106.78370059,-0.2,0.000130767084719,0.0120315210344,-1.09439529436,-5.06747483775,1.63177434825e-06,-0.000407943587062,-1.09426452727,-0.414230043335,-0.0179271966572,-5.05544331671,-0.438172065178,-0.0214492427413,0.656092462094,5.03399407397,17.4434698543,-0.2,103.901065821,-0.41419174128,-0.0204500625789,0.679925303913,4.98072888729,0.679925303913,4.98072888729,0.163208712612,4,0
2620,5.24,2,1.76875591278,0,-18,0,0,0.642739676661,0.0255625749078,1.76875591812,-2.02334881559,-1.12601624146,2.0489113905,0.501213301826,-121.897424022,-18,0.00136733257447,0.125606387528,1.76586606878,-2.70840840076,-2.03971793566e-06,0.000509929483911,1.76723340135,0.642787554223,0.022408992505,-2.58280201323,0.632732390096,0.0251456046343,-1.13450101126,2.60794761787,-79.5022507232,-18,-123.100383261,0.642739676661,0.0255625749078,-1.12601624146,2.0489113905,-1.12601624146,2.0489113905,1.70417254106,4,0
2630,5.26,1,-1.18872320652,0,1.79999995232,0,0,-0.414450039841,-0.00481340290867,-1.1887232548,-4.50129406787,0.774273214964,4.49648066496,-2.42567567166,115.701141243,1.8,0.000140503676054,0.0129053032673,-1.1890201187,-4.57163715023,2.19435504595e-06,-0.000548588761483,-1.18887961503,-0.414456508391,-0.00158850835299,-4.55873184697,-0.436085576814,-0.00571488361585,0.752794038213,4.55301696335,19.7937309117,1.8,113.100369402,-0.414450039841,-0.00481340290867,0.774273214964,4.49648066496,0.774273214964,4.49648066496,0.175096168559,4,0
2630,5.26,2,1.72494637966,0,-18,0,0,0.643062549796,0.0060167503167,1.72494634231,-2.31863307817,-1.08188379251,2.32464982849,0.395374649491,-115.160953779,-18,0.00139511831735,0.128165093644,1.72199714888,-3.01787080517,-2.74294380764e-06,0.000685735951908,1.7233922672,0.643070635476,0.00198563212179,-2.88970571152,0.631886090771,0.005551064524,-1.09150617643,2.89525677605,-78.0400414417,-18,-116.504457291,0.643062549796,0.0060167503167,-1.08188379251,2.32464982849,-1.08188379251,2.32464982849,1.73887816143,4,0
2640,5.28,1,-1.27285075188,0,3.79999995232,0,0,-0.414153410273,0.0364573949282,-1.27285075802,-3.9599428428,0.858697347745,3.99640023772,-1.99088777408,123.321185046,3.8,0.000137127748272,0.0125803425167,-1.27313906745,-4.02799525054,2.73375742654e-06,-0.000683439356642,-1.2730019397,-0.414076328831,0.0405910390958,-4.01541490802,-0.43213551035,0.0357081407584,0.840866429349,4.05112304878,21.9018940739,3.8,121.159586766,-0.414153410273,0.0364573949282,0.858697347745,3.99640023772,0.858697347745,3.99640023772,0.170710505952,4,0
2640,5.28,2,1.6758518219,0,-18,0,0,0.642691762769,-0.0455717469676,1.67585186677,-2.55796165987,-1.033160104,2.51238991291,0.22109829075,-108.309337574,-18,0.00142556050342,0.130960114801,1.67283844718,-3.27239822504,-3.41719678121e-06,0.000854299195288,1.67426400769,0.64259541096,-0.050738802174,-3.14143811024,0.629750032723,-0.0461109857195,-1.04451397496,3.09532712452,-76.729764986,-18,-109.865041373,0.642691762769,-0.0455717469676,-1.033160104,2.51238991291,-1.033160104,2.51238991291,1.7768020901,4,0
2650,5.3,1,-1.34581851959,0,5.80000019073,0,0,-0.413101759653,0.0616272540662,-1.34581849357,-3.38992519774,0.932716733921,3.45155245181,-3.53625094186,129.450154688,5.8,0.000124642227763,0.0114242873527,-1.34607953677,-3.45135273356,3.32609190579e-07,-8.31522976401e-05,-1.34595489455,-0.412978252604,0.0620029814966,-3.43992844621,-0.443809205373,0.0603477771612,0.902145689172,3.50027622337,23.8098323316,5.8,125.758863818,-0.413101759653,0.0616272540662,0.932716733921,3.45155245181,0.932716733921,3.45155245181,0.15503992903,4,0
2650,5.3,2,1.62254095078,0,-18,0,0,0.641377199429,-0.0770340708643,1.62254090405,-2.74651029339,-0.981163704622,2.66947622253,0.677300508162,-101.224745744,-18,0.00145360298795,0.133528679948,1.61946890321,-3.47470096437,-4.15761487904e-07,0.000103940371978,1.6209225062,0.641222815611,-0.077503730152,-3.34117228442,0.631940561801,-0.0774272640988,-0.988981944394,3.26374502032,-75.5539634942,-18,-102.359108226,0.641377199429,-0.0770340708643,-0.981163704622,2.66947622253,-0.981163704622,2.66947622253,1.81166298964,4,0
2660,5.32,1,-1.40715312958,0,7.80000019073,0,0,-0.411670159677,0.0886267617151,-1.40715311155,-2.79972137737,0.995482951868,2.88834813908,-1.82423120412,134.126405584,7.8,0.000106840816585,0.00978486615358,-1.40737612433,-2.85206024916,2.89117124103e-06,-0.000722792810261,-1.40726928351,-0.411488594586,0.0929509236937,-2.842275383,-0.427950517463,0.087948413474,0.979318766049,2.93022379648,25.5573991115,7.8,132.169370908,-0.411670159677,0.0886267617151,0.995482951868,2.88834813908,0.995482951868,2.88834813908,0.132803471431,4,0
2660,5.32,2,1.56594192982,0,-18,0,0,0.639587699393,-0.110783455387,1.56594189887,-2.89257575255,-0.926354199477,2.78179229716,0.118064370555,-94.041107778,-18,0.00147532947147,0.135512675643,1.5628250832,-3.63117969406,-3.61396404625e-06,0.000903491011561,1.56430041267,0.639360743023,-0.116188657852,-3.49566701841,0.625274755079,-0.111379828066,-0.93902565759,3.38428719035,-74.483065218,-18,-95.761642959,0.639587699393,-0.110783455387,-0.926354199477,2.78179229716,-0.926354199477,2.78179229716,1.8385995516,4,0
2670,5.34,1,-1.4565089941,0,9.80000019073,0,0,-0.409481586093,0.127392745499,-1.4565090024,-2.19411821781,1.0470274163,2.32151096331,-2.55490609381,137.434080754,9.8,8.69230037815e-05,0.00795493025026,-1.45668988351,-2.23646534972,1.54378725215e-06,-0.000385946813043,-1.4566029605,-0.409224339029,0.129781372344,-2.22851041947,-0.431633812112,0.126469736081,1.02496914839,2.35498015555,27.1793068773,9.8,134.771198585,-0.409481586093,0.127392745499,1.0470274163,2.32151096331,1.0470274163,2.32151096331,0.107976075548,4,0
2670,5.34,2,1.50679421425,0,-18,0,0,0.636851982349,-0.159240935033,1.50679418974,-3.00640404638,-0.869942207386,2.84716311134,0.307038977044,-86.9205235768,-18,0.00148787746517,0.136650535164,1.50365224374,-3.75070208731,-1.9297340611e-06,0.000482433515263,1.5051401212,0.636530423513,-0.162226718583,-3.61405155215,0.623982476908,-0.159777164426,-0.881157644294,3.45427438772,-73.4797322606,-18,-88.4675453767,0.636851982349,-0.159240935033,-0.869942207386,2.84716311134,-0.869942207386,2.84716311134,1.85406077696,4,0
2680,5.36,1,-1.4936029911,0,11.8000001907,0,0,-0.406791504111,0.142162210937,-1.49360302214,-1.57499843644,1.08681151803,1.71716064738,-2.24094389498,139.14432712,11.8,6.7366167435e-05,0.00616100370702,-1.49374280678,-1.60764974079,2.06053851165e-06,-0.000515134627917,-1.49367544061,-0.406504210413,0.145192252896,-1.60148873708,-0.426129403598,0.141356465125,1.06754603701,1.7428452022,28.7033787467,11.8,136.819750453,-0.406791504111,0.142162210937,1.08681151803,1.71716064738,1.08681151803,1.71716064738,0.0836327725949,4,0
2680,5.36,2,1.44561946392,0,-18,0,0,0.633489379808,-0.177702766789,1.44561950751,-3.09927801215,-0.812130127706,2.92157524536,0.193107808294,-79.6114987526,-18,0.00148924185355,0.136759118274,1.44247625296,-3.84358889462,-2.57567313355e-06,0.000643918283398,1.44396549481,0.63313026268,-0.181490319229,-3.70682977635,0.619659619493,-0.178279006802,-0.824305875318,3.52855076955,-72.5019750065,-18,-81.2739511905,0.633489379808,-0.177702766789,-0.812130127706,2.92157524536,-0.812130127706,2.92157524536,1.8555602462,4,0
2690,5.38,1,-1.51816499233,0,13.8000001907,0,0,-0.403583401486,0.18023764927,-1.518164941,-0.94210052766,1.11458153952,1.12233817693,-1.8513544759,139.465678915,13.8,4.99828355895e-05,0.00456874721472,-1.51826841501,-0.966226144391,2.46612225729e-06,-0.000616530564326,-1.51821843218,-0.403219161968,0.183969350708,-0.961657397177,-0.419500575593,0.179574433683,1.09871785658,1.14123183086,30.149684822,13.8,137.552301944,-0.403583401486,0.18023764927,1.11458153952,1.12233817693,1.11458153952,1.12233817693,0.0620224949015,4,0
2690,5.38,2,1.38270878792,0,-18,0,0,0.629479251466,-0.225297064578,1.38270880925,-3.18286598629,-0.753229557782,2.95756892172,0.0333061722087,-72.3915664273,-18,0.00147804832805,0.135712909616,1.37959090244,-3.92084947209,-3.08265281201e-06,0.000770663202993,1.38106895077,0.629023952063,-0.229961691361,-3.78513656248,0.614437967287,-0.225923784752,-0.766630983486,3.55921277772,-71.5050853574,-18,-74.1996541297,0.629479251466,-0.225297064578,-0.753229557782,2.95756892172,-0.753229557782,2.95756892172,1.84139387463,4,0
2700,5.4,1,-1.52990150452,0,15.8000001907,0,0,-0.399690375418,0.202640757255,-1.52990150836,-0.293619319789,1.13021113294,0.496260077044,-3.2028294878,138.181858006,15.8,3.61058178876e-05,0.00330009976623,-1.52997622657,-0.311037055699,2.9640324406e-07,-7.41008110145e-05,-1.52994012075,-0.399284868646,0.202975688418,-0.307736955933,-0.426707054151,0.201515062308,1.1032330666,0.509252018241,31.5300965487,15.8,134.934228083,-0.399690375418,0.202640757255,1.13021113294,0.496260077044,1.13021113294,0.496260077044,0.0448004349705,4,0
2700,5.4,2,1.31811964512,0,-18,0,0,0.624612968822,-0.253300949463,1.31811962633,-3.26879085183,-0.693506657505,3.01548990237,0.429261244226,-64.9929105342,-18,0.00145334646196,0.1334250685,1.31505568736,-3.99364947115,-3.70504053882e-07,9.26260134671e-05,1.31650903382,0.624106085352,-0.253719613415,-3.86022440265,0.613123570126,-0.253779674409,-0.703385463697,3.60644472824,-70.4426298446,-18,-66.3740320025,0.624612968822,-0.253300949463,-0.693506657505,3.01548990237,-0.693506657505,3.01548990237,1.81038271252,4,0
2710,5.42,1,-1.52846992016,0,17.7999992371,0,0,-0.395462867145,0.226181493698,-1.52846997519,0.373434891687,1.13300710805,-0.147253397989,-1.6942160806,135.281214803,17.8,2.68581520995e-05,0.00245815797983,-1.52852585818,0.360347564394,2.47439683398e-06,-0.000618599208494,-1.52849900003,-0.395006808578,0.229885081322,0.362805722374,-0.409834429435,0.225582678603,1.11866457059,-0.137223043771,32.8478838064,17.8,133.553633252,-0.395462867145,0.226181493698,1.13300710805,-0.147253397989,1.13300710805,-0.147253397989,0.0333654696603,4,0
2710,5.42,2,1.25168013573,0,-18,0,0,0.619328583425,-0.282726869904,1.25168015487,-3.36836021084,-0.632351571441,3.08563334093,-0.0659328599974,-57.3923106439,-18,0.00141444911494,0.129832756859,1.24870022871,-4.07296376363,-3.09299602941e-06,0.000773249007347,1.25011467783,0.61875851021,-0.287356354414,-3.94313100677,0.604124923544,-0.283360355733,-0.645989754283,3.65977065104,-69.2668102609,-18,-59.2199172588,0.619328583425,-0.282726869904,-0.632351571441,3.08563334093,-0.632351571441,3.08563334093,1.76167375486,4,0
2720,5.44,1,-1.51365160942,0,18,0,0,-0.390587380104,0.258730995701,-1.51365161017,1.03390222753,1.12306423007,-0.775171231824,-2.31639180453,130.892957712,18,5.56861482666e-06,0.000457035838899,-1.51365836026,1.03325229441,1.25579248728e-06,-0.000313948121822,-1.51365279165,-0.39006791195,0.260675921344,1.03370933025,-0.409909485741,0.257925907966,1.10374330591,-0.775783422285,32.3265630563,18,128.570279597,-0.390587380104,0.258730995701,1.12306423007,-0.775171231824,1.12306423007,-0.775171231824,0.00628631060183,4,0
2720,5.44,2,1.18311595917,0,-18,0,0,0.61323422457,-0.32341374722,1.18311593329,-3.47467158557,-0.569881708721,3.15125783835,0.0927344457474,-49.6289852632,-18,0.00138201944246,0.126901183821,1.18020025969,-4.16487118788,-1.56974060084e-06,0.000392435150219,1.18158227913,0.612584889372,-0.32584490426,-4.03797000406,0.599681998076,-0.323978423323,-0.581900281056,3.71399158074,-67.9557238785,-18,-51.2580758231,0.61323422457,-0.32341374722,-0.569881708721,3.15125783835,-0.569881708721,3.15125783835,1.72182500557,4,0
2730,5.46,1,-1.4861780405,0,18,0,0,-0.385297435177,0.270719786699,-1.48617802254,1.64495668772,1.10088058737,-1.37423690102,-2.02251272699,125.157855309,18,-3.10421025845e-05,-0.00289476741216,-1.48610829686,1.66224918313,1.65976582561e-06,-0.000414941456399,-1.48613933896,-0.384753599997,0.273162414439,1.65935441572,-0.401796336711,0.270032332468,1.08434300225,-1.38932208325,31.5972419422,18,123.174549854,-0.385297435177,0.270719786699,1.10088058737,-1.37423690102,1.10088058737,-1.37423690102,-0.0392072717181,4,0
2730,5.46,2,1.11258888245,0,-18,0,0,0.606621793359,-0.338399735886,1.11258882818,-3.56720269353,-0.505967034819,3.22880295764,-0.0146497992724,-41.607968679,-18,0.00136594793216,0.125416405888,1.10970774952,-4.24906810431,-2.07470727043e-06,0.000518676817611,1.11107369746,0.605941999379,-0.341453020545,-4.12365169842,0.59234372191,-0.33899465553,-0.518729975546,3.78465704289,-66.5949292399,-18,-43.3243118511,0.606621793359,-0.338399735886,-0.505967034819,3.22880295764,-0.505967034819,3.22880295764,1.70169337288,4,0
2740,5.48,1,-1.44693624973,0,18,0,0,-0.379593490035,0.30066694511,-1.44693628631,2.21637526872,1.06734279628,-1.91570832361,-1.72815880739,118.37035624,18,-5.81047973995e-05,-0.00536442089791,-1.44681090046,2.24657248342,1.8789849266e-06,-0.000469746231654,-1.44686900526,-0.378989282037,0.303513237651,2.24120806252,-0.393364737168,0.300093143146,1.05350426809,-1.94111491937,30.8457443538,18,116.714937575,-0.379593490035,0.30066694511,1.06734279628,-1.91570832361,1.06734279628,-1.91570832361,-0.0727401416005,4,0
2740,5.48,2,1.04028904438,0,-18,0,0,0.599491861884,-0.375833683672,1.04028906557,-3.6536383657,-0.440797203684,3.27780468202,-0.139409808563,-33.5956878887,-18,0.00134253386313,0.123255475934,1.03745842428,-4.32336989221,-2.34873114224e-06,0.000587182785566,1.03880095815,0.598736601882,-0.379391549325,-4.20011441628,0.584419692211,-0.376461690742,-0.454381265937,3.82365272553,-65.1881929603,-18,-35.4074882847,0.599491861884,-0.375833683672,-0.440797203684,3.27780468202,-0.440797203684,3.27780468202,1.6723905875,4,0
2750,5.5,1,-1.39660859108,0,18,0,0,-0.373363455339,0.317400833745,-1.39660862934,2.75810618559,1.023245174,-2.44070535185,-2.71017120011,110.422947254,18,-7.37434643932e-05,-0.00678472071195,-1.39645173016,2.79548454266,2.21796331579e-07,-5.54490828933e-05,-1.39652547363,-0.372728484881,0.317651576131,2.78869982195,-0.39514343864,0.31649333444,1.00138203499,-2.47220648751,30.0456025383,18,107.804811761,-0.373363455339,0.317400833745,1.023245174,-2.44070535185,1.023245174,-2.44070535185,-0.092035707416,4,0
2750,5.5,2,0.966276228428,0,-18,0,0,0.59170431847,-0.396751044313,0.966276220673,-3.7392535767,-0.374571902203,3.34250253239,0.144852556672,-25.3925525673,-18,0.0013122826147,0.120469530659,0.96351018643,-4.3935456753,-2.77245412406e-07,6.93113531138e-05,0.964822469044,0.590910605393,-0.397064472294,-4.27307614465,0.579311246655,-0.397267422305,-0.385511222389,3.87580872234,-63.7153246033,-18,-26.882303075,0.59170431847,-0.396751044313,-0.374571902203,3.34250253239,-0.374571902203,3.34250253239,1.63460306442,4,0
2760,5.52,1,-1.33568537235,0,18,0,0,-0.366887739934,0.334432943627,-1.33568542349,3.27944691419,0.968797683557,-2.94501397056,-1.59990683515,101.361918016,18,-7.79120846926e-05,-0.0071517283085,-1.33552121854,3.31827444538,1.7370482403e-06,-0.000434262060077,-1.33559913063,-0.36621627324,0.337036133055,3.31112271707,-0.37938992438,0.333912019275,0.956209206247,-2.9772106978,29.1662452146,18,99.8590512606,-0.366887739934,0.334432943627,0.968797683557,-2.94501397056,0.968797683557,-2.94501397056,-0.0970400798977,4,0
2760,5.52,2,0.890531301498,0,-18,0,0,0.583609674173,-0.418041181493,0.890531325377,-3.82693654591,-0.306921651204,3.40889536442,-0.222294545676,-17.0196617526,-18,0.00127728996422,0.117251023684,0.887839636063,-4.46353389916,-2.17131028124e-06,0.000542827570301,0.889116926027,0.582770340802,-0.42129516825,-4.34628287547,0.568525557003,-0.418669686375,-0.320591369024,3.9276131891,-62.1638897671,-18,-18.8328983373,0.583609674173,-0.418041181493,-0.306921651204,3.40889536442,-0.306921651204,3.40889536442,1.59094203906,4,0
2770,5.54,1,-1.26462948322,0,18,0,0,-0.359956990458,0.356548964384,-1.26462953125,3.76651213989,0.90467254079,-3.4099631755,-2.03245679818,91.2859984996,18,-9.7466188073e-05,-0.00901552131722,-1.26441787061,3.81776509798,8.05101646573e-07,-0.000201275411647,-1.2645153368,-0.359242601689,0.357798211069,3.80874957667,-0.375848030275,0.355886837725,0.888667306525,-3.45286273894,28.1834619052,18,89.3757630883,-0.359956990458,0.356548964384,0.90467254079,-3.4099631755,0.90467254079,-3.4099631755,-0.122221386889,4,0
2770,5.54,2,0.813568532467,0,-16.1948871613,0,0,0.574946237292,-0.445686207171,0.813568523603,-3.83295033132,-0.238622286311,3.38726412415,-0.114639103558,-8.92106977349,-16.1948870848,0.00127275954356,0.116937455561,0.810877038071,-4.47129515577,-1.0063770467e-06,0.00025159426168,0.812149797614,0.574053251326,-0.44724776551,-4.35435770021,0.560794423542,-0.446275866077,-0.251355374073,3.90808183414,-53.5912026889,-16.1948870848,-10.622235718,0.574946237292,-0.445686207171,-0.238622286311,3.38726412415,-0.238622286311,3.38726412415,1.586526841,4,0
2780,5.56,1,-1.18454194069,0,18,0,0,-0.352752529321,0.364203855174,-1.18454199751,4.19026312919,0.831789468191,-3.82605927401,-1.79621861398,80.3657526866,18,-0.000141484272675,-0.0130467752687,-1.18423822629,4.2631524428,1.0439596928e-06,-0.000260989923206,-1.18437971056,-0.35202261004,0.365742610402,4.25010566753,-0.366223172584,0.363642578372,0.818156537974,-3.88646308916,27.1095253873,18,78.7464691111,-0.352752529321,0.364203855174,0.831789468191,-3.82605927401,0.831789468191,-3.82605927401,-0.17693503849,4,0
2780,5.56,2,0.738905549049,0,-14.1948871613,0,0,0.565940660838,-0.455254820549,0.738905524083,-3.61939020072,-0.172964863245,3.16413538017,-0.201704401689,-2.0645222367,-14.1948870848,0.00131430200364,0.120764685761,0.736124919631,-4.27908051809,-1.30494960071e-06,0.000326237400182,0.737439221635,0.565028261733,-0.457178264561,-4.15831583233,0.550632736101,-0.455892650747,-0.186806485533,3.70242318159,-45.0587263364,-14.1948870848,-3.90466235605,0.565940660838,-0.455254820549,-0.172964863245,3.16413538017,-0.172964863245,3.16413538017,1.63843571766,4,0
2790,5.58,1,-1.09657371044,0,18,0,0,-0.345291724814,0.382142884717,-1.09657375839,4.56178627886,0.751282033573,-4.17964339415,-1.63473745252,68.8707690899,18,-0.000173877569945,-0.0160009388469,-1.09620353807,4.65004658531,1.04841289056e-06,-0.000262103222642,-1.09637741564,-0.344525827408,0.383735012671,4.63404564646,-0.357085314967,0.381651485128,0.739292100669,-4.25239416133,25.9312671108,18,67.4530812737,-0.345291724814,0.382142884717,0.751282033573,-4.17964339415,0.751282033573,-4.17964339415,-0.217049636235,4,0
2790,5.58,2,0.670802056789,0,-12.1948871613,0,0,0.556614655175,-0.47767860718,0.670802060213,-3.20045540184,-0.114187405038,2.72277679466,-0.275386444365,2.88300684974,-12.1948870848,0.00136066582257,0.125023498961,0.66792346482,-3.8833708873,-1.31051609298e-06,0.000327629023242,0.669284130642,0.555657283415,-0.479668767092,-3.75834738834,0.540213094188,-0.478362005555,-0.129071036454,3.27998538278,-37.4331649179,-12.1948870848,0.911402539384,0.556614655175,-0.47767860718,-0.114187405038,2.72277679466,-0.114187405038,2.72277679466,1.69621786599,4,0
2800,5.6,1,-1.00163638592,0,18,0,0,-0.337531822964,0.391039570006,-1.00163642975,4.89317820624,0.664104606789,-4.50213863624,-2.11960230516,56.7646596146,18,-0.000190835847265,-0.0175364280083,-1.00123247393,4.98903975856,1.18454263454e-07,-2.9613565864e-05,-1.00142330977,-0.336749653368,0.391173638312,4.97150333055,-0.353185353421,0.39038733957,0.648237956354,-4.58111599098,24.626892293,18,54.8829748076,-0.337531822964,0.391039570006,0.664104606789,-4.50213863624,0.664104606789,-4.50213863624,-0.237917498106,4,0
2800,5.6,2,0.613158643246,0,-10.1948871613,0,0,0.546914777838,-0.488799463601,0.613158659298,-2.59545628528,-0.0662438814596,2.10665682168,-0.139751352295,5.65365768601,-10.1948870848,0.00140615412521,0.129196705184,0.610184421808,-3.30094686027,-1.48067826777e-07,3.70169566953e-05,0.611590575934,0.545937065842,-0.48896704898,-3.17175015508,0.53117046165,-0.489455476775,-0.0804201142839,2.68229467831,-30.7286748366,-10.1948870848,3.76105967748,0.546914777838,-0.488799463601,-0.0662438814596,2.10665682168,-0.0662438814596,2.10665682168,1.75284665624,4,0
2810,5.62,1,-0.900402545929,0,18,0,0,-0.329646871431,0.399356432831,-0.900402561069,5.1961205187,0.570755689637,-4.79676408587,-1.5511074517,44.0910843027,18,-0.000192172915063,-0.0176383124193,-0.89999776033,5.29181136825,7.74653761138e-07,-0.000193663440288,-0.900189933245,-0.328846989484,0.400521963961,5.27417305583,-0.34055938279,0.398901744858,0.559630550455,-4.87527131097,23.1775606714,18,42.7793094998,-0.329646871431,0.399356432831,0.570755689637,-4.79676408587,0.570755689637,-4.79676408587,-0.239332648801,4,0
2810,5.62,2,0.569451451302,0,-8.19488716125,0,0,0.537058588403,-0.499195541923,0.56945146321,-1.82723370864,-0.0323928748066,1.32803816672,-0.331372174118,5.90894293278,-8.19488708483,0.00144679655952,0.132918906212,0.566392375389,-2.55263703979,-9.6831717844e-07,0.000242079294608,0.567839171949,0.536058735967,-0.500652455801,-2.41971813357,0.519299938116,-0.499935485685,-0.0485392338325,1.91978264789,-24.9342209433,-8.19488708483,3.77420517954,0.537058588403,-0.499195541923,-0.0323928748066,1.32803816672,-0.0323928748066,1.32803816672,1.80336557912,4,0
2820,5.64,1,-0.793326497078,0,18,0,0,-0.321558783146,0.408173698161,-0.793326513881,5.48069461248,0.471767730735,-5.07252091432,-1.73763649948,30.8655315119,18,-0.000179247889962,-0.0164335601356,-0.792950686902,5.56920859543,2.50104656596e-07,-6.25261641427e-05,-0.793129934792,-0.320742027468,0.408565417865,5.55277503529,-0.334158758869,0.407648699173,0.458971175923,-5.14512633612,21.569198552,18,29.3509094302,-0.321558783146,0.408173698161,0.471767730735,-5.07252091432,0.471767730735,-5.07252091432,-0.223014417782,4,0
2820,5.64,2,0.542658090591,0,-6.19488716125,0,0,0.526948478032,-0.510217123272,0.542658072652,-0.922468855906,-0.0157095946198,0.412251732634,-0.288734626419,3.39604555593,-6.19488708483,0.00147791215675,0.135758910873,0.539534930268,-1.66272989076,-3.12630807908e-07,7.81577019868e-05,0.541012842425,0.525927533433,-0.510706772882,-1.52697097988,0.50922374258,-0.510955653915,-0.0317890998448,1.01601532597,-20.0120681576,-6.19488708483,1.26538464847,0.526948478032,-0.510217123272,-0.0157095946198,0.412251732634,-0.0157095946198,0.412251732634,1.84192628104,4,0
2830,5.66,1,-0.680693209171,0,17.6000003815,0,0,-0.313373190549,0.410502947907,-0.680693183887,5.75297005847,0.367319993338,-5.34246711056,-1.58935174928,17.0337982112,17.6,-0.000154974659608,-0.0141918441645,-0.680368404549,5.82953967767,2.92901799148e-07,-7.32254497849e-05,-0.680523379209,-0.312551752952,0.410938474884,5.8153478335,-0.324992462105,0.410018811592,0.355530917104,-5.40532902191,19.3966543341,17.6,15.6370649429,-0.313373190549,0.410502947907,0.367319993338,-5.34246711056,0.367319993338,-5.34246711056,-0.192618480958,4,0
2830,5.66,2,0.53517729044,0,-4.19488716125,0,0,0.516716487275,-0.51312868533,0.535177299805,0.0885477329936,-0.0184608125296,-0.601676418323,-0.344233489868,-1.97115024211,-4.19488708483,0.00149365814894,0.137178078825,0.532021939444,-0.659255363374,-3.66127231421e-07,9.15318078667e-05,0.533515597593,0.515689690278,-0.513673094026,-0.522077284548,0.498369529555,-0.513893141901,-0.0351460680381,0.00818414264699,-15.8952608915,-4.19488708483,-4.17660745133,0.516716487275,-0.51312868533,-0.0184608125296,-0.601676418323,-0.0184608125296,-0.601676418323,1.86122371935,4,0
2840,5.68,1,-0.562840759754,0,15.6000003815,0,0,-0.305122122375,0.414109730752,-0.562840732773,6.00929647449,0.257718610398,-5.59518674374,-1.58143966846,2.75418394242,15.6,-0.000101773400925,-0.00922264045926,-0.562637352522,6.05530366787,8.20121529022e-08,-2.0503038219e-05,-0.562739125923,-0.304293762546,0.414241423596,6.04608102741,-0.317235364218,0.413605012342,0.245503761704,-5.63247601507,15.4906507754,15.6,1.29807132921,-0.305122122375,0.414109730752,0.257718610398,-5.59518674374,0.257718610398,-5.59518674374,-0.125327055244,4,0
2840,5.68,2,0.547495901585,0,-6.19488716125,0,0,0.506402652052,-0.517637163556,0.547495907766,0.992960360019,-0.0410932557132,-1.51059752357,-0.357296697,-9.37813686062,-6.19488708483,0.00144398490925,0.132445543441,0.544462651416,0.277449042585,-1.02515169131e-07,2.56287922704e-05,0.545906636325,0.505367202266,-0.517801779578,0.409894586026,0.488478960862,-0.518383984022,-0.0574276754633,-0.928278570048,-27.8454579334,-6.19488708483,-11.5327139058,0.506402652052,-0.517637163556,-0.0410932557132,-1.51059752357,-0.0410932557132,-1.51059752357,1.79728034822,4,0
2850,5.7,1,-0.439832180738,0,13.6000003815,0,0,-0.296837699072,0.414016589312,-0.439832179658,6.26256882071,0.142994480586,-5.8485522314,-1.50620083163,-12.1165535,13.6,-2.33048977857e-05,-0.00205628565819,-0.439791055675,6.270823451,-2.34324559756e-10,5.85811332221e-08,-0.439814360573,-0.296009665492,0.414016614116,6.26876716534,-0.309134429735,0.413504225534,0.130679930838,-5.8552629398,11.430979174,13.6,-13.5947229985,-0.296837699072,0.414016589312,0.142994480586,-5.8485522314,0.142994480586,-5.8485522314,-0.0280313331794,4,0
2850,5.7,2,0.574033796787,0,-8.19488716125,0,0,0.496047122923,-0.517520736553,0.574033794313,1.55071370882,-0.0779866713892,-2.06823444537,-0.387836119757,-16.8552441673,-8.19488708483,0.00132373001628,0.121404437943,0.571254636285,0.895373817914,2.9290836423e-10,-7.32270861725e-08,0.572578366301,0.495012080949,-0.517520767555,1.01677825586,0.479115630397,-0.518226215408,-0.0934627359036,-1.53500447126,-38.7595072765,-8.19488708483,-18.8905506648,0.496047122923,-0.517520736553,-0.0779866713892,-2.06823444537,-0.0779866713892,-2.06823444537,1.64747037766,4,0
2860,5.72,1,-0.312140107155,0,11.6000003815,0,0,-0.288565058113,0.412540701465,-0.312140104348,6.47597399026,0.0235750462344,-6.0634332888,-1.55305058613,-27.4302708863,11.6,2.29651973635e-05,0.00214658762361,-0.312192282474,6.46295051101,-2.88102145807e-07,7.20255364556e-05,-0.312169317276,-0.287740390816,0.412117572165,6.46509709864,-0.301726513581,0.411992307487,0.010442803695,-6.05310479115,7.26087417753,11.6,-29.0123875124,-0.288565058113,0.412540701465,0.0235750462344,-6.0634332888,0.0235750462344,-6.0634332888,0.0290660399036,4,0
2860,5.72,2,0.608257353306,0,-10.1948871613,0,0,0.485706321729,-0.515675876524,0.608257343109,1.79927009498,-0.12255102138,-2.3149459715,-0.379057798043,-23.6689436686,-10.1948870848,0.00121414853221,0.111369417121,0.605706891326,1.19759020497,3.60127705878e-07,-9.00319264667e-05,0.606921039858,0.484675487607,-0.515146964864,1.30895962209,0.469980887895,-0.516331102934,-0.136940151963,-1.82529072502,-48.5551215366,-10.1948870848,-25.5592718607,0.485706321729,-0.515675876524,-0.12255102138,-2.3149459715,-0.12255102138,-2.3149459715,1.51127039409,4,0
2870,5.74,1,-0.180902868509,0,9.60000038147,0,0,-0.280367495406,0.406916877356,-0.180902874381,6.62006884436,-0.0994646210245,-6.21315196701,-1.46940193827,-42.9151748417,9.6,3.9250451756e-05,0.00360877578588,-0.18098623387,6.60025078223,-3.37295016639e-07,8.43237541641e-05,-0.180946983419,-0.279554188823,0.406400320246,6.60385955801,-0.292998560746,0.406390582967,-0.112051577327,-6.19746897504,3.05623736866,9.6,-44.4335341545,-0.280367495406,0.406916877356,-0.0994646210245,-6.21315196701,-0.0994646210245,-6.21315196701,0.0489573744835,4,0
2870,5.74,2,0.644468128681,0,-12.1948871613,0,0,0.475459368354,-0.50864609607,0.644468126375,1.78391094107,-0.169008758021,-2.29255703714,-0.406889367281,-29.30723533,-12.1948870848,0.00112950801596,0.103638673895,0.642092403849,1.22286125176,4.21618783608e-07,-0.000105404695901,0.643221911865,0.474442735127,-0.508000399663,1.32649992565,0.460375533831,-0.509274589176,-0.182846378035,-1.83577451483,-57.2855717236,-12.1948870848,-31.1204379383,0.475459368354,-0.50864609607,-0.169008758021,-2.29255703714,-0.169008758021,-2.29255703714,1.40631324104,4,0
2880,5.76,1,-0.0477185212076,0,7.59999990463,0,0,-0.272261268052,0.403618716619,-0.0477185208972,6.67763520546,-0.224542747155,-6.27401648884,-1.42835632896,-58.2375985816,7.6,3.6735487174e-05,0.00336239778231,-0.0477950562724,6.65970530076,-4.96103425784e-07,0.000124025856441,-0.0477583207852,-0.271454734717,0.402894589997,6.66306769854,-0.284523271622,0.403107799804,-0.236764950837,-6.25995989874,-1.10150660857,7.6,-59.7115935941,-0.272261268052,0.403618716619,-0.224542747155,-6.27401648884,-0.224542747155,-6.27401648884,0.0456386835408,4,0
2880,5.76,2,0.677946448326,0,-14.1948871613,0,0,0.465326584175,-0.504523395026,0.677946445375,1.55604714799,-0.2126198612,-2.06057054302,-0.423540992703,-33.4810729707,-14.1948870848,0.00107845436939,0.0990012966687,0.675673693984,1.01847636216,6.201292993e-07,-0.000155032324823,0.676752148354,0.464318417508,-0.503618236723,1.11747765883,0.450628318815,-0.50513582275,-0.226123829539,-1.62261348158,-65.0557840295,-14.1948870848,-35.2479269526,0.465326584175,-0.504523395026,-0.2126198612,-2.06057054302,-0.2126198612,-2.06057054302,1.34331298922,4,0
2890,5.78,1,0.085621535778,0,5.59999990463,0,0,-0.264288915703,0.392425970614,0.0856215340093,6.64514312684,-0.349910449712,-6.25271715623,-1.5751741985,-73.1927886867,5.6,2.84895628367e-05,0.00260722631353,0.0855622646929,6.63126440263,-8.95013792079e-07,0.000223753448019,0.0855907542558,-0.263505412849,0.391080166686,6.63387162894,-0.277687016872,0.391867716399,-0.363277771127,-6.24200391254,-5.13773078846,5.6,-74.803352098,-0.264288915703,0.392425970614,-0.349910449712,-6.25271715623,-0.349910449712,-6.25271715623,0.0353892128108,4,0
2890,5.78,2,0.705025374889,0,-16.1948871613,0,0,0.455361143757,-0.490532462201,0.705025394372,1.16845162474,-0.249664250615,-1.65898408694,-0.3741883997,-35.9366514314,-16.1948870848,0.00106512213829,0.0978291588155,0.702775856703,0.635452623244,1.118767261e-06,-0.000279691815246,0.703840978841,0.454381765191,-0.48885020726,0.733281782059,0.44120641882,-0.491122242407,-0.262634560021,-1.22440402447,-72.0053033827,-16.1948870848,-37.6381673248,0.455361143757,-0.490532462201,-0.249664250615,-1.65898408694,-0.249664250615,-1.65898408694,1.3273274937,4,0
2900,5.8,1,0.217391654849,0,3.59999990463,0,0,-0.256553271811,0.383355069524,0.217391655424,6.53098317287,-0.473944927236,-6.14762810334,-0.949780399703,-87.5539229278,3.6,2.59576779735e-05,0.00238977476828,0.217336349674,6.51777598039,-1.18892553802e-07,2.97231384452e-05,0.217362307352,-0.255786651377,0.383221047613,6.52016575516,-0.264724049788,0.383014620442,-0.48208635714,-6.13715113472,-8.99379023033,3.6,-88.5361185303,-0.256553271811,0.383355069524,-0.473944927236,-6.14762810334,-0.473944927236,-6.14762810334,0.0324152028476,4,0
2900,5.8,2,0.723052382469,0,-18,0,0,0.445691588916,-0.479193835649,0.723052362933,0.669281514732,-0.277360774017,-1.14847535038,-0.566830744927,-36.6492148249,-18,0.00108771981646,0.0999495040714,0.720750840136,0.123172320387,1.48615694751e-07,-3.71539236846e-05,0.721838559953,0.444733313376,-0.479026308258,0.223121824458,0.429695556079,-0.479860337017,-0.292143003874,-0.702982161476,-77.5059494617,-18,-38.5720712722,0.445691588916,-0.479193835649,-0.277360774017,-1.14847535038,-0.277360774017,-1.14847535038,1.35602570243,4,0
2910,5.82,1,0.345812499523,0,1.60000002384,0,0,-0.248964715812,0.372277641864,0.34581249289,6.31255229305,-0.594777208702,-5.94027465119,-1.60614112863,-101.104300532,1.6,-7.40546734121e-06,-0.000746433401883,0.345834340014,6.31888457302,-1.31353254793e-06,0.000328383136981,0.345826934546,-0.24822210417,0.370320671285,6.31813813962,-0.262242643358,0.371724394883,-0.608069577905,-5.94641374474,-12.6109444655,1.6,-102.700418072,-0.248964715812,0.372277641864,-0.594777208702,-5.94027465119,-0.594777208702,-5.94027465119,-0.0100235881197,4,0
2910,5.82,2,0.731276035309,0,-18,0,0,0.436205893943,-0.465347050873,0.731276009436,0.225622025516,-0.295070115493,-0.690969076389,-0.358672888963,-36.2402152543,-18,0.00118818247688,0.109312857453,0.728749538783,-0.376180713049,1.64191570623e-06,-0.000410478926561,0.729937721259,0.435277629394,-0.462900837617,-0.266867855595,0.42088644475,-0.465985361256,-0.309051276509,-0.199117505661,-75.6924303475,-18,-38.0817407094,0.436205893943,-0.465347050873,-0.295070115493,-0.690969076389,-0.295070115493,-0.690969076389,1.48285256611,4,0
2920,5.84,1,0.418267816305,0,-0.40000000596,0,0,-0.241719726192,0.35294133127,0.418267812825,1.12370579858,-0.659987539017,-0.770764467308,-1.26343332699,-93.8860223105,-0.4,-0.00537209725988,-0.487902155094,0.429244519154,3.64383639439,-8.80995928959e-07,0.000220248982243,0.423872421894,-0.241015237857,0.351583420675,3.15593423929,-0.197089088775,0.354800941163,-0.620961510669,-2.80113329813,-12.5034774056,-0.4,-88.5210477709,-0.241719726192,0.35294133127,-0.659987539017,-0.770764467308,-0.659987539017,-0.770764467308,-6.62840786655,4,0
2920,5.84,2,0.771016180515,0,-18,0,0,0.427149656951,-0.441176662349,0.771016162413,3.67866447627,-0.343866505463,-4.11984113862,-0.453251158069,-50.5450351215,-18,0.00546668756929,0.498270170071,0.759717173091,1.05673930285,1.10124492225e-06,-0.000275311230561,0.76518386066,0.426269046535,-0.439479274088,1.55500947292,0.367089792475,-0.443679156702,-0.398094068185,-1.99868862963,-83.6040443155,-18,-57.7647313304,0.427149656951,-0.441176662349,-0.343866505463,-4.11984113862,-0.343866505463,-4.11984113862,6.76644505083,4,0
2930,5.86,1,0.415624767542,0,-2.40000009537,0,0,-0.234743078504,0.344443058202,0.41562475818,-0.730373597428,-0.650367836684,1.07481665563,-1.33524828852,-75.8223837669,-2.4,-0.00179275591308,-0.161083161763,0.41906235915,0.0216986115712,-1.22083522847e-06,0.000305208807116,0.417269603237,-0.234055941064,0.342653093289,-0.139384550192,-0.227622885748,0.344739732901,-0.644892488985,0.484124283092,-11.1280031229,-2.4,-74.9664772627,-0.234743078504,0.344443058202,-0.650367836684,1.07481665563,-0.650367836684,1.07481665563,-2.19115479264,4,0
2930,5.86,2,0.858376145363,0,-18,0,0,0.418428847376,-0.430553820909,0.858376134245,4.60305358178,-0.439947286869,-5.03360740269,-0.428788429338,-72.0559290612,-18,0.00295247919088,0.26869555671,0.852382813743,3.22618174124,1.52604405018e-06,-0.000381511012545,0.855335292934,0.41756992558,-0.428316364745,3.49487729795,0.384501980575,-0.431967440359,-0.470833312359,-3.92684473831,-92.9337719478,-18,-76.1342211746,0.418428847376,-0.430553820909,-0.439947286869,-5.03360740269,-0.439947286869,-5.03360740269,3.64950368401,4,0
2940,5.88,1,0.395578324795,0,-4.40000009537,0,0,-0.228082312023,0.319900876314,0.395578317608,-1.13468706316,-0.623660629632,1.45458793948,-1.61809246848,-67.9061668921,-4.4,-0.000258248101776,-0.0226987630483,0.396021088085,-1.04845063038,-1.75608488526e-06,0.000439021221311,0.395762839983,-0.227445174029,0.317251933256,-1.07114939343,-0.238967743582,0.319447316665,-0.634730583565,1.39059671009,-11.9057391921,-4.4,-69.2146864774,-0.228082312023,0.319900876314,-0.623660629632,1.45458793948,-0.623660629632,1.45458793948,-0.309572883235,4,0
2940,5.88,2,0.949435532093,0,-18,0,0,0.410102889315,-0.399876093282,0.949435536325,4.449234115,-0.53933264701,-4.84911020828,-0.323315455966,-84.9011764352,-18,0.00193126991197,0.176754307856,0.94542078678,3.50962486885,2.19510612348e-06,-0.000548776530876,0.947352056692,0.409306466827,-0.396564914434,3.68637917671,0.387454958493,-0.400819757066,-0.559897098199,-4.08719893377,-95.2480083548,-18,-87.6236464528,0.410102889315,-0.399876093282,-0.53933264701,-4.84911020828,-0.53933264701,-4.84911020828,2.3991545616,4,0
2950,5.9,1,0.372571110725,0,-6.40000009537,0,0,-0.22189765047,0.303027409745,0.372571115572,-1.15571518251,-0.594468766042,1.45874259226,-0.523894361662,-63.5356169703,-6.4,0.000226168711664,0.0207978879011,0.372085649326,-1.27167432829,-2.22147480633e-07,5.55368701604e-05,0.372311818038,-0.22129176384,0.302776704529,-1.25087644039,-0.228602986852,0.302748020729,-0.60091480489,1.55362446112,-13.4014094479,-6.4,-64.3416542813,-0.22189765047,0.303027409745,-0.594468766042,1.45874259226,-0.594468766042,1.45874259226,0.282142949293,4,0
2950,5.9,2,1.03418540955,0,-18,0,0,0.402372062418,-0.37878425992,1.0341854553,4.06941689704,-0.631813392882,-4.44820115695,-0.653020650407,-94.3877863826,-18,0.00168245298892,0.154600503431,1.03062830502,3.22564381902,2.7768435279e-07,-6.94210881949e-05,1.03231075801,0.401614704134,-0.378470878397,3.38024432245,0.379490953881,-0.379737639442,-0.652819804126,-3.75998196189,-95.3901144902,-18,-97.1382863046,0.402372062418,-0.37878425992,-0.631813392882,-4.44820115695,-0.631813392882,-4.44820115695,2.09747927158,4,0
2960,5.92,1,0.34848549962,0,-8.39999961853,0,0,-0.215976326163,0.283783594999,0.348485495326,-1.26278091933,-0.564461821489,1.54656451433,-1.70504787699,-59.621099492,-8.4,0.00018742649469,0.0170844440234,0.348101619763,-1.35144988871,-2.16878627421e-06,0.00054219656855,0.348289046257,-0.215411980341,0.280546321393,-1.33436544469,-0.232090438777,0.28311217364,-0.580379485035,1.61747761833,-14.9804225258,-8.4,-61.5581501125,-0.215976326163,0.283783594999,-0.564461821489,1.54656451433,-0.564461821489,1.54656451433,0.232002743516,4,0
2960,5.92,2,1.11232209206,0,-18,0,0,0.39497040708,-0.354729491329,1.11232212579,3.79032458443,-0.717351718706,-4.14505407576,-0.272386624905,-102.920632451,-18,0.00177322573473,0.16300085165,1.10856423293,2.89758690924,2.71098285892e-06,-0.000677745714725,1.11033745866,0.394264974808,-0.350682899299,3.06058776089,0.374308433974,-0.355590406876,-0.736029024687,-3.41617816776,-95.3039056835,-18,-105.404373801,0.39497040708,-0.354729491329,-0.717351718706,-4.14505407576,-0.717351718706,-4.14505407576,2.2113547256,4,0
2970,5.94,1,0.320911824703,0,-10.3999996185,0,0,-0.210622545108,0.253239942588,0.320911835336,-1.49119791178,-0.531534380445,1.74443785437,-1.14798892822,-54.8884360544,-10.4,9.25238633018e-05,0.0083634074229,0.32072912651,-1.53209694551,-1.31055809471e-06,0.000327639523678,0.320821650373,-0.210118146062,0.251216604649,-1.52373353808,-0.221118267149,0.252802620836,-0.541939917522,1.77653615892,-16.4014780735,-10.4,-56.150109308,-0.210622545108,0.253239942588,-0.531534380445,1.74443785437,-0.531534380445,1.74443785437,0.11368432539,4,0
2970,5.94,2,1.18599271774,0,-18,0,0,0.388278180813,-0.316549925607,1.18599275936,3.60905523412,-0.797714578546,-3.92560515973,-0.421416020228,-111.243231859,-18,0.00187803182958,0.172604380412,1.18201547818,2.66472416502,1.63819762616e-06,-0.000409549406542,1.18389351001,0.38764768201,-0.314020753171,2.83732854543,0.365292210606,-0.317507674366,-0.818601299405,-3.1548362198,-95.4729869679,-18,-114.006337028,0.388278180813,-0.316549925607,-0.797714578546,-3.92560515973,-0.797714578546,-3.92560515973,2.34168914841,4,0
2980,5.96,1,0.287493437529,0,-12.3999996185,0,0,-0.205679347122,0.240642563681,0.287493442317,-1.83491360414,-0.493172789439,2.07555616782,-1.32364782083,-48.8388729207,-12.4,-3.81739966748e-06,-0.000483971196444,0.287514099445,-1.827649981,-1.78739989534e-06,0.000446849973838,0.287510282045,-0.205200628698,0.23801866206,-1.8281339522,-0.216637742637,0.240185963868,-0.504148024683,2.06831991607,-17.619510827,-12.4,-50.1561633816,-0.205679347122,0.240642563681,-0.493172789439,2.07555616782,-0.493172789439,2.07555616782,-0.00635735990944,4,0
2980,5.96,2,1.25689947605,0,-18,0,0,0.382099183383,-0.300803201899,1.25689942311,3.50284735352,-0.874800239727,-3.80365055542,-0.358987296184,-119.698062837,-18,0.00196584289068,0.180643305346,1.25273915158,2.51562659411,2.23424987938e-06,-0.000558562469844,1.25470499447,0.381500785358,-0.297523324858,2.69626989945,0.358724860999,-0.301777131998,-0.89598013347,-2.99804703145,-95.8689351523,-18,-122.507851174,0.382099183383,-0.300803201899,-0.874800239727,-3.80365055542,-0.874800239727,-3.80365055542,2.45080104041,4,0
2990,5.98,1,0.245969936252,0,-14.3999996185,0,0,-0.201193112085,0.205930545028,0.245969942834,-2.29010272487,-0.447163054918,2.4960332699,-1.70613650386,-41.4271752201,-14.4,-0.000100963815657,-0.00940876446108,0.246195975409,-2.23414061477,-2.38964377189e-06,0.000597410942972,0.246095011593,-0.200784884318,0.202321650624,-2.24354937923,-0.214326082962,0.205383337908,-0.460421094555,2.44893271713,-18.6020684312,-14.4,-43.0058677609,-0.201193112085,0.205930545028,-0.447163054918,2.4960332699,-0.447163054918,2.4960332699,-0.127443962987,4,0
2990,5.98,2,1.32630932331,0,-18,0,0,0.376491389642,-0.257413178403,1.32630935272,3.45055383165,-0.949817963074,-3.70796701005,-0.21105938531,-128.076804892,-18,0.0020350504494,0.186972520772,1.32200548263,2.42979583681,2.98705472573e-06,-0.000746763681428,1.32404053308,0.375981104939,-0.252902060383,2.61676835758,0.353632933634,-0.25836561407,-0.970407599442,-2.87513397165,-96.4272090464,-18,-130.824581791,0.376491389642,-0.257413178403,-0.949817963074,-3.70796701005,-0.949817963074,-3.70796701005,2.53671751398,4,0
3000,6,1,0.194135740399,0,-16.3999996185,0,0,-0.197360695957,0.183440580205,0.194135740453,-2.85483248096,-0.391496436409,3.03827306117,-0.285128741014,-32.2557925152,-16.4,-0.000201455426872,-0.0186440643662,0.194574523001,-2.74836717715,-2.96621757823e-07,7.4155439453e-05,0.194373067575,-0.19699403968,0.183105672173,-2.76701124151,-0.197630148051,0.183429353034,-0.392003215625,2.95044059455,-19.3137496038,-16.4,-32.2881829023,-0.197360695957,0.183440580205,-0.391496436409,3.03827306117,-0.391496436409,3.03827306117,-0.252738353864,4,0
3000,6,2,1.39507055283,0,-18,0,0,0.371700869541,-0.229300722281,1.39507060648,3.43116402181,-1.02336973694,-3.66046474409,-0.635135219777,-136.564770528,-18,0.00208421018355,0.191457462892,1.39066575165,2.3870177053,3.70777198611e-07,-9.26942996473e-05,1.39274996184,0.371242549201,-0.228882087239,2.57847516819,0.344807966601,-0.230421259904,-1.04794199523,-2.80889642809,-97.0759078376,-18,-139.797521569,0.371700869541,-0.229300722281,-1.02336973694,-3.66046474409,-1.02336973694,-3.66046474409,2.59761582114,4,0
3010,6.02,1,0.134256139398,0,-18,0,0,-0.193873749378,0.158523539602,0.134256135811,-3.09328558307,-0.32812988519,3.25180912268,-1.83825279042,-22.7953904789,-18,0.000148227694896,0.013546054642,0.133942966596,-3.16710306734,-2.74305964759e-06,0.000685764911896,0.134091194291,-0.193560784043,0.1544253728,-3.15355701269,-0.210695796387,0.157822620977,-0.344786990678,3.31137963367,-19.6190684256,-18,-24.817540713,-0.193873749378,0.158523539602,-0.32812988519,3.25180912268,-0.32812988519,3.25180912268,0.183897443769,4,0
3010,6.02,2,1.44811999798,0,-18,0,0,0.367342186378,-0.198154421436,1.44812004731,1.903761787,-1.08077786093,-2.10191620843,-0.131378948665,-139.242284593,-18,0.000496433631651,0.0451712923794,1.44712941514,1.67832330738,3.42882456844e-06,-0.000857206142113,1.44762584877,0.366950979716,-0.193031712919,1.72349459976,0.361145270744,-0.198412626254,-1.08648057802,-1.92190722601,-94.2483381022,-18,-139.987205493,0.367342186378,-0.198154421436,-1.08077786093,-2.10191620843,-1.08077786093,-2.10191620843,0.613541951511,4,0
3020,6.04,1,0.0693161785603,0,-17.3999996185,0,0,-0.191104794009,0.120729673993,0.0693161774509,-3.37535674171,-0.26042097146,3.49608641571,-1.13918549777,-13.55068603,-17.4,0.000104223839911,0.00953260533353,0.0690998422665,-3.4260783681,-1.57032894432e-06,0.000392582236084,0.0692040661064,-0.190865832425,0.118303045286,-3.41654576277,-0.201658014069,0.120289956491,-0.270862080175,3.53683571926,-17.7699562549,-17.4,-14.8192710248,-0.191104794009,0.120729673993,-0.26042097146,3.49608641571,-0.26042097146,3.49608641571,0.12939949695,4,0
3020,6.04,2,1.46913743019,0,-18,0,0,0.363880992229,-0.150912089316,1.46913742229,0.370857431943,-1.10525643006,-0.521769521259,-0.315609316454,-134.511211053,-18,0.000340761514085,0.0312430965254,1.46842355538,0.202887232724,1.96291118398e-06,-0.000490727795993,1.4687643169,0.363582290256,-0.147878803426,0.234130329249,0.357728372754,-0.151168448461,-1.11103594414,-0.38529877771,-88.5095331976,-18,-135.250807186,0.363880992229,-0.150912089316,-1.10525643006,-0.521769521259,-1.10525643006,-0.521769521259,0.423986816333,4,0
3030,6.06,1,-0.000737080001272,0,-15.3999996185,0,0,-0.188835469141,0.105665261532,-0.00073708002833,-3.58896097216,-0.188098389112,3.69462623369,-1.39607288545,-3.81331745036,-15.4,0.000123826720793,0.0114516292383,-0.00100576245025,-3.65400767951,-2.12239529271e-06,0.000530598823178,-0.000881935729462,-0.188627190814,0.102547366707,-3.64255605027,-0.201740759823,0.105127541087,-0.200858824094,3.74768359135,-14.467247903,-15.4,-5.36464093446,-0.188835469141,0.105665261532,-0.188098389112,3.69462623369,-0.188098389112,3.69462623369,0.155250598654,4,0
3030,6.06,2,1.46039104462,0,-18,0,0,0.361044336208,-0.132081573705,1.46039099179,-1.09254866973,-1.09934665558,0.96046709602,-0.223371908023,-126.541379192,-18,0.000276787110496,0.0253028640683,1.45981750559,-1.22630755513,2.65299412039e-06,-0.000663248530097,1.4600942927,0.360783988306,-0.128184205168,-1.20100469106,0.35632865964,-0.132278060229,-1.10376563306,1.06872663083,-82.6850058782,-18,-127.108242813,0.361044336208,-0.132081573705,-1.09934665558,0.96046709602,-1.09934665558,0.96046709602,0.343491712731,4,0
3040,6.08,1,-0.0736445710063,0,-13.3999996185,0,0,-0.187104986443,0.0652805736616,-0.0736445682135,-3.66982234458,-0.11346041823,3.73510291824,-1.82876646232,5.50939779781,-13.4,0.000195075129643,0.0180367286524,-0.0740677535658,-3.77221110672,-2.71360878187e-06,0.000678402195465,-0.0738726784362,-0.186978557463,0.0611792836299,-3.75417437807,-0.204352526338,0.0645619261659,-0.130479847901,3.81873630424,-11.2188867179,-13.4,3.436099773,-0.187104986443,0.0652805736616,-0.11346041823,3.73510291824,-0.11346041823,3.73510291824,0.244531562497,4,0
3040,6.08,2,1.42274522781,0,-18,0,0,0.358881232901,-0.0816007137982,1.42274523192,-2.52502757588,-1.06386399901,2.44342686208,-0.052231219833,-115.078509246,-18,0.00018320252918,0.0166779155852,1.42237223971,-2.61075780442,3.39201098065e-06,-0.000848002745169,1.42255544224,0.358723196682,-0.0764741012535,-2.59407988884,0.356562363956,-0.0816973333376,-1.06599307828,2.5123825555,-76.7242413073,-18,-115.357256617,0.358881232901,-0.0816007137982,-1.06386399901,2.44342686208,-1.06386399901,2.44342686208,0.226516151225,4,0
3050,6.1,1,-0.146519050002,0,-11.3999996185,0,0,-0.18612133015,0.0400878316493,-0.146519047005,-3.59876672434,-0.0396022831453,3.63885455599,-0.26513773815,14.1029128345,-11.4,0.000290371108643,0.0268102317868,-0.147145536086,-3.74969293118,-3.32666759056e-07,8.31666897664e-05,-0.146855164978,-0.186041406929,0.0397121103128,-3.72288269939,-0.191351200175,0.0398699203983,-0.0444960351972,3.76275261979,-8.10420660376,-11.4,13.4742388753,-0.18612133015,0.0400878316493,-0.0396022831453,3.63885455599,-0.0396022831453,3.63885455599,0.363536221086,4,0
3050,6.1,2,1.35665178299,0,-18,0,0,0.3576516626,-0.0501097862587,1.35665173459,-3.94091608957,-0.999000071987,3.89080630331,-0.515816432909,-100.310314216,-18,6.95112645726e-05,0.00621191194777,1.35652113081,-3.96879436242,4.15833449174e-07,-0.000103958362294,1.35659064208,0.357551758581,-0.0496401345876,-3.96258245047,0.352657258454,-0.0503178864314,-1.00393338362,3.91226456404,-70.5137309048,-18,-100.910683214,0.3576516626,-0.0501097862587,-0.999000071987,3.89080630331,-0.999000071987,3.89080630331,0.0845525654717,4,0
3060,6.12,1,-0.216233238578,0,-9.39999961853,0,0,-0.185520517885,0.012725729692,-0.216233238888,-3.36963951829,0.0307127210026,3.38236524798,-1.98908218093,21.4892198028,-9.4,0.000396148498575,0.0365288852841,-0.217083507549,-3.57364292818,-2.96195182145e-06,0.000740487955362,-0.21668735905,-0.18549947973,0.00829761382824,-3.5371140429,-0.206188587388,0.0118645601294,0.0104987716625,3.54897860303,-5.19071231057,-9.4,19.0047456146,-0.185520517885,0.012725729692,0.0307127210026,3.38236524798,0.0307127210026,3.38236524798,0.495392007203,4,0
3060,6.12,2,1.26232850552,0,-18,0,0,0.356900647335,-0.0159071587969,1.26232846966,-5.34999097383,-0.905427822327,5.33408381503,0.0457176996474,-82.1548355413,-18,-6.15129496947e-05,-0.00584366257697,1.26247662569,-5.31144355761,3.70243977738e-06,-0.000925609944343,1.26241511274,0.356874349648,-0.0103720139661,-5.31728722019,0.357938008988,-0.0158639353947,-0.90447710375,5.30142328479,-63.9343427246,-18,-82.030136026,0.356900647335,-0.0159071587969,-0.905427822327,5.33408381503,-0.905427822327,5.33408381503,-0.0789818156797,4,0
3070,6.14,1,-0.279674947262,0,-7.40000009537,0,0,-0.18569512436,-0.0274219082717,-0.279674952083,-2.98870385481,0.0939798277238,2.96128194654,-1.2386230154,27.1996391695,-7.4,0.000500176457649,0.0460706395034,-0.280743769656,-3.24425712954,-1.62665347644e-06,0.000406663369112,-0.280243593198,-0.185752559264,-0.029937442232,-3.19818649003,-0.201197344943,-0.0280678341294,0.079046248255,3.1701186559,-2.5318017955,-7.4,25.3361430701,-0.18569512436,-0.0274219082717,0.0939798277238,2.96128194654,0.0939798277238,2.96128194654,0.624873083942,4,0
3070,6.14,2,1.1398409605,0,-18,0,0,0.357118905495,0.0342773886523,1.13984099623,-6.75797144109,-0.782722090733,6.79224882974,-0.149918465228,-60.461779009,-18,-0.000208028223611,-0.0193180206136,1.14030025576,-6.64540851794,2.03331684445e-06,-0.000508329211117,1.14009222754,0.357190699132,0.037421806101,-6.66472653855,0.35804940543,0.0343161594829,-0.782042822107,6.69904269804,-56.8627274197,-18,-60.3499251627,0.357118905495,0.0342773886523,-0.782722090733,6.79224882974,-0.782722090733,6.79224882974,-0.261772311563,4,0
3080,6.16,1,-0.333984643221,0,-5.40000009537,0,0,-0.18639367839,-0.0430016617771,-0.33398465783,-2.47368406807,0.147590979439,2.43068240629,-1.54349082087,31.1716900066,-5.4,0.000590950792675,0.0543795119737,-0.335242558732,-2.77352886589,-2.1824205903e-06,0.000545605147574,-0.334651607939,-0.186482823972,-0.0462096062732,-2.71914935391,-0.205370248612,-0.043792352203,0.129281359328,2.67535700171,-0.162264451483,-5.4,28.8905481279,-0.18639367839,-0.0430016617771,0.147590979439,2.43068240629,0.147590979439,2.43068240629,0.737651057829,4,0
3080,6.16,2,0.98920750618,0,-18,0,0,0.357992098099,0.0537520805228,0.98920752041,-8.16377119617,-0.63121542231,8.21752327669,-0.0398857696848,-35.4975793579,-18,-0.000365128110887,-0.033752283532,0.989999108294,-7.97238493438,2.72802573598e-06,-0.000682006434,0.989633980183,0.358103530083,0.0577620111402,-8.00613721791,0.361467065841,0.0538968708453,-0.628166914342,8.06003408875,-49.1938135589,-18,-35.0798592773,0.357992098099,0.0537520805228,-0.63121542231,8.21752327669,-0.63121542231,8.21752327669,-0.457605850351,4,0
3090,6.18,1,-0.376793771982,0,-3.40000009537,0,0,-0.187643143309,-0.0838269201632,-0.376793774613,-1.85766995187,0.189150631303,1.77384303171,-1.97035287817,32.9893439533,-3.4,0.000653211352561,0.0599901748257,-0.378173976692,-2.18462295694,-2.68600814332e-06,0.000671502035832,-0.377520765339,-0.187814892811,-0.0878892570526,-2.12463278211,-0.210805409466,-0.0847920145864,0.166715355874,2.03984076753,1.90568348624,-3.4,30.2050465425,-0.187643143309,-0.0838269201632,0.189150631303,1.77384303171,0.189150631303,1.77384303171,0.813944532677,4,0
3090,6.18,2,0.810651421547,0,-17.2000007629,0,0,0.359553929314,0.104783653456,0.810651429765,-9.53853419279,-0.451097500451,9.64331784625,0.132244947843,-7.06520491491,-17.2,-0.000515680661909,-0.0474913485785,0.811753633031,-9.27510056832,3.3575101745e-06,-0.000839377543625,0.81123795237,0.359768616198,0.10986157456,-9.3225919169,0.366012709039,0.105052769277,-0.445225243331,9.42764468618,-37.7321956298,-17.2,-6.28880576881,0.359553929314,0.104783653456,-0.451097500451,9.64331784625,-0.451097500451,9.64331784625,-0.644154198257,4,0
3100,6.2,1,-0.402402311563,0,-1.39999997616,0,0,-0.189635685915,-0.108458555955,-0.402402308148,-0.816951193437,0.212766622233,0.708492637482,-0.466693710488,31.2252832962,-1.4,0.00105863373265,0.0963565345563,-0.404570123472,-1.31685245796,-3.25612620283e-07,8.14031550702e-05,-0.403511489739,-0.189852850323,-0.108826413456,-1.22049592341,-0.204405172634,-0.109073951235,0.199106317106,1.11142197217,3.39919035495,-1.4,29.4498679136,-0.189635685915,-0.108458555955,0.212766622233,0.708492637482,0.212766622233,0.708492637482,1.30872167218,4,0
3100,6.2,2,0.606781482697,0,-15.1999998093,0,0,0.362044607635,0.135573198147,0.606781473878,-10.6913579082,-0.244736866244,10.8269311064,-0.310821777485,23.4577905596,-15.2,-0.000594608402039,-0.0546836901293,0.608044270677,-10.391022535,4.0701577475e-07,-0.000101753943681,0.607449662275,0.362316063151,0.136033020022,-10.4457062251,0.365630100437,0.13572259368,-0.241819561838,10.5814288188,-21.5826378526,-15.2,23.8887966735,0.362044607635,0.135573198147,-0.244736866244,10.8269311064,-0.244736866244,10.8269311064,-0.741827891446,4,0
3110,6.22,1,-0.411906957626,0,0.600000023842,0,0,-0.191998847096,-0.134720781182,-0.411906950597,-0.248823883125,0.219908103501,0.114103101944,-2.13811599047,28.024057286,0.6,0.000540519582084,0.0491156354482,-0.412997024212,-0.497664093007,-2.79710389242e-06,0.000699275973109,-0.41245650463,-0.19227246175,-0.138905154926,-0.448548457558,-0.21533615124,-0.135693168854,0.19712035339,0.312855288704,4.75924620539,0.6,25.2187188503,-0.191998847096,-0.134720781182,0.219908103501,0.114103101944,0.219908103501,0.114103101944,0.667222445199,4,0
3110,6.22,2,0.383270263672,0,-13.1999998093,0,0,0.364998559175,0.168400979616,0.383270253551,-11.5097806154,-0.0182716943766,11.678181595,0.235723151377,54.990461242,-13.2,-0.000570821874586,-0.0522569488082,0.384460467736,-11.2308204005,3.49637985775e-06,-0.000874094964434,0.383889645862,0.365340577499,0.173631446786,-11.2830773493,0.372859951649,0.168728537636,-0.0110296942128,11.4518058869,-6.10297963543,-13.2,55.935466129,0.364998559175,0.168400979616,-0.0182716943766,11.678181595,-0.0182716943766,11.678181595,-0.709281735639,4,0
3120,6.24,1,-0.413086414337,0,2.59999990463,0,0,-0.195094394011,-0.172020804155,-0.413086412383,0.0689759596456,0.217992018372,-0.2409967638,-1.43349046875,25.3957783701,2.6,0.000233814600975,0.0211518835179,-0.413549377623,-0.0350203054239,-1.47223448199e-06,0.000368058620498,-0.413315563022,-0.195440784338,-0.174299339599,-0.013868421906,-0.20941105847,-0.17261733184,0.203904504552,-0.158748909934,6.32990483418,2.6,23.6747959966,-0.195094394011,-0.172020804155,0.217992018372,-0.2409967638,0.217992018372,-0.2409967638,0.287491904755,4,0
3120,6.24,2,0.148235678673,0,-11.1999998093,0,0,0.36886799288,0.215026008214,0.148235678786,-11.8789145431,0.220632314094,12.0939405513,0.0540312714042,86.1153466658,-11.2,-0.000408834818697,-0.0372598483137,0.149072122632,-11.685870555,1.84029309691e-06,-0.000460073274222,0.148663287813,0.369300980795,0.217874177511,-11.7231304033,0.373526751966,0.215220123175,0.224863464153,11.9383505265,7.91655664729,-11.2,86.6753683308,0.36886799288,0.215026008214,0.220632314094,12.0939405513,0.220632314094,12.0939405513,-0.505990393657,4,0
3130,6.26,1,-0.409666746855,0,4.59999990463,0,0,-0.198670324727,-0.186097440412,-0.40966675477,0.234756887775,0.210996430043,-0.420854328187,-1.7468333076,23.2279546261,4.6,2.93839203421e-05,0.0024518420994,-0.409705330981,0.229994728256,-1.95969912073e-06,0.000489924780185,-0.40967594706,-0.199045344828,-0.188979824528,0.232446570356,-0.213481999159,-0.186714593514,0.196193947901,-0.419161163869,8.01852502709,4.6,21.4474679288,-0.198670324727,-0.186097440412,0.210996430043,-0.420854328187,0.210996430043,-0.420854328187,0.033653389722,4,0
3130,6.26,2,-0.0890911370516,0,-9.19999980927,0,0,0.373337906336,0.232621803481,-0.089091135941,-11.7920909242,0.462429042277,12.0247127277,0.167625928161,115.233980001,-9.2,-0.000200821306729,-0.0181741230986,-0.0886926355256,-11.7024473575,2.44962389312e-06,-0.000612405973275,-0.0888934568324,0.373806681467,0.236224783614,-11.7206214806,0.376787198594,0.232765523992,0.465680655426,11.9533870046,19.8827797301,-9.2,115.648613674,0.373337906336,0.232621803481,0.462429042277,12.0247127277,0.462429042277,12.0247127277,-0.247007745352,4,0
3140,6.28,1,-0.408258914948,0,6.59999990463,0,0,-0.202737860965,-0.222074091841,-0.408258918041,-1.01541231844,0.205521057077,0.793338226601,-2.11254566894,22.1128474554,6.6,-0.00122158379134,-0.148593349616,-0.403930148061,0.361882668006,-2.31041769827e-06,0.000577604424564,-0.405151731853,-0.203185537685,-0.22557117345,0.21328931839,-0.204014955517,-0.222127304114,0.201136776336,-0.435416622504,9.95754924254,6.6,21.9593300478,-0.202737860965,-0.222074091841,0.205521057077,0.793338226601,0.205521057077,0.793338226601,-1.95902826134,4,0
3140,6.28,2,-0.259999990463,0,-7.19999980927,0,0,0.37842232669,0.277592617604,-0.307534951597,-7.16206023241,0.685957278287,7.43965285001,0.318485306041,88.4760703781,-7.2,-0.0183892412945,-1.65414382639,-0.26,0,2.88802211101e-06,-0.000722005527748,-0.278389241294,0.378981922596,0.281963969598,-1.65414382639,0.568228318808,0.285501200609,0.846617560102,1.939645027,-9.57346292428,-7.2,111.292332347,0.37842232669,0.277592617604,0.685957278287,7.43965285001,0.685957278287,7.43965285001,-22.4977766631,4,4
3150,6.3,1,-0.459890514612,0,8.60000038147,0,0,-0.207448455628,-0.242953432959,-0.459890507391,-3.12543835627,0.252442051763,2.88248492332,-0.863638901016,40.9812504088,8.6,-0.0021361379263,-0.191600136129,-0.455805086931,-2.23577691709,-2.76373251118e-07,6.90933127806e-05,-0.457941224857,-0.207934572605,-0.243265768295,-2.42737705322,-0.192947243062,-0.242349215769,0.264993981796,2.18502783745,15.3855758,8.6,42.7244170027,-0.207448455628,-0.242953432959,0.252442051763,2.88248492332,0.252442051763,2.88248492332,-2.60680549494,4,0
3150,6.3,2,-0.259999990463,0,-5.19999980927,0,0,0.384310570074,0.303691793886,-0.33746800748,0.887371255919,0.721778577554,-0.583679462033,-0.0466047960604,82.5239981416,-5.2,-0.0372658441502,0.117521250683,-0.26,0.039204856267,3.45466562413e-07,-8.63666405965e-05,-0.29726584415,0.3849182163,0.304082213054,0.15672610695,0.416832622788,0.305046879416,0.714098466938,0.148320772466,-8.56259959901,-5.2,86.4334198949,0.384310570074,0.303691793886,0.721778577554,-0.583679462033,0.721778577554,-0.583679462033,-3.95602654944,4,4
3160,6.32,1,-0.519867777824,0,10.6000003815,0,0,-0.21246942737,-0.264713339546,-0.519867793782,-2.76967801473,0.307398366411,2.50496467519,-2.26595767342,49.5046353517,10.6,-6.68179115381e-05,-0.00506860866243,-0.519838369037,-2.78211357134,-2.26987298083e-06,0.000567468245206,-0.519905186948,-0.213002246277,-0.268111858366,-2.78718218001,-0.23073365689,-0.265474349109,0.289171530058,2.5217078309,18.6693456499,10.6,47.3091227615,-0.21246942737,-0.264713339546,0.307398366411,2.50496467519,0.307398366411,2.50496467519,-0.0704450832107,4,0
3160,6.32,2,-0.259999990463,0,-3.20000004768,0,0,0.390586784804,0.330891676986,-0.30967739278,1.42174412952,0.700264177585,-1.09085245253,0.414209223728,76.2366351878,-3.2,-0.0243571557125,0.0510398907227,-0.26,1.23117932111,2.83734121076e-06,-0.000709335302692,-0.284357155712,0.391252808443,0.335139825488,1.28221921183,0.418115333499,0.332038699848,0.702472489211,-0.950180511986,-5.24039606031,-3.2,79.5457961454,0.390586784804,0.330891676986,0.700264177585,-1.09085245253,0.700264177585,-1.09085245253,-2.89495173392,4,4
3170,6.34,1,-0.567475199699,0,12.6000003815,0,0,-0.218084866511,-0.294333287206,-0.567475229361,-2.05277410982,0.349390362851,1.75844082262,-1.69839991256,51.4446387316,12.6,0.000327311047662,0.0301057857639,-0.568173281401,-2.21910032707,-1.12707794503e-06,0.000281769486259,-0.567845970353,-0.218675335144,-0.296079625064,-2.1889945413,-0.235611123419,-0.295063547911,0.332234846934,1.89393099339,20.7742571887,12.6,49.337836599,-0.218084866511,-0.294333287206,0.349390362851,1.75844082262,0.349390362851,1.75844082262,0.40840222003,4,0
3170,6.34,2,-0.259999990463,0,-1.20000004768,0,0,0.397606083779,0.367916611344,-0.28672851069,0.905924538103,0.684334594468,-0.538007926759,0.270077266005,76.7456394825,-1.2,-0.0131806886346,-0.0440196554725,-0.26,1.16169090823,1.40884742184e-06,-0.000352211855457,-0.273180688635,0.398344169575,0.370099533652,1.11767125275,0.420036577741,0.368851215259,0.693217266375,-0.748820037493,3.26051850876,-1.2,79.4419717776,0.397606083779,0.367916611344,0.684334594468,-0.538007926759,0.684334594468,-0.538007926759,-2.42625502905,4,4
3180,6.36,1,-0.60061788559,0,14.6000003815,0,0,-0.224074888855,-0.30508308653,-0.60061788447,-1.33823183103,0.376542995615,1.0331487445,-1.9795481533,50.9959850614,14.6,0.000305009326867,0.0279211033868,-0.601253578981,-1.48723286303,-1.48308589759e-06,0.000370771474397,-0.600948569654,-0.224687197183,-0.307266478676,-1.45931175964,-0.243695181988,-0.305900598744,0.357253387666,1.1534111609,22.5204966857,14.6,48.6374623244,-0.224074888855,-0.30508308653,0.376542995615,1.0331487445,0.376542995615,1.0331487445,0.378974583711,4,0
3180,6.36,2,-0.259999990463,0,0.800000011921,0,0,0.405093611755,0.381353860408,-0.273581366746,0.483930570911,0.678674978501,-0.102576710503,0.372597159638,78.8495434467,0.8,-0.00670990511506,-0.0562991678351,-0.26,0.791028743788,1.85385735907e-06,-0.000463464339765,-0.266709905115,0.40585899717,0.384083100571,0.734729575953,0.421851297802,0.382052097327,0.688561202917,-0.352677478627,12.6978299218,0.8,80.8639569569,0.405093611755,0.381353860408,0.678674978501,-0.102576710503,0.678674978501,-0.102576710503,-1.64181635059,4,4
3190,6.38,1,-0.619749724865,0,16.6000003815,0,0,-0.230433520664,-0.331550122061,-0.619749731568,-0.645494780061,0.389316210904,0.313944658,-2.23663340626,48.8184490199,16.6,0.000249262711768,0.0228383013597,-0.620270785993,-0.767966164575,-1.63549762916e-06,0.000408874407287,-0.620021523281,-0.231099125175,-0.334028878746,-0.745127863215,-0.251618298644,-0.332432821143,0.368403224637,0.412695042072,24.0745043265,16.6,46.2718621668,-0.230433520664,-0.331550122061,0.389316210904,0.313944658,0.389316210904,0.313944658,0.309953446811,4,0
3190,6.38,2,-0.259999990463,0,2.79999995232,0,0,0.413041901558,0.414437654567,-0.26679100437,0.244321084094,0.679832905928,0.170116570473,0.482720332587,80.7320214618,2.8,-0.00335629930641,-0.0575129735035,-0.26,0.559103156465,2.04437201873e-06,-0.000511093004684,-0.263356299306,0.413873907201,0.417536100398,0.501590182961,0.426819508059,0.415011721505,0.690175807365,-0.0865784614562,21.5788605724,2.8,82.3882045765,0.413041901558,0.414437654567,0.679832905928,0.170116570473,0.679832905928,0.170116570473,-1.17346278216,4,4
3200,6.4,1,-0.624992370605,0,18,0,0,-0.23725187924,-0.345972114206,-0.624992359654,0.0533135773866,0.387740480413,-0.399285691593,-1.40415847211,45.0185988404,18,0.000225930322359,0.0207270860329,-0.625467132412,-0.0586752199271,-1.91327931359e-07,4.78319828366e-05,-0.62524120209,-0.237943969173,-0.346188462305,-0.0379481338942,-0.251272683158,-0.346556314369,0.373968518932,-0.308608180475,24.8385673704,18,43.3331813694,-0.23725187924,-0.345972114206,0.387740480413,-0.399285691593,0.387740480413,-0.399285691593,0.281258998814,4,0
3200,6.4,2,-0.259999990463,0,4.80000019073,0,0,0.421564849817,0.432465144582,-0.263384106539,0.122739554566,0.684948956356,0.309725590016,0.242981218968,82.113486243,4.8,-0.00167313859981,-0.0630984655233,-0.26,0.470578083509,2.3915991193e-07,-5.97899779881e-05,-0.2616731386,0.422429962237,0.432735579703,0.407479617986,0.431889381646,0.432895333408,0.693562520246,0.025415715422,29.9270794819,4.8,83.3545810066,0.421564849817,0.432465144582,0.684948956356,0.309725590016,0.684948956356,0.309725590016,-0.998113544653,4,4
3210,6.42,1,-0.616523087025,0,18,0,0,-0.244280162032,-0.360410564876,-0.616523102597,0.712462380174,0.372242940565,-1.07287294505,-2.35554183917,39.6777215419,18,0.000182256367716,0.0166216829041,-0.616897272261,0.62585993651,-1.44856527676e-06,0.000362141319187,-0.616715015893,-0.245003155041,-0.362582928578,0.642481619414,-0.265753273583,-0.361305277857,0.35096174231,-1.00378689727,24.0393852498,18,37.0964745909,-0.244280162032,-0.360410564876,0.372242940565,-1.07287294505,0.372242940565,-1.07287294505,0.2257051118,4,0
3210,6.42,2,-0.259999990463,0,6.80000019073,0,0,0.430350203342,0.450513207733,-0.261255549008,0.129916161618,0.69160575235,0.320597046114,0.558428812892,83.0700727914,6.8,-0.00071587293274,-0.0655331760409,-0.259770110578,0.482100309956,1.81070657518e-06,-0.000452676643789,-0.26048598351,0.431253944607,0.453228662329,0.416567133915,0.442395230401,0.45101508386,0.702881213911,0.0344479499446,37.8695825461,6.8,84.5179854191,0.430350203342,0.450513207733,0.69160575235,0.320597046114,0.69160575235,0.320597046114,-0.889483814806,4,4
3220,6.44,1,-0.595900893211,0,18,0,0,-0.251687976773,-0.378512980558,-0.595900896868,1.27915442023,0.344212920095,-1.65766740079,-1.99839867565,33.2212125193,18,0.000103104497002,0.00937176224137,-0.596109318916,1.23151045686,-6.35901137414e-07,0.000158975284358,-0.596006214419,-0.252446024664,-0.379500871414,1.24088221911,-0.269371500129,-0.379249794031,0.32663471429,-1.62013201314,23.1451876542,18,31.0955056492,-0.251687976773,-0.378512980558,0.344212920095,-1.65766740079,0.344212920095,-1.65766740079,0.127308194465,4,0
3220,6.44,2,-0.256088376045,0,8.80000019073,0,0,0.439609971797,0.473141227048,-0.256088365356,0.402125123175,0.695698337153,0.0710161038732,0.470581339752,82.5707787498,8.8,-0.000599518916743,-0.0548866145923,-0.254838840261,0.695032035071,7.94876409749e-07,-0.000198719102441,-0.255438359178,0.440557531664,0.474376090599,0.640145420479,0.449722011497,0.473562562035,0.705160370674,-0.166582858443,44.9010338256,8.8,83.7863301887,0.439609971797,0.473141227048,0.695698337153,0.0710161038732,0.695698337153,0.0710161038732,-0.744970099119,4,0
3230,6.46,1,-0.564800620079,0,18,0,0,-0.259316044432,-0.384543236602,-0.564800633065,1.77077612023,0.305484588633,-2.15531935683,-2.21071297471,25.9577418426,18,4.16599797915e-05,0.00375695012664,-0.564881978501,1.75273402288,-8.14329260468e-07,0.000203582315121,-0.564840318521,-0.260086312466,-0.38574476414,1.75649097301,-0.27813167352,-0.385327221148,0.286708645001,-2.14181819416,22.1772792139,18,23.6959464293,-0.259316044432,-0.384543236602,0.305484588633,-2.15531935683,0.305484588633,-2.15531935683,0.0510824386097,4,0
3230,6.46,2,-0.242754682899,0,10.8000001907,0,0,0.449145056397,0.480679046987,-0.242754677688,0.917531475661,0.691899734085,-0.436852428673,0.548779088846,79.838255398,10.8,-0.000478103853009,-0.0437433140575,-0.241760875854,1.14998814793,1.01791155932e-06,-0.000254477889825,-0.242238979707,0.450107891442,0.482180956385,1.10624483388,0.458649770261,0.481075076732,0.700888749968,-0.625169757145,50.8484213992,10.8,80.9808012104,0.449145056397,0.480679046987,0.691899734085,-0.436852428673,0.691899734085,-0.436852428673,-0.593766723524,4,0
3240,6.48,1,-0.524550020695,0,17.3823261261,0,0,-0.267141969748,-0.398071679821,-0.524550016145,2.19976492568,0.257408046397,-2.59783660551,-2.32561920938,17.8764831393,17.3823268405,-2.33307325879e-06,-0.000299402170561,-0.524537079448,2.20446972107,-7.48688216035e-07,0.000187172054008,-0.524539412521,-0.26793926866,-0.399210972549,2.20417031889,-0.286455858863,-0.398876425201,0.238083553658,-2.6030467441,20.5204725352,17.3823268405,15.5547927185,-0.267141969748,-0.398071679821,0.257408046397,-2.59783660551,0.257408046397,-2.59783660551,-0.00392878859599,4,0
3240,6.48,2,-0.216679081321,0,12.8000001907,0,0,0.458927463063,0.497589600698,-0.216679073915,1.65254677086,0.675606536978,-1.15495717016,0.603914276163,74.5594918965,12.8,-0.000359372103537,-0.032799140153,-0.215939565706,1.82392398249,9.35860248852e-07,-0.000233965062211,-0.216298937809,0.459924086706,0.499013716576,1.79112484234,0.467656088707,0.497953293433,0.683955026516,-1.2931715489,55.7369354018,12.8,75.6087454374,0.458927463063,0.497589600698,0.675606536978,-1.15495717016,0.675606536978,-1.15495717016,-0.445339264745,4,0
3250,6.5,1,-0.476990103722,0,15.3823270798,0,0,-0.275184729584,-0.404167860208,-0.476990095064,2.50078663448,0.201805365479,-2.90495449469,-2.01715702031,9.46979598425,15.3823268405,-8.92848150701e-05,-0.00833519194995,-0.476788853683,2.55084994882,-8.1494835158e-08,2.03737087847e-05,-0.476878138498,-0.275993127726,-0.404260191768,2.54251475687,-0.291026207881,-0.404827921804,0.185851930617,-2.94734267867,17.4768289715,15.3823268405,7.56551828071,-0.275184729584,-0.404167860208,0.201805365479,-2.90495449469,0.201805365479,-2.90495449469,-0.11287931677,4,0
3250,6.5,2,-0.173228129745,0,14.8000001907,0,0,0.468980912875,0.505209825985,-0.17322813398,2.63581569789,0.642209046856,-2.13060587191,0.520578199148,66.0686703532,14.8,-0.000182619938367,-0.0165114072941,-0.172867091137,2.71672213746,1.01868541325e-07,-2.54671353297e-05,-0.173049711076,0.469991410553,0.505325240432,2.70021073016,0.475178589335,0.505468062504,0.648228300411,-2.19474266766,59.4656155991,14.8,66.813682711,0.468980912875,0.505209825985,0.642209046856,-2.13060587191,0.642209046856,-2.13060587191,-0.224434158654,4,0
3260,6.52,1,-0.425069630146,0,13.3823270798,0,0,-0.283309763726,-0.409414259868,-0.425069634332,2.65200952729,0.141759870606,-3.06142378716,-2.39405077601,1.27354894441,13.3823268405,-0.000185645417265,-0.0171789118606,-0.424665435019,2.75004646415,-4.39586529455e-07,0.000109896632364,-0.424851080436,-0.284129262395,-0.41007902462,2.73286755229,-0.301288308421,-0.410163365897,0.123562772015,-3.14303091819,14.5026053386,13.3823268405,-0.887621949182,-0.283309763726,-0.409414259868,0.141759870606,-3.06142378716,0.141759870606,-3.06142378716,-0.232879882414,4,0
3260,6.52,2,-0.107498772442,0,16.7999992371,0,0,0.479137205565,0.511767825344,-0.107498772922,3.85024020169,0.586635978487,-3.33847237635,0.649763265656,53.7513662926,16.8,-8.32659506434e-07,0.000161017730406,-0.107519516183,3.84111485489,5.49483138323e-07,-0.00013737078458,-0.107520348843,0.480161578903,0.512598781248,3.84127587262,0.48452743882,0.511992418396,0.592047787663,-3.32928345422,61.9020106056,16.8,54.3993172484,0.479137205565,0.511767825344,0.586635978487,-3.33847237635,0.586635978487,-3.33847237635,0.00181230979595,4,0
3270,6.54,1,-0.371685862541,0,11.3823270798,0,0,-0.291550223537,-0.413653858005,-0.37168585549,2.66603608162,0.0801356319531,-3.07968993962,-2.29328087601,-6.38568110676,11.3823268405,-0.00027232951568,-0.0250558942779,-0.371105411319,2.80439867278,-6.23392059085e-08,1.55848014757e-05,-0.371377740835,-0.292377640656,-0.413755314179,2.7793427785,-0.307800300717,-0.414330944554,0.0635774401175,-3.19367372306,11.6384355047,11.3823268405,-8.33907580118,-0.291550223537,-0.413653858005,0.0801356319531,-3.07968993962,0.0801356319531,-3.07968993962,-0.339886181592,4,0
3270,6.54,2,-0.0154208438471,0,18,0,0,0.489437780335,0.517067322695,-0.0154208441598,5.2330851437,0.504858624495,-4.71601782101,0.629530154313,37.3600614969,18,0.000153559234903,0.014202355452,-0.0157560960596,5.1518202797,7.79239943127e-08,-1.94809985751e-05,-0.0156025368247,0.490472051735,0.517194142893,5.16602263515,0.493073047101,0.517218792143,0.508675583925,-4.64880384301,59.9323631932,18,37.797050856,0.489437780335,0.517067322695,0.504858624495,-4.71601782101,0.504858624495,-4.71601782101,0.19254079525,4,0
3280,6.56,1,-0.318900644779,0,9.38232707977,0,0,-0.299828070784,-0.414183311919,-0.318900646144,2.60973406055,0.0190725753593,-3.02391737247,-2.4089320102,-13.4525979717,9.38232684048,-0.000286338995344,-0.0262917512323,-0.318296495999,2.75274237469,-4.0070976759e-08,1.00177441954e-05,-0.318582834995,-0.300656505296,-0.414247309149,2.72645062346,-0.316900083374,-0.414894645777,0.0016827516204,-3.14134526924,8.87499099016,9.38232684048,-15.5047961517,-0.299828070784,-0.414183311919,0.0190725753593,-3.02391737247,0.0190725753593,-3.02391737247,-0.356733830117,4,0
3280,6.56,2,0.103890351951,0,18,0,0,0.499785089398,0.517729139963,0.103890351777,6.54260024673,0.39589473762,-6.02487110677,0.673203782453,17.7926114051,18,0.00018890730882,0.0173415537424,0.103491945978,6.44836697186,5.00887034072e-08,-1.2522175855e-05,0.103680853287,0.500820632537,0.517809136474,6.4657085256,0.503427952358,0.517880925919,0.399747099072,-5.94782759968,52.7211402182,18,18.2305138902,0.499785089398,0.517729139963,0.39589473762,-6.02487110677,0.39589473762,-6.02487110677,0.235301297379,4,0
3290,6.58,1,-0.267506301403,0,7.38232660294,0,0,-0.308107390136,-0.41302046511,-0.267506313536,2.54215168208,-0.0406010766,-2.95517214719,-2.36644735449,-20.1392022409,7.38232684048,-0.000237482936851,-0.0216861648186,-0.267016365951,2.65602115793,2.35118619907e-07,-5.87796549731e-05,-0.267253848888,-0.308933088196,-0.412672691105,2.63433499311,-0.325344263623,-0.413738668172,-0.0580904147355,-3.04807366128,6.16747243644,7.38232684048,-22.2112180747,-0.308107390136,-0.41302046511,-0.0406010766,-2.95517214719,-0.0406010766,-2.95517214719,-0.294431520729,4,0
3290,6.58,2,0.246756121516,0,16,0,0,0.510134238585,0.51627558112,0.246756119851,7.56932832782,0.263378118734,-7.0530527467,0.666119415831,-3.455478392,16,0.00011245828718,0.0101304607372,0.246536896602,7.52087800749,-2.93898296699e-07,7.34745741672e-05,0.246649354889,0.51116636116,0.515840863581,7.53100846823,0.514529606851,0.516458721464,0.267880251962,-7.01454974676,37.9302376933,16,-2.92711849837,0.510134238585,0.51627558112,0.263378118734,-7.0530527467,0.263378118734,-7.0530527467,0.137759522201,4,0
3300,6.6,1,-0.217095300555,0,5.38232660294,0,0,-0.31633255944,-0.410001033962,-0.217095298567,2.50758353194,-0.0992372608735,-2.9175845659,-2.62164985777,-26.7875650181,5.38232684048,-0.000146097026793,-0.013289110126,-0.216798950631,2.57550079698,3.88964462861e-08,-9.72411156752e-06,-0.216945047657,-0.317152532559,-0.409957386829,2.56221168686,-0.336640157896,-0.410847183898,-0.119695110239,-2.97305887076,3.45244416876,5.38232684048,-29.2287075825,-0.31633255944,-0.410001033962,-0.0992372608735,-2.9175845659,-0.0992372608735,-2.9175845659,-0.180507293371,4,0
3300,6.6,2,0.405432790518,0,14,0,0,0.520415700208,0.512501291983,0.405432783219,8.17050451867,0.114982916989,-7.65800322668,0.749879797768,-24.61054946,14,-3.51367722142e-05,-0.00343059264382,0.405526197597,8.19623312182,-4.86205605776e-08,1.21551401435e-05,0.405491060825,0.521440666605,0.512446733064,8.19280252917,0.527038424129,0.512777238813,0.121547363304,-7.68002529036,24.3755451138,14,-23.8144428554,0.520415700208,0.512501291983,0.114982916989,-7.65800322668,0.114982916989,-7.65800322668,-0.0462268069246,4,0
3310,6.62,1,-0.167052194476,0,3.38232684135,0,0,-0.324501693968,-0.405375677449,-0.167052192169,2.50142527293,-0.157449501799,-2.90680095038,-2.3749245227,-33.5252359098,3.38232684048,-5.60504407977e-05,-0.00502891082632,-0.166945093082,2.52468720465,6.26343508836e-07,-0.000156585877204,-0.167001143523,-0.325311526921,-0.404446718657,2.51965829383,-0.343689268285,-0.406175159712,-0.176688124762,-2.92583345354,0.712152422918,3.38232684048,-35.8317422391,-0.324501693968,-0.405375677449,-0.157449501799,-2.90680095038,-0.157449501799,-2.90680095038,-0.0684181933907,4,0
3310,6.62,2,0.571828842163,0,12,0,0,0.530627118357,0.506719596125,0.571828861456,8.38953207924,-0.0412017430992,-7.88281248311,0.675952884148,-44.7564876353,12,-0.000168702944984,-0.0156442083347,0.572199461025,8.47997397815,-7.82929409304e-07,0.000195732352325,0.57203075808,0.531639409546,0.505558397601,8.46432976982,0.538014098807,0.507027386977,-0.0340166592738,-7.95730238284,12.2096888903,12,-43.8685110271,0.530627118357,0.506719596125,-0.0412017430992,-7.88281248311,-0.0412017430992,-7.88281248311,-0.212023724095,4,0
3320,6.64,1,-0.116902381182,0,1.38232684135,0,0,-0.332507193741,-0.395203190556,-0.116902384636,2.51438273172,-0.215604809106,-2.90958592228,-2.54332008484,-40.3459663499,1.38232684048,2.46431808743e-05,0.00236412759467,-0.116964003349,2.49799794606,5.19299174773e-07,-0.000129824793693,-0.116939360168,-0.333296782826,-0.394405067743,2.50036207365,-0.353930319432,-0.396095820793,-0.236990959264,-2.89645789445,-2.05278256029,1.38232684048,-42.9212045839,-0.332507193741,-0.395203190556,-0.215604809106,-2.90958592228,-0.215604809106,-2.90958592228,0.0319181491819,4,0
3320,6.64,2,0.739076733589,0,10,0,0,0.540633993056,0.494003987198,0.739076718483,8.3004257429,-0.198442725427,-7.8064217557,0.725837820206,-63.4080083359,10,-0.000252583069202,-0.0232606438723,0.739616305438,8.42935279474,-6.49123981011e-07,0.000162280995242,0.739363722369,0.541620979409,0.493006333662,8.40609215087,0.549296766091,0.494364936074,-0.190066956277,-7.9117272148,1.40118725207,10,-62.3666708273,0.540633993056,0.494003987198,-0.198442725427,-7.8064217557,-0.198442725427,-7.8064217557,-0.315499688433,4,0
3330,6.66,1,-0.066409163177,0,-0.617673158646,0,0,-0.340362371684,-0.390163248146,-0.0664091666622,2.53270853272,-0.273953205022,-2.92287178086,-2.54709822199,-47.2747960076,-0.617673159523,9.09166285208e-05,0.0084277431772,-0.0666085660436,2.48409487574,7.39378762271e-07,-0.000184844690565,-0.0665176494151,-0.3411416436,-0.389081423811,2.49252261892,-0.362501628263,-0.39108571717,-0.295983978848,-2.88360833609,-4.83244013608,-0.617673159523,-49.9361191422,-0.340362371684,-0.390163248146,-0.273953205022,-2.92287178086,-0.273953205022,-2.92287178086,0.114224912633,4,0
3330,6.66,2,0.901963412762,0,8,0,0,0.550452965463,0.487704059067,0.901963402179,7.98972956296,-0.351510436716,-7.50202550389,0.729211720787,-80.2755777702,8,-0.000271101037436,-0.0248700877352,0.902533478883,8.12426380365,-9.24223469423e-07,0.000231055867345,0.902262377846,0.551427055355,0.486351778624,8.09939371591,0.559326654112,0.488073796094,-0.342935723734,-7.61131991982,-8.20065602833,8,-79.2088864472,0.550452965463,0.487704059067,-0.351510436716,-7.50202550389,-0.351510436716,-7.50202550389,-0.337479602213,4,0
3340,6.68,1,-0.015639167279,0,-2.61767315865,0,0,-0.348022445457,-0.374459765667,-0.0156391667295,2.54039724207,-0.332383278727,-2.91485700774,-2.35254782201,-54.1447983184,-2.61767315952,0.000139996539371,0.012910041666,-0.0159398212818,2.46824695921,1.18846431096e-06,-0.000297116077737,-0.0157998247424,-0.348769568116,-0.372669981312,2.48115700087,-0.369049505342,-0.375335893162,-0.353249680599,-2.85649289404,-7.6088127571,-2.61767315952,-56.6724261421,-0.348022445457,-0.374459765667,-0.332383278727,-2.91485700774,-0.332383278727,-2.91485700774,0.175080001661,4,0
3340,6.68,2,1.05695021152,0,6,0,0,0.560028057654,0.468074705662,1.05695018844,7.53634290113,-0.49692213079,-7.06826819547,0.660713612508,-95.4478869608,6,-0.000228334165128,-0.0208687622411,1.05742295295,7.64652339297,-1.48558040858e-06,0.000371395102148,1.05719461878,0.560961960975,0.465837475188,7.62565463073,0.567881247637,0.468401921912,-0.489313371146,-7.15725270882,-16.8055804231,6,-94.5038680817,0.560028057654,0.468074705662,-0.49692213079,-7.06826819547,-0.49692213079,-7.06826819547,-0.283305266672,4,0
3350,6.7,1,0.0350112318993,0,-4.61767339706,0,0,-0.355364400105,-0.362715909908,0.0350112313196,2.52069050675,-0.390375631425,-2.88340641666,-3.13824175217,-60.8856458886,-4.61767315952,0.000170560434682,0.0156904879619,0.0346485456599,2.43431863106,1.54248440798e-07,-3.85621101934e-05,0.0348191060945,-0.356089715355,-0.362541938852,2.45000911902,-0.383241737868,-0.363877465648,-0.418060843963,-2.81388658467,-10.3574465867,-4.61767315952,-64.2367341989,-0.355364400105,-0.362715909908,-0.390375631425,-2.88340641666,-0.390375631425,-2.88340641666,0.212846558137,4,0
3350,6.7,2,1.20187878609,0,4,0,0,0.569205500933,0.453394885783,1.20187876841,7.000328989,-0.632673267478,-6.54693410322,0.900619477423,-108.928713368,4,-0.000139797577684,-0.0126892977145,1.20215995393,7.06427512715,-1.92810553301e-07,4.82026383253e-05,1.20202015635,0.570112144993,0.45317742196,7.05158582944,0.578131852971,0.453766817118,-0.62388830338,-6.59781901232,-24.6239353382,4,-107.855691467,0.569205500933,0.453394885783,-0.632673267478,-6.54693410322,-0.632673267478,-6.54693410322,-0.172402423761,4,0
3360,6.72,1,0.0848063752055,0,-6.61767339706,0,0,-0.362519270565,-0.348818042209,0.0848063718275,2.45647597784,-0.447325642393,-2.80529402005,-2.2998046527,-67.310798697,-6.61767315952,0.000181612936499,0.0166777411988,0.0844229713059,2.3656914406,1.61112667607e-06,-0.000402781669017,0.0846045842424,-0.36321451868,-0.346415712522,2.3823691818,-0.383533535882,-0.349693636597,-0.468138120124,-2.7320628184,-13.0484705905,-6.61767315952,-69.8368885069,-0.362519270565,-0.348818042209,-0.447325642393,-2.80529402005,-0.447325642393,-2.80529402005,0.226285157242,4,0
3360,6.72,2,1.33556246758,0,2,0,0,0.578149088975,0.43602255097,1.33556248634,6.42110774818,-0.75741339736,-5.98508519721,0.633072498493,-120.830119671,2,-2.34767543922e-05,-0.00198178700408,1.33559567029,6.42587376289,-2.01390836496e-06,0.000503477091235,1.33557219353,0.579018149115,0.433019638831,6.42389197589,0.583641508484,0.436251401783,-0.751930685047,-5.9876405741,-31.8334172535,2,-120.169885076,0.578149088975,0.43602255097,-0.75741339736,-5.98508519721,-0.75741339736,-5.98508519721,-0.0271620966815,4,0
3370,6.74,1,0.132666379213,0,-8.61767292023,0,0,-0.369252645791,-0.325551382057,0.132666384984,2.33053122699,-0.501919030775,-2.65608260905,-2.7155751481,-73.1419947681,-8.61767315952,0.000172339813778,0.0157976741051,0.132305245763,2.24552434462,1.03365897347e-06,-0.000258414743365,0.132477585577,-0.369902110444,-0.323957082252,2.26132201872,-0.393626697817,-0.326566967558,-0.526104283394,-2.58788898628,-15.647293125,-8.61767315952,-76.0719589386,-0.369252645791,-0.325551382057,-0.501919030775,-2.65608260905,-0.501919030775,-2.65608260905,0.214389022446,4,0
3370,6.74,2,1.45740365982,0,3.0475622026e-14,0,0,0.586565807969,0.406939225517,1.45740363226,5.8206061839,-0.870837824291,-5.41366695839,0.74654965262,-131.303026359,3.0475622026e-14,0.000105084006726,0.00983132918285,1.45716473624,5.76081687342,-1.29207372679e-06,0.000323018431691,1.45726982025,0.587377638781,0.404946350745,5.7706482026,0.591668961706,0.407151856923,-0.865600858545,-5.36349634568,-38.5690648837,3.0475622026e-14,-130.689584754,0.586565807969,0.406939225517,-0.870837824291,-5.41366695839,-0.870837824291,-5.41366695839,0.133108047163,4,0
3380,6.76,1,0.177172616124,0,-10.6176729202,0,0,-0.375667465089,-0.315595000607,0.177172616477,2.12631754237,-0.552840081566,-2.44191254298,-2.60708729428,-78.2517921026,-10.6176731595,0.000142703931555,0.0130485333155,0.176876640022,2.05723146955,1.42303717876e-06,-0.000355759294693,0.177019343954,-0.376296614669,-0.313507512079,2.07028000287,-0.398829079455,-0.316560067872,-0.575848423409,-2.38684007074,-18.1158304274,-10.6176731595,-81.0360111628,-0.375667465089,-0.315595000607,-0.552840081566,-2.44191254298,-0.552840081566,-2.44191254298,0.177131765929,4,0
3380,6.76,2,1.56709194183,0,-2,0,0,0.59458433205,0.394493748608,1.56709193917,5.2076673523,-0.972507607124,-4.81317360369,0.709146592986,-140.221672074,-2,0.000234146867771,0.0216773062207,1.56658117137,5.08360718861,-1.77879648677e-06,0.000444699121689,1.56681531824,0.59537076902,0.391884387929,5.10528449483,0.598039182124,0.394637700695,-0.968776136117,-4.71064679413,-44.9256958058,-2,-139.806370305,0.59458433205,0.394493748608,-0.972507607124,-4.81317360369,-0.972507607124,-4.81317360369,0.293844823608,4,0
3390,6.78,1,0.216595649719,0,-12.6176729202,0,0,-0.381715880958,-0.287385370643,0.216595654425,1.82935162232,-0.598311535383,-2.11673699296,-2.28584614531,-82.1931825197,-12.6176731595,9.409494443e-05,0.00856028203284,0.216404589498,1.78554128167,1.98783672883e-06,-0.000496959182211,0.216498684442,-0.382287633621,-0.284385454129,1.79410156371,-0.40169884832,-0.288217994283,-0.618197532762,-2.08231955799,-20.4145911384,-12.6176731595,-84.5953017214,-0.381715880958,-0.287385370643,-0.598311535383,-2.11673699296,-0.598311535383,-2.11673699296,0.116273056392,4,0
3390,6.78,2,1.66438794136,0,-4,0,0,0.60214485184,0.359231710912,1.66438789517,4.5820204674,-1.06224304333,-4.22278875649,0.588094617216,-147.777461486,-4,0.000355464707622,0.0328029866706,1.66362247136,4.39792700007,-2.48479592624e-06,0.00062119898155,1.66397793607,0.602859542664,0.355481815247,4.43072998674,0.603336714794,0.359281371869,-1.06064122127,-4.07144861487,-50.9647321732,-4,-147.634189627,0.60214485184,0.359231710912,-1.06224304333,-4.22278875649,-1.06224304333,-4.22278875649,0.444822757945,4,0
3400,6.8,1,0.248954311013,0,-14.6176729202,0,0,-0.387223423022,-0.268438583087,0.248954317436,1.42884457923,-0.636177740459,-1.69728316232,-3.50049408128,-84.7837378951,-14.6176731595,2.96705276547e-05,0.00262543157544,0.248901009033,1.41798510237,2.49616547154e-07,-6.24041367869e-05,0.248930679561,-0.387760111102,-0.26815682719,1.42061053394,-0.416641282152,-0.269664327218,-0.665571961712,-1.69027486116,-22.5052999117,-14.6176731595,-88.3200097113,-0.387223423022,-0.268438583087,-0.636177740459,-1.69728316232,-0.636177740459,-1.69728316232,0.0357777348876,4,0
3400,6.8,2,1.7489759922,0,-6,0,0,0.609029279371,0.335548226332,1.74897599388,3.93737651965,-1.13994671451,-3.60182829332,0.953080805085,-153.766647402,-6,0.000463510911451,0.0427039535346,1.74798449807,3.70012424267,-3.12020685733e-07,7.8005171431e-05,1.74844800898,0.609700139465,0.335196031458,3.74282819621,0.612139611085,0.335677823487,-1.13630839789,-3.40715037272,-56.7215838659,-6,-153.392759611,0.609029279371,0.335548226332,-1.13994671451,-3.60182829332,-1.13994671451,-3.60182829332,0.579193013664,4,0
3410,6.82,1,0.272107243538,0,-16.6176738739,0,0,-0.39243706946,-0.247068763262,0.272107242234,0.91928171434,-0.664544311694,-1.1663504776,-2.17928150884,-85.6989522718,-16.6176731595,-4.56461072191e-05,-0.00430160359202,0.272213925504,0.946494922124,2.38717791468e-06,-0.000596794478666,0.272168279397,-0.392927658827,-0.243504300098,0.942193318532,-0.410082179142,-0.247803976165,-0.682250458538,-1.1899972947,-24.3534743031,-16.6176731595,-87.8200414981,-0.39243706946,-0.247068763262,-0.664544311694,-1.1663504776,-0.664544311694,-1.1663504776,-0.0581922825438,4,0
3410,6.82,2,1.82037043571,0,-8,0,0,0.615546337367,0.308835951412,1.82037046131,3.26368332604,-1.20482412395,-2.95484737463,0.526616531678,-158.123960897,-8,0.000554722446763,0.0510551535769,1.819188792,2.98184072725,-2.98397240728e-06,0.000745993101824,1.81974351445,0.61615957407,0.304380372436,3.03289588082,0.61416602255,0.308778438295,-1.2055774919,-2.72411744253,-62.2120674018,-8,-158.289886241,0.615546337367,0.308835951412,-1.20482412395,-2.95484737463,-1.20482412395,-2.95484737463,0.692541875257,4,0
3420,6.84,1,0.283882826567,0,-18,0,0,-0.397025967631,-0.21372227684,0.283882841077,0.305199938316,-0.680908808708,-0.518922215157,-2.78894553196,-84.5883971893,-18,-0.000124182736881,-0.0114780241972,0.284152045286,0.370143260899,1.41410153615e-06,-0.000353525384031,0.28402786255,-0.397451165487,-0.211538351942,0.358665236702,-0.418932326819,-0.214635041806,-0.702960189369,-0.573300278508,-25.3174193815,-18,-87.2217241168,-0.397025967631,-0.21372227684,-0.680908808708,-0.518922215157,-0.680908808708,-0.518922215157,-0.155618604477,4,0
3420,6.84,2,1.87785410881,0,-10,0,0,0.621282460025,0.267152843206,1.87785414307,2.5472763758,-1.25657168304,-2.28012353259,0.689054540047,-160.815768114,-10,0.000626051748678,0.0575548746044,1.87652661772,2.23186656489,-1.76762692672e-06,0.000441906731667,1.87715266946,0.621813957339,0.264422937073,2.28942143949,0.620519156812,0.267121038906,-1.25663351265,-2.02230040059,-67.4367489713,-10,-160.907523521,0.621282460025,0.267152843206,-1.25657168304,-2.28012353259,-1.25657168304,-2.28012353259,0.780809947062,4,0
3430,6.86,1,0.282960832119,0,-18,0,0,-0.401169346766,-0.200139370256,0.282960831599,-0.331787849953,-0.684130178365,0.131648479697,-2.58268113343,-81.7573914725,-18,-0.000146790023348,-0.0134840716158,0.283271159104,-0.258226184451,1.92233188306e-06,-0.000480582970765,0.283124369081,-0.401566863594,-0.197316665237,-0.271710256067,-0.421132476144,-0.200971167313,-0.704256845225,0.0707390887534,-24.6773787624,-18,-84.1571259832,-0.401169346766,-0.200139370256,-0.684130178365,0.131648479697,-0.684130178365,0.131648479697,-0.182946622752,4,0
3430,6.86,2,1.9201618433,0,-12,0,0,0.626461683886,0.250174209914,1.92016180769,1.74714627418,-1.29370012381,-1.49697206427,0.615814082431,-161.327086852,-12,0.000644753651319,0.0592111672348,1.91880061773,1.42477191316,-2.4029148622e-06,0.000600728715559,1.91944537138,0.626958579916,0.246645828628,1.4839830804,0.624901355704,0.25010919624,-1.29454401567,-1.23387388416,-72.3220891772,-12,-161.514651302,0.626461683886,0.250174209914,-1.29370012381,-1.49697206427,-1.29370012381,-1.49697206427,0.803378532608,4,0
3440,6.88,1,0.269486606121,0,-18,0,0,-0.404822493156,-0.163078333653,0.269486612942,-0.949167269547,-0.674309106098,0.786088935894,-2.17684292795,-77.2914599715,-18,-0.000142178238484,-0.0130360171742,0.269784845383,-0.878914169377,2.52967198316e-06,-0.000632417995784,0.269642667144,-0.405144801551,-0.159256943655,-0.891950186551,-0.421459751157,-0.163771552736,-0.691102418301,0.728178633815,-23.8677876208,-18,-79.291397027,-0.404822493156,-0.163078333653,-0.674309106098,0.786088935894,-0.674309106098,0.786088935894,-0.176905872432,4,0
3440,6.88,2,1.94535696507,0,-14,0,0,0.631028116814,0.203847914014,1.94535700775,0.84541602893,-1.31432889094,-0.641568114917,0.458005837816,-159.546359057,-14,0.00063729070525,0.0585039956004,1.94401369266,0.527666932614,-3.16208998741e-06,0.000790522496865,1.94465098336,0.631431002302,0.199071176504,0.586170928214,0.628234533694,0.203731514717,-1.31641644967,-0.382439413497,-76.7780849344,-14,-159.882171028,0.631028116814,0.203847914014,-1.31432889094,-0.641568114917,-1.31432889094,-0.641568114917,0.79381780876,4,0
3450,6.9,1,0.24406786263,0,-18,0,0,-0.40778208478,-0.13938329373,0.24406786468,-1.5263198861,-0.65184994946,1.38693659237,-3.66358732761,-71.531851331,-18,-0.000117534297962,-0.0107403061893,0.244311031551,-1.46968669014,3.12645208389e-07,-7.81613020908e-05,0.244193497253,-0.40806061426,-0.139030256297,-1.48042699633,-0.437046101815,-0.140602627773,-0.681239599068,1.33982436856,-22.915566417,-18,-75.0496300454,-0.40778208478,-0.13938329373,-0.65184994946,1.38693659237,-0.65184994946,1.38693659237,-0.145808613178,4,0
3450,6.9,2,1.95136260986,0,-16,0,0,0.634727606282,0.174229114037,1.9513626271,-0.161780648487,-1.31663502082,0.336009762524,0.900919112294,-154.986488791,-16,0.000615418206938,0.0564773579743,1.95006719189,-0.467870577183,-3.90806511485e-07,9.77016278697e-05,1.95068261009,0.635075768126,0.173787817245,-0.411393219209,0.635847084367,0.174275758957,-1.31483552573,0.585668978166,-80.7956422184,-16,-154.851918196,0.634727606282,0.174229114037,-1.31663502082,0.336009762524,-1.31663502082,0.336009762524,0.766348517491,4,0
3460,6.92,1,0.207791134715,0,-18,0,0,-0.410379045424,-0.113310120779,0.207791141158,-2.03693960002,-0.618170186582,1.92362947924,-2.03128856129,-64.688928833,-18,-6.70798897982e-05,-0.00606701501898,0.207924065168,-2.00712207602,2.85395474431e-06,-0.000713488686078,0.207856985278,-0.410601417003,-0.1090453235,-2.01318909104,-0.426591106792,-0.113985623336,-0.63444809207,1.8992034677,-21.8546778335,-18,-66.6377537099,-0.410379045424,-0.113310120779,-0.618170186582,1.92362947924,-0.618170186582,1.92362947924,-0.0824636843587,4,0
3460,6.92,2,1.93603849411,0,-18,0,0,0.637973807025,0.14163764778,1.93603848618,-1.27714420778,-1.29806467916,1.41878185556,0.370931909159,-147.422808564,-18,0.000580904356466,0.0532904404715,1.93481754728,-1.56528255053,-3.56744343666e-06,0.000891860859176,1.93539845164,0.638251771492,0.136306651172,-1.51199211006,0.6350438637,0.141515566808,-1.30035458794,1.65350767687,-84.3639784856,-18,-147.775012168,0.637973807025,0.14163764778,-1.29806467916,1.41878185556,-1.29806467916,1.41878185556,0.723135512989,4,0
3470,6.94,1,0.162170529366,0,-18,0,0,-0.412228944967,-0.0742040620631,0.16217052898,-2.47047204284,-0.574399473947,2.39626798077,-2.75637825731,-56.9494693293,-18,-8.57632767362e-06,-0.000711707536541,0.1621814642,-2.46924247679,1.61133805709e-06,-0.00040283451428,0.162172887872,-0.412374788881,-0.0717134537308,-2.46995418433,-0.435077633568,-0.0751560907548,-0.597250521441,2.39479809358,-20.7217899426,-18,-59.696072105,-0.412228944967,-0.0742040620631,-0.574399473947,2.39626798077,-0.574399473947,2.39626798077,-0.00977548162349,4,0
3470,6.94,2,1.89775490761,0,-18,0,0,0.640286181388,0.0927550743126,1.89775488176,-2.4271470414,-1.25746870037,2.51990211572,0.561436009555,-137.134796667,-18,0.000540124671783,0.0495434897686,1.8966202391,-2.69480945922,-2.01417257362e-06,0.000503543143393,1.89716036377,0.640468486274,0.089641813894,-2.64526596945,0.63936391737,0.0927166466452,-1.2577964464,2.73798261609,-79.7468242667,-18,-137.245660487,0.640286181388,0.0927550743126,-1.25746870037,2.51990211572,-1.25746870037,2.51990211572,0.67229982996,4,0
3480,6.96,1,0.108713902533,0,-18,0,0,-0.413564082252,-0.0587543841433,0.108713902946,-2.82523359511,-0.522277985198,2.76647921097,-2.47956040449,-48.7051611289,-18,5.31821698154e-05,0.00498200503579,0.108592455498,-2.85573744148,2.17257600205e-06,-0.000543144000518,0.108645637668,-0.41367846544,-0.0555621624078,-2.85075543644,-0.434752319596,-0.059637227366,-0.543397957264,2.79111820908,-19.5341192515,-18,-51.2521638263,-0.413564082252,-0.0587543841433,-0.522277985198,2.76647921097,-0.522277985198,2.76647921097,0.0674422928829,4,0
3480,6.96,2,1.83700871468,0,-18,0,0,0.641955102929,0.0734429768933,1.8370087034,-3.53087884038,-1.19505360047,3.60432181727,0.461996829026,-124.334865806,-18,0.000490648415952,0.0449780954343,1.83598051096,-3.77294731202,-2.7157200051e-06,0.000678930001275,1.83647115937,0.642098081908,0.0694526997203,-3.72796921658,0.64072063204,0.0733915406063,-1.19575052733,3.80136075719,-75.2258430309,-18,-124.483259494,0.641955102929,0.0734429768933,-1.19505360047,3.60432181727,-1.19505360047,3.60432181727,0.610390517109,4,0
3490,6.98,1,0.0491723679006,0,-18,0,0,-0.414348670313,-0.0176434389852,0.0491723681164,-3.08664069005,-0.46352103843,3.06899725106,-2.04217205921,-39.9752352913,-18,0.000128471565432,0.0119097488207,0.0488906774989,-3.15533379461,2.74377179621e-06,-0.000685942949058,0.0490191490643,-0.414379777294,-0.0134956614068,-3.14342404579,-0.432680086192,-0.0184072479802,-0.481699235257,3.12501679781,-18.3270335217,-18,-42.1788242418,-0.414348670313,-0.0176434389852,-0.46352103843,3.06899725106,-0.46352103843,3.06899725106,0.161416891271,4,0
3490,6.98,2,1.75453746319,0,-18,0,0,0.642935837939,0.0220542954143,1.75453750636,-4.60535436921,-1.11160166842,4.62740866462,0.288021441749,-109.355337086,-18,0.000424092778122,0.0388395067112,1.75365229323,-4.81309094787,-3.42971474609e-06,0.000857428686521,1.75407638601,0.642974721658,0.01686957344,-4.77425144116,0.64094660814,0.0219714108394,-1.11312977787,4.79622285199,-70.6746186571,-18,-109.594459085,0.642935837939,0.0220542954143,-1.11160166842,4.62740866462,-1.11160166842,4.62740866462,0.527143440584,4,0
3500,7,1,-0.0145074659958,0,-18,0,0,-0.414376877172,0.007730006932,-0.0145074664556,-3.24862473583,-0.399869410716,3.25635474276,-3.60881179038,-31.221523201,-18,0.000210339056973,0.0194315604158,-0.0149623388484,-3.35839397042,3.35168651389e-07,-8.3792162847e-05,-0.0147519997914,-0.41436116275,0.00810858760655,-3.33896241,-0.446589946201,0.00638779572244,-0.43183794641,3.34535020572,-17.1390600758,-18,-35.0938025406,-0.414376877172,0.007730006932,-0.399869410716,3.25635474276,-0.399869410716,3.25635474276,0.263467549194,4,0
3500,7,2,1.65074181557,0,-18,0,0,0.642971096446,-0.00966251198297,1.65074182939,-5.66731340835,-1.00777073294,5.65765089637,0.751610450233,-91.9395655393,-18,0.000337230430822,0.0308318328513,1.65004286048,-5.83039710424,-4.18960814264e-07,0.000104740203557,1.65038009092,0.642951453412,-0.0101357378262,-5.79956527139,0.645741846732,-0.00954706405438,-1.00463824418,5.79001820734,-65.9406431555,-18,-91.6064982653,0.642971096446,-0.00966251198297,-1.00777073294,5.65765089637,-1.00777073294,5.65765089637,0.418543176253,4,0
3510,7.02,1,-0.0803363919258,0,-18,0,0,-0.414020698899,0.0351285840496,-0.0803363911411,-3.31203539123,-0.333684307758,3.34716397528,-1.87726302649,-22.6483369984,-18,0.00029214318994,0.0269395579415,-0.0809635494104,-3.4625265985,2.95098319419e-06,-0.000737745798555,-0.0806714062205,-0.413946043008,0.039541183246,-3.43558704056,-0.432676696191,0.0343512508291,-0.352005289971,3.46993829139,-16.0051766562,-18,-24.8909433396,-0.414020698899,0.0351285840496,-0.333684307758,3.34716397528,-0.333684307758,3.34716397528,0.365343314649,4,0
3510,7.02,2,1.52569389343,0,-18,0,0,0.64252587354,-0.0439107333698,1.52569385709,-6.73272825739,-0.883167983552,6.68881752402,0.186879037396,-72.0769794042,-18,0.000227413897434,0.0207136204621,1.52522983268,-6.83958142597,-3.68872899059e-06,0.00092218224766,1.52545724658,0.642432553668,-0.0494264823621,-6.81886780551,0.641740303964,-0.0439434654354,-0.883716942616,6.77492434008,-60.8565111313,-18,-72.1714114136,0.64252587354,-0.0439107333698,-0.883167983552,6.68881752402,-0.883167983552,6.68881752402,0.281311046776,4,0
3520,7.04,1,-0.146404504776,0,-17.7999992371,0,0,-0.412891933308,0.0749277710729,-0.14640449813,-3.28321718914,-0.266487435178,3.35814496021,-2.6241202163,-14.3658826693,-17.8,0.000368598478678,0.0339497371168,-0.14719202251,-3.47148965484,1.5998152636e-06,-0.000399953815901,-0.146823424031,-0.412739528254,0.0774023883473,-3.43753991772,-0.438552344339,0.07385858728,-0.291728920308,3.511398505,-14.7562280045,-17.8,-17.4504779119,-0.412891933308,0.0749277710729,-0.266487435178,3.35814496021,-0.266487435178,3.35814496021,0.460475026331,4,0
3520,7.04,2,1.37917363644,0,-18,0,0,0.641114916485,-0.0936597171063,1.37917363085,-7.81458452996,-0.738058714363,7.72092481285,0.38085939182,-49.7991568445,-18,9.42180245723e-05,0.00845118920256,1.37899365404,-7.85363047133,-1.999769077e-06,0.000499942269252,1.37908787206,0.640924410161,-0.0967529886953,-7.84517928212,0.643326724256,-0.0935675584491,-0.735761147809,7.75161172367,-55.2520516217,-18,-49.5332791187,0.641114916485,-0.0936597171063,-0.738058714363,7.72092481285,-0.738058714363,7.72092481285,0.114981665969,4,0
3530,7.06,1,-0.2105319947,0,-15.8000001907,0,0,-0.411245853033,0.0902426141741,-0.210531997381,-3.11768034559,-0.200713855652,3.20792295976,-2.31281513475,-6.98325672363,-15.8,0.000473431629909,0.0436410093446,-0.211546766234,-3.36088749275,2.1413487844e-06,-0.000535337196094,-0.211073334604,-0.411062283497,0.0933907795598,-3.31724648341,-0.435409580464,0.0892357921978,-0.22433624586,3.4064822756,-11.8661532525,-15.8,-9.88793812523,-0.411245853033,0.0902426141741,-0.200713855652,3.20792295976,-0.200713855652,3.20792295976,0.591866266842,4,0
3530,7.06,2,1.21054196358,0,-18,0,0,0.639057316076,-0.112803270957,1.21054199194,-8.94703164151,-0.571484675867,8.83422837056,0.268170605783,-24.6633192288,-18,-9.03743727852e-05,-0.00859007339671,1.21076004403,-8.89024583765,-2.67668597664e-06,0.000669171494165,1.21066966965,0.63882785415,-0.116738477684,-8.89883591104,0.642253977951,-0.112670076712,-0.568415691702,8.78616583433,-48.9265696288,-18,-24.2790538326,0.639057316076,-0.112803270957,-0.571484675867,8.83422837056,-0.571484675867,8.83422837056,-0.116094790442,4,0
3540,7.08,1,-0.269697219133,0,-13.8000001907,0,0,-0.409060234286,0.130077277836,-0.269697221778,-2.81592704205,-0.139363012507,2.94600431989,-1.90065920387,-0.775819577288,-13.8,0.000556955089445,0.0511783171226,-0.270876309631,-3.09571823768,2.60239814631e-06,-0.000650599536584,-0.270319354542,-0.40879610974,0.134014071461,-3.04453992056,-0.43064776046,0.129177797579,-0.160328405918,3.17371771814,-9.20907758805,-13.8,-3.37082011951,-0.409060234286,0.130077277836,-0.139363012507,2.94600431989,-0.139363012507,2.94600431989,0.694341338352,4,0
3540,7.08,2,1.01893270016,0,-16.3999996185,0,0,0.636325292577,-0.162596600447,1.01893267871,-10.0779300051,-0.382607386136,9.91533340464,0.100605789923,3.01436644819,-16.4,-0.000279703626162,-0.0258844001293,1.01954217342,-9.93007774308,-3.2529976759e-06,0.000813249418962,1.01926246979,0.635995136889,-0.167517592468,-9.95596214321,0.640081237786,-0.16244010273,-0.379181232005,9.79352204048,-35.4753594336,-16.4,3.46586236183,0.636325292577,-0.162596600447,-0.382607386136,9.91533340464,-0.382607386136,9.91533340464,-0.350890123719,4,0
3550,7.1,1,-0.322255134583,0,-11.8000001907,0,0,-0.406153401997,0.153841834972,-0.322255131382,-2.47297186093,-0.0838982706153,2.6268136959,-3.34424132305,4.24346739391,-11.8,0.00054803515864,0.0502588821974,-0.323405715805,-2.74420783842,3.14268818025e-07,-7.8567204501e-05,-0.322857680647,-0.405845479578,0.154196911302,-2.69394895622,-0.439647460692,0.152446249193,-0.116789780045,2.84639520542,-6.74002568069,-11.8,0.217202421642,-0.406153401997,0.153841834972,-0.0838982706153,2.6268136959,-0.0838982706153,2.6268136959,0.682023649213,4,0
3550,7.1,2,0.806731462479,0,-14.3999996185,0,0,0.632691752155,-0.192302296796,0.806731432765,-11.0079845613,-0.17403968061,10.8156822645,0.524814617214,32.3410307002,-14.4,-0.000385678957755,-0.035485616272,0.807552315036,-10.8124200347,-3.92836021601e-07,9.820900539e-05,0.807166636078,0.632306849124,-0.192746142208,-10.847905651,0.641062051904,-0.191953534307,-0.166104584173,10.6559521167,-20.370031816,-14.4,33.3472104826,0.632691752155,-0.192302296796,-0.17403968061,10.8156822645,-0.17403968061,10.8156822645,-0.481365165181,4,0
3560,7.12,1,-0.364939063787,0,-9.80000019073,0,0,-0.402890230017,0.179016152577,-0.364939051116,-1.90845068903,-0.037951178901,2.08746684161,-1.73770901896,7.26657394085,-9.8,0.000694289926203,0.0630948177149,-0.366347898957,-2.23107235698,2.66569259816e-06,-0.000666423149533,-0.365653609031,-0.40252821881,0.183004872796,-2.16797753926,-0.424476292388,0.178116733311,-0.0588226833577,2.34609427257,-4.60363178856,-9.8,4.67174935994,-0.402890230017,0.179016152577,-0.037951178901,2.08746684161,-0.037951178901,2.08746684161,0.857115561952,4,0
3560,7.12,2,0.578384816647,0,-12.3999996185,0,0,0.628612787118,-0.223770193715,0.578384807938,-11.7082179808,0.0502279791808,11.4844477871,-0.00151835281627,62.4563504883,-12.4,-0.000462840551329,-0.0424328849234,0.57935655532,-11.4793496701,-3.33211573733e-06,0.00083302893434,0.578893714769,0.628160273104,-0.228756093973,-11.521782555,0.633390536628,-0.223571120819,0.0544968218597,11.2982114342,-5.56196440925,-12.4,63.030675794,0.628612787118,-0.223770193715,0.0502279791808,11.4844477871,0.0502279791808,11.4844477871,-0.575843658472,4,0
3570,7.14,1,-0.400720268488,0,-7.80000019073,0,0,-0.398929038209,0.214352224646,-0.400720282183,-1.73432387408,0.0017912439741,1.94867609872,-2.40940684769,10.457187605,-7.8,0.000275360669881,0.0248113262179,-0.401255795572,-1.85266310194,1.38102600844e-06,-0.000345256502114,-0.400980434902,-0.398498129251,0.216490248116,-1.82785177573,-0.421779323398,0.21340012943,-0.020798888496,2.04125190515,-2.40330723093,-7.8,7.71039290626,-0.398929038209,0.214352224646,0.0017912439741,1.94867609872,0.0017912439741,1.94867609872,0.337387851078,4,0
3570,7.14,2,0.340274035931,0,-10.3999996185,0,0,0.6236612973,-0.267940283648,0.340274048956,-11.9932628437,0.283387248344,11.7253225601,0.170752309696,91.9953627454,-10.4,-0.000324046312401,-0.0294311821171,0.340927935848,-11.8442038643,-1.72628250372e-06,0.000431570625929,0.340603889536,0.623122661098,-0.270612812976,-11.8736350464,0.628407966256,-0.267742505775,0.28780407672,11.6058925406,8.24961410094,-10.4,92.5659519095,0.6236612973,-0.267940283648,0.283387248344,11.7253225601,0.283387248344,11.7253225601,-0.399836854391,4,0
3580,7.16,1,-0.435555160046,0,-5.80000019073,0,0,-0.394515000768,0.227548095501,-0.43555514796,-1.78275142308,0.041040147192,2.01029951858,-2.10369752854,14.8416555154,-5.8,-2.37940978881e-05,-0.00258599303048,-0.43546697355,-1.75477860944,1.83269591891e-06,-0.00045817397973,-0.435490767647,-0.394057261134,0.230244339257,-1.75736460247,-0.411728776259,0.226830854856,0.0237619913888,1.98419545733,0.0483476470825,-5.8,12.7724162533,-0.394515000768,0.227548095501,0.041040147192,2.01029951858,0.041040147192,2.01029951858,-0.0344582664617,4,0
3580,7.16,2,0.102773152292,0,-8.39999961853,0,0,0.618143750443,-0.28443512215,0.102773150361,-11.7197387489,0.515370600082,11.4353036267,0.0593327215297,119.046501234,-8.4,-1.81111457326e-05,-0.00135420183485,0.102781784927,-11.7232593272,-2.29086988901e-06,0.000572717472254,0.102763673781,0.617571575894,-0.287805426831,-11.7246135291,0.61879421407,-0.284408019499,0.516030540289,11.4402055096,19.9178038751,-8.4,119.124692383,0.618143750443,-0.28443512215,0.515370600082,11.4353036267,0.515370600082,11.4353036267,-0.0188584270036,4,0
3590,7.18,1,-0.47360175848,0,-3.79999995232,0,0,-0.38964233632,0.260945638175,-0.473601753638,-2.02321767263,0.0839594173178,2.28416331081,-1.7698470124,20.812932257,-3.8,-0.000285045899951,-0.0264817678958,-0.47297095892,-1.86843100134,2.12386690829e-06,-0.000530966727067,-0.47325600482,-0.389117199299,0.264161410655,-1.89491276923,-0.401380450883,0.260456550069,0.0718755539366,2.1553693193,2.75157546109,-3.8,19.4019130689,-0.38964233632,0.260945638175,0.0839594173178,2.28416331081,0.0839594173178,2.28416331081,-0.358827824343,4,0
3590,7.18,2,-0.124800145626,0,-6.40000009537,0,0,0.612052919829,-0.326182050298,-0.124800143513,-11.0419027596,0.736853063343,10.7157207093,-0.0802167396032,142.507543507,-6.4,0.000206305781405,0.0192271167618,-0.125262311805,-11.156303648,-2.65483362138e-06,0.000663708405342,-0.125056006024,0.611396498548,-0.330201765877,-11.1370765312,0.609219088232,-0.326300126615,0.734275094256,10.8107764046,29.3062376671,-6.4,142.166893334,0.612052919829,-0.326182050298,0.736853063343,10.7157207093,0.736853063343,10.7157207093,0.260433433664,4,0
3600,7.2,1,-0.524715423584,0,-1.79999995232,0,0,-0.384177063894,0.280022453751,-0.524715397486,-3.99116182639,0.140538333592,4.27118428014,-2.90294969679,30.3912343412,-1.8,-0.00265464577821,-0.263745003309,-0.518061162492,-2.25754954615,2.52653417243e-07,-6.31633543127e-05,-0.520715808271,-0.383616826828,0.280308023291,-2.52129454946,-0.37881754083,0.280245767212,0.14189826744,2.80154031667,6.07965753138,-1.8,31.0354936762,-0.384177063894,0.280022453751,0.140538333592,4.27118428014,0.140538333592,4.27118428014,-3.54720903177,4,0
3600,7.2,2,-0.259999990463,0,-4.40000009537,0,0,0.605221329247,-0.350028069633,-0.313605154306,-4.98532019263,0.918826483553,4.63529212299,0.249527327676,110.714747736,-4.4,-0.0229536792318,-1.17677741334,-0.26,0,-3.15816769736e-07,7.89541924441e-05,-0.282953679232,0.604521032909,-0.350385031557,-1.17677741334,0.752267591407,-0.343901142043,1.03522127064,0.832876271299,-0.226415561237,-4.4,128.390933833,0.605221329247,-0.350028069633,0.918826483553,4.63529212299,0.918826483553,4.63529212299,-17.4266587695,4,4
3610,7.22,1,-0.629854500294,0,0.20000000298,0,0,-0.378429663337,0.299711015434,-0.629854499587,-5.70439095599,0.25142483625,6.00410197142,-1.62912549694,57.0071298469,0.2,-0.00183099621669,-0.164271406434,-0.626357776116,-4.94322493164,2.03504420659e-06,-0.000508761051646,-0.628188772332,-0.37782719772,0.302759092056,-5.10749633807,-0.373390122245,0.299920996313,0.254798650087,5.40741733439,12.2146541586,0.2,57.6129246824,-0.378429663337,0.299711015434,0.25142483625,6.00410197142,0.25142483625,6.00410197142,-2.23492033241,4,0
3610,7.22,2,-0.259999990463,0,-2.40000009537,0,0,0.598037078503,-0.374638771585,-0.328322312827,1.00719876931,0.92635939133,-1.3818375409,-0.170355818791,103.475226996,-2.4,-0.0329915244034,0.142198424754,-0.26,0.172803874183,-2.5438052409e-06,0.000635951310219,-0.292991524403,0.597283996477,-0.378448867336,0.315002298937,0.621945925074,-0.373642569644,0.914937449478,-0.688644868582,1.94073092956,-2.4,106.349269594,0.598037078503,-0.374638771585,0.92635939133,-1.3818375409,0.92635939133,-1.3818375409,-3.04439841703,4,4
3620,7.24,1,-0.742406308651,0,2.20000004768,0,0,-0.372149243447,0.326005954827,-0.742406329727,-5.4689730287,0.37025708628,5.79497898353,-2.13815299132,73.3108700461,2.2,-0.000125234267165,-0.0107119103282,-0.742225692467,-5.44061574519,9.83315861125e-07,-0.000245828965276,-0.742350926734,-0.371495657642,0.327530389662,-5.45132765551,-0.38871694951,0.325315633741,0.353633977225,5.77664328926,16.1284323139,2.2,71.3192937132,-0.372149243447,0.326005954827,0.37025708628,5.79497898353,0.37025708628,5.79497898353,-0.14657665841,4,0
3620,7.24,2,-0.259999990463,0,-0.40000000596,0,0,0.590186553597,-0.407507445582,-0.302266105451,1.26469923678,0.892452659049,-1.67220668236,-0.0422617629865,96.0590435323,-0.4,-0.0207537323499,0.0121774755745,-0.26,1.27107323511,-1.22914481593e-06,0.000307286203977,-0.28075373235,0.589369571336,-0.40941298911,1.28325071069,0.613480662341,-0.406536857718,0.894234394691,-1.6897875684,5.89995611229,-0.4,98.8591895209,0.590186553597,-0.407507445582,0.892452659049,-1.67220668236,0.892452659049,-1.67220668236,-2.8424077515,4,4
3630,7.26,1,-0.846928715706,0,4.19999980927,0,0,-0.365539116071,0.335373242631,-0.846928701631,-5.03375292985,0.48138958556,5.36912617248,-1.87713422759,84.7520065768,4.2,7.18670604222e-05,0.00650655758833,-0.847073137412,-5.0664429276,1.28660538978e-06,-0.000321651347444,-0.847001270351,-0.364866509481,0.33726824886,-5.05993637001,-0.381890409869,0.334691938722,0.465110860482,5.39462830873,19.0819968241,4.2,82.7864448015,-0.365539116071,0.335373242631,0.48138958556,5.36912617248,0.48138958556,5.36912617248,0.0884275477607,4,0
3630,7.26,2,-0.259999990463,0,1.60000002384,0,0,0.581923894337,-0.419216555237,-0.280438303021,0.97884252358,0.862362197358,-1.39805907882,-0.138127683813,94.2864673586,1.6,-0.0102512069265,-0.0433900299278,-0.26,1.21908243329,-1.60825672302e-06,0.000402064180743,-0.270251206926,0.581083136096,-0.421585313003,1.17569240336,0.597386436917,-0.418572282629,0.867637643844,-1.59426468599,14.1817897659,1.6,96.1451938313,0.581923894337,-0.419216555237,0.862362197358,-1.39805907882,0.862362197358,-1.39805907882,-1.99685415654,4,4
3640,7.28,1,-0.943172037601,0,6.19999980927,0,0,-0.35861069126,0.358006795674,-0.943172066132,-4.63562747534,0.584561374871,4.99363427101,-1.66432047434,95.0702514319,6.2,-9.04525188023e-06,-0.000954938041848,-0.943141271296,-4.62613754579,1.37017491308e-06,-0.000342543728268,-0.943150316547,-0.357892576677,0.360084922789,-4.62709248383,-0.372349827773,0.357434331652,0.570800488775,4.98452681548,21.7895518487,6.2,93.4186927304,-0.35861069126,0.358006795674,0.584561374871,4.99363427101,0.584561374871,4.99363427101,-0.0127617727729,4,0
3640,7.28,2,-0.259999990463,0,3.59999990463,0,0,0.573263363287,-0.447508496264,-0.262246128787,0.879696914485,0.835509492075,-1.32720541075,-0.231729817301,92.5344757957,3.6,-0.00157968982047,-0.0455514473421,-0.26,1.12738106653,-1.71271862226e-06,0.000428179655563,-0.26157968982,0.572365720055,-0.45010615513,1.08182961919,0.577775220909,-0.447320502196,0.83935491073,-1.52915012139,22.432835206,3.6,93.0768386806,0.573263363287,-0.447508496264,0.835509492075,-1.32720541075,0.835509492075,-1.32720541075,-0.774092702253,4,4
3650,7.3,1,-1.03175795078,0,8.19999980927,0,0,-0.351295040248,0.369924344284,-1.0317578972,-4.26352769945,0.680462856955,4.63345204374,-2.33963165601,104.597324683,8.2,-9.35731132836e-05,-0.00869956298694,-1.03155027025,-4.21246975453,1.58305125064e-07,-3.95762812675e-05,-1.03164384337,-0.350555070887,0.370103409645,-4.22116931751,-0.369777638836,0.36915423601,0.661866204532,4.59032355352,24.3427532418,8.2,102.375562311,-0.351295040248,0.369924344284,0.680462856955,4.63345204374,0.680462856955,4.63345204374,-0.117869284156,4,0
3650,7.3,2,-0.244142860174,0,5.59999990463,0,0,0.564118799491,-0.462405431848,-0.24414286063,0.95015876257,0.808261660122,-1.41256419442,-0.0393081354871,88.8745045566,5.6,-0.000486215398781,-0.0446415538091,-0.243117760803,1.19268182726,-1.97881403929e-07,4.94703509737e-05,-0.243603976202,0.563193837786,-0.462629263546,1.14804027345,0.568830665232,-0.462209104108,0.812434641434,-1.61024937756,29.9128641929,5.6,89.4409100843,0.564118799491,-0.462405431848,0.808261660122,-1.41256419442,0.808261660122,-1.41256419442,-0.605713663134,4,0
3660,7.32,1,-1.11308479309,0,10.1999998093,0,0,-0.3438080242,0.38157636896,-1.11308484204,-3.90652294431,0.769276817844,4.28809931327,-1.56305330732,113.378479121,10.2,-0.000164294596093,-0.0151750340758,-1.1127297427,-3.82088010692,1.14074261581e-06,-0.000285185653948,-1.11289403729,-0.343043157506,0.383288903854,-3.836055141,-0.355099208753,0.381105902937,0.75779482854,4.21716104393,26.755072563,10.2,112.021184645,-0.3438080242,0.38157636896,0.769276817844,4.28809931327,0.769276817844,4.28809931327,-0.205758830747,4,0
3660,7.32,2,-0.222921445966,0,7.59999990463,0,0,0.554760029402,-0.476970462493,-0.222921443046,1.17358128743,0.777681472448,-1.65055174993,-0.298467368215,84.0360015838,7.6,-0.0004762871812,-0.043728641507,-0.221917093907,1.41123971401,-1.42592824781e-06,0.000356482061958,-0.222393381088,0.553803946032,-0.479111131078,1.36751107251,0.557212951556,-0.476868257404,0.779606332644,-1.84437932991,36.7301010133,7.6,84.3308632677,0.554760029402,-0.476970462493,0.777681472448,-1.65055174993,0.777681472448,-1.65055174993,-0.593329052177,4,0
3670,7.34,1,-1.18734848499,0,12.1999998093,0,0,-0.33602204543,0.395423495435,-1.18734854309,-3.55526877362,0.851326497659,3.95069226906,-1.8430104465,121.415403219,12.2,-0.000221946170075,-0.0204534822328,-1.18687326491,-3.44144769059,4.58210755061e-07,-0.000114552688766,-1.18709521108,-0.335230459063,0.396136841197,-3.46190117282,-0.349046170861,0.394880823542,0.838049040218,3.85678199636,29.0348051771,12.2,119.849794808,-0.33602204543,0.395423495435,0.851326497659,3.95069226906,0.851326497659,3.95069226906,-0.277402035285,4,0
3670,7.34,2,-0.195690751076,0,9.60000038147,0,0,0.545027555917,-0.494279370285,-0.195690745576,1.53499322466,0.740718301492,-2.02927259494,-0.231248267868,77.7243993652,9.6,-0.000468087900754,-0.0429767891699,-0.194703590444,1.76859916812,-5.7276343135e-07,0.00014319085785,-0.195171678345,0.544038072957,-0.495171052468,1.72562237895,0.547954789413,-0.494157402222,0.743126467758,-2.21977978117,42.9001296965,9.6,78.0762772251,0.545027555917,-0.494279370285,0.740718301492,-2.02927259494,0.740718301492,-2.02927259494,-0.583126127748,4,0
3680,7.36,1,-1.25458323956,0,14.1999998093,0,0,-0.328072213066,0.399748607191,-1.25458327291,-3.20281589648,0.926511059839,3.60256450367,-1.66009250362,128.596605439,14.2,-0.000269223172184,-0.0247833401844,-1.25400932596,-3.06583707481,5.73826773043e-07,-0.000143456693256,-1.25427854913,-0.327271880075,0.400596865525,-3.09062041499,-0.339085794636,0.399289707959,0.915192754496,3.48991012295,31.1910064287,14.2,127.272681154,-0.328072213066,0.399748607191,0.926511059839,3.60256450367,0.926511059839,3.60256450367,-0.336168219007,4,0
3680,7.36,2,-0.159835159779,0,11.6000003815,0,0,0.535090265443,-0.49968575986,-0.159835163645,2.02162605761,0.694925429088,-2.52131181747,-0.299221130339,69.7874537123,11.6,-0.000459802540511,-0.0422139883945,-0.158865669227,2.25101517914,-7.17283449303e-07,0.000179320862319,-0.159325471768,0.534089849203,-0.500746082752,2.20880119075,0.537365967041,-0.49959093896,0.696691438809,-2.70839212971,48.4326118192,11.6,70.0610120085,0.535090265443,-0.49968575986,0.694925429088,-2.52131181747,0.694925429088,-2.52131181747,-0.572779426568,4,0
3690,7.38,1,-1.31471276283,0,16.2000007629,0,0,-0.319985650343,0.408685846751,-1.31471278055,-2.84477303881,0.994727130203,3.25345888556,-1.5955371186,134.951985497,16.2,-0.000309102930488,-0.0284377100939,-1.31405541648,-2.68818068484,4.38967855565e-07,-0.000109741963889,-1.31436451942,-0.319167594607,0.409357093633,-2.71661839493,-0.330049626291,0.40826651442,0.984314893124,3.12488490935,33.2345082901,16.2,133.742211722,-0.319985650343,0.408685846751,0.994727130203,3.25345888556,0.994727130203,3.25345888556,-0.385763343117,4,0
3690,7.38,2,-0.112970791757,0,13.6000003815,0,0,0.524982062025,-0.510857308987,-0.112970793352,2.62279837061,0.637952855377,-3.1336556796,-0.334804560611,59.9127905106,13.6,-0.000449300816777,-0.0412449826082,-0.112023891308,2.84675567111,-5.48709797599e-07,0.000137177449405,-0.112473192125,0.523959492355,-0.511696367557,2.8055106885,0.526852436084,-0.510779376734,0.639325628209,-3.31629006524,53.3271545512,13.6,60.1376250589,0.524982062025,-0.510857308987,0.637952855377,-3.1336556796,0.637952855377,-3.1336556796,-0.559639108914,4,0
3700,7.4,1,-1.36759603024,0,18,0,0,-0.311767410865,0.411900132544,-1.36759601882,-2.47867926873,1.05582860796,2.89057940128,-1.72529272208,140.395293098,18,-0.000343925952546,-0.0316298210365,-1.36686570574,-2.30491536603,4.344737492e-08,-1.08618437305e-05,-1.36720963169,-0.310943577046,0.411949494645,-2.33654518707,-0.322550436438,0.411450839812,1.04465919526,2.74799602688,34.9787278582,18,139.099083565,-0.311767410865,0.411900132544,1.05582860796,2.89057940128,1.05582860796,2.89057940128,-0.429083189604,4,0
3700,7.4,2,-0.0529109276831,0,15.6000003815,0,0,0.514709262669,-0.514875166026,-0.0529109272983,3.32915907149,0.567620189967,-3.84403423751,-0.304659624797,47.9531802338,15.6,-0.000435037006602,-0.0399292501521,-0.0519946805265,3.54575356221,-5.43092160132e-08,1.35773040115e-05,-0.0524297175331,0.513679470395,-0.514936868649,3.50582431206,0.516681977034,-0.514792969594,0.569111694567,-4.02061728166,57.5737118863,15.6,48.1903169398,0.514709262669,-0.514875166026,0.567620189967,-3.84403423751,0.567620189967,-3.84403423751,-0.541796330776,4,0
3710,7.42,1,-1.41341602802,0,18,0,0,-0.303510770897,0.41400602471,-1.41341605521,-2.14782751155,1.10990528431,2.56183353626,-1.54635714642,145.106045894,18,-0.000401127098362,-0.0369338071458,-1.41256026302,-1.94345448553,9.86504075651e-08,-2.4662601894e-05,-1.41296139012,-0.302682596577,0.414161147854,-1.98038829268,-0.312207249166,0.413643671449,1.10075414096,2.39403196413,34.8781369657,18,144.060656736,-0.303510770897,0.41400602471,1.10990528431,2.56183353626,1.10990528431,2.56183353626,-0.500967987913,4,0
3710,7.42,2,0.0227010622621,0,17.6000003815,0,0,0.504388462704,-0.517507531014,0.0227010623559,4.17505093239,0.481687400348,-4.6925584634,-0.369519912341,33.5698720454,17.6,-0.000366946669261,-0.0335624755406,0.0234629919674,4.3530985532,-1.23312985711e-07,3.08282464403e-05,0.0230960452981,0.503353244804,-0.517701434909,4.31953607766,0.50510447059,-0.517477697352,0.482008425291,-4.83701377502,61.075430947,17.6,33.6559421599,0.504388462704,-0.517507531014,0.481687400348,-4.6925584634,0.481687400348,-4.6925584634,-0.455590026861,4,0
3720,7.44,1,-1.45318853855,0,18,0,0,-0.295227957384,0.413611353064,-1.45318851517,-1.85630790888,1.15796055779,2.26991926194,-1.56084716525,149.358334614,18,-0.000437529055529,-0.0401545263025,-1.4522668912,-1.63846593451,-1.26258531241e-07,3.15646328164e-05,-1.45270442026,-0.294400925614,0.413421191175,-1.67862046081,-0.303679856162,0.413259190615,1.1490245641,2.09187965142,34.7728722436,18,148.342345949,-0.295227957384,0.413611353064,1.15796055779,2.26991926194,1.15796055779,2.26991926194,-0.544858499627,4,0
3720,7.44,2,0.116529472172,0,17.7999992371,0,0,0.494034945814,-0.517014191135,0.116529472175,5.10224138425,0.377505473639,-5.61925557539,-0.371854787288,16.5452721418,17.8,-0.000303782767253,-0.0278963392562,0.117170066766,5.25387560332,1.57823177138e-07,-3.94557942913e-05,0.116866283999,0.493001156102,-0.516776488754,5.22597926406,0.494090233181,-0.517011887495,0.377223949182,-5.74299115156,56.6484895732,17.8,16.5519181441,0.494034945814,-0.517014191135,0.377505473639,-5.61925557539,0.377505473639,-5.61925557539,-0.378500789559,4,0
3730,7.46,1,-1.48652219772,0,18,0,0,-0.286968372467,0.412333942444,-1.48652218654,-1.49564243464,1.19955381407,1.90797637708,-1.47967271848,152.733175663,18,-0.000361033240658,-0.0330008184543,-1.48577446987,-1.32128923647,-2.13294830409e-07,5.33237076048e-05,-1.48613550311,-0.286144001414,0.412025555504,-1.35429005492,-0.295550756748,0.411976343099,1.19058474636,1.76626639802,34.5956228992,18,151.701501553,-0.286968372467,0.412333942444,1.19955381407,1.90797637708,1.19955381407,1.90797637708,-0.447998608106,4,0
3730,7.46,2,0.226650565863,0,15.8000001907,0,0,0.483710464673,-0.515417427735,0.226650559033,5.7828092605,0.25705990564,-6.29822668824,-0.403074754894,-1.47190294109,15.8,-0.000367873154987,-0.0339220733409,0.227440014941,5.97220498311,2.66618555622e-07,-6.66546388998e-05,0.227072141786,0.482680000857,-0.515031944034,5.93828290977,0.484184340801,-0.515397682896,0.257112199015,-6.45368059266,43.8513272947,15.8,-1.41493908157,0.483710464673,-0.515417427735,0.25705990564,-6.29822668824,0.25705990564,-6.29822668824,-0.460038614409,4,0
3740,7.48,1,-1.51151776314,0,18,0,0,-0.278771338572,0.406416991069,-1.51151776158,-1.03428653864,1.23274642301,1.44070352971,-1.57175457078,154.622624081,18,-0.00024926152069,-0.0227394128358,-1.51100591189,-0.915756376035,-5.49110339698e-07,0.000137277584924,-1.51125517341,-0.27795932612,0.405594393323,-0.93849578887,-0.289277997493,0.405979213614,1.22197717592,1.34447500248,34.2799430156,18,153.359636123,-0.278771338572,0.406416991069,1.23274642301,1.44070352971,1.23274642301,1.44070352971,-0.308766613009,4,0
3740,7.48,2,0.34662604332,0,13.8000001907,0,0,0.473464172314,-0.508021238189,0.346626028865,6.12871221272,0.126838143449,-6.6367334509,-0.375954408104,-18.9871398699,13.8,-0.000460333220872,-0.0423871863022,0.347608485863,6.36337839421,6.86387946147e-07,-0.000171596986532,0.347148152642,0.47244915675,-0.506992990974,6.32099120791,0.475119463638,-0.507952267717,0.127971310996,-6.82894347563,32.1363957699,13.8,-18.7881600586,0.473464172314,-0.508021238189,0.126838143449,-6.6367334509,0.126838143449,-6.6367334509,-0.574934219432,4,0
3750,7.5,1,-1.5262748003,0,18,0,0,-0.270715236948,0.400511582436,-1.52627476856,-0.482535007754,1.25555953162,0.88304659019,-1.13923871543,154.801277593,18,-0.000142721242202,-0.0129661914787,-1.52598680667,-0.416834761467,-7.70392646343e-08,1.92598161541e-05,-1.52612952791,-0.269914271697,0.400424846096,-0.429800952946,-0.278727098789,0.400177754859,1.24740242913,0.829978707805,33.827270204,18,153.838185034,-0.270715236948,0.400511582436,1.25555953162,0.88304659019,1.25555953162,0.88304659019,-0.176146156622,4,0
3750,7.5,2,0.470267236233,0,11.8000001907,0,0,0.463394045299,-0.5006394772,0.470267228902,6.18580440248,-0.00687318360302,-6.68644387968,-0.511896578292,-35.4262675535,11.8,-0.000530455620096,-0.0487918411229,0.471394421608,6.45412777809,9.62990834297e-08,-2.40747708559e-05,0.470863965988,0.462392838737,-0.500531056772,6.40533593696,0.464641805086,-0.500587487209,-0.00622216090109,-6.90592342417,21.5144602084,11.8,-35.276276429,0.463394045299,-0.5006394772,-0.00687318360302,-6.68644387968,-0.00687318360302,-6.68644387968,-0.661887702768,4,0
3760,7.52,1,-1.52910172939,0,18,0,0,-0.262758674415,0.392798510079,-1.52910176758,0.148923333703,1.26634309316,0.243875176376,-1.58127205795,153.109755786,18,-4.47674880872e-05,-0.00398331462096,-1.52901938641,0.166162175056,-9.56222601878e-07,0.00023905565047,-1.5290641539,-0.261974487833,0.391376124262,0.162178860435,-0.275461835018,0.392269211721,1.25360231888,0.230090351286,33.2484261755,18,151.582730022,-0.262758674415,0.392798510079,1.26634309316,0.243875176376,1.26634309316,0.243875176376,-0.0542462937361,4,0
3760,7.52,2,0.592292487621,0,9.80000019073,0,0,0.453448342151,-0.490998136543,0.59229251095,5.99861840295,-0.138844168799,-6.4896165395,-0.37394864487,-50.3704132999,9.8,-0.000575737861293,-0.0529181328033,0.593512240537,6.28828680365,1.19527827486e-06,-0.00029881956871,0.592936502676,0.452468108925,-0.489220154238,6.23536867084,0.456309834289,-0.490878907704,-0.136626668386,-6.72624757855,11.9401977085,9.8,-50.0264380991,0.453448342151,-0.490998136543,-0.138844168799,-6.4896165395,-0.138844168799,-6.4896165395,-0.717923845666,4,0
3770,7.54,1,-1.51853072643,0,18,0,0,-0.255052118464,0.378213172589,-1.51853072348,0.847810131168,1.26347860501,-0.469596958579,-1.32862637178,149.383167385,18,4.25119970884e-05,0.00400482522225,-1.51863022572,0.822429156664,-6.94370204668e-07,0.000173592551161,-1.51858771373,-0.25429678863,0.377144139757,0.826433981886,-0.266555530613,0.377733863749,1.25203218311,-0.448700118137,32.5507187823,18,148.000361383,-0.255052118464,0.378213172589,1.26347860501,-0.469596958579,1.26347860501,-0.469596958579,0.0541796302478,4,0
3770,7.54,2,0.708086252213,0,7.80000019073,0,0,0.443815147237,-0.472766464381,0.70808623023,5.58606336114,-0.264271082993,-6.05882982552,-0.445419076514,-63.3698315572,7.8,-0.00062884434964,-0.0577008409894,0.70941231285,5.89966097774,8.67962767659e-07,-0.000216990691917,0.7087834685,0.442870984946,-0.471430173322,5.84196013675,0.446623143924,-0.472649464519,-0.262160324576,-6.31460960127,3.40561922095,7.8,-63.0322869555,0.443815147237,-0.472766464381,-0.264271082993,-6.05882982552,-0.264271082993,-6.05882982552,-0.782963678221,4,0
3780,7.56,1,-1.49341595173,0,18,0,0,-0.247552863885,0.371498736437,-1.4934159092,1.59644912277,1.24586304531,-1.22495038634,-1.35996132509,143.644515278,18,0.000113233366798,0.0104931911367,-1.49366386741,1.53604897352,-9.72782702752e-07,0.00024319567569,-1.49355063404,-0.246811257395,0.370073657755,1.54654216465,-0.260049378743,0.370978048318,1.2335012553,-1.17556411633,31.7394093997,18,142.142330054,-0.247552863885,0.371498736437,1.24586304531,-1.22495038634,1.24586304531,-1.22495038634,0.14222389846,4,0
3780,7.56,2,0.813925027847,0,5.80000019073,0,0,0.434441079041,-0.464373419078,0.813925042443,5.03179265131,-0.379483963402,-5.49616607039,-0.435723191112,-74.321669742,5.8,-0.000601778730592,-0.0552390555812,0.815192849933,5.33159977304,1.2159783942e-06,-0.000303994598544,0.814591071202,0.433514070932,-0.462592070702,5.27636071746,0.437051560397,-0.464264649021,-0.377539510805,-5.74062536648,-4.20648176869,5.8,-74.007868129,0.434441079041,-0.464373419078,-0.379483963402,-5.49616607039,-0.379483963402,-5.49616607039,-0.74952480418,4,0
3790,7.58,1,-1.45283448696,0,18,0,0,-0.240307337817,0.351494173622,-1.45283453013,2.38922681525,1.21252719232,-2.03773264163,-1.5970324271,135.725008562,18,0.000180316385271,0.0166483369969,-1.45322359772,2.29550676875,-1.4660477228e-06,0.000366511930699,-1.45304328134,-0.239606570137,0.34928430413,2.31215510574,-0.255470829232,0.35086236148,1.19757245211,-1.96129274426,30.8038480349,18,133.902230532,-0.240307337817,0.351494173622,1.21252719232,-2.03773264163,1.21252719232,-2.03773264163,0.225745603442,4,0
3790,7.58,2,0.90717458725,0,3.79999995232,0,0,0.425384171488,-0.439367715269,0.907174602573,4.33883201275,-0.481790431085,-4.77819972802,-0.349297040919,-83.0019973714,3.8,-0.000595476814939,-0.0546943853145,0.908432376796,4.6368606605,1.83255967207e-06,-0.000458139918018,0.907836899981,0.424508211892,-0.436605378376,4.58216627519,0.428651700729,-0.439231568218,-0.479185199252,-5.0213978434,-11.0238192084,3.8,-82.6092131272,0.425384171488,-0.439367715269,-0.481790431085,-4.77819972802,-0.481790431085,-4.77819972802,-0.742081285126,4,0
3800,7.6,1,-1.39598917961,0,18,0,0,-0.233457094354,0.33723415462,-1.39598916131,3.21732569274,1.16253206695,-2.88009153812,-0.658592096472,125.641816165,18,0.000240436141173,0.022156383017,-1.39650392299,3.09406795846,-1.87544966751e-07,4.6886241688e-05,-1.39626348684,-0.232782767922,0.337022557095,3.11622434148,-0.241435671798,0.336901713893,1.15482781505,-2.77932262758,29.7183065281,18,124.682724668,-0.233457094354,0.33723415462,1.16253206695,-2.88009153812,1.16253206695,-2.88009153812,0.300499400533,4,0
3800,7.6,2,0.985028803349,0,1.79999995232,0,0,0.416821367196,-0.421542691348,0.985028790935,3.50757905591,-0.568207423738,-3.92912174726,-0.63360648651,-89.1507210396,1.8,-0.000605134083966,-0.0555958195994,0.986308354325,3.81103286311,2.34431210666e-07,-5.86078026623e-05,0.985703220241,0.415978459161,-0.42127819444,3.75543704351,0.417825313041,-0.421500860271,-0.567877907199,-4.17693790378,-16.9958917113,1.8,-89.0300383828,0.416821367196,-0.421542691348,-0.568207423738,-3.92912174726,-0.568207423738,-3.92912174726,-0.754289143284,4,0
3810,7.62,1,-1.32230687141,0,18,0,0,-0.226831433626,0.320701396378,-1.32230690927,4.06860181711,1.09547547564,-3.74790042074,-1.66464360889,113.363589821,18,0.000291129237556,0.0267992897161,-1.32292749891,3.92050260759,-1.88721076053e-06,0.000471802690132,-1.32263636967,-0.226192831248,0.317885780924,3.94730189731,-0.243703456052,0.319998395443,1.07893291362,-3.62730350186,28.4497650079,18,111.335432125,-0.226831433626,0.320701396378,1.09547547564,-3.74790042074,1.09547547564,-3.74790042074,0.363514086802,4,0
3810,7.62,2,1.04479825497,0,-0.20000000298,0,0,0.408539291327,-0.40087674337,1.04479828693,2.54410448519,-0.636258995598,-2.94498122856,-0.310626319038,-92.448757191,-0.2,-0.000627293215739,-0.0576521045866,1.04612661485,2.85948607208,2.35901346901e-06,-0.000589753367253,1.04549932163,0.407741038359,-0.397357224026,2.80183396749,0.412461890917,-0.400713301721,-0.633037430716,-3.20254726921,-22.1259490479,-0.2,-91.9772280319,0.408539291327,-0.40087674337,-0.636258995598,-2.94498122856,-0.636258995598,-2.94498122856,-0.782155478106,4,0
3820,7.64,1,-1.23145532608,0,18,0,0,-0.220699569633,0.293815018279,-1.23145537953,4.93122213599,1.0107558099,-4.63740711771,-1.17791978094,98.8393218321,18,0.000333342802978,0.030665677626,-1.23216410024,4.76243348159,-1.17252170651e-06,0.000293130426623,-1.23183075744,-0.220113799621,0.292005614653,4.79309915922,-0.233959126869,0.293262536727,0.997871630571,-4.49983662249,26.9558561589,18,97.2454125561,-0.220699569633,0.293815018279,1.0107558099,-4.63740711771,1.0107558099,-4.63740711771,0.41598949514,4,0
3820,7.64,2,1.0838559866,0,-2.20000004768,0,0,0.40087446138,-0.367268770508,1.08385600294,1.4493732346,-0.682981541558,-1.81664200511,-0.441894016101,-92.5049664663,-2.2,-0.000666675033367,-0.0612958662003,1.08527000761,1.78552748017,1.46565214221e-06,-0.000366413035545,1.08460333258,0.40014224887,-0.365007015961,1.72423161397,0.404115980269,-0.367133707221,-0.68048735231,-2.09136532119,-26.4132477525,-2.2,-92.1153088832,0.40087446138,-0.367268770508,-0.682981541558,-1.81664200511,-0.682981541558,-1.81664200511,-0.831551599209,4,0
3830,7.66,1,-1.12333011627,0,18,0,0,-0.214932222545,0.282533455424,-1.12333017351,5.79421866855,0.908397950968,-5.51168521313,-1.3180222086,82.2610146821,18,0.000368997638485,0.0339329465458,-1.12411347928,5.60789179065,-1.60624025558e-06,0.000401560063895,-1.12374448164,-0.214369460559,0.280176313202,5.6418247372,-0.229726148871,0.281917041827,0.894018332766,-5.35990769537,25.1869879705,18,80.4826614551,-0.214932222545,0.282533455424,0.908397950968,-5.51168521313,0.908397950968,-5.51168521313,0.460331018491,4,0
3830,7.66,2,1.09955751896,0,-4.19999980927,0,0,0.393665277568,-0.353166816853,1.09955755552,0.221344639024,-0.705892277952,-0.574511455877,-0.392478376583,-89.1803796274,-4.2,-0.000726707036054,-0.0668393185662,1.1011011465,0.588728541628,2.00780033149e-06,-0.00050195008287,1.10037443947,0.39296182509,-0.350220389057,0.521889223062,0.39794317782,-0.352988571009,-0.702431261647,-0.874877794071,-29.8393410236,-4.2,-88.666140368,0.393665277568,-0.353166816853,-0.705892277952,-0.574511455877,-0.705892277952,-0.574511455877,-0.906717635986,4,0
3840,7.68,1,-0.998032808304,0,18,0,0,-0.209576909282,0.251033002255,-0.998032786702,6.64788351663,0.78845587742,-6.39685051437,-1.66967159197,63.5100135395,18,0.000400563610279,0.0368282831154,-0.998882381986,6.44591982949,-2.19304909815e-06,0.000548262274535,-0.998481818376,-0.20907817538,0.247722163968,6.48274811261,-0.227623013816,0.250281081233,0.77085880456,-6.23246703137,23.0915619682,18,61.3407213903,-0.209576909282,0.251033002255,0.78845587742,-6.39685051437,0.78845587742,-6.39685051437,0.499620557265,4,0
3840,7.68,2,1.08920478821,0,-6.19999980927,0,0,0.38697113604,-0.313791250177,1.08920478779,-1.14286829397,-0.70223365175,0.82907704379,-0.2579042647,-81.9085165881,-6.2,-0.000808921689338,-0.0744204341029,1.09092484927,-0.733142495462,2.74131138595e-06,-0.000685327846483,1.09011592758,0.386347718668,-0.309652702298,-0.807562929565,0.393223827903,-0.313530721349,-0.696892099678,0.494032208215,-32.3658565724,-6.2,-81.1568909203,0.38697113604,-0.313791250177,-0.70223365175,0.82907704379,-0.70223365175,0.82907704379,-1.0095299325,4,0
3850,7.7,1,-0.855844497681,0,18,0,0,-0.204820017528,0.230265850995,-0.855844489948,7.48378190766,0.651024472419,-7.25351605667,-0.347171635254,42.7998567614,18,0.000430495609706,0.039576541969,-0.856757208759,7.26687865165,-2.73753000268e-07,6.84382500701e-05,-0.856326713149,-0.204359693287,0.22995680612,7.30645519362,-0.212174595054,0.229959410265,0.644152118095,-7.07649578335,20.6238962916,18,41.9157752547,-0.204820017528,0.230265850995,0.651024472419,-7.25351605667,0.651024472419,-7.25351605667,0.536909871426,4,0
3850,7.7,2,1.05005455017,0,-8.19999980927,0,0,0.381025021402,-0.287832310986,1.05005460371,-2.64458607079,-0.66902958231,2.35675375981,-0.653731367467,-70.5169196768,-8.2,-0.000912657416456,-0.0839748826489,1.05199628836,-2.18188012186,3.4219125189e-07,-8.55478129756e-05,1.05108363094,0.380449616105,-0.28744600489,-2.26585500451,0.385062926918,-0.287664064923,-0.66602070402,1.97819093959,-33.9348732497,-8.2,-70.0315297845,0.381025021402,-0.287832310986,-0.66902958231,2.35675375981,-0.66902958231,2.35675375981,-1.13912125976,4,0
3860,7.72,1,-0.697205483913,0,17.8310222626,0,0,-0.200383656002,0.207055333115,-0.697205482549,8.29424731063,0.496821826546,-8.08719197752,-1.78715783097,20.1924529376,17.8310225742,0.000460475011026,0.042330344235,-0.698181543074,8.06233229082,-2.57369850357e-06,0.000643424625889,-0.697721068063,-0.199973372916,0.2032112693,8.10466263505,-0.220028137362,0.206236813058,0.477692930701,-7.89842582199,17.5866757349,17.8310225742,17.8310225742,-0.200383656002,0.207055333115,0.496821826546,-8.08719197752,0.496821826546,-8.08719197752,0.574272532408,4,0
3860,7.72,2,0.979383766651,0,-10.1999998093,0,0,0.375479569551,-0.258819163518,0.979383768236,-4.28033965927,-0.603904198685,4.02152049575,-0.187567524086,-54.6460350386,-10.2,-0.00103411404858,-0.0951479547555,0.981583673258,-3.75614395285,3.21712314122e-06,-0.000804280785302,0.980549559209,0.374966715698,-0.254014083732,-3.85129190761,0.384656307347,-0.258436799443,-0.595893251862,3.59285510816,-34.4753505552,-10.2,-53.5429146826,0.375479569551,-0.258819163518,-0.603904198685,4.02152049575,-0.603904198685,4.02152049575,-1.29068788006,4,0
3870,7.74,1,-0.523130655289,0,15.8310222626,0,0,-0.196620906786,0.171351219376,-0.52313066865,9.01809020417,0.326509761864,-8.8467389848,-1.12964240797,-4.07478814829,15.8310225742,0.00045402094118,0.04164917126,-0.524084924672,8.79289960445,-1.4987654032e-06,0.000374691350802,-0.523630903731,-0.196280586908,0.169035864952,8.83454877571,-0.210719858428,0.170763763058,0.312911045303,-8.66378501265,12.3666259327,15.8310225742,-5.76959962691,-0.196620906786,0.171351219376,0.326509761864,-8.8467389848,0.326509761864,-8.8467389848,0.56516907065,4,0
3870,7.74,2,0.874915242195,0,-12.1999998093,0,0,0.370776133089,-0.214189021197,0.87491527085,-6.00095938184,-0.504139137761,5.78677036064,-0.361652668383,-34.0201663752,-12.2,-0.00112306805766,-0.103212884838,0.877293401853,-5.43640367827,1.87345675923e-06,-0.000468364189805,0.876170333795,0.370350733248,-0.211294828159,-5.53961656311,0.379416330663,-0.213829012965,-0.496754003132,5.32578755014,-33.9873306048,-12.2,-32.9815426252,0.370776133089,-0.214189021197,-0.504139137761,5.78677036064,-0.504139137761,5.78677036064,-1.40027641836,4,0
3880,7.76,1,-0.336152434349,0,13.8310222626,0,0,-0.193332664478,0.156964129585,-0.336152428115,9.59395162807,0.142819763637,-9.43698749849,-1.36055871032,-29.1767041554,13.8310225742,0.000413455491112,0.0378371002072,-0.337012722688,9.39286632573,-2.03159894727e-06,0.000507899736813,-0.336599267197,-0.193021656465,0.153980306913,9.43070342594,-0.208923443016,0.156314513813,0.127675824181,-9.27438891212,6.91360726224,13.8310225742,-31.050845659,-0.193332664478,0.156964129585,0.142819763637,-9.43698749849,0.142819763637,-9.43698749849,0.513582793207,4,0
3880,7.76,2,0.735836625099,0,-13.0060005188,0,0,0.366665830265,-0.19620515891,0.735836638361,-7.72053302505,-0.369170808096,7.52432786614,-0.278963877234,-9.17548022024,-13.0060001264,-0.0011555563191,-0.106053898272,0.738269816436,-7.14581753305,2.53949869067e-06,-0.000634874672671,0.737114260117,0.366277070255,-0.192475380559,-7.25187143132,0.376316434177,-0.195803050413,-0.36079782594,7.05606838091,-27.9333072472,-13.0060001264,-8.01539720826,0.366665830265,-0.19620515891,-0.369170808096,7.52432786614,-0.369170808096,7.52432786614,-1.43904688921,4,0
3890,7.78,1,-0.140272259712,0,11.8310222626,0,0,-0.190561379647,0.118048874434,-0.140272259218,9.91238929011,-0.050289120429,-9.79434041567,-1.78139466257,-54.5231601836,11.8310225742,0.000249063794605,0.0225897204731,-0.140771539688,9.79915750062,-2.63592671418e-06,0.000658981678543,-0.140522475894,-0.190329293741,0.114066007963,9.82174722109,-0.20793402293,0.117325014298,-0.0674115470359,-9.7044222068,1.43268981438,11.8310225742,-56.6114966783,-0.190561379647,0.118048874434,-0.050289120429,-9.79434041567,-0.050289120429,-9.79434041567,0.3069418321,4,0
3890,7.78,2,0.56590038538,0,-11.0060005188,0,0,0.363201724288,-0.14756108986,0.56590038534,-9.04709306367,-0.202698661051,8.8995319738,-0.113736264634,18.073694383,-11.0060001264,-0.000999218293441,-0.0914111876791,0.567977144801,-8.56151763204,3.29490839884e-06,-0.000823727099716,0.566977926508,0.362911616912,-0.142582506762,-8.65292881972,0.372577824851,-0.147170419004,-0.194400101657,8.50575840071,-11.2380533174,-11.0060001264,19.2007798047,0.363201724288,-0.14756108986,-0.202698661051,8.8995319738,-0.202698661051,8.8995319738,-1.2408216864,4,0
3900,7.8,1,0.0586525723338,0,9.83102226257,0,0,-0.188514125835,0.0934651102917,0.0586525715893,9.92924729584,-0.247166697425,-9.83578218555,-0.246309502654,-78.81006531,9.83102257419,4.06867861164e-05,0.00344818728547,0.0585938959206,9.92046097999,-3.24494553755e-07,8.11236384401e-05,0.0586345827067,-0.18832744178,0.0930986568373,9.92390916728,-0.190956108343,0.0933633610205,-0.24959069105,-9.83054580626,-3.78667916397,9.83102257419,-79.1036119573,-0.188514125835,0.0934651102917,-0.247166697425,-9.83578218555,-0.247166697425,-9.83578218555,0.0472371446264,4,0
3900,7.8,2,0.375947862864,0,-9.0060005188,0,0,0.360642657089,-0.116831384632,0.375947860653,-9.7712314621,-0.0153052035638,9.65440007746,-0.56987065903,45.0307748917,-9.0060001264,-0.000694087841447,-0.0632347661149,0.377365692035,-9.44444632736,4.05618192867e-07,-0.000101404548212,0.376671604193,0.360409302026,-0.116373317813,-9.50768109347,0.363045944577,-0.116731247653,-0.0136256596161,9.39094984582,3.69907632781,-9.0060001264,45.3196700752,0.360642657089,-0.116831384632,-0.0153052035638,9.65440007746,-0.0153052035638,9.65440007746,-0.858765842548,4,0
3910,7.82,1,0.254752486944,0,7.83102273941,0,0,-0.18684182297,0.0665839061675,0.25475248286,9.66427909903,-0.44159430583,-9.59769519287,-1.93378028987,-101.369448561,7.83102257419,-0.000156173744881,-0.0145840175658,0.255105151632,9.7520784153,-2.9267468836e-06,0.0007316867209,0.254948977887,-0.186713014015,0.0622094174341,9.73749439773,-0.201285772168,0.065982074951,-0.456234750056,-9.67151232278,-8.53191351156,7.83102257419,-103.105731621,-0.18684182297,0.0665839061675,-0.44159430583,-9.59769519287,-0.44159430583,-9.59769519287,-0.197497230052,4,0
3910,7.82,2,0.178532108665,0,-7.00600004196,0,0,0.358552278572,-0.0832298794328,0.178532101992,-9.85798311365,0.180020176581,9.77475323421,-0.0209957347447,69.9277890868,-7.0060001264,-0.000305300047321,-0.0274786655369,0.17912397926,-9.72770264663,3.65843360822e-06,-0.000914608402054,0.178818679213,0.358391267385,-0.0777617685105,-9.75518131217,0.361486446685,-0.0831076224281,0.182667767472,9.67207368974,16.28181427,-7.0060001264,70.2805005453,0.358552278572,-0.0832298794328,0.180020176581,9.77475323421,0.180020176581,9.77475323421,-0.373707193257,4,0
3920,7.84,1,0.419439375401,0,5.83102273941,0,0,-0.18593567714,0.0266877567004,0.419439379141,4.67463298869,-0.605375056281,-4.64794523199,-1.19074222755,-113.558739351,5.83102257419,-0.00683912056268,-0.64426921587,0.435360856894,8.63572691951,-1.6308343041e-06,0.000407708576024,0.428521736332,-0.185884898047,0.0241664206873,7.99145770364,-0.123333347374,0.0292961871073,-0.551855083706,-7.96216151653,-11.1758602031,5.83102257419,-106.033417627,-0.18593567714,0.0266877567004,-0.605375056281,-4.64794523199,-0.605375056281,-4.64794523199,-8.71606395147,4,0
3920,7.84,2,0.00572732742876,0,-5.00600004196,0,0,0.35741959635,-0.0333596925625,0.00572732743384,-5.59254810514,0.351692268916,5.55918841258,-0.215425101538,84.4908159994,-5.0060001264,0.00557747110137,0.525815622891,-0.00730044420043,-8.83791684856,2.03854288078e-06,-0.000509635720195,-0.00172297309906,0.357356122491,-0.0302080225451,-8.31210122567,0.296455699658,-0.0358998549247,0.298178672757,8.27620137074,21.6147101065,-5.0060001264,77.1624475846,0.35741959635,-0.0333596925625,0.351692268916,5.55918841258,0.351692268916,5.55918841258,7.11294331329,4,0
3930,7.86,1,0.445929974318,0,3.83102250099,0,0,-0.185552552766,0.0110590809314,0.44592998319,-0.360342417528,-0.631482535956,0.371401498459,-1.48261842579,-82.9913169888,3.83102257419,-0.00490050949684,-0.44227108514,0.45554655131,1.78282729394,-2.19375079563e-06,0.000548437698905,0.450646041813,-0.185533591837,0.0078351514221,1.3405562088,-0.147865415461,0.0126293783191,-0.598511457274,-1.32792683048,-6.83521958726,3.83102257419,-78.4610090254,-0.185552552766,0.0110590809314,-0.631482535956,0.371401498459,-0.631482535956,0.371401498459,-6.01292638922,4,0
3930,7.86,2,-0.0501686781645,0,-3.00600004196,0,0,0.356940690949,-0.0138238478461,-0.0501686777009,-1.43130740252,0.40710936865,1.41748355468,-0.110254461722,63.0606227769,-3.0060001264,0.00388853195302,0.350562416321,-0.0577633984212,-3.11693744154,2.74218849494e-06,-0.000685547123731,-0.0538748664681,0.356916989794,-0.00979393595875,-2.76637502522,0.316369859264,-0.0155142991663,0.370244725732,2.75086072605,8.29102460131,-3.0060001264,58.1836707181,0.356940690949,-0.0138238478461,0.40710936865,1.41748355468,0.40710936865,1.41748355468,4.76669759708,4,0
3940,7.88,1,0.424557775259,0,1.8310226202,0,0,-0.185724334322,-0.0302292520561,0.424557765138,-1.40276225107,-0.610282099461,1.37253299901,-1.91816413861,-68.3479711137,1.83102257419,-0.0011364396481,-0.102148230706,0.426725863001,-0.930016982815,-2.73730289826e-06,0.000684325724567,0.425589423353,-0.185788964649,-0.0343681404824,-1.03216521352,-0.19012284852,-0.030412523481,-0.615712271873,1.00175269004,-6.13931756122,1.83102257419,-68.8767091745,-0.185724334322,-0.0302292520561,-0.610282099461,1.37253299901,-0.610282099461,1.37253299901,-1.3894260778,4,0
3940,7.88,2,-0.0682695955038,0,-1.00600016117,0,0,0.357155417961,0.0377865683814,-0.0682695980516,-0.661022355387,0.425425016013,0.698808923769,0.064148307795,55.8714396703,-1.0060001264,0.000788888292239,0.070704895215,-0.0697529572453,-0.980338574947,3.4216286211e-06,-0.000855407155272,-0.0689640689531,0.357236205876,0.0429601789118,-0.909633679732,0.349685799808,0.0374753342917,0.418649868761,0.947109014023,9.10529387121,-1.0060001264,54.9735293214,0.357155417961,0.0377865683814,0.425425016013,0.698808923769,0.425425016013,0.698808923769,0.962058656663,4,0
3950,7.9,1,0.394895672798,0,-0.168977424502,0,0,-0.186651953486,-0.0554446427117,0.394895674413,-1.37719830663,-0.5815476279,1.32175366392,-0.36940437569,-62.4100521189,-0.168977425806,0.000101306798368,0.0137371389876,0.394431732598,-1.53561118712,-3.33195729563e-07,8.32989323901e-05,0.394533039397,-0.186763095749,-0.0558210283191,-1.52187404813,-0.191217678734,-0.0556348812637,-0.585750718131,1.46623916687,-7.23125601184,-0.168977425806,-62.9588903414,-0.186651953486,-0.0554446427117,-0.5815476279,1.32175366392,-0.5815476279,1.32175366392,0.179433846817,4,0
3950,7.9,2,-0.0794696807861,0,0.993999898434,0,0,0.358314941982,0.0693058066783,-0.0794696811673,-0.504835997018,0.437784623149,0.574141803696,-0.393258462704,55.1994993978,0.993999873599,-6.27291005736e-05,-0.00608961772893,-0.0793027915685,-0.460173351519,4.16494661648e-07,-0.000104123665416,-0.079365520669,0.358453869817,0.0697762886873,-0.466262969248,0.35572651861,0.0691979557044,0.435092039279,0.535460924953,15.4933871328,0.993999873599,54.8883493383,0.358314941982,0.0693058066783,0.437784623149,0.574141803696,0.437784623149,0.574141803696,-0.0821084032298,4,0
3960,7.92,1,0.370770454407,0,-2.16897749901,0,0,-0.187960366984,-0.0825138984327,0.370770452427,-1.16698759204,-0.558730819411,1.0844736936,-2.08575708957,-61.0058685917,-2.16897742581,0.000338103349261,0.0304674044051,0.370109843273,-1.31360711104,-2.90061618918e-06,0.000725154047298,0.370447946622,-0.188129720197,-0.0868520686471,-1.28313970664,-0.208758033463,-0.0833804678693,-0.579205980085,1.19975923877,-9.13442928262,-2.16897742581,-63.5059214164,-0.187960366984,-0.0825138984327,-0.558730819411,1.0844736936,-0.558730819411,1.0844736936,0.414295735155,4,0
3960,7.92,2,-0.0865287557244,0,2.99399995804,0,0,0.359950458919,0.103142376294,-0.0865287563381,-0.186238208644,0.446479215257,0.289380584938,0.16716934967,54.9484012581,2.9939998736,-5.06251063296e-05,-0.0044795021819,-0.0864374175079,-0.167534336337,3.62577023166e-06,-0.000906442557918,-0.0864880426143,0.360162150442,0.108565089055,-0.172013838519,0.361848941203,0.103221479723,0.448336983817,0.275235318242,22.4249120134,2.9939998736,55.1766146492,0.359950458919,0.103142376294,0.446479215257,0.289380584938,0.446479215257,0.289380584938,-0.0610440414943,4,0
3970,7.94,1,0.345734894276,0,-4.16897726059,0,0,-0.190028221618,-0.121433278251,0.345734891802,-1.3574764996,-0.53576311342,1.23604322135,-1.35347264806,-58.1413777786,-4.16897742581,1.48422496856e-05,0.00106938188953,0.345732322756,-1.35283638341,-1.55161802509e-06,0.00038790450627,0.345747165006,-0.190273562072,-0.123833940392,-1.35176700152,-0.201412145484,-0.121907608413,-0.54715931049,1.22985939311,-10.7185368695,-4.16897742581,-59.5098202933,-0.190028221618,-0.121433278251,-0.53576311342,1.23604322135,-0.53576311342,1.23604322135,0.0149698666291,4,0
3970,7.94,2,-0.0842322185636,0,4.99399995804,0,0,0.362535277277,0.151791600988,-0.0842322166968,0.401305295428,0.446767493974,-0.24951369444,-0.0224442329052,52.6092748259,4.9939998736,9.22322126763e-05,0.0086843602253,-0.0844471219557,0.346616284051,1.93952252725e-06,-0.00048488063181,-0.0843548897431,0.36284195285,0.154792428657,0.355300644277,0.361371148382,0.151743095618,0.445726038125,-0.203557548659,28.2784973505,4.9939998736,52.4693368317,0.362535277277,0.151791600988,0.446767493974,-0.24951369444,0.446767493974,-0.24951369444,0.117493761329,4,0
3980,7.96,1,0.314727008343,0,-6.16897726059,0,0,-0.19259985143,-0.13627874351,0.314727016782,-1.72945600983,-0.507326868212,1.59317726632,-1.66849833664,-53.2867261723,-6.16897742581,-0.000154825421575,-0.0143939048951,0.315070743808,-1.64491807975,-2.07168797514e-06,0.000517921993787,0.314915918386,-0.192875394096,-0.139325098842,-1.65931198465,-0.204857542527,-0.136789480639,-0.519773460913,1.52252250401,-11.9744217722,-6.16897742581,-54.7602027895,-0.19259985143,-0.13627874351,-0.507326868212,1.59317726632,-0.507326868212,1.59317726632,-0.195021719448,4,0
3980,7.96,2,-0.06742413342,0,6.99399995804,0,0,0.365749814605,0.170348432522,-0.0674241318552,1.23328254185,0.43317394646,-1.06293410933,0.0915707573301,47.2299614745,6.9939998736,0.000240708882951,0.0223007922371,-0.0679507602132,1.10509212784,2.58960996313e-06,-0.000647402490786,-0.0677100513303,0.366094242943,0.174156376678,1.12739292007,0.363997017417,0.170275399306,0.431707068747,-0.957117520766,32.9230424319,6.9939998736,47.0192606458,0.365749814605,0.170348432522,0.43317394646,-1.06293410933,0.43317394646,-1.06293410933,0.30227158599,4,0
3990,7.98,1,0.274828583002,0,-8.16897773743,0,0,-0.195692443958,-0.174590982537,0.274828571534,-2.23249725492,-0.470521015492,2.05790627238,-2.0623237931,-46.8113512906,-8.16897742581,-0.000273872247483,-0.0253976959071,0.275426167431,-2.08719676794,-2.48404370706e-06,0.000621010926763,0.275152295184,-0.196045417239,-0.178349673032,-2.11259446384,-0.209985245388,-0.17518651593,-0.485137540572,1.93740794791,-12.9508555207,-8.16897742581,-48.5294651291,-0.195692443958,-0.174590982537,-0.470521015492,2.05790627238,-0.470521015492,2.05790627238,-0.344209954523,4,0
3990,7.98,2,-0.0316388979554,0,8.9939994812,0,0,0.369615555326,0.218238731183,-0.031638899061,2.27298993463,0.401254454387,-2.05475120345,0.252560250227,38.7352020827,8.9939998736,0.000377400443653,0.0348434101407,-0.0324529409659,2.07694120487,3.10505462442e-06,-0.000776263656101,-0.0320755405222,0.370056771933,0.222937094287,2.11178461501,0.367786178533,0.21816250715,0.399861719056,-1.89362210786,36.4087796889,8.9939998736,38.5152957474,0.369615555326,0.218238731183,0.401254454387,-2.05475120345,0.401254454387,-2.05475120345,0.472466585575,4,0
4000,8,1,0.223403379321,0,-10.1689777374,0,0,-0.199474757008,-0.197171182017,0.223403385983,-2.86487363477,-0.422878142991,2.66770245275,-0.700531780143,-38.3009753131,-10.1689774258,-0.000397174935398,-0.0366222447624,0.224255850557,-2.66035625773,-2.987292336e-07,7.46823084024e-05,0.223858675621,-0.199869326387,-0.197508736576,-2.69697850249,-0.201170743024,-0.197241848101,-0.425029418645,2.49973665439,-13.6177174914,-10.1689774258,-38.5048469654,-0.199474757008,-0.197171182017,-0.422878142991,2.66770245275,-0.422878142991,2.66770245275,-0.496660127846,4,0
4000,8,2,0.0269313249737,0,10.9939994812,0,0,0.374343446698,0.246463980439,0.0269313248562,3.48876413533,0.347412121841,-3.24230015489,-0.146832062048,26.6086885174,10.9939998736,0.000504271621942,0.0464764939014,0.0258510428125,3.22996495737,3.73411540855e-07,-9.33528852109e-05,0.0263553144345,0.374836658428,0.246885923638,3.27644145127,0.367878295066,0.246194599121,0.341522980631,-3.03024685215,38.7823949952,10.9939998736,25.831523415,0.374343446698,0.246463980439,0.347412121841,-3.24230015489,0.347412121841,-3.24230015489,0.630333040377,4,0
4010,8.02,1,0.15817373991,0,-12.1689777374,0,0,-0.203594373398,-0.220921491382,0.158173734261,-3.59916200932,-0.361768107658,3.37824051794,-2.22338481179,-27.6266646686,-12.1689774258,-0.000499783162492,-0.0460333813275,0.159238221901,-3.34554266761,-2.49869182153e-06,0.000624672955382,0.158738438739,-0.20403994797,-0.22466130494,-3.39157604893,-0.216896408424,-0.221475742841,-0.375634847163,3.17010030609,-13.9518454149,-12.1689774258,-29.2256801291,-0.203594373398,-0.220921491382,-0.361768107658,3.37824051794,-0.361768107658,3.37824051794,-0.624369351328,4,0
4010,8.02,2,0.111423037946,0,12.1940002441,0,0,0.379492967243,0.276151867036,0.111423041173,4.8405712073,0.268069926069,-4.56441934027,0.352583518668,10.7058505361,12.1939998736,0.000617043363053,0.0568068035436,0.11011130833,4.52852572946,3.1233647641e-06,-0.000780841191023,0.110728351693,0.380049935463,0.280826633964,4.585332533,0.376016067126,0.276006996197,0.265287715433,-4.3093255368,36.9056474273,12.1939998736,10.287898168,0.379492967243,0.276151867036,0.268069926069,-4.56441934027,0.268069926069,-4.56441934027,0.770535886803,4,0
4020,8.04,1,0.078139051795,0,-14.1689777374,0,0,-0.208368324495,-0.25382184303,0.0781390486296,-4.32032164052,-0.286507373124,4.06649979749,-1.59669816856,-15.066520192,-14.1689774258,-0.000477290294404,-0.0437359385936,0.0791377709049,-4.08547318856,-1.27137954961e-06,0.000317844887402,0.0786604806105,-0.208877999045,-0.255790809919,-4.12920912715,-0.216713312527,-0.254169550864,-0.295373793138,3.87503957628,-13.9916846671,-14.1689774258,-16.0696572951,-0.208368324495,-0.25382184303,-0.286507373124,4.06649979749,-0.286507373124,4.06649979749,-0.593561065518,4,0
4020,8.04,2,0.221330970526,0,10.1940002441,0,0,0.385460406168,0.317277306411,0.221330975025,5.9702560001,0.164129431143,-5.65297869369,0.192409706259,-7.36836324287,10.1939998736,0.000566936927304,0.0519099952632,0.22014846699,5.69292001374,1.58922442878e-06,-0.000397306107197,0.220715403917,0.386097499361,0.31973851501,5.74483000901,0.381199893271,0.31709978504,0.160484489354,-5.42773022397,22.3284031449,10.1939998736,-7.88051239731,0.385460406168,0.317277306411,0.164129431143,-5.65297869369,0.164129431143,-5.65297869369,0.704558860691,4,0
4030,8.06,1,-0.0135082984343,0,-12.568977356,0,0,-0.213561537143,-0.2659607713,-0.0135082987172,-4.76879463786,-0.200053238426,4.50283386656,-1.89401863463,-1.96345713411,-12.5689774258,-0.000227143656137,-0.0207714245208,-0.0130393380409,-4.65957925065,-1.68122451719e-06,0.000420306129295,-0.013266481697,-0.214095885061,-0.268434877328,-4.68035067517,-0.226972028822,-0.266519541787,-0.213705547125,4.41383113339,-10.4241900009,-12.5689774258,-3.575509988,-0.213561537143,-0.2659607713,-0.200053238426,4.50283386656,-0.200053238426,4.50283386656,-0.281965780734,4,0
4030,8.06,2,0.349077999592,0,8.19400024414,0,0,0.391951922029,0.33245096667,0.349078002454,6.65064885138,0.0428739195752,-6.31819788471,0.300567014008,-25.6854118077,8.1939998736,0.000383737411823,0.0348802175174,0.34830139832,6.47305598184,2.10153063518e-06,-0.000525382658798,0.348685135731,0.392619856932,0.335543599188,6.50793619936,0.390510642721,0.332390913365,0.0418255069898,-6.17554528599,8.9500560145,8.1939998736,-25.8586655912,0.391951922029,0.33245096667,0.0428739195752,-6.31819788471,0.0428739195752,-6.31819788471,0.473820797512,4,0
4040,8.08,1,-0.112528599799,0,-10.568977356,0,0,-0.219174275187,-0.296333316878,-0.112528598801,-5.07459554732,-0.106645676385,4.77826223045,-2.19504361861,10.8100439107,-10.5689774258,-0.000144219840468,-0.0130987197829,-0.112237639176,-5.00826136732,-1.90896051411e-06,0.000477240128528,-0.112381859016,-0.219769861439,-0.299224846667,-5.0213600871,-0.235954237675,-0.297032481982,-0.123572378659,4.72432760512,-6.532172497,-10.5689774258,8.79295258651,-0.219174275187,-0.296333316878,-0.106645676385,4.77826223045,-0.106645676385,4.77826223045,-0.177952294423,4,0
4040,8.08,2,0.484934002161,0,6.1939997673,0,0,0.398967844633,0.370416648419,0.484934011289,6.84141847693,-0.0859661666558,-6.47100182851,0.427362975101,-42.4470778671,6.1939998736,0.000133260160112,0.0119206292815,0.48468283484,6.78755358375,2.38620062681e-06,-0.0005965501567,0.484816095,0.399712327453,0.37403106063,6.79947421303,0.401173398552,0.370508546499,-0.083642696448,-6.42896566653,-2.73065726457,6.1939998736,-42.1819519064,0.398967844633,0.370416648419,-0.0859661666558,-6.47100182851,-0.0859661666558,-6.47100182851,0.162237014435,4,0
4050,8.1,1,-0.215717718005,0,-8.56897735596,0,0,-0.225321258892,-0.313352913631,-0.215717714541,-5.20239114398,-0.00960354435068,4.88903823035,-1.19656938259,23.2467717148,-8.56897742581,-3.51764017086e-05,-0.00308309078253,-0.215657396201,-5.19071263675,-2.25560424588e-07,5.63901061447e-05,-0.215692572603,-0.225948136361,-0.313607904757,-5.19379572754,-0.234925475665,-0.31375308933,-0.0192329030627,4.8800426382,-2.73137583183,-8.56897742581,22.0922648235,-0.225321258892,-0.313352913631,-0.00960354435068,4.88903823035,-0.00960354435068,4.88903823035,-0.0420624912364,4,0
4050,8.1,2,0.619987607002,0,4.1939997673,0,0,0.406651574309,0.391691144209,0.619987598733,6.62610563419,-0.213336024424,-6.23441448998,0.13780965075,-56.975761462,4.1939998736,-7.12463374607e-05,-0.00677562449096,0.620160255314,6.67112062907,2.81950528702e-07,-7.04876321801e-05,0.620089008977,0.407435171149,0.392009883114,6.66434500458,0.408559733343,0.391770650836,-0.211529275634,-6.27257435374,-12.6842420775,4.1939998736,-56.7463848448,0.406651574309,0.391691144209,-0.213336024424,-6.23441448998,-0.213336024424,-6.23441448998,-0.0915669664858,4,0
4060,8.12,1,-0.3196169734,0,-6.56897735596,0,0,-0.231718355105,-0.330707269752,-0.319616963667,-5.16640225271,0.0878986085623,4.83569498295,-2.32852564353,34.883042154,-6.56897742581,6.12710952436e-05,0.00573990017949,-0.319757099975,-5.20159623013,-1.77304569388e-06,0.000443261423472,-0.31969582888,-0.232382423956,-0.333364209509,-5.19585632995,-0.251735498814,-0.331541317406,0.0679603300655,4.86431501254,0.904107269683,-6.56897742581,32.4768146706,-0.231718355105,-0.330707269752,0.0878986085623,4.83569498295,0.0878986085623,4.83569498295,0.077701839869,4,0
4060,8.12,2,0.747130632401,0,2.1939997673,0,0,0.414647944618,0.413384089189,0.747130606369,6.09660801296,-0.332482661751,-5.68322392377,0.511589850134,-68.8069096764,2.1939998736,-0.000212664461781,-0.0196761196373,0.747593606843,6.20885019779,2.2163070984e-06,-0.000554076774599,0.747380942381,0.415478030685,0.416705263857,6.18917407815,0.421122761685,0.413653873234,-0.326258180696,-5.77552020492,-21.0850003044,2.1939998736,-68.0285827081,0.414647944618,0.413384089189,-0.332482661751,-5.68322392377,-0.332482661751,-5.68322392377,-0.266737118144,4,0
4070,8.14,1,-0.421253621578,0,-4.56897735596,0,0,-0.238579906282,-0.353326138913,-0.421253610225,-4.99408221837,0.182673703943,4.64075607946,-1.88849835564,45.4300896318,-4.56897742581,0.000132712951582,0.0122690517756,-0.42154154448,-5.06371891113,-8.26425593126e-07,0.000206606398278,-0.421408831528,-0.23928788328,-0.354608318098,-5.05144985936,-0.255673876267,-0.354038387662,0.165734955261,4.6974114717,4.33406634174,-4.56897742581,43.3752519898,-0.238579906282,-0.353326138913,0.182673703943,4.64075607946,0.182673703943,4.64075607946,0.166339286335,4,0
4070,8.14,2,0.861016452312,0,0.193999871612,0,0,0.423224883626,0.441657675375,0.861016438721,5.33586053544,-0.437791555094,-4.89420286007,0.401680551311,-77.6647863391,0.193999873599,-0.000295713399395,-0.027232576568,0.861648051337,5.48678861631,1.03303198012e-06,-0.000258257995034,0.861352337937,0.424109854877,0.443260399339,5.45955603974,0.429639199325,0.441924938529,-0.431713138612,-5.01763110121,-28.1582253061,0.193999873599,-76.8937321395,0.423224883626,0.441657675375,-0.437791555094,-4.89420286007,-0.437791555094,-4.89420286007,-0.369373648329,4,0
4080,8.16,1,-0.51815289259,0,-2.56897735596,0,0,-0.245721887326,-0.361185853168,-0.518152896507,-4.70659139676,0.272431009181,4.34540554359,-2.12943495386,54.8375308462,-2.56897742581,0.000186155007198,0.0171637196708,-0.518552317888,-4.80239312876,-1.07294749985e-06,0.000268236874963,-0.518366162881,-0.246445812251,-0.362767173381,-4.78522940908,-0.265372820381,-0.362004642045,0.2529933425,4.42322476704,7.53192431416,-2.56897742581,52.4753249352,-0.245721887326,-0.361185853168,0.272431009181,4.34540554359,0.272431009181,4.34540554359,0.232770957087,4,0
4080,8.16,2,0.957767307758,0,-1.80600011349,0,0,0.432152359965,0.451482318086,0.957767310219,4.40876978289,-0.525614950254,-3.95728746481,0.490030771858,-83.5941800964,-1.8060001264,-0.000334789105426,-0.0307743009842,0.958476911165,4.57733834807,1.3411843594e-06,-0.000335296089858,0.95814212206,0.433057266125,0.45345896833,4.54656404709,0.439702019707,0.451796887242,-0.518440102353,-4.09476715984,-34.1262426512,-1.8060001264,-82.6866480816,0.432152359965,0.451482318086,-0.525614950254,-3.95728746481,-0.525614950254,-3.95728746481,-0.417501242992,4,0
4090,8.18,1,-0.608143508434,0,-0.568977415562,0,0,-0.253127604205,-0.379683744682,-0.608143504217,-4.31537857611,0.355015900012,3.93569483143,-2.2984701788,62.7970872667,-0.568977425806,0.000232041059135,0.021368677525,-0.608638948769,-4.43376659142,-1.08655908376e-06,0.000271639770934,-0.60840690771,-0.253888641361,-0.381333497293,-4.41239791389,-0.274659457695,-0.380580905244,0.333747450015,4.03181700865,10.4741200521,-0.568977425806,60.2087790451,-0.253127604205,-0.379683744682,0.355015900012,3.93569483143,0.355015900012,3.93569483143,0.289838042816,4,0
4090,8.18,2,1.03458189964,0,-3.8060002327,0,0,0.441409506093,0.474604682182,1.03458185186,3.36026627964,-0.593172345763,-2.88566159746,0.566255067786,-86.3641612217,-3.8060001264,-0.000346932870626,-0.0318649298558,1.03531469532,3.53390370378,1.35819883446e-06,-0.000339549708615,1.03496776245,0.442360802541,0.476666872915,3.50203877393,0.449716688563,0.474950814785,-0.585251073888,-3.02708795914,-39.1762999345,-3.8060001264,-85.3655686622,0.441409506093,0.474604682182,-0.593172345763,-2.88566159746,-0.593172345763,-2.88566159746,-0.43233749164,4,0
4100,8.2,1,-0.689257860184,0,1.43102252483,0,0,-0.260842876888,-0.388937739369,-0.689257832216,-3.82950287981,0.428414955327,3.44056514044,-1.79245167451,69.2199818444,1.43102257419,0.000273850912786,0.0252073401235,-0.689841418718,-3.96874886636,-1.23168797439e-07,3.07921993561e-05,-0.689567567805,-0.261620846398,-0.389077131303,-3.94354152624,-0.278598503543,-0.389677557146,0.410969064262,3.55386396909,13.1443963208,1.43102257419,67.0856075569,-0.260842876888,-0.388937739369,0.428414955327,3.44056514044,0.428414955327,3.44056514044,0.341922612923,4,0
4100,8.2,2,1.08936393261,0,-5.8060002327,0,0,0.451053596972,0.486172175352,1.089363953,2.21825879489,-0.638310356024,-1.73208661954,0.424084331245,-86.0117081074,-5.8060001264,-0.000347023826243,-0.031867169046,1.09009635232,2.39168340936,1.53960994342e-07,-3.84902485813e-05,1.08974932849,0.452026058861,0.486346415267,2.35981624032,0.458178409096,0.486469042523,-0.631570919397,-1.87334719779,-43.4472650223,-5.8060001264,-85.1552463166,0.451053596972,0.486172175352,-0.638310356024,-1.73208661954,-0.638310356024,-1.73208661954,-0.432377459531,4,0
4110,8.22,1,-0.759656906128,0,3.43102264404,0,0,-0.268688667548,-0.397647772654,-0.759656889186,-3.25327807782,0.490968221638,2.85563030517,-2.38660833376,73.8963947594,3.43102257419,0.000316921517532,0.0291680146218,-0.760331875086,-3.41426387465,-8.17689976729e-07,0.000204422494188,-0.760014953569,-0.269485196242,-0.398877614802,-3.38509586003,-0.291833994753,-0.398612161288,0.468180958816,2.98648369874,15.5327937215,3.43102257419,71.1141335516,-0.268688667548,-0.397647772654,0.490968221638,2.85563030517,0.490968221638,2.85563030517,0.395652873986,4,0
4110,8.22,2,1.12042021751,0,-7.8060002327,0,0,0.460860835317,0.49705971675,1.12042027532,0.996991492098,-0.659559440001,-0.499931775348,0.623815346495,-82.4036500243,-7.8060001264,-0.000347457448891,-0.0319163712798,1.12115442674,1.17099887753,1.02211244818e-06,-0.000255528112039,1.12080696929,0.461856496187,0.498597019401,1.13908250625,0.469652619091,0.497426041074,-0.651154350199,-0.64165646518,-47.0255399761,-7.8060001264,-81.3468043498,0.460860835317,0.49705971675,-0.659559440001,-0.499931775348,-0.659559440001,-0.499931775348,-0.433030327998,4,0
4120,8.24,1,-0.81754887104,0,5.43102264404,0,0,-0.276748860269,-0.407054737869,-0.817548896146,-2.58769298299,0.540800035877,2.18063824512,-2.18997211784,76.6077873916,5.43102257419,0.000365047978466,0.033597052105,-0.81832634436,-2.77311080159,-2.74402831568e-07,6.86007078926e-05,-0.817961296382,-0.277563416694,-0.407484014706,-2.73951374949,-0.298758180078,-0.407971792861,0.519203116304,2.33154195662,17.6328445585,5.43102257419,73.9620837396,-0.276748860269,-0.407054737869,0.540800035877,2.18063824512,0.540800035877,2.18063824512,0.455731534159,4,0
4120,8.24,2,1.12621772289,0,-9.80599975586,0,0,0.470936076234,0.508818422956,1.12621771306,-0.300301644544,-0.655281636822,0.8091200675,0.578398398108,-75.3747657085,-9.8060001264,-0.000358915723359,-0.0329920939915,1.12697822223,-0.119633867773,3.43003526582e-07,-8.57508816468e-05,1.1266193065,0.471954271767,0.509355018982,-0.152625961765,0.47947115331,0.509174051167,-0.647148153191,0.661800012932,-49.9424915136,-9.8060001264,-74.3487783183,0.470936076234,0.508818422956,-0.655281636822,0.8091200675,-0.655281636822,0.8091200675,-0.447588992062,4,0
4130,8.26,1,-0.861136317253,0,7.43102264404,0,0,-0.284914319662,-0.409616961062,-0.861136332668,-1.83152355968,0.576222013006,1.42190659862,-2.34301072448,77.1884959078,7.43102257419,0.000420791882848,0.038728683045,-0.862032613899,-2.04530476917,-3.25663162715e-07,8.14157906737e-05,-0.861611822016,-0.285734032417,-0.410100625153,-2.00657608612,-0.308775801413,-0.410611189468,0.552836020603,1.59596489665,19.4394036542,7.43102257419,74.3201469557,-0.284914319662,-0.409616961062,0.576222013006,1.42190659862,0.576222013006,1.42190659862,0.52533822767,4,0
4130,8.26,2,1.10518288612,0,-11.8059997559,0,0,0.481142900486,0.512021201823,1.10518290165,-1.67974646714,-0.624040001165,2.19176766896,0.63546205881,-64.7910801962,-11.8060001264,-0.000391498293078,-0.0360218578195,1.10601569119,-1.48129191891,4.0707893606e-07,-0.000101769734012,1.10562419289,0.482167541432,0.512625781911,-1.51731377673,0.49049416654,0.512410837909,-0.615130026355,2.02972461464,-52.1717265262,-11.8060001264,-63.6669800894,0.481142900486,0.512021201823,-0.624040001165,2.19176766896,-0.624040001165,2.19176766896,-0.488638048037,4,0
4140,8.28,1,-0.888576686382,0,9.43102264404,0,0,-0.293153556638,-0.413843676481,-0.888576677446,-0.981682884544,0.595423120808,0.567839208064,-2.35784064262,75.367959801,9.43102257419,0.000486329004275,0.0447628132637,-0.889612760512,-1.22884945307,-1.23386864503e-07,3.08467161323e-05,-0.889126431507,-0.293981447389,-0.414037915745,-1.18408663981,-0.317819282351,-0.414871415052,0.571307149157,0.769215224759,20.9452900733,9.43102257419,72.4029340226,-0.293153556638,-0.413843676481,0.595423120808,0.567839208064,0.595423120808,0.567839208064,0.60718513578,4,0
4140,8.28,2,1.05552601814,0,-13.8059997559,0,0,0.491441946713,0.517304595767,1.05552603648,-3.15589269574,-0.56408408977,3.6731972915,0.651184978022,-50.3392419324,-13.8060001264,-0.000455555317761,-0.0419568379098,1.05649893856,-2.92332465652,1.54233558647e-07,-3.85583896557e-05,1.05604338324,0.492476810153,0.517547394814,-2.96528149443,0.50159321464,0.517727565264,-0.554450168601,3.4830090597,-53.6262062646,-13.8060001264,-49.1189749337,0.491441946713,0.517304595767,-0.56408408977,3.6731972915,-0.56408408977,3.6731972915,-0.569082020675,4,0
4150,8.3,1,-0.897943794727,0,11.431022644,0,0,-0.301437554596,-0.414133153966,-0.897943796471,-0.0330564013717,0.596506241875,-0.381076752594,-2.40951491423,70.926352435,11.4310225742,0.000564088635839,0.0519230906087,-0.89914582895,-0.319866274339,-4.81985157341e-09,1.20496289063e-06,-0.898581740314,-0.302265825141,-0.414138887578,-0.26794318373,-0.327341089557,-0.415212467922,0.571240650757,-0.147269284192,22.1367532477,11.4310225742,67.8125316699,-0.301437554596,-0.414133153966,0.596506241875,-0.381076752594,0.596506241875,-0.381076752594,0.704305850865,4,0
4150,8.3,2,0.975081980228,0,-15.8059997559,0,0,0.501796944162,0.51766644242,0.975081961787,-4.75075911334,-0.473285017625,5.26842555576,0.67474049434,-31.7117184337,-15.8060001264,-0.000561710933152,-0.0517723299385,0.976285203503,-4.46245470271,6.0248117606e-09,-1.50620293737e-06,0.97572349257,0.502832282343,0.517673609432,-4.51422703264,0.513251181899,0.518143702326,-0.462472310672,5.03237073497,-54.1577501252,-15.8060001264,-30.3348236057,0.501796944162,0.51766644242,-0.473285017625,5.26842555576,-0.473285017625,5.26842555576,-0.702154333635,4,0
4160,8.32,1,-0.887221932411,0,13.431022644,0,0,-0.309715566545,-0.413070423013,-0.887221921349,1.01178917064,0.577506354804,-1.42485959365,-2.38856934087,63.5898889351,13.4310225742,0.000647313697099,0.0594630213204,-0.888591641545,0.6869790399,2.43602789496e-07,-6.09006973762e-05,-0.887944327848,-0.310541359617,-0.412713833511,0.74644206122,-0.336297240881,-0.414177992777,0.551647086967,-1.160620054,22.9900866154,13.4310225742,60.394550166,-0.309715566545,-0.413070423013,0.577506354804,-1.42485959365,0.577506354804,-1.42485959365,0.806769428227,4,0
4160,8.32,2,0.861308395863,0,-16.0503845215,0,0,0.512144459096,0.51633802851,0.861308379002,-6.45742260394,-0.349163919906,6.97376063245,0.674454685969,-8.6038851185,-16.0503840063,-0.000709596108721,-0.0653007850883,0.862820554782,-6.09678015254,-3.04503510629e-07,7.61258776479e-05,0.862110958673,0.513176700435,0.515892291597,-6.16208093763,0.52512397477,0.516878841663,-0.336986983902,6.67895977929,-46.6512395579,-16.0503840063,-7.04363917182,0.512144459096,0.51633802851,-0.349163919906,6.97376063245,-0.349163919906,6.97376063245,-0.885791260716,4,0
4170,8.34,1,-0.855403721333,0,15.431022644,0,0,-0.317930150476,-0.40804675082,-0.855403693148,2.06137018338,0.537473542673,-2.4694169342,-2.46048990269,53.5207652419,15.4310225742,0.000635050529508,0.0582732739476,-0.856739981716,1.74572166392,3.1317059962e-07,-7.82926499058e-05,-0.856104931187,-0.318745755251,-0.407567509705,1.80399493787,-0.344976665273,-0.409173688936,0.511128265913,-2.21316862681,23.5397990074,15.4310225742,50.2695487756,-0.317930150476,-0.40804675082,0.537473542673,-2.4694169342,0.537473542673,-2.4694169342,0.79072656362,4,0
4170,8.34,2,0.715088427067,0,-14.0503835678,0,0,0.522412689,0.510058437949,0.71508844159,-7.96841615304,-0.192675752589,8.47847459099,0.699308698699,17.5357856605,-14.0503840063,-0.000789851790741,-0.0726251081608,0.716764267779,-7.56995503371,-3.91463262361e-07,9.78658155969e-05,0.715974415988,0.523432194968,0.509459386536,-7.64258014187,0.536426265329,0.510642336963,-0.17954815066,8.15322247883,-30.1673373214,-14.0503840063,19.220334315,0.522412689,0.510058437949,-0.192675752589,8.47847459099,-0.192675752589,8.47847459099,-0.985239955796,4,0
4180,8.36,1,-0.802890956402,0,17.431022644,0,0,-0.3260611999,-0.404979530288,-0.802890967679,3.08183323335,0.476829767779,-3.48681276364,-2.5055119946,41.0662194091,17.4310225742,0.000595273485634,0.0546024423335,-0.804141523655,2.78681535203,4.63812952989e-07,-0.000115953238246,-0.80354625017,-0.326870501372,-0.404302876431,2.84141779436,-0.353068151868,-0.406104819953,0.450478098301,-3.24752261432,23.8351271999,17.4310225742,37.8197587246,-0.3260611999,-0.404979530288,0.476829767779,-3.48681276364,0.476829767779,-3.48681276364,0.740948689934,4,0
4180,8.36,2,0.541686236858,0,-12.0503835678,0,0,0.532576500768,0.506224412161,0.541686236547,-9.20106240121,-0.00910973577912,9.70728681337,0.717578678312,45.6029894646,-12.0503840063,-0.000842177893285,-0.0773870524277,0.54346848499,-8.77818178022,-5.79766208375e-07,0.000144941552093,0.542626307097,0.533588127607,0.505378594815,-8.85556883265,0.547280114694,0.506837062741,0.00465380759796,9.36240589539,-14.1530090728,-12.0503840063,47.3704863887,0.532576500768,0.506224412161,-0.00910973577912,9.70728681337,-0.00910973577912,9.70728681337,-1.04991824577,4,0
4190,8.38,1,-0.730564713478,0,18,0,0,-0.334066510291,-0.394387471167,-0.730564716067,4.03367030792,0.396498205776,-4.42805777909,-2.36395338064,26.5457623633,18,0.00052454147529,0.0480027831861,-0.731656618966,3.77803088577,8.55770924624e-07,-0.000213942731161,-0.731132077491,-0.334853996012,-0.393101032126,3.82603366895,-0.359152298171,-0.395432712329,0.37197977932,-4.22146638128,22.4672116086,18,23.530241612,-0.334066510291,-0.394387471167,0.396498205776,-4.42805777909,0.396498205776,-4.42805777909,0.651567370675,4,0
4190,8.38,2,0.347026854753,0,-10.0503835678,0,0,0.54258313874,0.49298433794,0.347026858582,-10.110719169,0.195556280158,10.6037035069,0.670644953448,74.705836278,-10.0503840063,-0.000830614558389,-0.0761472609923,0.348768560459,-9.70055102853,-1.06971367664e-06,0.000267428419167,0.347937945901,0.543567495889,0.491376289107,-9.77669828952,0.556758699905,0.493574986322,0.208820754005,10.2702732758,1.1294702177,-10.0503840063,76.4098568598,0.54258313874,0.49298433794,0.195556280158,10.6037035069,0.195556280158,10.6037035069,-1.03337562832,4,0
4200,8.4,1,-0.641038477421,0,16.6000003815,0,0,-0.341845987766,-0.385674927761,-0.641038487731,4.80047284887,0.299192499965,-5.18614777663,-2.96641440987,10.7268266115,16.6,0.000373865187573,0.0340474383746,-0.641801245044,4.62486572175,1.14153537012e-07,-2.85383842534e-05,-0.641427379857,-0.342617251516,-0.385546260224,4.65891316013,-0.370369969109,-0.386863426983,0.271057410747,-5.04577658711,19.0031440958,16.6,7.29800635411,-0.341845987766,-0.385674927761,0.299192499965,-5.18614777663,0.299192499965,-5.18614777663,0.462405847505,4,0
4200,8.4,2,0.138757333159,0,-8.05038356781,0,0,0.55230748556,0.482093658491,0.138757339356,-10.5874632762,0.413550146204,11.0695569347,0.856758881538,103.561117714,-8.05038400634,-0.000680813490562,-0.0621904395453,0.140164031871,-10.2601570325,-1.42691923721e-07,3.56729809345e-05,0.13948321838,0.553271565246,0.481932824068,-10.3223474721,0.566458595151,0.482683288058,0.426975376771,10.8050307601,15.0691701119,-8.05038400634,105.262199013,0.55230748556,0.482093658491,0.413550146204,11.0695569347,0.413550146204,11.0695569347,-0.844322417185,4,0
4210,8.42,1,-0.539163649082,0,14.6000003815,0,0,-0.349483750773,-0.37497711627,-0.539163657984,5.29258851577,0.189679907211,-5.66756563204,-2.33290867541,-5.2797643532,14.6,0.000163502527669,0.0147302856131,-0.539481859589,5.22227601968,1.27333523164e-06,-0.000318333807908,-0.539318357062,-0.350231821363,-0.373080293605,5.23700630529,-0.37055730197,-0.375855180903,0.168761055092,-5.6128614862,14.9546772894,14.6,-7.81298081996,-0.349483750773,-0.37497711627,0.189679907211,-5.66756563204,0.189679907211,-5.66756563204,0.200307791342,4,0
4210,8.42,2,-0.0735341086984,0,-6.05038404465,0,0,0.561854689294,0.468721393926,-0.073534110451,-10.5636354702,0.635388799745,11.0323568641,0.656382545946,130.561642664,-6.05038400634,-0.000424275524272,-0.0385975581377,-0.0726729565826,-10.3661634672,-1.59166906111e-06,0.000397917265268,-0.0730972321069,0.562789777529,0.466350365562,-10.4047610253,0.571676378742,0.469130630986,0.644773610849,10.8738916563,26.963502444,-6.05038400634,131.742291583,0.561854689294,0.468721393926,0.635388799745,11.0323568641,0.635388799745,11.0323568641,-0.524266373148,4,0
4220,8.44,1,-0.431456357241,0,12.6000003815,0,0,-0.356788473192,-0.356173656041,-0.431456362581,4.96189845331,0.0746678893889,-5.31807210935,-2.6639680669,-20.7082816327,12.6,-2.61359773044e-05,-0.00262548401261,-0.430244437795,5.55167856843,8.6017074491e-07,-0.000215042686224,-0.430270573772,-0.35749945942,-0.354847985775,5.54905308442,-0.378656330479,-0.357084816761,0.0516142432933,-5.90613790118,11.0056382282,12.6,-23.3369803107,-0.356788473192,-0.356173656041,0.0746678893889,-5.31807210935,0.0746678893889,-5.31807210935,-0.0352693888832,4,0
4220,8.44,2,-0.259999990463,0,-4.05038404465,0,0,0.570985592286,0.445217068355,-0.276625809778,-8.25792380871,0.847611402065,8.70314087706,0.748190578818,102.045544942,-4.05038400634,-0.000177266211148,-0.0159833160177,-0.26,0,-1.07521344217e-06,0.000268803360539,-0.260177266211,0.571874325068,0.443559980505,-0.0159833160177,0.579017620339,0.44555173619,0.83919488655,0.461535052208,-3.78130372922,-4.05038400634,103.011061647,0.570985592286,0.445217068355,0.847611402065,8.70314087706,0.847611402065,8.70314087706,-0.217326126618,4,4
4230,8.46,1,-0.364835262299,0,10.6000003815,0,0,-0.363831682366,-0.347874370132,-0.364835264695,2.71093531601,0.00100358232811,-3.05880968614,-2.59510354742,-18.9038019131,10.6,-0.00208806640757,-0.187623514623,-0.360798456826,3.59782570792,1.19319908715e-06,-0.000298299771783,-0.362886523234,-0.364525722292,-0.346125063231,3.4102021933,-0.364188893951,-0.347889253948,-0.00130237071763,-3.75809144725,10.1000393522,10.6,-18.9467417224,-0.363831682366,-0.347874370132,0.00100358232811,-3.05880968614,0.00100358232811,-3.05880968614,-2.55216373817,4,0
4230,8.46,2,-0.259999990463,0,-2.05038404465,0,0,0.579789603719,0.434842960863,-0.322146316066,0.324391944613,0.901935919786,0.11045101625,0.725219091838,106.474052743,-2.05038400634,-0.0296640947836,0.00692117639115,-0.26,0,-1.49149887363e-06,0.000372874718402,-0.289664094784,0.580657153622,0.432656327215,0.00692117639115,0.620666924681,0.436546182569,0.910331019465,0.429625006178,4.52519366961,-2.05038400634,111.387847367,0.579789603719,0.434842960863,0.901935919786,0.11045101625,0.901935919786,0.11045101625,-4.18857553215,4,4
4240,8.48,1,-0.310882508755,0,8.60000038147,0,0,-0.370565926199,-0.32383580655,-0.310882503518,2.79496370356,-0.0596834226818,-3.11879951011,-2.31552880546,-22.9231743058,8.6,-0.000181824356869,-0.0156675072807,-0.310605967837,2.84179134577,1.72405803051e-06,-0.000431014507622,-0.310787792194,-0.371210982998,-0.32123535574,2.82612383849,-0.388046711037,-0.324564172585,-0.0772589188429,-3.15068801107,7.87488120605,8.6,-25.0245103165,-0.370565926199,-0.32383580655,-0.0596834226818,-3.11879951011,-0.0596834226818,-3.11879951011,-0.214192794757,4,0
4240,8.48,2,-0.259999990463,0,-0.0503840073943,0,0,0.588207408472,0.404794756116,-0.302087362137,1.15073522803,0.890294770609,-0.745940471911,0.621648924868,101.052494559,-0.0503840063428,-0.0206073318932,0.0423849943826,-0.26,1.00346461867,-2.1550725553e-06,0.000538768138813,-0.280607331893,0.589013729466,0.401544192577,1.04584961305,0.613833625053,0.405862515141,0.894440956947,-0.63998709791,8.24464211967,-0.0503840063428,104.132979344,0.588207408472,0.404794756116,0.890294770609,-0.745940471911,0.890294770609,-0.745940471911,-2.45883586004,4,4
4250,8.5,1,-0.251878648996,0,6.59999990463,0,0,-0.376833001338,-0.307250008858,-0.251878635782,2.98216671383,-0.124954365556,-3.28941672269,-3.39084285111,-31.6264450755,6.6,0.000114212457344,0.010327630365,-0.251952847706,3.00784658973,2.18337593172e-07,-5.45843982934e-05,-0.251838635249,-0.377447336065,-0.307003609888,3.01817422009,-0.406208843357,-0.308474002275,-0.154370208108,-3.32664822237,4.7633202517,6.6,-35.1576660848,-0.376833001338,-0.307250008858,-0.124954365556,-3.28941672269,-0.124954365556,-3.28941672269,0.140378158237,4,0
4250,8.5,2,-0.259999990463,0,1.94961595535,0,0,0.596041252352,0.384062508847,-0.28133622001,0.978642096023,0.877377472362,-0.594579587176,0.946175808858,100.264415114,1.94961599366,-0.0106766932775,-0.0322492875696,-0.26,1.16465946868,-2.7292199356e-07,6.82304983812e-05,-0.270676693277,0.596809170755,0.383754510132,1.13241018111,0.619921552595,0.385057521357,0.890598245872,-0.747352659752,15.7582866233,1.94961599366,103.135026206,0.596041252352,0.384062508847,0.877377472362,-0.594579587176,0.877377472362,-0.594579587176,-1.92443528279,4,4
4260,8.52,1,-0.19564050436,0,4.59999990463,0,0,-0.382840993583,-0.288303087813,-0.195640511331,2.73631782959,-0.187200482252,-3.0246209174,-2.22703241522,-38.1105750786,4.6,-0.000270012239158,-0.0244622905264,-0.195099834468,2.85896669342,2.13809882149e-06,-0.000534524705367,-0.195369846707,-0.383414424286,-0.285111777685,2.8345044029,-0.398601990461,-0.288959796017,-0.203232143754,-3.12346419891,2.06078405416,4.6,-40.0051782451,-0.382840993583,-0.288303087813,-0.187200482252,-3.0246209174,-0.187200482252,-3.0246209174,-0.332429248756,4,0
4260,8.52,2,-0.259999990463,0,3.94961595535,0,0,0.603551242612,0.360378857383,-0.261168552739,1.09326940056,0.864719795351,-0.732890543177,0.571658815731,99.5648469106,3.94961599366,-0.00120154116173,-0.0254940173728,-0.259776469921,1.22160558131,-2.67262354336e-06,0.000668155885835,-0.260978011083,0.604268030987,0.356389719698,1.19611156393,0.612291143768,0.360743019931,0.873269154851,-0.835368544003,23.3652911433,3.94961599366,100.615455862,0.603551242612,0.360378857383,0.864719795351,-0.732890543177,0.864719795351,-0.732890543177,-0.478950135762,4,4
4270,8.54,1,-0.142339706421,0,2.59999990463,0,0,-0.388289480241,-0.25815594999,-0.142339712053,2.58419984156,-0.245949768187,-2.84235579155,-2.77460566319,-44.1792416479,2.6,-0.00019578164302,-0.018127850725,-0.141913992399,2.68750728155,1.29573018159e-06,-0.000323932545392,-0.142109774042,-0.388803735036,-0.256155599769,2.66937943083,-0.409326947676,-0.259032511133,-0.267217173633,-2.92841194196,-0.610262569755,2.6,-46.7081205458,-0.388289480241,-0.25815594999,-0.245949768187,-2.84235579155,-0.245949768187,-2.84235579155,-0.245726765295,4,0
4270,8.54,2,-0.234777271748,0,5.94961595535,0,0,0.610361850884,0.322694934891,-0.234777274194,1.54696957769,0.845139125079,-1.2242746428,0.718547506761,95.1685529925,5.94961599366,-8.07130948707e-05,-0.00718019130491,-0.234629151456,1.57788569815,-1.61966273493e-06,0.000404915683737,-0.234709864551,0.611004669373,0.320194497102,1.57070550685,0.617152831721,0.322977892426,0.851862696272,-1.24772761442,29.4954246395,5.94961599366,95.9848854806,0.610361850884,0.322694934891,0.845139125079,-1.2242746428,0.845139125079,-1.2242746428,-0.0977849813203,4,0
4280,8.56,1,-0.0939406082034,0,0.600000023842,0,0,-0.393332355655,-0.245699825117,-0.0939406067806,2.2602363513,-0.299391748875,-2.50593617641,-2.60110654988,-49.1759421369,0.6,-0.00031434061614,-0.0290414748035,-0.0932606352528,2.42435296219,1.76799852714e-06,-0.000441999631786,-0.0935749758689,-0.393821216652,-0.243104499247,2.39531148739,-0.411695007747,-0.246464935621,-0.318120031878,-2.64177642301,-3.09663298919,0.6,-51.3832859404,-0.393332355655,-0.245699825117,-0.299391748875,-2.50593617641,-0.299391748875,-2.50593617641,-0.393762746366,4,0
4280,8.56,2,-0.196420252323,0,7.94961595535,0,0,0.6166654451,0.307124778724,-0.196420245818,2.25653150297,0.813085690918,-1.94940672425,0.657358150822,88.036282445,7.94961599366,7.84280900892e-05,0.00740744376114,-0.196605244903,2.20907513187,-2.20999816936e-06,0.000552499542345,-0.196526816813,0.61727652134,0.30388062137,2.21648257563,0.621300524593,0.307317907036,0.817827341406,-1.9091646686,34.3600321454,7.94961599366,88.5934576257,0.6166654451,0.307124778724,0.813085690918,-1.94940672425,0.813085690918,-1.94940672425,0.100182970106,4,0
4290,8.58,1,-0.0537901073694,0,-1.39999997616,0,0,-0.397923067888,-0.211329109169,-0.053790108879,1.7788578699,-0.344132959009,-1.99018697906,-2.22012586647,-52.2202000948,-1.4,-0.000433218395306,-0.039936789396,-0.0528611624934,2.00155921122,2.36898221684e-06,-0.000592245554203,-0.0532943808887,-0.398342124465,-0.207751551887,1.96162242182,-0.411886333979,-0.211910911923,-0.358591953091,-2.17353333375,-5.2911129955,-1.4,-53.8987010396,-0.397923067888,-0.211329109169,-0.344132959009,-1.99018697906,-0.344132959009,-1.99018697906,-0.541624921676,4,0
4290,8.58,2,-0.141422897577,0,9.94961643219,0,0,0.622403835335,0.264161383605,-0.141422900155,3.18362526909,0.76382673549,-2.91946388548,0.510643101993,77.582033502,9.94961599366,0.000221266191259,0.0205088493111,-0.141907867379,3.06541631044,-2.96122778221e-06,0.000740306945548,-0.141686601188,0.622927656051,0.259689436986,3.08592515975,0.624339429751,0.264242033373,0.766026030939,-2.82168312638,38.0620085638,9.94961599366,77.8147080808,0.622403835335,0.264161383605,0.76382673549,-2.91946388548,0.76382673549,-2.91946388548,0.277968523274,4,0
4300,8.6,1,-0.0247862059623,0,-3.40000009537,0,0,-0.401865800389,-0.189018855043,-0.0247862063625,1.16280346894,-0.377079594026,-1.35182232398,-3.62942714081,-53.1987601549,-3.4,-0.000535272827728,-0.0492845036652,-0.0236441335064,1.43554422229,2.94234595521e-07,-7.35586488806e-05,-0.0241794063341,-0.402243615035,-0.188686647227,1.38625971862,-0.42649748546,-0.190045175254,-0.402318079126,-1.57630489388,-7.16640650956,-3.4,-56.1596939645,-0.401865800389,-0.189018855043,-0.377079594026,-1.35182232398,-0.377079594026,-1.35182232398,-0.668493331176,4,0
4300,8.6,2,-0.0657969638705,0,11.9496164322,0,0,0.627332250903,0.236273565851,-0.0657969629815,4.29565997856,0.693129213884,-4.05938641271,0.93163821007,63.6825311748,11.9496159937,0.000353193059411,0.0326100996199,-0.0665590690343,4.11207227635,-3.67793245637e-07,9.19483114107e-05,-0.0662058759749,0.627804519205,0.23585830608,4.14468237597,0.631403992025,0.236443221731,0.697609868,-3.90823915424,40.6477461634,11.9496159937,64.1719883888,0.627332250903,0.236273565851,0.693129213884,-4.05938641271,0.693129213884,-4.05938641271,0.442180995994,4,0
4310,8.62,1,-0.00936633348465,0,-5.40000009537,0,0,-0.405465647439,-0.164277521168,-0.00936633329973,0.435639727388,-0.396099314139,-0.599917248556,-2.08657077953,-51.8975073671,-5.4,-0.000618811119132,-0.056928737871,-0.00805050324643,0.749040696357,2.7258578173e-06,-0.000681464454318,-0.00866931436556,-0.405790146583,-0.160205178539,0.692111958486,-0.416399308089,-0.164733090362,-0.407729993723,-0.856845048848,-8.70875715023,-5.4,-53.211824491,-0.405465647439,-0.164277521168,-0.396099314139,-0.599917248556,-0.396099314139,-0.599917248556,-0.772253655607,4,0
4310,8.62,2,0.0337990373373,0,13.9496164322,0,0,0.631832059656,0.205346898413,0.0337990354834,5.55964014381,0.598033024173,-5.35429324539,0.431619166046,46.0526514883,13.9496159937,0.000473062722239,0.0435971419548,0.0327858687839,5.3169745344,-3.40732228088e-06,0.000851830570214,0.0332589315062,0.63223768358,0.200256470112,5.36057167636,0.63050380258,0.205291554368,0.597244871074,-5.15528012199,42.1503110412,13.9496159937,45.8929839189,0.631832059656,0.205346898413,0.598033024173,-5.35429324539,0.598033024173,-5.35429324539,0.59128673546,4,0
4320,8.64,1,-0.0094649521634,0,-7.40000009537,0,0,-0.40835201149,-0.126692463329,-0.00946495241696,-0.375763525366,-0.398887059073,0.249071062038,-2.78022710857,-48.1136860561,-7.4,-0.000680364660704,-0.0625465489655,-0.00802246252922,-0.0329891263447,1.56341935448e-06,-0.000390854838615,-0.00870282718992,-0.408602909802,-0.12427659152,-0.0955356753102,-0.424421579683,-0.12736202867,-0.415718752493,-0.0318263533597,-9.91445089496,-7.4,-50.0453820659,-0.40835201149,-0.126692463329,-0.398887059073,0.249071062038,-0.398887059073,0.249071062038,-0.848531098727,4,0
4320,8.64,2,0.159983351827,0,15.9496164322,0,0,0.635440014658,0.158365576,0.159983351728,6.93581112124,0.475456662929,-6.77744554524,0.614693569327,24.436340689,15.9496159937,0.000572695424602,0.052708159236,0.158763466403,6.64488174688,-1.95427419691e-06,0.000488568549221,0.159336161827,0.635753637541,0.155345736233,6.69758990612,0.634605858823,0.158330819507,0.475269696995,-6.53925908661,42.6231274764,15.9496159937,24.3360682064,0.635440014658,0.158365576,0.475456662929,-6.77744554524,0.475456662929,-6.77744554524,0.714966051975,4,0
4330,8.66,1,-0.0262428671122,0,-9.39999961853,0,0,-0.41074121587,-0.111693271398,-0.0262428674013,-1.20623827065,-0.384498348469,1.09454499925,-2.52509144725,-42.1001181936,-9.4,-0.000674255476755,-0.0617519194181,-0.0248341947218,-0.87550408937,2.11374227088e-06,-0.00052843556772,-0.0255084501986,-0.410961562819,-0.108588167886,-0.937256008788,-0.424774981906,-0.112278011649,-0.399266531708,0.824977997139,-10.8034300844,-9.4,-43.7870938192,-0.41074121587,-0.111693271398,-0.384498348469,1.09454499925,-0.384498348469,1.09454499925,-0.83811582167,4,0
4330,8.66,2,0.313875287771,0,15.1496162415,0,0,0.638426520069,0.139616586051,0.313875277155,8.26537294258,0.324551242915,-8.12575635653,0.523359266219,-0.439316707047,15.1496159937,0.000587703326355,0.0537928596825,0.312649995165,7.97821878564,-2.6421778434e-06,0.00066054446084,0.313237698492,0.638701953749,0.135735206655,8.03201164532,0.636706303814,0.139544910373,0.323468605323,-7.89246673495,31.3146840019,15.1496159937,-0.646101036012,0.638426520069,0.139616586051,0.324551242915,-8.12575635653,0.324551242915,-8.12575635653,0.730143595185,4,0
4340,8.68,1,-0.0584557205439,0,-11.3999996185,0,0,-0.412593639905,-0.0714433526481,-0.0584557218846,-1.92335344463,-0.354137918021,1.85191009198,-2.09257883661,-34.3673609837,-11.4,-0.000538800472458,-0.0492826010708,-0.0573370062031,-1.66191655235,2.70698936533e-06,-0.000676747341338,-0.0578758066755,-0.412732404759,-0.067352184685,-1.71119915342,-0.424436415828,-0.0719368016449,-0.366560609153,1.63926235178,-11.5140704554,-11.4,-35.7909613394,-0.412593639905,-0.0714433526481,-0.354137918021,1.85191009198,-0.354137918021,1.85191009198,-0.668978480883,4,0
4340,8.68,2,0.48980152607,0,13.1496162415,0,0,0.640742050049,0.0893041875396,0.489801517483,9.1652951074,0.150940532566,-9.07599091986,0.3526575297,-26.3311768549,13.1496159937,0.000448734294807,0.0410181117906,0.488872361184,8.9486243564,-3.38373671027e-06,0.000845934177574,0.489321095478,0.640915506109,0.0841902275802,8.98964246819,0.639043519301,0.0892334154252,0.149722423823,-8.90040905277,16.2362717188,13.1496159937,-26.5353544051,0.640742050049,0.0893041875396,0.150940532566,-9.07599091986,0.150940532566,-9.07599091986,0.556835079939,4,0
4350,8.7,1,-0.103745013475,0,-13.3999996185,0,0,-0.413701223156,-0.0462990804645,-0.103745015591,-2.52854836954,-0.309956207565,2.48224928908,-3.65377722678,-25.6270746615,-13.4,-0.000403734043953,-0.0369128614823,-0.10290836538,-2.33331025625,3.32011594328e-07,-8.3002898579e-05,-0.103312099424,-0.41379356938,-0.0459241034838,-2.37022311773,-0.439928066997,-0.0473918656245,-0.336615967573,2.32283125211,-12.1302529815,-13.4,-28.7797598482,-0.413701223156,-0.0462990804645,-0.309956207565,2.48224928908,-0.309956207565,2.48224928908,-0.501092040117,4,0
4350,8.7,2,0.679196953773,0,11.1496162415,0,0,0.642126529046,0.0578738472828,0.679196982297,9.66455065391,-0.0370704532508,-9.60667680662,0.815727237058,-51.7935147887,11.1496159937,0.000328577326677,0.0300507416979,0.678515328479,9.50530902109,-4.15014493327e-07,0.000103753623324,0.678843905806,0.64224196182,0.0574051260566,9.53535976279,0.645518999355,0.0580152002123,-0.0333249064516,-9.47734456258,2.57258044234,11.1496159937,-51.3857115871,0.642126529046,0.0578738472828,-0.0370704532508,-9.60667680662,-0.0370704532508,-9.60667680662,0.407924035417,4,0
4360,8.72,1,-0.160175874829,0,-15.3999996185,0,0,-0.414426541438,-0.018968734312,-0.160175868426,-3.05203140246,-0.254250673013,3.03306266815,-1.93222276255,-15.9804487986,-15.4,-0.000302307873627,-0.0276597496007,-0.159547614396,-2.90505808504,2.96046422243e-06,-0.000740116055615,-0.15984992227,-0.41446006805,-0.0145429576279,-2.93271783464,-0.427377169655,-0.019508343821,-0.267527247385,2.91320949082,-12.6638804135,-15.4,-17.5372222321,-0.414426541438,-0.018968734312,-0.254250673013,3.03306266815,-0.254250673013,3.03306266815,-0.37544932901,4,0
4360,8.72,2,0.874922156334,0,9.14961624146,0,0,0.643033176833,0.0237109145737,0.874922140364,9.84436087065,-0.23188896353,-9.82064995608,0.255129283442,-76.3635920257,9.14961599366,0.000264333415949,0.0242367405985,0.874368049587,9.71381163103,-3.7005802791e-06,0.000925145069769,0.874632383003,0.643075085091,0.0181786937171,9.73804837163,0.642419445542,0.0236853424366,-0.232212937461,-9.71436302919,-9.6877395527,9.14961599366,-76.4373676413,0.643033176833,0.0237109145737,-0.23188896353,-9.82064995608,-0.23188896353,-9.82064995608,0.328904899078,4,0
4370,8.74,1,-0.22602660954,0,-13.8599662781,0,0,-0.414376835666,0.0211848551036,-0.226026616153,-3.45425305168,-0.188350219513,3.47543790678,-2.68250080016,-5.57551504454,-13.8599661119,-0.000183372158846,-0.0166043597086,-0.225661414891,-3.37187694308,1.62855739222e-06,-0.000407139348052,-0.225844787049,-0.414331871989,0.0237032566104,-3.38848130278,-0.434815043439,0.020333263113,-0.20897025639,3.4088145659,-9.63075452147,-13.8599661119,-8.03235793732,-0.414376835666,0.0211848551036,-0.188350219513,3.47543790678,-0.188350219513,3.47543790678,-0.225657907377,4,0
4370,8.74,2,1.07121884823,0,7.14961576462,0,0,0.642971044551,-0.026481072195,1.07121884263,9.74396869232,-0.428247798083,-9.77044976451,0.45079916774,-99.8152537493,7.14961599366,0.000207523115879,0.0189374655494,1.07079195071,9.64494990942,-2.03569673929e-06,0.000508924184835,1.07099947383,0.642914839948,-0.0296290740772,9.66388737497,0.64458213296,-0.0264139435113,-0.42641734087,-9.69030131848,-20.5698689346,7.14961599366,-99.6215874968,0.642971044551,-0.026481072195,-0.428247798083,-9.77044976451,-0.428247798083,-9.77044976451,0.25713291528,4,0
4380,8.76,1,-0.297521114349,0,-11.8599662781,0,0,-0.413802832061,0.0367838713247,-0.297521111948,-3.6466156676,-0.116281720113,3.68339953893,-2.37912757335,4.41905534079,-11.8599661119,-3.5553906586e-05,-0.00310654160858,-0.297461309807,-3.63526389557,2.18563697008e-06,-0.000546409242524,-0.297496863713,-0.413726117584,0.0399964661423,-3.63837043718,-0.433241828067,0.0359739131579,-0.135744964353,3.67434435034,-6.2590654665,-11.8599661119,2.08232602929,-0.413802832061,0.0367838713247,-0.116281720113,3.68339953893,-0.116281720113,3.68339953893,-0.0423982618514,4,0
4380,8.76,2,1.26242280006,0,5.14961576462,0,0,0.642253539979,-0.0459798424622,1.26242281645,9.37675646512,-0.620169276469,-9.42273630758,0.341263257568,-121.229897698,5.14961599366,0.000144108727092,0.0131916055758,1.2621229056,9.30648470725,-2.73204621093e-06,0.000683011552742,1.26226701433,0.642157646876,-0.0499955859818,9.31967631282,0.643602966674,-0.0459236163499,-0.618664047654,-9.36559992917,-29.9020079841,5.14961599366,-121.067685364,0.642253539979,-0.0459798424622,-0.620169276469,-9.42273630758,-0.620169276469,-9.42273630758,0.179050923611,4,0
4390,8.78,1,-0.371122837067,0,-9.85996627808,0,0,-0.41267697433,0.0776983543902,-0.37112284301,-3.68862538199,-0.0415541313199,3.76632373638,-1.95138935059,13.9869010784,-9.85996611194,5.6650580764e-05,0.00529110374549,-0.371251018583,-3.72055551691,2.69428845368e-06,-0.00067357211342,-0.371194368002,-0.412517469571,0.0817730956438,-3.71526441316,-0.429506425526,0.076997127257,-0.0583120575241,3.79226154042,-3.03748908918,-9.85996611194,11.9638607992,-0.41267697433,0.0776983543902,-0.0415541313199,3.76632373638,-0.0415541313199,3.76632373638,0.0716509285759,4,0
4390,8.78,2,1.44413995743,0,3.14961600304,0,0,0.640846217749,-0.097122946249,1.44413994929,8.82492544634,-0.80329373154,-8.92204839259,0.168778352637,-140.717276732,3.14961599366,0.000131479388858,0.0120871915553,1.44386136848,8.75872608584,-3.36786056288e-06,0.000841965140721,1.44399284787,0.640646836794,-0.10221637281,8.7708132774,0.640886140289,-0.0971212828099,-0.803106707576,-8.86793456021,-37.8349461331,3.14961599366,-140.71247771,0.640846217749,-0.097122946249,-0.80329373154,-8.92204839259,-0.80329373154,-8.92204839259,0.163979330659,4,0
4400,8.8,1,-0.444123893976,0,-7.85996627808,0,0,-0.410805913724,0.102419040803,-0.444123882291,-3.60684728881,0.0333179685666,3.70926632961,-3.46240194639,22.8123226751,-7.85996611194,0.000120930867594,0.0111256718801,-0.444381492372,-3.66825961937,3.26774333981e-07,-8.16935834912e-05,-0.444260561505,-0.410600827473,0.102788206244,-3.65713394749,-0.440864762006,0.101166588791,0.00339579949851,3.75830053628,0.023381987235,-7.85996611194,19.1989986212,-0.410805913724,0.102419040803,0.0333179685666,3.70926632961,0.0333179685666,3.70926632961,0.150922107495,4,0
4400,8.8,2,1.61310720444,0,1.14961600304,0,0,0.638507391927,-0.128023804219,1.61310721476,8.12702508446,-0.974599822837,-8.25504888868,0.613987927098,-157.918293004,1.14961599366,0.000135617986163,0.0125267810931,1.61281452271,8.05648204522,-4.08467916824e-07,0.000102116979211,1.61295014069,0.638251034107,-0.12848526102,8.06900882631,0.642202123829,-0.127869857056,-0.970748016863,-8.19687868336,-44.5540223845,1.14961599366,-157.47415544,0.638507391927,-0.128023804219,-0.974599822837,-8.25504888868,-0.974599822837,-8.25504888868,0.169850363125,4,0
4410,8.82,1,-0.514721214771,0,-5.85996627808,0,0,-0.408562733543,0.128797575318,-0.514721205822,-3.4565685551,0.10615847228,3.58536613042,-1.78528903616,30.9606940557,-5.85996611194,0.000134064479716,0.0123283157661,-0.515005768647,-3.52425425658,2.81152325288e-06,-0.000702880813214,-0.514871704168,-0.408300944032,0.133003397932,-3.51192594082,-0.424805651619,0.128120787065,0.0900660525486,3.64004672788,2.93842974042,-5.85996611194,29.0081599453,-0.408562733543,0.128797575318,0.10615847228,3.58536613042,0.10615847228,3.58536613042,0.167245074272,4,0
4410,8.82,2,1.76722478867,0,-0.850383996964,0,0,0.635703416636,-0.160996972303,1.76722480339,7.34899193452,-1.13152138675,-7.50998890682,0.0654733618948,-172.929495868,-0.850384006343,0.000180566863103,0.0166325604921,1.76683881356,7.25668650994,-3.51440405855e-06,0.000878601014625,1.76701938042,0.635376179741,-0.166254250559,7.27331907043,0.634371404222,-0.16105247282,-1.1326479762,-7.43437154325,-50.3445127724,-0.850384006343,-173.08961486,0.635703416636,-0.160996972303,-1.13152138675,-7.50998890682,-1.13152138675,-7.50998890682,0.225592354193,4,0
4420,8.84,1,-0.581561982632,0,-3.85996603966,0,0,-0.405583397652,0.166317537915,-0.581562008834,-3.23832331349,0.175978611182,3.40464085141,-2.4949845931,38.4619018584,-3.85996611194,0.000146147191874,0.0134386217427,-0.581872145074,-3.31207905001,1.4827052387e-06,-0.000370676309673,-0.581725997882,-0.405248397323,0.168612193842,-3.29864042826,-0.427855507875,0.165389533322,0.153870490007,3.46402996158,5.70469302049,-3.85996611194,35.7846086088,-0.405583397652,0.166317537915,0.175978611182,3.40464085141,0.175978611182,3.40464085141,0.182308656542,4,0
4420,8.84,2,1.90488469601,0,-2.85038399696,0,0,0.631979246712,-0.207896925434,1.90488473941,6.48994510148,-1.2729054927,-6.69784202691,0.248388152637,-185.77213304,-2.85038400634,0.000210948946546,0.0194069219666,1.90443614706,6.38309437736,-1.8533815429e-06,0.000463345385721,1.90464709601,0.631560496293,-0.210765245335,6.40250129933,0.631855531834,-0.207902080221,-1.27279156418,-6.61040337955,-55.3730118811,-2.85038400634,-185.787004599,0.631979246712,-0.207896925434,-1.2729054927,-6.69784202691,-1.2729054927,-6.69784202691,0.263259711902,4,0
4430,8.86,1,-0.643309473991,0,-1.85996615887,0,0,-0.402120551959,0.180495424525,-0.643309447381,-2.95393611849,0.241188895422,3.13443154301,-2.18258773317,44.9662366465,-1.85996611194,0.000159553199342,0.0146747344613,-0.643648331569,-3.0345892054,1.97436819921e-06,-0.000493592049802,-0.643488778369,-0.401756714915,0.183399298117,-3.01991447094,-0.421933323182,0.179669892391,0.221555455187,3.19958436333,8.30578801255,-1.85996611194,42.5845764391,-0.402120551959,0.180495424525,0.241188895422,3.13443154301,0.241188895422,3.13443154301,0.199072474241,4,0
4430,8.86,2,2.02452898026,0,-4.85038423538,0,0,0.627650689535,-0.225619283644,2.02452901337,5.55606854033,-1.39687832383,-5.78168782398,0.134812168621,-196.022698781,-4.85038400634,0.000232720677903,0.021397103719,2.02403534252,5.43870640084,-2.46796024128e-06,0.000616990060324,2.0242680632,0.627195893224,-0.229249125623,5.46010350456,0.626357394392,-0.225673170941,-1.39791066881,-5.6857766755,-59.7658257439,-4.85038400634,-196.178163635,0.627650689535,-0.225619283644,-1.39687832383,-5.78168782398,-1.39687832383,-5.78168782398,0.290277022246,4,0
4440,8.88,1,-0.69190967083,0,0.140033885837,0,0,-0.398162274646,0.216773734796,-0.691909658045,-1.91597468375,0.293747383399,2.13274841854,-1.81486207504,47.8645733791,0.140033888063,0.000995904104775,0.089995918766,-0.693918838259,-2.3718810316,2.33252496751e-06,-0.00058313124188,-0.692922934154,-0.397725165153,0.220304140136,-2.28188511283,-0.423436922476,0.215720624469,0.269486011677,2.4976057373,10.2530508834,0.140033888063,44.8263500878,-0.398162274646,0.216773734796,0.293747383399,2.13274841854,0.293747383399,2.13274841854,1.22336121628,4,0
4440,8.88,2,2.04999995232,0,-6.85038423538,0,0,0.622702842835,-0.270967171324,2.08680249494,0.612951225182,-1.46409965211,-0.883918396506,-0.0171675655595,-175.570045422,-6.85038400634,0.0171519872532,0.176262446984,2.05,0,-2.91565619781e-06,0.000728914049448,2.06715198725,0.622156455963,-0.275380177982,0.176262446984,0.584417617791,-0.272562389034,-1.48273436946,-0.448824836018,-46.6328288894,-6.85038400634,-180.172248516,0.622702842835,-0.270967171324,-1.46409965211,-0.883918396506,-1.46409965211,-0.883918396506,4.58503552826,4,4
4450,8.9,1,-0.724678277969,0,2.14003396034,0,0,-0.393554978242,0.237868109897,-0.724678270757,-1.46426988564,0.331123292515,1.70213799553,-3.07965814812,48.743844044,2.14003388806,0.000264276329204,0.0239637601868,-0.725198956532,-1.58175161202,2.79201335551e-07,-6.98003338878e-05,-0.724934680203,-0.393079029771,0.238183636018,-1.55778785184,-0.421883122949,0.236687770534,0.303051557254,1.79447562237,11.9602842697,2.14003388806,45.3385649823,-0.393554978242,0.237868109897,0.331123292515,1.70213799553,0.331123292515,1.70213799553,0.325620913647,4,0
4450,8.9,2,2.04999995232,0,-8.85038375854,0,0,0.616943722274,-0.297335140088,2.07932114863,-0.79925141031,-1.46237742636,0.501916270222,0.352414781124,-170.962169732,-8.85038400634,0.0143741046666,0.00261865513474,2.05,-0.845849026296,-3.49001667899e-07,8.72504169689e-05,2.06437410467,0.616348786681,-0.297729547737,-0.843230371161,0.602394979238,-0.297941337714,-1.46197912543,0.545289033447,-50.5539155128,-8.85038400634,-172.711049884,0.616943722274,-0.297335140088,-1.46237742636,0.501916270222,-1.46237742636,0.501916270222,2.10129493361,4,4
4460,8.92,1,-0.749367415905,0,4.14003372192,0,0,-0.388633918163,0.259877322242,-0.749367413328,-1.02971886769,0.360733495166,1.28959618993,-1.66393137355,50.1941739443,4.14003388806,0.000203231876525,0.018748883701,-0.749803760315,-1.1345077037,2.29833117887e-06,-0.000574582794723,-0.749600528439,-0.388110729061,0.263318299141,-1.11575882,-0.404591076165,0.259212440659,0.345009452274,1.37497126066,13.8419327627,4.14003388806,48.2759905761,-0.388633918163,0.259877322242,0.360733495166,1.28959618993,0.360733495166,1.28959618993,0.254251994632,4,0
4460,8.92,2,2.04999995232,0,-10.8503837585,0,0,0.610792397122,-0.324846655388,2.05491204055,-1.5829780977,-1.44411964343,1.25813144231,-0.113060634493,-166.246620405,-10.8503840063,0.00327413925241,0.0250294325231,2.05,-1.72011381794,-2.87291395851e-06,0.00071822848962,2.05327413925,0.61013841074,-0.329147876489,-1.69508438542,0.603431094852,-0.325153376316,-1.4498430444,1.3699310091,-55.14787927,-10.8503840063,-167.131510283,0.610792397122,-0.324846655388,-1.44411964343,1.25813144231,-1.44411964343,1.25813144231,0.771829242625,4,4
4470,8.94,1,-0.764165699482,0,6.14003372192,0,0,-0.383110944477,0.289902703091,-0.764165715607,-0.487041786614,0.381054771131,0.776944489705,-2.24069198351,50.2254854714,6.14003388806,0.000272451734647,0.0251269107645,-0.764750846121,-0.627502504107,1.14475898805e-06,-0.000286189747014,-0.764478394387,-0.382529308964,0.291676325855,-0.602375593342,-0.40458572822,0.289007920435,0.359892666167,0.891383513777,15.518496627,6.14003388806,47.6440375089,-0.383110944477,0.289902703091,0.381054771131,0.776944489705,0.381054771131,0.776944489705,0.340755978963,4,0
4470,8.94,2,2.01353335381,0,-12.8503837585,0,0,0.603888679966,-0.362378381236,2.01353327984,-2.48396224769,-1.40964459988,2.12158386645,0.0332727949294,-157.985789991,-12.8503840063,0.000262656409237,0.0241080828535,2.01298206076,-2.61387335881,-1.43094872596e-06,0.00035773718148,2.01324471717,0.603161635569,-0.364595409676,-2.58976527596,0.601444201167,-0.362480234519,-1.411800516,2.22728504144,-59.5623522573,-12.8503840063,-158.279636713,0.603888679966,-0.362378381236,-1.40964459988,2.12158386645,-1.40964459988,2.12158386645,0.327119517172,4,0
4480,8.96,1,-0.766973495483,0,8.14003372192,0,0,-0.377207890853,0.300822622763,-0.766973507636,0.15831933924,0.389765616782,0.142503283523,-1.95928838069,48.2671698871,8.14003388806,0.000349696042185,0.0322235994032,-0.767722008397,-0.020888838041,1.50730720028e-06,-0.000376826800075,-0.767372312354,-0.376604068695,0.30304155944,0.0113347613621,-0.397142680208,0.29999200654,0.370229632147,0.288657245178,16.9359569912,8.14003388806,45.8708420835,-0.377207890853,0.300822622763,0.389765616782,0.142503283523,0.389765616782,0.142503283523,0.437039422913,4,0
4480,8.96,2,1.95284557343,0,-14.8503837585,0,0,0.59650986289,-0.376028280736,1.95284561919,-3.5028469617,-1.3563357563,3.12681868097,-0.069770015204,-146.645997546,-14.8503840063,0.000227070244082,0.0207878922966,1.95237235297,-3.61376611165,-1.88413398761e-06,0.000471033496891,1.95259942322,0.595755085188,-0.378801951563,-3.59297821936,0.593582255226,-0.376150264389,-1.35901716799,3.21682795497,-63.484214558,-14.8503840063,-146.997920384,0.59650986289,-0.376028280736,-1.3563357563,3.12681868097,-1.3563357563,3.12681868097,0.282152822707,4,0
4490,8.98,1,-0.755778074265,0,10.1400337219,0,0,-0.370930014501,0.327764669436,-0.755778048143,0.903005919162,0.384848033642,-0.575241249726,-1.69872363331,44.2635029172,10.1400338881,0.000429709650179,0.0395776475474,-0.75669600847,0.683557262092,1.66856771688e-06,-0.000417141929222,-0.75626629882,-0.370271930649,0.330293351914,0.72313490964,-0.389527174378,0.326989787775,0.366739124442,-0.396145121865,18.0706963464,10.1400338881,42.0279693237,-0.370930014501,0.327764669436,0.384848033642,-0.575241249726,0.384848033642,-0.575241249726,0.536809960195,4,0
4490,8.98,2,1.87040507793,0,-16.8503837585,0,0,0.588662517406,-0.409705838827,1.87040504338,-4.64885287544,-1.28174252598,4.23914703662,-0.181703499217,-132.269033027,-16.8503840063,0.00016843382621,0.0153621958872,1.87005935967,-4.72882805557,-2.08570962867e-06,0.000521427407174,1.8702277935,0.587839912587,-0.412866691897,-4.71346585969,0.585415618377,-0.409841126286,-1.28481217512,4.3036247334,-66.8059728095,-16.8503840063,-132.659337348,0.588662517406,-0.409705838827,-1.28174252598,4.23914703662,-1.28174252598,4.23914703662,0.208600821621,4,0
4500,9,1,-0.728612422943,0,12.1400337219,0,0,-0.364183387482,0.342499819878,-0.7286124181,1.74400557001,0.364429030618,-1.40150575013,-2.55292599564,37.8596242937,12.1400338881,0.000513312953023,0.0472322833851,-0.729705153857,1.48354555987,1.95455990004e-07,-4.88639975034e-05,-0.729191840904,-0.36349823901,0.342720828219,1.53077784325,-0.390750850594,0.341392842248,0.33844099031,-1.189385001,18.894340026,12.1400338881,34.6659938322,-0.364183387482,0.342499819878,0.364429030618,-1.40150575013,0.364429030618,-1.40150575013,0.640704465857,4,0
4500,9,2,1.76351606846,0,-18,0,0,0.580229233594,-0.428124776713,1.76351612,-5.92947405795,-1.1832868864,5.50134928123,0.0642195484818,-114.357625421,-18,7.47957044155e-05,0.00671173399672,1.76337300897,-5.9605571326,-2.44319985354e-07,6.10799963314e-05,1.76344780468,0.579372798,-0.428401037137,-5.9538453986,0.580003859528,-0.428134167299,-1.18344394515,5.5257112313,-66.0071056014,-18,-114.384717262,0.580229233594,-0.428124776713,-1.1832868864,5.50134928123,-1.1832868864,5.50134928123,0.0913113893964,4,0
4510,9.02,1,-0.683813452721,0,14.1400337219,0,0,-0.357222002812,0.357288273595,-0.683813447864,2.65508159903,0.326591445052,-2.29779332543,-1.58148030028,28.9672153364,14.1400338881,0.000574240348428,0.0528169598767,-0.685033355978,2.36471895404,1.48737536787e-06,-0.000371843841972,-0.684459115629,-0.356505196668,0.359518603864,2.41753591392,-0.376338601182,0.356491748663,0.308120514447,-2.06104416526,19.3894613085,14.1400338881,26.6692409074,-0.357222002812,0.357288273595,0.326591445052,-2.29779332543,0.326591445052,-2.29779332543,0.716494128694,4,0
4510,9.02,2,1.63043904305,0,-18,0,0,0.571527502721,-0.446610343675,1.63043903345,-7.25047636818,-1.05891153073,6.8038660245,-0.258057860922,-93.2205354056,-18,-5.73455099694e-05,-0.00548879839746,1.63058087804,-7.21291917958,-1.85921918927e-06,0.00046480479732,1.63052353253,0.570631495037,-0.449398256481,-7.21840797797,0.569997371476,-0.446674099143,-1.06052616105,6.77173387883,-60.1257311748,-18,-93.4044699323,0.571527502721,-0.446610343675,-1.05891153073,6.8038660245,-1.05891153073,6.8038660245,-0.0741233342052,4,0
4520,9.04,1,-0.620077311993,0,15.7400341034,0,0,-0.349870928456,0.375929089527,-0.620077306714,3.63548783954,0.270206378259,-3.25955875001,-1.95007402365,17.5556829554,15.7400338881,0.000644537131277,0.059366993708,-0.621450940256,3.3078768968,6.58501772832e-07,-0.000164625443208,-0.620806403125,-0.349118012419,0.376951894774,3.36724389051,-0.372791895902,0.374974049216,0.248014507223,-2.99226984129,19.1385762022,15.7400338881,14.8003916603,-0.349870928456,0.375929089527,0.270206378259,-3.25955875001,0.270206378259,-3.25955875001,0.8052172714,4,0
4520,9.04,2,1.47058296204,0,-18,0,0,0.562338659744,-0.469911363304,1.47058297522,-8.59783946264,-0.908244315476,8.12792809934,-0.167399238416,-68.8532593829,-18,-0.000214402983248,-0.0197473382442,1.47105115249,-8.48346630275,-8.23127204064e-07,0.00020578180102,1.47083674951,0.561397514696,-0.471189869845,-8.503213641,0.563174232848,-0.469876547758,-0.907662516659,8.03333709324,-53.6016072432,-18,-68.7528165328,0.562338659744,-0.469911363304,-0.908244315476,8.12792809934,-0.908244315476,8.12792809934,-0.267842088518,4,0
4530,9.06,1,-0.536888480186,0,13.7400341034,0,0,-0.342292445853,0.382176295718,-0.536888505913,4.56487484836,0.19459606006,-4.18269855264,-1.73563596369,3.79263501433,13.7400338881,0.000631164386609,0.057876727597,-0.53821291505,4.25271588071,8.44964760383e-07,-0.000211241190091,-0.537581750663,-0.341526867664,0.383422817815,4.3105926083,-0.363264738676,0.381302450184,0.174317011987,-3.92929015812,14.9950068486,13.7400338881,1.2715906478,-0.342292445853,0.382176295718,0.19459606006,-4.18269855264,0.19459606006,-4.18269855264,0.785408402835,4,0
4530,9.06,2,1.28351914883,0,-18,0,0,0.552865556464,-0.477720370929,1.2835191481,-9.97744579043,-0.730653591636,9.49972541951,-0.246678944983,-41.1139534691,-18,-0.000404162600239,-0.0373843116024,1.28439774541,-9.76461799787,-1.05620593416e-06,0.000264051483553,1.28399358281,0.551908583725,-0.479278523526,-9.80200230947,0.555029567905,-0.477630203785,-0.728964014907,9.32437210568,-46.283531026,-18,-40.8538212604,0.552865556464,-0.477720370929,-0.730653591636,9.49972541951,-0.730653591636,9.49972541951,-0.506811153663,4,0
4540,9.08,1,-0.436709403992,0,11.7400341034,0,0,-0.334508310132,0.396291561599,-0.436709392997,5.35083484678,0.102201082865,-4.95454328518,-1.61554149453,-11.2844800257,11.7400338881,0.000573193918282,0.0525373486035,-0.43790967591,5.06852634279,7.88436677612e-07,-0.000197109169402,-0.437336481992,-0.333714510959,0.39749091397,5.12106369139,-0.353879093649,0.395484445619,0.0834573883428,-4.72557924577,10.6843267568,11.7400338881,-13.6130096277,-0.334508310132,0.396291561599,0.102201082865,-4.95454328518,0.102201082865,-4.95454328518,0.712988107475,4,0
4540,9.08,2,1.06866908073,0,-17.3999996185,0,0,0.54313538679,-0.495364452969,1.06866902979,-11.3611569278,-0.525533643003,10.8657924748,-0.304164810208,-10.040189212,-17.4,-0.000582007015963,-0.0536442320536,1.0699161646,-11.0624528776,-9.85545825949e-07,0.000246386456483,1.06933415759,0.542143137822,-0.4968636434,-11.1160971097,0.546657397061,-0.495217702541,-0.522676760524,10.6208794071,-35.6139894934,-17.4,-9.61681422728,0.54313538679,-0.495364452969,-0.525533643003,10.8657924748,-0.525533643003,10.8657924748,-0.727539794942,4,0
4550,9.1,1,-0.322741478682,0,9.74003410339,0,0,-0.326496421863,0.402758452904,-0.322741479683,5.9498613665,-0.00375494218001,-5.54710291359,-1.94809268882,-27.2223208783,9.74003388806,0.000462342021628,0.0422586784822,-0.323698757366,5.72672379364,8.63880511015e-08,-2.1597012777e-05,-0.323236415344,-0.325690838824,0.402856310399,5.76898247212,-0.347474785107,0.401884354435,-0.0242383697629,-5.36709811769,6.27686023591,9.74003388806,-29.74409496,-0.326496421863,0.402758452904,-0.00375494218001,-5.54710291359,-0.00375494218001,-5.54710291359,0.573681392901,4,0
4550,9.1,2,0.82797396183,0,-15.3999996185,0,0,0.533120526436,-0.503448066903,0.8279739595,-12.5390444238,-0.294853433064,12.0355963569,-0.213835924807,23.3439313822,-15.4,-0.000666125985423,-0.0611887084439,0.829382061946,-12.2053354635,-1.07985061337e-07,2.69962653415e-05,0.828715935961,0.532113547636,-0.503570388769,-12.2665241719,0.538247880766,-0.503234427139,-0.290468055194,11.7632897448,-19.072075669,-15.4,23.9602821006,0.533120526436,-0.503448066903,-0.294853433064,12.0355963569,-0.294853433064,12.0355963569,-0.830186643228,4,0
4560,9.12,1,-0.199396193027,0,7.74003410339,0,0,-0.318396605215,0.408410207731,-0.199396191537,6.30452884215,-0.119000413679,-5.89611863442,-1.54644467496,-43.1820922481,7.74003388806,0.000292861302952,0.026612797773,-0.199988041374,6.16938165611,4.83720414224e-07,-0.000120930103557,-0.199695180071,-0.317579048921,0.409140937594,6.19599445388,-0.334268801618,0.407748866214,-0.134573621547,-5.78824558767,1.90910347215,7.74003388806,-45.090062524,-0.318396605215,0.408410207731,-0.119000413679,-5.89611863442,-0.119000413679,-5.89611863442,0.361525600902,4,0
4560,9.12,2,0.567663609982,0,-13.3999996185,0,0,0.522995755614,-0.510512760222,0.567663635457,-13.3379036109,-0.0446678798431,12.8273908507,-0.351213289066,57.4933887836,-13.4,-0.000610243704421,-0.0558292801364,0.568932530812,-13.0411979927,-6.04650494451e-07,0.000151162623602,0.568322287108,0.521973810244,-0.511426172515,-13.0970272728,0.526378326145,-0.510371819783,-0.0419439609627,12.586655453,-3.06733870384,-13.4,57.9000019496,0.522995755614,-0.510512760222,-0.0446678798431,12.8273908507,-0.0446678798431,12.8273908507,-0.757826455073,4,0
4570,9.14,1,-0.0721133202314,0,5.74003410339,0,0,-0.310169809632,0.413251419928,-0.0721133214777,6.36646700971,-0.238056488154,-5.95321558978,-1.65885614338,-58.2549286481,5.74003388806,6.81625062852e-05,0.00591871939215,-0.0722252071998,6.34601207162,8.69313745433e-08,-2.17328436351e-05,-0.0721570446935,-0.309343158236,0.413390896594,6.35193079101,-0.324642152179,0.412648405655,-0.252485107486,-5.93928238536,-2.25775918623,5.74003388806,-59.994624825,-0.310169809632,0.413251419928,-0.238056488154,-5.95321558978,-0.238056488154,-5.95321558978,0.0808400336109,4,0
4570,9.14,2,0.296842992306,0,-11.3999996185,0,0,0.512712261127,-0.516564275149,0.296842996078,-13.6214135421,0.215869265048,13.1048492669,-0.327995001856,90.6769492828,-11.4,-0.000386252190941,-0.0350412305983,0.297618457331,-13.4453915574,-1.08664205078e-07,2.71660512721e-05,0.297232205141,0.511678946881,-0.516738620961,-13.480432788,0.513944455907,-0.5165129337,0.216712250766,12.9639198543,11.4709261863,-11.4,90.8250693636,0.512712261127,-0.516564275149,0.215869265048,13.1048492669,0.215869265048,13.1048492669,-0.476115082675,4,0
4580,9.16,1,0.0530255511403,0,3.74003386497,0,0,-0.301897739709,0.414016546488,0.0530255524715,6.12392371594,-0.354923292181,-5.70990716945,-1.53897277895,-71.5843260656,3.74003388806,-0.000174520768652,-0.0163393136391,0.053423551826,6.22369857486,7.31516457408e-08,-1.82879114382e-05,0.0532490310574,-0.301069591119,0.414129158969,6.20735926122,-0.312860124662,0.413559780448,-0.36610915572,-5.79379948077,-6.06589480758,3.74003388806,-72.9020960902,-0.301897739709,0.414016546488,-0.354923292181,-5.70990716945,-0.354923292181,-5.70990716945,-0.221202754356,4,0
4580,9.16,2,0.0267743691802,0,-9.39999961853,0,0,0.50237217372,-0.517520683223,0.0267743694596,-13.3206543162,0.47559780426,12.803133633,-0.373233896958,121.084371203,-9.4,-4.7549208322e-05,-0.00387972002093,0.0268289114309,-13.3163357278,-9.14395396068e-08,2.28598849091e-05,0.0267813622226,0.501336987981,-0.517661448799,-13.3202154479,0.49971154145,-0.517631542901,0.472930179228,12.802583905,23.5948887553,-9.4,120.764541032,0.50237217372,-0.517520683223,0.47559780426,12.803133633,0.47559780426,12.803133633,-0.0534037262495,4,0
4590,9.18,1,0.17042016983,0,1.74003386497,0,0,-0.293615829977,0.413476307172,0.170420170293,5.63087788161,-0.46403600027,-5.21740157444,-1.57478790431,-82.6115009073,1.74003388806,-0.000367538320614,-0.0339499278309,0.171215034009,5.8226066005,-1.93841455887e-07,4.84603639753e-05,0.170847495688,-0.292789157324,0.413190945543,5.78865667267,-0.302886928089,0.413090011418,-0.473734423777,-5.37556666125,-9.42817025435,1.74003388806,-83.7259641595,-0.293615829977,0.413476307172,-0.46403600027,-5.21740157444,-0.46403600027,-5.21740157444,-0.460324652139,4,0
4590,9.18,2,-0.231433704495,0,-7.40000009537,0,0,0.492019786556,-0.516845383748,-0.231433707596,-12.5105254684,0.723453494152,11.9936800846,-0.368791818777,147.435804737,-7.4,0.000267620677035,0.0249187299872,-0.232031448827,-12.6581183082,2.42301841924e-07,-6.05754604778e-05,-0.23176382815,0.490986445739,-0.516488681679,-12.6331995782,0.486143705118,-0.517090220475,0.717907533268,12.1161093577,32.8688020955,-7.4,146.729450781,0.492019786556,-0.516845383748,0.723453494152,11.9936800846,0.723453494152,11.9936800846,0.33756213734,4,0
4600,9.2,1,0.240245550871,0,-0.259966105223,0,0,-0.285376672638,0.410837111555,0.240245543772,1.78178456434,-0.52562221641,-1.37094745279,-1.34257054773,-77.2440534549,-0.259966111937,-0.0038271822332,-0.345572895459,0.247877131898,3.49898176273,-3.38720206328e-08,8.46800515819e-06,0.244049949665,-0.28455502355,0.41079914013,3.15340886727,-0.257463313004,0.412000168206,-0.501513262669,-2.74140869906,-9.87359974277,-0.259966111937,-73.8886350156,-0.285376672638,0.410837111555,-0.52562221641,-1.37094745279,-0.52562221641,-1.37094745279,-4.69798898709,4,0
4600,9.2,2,-0.259999990463,0,-5.40000009537,0,0,0.481720839888,-0.513546389024,-0.350477838041,-0.591765870658,0.832198677929,0.0782194816342,-0.445699895301,92.6951240905,-5.4,-0.0425915077514,-0.22907486377,-0.26,0,4.23400284832e-08,-1.05850071143e-05,-0.302591507751,0.480693778529,-0.513498924739,-0.22907486377,0.55190212726,-0.510622168717,0.854493635011,-0.281547304947,-7.74877641627,-5.4,101.131499677,0.481720839888,-0.513546389024,0.832198677929,0.0782194816342,0.832198677929,0.0782194816342,-8.88207548144,4,4
4610,9.22,1,0.263953477144,0,-2.25996613503,0,0,-0.277187807886,0.406619945934,0.263953479824,0.956238181604,-0.54114128771,-0.54961823567,-1.56278168404,-68.8713965263,-2.25996611194,-0.000763612325818,-0.0679402038481,0.265343893635,1.24640531436,-5.82603661925e-07,0.00014565091548,0.264580281309,-0.276375421171,0.405756404588,1.17846511051,-0.282491425741,0.406398961856,-0.54707170705,-0.772066148654,-10.1947286056,-2.25996611194,-69.5089355893,-0.277187807886,0.406619945934,-0.54114128771,-0.54961823567,-0.54114128771,-0.54961823567,-0.925242621095,4,0
4610,9.22,2,-0.259999990463,0,-3.40000009537,0,0,0.471484758958,-0.50827493178,-0.327723743307,1.67883744563,0.799208502265,-2.18711237741,-0.38030102592,83.260996256,-3.4,-0.0330666136544,0.13812211464,-0.26,1.0506366451,7.28254600624e-07,-0.000182063650158,-0.293066613654,0.470469275566,-0.507195505063,1.18875875974,0.494143969756,-0.507330797997,0.78721058341,-1.69608955773,-5.54883993762,-3.4,85.9848222206,0.471484758958,-0.50827493178,0.799208502265,-2.18711237741,0.799208502265,-2.18711237741,-3.10412699055,4,4
4620,9.24,1,0.281828582287,0,-4.25996589661,0,0,-0.269151125895,0.397034343901,0.281828572611,0.837041897533,-0.550979698507,-0.440007553632,-1.40455231948,-68.1858044028,-4.25996611194,5.37637652952e-05,0.00495362065724,0.281706965383,0.807357082749,-4.95901548103e-07,0.00012397538703,0.281760729148,-0.268357837199,0.396272421877,0.812310703407,-0.281394351542,0.396524209499,-0.56315508069,-0.415786493907,-12.0659878376,-4.25996611194,-69.6575421524,-0.269151125895,0.397034343901,-0.550979698507,-0.440007553632,-0.550979698507,-0.440007553632,0.0671854300894,4,0
4620,9.24,2,-0.259999990463,0,-1.39999997616,0,0,0.461438906486,-0.496292928927,-0.296775166105,1.42420510146,0.758214072591,-1.92049803039,-0.427433511893,78.861028833,-1.4,-0.0182512366055,-0.0108611341515,-0.26,1.49492587283,6.1987694755e-07,-0.000154969236894,-0.278251236605,0.460447295618,-0.495340526378,1.48406473868,0.480830891255,-0.495484929562,0.759082127861,-1.97954966824,1.06550701428,-1.4,81.1921070021,0.461438906486,-0.496292928927,0.758214072591,-1.92049803039,0.758214072591,-1.92049803039,-2.758511681,4,4
4630,9.26,1,0.295963972807,0,-6.25996589661,0,0,-0.261257169056,0.392218263712,0.295963985467,0.57569942059,-0.557221154523,-0.183481156878,-1.39491664672,-67.8322015606,-6.25996611194,-6.34845318331e-06,-0.000752517212107,0.295993055414,0.585558068615,-7.08138739813e-07,0.000177034684955,0.295986706961,-0.260473742094,0.391182376899,0.584805551403,-0.272778602093,0.391738204002,-0.568765309054,-0.193067347401,-14.0313810079,-6.25996611194,-69.2171738235,-0.261257169056,0.392218263712,-0.557221154523,-0.183481156878,-0.557221154523,-0.183481156878,-0.00994438380368,4,0
4630,9.26,2,-0.259999990463,0,0.600000023842,0,0,0.451571460458,-0.490272828572,-0.26889845663,1.41838740175,0.720469917088,-1.90866023032,-0.432661426172,76.2914101315,0.6,-0.00505047654419,-0.00884897036365,-0.26,1.45922060354,8.85173441378e-07,-0.000221293360345,-0.265050476544,0.450592176757,-0.48897797003,1.45037163318,0.454905628975,-0.490133904883,0.719956105519,-1.94050553806,9.01457759929,0.6,76.692204972,0.451571460458,-0.490272828572,0.720469917088,-1.90866023032,0.720469917088,-1.90866023032,-0.833456266727,4,4
4640,9.28,1,0.303153067827,0,-8.25996589661,0,0,-0.253550460529,0.377092510713,0.303153069795,0.160905188825,-0.556703530323,0.216187321888,-1.5822128089,-66.0343777519,-8.25996611194,-0.000127497853227,-0.0118715671747,0.303437623555,0.231185558723,-1.15100616943e-06,0.000287751542363,0.303310125702,-0.252798015208,0.375359405538,0.219313991548,-0.265374884614,0.376599826376,-0.568685010316,0.157285834828,-15.7609714745,-8.25996611194,-67.4557720638,-0.253550460529,0.377092510713,-0.556703530323,0.216187321888,-0.556703530323,0.216187321888,-0.160818496961,4,0
4640,9.28,2,-0.23768235743,0,2.59999990463,0,0,0.441938074822,-0.471365637015,-0.237682357895,1.72040442179,0.679620432717,-2.1917700588,-0.366750755116,70.7803274173,2.6,6.33302564593e-05,0.00604226558438,-0.237838084811,1.67963451897,1.43875773179e-06,-0.000359689432947,-0.237774754554,0.440997518174,-0.469199255517,1.68567678455,0.438208071364,-0.471521053826,0.675982825918,-2.15719783838,15.6886226391,2.6,70.3319499183,0.441938074822,-0.471365637015,0.679620432717,-2.1917700588,0.679620432717,-2.1917700588,0.0816267439426,4,0
4650,9.3,1,0.300522655249,0,-10.2599658966,0,0,-0.246151470484,0.365689153114,0.300522667034,-0.39008985006,-0.546674137518,0.755779003174,-0.815574518778,-62.3762018676,-10.2599661119,-0.000240682681736,-0.022252609023,0.301044898275,-0.263754330182,-1.49743752925e-07,3.74359382307e-05,0.300804215593,-0.245420205324,0.365520272213,-0.286006939205,-0.250426422894,0.365511030097,-0.551230638487,0.651517969301,-17.2127672806,-10.2599661119,-62.890086772,-0.246151470484,0.365689153114,-0.546674137518,0.755779003174,-0.546674137518,0.755779003174,-0.301689614446,4,0
4650,9.3,2,-0.197409570217,0,4.59999990463,0,0,0.432689337296,-0.457111439834,-0.197409564821,2.29125126152,0.630098902117,-2.74836270136,-0.600813407582,62.3993914378,4.6,0.000223130442871,0.0207049049019,-0.197900809332,2.17111375613,1.87179693523e-07,-4.67949233811e-05,-0.197677678889,0.431775255849,-0.456900338705,2.19181866104,0.425357041558,-0.457416952157,0.623034720447,-2.64923561319,21.084911114,4.6,61.5179883876,0.432689337296,-0.457111439834,0.630098902117,-2.74836270136,0.630098902117,-2.74836270136,0.280589642597,4,0
4660,9.32,1,0.285504817963,0,-12.2599658966,0,0,-0.238934478261,0.35214942825,0.285504828472,-1.06358330135,-0.524439306733,1.4157327296,-1.62939982655,-56.6342927977,-12.2599661119,-0.000345509372855,-0.0318706154761,0.286247500916,-0.885196672015,-1.57344764831e-06,0.000393361912077,0.285901991543,-0.238232511103,0.349803493088,-0.917067287491,-0.248893846783,0.351734454561,-0.534795838326,1.26880174205,-18.3637959155,-12.2599661119,-57.8314918888,-0.238934478261,0.35214942825,-0.524439306733,1.4157327296,-0.524439306733,1.4157327296,-0.432200735404,4,0
4660,9.32,2,-0.143077790737,0,6.59999990463,0,0,0.42366809705,-0.440186783563,-0.143077795118,3.09762748976,0.566745892167,-3.53781427332,-0.340996629615,51.175373433,6.6,0.000373910068073,0.0345413923691,-0.143886336262,2.90252969531,1.96680958048e-06,-0.000491702395113,-0.143512426194,0.422790638106,-0.43725436458,2.93707108768,0.416935316007,-0.440467316106,0.560447742201,-3.37753840378,25.2943039924,6.6,50.3660370452,0.42366809705,-0.440186783563,0.566745892167,-3.53781427332,0.566745892167,-3.53781427332,0.468339758232,4,0
4670,9.34,1,0.255775421858,0,-14.2599658966,0,0,-0.23212911423,0.329378889011,0.255775411072,-1.84838002003,-0.487904525302,2.17775890904,-1.22134293569,-48.6547904786,-14.2599661119,-0.000444894411788,-0.0409917278006,0.256727312436,-1.62054806156,-1.0144872033e-06,0.000253621800824,0.256282418024,-0.231471963939,0.327814280246,-1.66153978936,-0.237664316228,0.329148255594,-0.493946734251,1.99068804495,-19.1889980097,-14.2599661119,-49.3201678854,-0.23212911423,0.329378889011,-0.487904525302,2.17775890904,-0.487904525302,2.17775890904,-0.555965528904,4,0
4670,9.34,2,-0.0703098848462,0,8.60000038147,0,0,0.415161392049,-0.41172360925,-0.0703098864096,4.10939283529,0.485471278459,-4.52111644454,-0.452267896518,36.8155783751,8.6,0.00051736013378,0.0477047492251,-0.071420262486,3.84299903214,1.26810901441e-06,-0.000317027253603,-0.0709029023522,0.414339954189,-0.409767848277,3.89070378136,0.406017061403,-0.412104623027,0.476919963755,-4.30280840439,28.3474254989,8.6,35.7163536286,0.415161392049,-0.41172360925,0.485471278459,-4.52111644454,0.485471278459,-4.52111644454,0.646956849965,4,0
4680,9.36,1,0.209226205945,0,-16.2599658966,0,0,-0.225635983872,0.319605556553,0.209226208363,-2.73359045281,-0.434862192235,3.05319600936,-1.32352537444,-38.1171641567,-16.2599661119,-0.000539725699764,-0.0496933035721,0.210377612977,-2.45864121613,-1.39768515076e-06,0.000349421287689,0.209837887278,-0.224998776592,0.317555376312,-2.50833451971,-0.231038980593,0.319380431689,-0.440876867871,2.8277149514,-19.6599544164,-16.2599661119,-38.7666493875,-0.225635983872,0.319605556553,-0.434862192235,3.05319600936,-0.434862192235,3.05319600936,-0.674040143631,4,0
4680,9.36,2,0.0246589034796,0,10.6000003815,0,0,0.407044979143,-0.399506943579,0.0246589033602,5.29459794782,0.382386075783,-5.6941048914,-0.416714825209,18.8665460811,10.6,0.000650866190943,0.0599454834638,0.0232685416203,4.9622520687,1.74710645195e-06,-0.000436776612995,0.0239194078112,0.406248470047,-0.396944218258,5.02219755217,0.396814529022,-0.399933212334,0.372895121211,-5.4221307645,30.2692745233,10.6,17.6367607228,0.407044979143,-0.399506943579,0.382386075783,-5.6941048914,0.382386075783,-5.6941048914,0.813070533062,4,0
4690,9.38,1,0.14417873323,0,-18,0,0,-0.21950293071,0.291853929447,0.144178738518,-3.67066091719,-0.363681669228,3.96251484664,-1.63835947588,-25.0856168275,-18,-0.000585849397235,-0.0537136168922,0.145407934287,-3.38110946256,-1.95905055536e-06,0.000489762638838,0.14482208489,-0.218922196903,0.288897615761,-3.43482307945,-0.227068410862,0.291538701107,-0.371890495752,3.72636178056,-19.5011749257,-18,-25.9950505875,-0.21950293071,0.291853929447,-0.363681669228,3.96251484664,-0.363681669228,3.96251484664,-0.728925715908,4,0
4690,9.38,2,0.144287094474,0,9.80000019073,0,0,0.399378662735,-0.364817409451,0.14428709966,6.50392665203,0.255091563076,-6.86874406148,-0.2977985814,-2.20424506854,9.8,0.000713063581848,0.0653732330884,0.142791298571,6.15164158514,2.44881320965e-06,-0.000612203302416,0.143504362153,0.398652745481,-0.361122017321,6.21701481823,0.389521122069,-0.365228140312,0.246016759916,-6.58224295854,20.2394955629,9.8,-3.38920360279,0.399378662735,-0.364817409451,0.255091563076,-6.86874406148,0.255091563076,-6.86874406148,0.887159952847,4,0
4700,9.4,1,0.0643698051572,0,-17,0,0,-0.213902695193,0.273163788932,0.0643698065938,-4.1716075559,-0.278272501787,4.44477134483,-0.436940687792,-11.4043213148,-17,-0.000109190785406,-0.0101597052496,0.064597469636,-4.1171956199,-2.4621520861e-07,6.15538021545e-05,0.0644882788506,-0.213356554114,0.272885878173,-4.12735532515,-0.216392545467,0.27306004517,-0.280880824318,4.40041537032,-16.592097815,-17,-11.7036220665,-0.213902695193,0.273163788932,-0.278272501787,4.44477134483,-0.278272501787,4.44477134483,-0.137639936094,4,0
4700,9.4,2,0.283863186836,0,7.80000019073,0,0,0.392378368388,-0.34145473367,0.283863173213,7.29357537547,0.108515195175,-7.63503010914,-0.658636414711,-24.0110093619,7.8,0.000556858059329,0.0507976730974,0.282718550062,7.028420512,3.07769012609e-07,-7.69422531586e-05,0.283275408122,0.391695692044,-0.34110734522,7.07921818509,0.381161208853,-0.341922115317,0.0978858007311,-7.42114030041,6.29036641496,7.8,-25.3594054143,0.392378368388,-0.34145473367,0.108515195175,-7.63503010914,0.108515195175,-7.63503010914,0.689759637713,4,0
4710,9.42,1,-0.0240854490548,0,-15,0,0,-0.208592583731,0.252055664151,-0.0240854497157,-4.61979094067,-0.184507134016,4.87184660482,-1.7392427477,1.86679929979,-15,-0.000162935001387,-0.0149441841693,-0.023742308035,-4.53885618831,-2.36044126892e-06,0.00059011031723,-0.0239052430364,-0.208091980537,0.248531266315,-4.55380037248,-0.22137414267,0.251523099195,-0.197468899634,4.80532347168,-12.8020118758,-15,0.33034940232,-0.208592583731,0.252055664151,-0.184507134016,4.87184660482,-0.184507134016,4.87184660482,-0.202792850232,4,0
4710,9.42,2,0.433736681938,0,5.80000019073,0,0,0.385740729111,-0.315069577554,0.433736682379,7.58576830127,-0.0479959532677,-7.90083787883,-0.23802717988,-44.6654624422,5.8,0.000307216571959,0.0278770004168,0.433119981928,7.44567064515,2.95055160043e-06,-0.000737637900108,0.433427198499,0.385114975123,-0.310664080238,7.47354764556,0.380609717358,-0.315283369711,-0.052817481142,-7.78883101527,-6.04727846328,5.8,-45.2822528134,0.385740729111,-0.315069577554,-0.0479959532677,-7.90083787883,-0.0479959532677,-7.90083787883,0.378763191364,4,0
4720,9.44,1,-0.120026819408,0,-13,0,0,-0.203900216787,0.219050259009,-0.120026821525,-4.91601290649,-0.0838733952619,5.1350631655,-1.13450360441,15.459365678,-13,-7.99579534099e-05,-0.00723701765962,-0.119868407419,-4.88043029288,-1.40163944998e-06,0.000350409862493,-0.119948365372,-0.20346434299,0.216885668734,-4.88766731054,-0.21251979763,0.218691109808,-0.0925714322579,5.10635842034,-8.96399922557,-13,14.4232202308,-0.203900216787,0.219050259009,-0.0838733952619,5.1350631655,-0.0838733952619,5.1350631655,-0.0983581572064,4,0
4720,9.44,2,0.584392786026,0,3.79999995232,0,0,0.379875270486,-0.273812820944,0.584392794593,7.43096029174,-0.204517524107,-7.70477311268,-0.399009773706,-62.9575483176,3.8,7.32995275069e-05,0.00649050186458,0.584261460251,7.40417859768,1.75204931913e-06,-0.000438012329784,0.584334759779,0.379330428245,-0.271107083089,7.41066909954,0.375820219438,-0.273981781404,-0.208514540341,-7.68465088094,-16.585570311,3.8,-63.4449992456,0.379875270486,-0.273812820944,-0.204517524107,-7.70477311268,-0.204517524107,-7.70477311268,0.0884411543359,4,0
4730,9.46,1,-0.220198810101,0,-11,0,0,-0.199649140135,0.205585873001,-0.220198811667,-5.06242793908,0.0205496715314,5.26801381208,-1.33551767968,28.8238001142,-11,-2.01747159265e-06,-7.81426467971e-05,-0.220204658777,-5.06571514047,-1.90615236931e-06,0.000476538092329,-0.220206676249,-0.19924070688,0.202787013503,-5.06579328312,-0.210748948401,0.20512338099,0.00945772784747,5.27091666411,-5.20584795674,-11,27.4895106622,-0.199649140135,0.205585873001,0.0205496715314,5.26801381208,0.0205496715314,5.26801381208,-0.00122822767091,4,0
4730,9.46,2,0.728111982346,0,1.79999995232,0,0,0.374561424728,-0.256982338369,0.72811195963,6.94125584047,-0.353550534902,-7.19823817884,-0.327291375688,-78.6255210016,1.8,-7.94927536007e-05,-0.0074702355093,0.728296045119,6.98786903416,2.38269047043e-06,-0.0005956726176,0.728216552366,0.374050883164,-0.253483763984,6.98039879865,0.372679678373,-0.257060744468,-0.355536873993,-7.23745954311,-25.4804374519,1.8,-78.8517225947,0.374561424728,-0.256982338369,-0.353550534902,-7.19823817884,-0.353550534902,-7.19823817884,-0.10108978263,4,0
4740,9.48,1,-0.321734547615,0,-9,0,0,-0.195884319224,0.168803775387,-0.321734537802,-5.0690576369,0.125850218578,5.23786141228,-1.73732339913,41.4592837562,-9,6.92846479683e-05,0.00644595365678,-0.321888749347,-5.1070554381,-2.51328721351e-06,0.000628321803375,-0.321819464699,-0.195550534767,0.165007262837,-5.10060948445,-0.211063398591,0.168171313747,0.110756066108,5.26878079819,-1.57601618305,-9,39.6346319239,-0.195884319224,0.168803775387,0.125850218578,5.23786141228,0.125850218578,5.23786141228,0.0873284331888,4,0
4740,9.48,2,0.859075546265,0,-0.20000000298,0,0,0.369855398648,-0.211004716202,0.859075558831,6.19327056363,-0.489220160183,-6.40427527983,-0.170805418694,-91.1450240148,-0.2,-0.000181978680496,-0.0168152379598,0.859469678671,6.28844009249,3.1416090257e-06,-0.000785402256431,0.85928769999,0.369438168083,-0.206259075501,6.27162485453,0.370331092514,-0.210984895624,-0.488956607477,-6.48260975015,-32.9442468402,-0.2,-91.0878416479,0.369855398648,-0.211004716202,-0.489220160183,-6.40427527983,-0.489220160183,-6.40427527983,-0.227987785508,4,0
4750,9.5,1,-0.422076523304,0,-7,0,0,-0.192808385131,0.145248281094,-0.422076515209,-4.95978179362,0.229268130078,5.10503007471,-0.256966850155,53.3023900114,-7,0.000116811025,0.0107805348533,-0.422328042506,-5.02034194366,-3.10787884372e-07,7.7696971091e-05,-0.422211231481,-0.192518124258,0.144897345622,-5.00956140881,-0.196162179705,0.145108539653,0.226049051776,5.15466994846,1.88602417151,-7,52.8992359554,-0.192808385131,0.145248281094,0.229268130078,5.10503007471,0.229268130078,5.10503007471,0.14618720584,4,0
4750,9.5,2,0.972887992859,0,-2.20000004768,0,0,0.366010481094,-0.18156034826,0.972888009446,5.25534063758,-0.606877528352,-5.43690098584,-0.611718118508,-100.540423417,-2.2,-0.000239244554092,-0.0220208042766,0.973397915971,5.37698857156,3.88484856451e-07,-9.71212141081e-05,0.973158671417,0.365647655009,-0.181121678919,5.35496776729,0.363406524756,-0.18166884644,-0.609752146661,-5.53663661373,-39.1777880123,-2.2,-100.853440668,0.366010481094,-0.18156034826,-0.606877528352,-5.43690098584,-0.606877528352,-5.43690098584,-0.298700867108,4,0
4760,9.52,1,-0.519068360329,0,-5,0,0,-0.190093113872,0.119306451106,-0.519068385742,-4.74289867919,0.32897527187,4.86220513029,-1.87918508038,64.1548711125,-5,0.000162472420741,0.0149865303479,-0.519417580559,-4.82676643935,-2.84162438685e-06,0.000710406096714,-0.519255108138,-0.189858731037,0.115060199235,-4.81177990901,-0.207416534099,0.11858464193,0.311838574039,4.93036455094,5.15291092532,-5,62.0724516394,-0.190093113872,0.119306451106,0.32897527187,4.86220513029,0.32897527187,4.86220513029,0.203234392761,4,0
4760,9.52,2,1.06635296345,0,-4.19999980927,0,0,0.362616392082,-0.149133060704,1.06635290524,4.1791862229,-0.703736513163,-4.32831928361,-0.0848707981054,-106.67053551,-4.2,-0.000265107274978,-0.0243661197215,1.06691451403,4.31254780892,3.55203049029e-06,-0.000888007622578,1.06664940675,0.362323413545,-0.143825245854,4.2881816892,0.364660327634,-0.149047896722,-0.701989079119,-4.43722958592,-44.3847669179,-4.2,-106.424837424,0.362616392082,-0.149133060704,-0.703736513163,-4.32831928361,-0.703736513163,-4.32831928361,-0.330568884255,4,0
4770,9.54,1,-0.610541760921,0,-3,0,0,-0.188121670638,0.0803422447402,-0.610541763453,-4.41974339737,0.422420092815,4.50008564211,-1.15624212791,73.6585021526,-3,0.000209010286005,0.0192587256518,-0.61098904691,-4.52681612778,-1.60720019915e-06,0.000401800049787,-0.610780036624,-0.187963543619,0.0778581096888,-4.50755740213,-0.199913235147,0.0798509295523,0.410866801478,4.58740833168,8.18426897477,-3,72.2410578357,-0.188121670638,0.0803422447402,0.422420092815,4.50008564211,0.422420092815,4.50008564211,0.261202189006,4,0
4770,9.54,2,1.13710045815,0,-6.19999980927,0,0,0.360152088105,-0.100427802668,1.13710047987,2.99840371984,-0.776948391767,-3.09883152251,-0.274781559674,-109.326921098,-6.2,-0.000274778729648,-0.025241954975,1.13768128268,3.13609239173,2.00900025116e-06,-0.000502250062794,1.13740650395,0.359954429337,-0.0973226338505,3.11085043676,0.360715194133,-0.100404339917,-0.776691309817,-3.21125477667,-48.7308087578,-6.2,-109.259231061,0.360152088105,-0.100427802668,-0.776948391767,-3.09883152251,-0.776948391767,-3.09883152251,-0.342471596769,4,0
4780,9.56,1,-0.694429636002,0,-1,0,0,-0.186663402293,0.0649312038698,-0.69442960703,-3.99490286358,0.507766204737,4.05983406745,-1.43014894858,81.8026083913,-1,0.000256332987974,0.0236093823554,-0.694977215954,-4.12582032059,-2.16766516378e-06,0.000541916290949,-0.694720882966,-0.186536658244,0.0617462755479,-4.10221093823,-0.201224568217,0.064324488623,0.493496314749,4.16653542686,10.9547064516,-1,80.0522349042,-0.186663402293,0.0649312038698,0.507766204737,4.05983406745,0.507766204737,4.05983406745,0.320224538534,4,0
4780,9.56,2,1.18327891827,0,-8.19999980927,0,0,0.358329252739,-0.0811640015589,1.18327892031,1.73309175088,-0.824949667576,-1.81425575243,-0.176268471052,-108.675594019,-8.2,-0.000279881734695,-0.0257123243388,1.18387061478,1.87339159916,2.70958145754e-06,-0.000677395364384,1.18359073305,0.358170822684,-0.0771828411525,1.84767927482,0.359764946804,-0.0811041809729,-0.823825786244,-1.9287834558,-52.3357549549,-8.2,-108.503011628,0.358329252739,-0.0811640015589,-0.824949667576,-1.81425575243,-0.824949667576,-1.81425575243,-0.348850861862,4,0
4790,9.58,1,-0.768712997437,0,1,0,0,-0.185754570642,0.0238839954748,-0.768712980959,-3.46933580279,0.582958410317,3.49321979826,-1.86694960455,88.1076612656,1,0.000308418947881,0.0284016484695,-0.769371373172,-3.62664870017,-2.7419111838e-06,0.000685477795949,-0.769062954224,-0.185710979482,0.0197391469277,-3.5982470517,-0.204490224421,0.023103343234,0.564572729803,3.62135039493,13.4456410311,1,85.855479551,-0.185754570642,0.0238839954748,0.582958410317,3.49321979826,0.582958410317,3.49321979826,0.385232110128,4,0
4790,9.58,2,1.20331704617,0,-10.1999998093,0,0,0.357193213241,-0.0298549910288,1.20331699236,0.392647937616,-0.846123779116,-0.422502928644,-0.00256724252573,-104.282581105,-10.2,-0.000289987327019,-0.0266545504778,1.20393131877,0.538560943511,3.4273889809e-06,-0.00085684724522,1.20364133145,0.357138724297,-0.0246739303431,0.511906393033,0.360180073872,-0.0297305385025,-0.843461257576,-0.541636931536,-55.2693543295,-10.2,-103.923535567,0.357193213241,-0.0298549910288,-0.846123779116,-0.422502928644,-0.846123779116,-0.422502928644,-0.361612780824,4,0
4800,9.6,1,-0.831369757652,0,3,0,0,-0.185601445221,-0.00148508526619,-0.831369749396,-2.84216566937,0.645768304175,2.84068058411,-0.29950345495,92.5131579857,3,0.000367626381884,0.0338501206286,-0.832154172466,-3.02952438232,-3.35095970416e-07,8.37739926026e-05,-0.831786546084,-0.185604669736,-0.00186357948073,-2.99567426169,-0.191912514349,-0.00174804647988,0.639874031735,2.99392621521,15.6438986112,3,91.7545148842,-0.185601445221,-0.00148508526619,0.645768304175,2.84068058411,0.645768304175,2.84068058411,0.459139646535,4,0
4800,9.6,2,1.19572913647,0,-12.1999998093,0,0,0.357001806531,0.00185635990127,1.19572915693,-1.02269035288,-0.838727350398,1.02454671278,-0.466508783726,-96.2177842746,-12.2,-0.000314123696863,-0.028898167887,1.19639694758,-0.863633033825,4.18869963048e-07,-0.000104717490762,1.19608282389,0.357005837181,0.00232947766951,-0.892531201712,0.356382074482,0.00183053773256,-0.839700749405,0.894361739444,-57.5458735038,-12.2,-96.2922812313,0.357001806531,0.00185635990127,-0.838727350398,1.02454671278,-0.838727350398,1.02454671278,-0.392011826992,4,0
4810,9.62,1,-0.880349040031,0,5,0,0,-0.185832795197,-0.0288996878371,-0.880349043016,-2.11156858121,0.694516247819,2.08266889338,-2.03151145098,94.7224799127,5,0.000435259851348,0.0400738534655,-0.881277423503,-2.33324468094,-2.95465660288e-06,0.000738664150723,-0.880842163651,-0.18589499854,-0.0333176642256,-2.29317082747,-0.207254563886,-0.0297922615325,0.673587599765,2.26337856594,17.540311759,5,92.1474048015,-0.185832795197,-0.0288996878371,0.694516247819,2.08266889338,0.694516247819,2.08266889338,0.54356366018,4,0
4810,9.62,2,1.15893888474,0,-14.1999998093,0,0,0.357290994067,0.0361246131081,1.15893888472,-2.52136844313,-0.801647890651,2.55749305623,0.0982495688056,-84.2162557671,-14.2,-0.000362046237075,-0.0333407566341,1.1597117209,-2.33669181106,3.6933207519e-06,-0.000923330187973,1.15934967466,0.357368748253,0.0416470835911,-2.37003256769,0.3618703214,0.0363154184137,-0.797479353259,2.40634798611,-59.1177329461,-14.2,-83.6657824606,0.357290994067,0.0361246131081,-0.801647890651,2.55749305623,-0.801647890651,2.55749305623,-0.452223737748,4,0
4820,9.64,1,-0.913555026054,0,7,0,0,-0.186837688954,-0.0687746293347,-0.913555013302,-1.27493210141,0.726717324348,1.20615747207,-1.28405476658,94.374636852,7,0.000512381114868,0.0471705110327,-0.914647530931,-1.53573345009,-1.60453772025e-06,0.000401134430061,-0.914135149816,-0.186977795094,-0.0712564733264,-1.48856293905,-0.202842268056,-0.0694414867972,0.71129288176,1.41912145226,19.1265745794,7,92.4507530725,-0.186837688954,-0.0687746293347,0.726717324348,1.20615747207,0.726717324348,1.20615747207,0.639829012933,4,0
4820,9.64,2,1.09110593796,0,-16.2000007629,0,0,0.35854711133,0.0859682899422,1.09110594514,-4.12042281323,-0.732558833807,4.20639110318,-0.0960432298714,-67.8728689748,-16.2,-0.000444792932537,-0.0409976566787,1.09205886606,-3.89206734166,2.00567214792e-06,-0.000501418036975,1.09161407313,0.358722244011,0.0890705949281,-3.93306499834,0.362373625015,0.0861277280124,-0.729240448116,4.01919272635,-59.8701088968,-16.2,-67.4128901422,0.35854711133,0.0859682899422,-0.732558833807,4.20639110318,-0.732558833807,4.20639110318,-0.556022062429,4,0
4830,9.66,1,-0.928829431534,0,9,0,0,-0.188361157054,-0.0841357245935,-0.928829406987,-0.328711507974,0.740468249932,0.24457578338,-1.59538583993,91.4110690836,9,0.000600218296586,0.0552529754905,-0.93010884314,-0.634063289883,-2.14834285259e-06,0.000537085713149,-0.929508624843,-0.188532522727,-0.0872940935824,-0.578810314392,-0.207867732975,-0.0849484985903,0.721640891868,0.493861815802,20.3906192045,9,89.0662161031,-0.188361157054,-0.0841357245935,0.740468249932,0.24457578338,0.740468249932,0.24457578338,0.749467140594,4,0
4830,9.66,2,0.98996078968,0,-18,0,0,0.36045144652,0.105169658992,0.989960760539,-5.84469640119,-0.629509314019,5.94986606018,0.0164576171007,-47.0855191303,-18,-0.000574004070093,-0.0529369809511,0.991193302767,-5.54881798624,2.68542856219e-06,-0.000671357140549,0.990619298697,0.360665653618,0.109117620223,-5.60175496719,0.366560490329,0.105424202484,-0.624058808367,5.70717916967,-58.821480465,-18,-46.3511611557,0.36045144652,0.105169658992,-0.629509314019,5.94986606018,-0.629509314019,5.94986606018,-0.717900357507,4,0
4840,9.68,1,-0.92420989275,0,11,0,0,-0.190426059709,-0.12413011123,-0.924209890213,0.696485733362,0.733783830504,-0.820615844593,-2.01060083842,85.3976548007,11,0.000660357308656,0.0606969652363,-0.925609009335,0.364184178998,-2.61530274551e-06,0.000653825686379,-0.924948652026,-0.190678309362,-0.128086303716,0.424881144234,-0.214002261085,-0.125112452954,0.710946390942,-0.549993597189,21.3289659796,11,82.563598927,-0.190426059709,-0.12413011123,0.733783830504,-0.820615844593,0.733783830504,-0.820615844593,0.823455035282,4,0
4840,9.68,2,0.853642821312,0,-18,0,0,0.363032574903,0.155162642206,0.853642814627,-7.60279172448,-0.490610239724,7.75795436669,0.184842694264,-21.6889805617,-18,-0.000719251067897,-0.0662555697471,0.855180246156,-7.23506776016,3.26912842513e-06,-0.000817282106286,0.854460995088,0.363347886976,0.160107882802,-7.30132332991,0.37204594074,0.155538199116,-0.482415054348,7.45686152902,-49.759568456,-18,-20.6054988767,0.363032574903,0.155162642206,-0.490610239724,7.75795436669,-0.490610239724,7.75795436669,-0.898638990743,4,0
4850,9.7,1,-0.898777186871,0,13,0,0,-0.193215581352,-0.148026049181,-0.898777205655,1.73773668601,0.705561624303,-1.88576273519,-0.55914036986,76.6604878649,13,0.000659652195395,0.0605188326286,-0.900164300909,1.41029516189,-3.15990196481e-07,7.89975491202e-05,-0.899504648714,-0.193511873499,-0.148383065754,1.47081399452,-0.204698614511,-0.148504508896,0.694806034204,-1.61931850342,21.9788208762,13,75.2801315873,-0.193215581352,-0.148026049181,0.705561624303,-1.88576273519,0.705561624303,-1.88576273519,0.82121590768,4,0
4850,9.7,2,0.683398783207,0,-16.0475826263,0,0,0.366519477019,0.185032564576,0.68339880556,-9.21496042285,-0.31687932854,9.39999298743,-0.242028129419,7.13837028023,-16.0475818207,-0.000834351051062,-0.0767291284705,0.685170386157,-8.79350975707,3.94987744734e-07,-9.87469361796e-05,0.684336035106,0.366889842208,0.185478835291,-8.87023888554,0.373165172384,0.185309468549,-0.311170862722,9.05554835409,-32.6725213963,-16.0475818207,7.93723824381,0.366519477019,0.185032564576,-0.31687932854,9.39999298743,-0.31687932854,9.39999298743,-1.040896093,4,0
4860,9.72,1,-0.852969110012,0,15,0,0,-0.196363579671,-0.173361684454,-0.852969080337,2.73328788468,0.656605500666,-2.90664956913,-2.17654190864,65.5429550455,15,0.000600714006741,0.0550580773633,-0.854227061754,2.43729566289,-2.68489385905e-06,0.000671223464761,-0.853626347747,-0.196714310346,-0.177379007814,2.49235374025,-0.220685867261,-0.174375113104,0.632940480486,-2.66672885336,22.3954498193,15,62.6192133916,-0.196363579671,-0.173361684454,0.656605500666,-2.90664956913,0.656605500666,-2.90664956913,0.74719974533,4,0
4860,9.72,2,0.484083265066,0,-14.0475816727,0,0,0.370454474979,0.216702108583,0.484083255325,-10.5325595444,-0.113628780345,10.749261653,0.287482801257,38.1756690676,-14.0475818207,-0.000887818469707,-0.0815569941318,0.485959948087,-10.0876984221,3.35611731372e-06,-0.000839029328432,0.485072129617,0.370892888329,0.221723762768,-10.1692554163,0.382051113514,0.217185301855,-0.103021016104,10.3864407181,-15.8190479262,-14.0475818207,39.5696816581,0.370454474979,0.216702108583,-0.113628780345,10.749261653,-0.113628780345,10.749261653,-1.10652978922,4,0
4870,9.74,1,-0.788039922714,0,17,0,0,-0.200214619904,-0.208981303337,-0.788039949186,3.65419528889,0.587825329282,-3.86317659223,-1.50139850455,52.3121328639,17,0.000514488357429,0.0471045789292,-0.789112852719,3.40269741195,-1.39399695467e-06,0.000348499238668,-0.788598364362,-0.200634807543,-0.211139317255,3.44980199088,-0.218023200356,-0.209723327522,0.570575164006,-3.6595253184,22.6078140057,17,50.1713930887,-0.200214619904,-0.208981303337,0.587825329282,-3.86317659223,0.587825329282,-3.86317659223,0.63934127062,4,0
4870,9.74,2,0.262214452028,0,-12.0475816727,0,0,0.375268275329,0.261226632038,0.262214464358,-11.4883612679,0.113053810971,11.7495878999,0.11400977276,70.4965842525,-12.0475818207,-0.000847464258126,-0.0777091099345,0.263991736553,-11.0694050357,1.74249618656e-06,-0.00043562404664,0.263144272295,0.375793509884,0.263924149424,-11.1471141456,0.38498934801,0.261631676733,0.121845075715,11.4087458224,0.175579478903,-12.0475818207,71.6651381977,0.375268275329,0.261226632038,0.113053810971,11.7495878999,0.113053810971,11.7495878999,-1.05454417238,4,0
4880,9.76,1,-0.705847084522,0,18,0,0,-0.204522449259,-0.222302323289,-0.705847084568,4.45766469182,0.501324635309,-4.67996701511,-1.80979970424,37.5503219749,18,0.000386886439569,0.0352798562323,-0.70664122273,4.27391871426,-1.8506887666e-06,0.000462672191651,-0.706254336291,-0.204969723117,-0.225024945722,4.30919857049,-0.223563305769,-0.223095692311,0.482691030522,-4.5322942628,21.648237438,18,35.2614523486,-0.204522449259,-0.222302323289,0.501324635309,-4.67996701511,0.501324635309,-4.67996701511,0.479069922086,4,0
4880,9.76,2,0.0256658624858,0,-10.0475816727,0,0,0.380653062079,0.277877906913,0.0256658621757,-12.0395921632,0.354987199903,12.3174700701,0.22596913354,102.608722796,-10.0475818207,-0.000749492121112,-0.0685646274786,0.0272245827573,-11.6750307101,2.31336094886e-06,-0.000578340237209,0.0264750906362,0.381212154408,0.28128118494,-11.7435953376,0.390275286235,0.278278832919,0.363800195599,12.0218741705,14.7084957821,-10.0475818207,103.765394324,0.380653062079,0.277877906913,0.354987199903,12.3174700701,0.354987199903,12.3174700701,-0.930702395184,4,0
4890,9.78,1,-0.609716653824,0,18,0,0,-0.209293564664,-0.256062355528,-0.609716671021,5.06223757206,0.400423106357,-5.31829992758,-2.14960539022,21.86479145,18,0.00020822790899,0.0188951523166,-0.610134628333,4.96727226038,-2.1498648444e-06,0.000537466211097,-0.609926400424,-0.20980897455,-0.25931734151,4.9861674127,-0.229311578143,-0.256896439423,0.380614822281,-5.24306385212,19.6200317315,18,19.4584594131,-0.209293564664,-0.256062355528,0.400423106357,-5.31829992758,0.400423106357,-5.31829992758,0.256726646694,4,0
4890,9.78,2,-0.21675080061,0,-8.04758167267,0,0,0.38661695639,0.32007794702,-0.216750794058,-12.1159538825,0.603367750448,12.4360318295,0.367282628106,133.499273946,-8.04758182075,-0.000530218092275,-0.0483639740558,-0.215662385865,-11.8639834197,2.68733104175e-06,-0.000671832760443,-0.216192603958,0.387261218753,0.324146679478,-11.9123473938,0.39513551491,0.320432886958,0.611328118868,12.2327802807,27.1759215866,-8.04758182075,134.523275668,0.38661695639,0.32007794702,0.603367750448,12.4360318295,0.603367750448,12.4360318295,-0.656719093958,4,0
4900,9.8,1,-0.540558099747,0,18,0,0,-0.214664332719,-0.27538927667,-0.54055811169,2.13335521722,0.32589377897,-2.40874449389,-1.00213209114,20.4237396089,18,-0.00348681191591,-0.314602866033,-0.533614254058,3.69294726569,-2.55945839217e-07,6.39864598044e-05,-0.537101065974,-0.215215305924,-0.275678561784,3.37834439966,-0.18741827476,-0.274254024255,0.349682791214,-3.65259842391,20.1538114051,18,23.6989428261,-0.214664332719,-0.27538927667,0.32589377897,-2.40874449389,0.32589377897,-2.40874449389,-4.27733530829,4,0
4900,9.8,2,-0.259999990463,0,-6.04758167267,0,0,0.39333041651,0.344236598317,-0.336967597008,-0.878851792473,0.730298013518,1.22308839079,0.0328582092567,85.8528815348,-6.04758182075,-0.0361736933951,-0.278241070934,-0.26,0,3.19932297321e-07,-7.99830743295e-05,-0.296173693395,0.394019133021,0.344598204707,-0.278241070934,0.464712846258,0.347210866223,0.760886539653,0.625451937157,-10.2266966872,-6.04758182075,94.4336444442,0.39333041651,0.344236598317,0.730298013518,1.22308839079,0.730298013518,1.22308839079,-8.5479047001,4,4
4910,9.82,1,-0.500667512417,0,18,0,0,-0.220321135746,-0.295363548485,-0.500667540375,2.14856031581,0.280346404629,-2.4439238643,-2.29532134876,20.8112939094,18,-0.000503014127762,-0.0439571932535,-0.499831236583,2.30664962206,-2.06728567145e-06,0.000516821417865,-0.500334250711,-0.220914954314,-0.298459748474,2.26269242881,-0.234424991513,-0.295951209142,0.265909259198,-2.55864363795,20.7140305594,18,19.1158929141,-0.220321135746,-0.295363548485,0.280346404629,-2.4439238643,0.280346404629,-2.4439238643,-0.599920353439,4,0
4910,9.82,2,-0.259999990463,0,-4.04758167267,0,0,0.400401420341,0.369204437934,-0.320151961925,1.41309311067,0.720553382266,-1.04388867273,0.458597929156,80.0258659534,-4.04758182075,-0.0293277357488,0.134495091515,-0.26,0.783035901886,2.58410707232e-06,-0.000646026768078,-0.289327735749,0.401143693556,0.373074687895,0.917530993401,0.425922536005,0.370267817754,0.715250271754,-0.547263175647,-7.10366966751,-4.04758182075,83.0937167322,0.400401420341,0.369204437934,0.720553382266,-1.04388867273,0.720553382266,-1.04388867273,-2.60925284964,4,4
4920,9.84,1,-0.44899263978,0,16.2000007629,0,0,-0.226519395171,-0.322113091699,-0.448992633467,2.95639366448,0.222473238296,-3.27850675618,-1.77987733621,11.2526698677,16.2,0.000406199284259,0.0375782857472,-0.449881463166,2.74071549807,-1.0028548266e-06,0.000250713706648,-0.449475263881,-0.22716522627,-0.323667690819,2.77829378382,-0.245563910627,-0.322906613176,0.203911353254,-3.10120039699,17.6385240419,16.2,8.96336040555,-0.226519395171,-0.322113091699,0.222473238296,-3.27850675618,0.222473238296,-3.27850675618,0.5094321259,4,0
4920,9.84,2,-0.259999990463,0,-2.04758191109,0,0,0.408149244667,0.402641366711,-0.29423091411,1.09944182955,0.702380158777,-0.696800462841,0.328499967667,78.1214728403,-2.04758182075,-0.0168479096814,-0.0182448228692,-0.26,1.23652332588,1.25356852287e-06,-0.000313392130713,-0.276847909681,0.408956533545,0.404584615595,1.21827850301,0.43288577294,0.403672055389,0.709733682622,-0.814606447619,-0.479893908681,-2.04758182075,81.0950096765,0.408149244667,0.402641366711,0.702380158777,-0.696800462841,0.702380158777,-0.696800462841,-2.64503686856,4,4
4930,9.86,1,-0.38139256835,0,14.1999998093,0,0,-0.233053478498,-0.331668211661,-0.381392571126,3.70165735094,0.148339092627,-4.0333255626,-2.04528599029,-1.40107050496,14.2,0.000454940898076,0.041655272794,-0.382342184623,3.47890098197,-1.31326592664e-06,0.000328316481661,-0.381887243725,-0.233718713308,-0.333602354112,3.52055625476,-0.254771280258,-0.332573120067,0.127115963467,-3.85312937483,13.867901511,14.2,-4.01173125809,-0.233053478498,-0.331668211661,0.148339092627,-4.0333255626,0.148339092627,-4.0333255626,0.56537476285,4,0
4930,9.86,2,-0.259999990463,0,-0.0475818216801,0,0,0.416316848867,0.414585266565,-0.277694238682,0.625119951503,0.694011087549,-0.210534684938,0.425491275363,79.9632391599,-0.0475818207455,-0.00873939958207,-0.0527147882425,-0.26,0.916002185598,1.64158239424e-06,-0.000410395598555,-0.268739399582,0.417148392383,0.417002944608,0.863287397355,0.435587911112,0.415388227492,0.704327310694,-0.447899169864,8.82349533993,-0.0475818207455,82.279781434,0.416316848867,0.414585266565,0.694011087549,-0.210534684938,0.694011087549,-0.210534684938,-1.89105099873,4,4
4940,9.88,1,-0.307514041662,0,12.1999998093,0,0,-0.239912677655,-0.354820057979,-0.307514053972,3.72415862196,0.0676013763167,-4.07897867994,-2.26552371221,-12.5203416682,12.2,-0.000157116363552,-0.0138271224784,-0.307229164415,3.78244187309,-1.40589798459e-06,0.000351474496143,-0.307386280778,-0.240624473074,-0.356952132876,3.76861475061,-0.257190793311,-0.355539979464,0.0501954874673,-4.12415473008,10.4654166933,12.2,-14.5973151543,-0.239912677655,-0.354820057979,0.0676013763167,-4.07897867994,0.0676013763167,-4.07897867994,-0.188550226092,4,0
4940,9.88,2,-0.259999990463,0,1.95241820812,0,0,0.42489084785,0.443525074188,-0.268755785165,0.3395316398,0.693646633015,0.103993434388,0.521497040795,82.054543984,1.95241817925,-0.00434389045738,-0.0543626565513,-0.26,0.628612653306,1.75737246183e-06,-0.000439343115455,-0.264343890457,0.425780592127,0.446190167782,0.574249996755,0.439859603304,0.444148772332,0.704203493762,-0.130101224423,17.9137056865,1.95241817925,83.8539131293,0.42489084785,0.443525074188,0.693646633015,0.103993434388,0.693646633015,0.103993434388,-1.27787210448,4,4
4950,9.9,1,-0.230058699846,0,10.1999998093,0,0,-0.247168874225,-0.367074034108,-0.230058706507,3.98594973527,-0.0171101677178,-4.35302376938,-1.5705348712,-23.6559819205,10.2,7.99874409307e-05,0.00725105491736,-0.230223310421,3.94825806521,-1.62742035736e-07,4.06855089352e-05,-0.23014332298,-0.24790314633,-0.367258108997,3.95550912013,-0.261053649726,-0.367652566421,-0.0309103267459,-4.32316168655,7.06879895642,10.2,-25.3250476422,-0.247168874225,-0.367074034108,-0.0171101677178,-4.35302376938,-0.0171101677178,-4.35302376938,0.0985308505024,4,0
4950,9.9,2,-0.259999990463,0,3.95241808891,0,0,0.433961093594,0.458842544172,-0.261711708365,0.418648498589,0.695672801959,0.0401940455829,0.32290580636,82.8764375908,3.95241817925,-0.00106201140718,-0.0350202317737,-0.26,0.599129777817,2.03427542311e-07,-5.08568855731e-05,-0.261062011407,0.434878933729,0.459072637781,0.564109546043,0.441415470553,0.459153143212,0.702477481961,-0.104956402832,25.9041636487,3.95241817925,83.7725158211,0.433961093594,0.458842544172,0.695672801959,0.0401940455829,0.695672801959,0.0401940455829,-0.573172423919,4,4
4960,9.92,1,-0.149132072926,0,8.19999980927,0,0,-0.254601606374,-0.379099145774,-0.149132080033,4.06200457202,-0.105469526341,-4.44110371779,-2.37177534151,-34.9936019254,8.2,-3.9605639277e-05,-0.00385975288094,-0.149027670166,4.09065705856,-1.18184719355e-06,0.000295461798383,-0.149067275805,-0.255361579782,-0.380873089566,4.08679730567,-0.273899395724,-0.37990322033,-0.124832119919,-4.466700526,3.66156556711,8.2,-37.3133570203,-0.254601606374,-0.379099145774,-0.105469526341,-4.44110371779,-0.105469526341,-4.44110371779,-0.0520202466271,4,0
4960,9.92,2,-0.249349802732,0,5.95241832733,0,0,0.443252008809,0.473873933557,-0.249349805772,0.825324906955,0.692601814581,-0.351450973398,0.589763298437,80.9916315889,5.95241817925,-0.000190214167556,-0.0172315132347,-0.248971198259,0.910701238672,1.47730897015e-06,-0.000369327242541,-0.249161412427,0.444201975572,0.476091363264,0.893469725437,0.45010621163,0.474159525341,0.699267624057,-0.419310200096,32.4172582825,5.95241817925,81.8155638863,0.443252008809,0.473873933557,0.692601814581,-0.351450973398,0.692601814581,-0.351450973398,-0.234168998945,4,0
4970,9.94,1,-0.0690666660666,0,6.19999980927,0,0,-0.262344060211,-0.393513036198,-0.0690666693238,3.92505138811,-0.193277390888,-4.31856442431,-2.08258313258,-45.2533682967,6.2,-0.000195479763275,-0.0181560166888,-0.068634672688,4.03098285359,-4.8178633999e-07,0.000120446584992,-0.0688301524512,-0.263131863156,-0.394262812104,4.01282683691,-0.277622217686,-0.394149626093,-0.208792065235,-4.406976463,0.474624506128,6.2,-47.0899301431,-0.262344060211,-0.393513036198,-0.193277390888,-4.31856442431,-0.193277390888,-4.31856442431,-0.246021286177,4,0
4970,9.94,2,-0.225814133883,0,7.95241832733,0,0,0.45293007613,0.491891296287,-0.225814126698,1.50122026174,0.678744202828,-1.00932896545,0.519922106256,76.3905954845,7.95241817925,-2.55405045625e-05,-0.00213621971702,-0.225780080976,1.50556516177,6.02232912428e-07,-0.000150558228101,-0.225805621481,0.453914829813,0.492828516149,1.50342894205,0.457499098596,0.492081672223,0.683304720076,-1.01134726983,37.6443184625,7.95241817925,76.93983006,0.45293007613,0.491891296287,0.678744202828,-1.00932896545,0.678744202828,-1.00932896545,-0.0293124692613,4,0
4980,9.96,1,0.0061417017132,0,4.19999980927,0,0,-0.270257864564,-0.398064328297,0.00614170150681,3.59925780085,-0.27639956607,-3.99732212915,-2.27035796851,-53.917897915,4.2,-0.000334331617027,-0.0308795279237,0.00686418689007,3.77348950656,-6.05700953338e-07,0.000151425238333,0.00652985527304,-0.271054874832,-0.398959410045,3.74260997864,-0.285661620936,-0.398706151479,-0.292191476209,-4.14131613011,-2.4300075739,4.2,-55.7695577956,-0.270257864564,-0.398064328297,-0.27639956607,-3.99732212915,-0.27639956607,-3.99732212915,-0.418698087937,4,0
4980,9.96,2,-0.18621622026,0,9.95241832733,0,0,0.46282233159,0.49758041129,-0.186216215752,2.40237037498,0.649038547342,-1.90478996369,0.58938623616,68.6553758951,9.95241817925,0.000117926013361,0.01101454443,-0.18648268155,2.33598077886,7.571261747e-07,-0.000189281543675,-0.186364755536,0.463818594428,0.498699263451,2.34699532329,0.466484559864,0.497733004135,0.6528493154,-1.84926231915,41.6957732946,9.95241817925,69.0956062522,0.46282233159,0.49758041129,0.649038547342,-1.90478996369,0.649038547342,-1.90478996369,0.149155879084,4,0
4990,9.98,1,0.0729940161109,0,2.20000004768,0,0,-0.278316493655,-0.407608516582,0.0729940182914,3.1101488898,-0.351310511946,-3.51775740638,-2.34221237927,-60.7591532682,2.2,-0.000452126925629,-0.041666813384,0.0739622953092,3.34204906152,-4.79787906404e-07,0.000119946976605,0.0735101683836,-0.279132456885,-0.408341456239,3.30038224813,-0.293100030637,-0.40822449729,-0.36661019902,-3.70860674542,-5.01834842242,2.2,-62.5362576096,-0.278316493655,-0.407608516582,-0.351310511946,-3.51775740638,-0.351310511946,-3.51775740638,-0.565108037898,4,0
4990,9.98,2,-0.126471966505,0,11.9524183273,0,0,0.472895617969,0.509510646325,-0.126471959176,3.49128881898,0.599367577145,-2.98177817266,0.627631344319,57.5828008645,11.9524181793,0.000245306831121,0.0226932880755,-0.127005481887,3.36199621795,5.99734861384e-07,-0.00014993371535,-0.126760175055,0.473915572009,0.510426820863,3.38468950602,0.475557560739,0.509621560607,0.602317735794,-2.87506794542,44.6459539745,11.9524181793,57.9027885682,0.472895617969,0.509510646325,0.599367577145,-2.98177817266,0.599367577145,-2.98177817266,0.307643640588,4,0
