cycle,t,joint_id,motor_q,motor_dq,motor_tau,motor_kp,motor_kd,q_ref_shaped,dq_ref_shaped,q_actual,dq_actual,q_error_raw,dq_error_raw,u_star,u_feedback,u_t,eta_q,eta_dq,x_hat_q,x_hat_dq,rho_q,rho_dq,x_bar_q,q_ref_shaped_next,dq_ref_shaped_next,x_bar_dq,r_d_q,r_d_dq,e_q,e_dq,observer_qacc,observer_tau_applied,u_raw,q_ref_raw,dq_ref_raw,q_error_raw2,dq_error_raw2,q_error_shaped,dq_error_shaped,eta_u,flags,joint_flags
0,0,1,-0.414400011301,0,0.20000000298,0,0,-0.4144,0,-0.4144,0,0,-0.000596700463356,-3.76504506842,0,0.2,-0.4144,0,0,0,-2.05735428693e-12,5.14335262627e-10,-0.4144,-0.414400000002,-2.32626813238e-09,0,-0.404352818593,0.000418632558605,0.0100471814065,0.000418632558605,3.94498265864,0.2,1.20775493158,-0.4144,-0.000596700463356,0,-0.000596700463356,0,0,-4.9728,4,0
0,0,2,0.643000006676,0,-0.20000000298,0,0,0.643,0,0.643,0,0,0.000745872260646,0.807493368248,0,-0.2,0.643,0,0,0,2.57160959194e-12,-6.42905513529e-10,0.643,0.643000000002,2.90782222792e-09,0,0.585528887639,-0.00239462968172,-0.0574711123612,-0.00239462968172,-4.02758156744,-0.2,-6.90850663175,0.643,0.000745872260646,0,0.000745872260646,0,0,7.716,4,0
10,0.02,1,-0.414727628231,0,-1.79999995232,0,0,-0.414400000327,2.50388597634e-08,-0.41472764236,-0.0481524970694,0.000325179180328,0.0485868950067,-3.76503108757,0.16401555501,-1.8,-7.0826268219e-05,-0.0131500696777,-0.414626566269,-0.0125156032351,2.13670747762e-11,-5.34177393538e-09,-0.414697392537,-0.414400000246,5.63492049257e-08,-0.0256656729128,-0.445604418512,-0.00130015905219,-0.0309070259747,0.0243655138606,1.98522570687,-1.8,-3.58701554766,-0.41440246318,0.000434397937324,0.000325179180328,0.0485868950067,0.000327642032876,0.0481525221082,-0.0139999848964,4,0
10,0.02,2,0.643571555614,0,0.456900924444,0,0,0.643000000409,-3.12984354504e-08,0.64357152958,0.0778652559348,-0.000568450619281,-0.0784082509406,0.807488995555,-0.335995941358,0.456900918345,7.39356323432e-05,0.0137049082642,0.643465742489,0.0405419836056,-2.67087463257e-11,6.67718928406e-09,0.643539678121,0.643000000308,-7.04361927704e-08,0.0542468918699,0.649596022812,0.000274802968359,0.00605634469044,-0.0539720889015,-1.62825354555,0.456900918345,0.456900918345,0.643003078961,-0.000542995005749,-0.000568450619281,-0.0784082509406,-0.000571529171269,-0.0778652872333,0.0145921358524,4,0
20,0.04,1,-0.416929662228,0,-2.74198293686,0,0,-0.414399997759,3.83562947459e-08,-0.41692965863,-0.164630770364,0.00253389759059,0.164492335857,-3.76508231777,1.00780998549,-2.74198283504,-7.61772767261e-05,-0.0143753699221,-0.416823040112,-0.127205317704,-6.35007602057e-11,1.58751939653e-08,-0.416899217389,-0.414399997771,-5.3598054414e-08,-0.141580687626,-0.445594114811,-0.00129971652084,-0.0286948974214,0.140280971105,1.1972959727,-2.74198283504,-2.74198283504,-0.41439576104,-0.000138434507498,0.00253389759059,0.164492335857,0.00252966087118,0.164630808721,-0.0152894972428,4,0
20,0.04,2,0.646221637726,0,-0.305140286684,0,0,0.642999997199,-4.79451551097e-08,0.646221617766,0.167612326315,-0.00322691644207,-0.167439283951,0.807504918592,-1.09597324376,-0.30514027772,8.29343931163e-05,0.0156767398347,0.646105815134,0.126987805106,7.93756171902e-11,-1.98439139138e-08,0.646188749527,0.642999997214,6.69972699349e-08,0.14266454494,0.649578850296,0.000274070933888,0.00339010076927,-0.142390474006,-5.076446151,-0.30514027772,-0.30514027772,0.642994701323,0.000173042364471,-0.00322691644207,-0.167439283951,-0.00322162056637,-0.167612374261,0.0166719525521,4,0
30,0.06,1,-0.421137571335,0,-1.83180379868,0,0,-0.414399972952,9.98840577442e-06,-0.421137559808,-0.238342882755,0.00676040428034,0.246022699008,-3.76276339311,1.92078483732,-1.83180383047,-5.06541146351e-05,-0.00956687594327,-0.42106649831,-0.213367795772,3.79151715579e-09,-9.47879284879e-07,-0.421117152425,-0.414399947731,1.54540247282e-05,-0.222934671715,-0.445617348351,-0.0012907355692,-0.0245001959267,0.221643936146,2.24881361546,-1.83180383047,-1.83180383047,-0.414377155527,0.00767981625359,0.00676040428034,0.246022699008,0.00673758685549,0.23835287116,-0.0101747253189,4,0
30,0.06,2,0.6496104002,0,-0.706137597561,0,0,0.64299996619,-1.24855124484e-05,0.649610389475,0.157511210118,-0.00663894509912,-0.167110983753,0.806774129055,-1.50278551887,-0.706137590903,5.0243944938e-05,0.00952327375028,0.649540170196,0.132850593691,-4.73939687495e-09,1.18484921167e-06,0.649590414141,0.642999934664,-1.93175367157e-05,0.142373867441,0.649627193321,0.000263648951318,3.67791795646e-05,-0.14211021849,-6.74040658205,-0.706137590903,-0.706137590903,0.642971444376,-0.00959977363577,-0.00663894509912,-0.167110983753,-0.0066104232849,-0.15752369563,0.0101262010895,4,0
40,0.08,1,-0.426237761974,0,-1.07274520397,0,0,-0.41439880784,0.000131973284938,-0.426237773495,-0.263221177768,0.0124067128322,0.312108573808,-3.756392538,2.67591924983,-1.07274524651,-3.86607687264e-05,-0.00726411243742,-0.426183238469,-0.244033570698,1.37005730649e-08,-3.42514326038e-06,-0.426221899238,-0.414398523762,0.00015231472383,-0.251297683135,-0.445583538486,-0.00116739049196,-0.0193616392477,0.250130292643,3.11082728279,-1.07274524651,-1.07274524651,-0.413831060663,0.04888739604,0.0124067128322,0.312108573808,0.0118389656548,0.263353151053,-0.00772804166214,4,0
40,0.08,2,0.652096509933,0,-0.709356784821,0,0,0.6429985098,-0.000164966618242,0.65209652237,0.0936483437296,-0.00980769664062,-0.154757592077,0.80467656856,-1.5072017675,-0.709356805367,3.40512535326e-05,0.00642299138936,0.652048685716,0.0768309434304,-1.71257168446e-08,4.28142920167e-06,0.652082736969,0.642998154702,-0.00019039341767,0.0832539348198,0.649635694927,0.000111582762045,-0.00244704204232,-0.0831423520577,-6.56239991122,-0.709356805367,-0.709356805367,0.642288825729,-0.061109248347,-0.00980769664062,-0.154757592077,-0.00909801256958,-0.0938133103479,0.00683160643176,4,0
50,0.1,1,-0.431505292654,0,-0.446048408747,0,0,-0.414393912006,0.000361395321284,-0.431505301373,-0.260465307729,0.018973208684,0.3344143413,-3.7550228297,3.30212719129,-0.446048410514,-3.43966620888e-05,-0.00643446795113,-0.431456558797,-0.243300532109,1.56463250689e-08,-3.91158126947e-06,-0.431490955459,-0.414393166793,0.000384341164443,-0.249735000061,-0.445574575591,-0.000937798994764,-0.014083620132,0.248797201066,3.81379641106,-0.446048410514,-0.446048410514,-0.412532092689,0.0739490335709,0.018973208684,0.3344143413,0.0171113893676,0.260826703051,-0.00684722789619,4,0
50,0.1,2,0.653197109699,0,-0.509538352489,0,0,0.642992390007,-0.000451744172879,0.653197119364,0.024945172583,-0.0125320036676,-0.117381467812,0.804030697674,-1.30814346686,-0.509538366742,2.71781276134e-05,0.0050994600207,0.653158726202,0.0114331454271,-1.95579069606e-08,4.88947675166e-06,0.65318590433,0.642991458491,-0.000480426477885,0.0165326054478,0.649635898639,-0.000174931313218,-0.00355000569114,-0.016707536761,-5.51698997977,-0.509538366742,-0.509538366742,0.640665115697,-0.0924362952289,-0.0125320036676,-0.117381467812,-0.0102047293577,-0.0253969167558,0.00542559755206,4,0
60,0.12,1,-0.436528414488,0,0.0813377350569,0,0,-0.414383438341,0.000743140342969,-0.436528419472,-0.241629139204,0.0256732951802,0.34241978317,-3.74032745742,3.81499759795,0.0813377378546,-3.35527022466e-05,-0.00626496489516,-0.43648078682,-0.224849785997,3.81673597727e-08,-9.54183993962e-06,-0.436514339522,-0.41438189584,0.000799875677585,-0.231114750892,-0.445443347056,-0.000551022520149,-0.00892900753339,0.230563728372,4.39710588856,0.0813377378546,0.0813377378546,-0.410855124292,0.100790643966,0.0256732951802,0.34241978317,0.0221449811317,0.242372279547,-0.00666759732212,4,0
60,0.12,2,0.653087615967,0,-0.247910171747,0,0,0.642979297925,-0.000928925461417,0.653087609974,-0.0272620357682,-0.014518704839,-0.0987262724094,0.799091199588,-1.04214582157,-0.247910171893,2.43806503817e-05,0.00456298210678,0.653053083213,-0.0394187257898,-4.77092004791e-08,1.1927300112e-05,0.653077463864,0.642977369799,-0.000999844630927,-0.0348557436831,0.649586457575,-0.000653627142639,-0.00349100628829,0.0342021165404,-4.26368932319,-0.247910171893,-0.247910171893,0.638568905135,-0.125988308178,-0.014518704839,-0.0987262724094,-0.0101083120495,0.0263331103068,0.00485554991136,4,0
70,0.14,1,-0.441055476665,0,0.492661297321,0,0,-0.414362188145,0.0014127915177,-0.441055469575,-0.212699053527,0.032628836438,0.351922480941,-3.73252016037,4.21840186843,0.492661305604,-3.4146075309e-05,-0.00636984464077,-0.44100694916,-0.195603967369,4.85248902171e-08,-1.21312225526e-05,-0.441041095235,-0.414359289605,0.00148566359262,-0.20197381201,-0.445356217091,0.000121373644972,-0.00431512185557,0.202095185655,4.84676017078,0.492661305604,0.492661305604,-0.408426633137,0.139223427414,0.032628836438,0.351922480941,0.0266932814297,0.214111845045,-0.00677959754448,4,0
70,0.14,2,0.652170240879,0,0.00337163521908,0,0,0.64295273518,-0.00176598944303,0.652170253542,-0.05784375136,-0.0166369624142,-0.116185536034,0.796014724292,-0.787997445036,0.00337163531671,2.33635277055e-05,0.00436528160656,0.652137109586,-0.0695174924667,-6.06561136873e-08,1.51640284253e-05,0.652160473114,0.642949112005,-0.0018570795381,-0.0651522108602,0.649536048153,-0.0014916847358,-0.00262442496088,0.0636605261244,-3.12132271216,0.00337163531671,0.00337163531671,0.635533291128,-0.174029287394,-0.0166369624142,-0.116185536034,-0.00921751836221,0.056077761917,0.00464564393902,4,0
80,0.16,1,-0.444933533669,0,0.802146553993,0,0,-0.414326766076,0.0021645662603,-0.444933533637,-0.177769862727,0.0394320249229,0.331600698635,-3.72043608636,4.51560363244,0.802146565854,-3.51356531315e-05,-0.00655739193223,-0.444883633406,-0.160190696707,6.65466020622e-08,-1.66366505133e-05,-0.444918769059,-0.414322339094,0.00226340067906,-0.166748088639,-0.445218609957,0.00087740609857,-0.000299840898604,0.167625494737,5.17901786193,0.802146565854,0.802146565854,-0.405501508714,0.153830835908,0.0394320249229,0.331600698635,0.0306067675609,0.179934428987,-0.00697901976981,4,0
80,0.16,2,0.650865972042,0,0.199372813106,0,0,0.642908457592,-0.00270570788664,0.650865983055,-0.0687656589428,-0.0189890975186,-0.123522889024,0.791518042098,-0.587573658544,0.199372814557,2.29782217918e-05,0.00429583033536,0.650833408389,-0.0802371029759,-8.31832536186e-08,2.0795813411e-05,0.650856386611,0.642902923865,-0.00282925091168,-0.0759412726405,0.649454979379,-0.00243293614553,-0.00140140723265,0.073508336495,-2.27086700226,0.199372814557,0.199372814557,0.631876885537,-0.192288547967,-0.0189890975186,-0.123522889024,-0.00795752546343,0.0660599510562,0.00457156899686,4,0
90,0.18,1,-0.44806137681,0,1.01212882996,0,0,-0.414272106578,0.0033759382974,-0.448061362501,-0.138433757137,0.04599676202,0.329840511729,-3.7007205598,4.70573811258,1.01212888863,-3.58113073602e-05,-0.00668160015657,-0.448010486269,-0.120509500107,9.41067424542e-08,-2.35266856184e-05,-0.448046297576,-0.414265214144,0.00351679718186,-0.127191100263,-0.444998838423,0.00209565780383,0.00304745915249,0.129286758067,5.39643225309,1.01212888863,1.01212888863,-0.402064600481,0.191406754591,0.04599676202,0.329840511729,0.0337892559227,0.141809695435,-0.00711133584489,4,0
90,0.18,2,0.649495661259,0,0.330073475838,0,0,0.642840133218,-0.0042199229492,0.649495672398,-0.0667702331087,-0.0219149222136,-0.172488213075,0.784198595932,-0.449666664267,0.330073461812,2.24302268495e-05,0.004189307131,0.649463839395,-0.0779831709305,-1.1763342922e-07,2.94083573017e-05,0.649486269622,0.642831517675,-0.00439599655643,-0.0737938637995,0.64932670619,-0.00394964907534,-0.000159563431743,0.0698442147242,-1.73196312995,0.330073461812,0.330073461812,0.627580750185,-0.239258446184,-0.0219149222136,-0.172488213075,-0.00665553918038,0.0625503101595,0.00445846985319,4,0
100,0.2,1,-0.450381934643,0,1.10051214695,0,0,-0.414190450859,0.00476614833566,-0.450381919922,-0.09777092236,0.0524290908517,0.311211360554,-3.70260737656,4.79579285294,1.10051210379,-3.69096174704e-05,-0.00688371200532,-0.45032945932,-0.0792866763751,8.79697959477e-08,-2.19924489916e-05,-0.450366368937,-0.414180789949,0.0048964323934,-0.0861703883804,-0.444931087941,0.00348528845728,0.00543528099671,0.0896556768377,5.47902541386,1.10051210379,1.10051210379,-0.39795282907,0.213440438194,0.0524290908517,0.311211360554,0.0361914690625,0.102537070696,-0.00732662741497,4,0
100,0.2,2,0.648263990879,0,0.404481500387,0,0,0.642738063568,-0.00595768551474,0.648264004279,-0.0563184228347,-0.0258229684146,-0.210482127751,0.783407835771,-0.374410993334,0.404481490312,2.27458973799e-05,0.004242401356,0.648231673441,-0.0677104266844,-1.09962246198e-07,2.74905615561e-05,0.648254419338,0.64272598743,-0.00612054058887,-0.0634680253284,0.649217585096,-0.00568770545109,0.000963165757715,0.0577803198773,-1.45330759083,0.404481490312,0.404481490312,0.622441035864,-0.266800550586,-0.0258229684146,-0.210482127751,-0.00552594071068,0.05036073732,0.00451535212455,4,0
110,0.22,1,-0.451893568039,0,1.13851904869,0,0,-0.414079488982,0.00646855306282,-0.451893577082,-0.0574443469563,0.0583811318369,0.29399036574,-3.66560112135,4.79668975665,1.13851902837,-3.7408042139e-05,-0.00698149657579,-0.451840447322,-0.0387271085196,1.40796084458e-07,-3.51990211151e-05,-0.451877855364,-0.414066342436,0.00667887005335,-0.0457086050954,-0.444511411852,0.00520055627659,0.00736644351261,0.050909161372,5.499678824,1.13851902837,1.13851902837,-0.393512445245,0.236546018784,0.0583811318369,0.29399036574,0.0378140880996,0.0639129000191,-0.00743039308145,4,0
110,0.22,2,0.647287130356,0,0.413280278444,0,0,0.642599361219,-0.00808569144232,0.647287150457,-0.0427879413051,-0.0303965944303,-0.2528945849,0.770198170462,-0.352423271859,0.413280284918,2.26206410541e-05,0.00422316599278,0.647255030898,-0.0541031707433,-1.7599510671e-07,4.39987766857e-05,0.647277651539,0.642582928037,-0.00834858768225,-0.0498800047505,0.648969165505,-0.00782028293044,0.00169151396514,0.0420597218201,-1.45462545112,0.413280284918,0.413280284918,0.616890556026,-0.295682526205,-0.0303965944303,-0.2528945849,-0.00468778923726,0.0347022498627,0.00449461368543,4,0
120,0.24,1,-0.452614456415,0,1.07132399082,0,0,-0.413928100785,0.00869964298835,-0.452614442644,-0.0191152913835,0.0641772075617,0.287486989915,-3.65547762061,4.71918202718,1.07132399815,-3.83837452978e-05,-0.00715898664248,-0.452559888951,0.000106350075622,1.48502256714e-07,-3.71255641825e-05,-0.452598272697,-0.413910477699,0.00892291974876,-0.00705263656685,-0.444274233435,0.00743522079458,0.00832403926121,0.0144878573614,5.40536805378,1.07132399815,1.07132399815,-0.388437235083,0.268371698532,0.0641772075617,0.287486989915,0.0386863418594,0.0278149343718,-0.00761959158605,4,0
120,0.24,2,0.646576046944,0,0.39245018363,0,0,0.64241012597,-0.0108745538671,0.646576032064,-0.0296893746221,-0.0360294887929,-0.305775251072,0.764819550209,-0.367719678169,0.392450193264,2.34410835776e-05,0.0043683857732,0.64654268176,-0.0414429289528,-1.85627822225e-07,4.64069555479e-05,0.646566122843,0.642388097113,-0.0111536498195,-0.0370745431796,0.648733896131,-0.0106110634437,0.0021677732882,0.0264634797359,-1.57609924771,0.392450193264,0.392450193264,0.610546543271,-0.335464625694,-0.0360294887929,-0.305775251072,-0.00416590609371,0.018814820755,0.00464967877613,4,0
130,0.26,1,-0.4526219666,0,0.960816204548,0,0,-0.413732430538,0.0109236037007,-0.452621955766,0.0142664671178,0.0696644997834,0.265785604183,-3.63313284689,4.58609586336,0.960816197948,-3.95233909769e-05,-0.00737890078872,-0.452565841588,0.0340337583968,1.77442845473e-07,-4.43607113694e-05,-0.452605364979,-0.413710320472,0.0111881151322,0.026654857608,-0.443890736247,0.00966700762949,0.00871462873201,-0.0169878499785,5.26199075603,0.960816197948,0.960816197948,-0.382957455982,0.280052071301,0.0696644997834,0.265785604183,0.0388895252276,-0.00334286341708,-0.00785318148045,4,0
130,0.26,2,0.646121382713,0,0.335365504026,0,0,0.642165538159,-0.0136545047778,0.646121412474,-0.0175127675241,-0.0424245931285,-0.332552324048,0.755606227126,-0.415318733173,0.335365503619,2.47731454169e-05,0.00462471258937,0.646086232147,-0.0299066819413,-2.21803558076e-07,5.54508895166e-05,0.646111005293,0.642137900576,-0.0139851440691,-0.0252819693519,0.648410398361,-0.0133943022694,0.00229939306839,0.0118876670825,-1.84313603917,0.335365503619,0.335365503619,0.603696819346,-0.350065091572,-0.0424245931285,-0.332552324048,-0.00395587431536,0.00385826274633,0.00492199033437,4,0
140,0.28,1,-0.452007591724,0,0.814861893654,0,0,-0.413485266748,0.0138929305967,-0.452007587212,0.043379812758,0.0749325790402,0.26574831172,-3.60312283996,4.40999329508,0.8148618909,-4.02502945125e-05,-0.00750843225108,-0.451950391244,0.0635316987912,2.13160718743e-07,-5.32901796829e-05,-0.451990641538,-0.413457161387,0.0142125512021,0.0560232665401,-0.443392772364,0.0126467845294,0.00859786917461,-0.0433764820106,5.07816511163,0.8148618909,0.8148618909,-0.377075008172,0.309128124478,0.0749325790402,0.26574831172,0.0385223204638,-0.0294868821613,-0.00799143578523,4,0
140,0.28,2,0.645861506462,0,0.262100100517,0,0,0.641856583419,-0.0173661634149,0.645861534482,-0.00987767271516,-0.0495177749454,-0.376532485093,0.743262680627,-0.476042998252,0.26210009759,2.58145100144e-05,0.00480981066506,0.645824800632,-0.0228241357862,-2.66450899455e-07,6.66127248641e-05,0.645850615142,0.641821451717,-0.0177656891732,-0.0180143251212,0.647997115239,-0.0171103079224,0.00214650009664,0.000904017198731,-2.16032303783,0.26210009759,0.26210009759,0.596343759536,-0.386410157808,-0.0495177749454,-0.376532485093,-0.00400495106296,-0.00748849069978,0.00511958478523,4,0
150,0.3,1,-0.450881004333,0,0.612936973572,0,0,-0.413175927921,0.0169768537193,-0.450881005867,0.0657145646149,0.0801978658416,0.259564682668,-3.60838620851,4.21302134051,0.612936996044,-4.18327738257e-05,-0.00779987075046,-0.450821532077,0.0866709426803,1.94223461203e-07,-4.8555865299e-05,-0.45086336485,-0.413141688091,0.0172655823671,0.0788710719299,-0.443124636506,0.0157289908616,0.00773872834488,-0.0631420810683,4.83730611242,0.612936996044,0.612936996044,-0.370683140026,0.325279247283,0.0801978658416,0.259564682668,0.0377050779467,-0.0487377108956,-0.00830186403637,4,0
150,0.3,2,0.645722687244,0,0.189292415977,0,0,0.641469909881,-0.0212210673364,0.645722689686,-0.00473035298839,-0.0573687653745,-0.40186870817,0.741730000184,-0.546857964328,0.189292408953,2.81612402841e-05,0.00524169201933,0.645682575227,-0.0188710045749,-2.42779327975e-07,6.06948319921e-05,0.645710736468,0.641427110093,-0.0215819781483,-0.0136293125556,0.647593864459,-0.0209659025623,0.00188312799155,-0.00733659000665,-2.46635672487,0.189292408953,0.189292408953,0.588353924312,-0.406599061158,-0.0573687653745,-0.40186870817,-0.00425277980536,-0.016490714348,0.00557962690273,4,0
160,0.32,1,-0.449380487204,0,0.466502964497,0,0,-0.412803745695,0.0204272592682,-0.449380482142,0.0820275976149,0.0853258607947,0.259627722367,-3.55460225963,4.01269958541,0.466502971623,-4.23164319007e-05,-0.00789784865655,-0.449320382861,0.103200077198,2.63778923926e-07,-6.59447309875e-05,-0.449362699293,-0.412762497271,0.0208220464436,0.0953022285413,-0.442304168132,0.019198075,0.00705853116108,-0.0761041535413,4.65232794472,0.466502971623,0.466502971623,-0.364054621347,0.341655319982,0.0853258607947,0.259627722367,0.0365767364465,-0.0616003383466,-0.00840564583936,4,0
160,0.32,2,0.645651102066,0,0.0956783369184,0,0,0.641004682095,-0.0255340742898,0.645651083141,-0.00357327223281,-0.065582807218,-0.423495879622,0.721427600708,-0.61995064171,0.0956783354909,2.92161829992e-05,0.00544802931139,0.645609545933,-0.0182098957659,-3.29723655823e-07,8.24309139495e-05,0.645638762116,0.640953121564,-0.0260275582603,-0.0127618664545,0.64695792142,-0.0252860226512,0.00131915930395,-0.0125241561967,-2.84274444841,0.0956783354909,0.0956783354909,0.580068275923,-0.427069151855,-0.065582807218,-0.423495879622,-0.00464640104633,-0.021960802057,0.00579862350738,4,0
170,0.34,1,-0.447609633207,0,0.283284217119,0,0,-0.412354953021,0.0244599678659,-0.447609641184,0.0928833237194,0.0906194225553,0.269867348721,-3.54348692483,3.81816433986,0.283284212616,-4.33516748311e-05,-0.00808657749218,-0.447548037267,0.114588139493,2.62604897272e-07,-6.56512243178e-05,-0.447591388942,-0.412305637526,0.0248547009323,0.106501562001,-0.441761234842,0.0232347061234,0.00583015410005,-0.0832668558779,4.43180741541,0.283284212616,0.283284212616,-0.356990218629,0.362750672441,0.0906194225553,0.269867348721,0.0352546881638,-0.0684233558535,-0.00860679759015,4,0
170,0.34,2,0.645553171635,0,0.0233542621136,0,0,0.640443691247,-0.0305749600493,0.645553168971,-0.00623909564265,-0.0743153964795,-0.447199246512,0.713784794874,-0.684271191264,0.0233542621275,3.10629430698e-05,0.00578658616541,0.645508962075,-0.0218193184627,-3.28256122617e-07,8.20640306539e-05,0.645540025018,0.640382046879,-0.0310683763838,-0.0160327322973,0.646330350132,-0.0303296825958,0.000790325113501,-0.0142969502985,-3.11699058708,0.0233542621275,0.0233542621275,0.571237772491,-0.453438342155,-0.0743153964795,-0.447199246512,-0.00510947772324,-0.0243358644067,0.00615934148225,4,0
180,0.36,1,-0.445695072412,0,0.142968043685,0,0,-0.411827201008,0.0283767907256,-0.445695070894,0.0973934415203,0.0960293450565,0.272597299783,-3.51352150414,3.64770982547,0.142968044099,-4.41665136084e-05,-0.00824972461026,-0.445632396902,0.119469248027,2.93038087906e-07,-7.32595219749e-05,-0.445676563415,-0.411770011221,0.0288146721296,0.111219523417,-0.44098276522,0.02716197555,0.00469379819528,-0.0840575478667,4.25821139676,0.142968044099,0.142968044099,-0.349665725837,0.369990741303,0.0960293450565,0.272597299783,0.033867869886,-0.0690166507947,-0.00877972277356,4,0
180,0.36,2,0.645388066769,0,-0.0511118769646,0,0,0.639784001227,-0.0354709886408,0.645388045903,-0.0104197933048,-0.0833058894328,-0.452068634817,0.700316336801,-0.744937771548,-0.0511118762514,3.26576111565e-05,0.0060985501712,0.645341687364,-0.0267502344683,-3.66297610577e-07,9.15744026566e-05,0.645374344975,0.639712513992,-0.036018340397,-0.0206516842971,0.645555863094,-0.0352304943963,0.000181518118704,-0.0145788100992,-3.39318838219,-0.0511118762514,-0.0511118762514,0.56208215647,-0.462488428122,-0.0833058894328,-0.452068634817,-0.00560404467621,-0.0250511953359,0.00649044150507,4,0
190,0.38,1,-0.443726211786,0,0.0289494413882,0,0,-0.411213823336,0.033041793169,-0.443726209979,0.0987776555885,0.101626362196,0.288022281783,-3.48096101212,3.50111162486,0.0289494422039,-4.42942415407e-05,-0.0082672985615,-0.443663306679,0.120937428771,3.20843595969e-07,-8.02108989889e-05,-0.44370760092,-0.411147258212,0.0335231949248,0.11267013021,-0.440098361424,0.0318382707487,0.00360923949591,-0.0808318594611,4.11318628974,0.0289494422039,0.0289494422039,-0.342099847783,0.386799937371,0.101626362196,0.288022281783,0.0325123866428,-0.0657358624194,-0.00879882945999,4,0
190,0.38,2,0.645093679428,0,-0.110062420368,0,0,0.639017279133,-0.0413022417025,0.645093706109,-0.0185782315235,-0.0924688972336,-0.464921691382,0.685262020117,-0.788705546285,-0.110062421974,3.33438861673e-05,0.00621876917219,0.645046313259,-0.035276973904,-4.0105449528e-07,0.000100263623833,0.645079657145,0.638934072727,-0.0419039938977,-0.0290582047318,0.644662837186,-0.041067010117,-0.000416819958738,-0.0120088053851,-3.58986352386,-0.110062421974,-0.110062421974,0.552624808876,-0.483499922905,-0.0924688972336,-0.464921691382,-0.00607642697636,-0.0227240101791,0.0066188958062,4,0
200,0.4,1,-0.441772758961,0,-0.0823111087084,0,0,-0.410505594819,0.0377150796336,-0.441772765046,0.0961274066416,0.107516774097,0.298848609842,-3.47838164803,3.38713084715,-0.082311109721,-4.50089930754e-05,-0.00839958324011,-0.441708841551,0.118646630842,3.02000046193e-07,-7.55000115437e-05,-0.441753850544,-0.410429716356,0.03816573188,0.110247047602,-0.439367503646,0.0365125000991,0.00238634689829,-0.0737345475032,3.97497614829,-0.082311109721,-0.082311109721,-0.334255990949,0.394976016484,0.107516774097,0.298848609842,0.0312671702267,-0.0584123270081,-0.00893969115701,4,0
200,0.4,2,0.64462441206,0,-0.148986697197,0,0,0.638131993482,-0.0471438497926,0.644624417815,-0.0273824326325,-0.101804430004,-0.46633758897,0.679442893508,-0.82153360642,-0.148986692415,3.47443481487e-05,0.00647904732465,0.644575032388,-0.0447829739405,-3.77500058768e-07,9.43750146978e-05,0.644609776736,0.638037145402,-0.0477071651022,-0.0383039266158,0.643726837827,-0.0469107312782,-0.000882938909191,-0.00860680466235,-3.69992665784,-0.148986692415,-0.148986692415,0.542819987811,-0.493720021603,-0.101804430004,-0.46633758897,-0.0064924243332,-0.01976141716,0.00689597950244,4,0
210,0.42,1,-0.439899682999,0,-0.112273782492,0,0,-0.409703111778,0.0426730671928,-0.439899675711,0.0916474647947,0.113601570633,0.310853489879,-3.42785166287,3.30672298001,-0.11227378385,-4.45507374e-05,-0.00832029016313,-0.439836449502,0.113918084418,3.53153651489e-07,-8.82884128775e-05,-0.439881000239,-0.409617236702,0.0432024034222,0.105597794255,-0.438145372552,0.0414879729939,0.00173562768713,-0.0641098212612,3.92109157953,-0.11227378385,-0.11227378385,-0.326298105078,0.402500954674,0.113601570633,0.310853489879,0.0301965639333,-0.0489743976019,-0.00885489901193,4,0
210,0.42,2,0.643966138363,0,-0.190264225006,0,0,0.637128889675,-0.053341334248,0.643966166731,-0.0379126089401,-0.111093536277,-0.465213585189,0.658355111106,-0.841753241134,-0.190264230274,3.45504075915e-05,0.00645149535543,0.643917121872,-0.0551889638859,-4.41442064125e-07,0.000110360516045,0.643951672279,0.637021545829,-0.0540030045345,-0.0487374685305,0.642548555623,-0.0531155148335,-0.00140311665633,-0.00437804630296,-3.81121038884,-0.190264230274,-0.190264230274,0.532872630455,-0.503126194129,-0.111093536277,-0.465213585189,-0.00683727705649,-0.0154287253078,0.00686610024653,4,0
220,0.44,1,-0.438122212887,0,-0.148177370429,0,0,-0.408796564661,0.0479693413919,-0.438122207879,0.0864131274711,0.119962458804,0.323719812401,-3.41188139452,3.25485555036,-0.148177375178,-4.45302629789e-05,-0.0083141058273,-0.43805899595,0.108679414395,3.47103490672e-07,-8.67758726656e-05,-0.438103526213,-0.408700104521,0.0484903977518,0.100365308568,-0.437106024007,0.0467897805858,0.000997502206101,-0.053575527982,3.86332453714,-0.148177375178,-0.148177375178,-0.318159749075,0.410132939872,0.119962458804,0.323719812401,0.029325643218,-0.0384437860792,-0.00884846898304,4,0
220,0.44,2,0.643080353737,0,-0.205849319696,0,0,0.635995705774,-0.0599616769939,0.643080371858,-0.0494135327954,-0.12038068642,-0.463252642515,0.647608883789,-0.846538637924,-0.205849319678,3.4832095351e-05,0.00650158039965,0.643030912525,-0.0668364621311,-4.33879363437e-07,0.000108469840868,0.643065744621,0.635875130598,-0.060612997444,-0.0603348817315,0.641325530259,-0.0597396009737,-0.00174021436222,0.000595280757735,-3.81096958269,-0.205849319678,-0.205849319678,0.522699685439,-0.512666175311,-0.12038068642,-0.463252642515,-0.00708466608437,-0.0105481441986,0.00691956554386,4,0
230,0.46,1,-0.436459213495,0,-0.138671055436,0,0,-0.407785219297,0.0532114417798,-0.436459198634,0.0806117398089,0.126519720412,0.331382967057,-3.38005092049,3.23259881152,-0.138671061104,-4.41603992747e-05,-0.00825112307253,-0.436396556027,0.102674733661,3.65191318519e-07,-9.12978296333e-05,-0.436440716427,-0.407678249733,0.053758675701,0.0944236105881,-0.435830445274,0.0520428906975,0.000610271152908,-0.0423807198907,3.85318946987,-0.138671061104,-0.138671061104,-0.309939478222,0.411994706866,0.126519720412,0.331382967057,0.028673979337,-0.0274002980291,-0.00878104786382,4,0
230,0.46,2,0.641971230507,0,-0.217968329787,0,0,0.634731524063,-0.0665143024839,0.641971252306,-0.0605208142766,-0.129546905442,-0.454472569653,0.631886211713,-0.842979085931,-0.217968322759,3.45675971583e-05,0.00646063737543,0.641922230553,-0.0777857007622,-4.56489147815e-07,0.000114122286964,0.641956798151,0.634597812107,-0.067198344885,-0.0713250633868,0.63993092036,-0.0662976609716,-0.00202587779029,0.00502740241521,-3.79522298657,-0.217968322759,-0.217968322759,0.512424346863,-0.514993383929,-0.129546905442,-0.454472569653,-0.00723972824243,-0.00599348820737,0.00687544854133,4,0
240,0.48,1,-0.43489921093,0,-0.116361737251,0,0,-0.406665846134,0.0587300854524,-0.434899206537,0.0759874836032,0.133228827954,0.338371821659,-3.3562560506,3.23122135316,-0.116361736165,-4.36341978706e-05,-0.00814935090307,-0.43483728726,0.0977969735032,3.66014237474e-07,-9.15035593695e-05,-0.434880921458,-0.406547836568,0.0592792936142,0.0896476226002,-0.434514024347,0.0575697446935,0.0003668971114,-0.0320778779067,3.85620264234,-0.116361736165,-0.116361736165,-0.301670378583,0.414359305263,0.133228827954,0.338371821659,0.0282333604034,-0.0172573981509,-0.00867296127751,4,0
240,0.48,2,0.64063256979,0,-0.216218799353,0,0,0.633332307604,-0.0734126070632,0.640632551346,-0.07208086565,-0.138544579034,-0.445868265944,0.618307768955,-0.827766992944,-0.216218795047,3.40046175626e-05,0.00635151564755,0.640584302803,-0.0890747197063,-4.57517795871e-07,0.000114379448973,0.64061830742,0.633184795646,-0.074099117264,-0.0827232040587,0.63841971029,-0.0732006319513,-0.00219859712987,0.00952257210747,-3.71820554025,-0.216218795047,-0.216218795047,0.502087972311,-0.517949131594,-0.138544579034,-0.445868265944,-0.00730024374118,-0.00133174141319,0.0067595710583,4,0
250,0.5,1,-0.433421015739,0,-0.0680947676301,0,0,-0.405436352272,0.06424338835,-0.433421009078,0.0724845669315,0.140030253402,0.341016509579,-3.32414259217,3.2474860567,-0.0680947676221,-4.30574260995e-05,-0.00804507873468,-0.433359942495,0.0939907993052,3.78115350586e-07,-9.45288376508e-05,-0.433402999921,-0.405307298366,0.0648105397069,0.0859457205706,-0.433018307137,0.0630941402306,0.00038469278398,-0.0228515803399,3.8852207048,-0.0680947676221,-0.0680947676221,-0.293390755676,0.413501076511,0.140030253402,0.341016509579,0.0279846568061,-0.00824117858158,-0.00856176784787,4,0
250,0.5,2,0.639071524143,0,-0.211049959064,0,0,0.631795440273,-0.0803042356778,0.639071506715,-0.082909385348,-0.147333063034,-0.433966960104,0.602048493908,-0.806476431587,-0.211049952875,3.3287540923e-05,0.00622256470487,0.639024324305,-0.0995236318333,-4.72644188454e-07,0.000118161047103,0.639057611846,0.631634122889,-0.0810131748743,-0.0933010671284,0.636748728137,-0.0800978486835,-0.00230888370917,0.0132032184449,-3.62673060797,-0.211049952875,-0.211049952875,0.49173844368,-0.516876345452,-0.147333063034,-0.433966960104,-0.0072760664419,0.00260514967022,0.00662201519595,4,0
260,0.52,1,-0.431991875172,0,-0.0264244861901,0,0,-0.404095222321,0.069824629375,-0.4319918639,0.0707822448947,0.146857365467,0.340417730664,-3.30897981884,3.27410298344,-0.0264244860434,-4.25250931584e-05,-0.00794204823945,-0.431931517515,0.092037767808,3.59692887864e-07,-8.99232219649e-05,-0.431974042608,-0.403955032333,0.0703647640256,0.0840957195686,-0.43155194997,0.0686805990563,0.000422092637652,-0.0154151205123,3.90657619715,-0.0264244860434,-0.0264244860434,-0.285134498432,0.411199975559,0.146857365467,0.340417730664,0.0278966415784,-0.000957615519696,-0.00845234935735,4,0
260,0.52,2,0.637297570705,0,-0.195012047887,0,0,0.630119027829,-0.0872807869471,0.63729759824,-0.0931668533166,-0.15587947611,-0.420833115726,0.590899582563,-0.779439970341,-0.195012052885,3.25526848377e-05,0.00608103288917,0.637251416095,-0.109432408583,-4.49616108122e-07,0.000112404027033,0.63728396878,0.629943790343,-0.0879559552579,-0.103351375694,0.634980819863,-0.087078212279,-0.00230314891633,0.0162731634149,-3.49001274502,-0.195012052885,-0.195012052885,0.481418122131,-0.513999969043,-0.15587947611,-0.420833115726,-0.00717857041119,0.00588606636952,0.00647166510722,4,0
270,0.54,1,-0.430583119392,0,0.0372564382851,0,0,-0.402645349153,0.0751564300075,-0.43058312185,0.070471509418,0.153606555808,0.333908310809,-3.27938690641,3.30830325048,0.0372564401072,-4.19405952218e-05,-0.00783680889358,-0.430523643107,0.0914182179936,3.63893263355e-07,-9.09733158394e-05,-0.430565583702,-0.40249449292,0.0757010366558,0.0835814091,-0.429856830418,0.0740226182882,0.00070875328472,-0.00955879081185,3.94880880615,0.0372564401072,0.0372564401072,-0.276976566041,0.404379820227,0.153606555808,0.333908310809,0.0279377726969,0.00468492058947,-0.00834009603624,4,0
270,0.54,2,0.635336101055,0,-0.183056533337,0,0,0.628306686364,-0.0939455377127,0.635336101748,-0.102017781806,-0.164115395095,-0.403456992755,0.575398894911,-0.752149565037,-0.183056526347,3.16912254573e-05,0.0059255615155,0.635291194371,-0.117829967802,-4.54866577959e-07,0.000113716644503,0.635322885597,0.628118116072,-0.0946262960212,-0.111904406287,0.633040909217,-0.0937482784272,-0.00228197638037,0.0181561278594,-3.37216190643,-0.183056526347,-0.183056526347,0.471220706654,-0.505474774561,-0.164115395095,-0.403456992755,-0.00702941538397,0.00807224409314,0.00630585622099,4,0
280,0.56,1,-0.429147869349,0,0.0939403697848,0,0,-0.401085484709,0.080839353852,-0.42914787143,0.073113371676,0.160222364806,0.327508709667,-3.25388833094,3.33967583395,0.0939403718321,-4.104635548e-05,-0.00766031255939,-0.429089580324,0.0936479068998,3.5425354078e-07,-8.85633852007e-05,-0.429130626679,-0.400923270676,0.081372706999,0.0859875943404,-0.428086403632,0.0797143155635,0.00104422304764,-0.00627327877686,3.98075886938,0.0939403718321,0.0939403718321,-0.268925506624,0.400622081343,0.160222364806,0.327508709667,0.0280623867208,0.00772598217599,-0.00815286882515,4,0
280,0.56,2,0.633191525936,0,-0.164772361517,0,0,0.626356855806,-0.101049192506,0.633191508922,-0.111345520122,-0.172034626524,-0.389432080713,0.560744474849,-0.719483975781,-0.164772361641,3.03785294932e-05,0.0056683183551,0.633148360699,-0.126545917854,-4.4281692424e-07,0.000110704231053,0.633178739229,0.626154088263,-0.101715883937,-0.120877599499,0.630971441158,-0.100856918116,-0.00220729807129,0.0200206813827,-3.22397034335,-0.164772361641,-0.164772361641,0.461156882397,-0.500777600834,-0.172034626524,-0.389432080713,-0.00683465311573,0.010296327616,0.00603286070902,4,0
290,0.58,1,-0.427656412125,0,0.128759980202,0,0,-0.399418190367,0.0857626187785,-0.427656401327,0.0758241006047,0.166631900343,0.312411632378,-3.25129729223,3.37188190992,0.128759986328,-4.11253667814e-05,-0.00768186424166,-0.427598058843,0.0963719532564,3.1101142095e-07,-7.77528552323e-05,-0.427639184209,-0.399246199079,0.086228902424,0.0886900890148,-0.426397367548,0.084638486396,0.00124181666185,-0.00405160261881,3.98978366686,0.128759986328,0.128759986328,-0.261024500984,0.388235732982,0.166631900343,0.312411632378,0.0282382109604,0.00993851817377,-0.00817536864303,4,0
290,0.58,2,0.630892693996,0,-0.146060094237,0,0,0.624272737874,-0.107203273629,0.63089272248,-0.11753914347,-0.179612097112,-0.367755521597,0.553834354835,-0.693866956951,-0.146060100324,3.0306745026e-05,0.00566381726826,0.630849755481,-0.132669483956,-3.88764273662e-07,9.71910684128e-05,0.630880062226,0.624057748765,-0.107786128182,-0.127005666688,0.628829883302,-0.107013392569,-0.0020501789243,0.0199922741183,-3.0825984875,-0.146060100324,-0.146060100324,0.451280625368,-0.485294665067,-0.179612097112,-0.367755521597,-0.00661998460525,0.0103358698413,0.00602749820857,4,0
300,0.6,1,-0.4260892272,0,0.241926908493,0,0,-0.397654106259,0.0908850829864,-0.426089227084,0.0812535478455,0.172707436136,0.297200837632,-3.16278790431,3.39684135995,0.241926915218,-3.95434243442e-05,-0.00739893848578,-0.426033238547,0.100963966586,3.96037743433e-07,-9.90094358638e-05,-0.426072781971,-0.397471732481,0.0914839173277,0.0935650281006,-0.423899495054,0.08979152512,0.00217328691768,-0.00377350298063,4.07343601102,0.241926915218,0.241926915218,-0.253381790948,0.378454385478,0.172707436136,0.297200837632,0.0284351208251,0.00963153514093,-0.00787345957791,4,0
300,0.6,2,0.628470599651,0,-0.153695225716,0,0,0.622067632736,-0.113606353861,0.628470594044,-0.124711105234,-0.186743356197,-0.348356875265,0.519921615993,-0.668019724406,-0.153695223895,2.80584961332e-05,0.00526041352825,0.62843096119,-0.138656109309,-4.95047178362e-07,0.000123761794585,0.628459019686,0.621839665513,-0.114354896786,-0.13339569578,0.626346242099,-0.113428078471,-0.00211277758703,0.0199676173097,-3.04324976447,-0.153695223895,-0.153695223895,0.441727237847,-0.473067980499,-0.186743356197,-0.348356875265,-0.00640296130829,0.0111047513731,0.00559711548185,4,0
310,0.62,1,-0.424389004707,0,0.197199434042,0,0,-0.395783867875,0.0957586203077,-0.424389013848,0.0874172897402,0.178492199749,0.279208078223,-3.21983200822,3.40902049912,0.197199436091,-4.03385121096e-05,-0.00752688303823,-0.424331725394,0.10759810827,2.53371389758e-07,-6.33428474445e-05,-0.424372063907,-0.395591966668,0.0961406319779,0.100071225232,-0.422502656615,0.0946453374436,0.00186940729195,-0.00542588778865,3.99629310136,0.197199436091,0.197199436091,-0.245896814099,0.366625367963,0.178492199749,0.279208078223,0.0286051459728,0.00834133056748,-0.00801094518354,4,0
310,0.62,2,0.625902473927,0,-0.115575365722,0,0,0.619729834755,-0.119698275479,0.625902496111,-0.130225480685,-0.193531479296,-0.328056227723,0.531430376575,-0.641267797331,-0.115575366988,2.8902328825e-05,0.00539111828667,0.625861440683,-0.144688032455,-3.16714233839e-07,7.91785584661e-05,0.625890343011,0.619489958246,-0.120175790062,-0.139296914169,0.624103012685,-0.119516059732,-0.00178733032644,0.0197808544369,-2.82022181241,-0.115575366988,-0.115575366988,0.432371016815,-0.458281708407,-0.193531479296,-0.328056227723,-0.00617266135598,0.0105272052056,0.00573794623257,4,0
320,0.64,1,-0.422588378191,0,0.264083117247,0,0,-0.393831775293,0.0994967436682,-0.422588376566,0.0925833058297,0.183812158102,0.253653361707,-3.1653452653,3.42153222234,0.26408310293,-3.96762285938e-05,-0.00742003113955,-0.422532171024,0.112372057349,2.9070958335e-07,-7.26773958433e-05,-0.422571847252,-0.393632354229,0.0999285642698,0.104952026209,-0.42009824977,0.0984023072317,0.00247359748181,-0.00654971897761,4.03027056033,0.26408310293,0.26408310293,-0.238776218465,0.346236667536,0.183812158102,0.253653361707,0.0287566012731,0.00691343783851,-0.00789614588267,4,0
320,0.64,2,0.623271226883,0,-0.125991627574,0,0,0.617289719026,-0.124370929632,0.6232712147,-0.133067641677,-0.199800942393,-0.29972819092,0.509234746321,-0.629671062749,-0.125991621775,2.7873526092e-05,0.00522082303434,0.623231805255,-0.146936574246,-3.63386976732e-07,9.08467441741e-05,0.623259678781,0.617040442696,-0.12491070538,-0.141715751211,0.621479773301,-0.124196344037,-0.00177990548038,0.0175194071742,-2.80398909042,-0.125991621775,-0.125991621775,0.423470272306,-0.432795832597,-0.199800942393,-0.29972819092,-0.00598149567354,0.00869671204559,0.00555530534744,4,0
330,0.66,1,-0.420633256435,0,0.262934476137,0,0,-0.391792158661,0.104419702715,-0.420633257084,0.101903667613,0.188695819543,0.235442594648,-3.15522830457,3.41050096768,0.262934488694,-3.86726555178e-05,-0.00719775372437,-0.420578193486,0.121310242428,2.40366731352e-07,-6.00916828401e-05,-0.420616866141,-0.391582947165,0.104786022825,0.114112488703,-0.417976420531,0.103328691804,0.00264044560992,-0.0107837968992,3.98990536375,0.262934488694,0.262934488694,-0.23193743754,0.337346262261,0.188695819543,0.235442594648,0.0288410984225,0.00251603510285,-0.00766182559059,4,0
330,0.66,2,0.62052834034,0,-0.108924344182,0,0,0.614740198235,-0.130524628409,0.62052836053,-0.140109328637,-0.205606564342,-0.281573497262,0.499652460203,-0.603359550846,-0.108924344052,2.64014294299e-05,0.00490043625567,0.620490672191,-0.153398163742,-3.0045841104e-07,7.51146027596e-05,0.62051707362,0.614478683865,-0.130982528541,-0.148497727486,0.618853350735,-0.130353247054,-0.00166372288508,0.0181444804315,-2.65837296602,-0.108924344052,-0.108924344052,0.414921796188,-0.4216828259,-0.205606564342,-0.281573497262,-0.00578816229545,0.00958470022882,0.00521725340882,4,0
340,0.68,1,-0.418543934822,0,0.227937802672,0,0,-0.389674531533,0.107047681462,-0.418543929877,0.10615317383,0.193115777362,0.205660525219,-3.18414187324,3.40410868042,0.227937807565,-4.00955745958e-05,-0.00748985348304,-0.418487063941,0.126178870438,1.43226460969e-07,-3.5806615244e-05,-0.418527159516,-0.389460223867,0.107261253294,0.118689016955,-0.416096750233,0.105946755683,0.00243040928269,-0.0127422612715,3.91833298483,0.227937807565,0.227937807565,-0.225428152515,0.311813699049,0.193115777362,0.205660525219,0.0288693983436,0.000894507631773,-0.00797100037819,4,0
340,0.68,2,0.617724597454,0,-0.101868495345,0,0,0.612093164326,-0.133809601786,0.617724582109,-0.139790844735,-0.210939392162,-0.24997627689,0.504298134611,-0.600571815582,-0.101868496365,2.81298871062e-05,0.0052572567493,0.617684720467,-0.153824960098,-1.79033072256e-07,4.47582680578e-05,0.617712850354,0.611825279742,-0.13407656657,-0.148567703349,0.616241822787,-0.133636741016,-0.0014710275669,0.0149309623326,-2.57845943244,-0.101868496365,-0.101868496365,0.406785189948,-0.389767121625,-0.210939392162,-0.24997627689,-0.00563141778367,0.00598124294909,0.00559481539458,4,0
350,0.7,1,-0.416353672743,0,0.37746411562,0,0,-0.387506171014,0.110364335156,-0.416353683475,0.113668184115,0.196941165386,0.180708285798,-3.01573981758,3.38578372843,0.377464126785,-3.71957289466e-05,-0.00697386719315,-0.416301146329,0.132153561726,3.41781517088e-07,-8.54453792657e-05,-0.416338342058,-0.387284906203,0.110888741481,0.125179694533,-0.412532053315,0.10932159006,0.00380628874291,-0.015858104473,4.02690053854,0.377464126785,0.377464126785,-0.219412518089,0.294376469913,0.196941165386,0.180708285798,0.0288475124617,-0.00330384895896,-0.00742021594051,4,0
350,0.7,2,0.614899754524,0,-0.150191411376,0,0,0.609382713677,-0.137955418856,0.614899738097,-0.144282123421,-0.215634091136,-0.223688461635,0.446866607997,-0.592202881621,-0.150191410912,2.42393786243e-05,0.00456426474492,0.614865678551,-0.156252009329,-4.27226894195e-07,0.000106806723545,0.614889917929,0.609106132664,-0.138610926758,-0.151687744584,0.613059758841,-0.137802208641,-0.00183015908857,0.0138855359431,-2.70737143882,-0.150191410912,-0.150191410912,0.399265646961,-0.367970585056,-0.215634091136,-0.223688461635,-0.00551702441979,0.00632670456555,0.00485513728842,4,0
360,0.72,1,-0.413996428251,0,0.183631688356,0,0,-0.385263428427,0.113078614209,-0.413996416487,0.119386684448,0.20032786747,0.155165377462,-3.1758743672,3.35158150787,0.183631690936,-3.99484687901e-05,-0.00744516863861,-0.41393962551,0.139394974504,3.34774492017e-08,-8.3693622985e-06,-0.413979573978,-0.385037214146,0.113132248499,0.131949805865,-0.41161725706,0.111980538016,0.00236231691822,-0.0199692678499,3.79092824399,0.183631690936,0.183631690936,-0.213668549018,0.274552061909,0.20032786747,0.155165377462,0.0287329880604,-0.00630807023898,-0.00792455026409,4,0
360,0.72,2,0.611967980862,0,-0.0915895029902,0,0,0.606579285446,-0.14134826762,0.611968009405,-0.145993528833,-0.219882323736,-0.197196546068,0.492143512499,-0.578236548093,-0.0915895010833,2.77493877649e-05,0.00516347283597,0.611928510548,-0.159911818589,-4.18468070196e-08,1.04617017599e-05,0.611956259936,0.606296517596,-0.141415310476,-0.154748345753,0.610627649096,-0.141179585801,-0.00132861084037,0.0135687599523,-2.40702111567,-0.0915895010833,-0.0915895010833,0.392085685669,-0.3431900749,-0.219882323736,-0.197196546068,-0.00538872395876,0.00464526121288,0.00549646548915,4,0
370,0.74,1,-0.411598622799,0,0.254154533148,0,0,-0.382997994171,0.113616297196,-0.411598619496,0.120928456986,0.203090809927,0.122307848012,-3.08666261491,3.33304883196,0.254154534699,-3.89865686978e-05,-0.00730047882501,-0.411543480396,0.140334356661,1.27742019462e-07,-3.19355048647e-05,-0.411582466964,-0.382770586657,0.113799563884,0.133033877836,-0.40861097966,0.112549089468,0.0029714873045,-0.0204847883682,3.82301826555,0.254154534699,0.254154534699,-0.208507809569,0.243236304998,0.203090809927,0.122307848012,0.0286006253241,-0.00731215978965,-0.00776831764939,4,0
370,0.74,2,0.609086036682,0,-0.133819878101,0,0,0.60374749263,-0.14202037129,0.609086026808,-0.143655828075,-0.223451265398,-0.160389550485,0.461871507604,-0.590404678642,-0.133819877236,2.6464985214e-05,0.00496912637433,0.609048725147,-0.156773301977,-1.59677520761e-07,3.99193801882e-05,0.609075190132,0.603463233237,-0.142249454644,-0.151804175602,0.607545771741,-0.141862109661,-0.0015294183912,0.0099420659416,-2.53470846262,-0.133819877236,-0.133819877236,0.38563476141,-0.30404537856,-0.223451265398,-0.160389550485,-0.00533853417778,0.00163545678449,0.0052867061969,4,0
380,0.76,1,-0.409087985754,0,0.191610604525,0,0,-0.38069527556,0.116546914106,-0.409087991019,0.12882662802,0.20532067538,0.101538415077,-3.0996395249,3.28380599015,0.191610598089,-3.76961695761e-05,-0.00699177880474,-0.409034143885,0.147815042752,3.02691903209e-08,-7.56729758225e-06,-0.409071840055,-0.380462115801,0.116602581256,0.140823263947,-0.406418911404,0.115475095946,0.0026529286508,-0.0253481680015,3.71426848725,0.191610598089,0.191610598089,-0.203767315639,0.230365043097,0.20532067538,0.101538415077,0.0283927154593,-0.0122797139144,-0.00744413283965,4,0
380,0.76,2,0.606131851673,0,-0.11097112298,0,0,0.60086909437,-0.145683642379,0.606131857752,-0.150292204305,-0.2264227137,-0.137664096808,0.461111102403,-0.567227561941,-0.110971120125,2.4736328939e-05,0.00455782463894,0.606096305073,-0.162842683394,-3.78364838349e-08,9.45912094746e-06,0.606121041402,0.600577644673,-0.145753226311,-0.158284858755,0.604664641893,-0.145525494565,-0.00145639950896,0.0127593641902,-2.3631922864,-0.110971120125,-0.110971120125,0.379709144052,-0.287956301113,-0.2264227137,-0.137664096808,-0.00526276338138,0.00460856192632,0.00485466058621,4,0
390,0.78,1,-0.406530886889,0,0.102479912341,0,0,-0.378371283233,0.115386569492,-0.406530893223,0.126307687626,0.207037821827,0.0686864868638,-3.1649049548,3.25933482885,0.102479915154,-4.04802967369e-05,-0.00756427753931,-0.406473517765,0.146509037148,-1.19096193962e-07,2.9774048492e-05,-0.406513998062,-0.378140694468,0.115205060637,0.138944759609,-0.404632814578,0.114292339019,0.00188118348419,-0.0246524205897,3.58793255244,0.102479915154,0.102479915154,-0.199493071395,0.194994174489,0.207037821827,0.0686864868638,0.0281596099893,-0.0109211181337,-0.00805004110016,4,0
390,0.78,2,0.603189051151,0,-0.108075432479,0,0,0.597964103968,-0.144233211543,0.603189077293,-0.143942363449,-0.228822738488,-0.0998003517334,0.480440182505,-0.582868578338,-0.108075432872,2.83796712703e-05,0.00530648098344,0.60314890246,-0.158082252776,1.4887024713e-07,-3.7217561775e-05,0.603177282131,0.597675868012,-0.144006325468,-0.152775771792,0.601913856305,-0.144068638529,-0.00126342582658,0.00870713326349,-2.31954036802,-0.108075432872,-0.108075432872,0.374366338805,-0.243742715182,-0.228822738488,-0.0998003517334,-0.00522497332487,-0.000290848094079,0.00564703703868,4,0
400,0.8,1,-0.403998106718,0,0.327948778868,0,0,-0.376070653406,0.115662252708,-0.403998107106,0.129217108537,0.20811423,0.0429430615113,-2.90609471696,3.22689801356,0.327948792327,-3.5730619558e-05,-0.00671672829286,-0.403947793403,0.146908273085,2.17126415347e-07,-5.42816038407e-05,-0.403983524023,-0.375838963752,0.116007671903,0.140191544793,-0.400186695455,0.114657417622,0.00379682856815,-0.0255341271701,3.77189452774,0.327948792327,0.327948792327,-0.195883877106,0.172160170048,0.20811423,0.0429430615113,0.0279274536996,-0.0135548558287,-0.00714549572756,4,0
400,0.8,2,0.600313723087,0,-0.188628450036,0,0,0.595088316691,-0.144577815504,0.600313742522,-0.146765020763,-0.23045889652,-0.0684351887784,0.397620988699,-0.58178484484,-0.188628453293,2.21676436725e-05,0.00419858542858,0.60028280958,-0.157619284731,-2.71408016062e-07,6.78520040062e-05,0.600304977223,0.594798704624,-0.145009589493,-0.153420699302,0.598358941786,-0.144441539458,-0.0019460354376,0.00897915984362,-2.58617609379,-0.188628453293,-0.188628453293,0.369854846002,-0.215200209542,-0.23045889652,-0.0684351887784,-0.00522542583039,0.00218720525918,0.00446459715265,4,0
410,0.82,1,-0.401383906603,0,0.00622406275943,0,0,-0.373750596434,0.115025943396,-0.401383899161,0.128855210417,0.208758814837,0.0180535419988,-3.18282526989,3.18102767263,0.00622406289903,-4.04767076134e-05,-0.00753593966985,-0.401326313675,0.149145003311,-2.68087625876e-07,6.7021906473e-05,-0.401366790382,-0.373520937411,0.114628445652,0.141609063641,-0.400161441021,0.113925491538,0.00120534936178,-0.027683572103,3.4099037342,0.00622406289903,0.00622406289903,-0.192625084324,0.146908752416,0.208758814837,0.0180535419988,0.0276333027274,-0.0138292670213,-0.00802166016121,4,0
410,0.82,2,0.597354710102,0,-0.0911934003234,0,0,0.592188245484,-0.143782428803,0.597354713271,-0.144930677864,-0.231573358184,-0.0387052595515,0.482249748097,-0.567830559724,-0.0911934006753,2.83886211803e-05,0.00527192559412,0.597314243415,-0.159193519722,3.3510953712e-07,-8.3777384269e-05,0.597342632037,0.591901171706,-0.143285556616,-0.153921594128,0.596153337968,-0.143617216616,-0.00118929406865,0.0103043775124,-2.14018117051,-0.0911934006753,-0.0911934006753,0.365781355086,-0.183635937416,-0.231573358184,-0.0387052595515,-0.00516646778718,0.00114824906191,0.00561258904828,4,0
420,0.84,1,-0.39888933301,0,0.122517704964,0,0,-0.371490931473,0.111238953565,-0.398889327014,0.12246687188,0.208796518628,-0.0137437730873,-3.0549465279,3.16971033234,0.122517707758,-3.88562740853e-05,-0.0072876280256,-0.398834478021,0.141762182851,-1.00848632334e-07,2.52121580817e-05,-0.398873334295,-0.371268630413,0.11107489353,0.134474554826,-0.396840194208,0.110182734285,0.00203314008719,-0.0242918205411,3.49410852081,0.122517707758,0.122517707758,-0.190092808386,0.108723098792,0.208796518628,-0.0137437730873,0.0273983955413,-0.0112279183143,-0.00775390331462,4,0
420,0.84,2,0.594560861588,0,-0.152487680316,0,0,0.589363664292,-0.139048691447,0.594560834465,-0.137247967034,-0.231944824238,0.00134409674727,0.444015359786,-0.591229202618,-0.152487678662,2.63261818695e-05,0.00495792164796,0.594523865351,-0.150237426346,1.26060794359e-07,-3.15151986005e-05,0.594550191533,0.589085787968,-0.138843616397,-0.145279504698,0.593013507126,-0.138896614662,-0.00153668440702,0.00638289003603,-2.36838281927,-0.152487678662,-0.152487678662,0.362616010227,-0.135903870287,-0.231944824238,0.00134409674727,-0.00519717017277,-0.00180072441273,0.00527383583039,4,0
430,0.86,1,-0.396391808987,0,0.0314121060073,0,0,-0.36926466299,0.111219356839,-0.396391815042,0.126142630431,0.208327051802,-0.0326040945577,-3.09507866078,3.11918529669,0.0314121078087,-3.71157722812e-05,-0.00686008263559,-0.396338627761,0.144908313178,-2.42019143115e-07,6.05047857721e-05,-0.396375743534,-0.369042558315,0.110870823129,0.138048230542,-0.394951511009,0.110149071504,0.00142423252499,-0.027899159038,3.36122355522,0.0314121078087,0.0314121078087,-0.18806476324,0.093538535873,0.208327051802,-0.0326040945577,0.0271271520518,-0.0149232735922,-0.00730547190296,4,0
430,0.86,2,0.591737926006,0,-0.107771076262,0,0,0.5865808287,-0.139024195482,0.591737927722,-0.143113466555,-0.231656973863,0.0261902999478,0.454542624678,-0.557626546779,-0.107771079479,2.4049272107e-05,0.00439856611275,0.591703132674,-0.155409930145,3.02523933127e-07,-7.56309832754e-05,0.591727181946,0.586303197857,-0.138588528339,-0.151011364033,0.590323127214,-0.138868266377,-0.00140405473132,0.0121430976559,-2.11474985616,-0.107771079479,-0.107771079479,0.360080953858,-0.116923166608,-0.231656973863,0.0261902999478,-0.00515709902229,0.00408927107386,0.00468715737803,4,0
440,0.88,1,-0.393978685141,0,-0.0742436572909,0,0,-0.367092140537,0.105436754161,-0.393978679635,0.115297737692,0.207399363745,-0.062385849984,-3.19353167357,3.1111263189,-0.0742436608185,-4.10214046646e-05,-0.00766943699843,-0.393920584277,0.135748090849,-4.28317019741e-07,0.00010707925494,-0.393961605682,-0.366881919009,0.104789526437,0.128078653851,-0.393590885603,0.104332639783,0.000370720079332,-0.0237460140677,3.22860879529,-0.0742436608185,-0.0742436608185,-0.18657931589,0.0529118877082,0.207399363745,-0.062385849984,0.0268865390977,-0.00986098353137,-0.0081616938544,4,0
440,0.88,2,0.589011907578,0,-0.0971363484859,0,0,0.583865175646,-0.13179594207,0.589011932251,-0.129967850439,-0.230787787515,0.0638279940962,0.488672750952,-0.579991097984,-0.097136348153,2.92139662013e-05,0.0054674335263,0.588970634696,-0.144497308387,5.35396278867e-07,-0.000133849069707,0.588999848662,0.583602398736,-0.130986907408,-0.13902987486,0.587881991589,-0.131628574739,-0.00111785707302,0.00740130012178,-2.06991849815,-0.097136348153,-0.097136348153,0.358224144737,-0.0661398563423,-0.230787787515,0.0638279940962,-0.00514675660584,-0.00182809163105,0.00581800112071,4,0
450,0.9,1,-0.391732513905,0,0.246137291193,0,0,-0.365031937762,0.101963565096,-0.391732505204,0.113135043658,0.205888348898,-0.0854956420635,-2.85486128499,3.09410284673,0.246137297564,-3.43988389993e-05,-0.00648294975714,-0.391684209054,0.130106028648,3.95665362696e-08,-9.89163406721e-06,-0.391718607893,-0.364827897329,0.102049891407,0.123623078891,-0.388723852209,0.100976401994,0.00299475568373,-0.0226466768966,3.51702338372,0.246137297564,0.246137297564,-0.185844156306,0.0276394015947,0.205888348898,-0.0854956420635,0.0267005674419,-0.0111714785622,-0.00689573582513,4,0
450,0.9,2,0.586458563805,0,-0.195331603289,0,0,0.58128992219,-0.12745445568,0.586458574672,-0.130074966669,-0.22915337935,0.0955257179871,0.384744126015,-0.575914290389,-0.195331603739,2.05424631821e-05,0.00391492980727,0.586430118074,-0.140044247742,-4.94581665622e-08,1.23645416442e-05,0.586450660537,0.58103487165,-0.127562363563,-0.136129317934,0.584455948006,-0.127322537938,-0.00199471253103,0.00880677999683,-2.42711157856,-0.195331603739,-0.195331603739,0.357305195322,-0.0345492486822,-0.22915337935,0.0955257179871,-0.00516865248237,0.00262051098937,0.00416143936546,4,0
460,0.92,1,-0.3894918859,0,-0.165827825665,0,0,-0.363021137577,0.0973937178153,-0.389491895221,0.10713644867,0.203999157628,-0.106903989118,-3.23513268546,3.06120831966,-0.165827832798,-4.08830886705e-05,-0.00760593593983,-0.389433702809,0.127640749514,-5.91300951369e-07,0.000147825237849,-0.389474585898,-0.362827226625,0.0965120002306,0.120034813574,-0.389866498984,0.09627516109,-0.000391913086473,-0.0237596524842,3.07590135986,-0.165827832798,-0.165827832798,-0.185492737593,0.000232459551969,0.203999157628,-0.106903989118,0.0264707576438,-0.00974273085428,-0.00809653300387,4,0
460,0.92,2,0.583870470524,0,-0.0550191141665,0,0,0.578776421973,-0.121742146521,0.583870482425,-0.123509466914,-0.227004560428,0.123218895794,0.505554710837,-0.554834936774,-0.0550191147882,2.90636071488e-05,0.00539012556527,0.583829014096,-0.138125022263,7.39126193028e-07,-0.000184781548253,0.583858077703,0.578534033285,-0.120639999535,-0.132734896697,0.582934335223,-0.121568900136,-0.000923742479968,0.0111659965616,-1.8320001127,-0.0550191147882,-0.0550191147882,0.356865921997,-0.000290571120199,-0.227004560428,0.123218895794,-0.00509406045228,0.00176732039254,0.00573888885106,4,0
470,0.94,1,-0.387507915497,0,0.00718851387501,0,0,-0.361161497265,0.0890273491749,-0.387507904794,0.0943470748134,0.201590906827,-0.134222966071,-3.07423613868,3.07371738789,0.00718851377897,-3.85724523511e-05,-0.0072443951369,-0.387453545452,0.113463162092,-3.50927371329e-07,8.77318428255e-05,-0.387492117905,-0.360984001861,0.0884845064176,0.106218766955,-0.386671616148,0.0879644275548,0.000820501756503,-0.0182543394003,3.23102046723,0.00718851377897,0.00718851377897,-0.185916997966,-0.0398758912574,0.201590906827,-0.134222966071,0.0263464075288,-0.00531972563849,-0.00770726456511,4,0
470,0.94,2,0.58157980442,0,-0.126181215048,0,0,0.576451871598,-0.111284185667,0.581579817565,-0.109680044636,-0.224183570035,0.159524912012,0.461705155085,-0.582646090353,-0.126181215381,2.60919093865e-05,0.0049271772003,0.581543296798,-0.122502555414,4.38659217505e-07,-0.00010966480439,0.581569388707,0.576230002345,-0.110605632215,-0.117575378214,0.580249153053,-0.111125965607,-0.00132023565346,0.00644941260688,-2.13490441618,-0.126181215381,-0.126181215381,0.35739624753,0.0498448673763,-0.224183570035,0.159524912012,-0.00512794596743,-0.00160414103178,0.00524028011293,4,0
480,0.96,1,-0.385604083538,0,-0.0977035015821,0,0,-0.359412775869,0.0856338472292,-0.385604078417,0.0950114523918,0.198739930389,-0.150417948804,-3.1400430962,3.03516455049,-0.0977034985135,-3.65505165531e-05,-0.00673644100124,-0.385551568704,0.113545618572,-5.20951160987e-07,0.00013023779024,-0.385588119221,-0.359242255013,0.0848697144783,0.106809177571,-0.385474763105,0.0845479310944,0.000113356115561,-0.0222612464762,3.09650927831,-0.0977034985135,-0.0977034985135,-0.186864148028,-0.0554064964121,0.198739930389,-0.150417948804,0.0261913025482,-0.0093776051626,-0.00717504719988,4,0
480,0.96,2,0.579331576824,0,-0.0586253665388,0,0,0.57426596987,-0.107042308181,0.579331561993,-0.112989066498,-0.22075137682,0.182247190302,0.483813607426,-0.537900870047,-0.058625367256,2.34194815818e-05,0.00425707085614,0.579297496546,-0.12503791282,6.51188954537e-07,-0.000162797238643,0.579320916028,0.574052818802,-0.106087142238,-0.120780841964,0.578253010448,-0.10687618149,-0.00106790558019,0.0139046604734,-1.81058016711,-0.058625367256,-0.058625367256,0.358580185174,0.0692581238046,-0.22075137682,0.182247190302,-0.00506559212354,0.00594675831634,0.00453810463512,4,0
490,0.98,1,-0.383876413107,0,-0.203079923987,0,0,-0.35779608802,0.0753912717317,-0.383876405327,0.0784632852011,0.1955164584,-0.174488763106,-3.25941051716,3.04812786267,-0.203079922312,-4.12098523503e-05,-0.00770821395603,-0.383818081071,0.0989907828416,-7.16039389392e-07,0.000179009847352,-0.383859290923,-0.357646392483,0.074310738644,0.0912825688856,-0.384842530598,0.0742643366243,-0.000983239675041,-0.0170182322613,2.98026102251,-0.203079922312,-0.203079922312,-0.188359946928,-0.0960254779045,0.1955164584,-0.174488763106,0.0260803173078,-0.00307201346938,-0.00820273218423,4,0
490,0.98,2,0.577284455299,0,-0.041039455682,0,0,0.572245110075,-0.0942390887661,0.577284442473,-0.0928880912485,-0.216834508609,0.212919941859,0.529132909973,-0.564278122054,-0.0410394555164,2.95734512763e-05,0.00553936201982,0.577242686326,-0.107574419224,8.9504923928e-07,-0.000223762309822,0.577272259777,0.572057990657,-0.0928884224027,-0.102035057204,0.576597875412,-0.0940577235437,-0.000674384365141,0.00797733366009,-1.77744420975,-0.0410394555164,-0.0410394555164,0.360449933864,0.12003185061,-0.216834508609,0.212919941859,-0.00503933239753,-0.00135099751761,0.00589424343513,4,0
500,1,1,-0.382408410311,0,0.177124366164,0,0,-0.356376239528,0.0682383549113,-0.382408407751,0.073142374725,0.191814341001,-0.193604605639,-2.87658645229,3.04700364506,0.177124370386,-3.34114077969e-05,-0.0063062407301,-0.38236157452,0.0895937802259,-1.60967573271e-07,4.02418933238e-05,-0.382394985928,-0.356239941579,0.0680282488086,0.0832875394958,-0.380250451865,0.067243596064,0.00214453406287,-0.0160439434318,3.34374422678,0.177124370386,0.177124370386,-0.19059406675,-0.120462230914,0.191814341001,-0.193604605639,0.0260321682235,-0.00490401981369,-0.00670717762367,4,0
500,1,2,0.575523257256,0,-0.146700784564,0,0,0.570470299479,-0.0852979426969,0.575523238055,-0.0891162781514,-0.21228065435,0.239694069969,0.41549262986,-0.558265678018,-0.146700784992,1.93137818789e-05,0.00369597145121,0.575496609521,-0.0984357503141,2.01209470196e-07,-5.03023675528e-05,0.575515923303,0.570299927045,-0.0850353100629,-0.0947397788629,0.573894062887,-0.0851552858883,-0.00162186041554,0.00958449297459,-2.19661287004,-0.146700784992,-0.146700784992,0.363242583705,0.150577791817,-0.21228065435,0.239694069969,-0.00505293857629,0.0038183354545,0.00392773683375,4,0
510,1.02,1,-0.381000548601,0,-0.282485455275,0,0,-0.355074736329,0.0599934152669,-0.381000550103,0.0636670194137,0.187804999421,-0.210140969371,-3.31653860239,3.0259356577,-0.282485442795,-4.10020007347e-05,-0.00762547789188,-0.380942178234,0.0842344153709,-8.59593114022e-07,0.000214898278503,-0.380983180235,-0.35495602905,0.0587089446093,0.076608937479,-0.382597130232,0.0588466488542,-0.00161394999726,-0.0177622886248,2.87116179453,-0.282485442795,-0.282485442795,-0.193195550682,-0.146473949957,0.187804999421,-0.210140969371,0.0259258137746,-0.00367360414685,-0.00811750190069,4,0
510,1.02,2,0.573802411556,0,0.0184541940689,0,0,0.568843420499,-0.0749917681022,0.573802404504,-0.0774579511142,-0.207307965821,0.260550391666,0.558951294573,-0.534715947373,0.0184541948775,2.92939595348e-05,0.00542962480781,0.573760595191,-0.0921934510619,1.07449139408e-06,-0.000268622848512,0.573789889151,0.568695036403,-0.0733861797779,-0.0867638262541,0.573445182515,-0.0748000280183,-0.000344706635847,0.0119637982358,-1.53643286623,0.0184541948775,0.0184541948775,0.366494438684,0.183092440552,-0.207307965821,0.260550391666,-0.00495898400487,0.00246618301193,0.00578115232223,4,0
520,1.04,1,-0.379928320646,0,-0.078830242157,0,0,-0.354001852076,0.0478791539045,-0.379928310741,0.0473399001663,0.183406929061,-0.230648600679,-3.13966194226,3.05317710642,-0.0788302390199,-3.8286388549e-05,-0.00719516016158,-0.379874391174,0.066298704445,-5.67154214204e-07,0.000141788553548,-0.379912677562,-0.353906980674,0.0470103355485,0.0591035442834,-0.380056679213,0.0467935361071,-0.000144001651153,-0.0123100081763,3.07456092273,-0.0788302390199,-0.0788302390199,-0.196521381679,-0.183308700513,0.183406929061,-0.230648600679,0.0259264586644,0.000539253738208,-0.00765459682417,4,0
520,1.04,2,0.57249557972,0,-0.0575390867889,0,0,0.567502315204,-0.0598489413778,0.572495579852,-0.0583300692996,-0.201843852361,0.287465947918,0.514348035971,-0.566704467019,-0.057539086608,2.57733142263e-05,0.00487337578948,0.572459557388,-0.070973795716,7.08942769823e-07,-0.000177235692454,0.572485330702,0.567383725953,-0.0587629184299,-0.0661004199265,0.57173800641,-0.0596724542443,-0.000747324291827,0.00642796568225,-1.89876366207,-0.057539086608,-0.057539086608,0.370651727491,0.229135878619,-0.201843852361,0.287465947918,-0.00499326464773,-0.00151887207822,0.00518265556019,4,0
530,1.06,1,-0.378987163305,0,-0.193451851606,0,0,-0.35310706238,0.0413766770543,-0.37898714955,0.045837792183,0.178666132044,-0.243011049283,-3.22316319043,3.02258018798,-0.19345185875,-3.63632429293e-05,-0.00669478478233,-0.378934863213,0.0642953620576,-7.40591669046e-07,0.000185147917261,-0.378971226455,-0.353025384863,0.0402833145002,0.0576005772752,-0.379860881833,0.0402619345771,-0.000889655377159,-0.0173386426981,2.94737536501,-0.19345185875,-0.19345185875,-0.200321017506,-0.1971732571,0.178666132044,-0.243011049283,0.0258800871703,-0.0044611151287,-0.00713114369748,4,0
530,1.06,2,0.571312904358,0,0.020703792572,0,0,0.566383828104,-0.0517208452761,0.571312883011,-0.0579137261179,-0.195911610678,0.304380300412,0.545638250092,-0.520445457935,0.0207037930653,2.32176921099e-05,0.0042103867867,0.571279046851,-0.069884615012,9.25739587543e-07,-0.000231434896879,0.571302264543,0.56628173121,-0.0503541420815,-0.0656742282253,0.570885589637,-0.0515332718789,-0.000416674905557,0.0141409563464,-1.56585343174,0.0207037930653,0.0207037930653,0.375401272333,0.246466574294,-0.195911610678,0.304380300412,-0.00492905490681,0.00619288084176,0.00448899909202,4,0
540,1.08,1,-0.378274470568,0,-0.289567708969,0,0,-0.35240787998,0.0279663754888,-0.378274471973,0.0265426906885,0.173670199784,-0.259064809647,-3.34287107614,3.04511288813,-0.28956770561,-4.11396156775e-05,-0.00769680700699,-0.378216261461,0.0470291111678,-9.07290652885e-07,0.000226822663215,-0.378257401076,-0.352353323119,0.0265979627571,0.0393323041608,-0.380148723741,0.0268105069988,-0.001891322665,-0.012521797162,2.85882004083,-0.28956770561,-0.28956770561,-0.204604272189,-0.232522118958,0.173670199784,-0.259064809647,0.0258665919925,0.00142368480034,-0.00819048239512,4,0
540,1.08,2,0.570420205593,0,0.0378762185574,0,0,0.565509850125,-0.0349579683152,0.570420207975,-0.0331733165471,-0.189664867231,0.323825967993,0.594851534857,-0.551086559918,0.0378762173501,2.95343449932e-05,0.00553434544916,0.570378526262,-0.0478320533262,1.13411331593e-06,-0.000283528328987,0.570408060607,0.565441654051,-0.0332474524008,-0.0422977078771,0.570409367163,-0.0347538217719,1.30655687025e-06,0.00754388610514,-1.57415482656,0.0378762173501,0.0378762173501,0.380755340743,0.290652651446,-0.189664867231,0.323825967993,-0.0049103578491,-0.00178465176807,0.00588875758908,4,0
550,1.1,1,-0.377867311239,0,0.0820550099015,0,0,-0.351964176634,0.0180698372673,-0.377867305768,0.0191495858468,0.168349079089,-0.272106784587,-2.97518008134,3.05053255116,0.0820550074068,-3.34072924771e-05,-0.00630165008,-0.377820437489,0.0356170126634,-3.47948859558e-07,8.69872148864e-05,-0.377853844782,-0.351928497225,0.0175787429337,0.0293153625834,-0.376658617206,0.0170409022435,0.00119522757589,-0.0122744603399,3.23225180738,0.0820550074068,0.0820550074068,-0.209518226678,-0.25295719874,0.168349079089,-0.272106784587,0.0259031291339,-0.0010797485795,-0.00670253758973,4,0
550,1.1,2,0.569893300533,0,-0.0622353218496,0,0,0.564955220963,-0.0225872955229,0.569893288391,-0.0257274027507,-0.182995504482,0.341923903804,0.489360564086,-0.547666154723,-0.0622353206673,1.93488178249e-05,0.00369754421611,0.569866556686,-0.0350880377631,4.34936077376e-07,-0.000108734019335,0.569885905503,0.564910621704,-0.0219734276013,-0.031390493547,0.56899346707,-0.0224190352684,-0.000892438433835,0.00897145827856,-2.00833063899,-0.0622353206673,-0.0622353206673,0.386897783909,0.316196501053,-0.182995504482,0.341923903804,-0.00493806742788,0.00314010722782,0.00392973003,4,0
560,1.12,1,-0.377563923597,0,-0.358305603266,0,0,-0.351692473428,0.00730752765894,-0.377563909264,0.00764702069918,0.162828335154,-0.281850728279,-3.40263532116,3.03622016061,-0.358305592216,-4.09497331555e-05,-0.00761817152998,-0.377505630746,0.0281802363011,-9.96244860996e-07,0.000249061215246,-0.377546580479,-0.35167934567,0.00581669541652,0.0205620647711,-0.379931162533,0.0061309156129,-0.00238458205354,-0.0144311491582,2.79804870024,-0.358305592216,-0.358305592216,-0.214735574111,-0.274203707579,0.162828335154,-0.281850728279,0.0258714358366,-0.000339493040245,-0.00810956832785,4,0
560,1.12,2,0.569482088089,0,0.0975509434938,0,0,0.564615591977,-0.00913440850549,0.569482080795,-0.0105645324272,-0.176062612544,0.35331916939,0.632207498898,-0.528872967672,0.0975509413289,2.92904404634e-05,0.00543210461213,0.569440301123,-0.0252879096568,1.24530607448e-06,-0.000311326518612,0.569469591564,0.564599182282,-0.00727086820504,-0.0198558050447,0.56982674408,-0.00891727716788,0.000357152516208,0.0109385278768,-1.40799319852,0.0975509413289,0.0975509413289,0.393419468251,0.342754636963,-0.176062612544,0.35331916939,-0.00486648881799,0.00143012392175,0.00578358989769,4,0
570,1.14,1,-0.377623409033,0,-0.163329333067,0,0,-0.351692262182,-0.00665424129854,-0.377623394404,-0.00973578633283,0.157091301686,-0.293256890291,-3.23733013576,3.06635288744,-0.163329330689,-3.82727593132e-05,-0.00718864452323,-0.377569451828,0.00923492346137,-6.94772961496e-07,0.000173693240373,-0.377607724587,-0.351706646007,-0.00771299229674,0.00204627893814,-0.37855963592,-0.00777371520431,-0.000951911333137,-0.00981999414244,3.01141169878,-0.163329330689,-0.163329330689,-0.220532092717,-0.302992676624,0.157091301686,-0.293256890291,0.0259311322217,0.00308154503429,-0.00764791763499,4,0
570,1.14,2,0.569536566734,0,0.026425095275,0,0,0.564615327941,0.00831780266654,0.569536539268,0.0107279919754,-0.168871422712,0.368012856069,0.593888957286,-0.562276424569,0.0264250956127,2.58237529353e-05,0.00487755206842,0.569500389218,-0.00196570521496,8.68466201731e-07,-0.00021711655042,0.569526212971,0.564633307724,0.00964124141388,0.00291184685346,0.56951267161,0.00852185865274,-1.35413615311e-05,0.00561001179928,-1.7843893304,0.0264250956127,0.0264250956127,0.400665116556,0.378740848045,-0.168871422712,0.368012856069,-0.0049212113272,-0.00241018930883,0.00518743710365,4,0
580,1.16,1,-0.377851158381,0,-0.273425161839,0,0,-0.351909847827,-0.0153007356901,-0.37785116082,-0.0137119920249,0.15115921402,-0.299682949232,-3.32438632046,3.04372133011,-0.273425152348,-3.68572892297e-05,-0.00679755052763,-0.377798253729,0.00495886540945,-8.3891691055e-07,0.000209729227638,-0.377835111019,-0.351941678944,-0.0165447458956,-0.00183868511819,-0.379504827231,-0.0164505264986,-0.00166971621205,-0.0146118413804,2.90927525353,-0.273425152348,-0.273425152348,-0.226691946799,-0.313394941257,0.15115921402,-0.299682949232,0.0259413129924,-0.00158874366516,-0.00723983799839,4,0
580,1.16,2,0.56977802515,0,0.0996257439256,0,0,0.564887310019,0.0191259206694,0.56977800766,0.0149453497822,-0.161413073456,0.37679832896,0.629283240335,-0.52500800359,0.0996257427695,2.39567652494e-05,0.00436201279279,0.569743226577,0.00264854882967,1.04864613659e-06,-0.000262161534154,0.569767183342,0.564927098916,0.0206809334241,0.00701056162246,0.570083569954,0.0193424315,0.000316386611516,0.0123318698775,-1.51259262759,0.0996257427695,0.0996257427695,0.408364934204,0.391743678742,-0.161413073456,0.37679832896,-0.00489069764119,0.0041805708871,0.00464949397579,4,0
590,1.18,1,-0.378330558538,0,-0.342401683331,0,0,-0.352354828884,-0.0295735441746,-0.378330567723,-0.0328263705182,0.145122833931,-0.30606763824,-3.41835353765,3.06782623109,-0.342401670253,-4.08175022309e-05,-0.00763582628033,-0.378272795713,-0.0124921401436,-9.37372149123e-07,0.000234343037278,-0.378313613216,-0.352415396504,-0.0309868392482,-0.020127966424,-0.380724142448,-0.0307555989064,-0.002410529232,-0.0106276324824,2.86628710746,-0.342401670253,-0.342401670253,-0.233207733792,-0.338894008758,0.145122833931,-0.30606763824,0.0259757388396,0.00325282634365,-0.0081256363071,4,0
590,1.18,2,0.570346713066,0,0.110935777426,0,0,0.56544353636,0.0369669312281,0.570346709702,0.0397271826845,-0.153837041717,0.383890330174,0.672311446592,-0.555551506868,0.110935774109,2.92149332736e-05,0.00547358641519,0.570305456556,0.0252164030693,1.17171518277e-06,-0.000292928795687,0.570334671489,0.565519245887,0.0387335500646,0.0306899894845,0.570987971279,0.0371979493497,0.000653299789862,0.0065079598652,-1.57251328189,0.110935774109,0.110935774109,0.416509667986,0.423617512858,-0.153837041717,0.383890330174,-0.0049031733427,-0.00276025145647,0.00582416561447,4,0
600,1.2,1,-0.379117548466,0,-0.0574445128441,0,0,-0.353069240653,-0.0405104774659,-0.379117561505,-0.0416591207711,0.138952673286,-0.311020797186,-3.14093698575,3.07655044743,-0.0574445131564,-3.47006902957e-05,-0.0065256168765,-0.379068695911,-0.0244752073221,-4.85503365344e-07,0.000121375841338,-0.379103396601,-0.353150941766,-0.0412146841269,-0.0310008241985,-0.379140602544,-0.0415967842113,-3.72059424371e-05,-0.0105959600128,3.17290305516,-0.0574445131564,-0.0574445131564,-0.240164888219,-0.352679917957,0.138952673286,-0.311020797186,0.0260483208516,0.00114864330517,-0.00694202516004,4,0
600,1.2,2,0.5712916255,0,0.0365784838796,0,0,0.566336551091,0.0506380978198,0.571291611966,0.0494814962605,-0.146085500912,0.391368402925,0.596907469703,-0.556059385724,0.0365784850655,2.11767286726e-05,0.00401547816941,0.571262070318,0.0391137938737,6.0687920822e-07,-0.000151719802067,0.571283247046,0.566438677485,0.0515183561487,0.0431292720431,0.571266640831,0.0508435182256,-1.66062153917e-05,0.0077142461825,-1.93699724172,0.0365784850655,0.0365784850655,0.425206111055,0.440849899186,-0.146085500912,0.391368402925,-0.00495506087509,0.00115660155931,0.00426959891348,4,0
610,1.22,1,-0.380048930645,0,-0.385437905788,0,0,-0.353980295894,-0.0518748473525,-0.380048944066,-0.0537291756742,0.132726786173,-0.312679417654,-3.4650383982,3.07154695457,-0.385437908421,-4.06230047256e-05,-0.00756605915548,-0.379991185622,-0.033381873536,-9.42234362034e-07,0.000235558590505,-0.380031808626,-0.354085456685,-0.0532870712214,-0.0409479326915,-0.382738575517,-0.0530731090035,-0.00270676689051,-0.012125176312,2.87090206423,-0.385437908421,-0.385437908421,-0.247322157893,-0.366408593329,0.132726786173,-0.312679417654,0.0260686481723,0.00185432832165,-0.00805353521219,4,0
610,1.22,2,0.57240742445,0,0.157223701477,0,0,0.567475370162,0.0648435601441,0.57240742875,0.0651805356584,-0.138254730569,0.392830207552,0.709213366268,-0.546250764485,0.157223705365,2.90068328892e-05,0.00539081442296,0.572366125616,0.0506286037495,1.17779294695e-06,-0.000294448236737,0.572395132448,0.567606821153,0.066608839972,0.0560194181725,0.573327497468,0.0650873987819,0.000932365019321,0.00906798060938,-1.52674758145,0.157223705365,0.157223705365,0.434152698181,0.45801074321,-0.138254730569,0.392830207552,-0.00493205858794,-0.00033697551423,0.00573889641763,4,0
620,1.24,1,-0.381310999393,0,-0.239310577512,0,0,-0.355154465961,-0.0649814844167,-0.381310997588,-0.0692611067037,0.126472610125,-0.314160876171,-3.34564581277,3.09865486753,-0.239310574811,-3.8503330126e-05,-0.00721833046569,-0.381256598632,-0.0501188634251,-6.9200258962e-07,0.000173000647412,-0.381295101962,-0.355285489559,-0.0660308009346,-0.0573371938908,-0.382922636018,-0.0661384915025,-0.00162753405627,-0.00880129761168,3.0522352059,-0.239310574811,-0.239310574811,-0.254838387462,-0.383421982875,0.126472610125,-0.314160876171,0.0261565316269,0.00427962228696,-0.0076803704272,4,0
620,1.24,2,0.573944270611,0,0.106893636286,0,0,0.568943082764,0.0812268563967,0.573944272203,0.0841581481299,-0.130396287033,0.395119331722,0.685415783092,-0.573262094661,0.106893634533,2.62783167744e-05,0.00494471409683,0.573907305649,0.0711625323909,8.65003234263e-07,-0.000216250808567,0.573933583966,0.569106862263,0.0825385020396,0.0761072464878,0.574601224012,0.081462612282,0.000667640046345,0.00535536579424,-1.83663346255,0.106893634533,0.106893634533,0.44354798517,0.479277479852,-0.130396287033,0.395119331722,-0.0050011894391,-0.00293129173326,0.00526005389812,4,0
630,1.26,1,-0.382760256529,0,-0.319034636021,0,0,-0.35654547232,-0.0742475270438,-0.382760251394,-0.0758199645269,0.120199840712,-0.313194310058,-3.41772603476,3.09120141243,-0.319034644904,-3.79616160216e-05,-0.00703443804329,-0.382706000295,-0.056689621302,-7.72320542963e-07,0.000193080135736,-0.382743961911,-0.356695110755,-0.0753984581847,-0.0637240593453,-0.384914853733,-0.0754295846026,-0.00217089182181,-0.0117055252574,3.00178628524,-0.319034644904,-0.319034644904,-0.262560410682,-0.389014274585,0.120199840712,-0.313194310058,0.0262147790743,0.00157243748311,-0.00748997743555,4,0
630,1.26,2,0.575695872307,0,0.159587681293,0,0,0.57068184073,0.0928094096617,0.575695875755,0.0916604701608,-0.122495361535,0.394607374211,0.717772475306,-0.553170391093,0.159587676268,2.5590066661e-05,0.00470732714595,0.575659069448,0.0786685098951,9.65400673958e-07,-0.000241350168479,0.575684659515,0.570868888776,0.094248073581,0.0833758370411,0.57661119727,0.0930564661842,0.000926537754599,0.00968062914312,-1.68733768223,0.159587676268,0.159587676268,0.45320051422,0.486267844372,-0.122495361535,0.394607374211,-0.00501403502487,0.00114893950095,0.00501440794588,4,0
640,1.28,1,-0.384443849325,0,-0.337206155062,0,0,-0.358151653564,-0.0864273495967,-0.384443862893,-0.0910288104665,0.113979295447,-0.310331167396,-3.45880677762,3.11363096678,-0.337206142716,-4.00516680096e-05,-0.00748904810119,-0.384387122358,-0.0710520037684,-7.67837648963e-07,0.000191959412243,-0.384427174026,-0.358325670814,-0.0875845030601,-0.0785410518696,-0.386858790697,-0.0876234803106,-0.00243161667093,-0.00908242844097,3.02459954186,-0.337206142716,-0.337206142716,-0.270464567446,-0.401359977862,0.113979295447,-0.310331167396,0.0262922093286,0.00460146086982,-0.00796966811731,4,0
640,1.28,2,0.577742993832,0,0.162506684661,0,0,0.572689567302,0.108034187752,0.577742968532,0.110901164966,-0.114662258339,0.390798808188,0.743411860891,-0.575250461057,0.162506691556,2.83869772763e-05,0.00531406455146,0.577702817743,0.0967709173689,9.59797054056e-07,-0.000239949263515,0.57773120472,0.572907088865,0.10948062957,0.10208498192,0.578826888502,0.108289909469,0.00109568378178,0.0062049275484,-1.78820109032,0.162506691556,0.162506691556,0.463080710194,0.501699973153,-0.114662258339,0.390798808188,-0.00505340123062,-0.00286697721351,0.00565470827878,4,0
650,1.3,1,-0.386378467083,0,-0.215896621346,0,0,-0.359984935243,-0.0962145021686,-0.386378476365,-0.100004017232,0.107814899113,-0.306706645139,-3.34970498177,3.12640810106,-0.215896621603,-3.71634601787e-05,-0.00695429757877,-0.38632583533,-0.0814682996563,-5.45650800043e-07,0.000136412700005,-0.38636299879,-0.360178161352,-0.097022292766,-0.0884225972351,-0.387789203299,-0.0973730133377,-0.00142620450908,-0.00895041610256,3.18519077486,-0.215896621603,-0.215896621603,-0.278563577251,-0.406710662371,0.107814899113,-0.306706645139,0.0263935411221,0.00378951506332,-0.00740025910092,4,0
650,1.3,2,0.580093324184,0,0.136890336871,0,0,0.574981169414,0.120268128404,0.580093313232,0.121151377974,-0.106888840768,0.387236950616,0.72028417978,-0.578480472237,0.136890339729,2.4624869154e-05,0.0046178693837,0.580058504894,0.108899305089,6.82063499902e-07,-0.00017051587497,0.580083129763,0.575222702052,0.121277866651,0.113517174473,0.580932261091,0.120516090557,0.000849131327576,0.00699891608407,-1.97966871558,0.136890339729,0.136890339729,0.473204472464,0.50838832859,-0.106888840768,0.387236950616,-0.00511214381849,-0.000883249570375,0.00491336781355,4,0
660,1.32,1,-0.388480633497,0,-0.332858771086,0,0,-0.362001582407,-0.105832136444,-0.388480641135,-0.110364290919,0.101747142757,-0.300778574264,-3.47654817598,3.13578421033,-0.332858765761,-3.98000025938e-05,-0.00742759985226,-0.388424142577,-0.0904647345142,-6.71727423185e-07,0.00016793185579,-0.388463942579,-0.362214258349,-0.106841767011,-0.0978923343664,-0.390856844599,-0.107034439035,-0.00239290202015,-0.00914210466861,3.11085647468,-0.332858765761,-0.332858765761,-0.286733498379,-0.411142865183,0.101747142757,-0.300778574264,0.0264790587289,0.00453215447541,-0.00790519988338,4,0
660,1.32,2,0.582641720772,0,0.185200661421,0,0,0.577501978382,0.132290171172,0.582641696974,0.133995166995,-0.0992248230895,0.379933414893,0.770563698688,-0.579777681781,0.18520065856,2.81331772435e-05,0.00524776021978,0.582601755348,0.119928103865,8.39659269891e-07,-0.000209914817465,0.582629888526,0.577767823312,0.133552209367,0.125175864085,0.583865749671,0.132555328309,0.00123586114533,0.00737946422404,-1.88008965704,0.18520065856,0.18520065856,0.483416873885,0.513928581888,-0.0992248230895,0.379933414893,-0.005139718592,-0.00170499582277,0.0055853583467,4,0
670,1.34,1,-0.390805691481,0,-0.275319069624,0,0,-0.364213950104,-0.11505689512,-0.390805694926,-0.120382771587,0.0958100323906,-0.293793708488,-3.43810418358,3.15507295977,-0.275319073999,-3.87762533101e-05,-0.00724683477725,-0.390750696734,-0.101012103099,-5.40428181595e-07,0.000135107045399,-0.390789472988,-0.364444879103,-0.115869820237,-0.108258937876,-0.392751006885,-0.116245939153,-0.0019615338968,-0.0079870012766,3.21450260645,-0.275319073999,-0.275319073999,-0.294995662536,-0.414176480076,0.0958100323906,-0.293793708488,0.0265917448217,0.00532587646703,-0.00771214981697,4,0
670,1.34,2,0.585464119911,0,0.172611832619,0,0,0.580267438016,0.143821119391,0.585464108652,0.146001463596,-0.0917195295664,0.371719136588,0.769227072347,-0.591273920024,0.172611829758,2.6836322135e-05,0.00501928669909,0.585426070279,0.132605370656,6.7553522165e-07,-0.000168883805419,0.585452906601,0.580556099264,0.144837275779,0.137624657355,0.586622120163,0.144085897813,0.00116921356219,0.00646124045887,-2.03219699656,0.172611829758,0.172611829758,0.493744579086,0.517720600184,-0.0917195295664,0.371719136588,-0.00519667063638,-0.00218034420495,0.0053413225647,4,0
680,1.36,1,-0.393302351236,0,-0.29825347662,0,0,-0.366595562856,-0.123128638023,-0.393302340639,-0.128758285373,0.090022924025,-0.285475995764,-3.47530634508,3.16922737395,-0.298253465706,-3.94005893132e-05,-0.00735269835279,-0.393246403058,-0.109055635484,-5.27229851832e-07,0.000131807462953,-0.393285803647,-0.366842615924,-0.12392195617,-0.116408333837,-0.395441157363,-0.124330537794,-0.00215535371599,-0.00792220395755,3.23850565147,-0.298253465706,-0.298253465706,-0.303279416614,-0.414234281137,0.090022924025,-0.285475995764,0.0267067777823,0.00562964734973,-0.00782550542455,4,0
680,1.36,2,0.588489413261,0,0.190030455589,0,0,0.583244453965,0.153910797968,0.588489433545,0.1559904066,-0.0843901618615,0.361802444785,0.790492413723,-0.594963086187,0.190030462197,2.76997594093e-05,0.00516646822612,0.588450099918,0.14213664988,6.59037307171e-07,-0.000164759326796,0.588477799677,0.5835532703,0.15490244564,0.147303118106,0.589774729584,0.154182892785,0.00129692990669,0.00687977467878,-2.05697142155,0.190030462197,0.190030462197,0.504099271684,0.517792851385,-0.0843901618615,0.361802444785,-0.00524497958049,-0.00207960863207,0.00549886533903,4,0
690,1.38,1,-0.395961731672,0,-0.247437343001,0,0,-0.369131914577,-0.130159742524,-0.395961745272,-0.135849461253,0.0844138369875,-0.275977692866,-3.44065845798,3.18552762549,-0.247437341296,-3.86958724354e-05,-0.00722914072617,-0.395906838373,-0.116509254871,-3.98104212707e-07,9.95260531737e-05,-0.395945534245,-0.369392834984,-0.130758781352,-0.123738395597,-0.397690375306,-0.131349678387,-0.0017448410612,-0.00761128279034,3.33758143948,-0.247437341296,-0.247437341296,-0.311547908284,-0.411827154119,0.0844138369875,-0.275977692866,0.0268298306945,0.00568971872957,-0.0076934911954,4,0
690,1.38,2,0.591709375381,0,0.182805657387,0,0,0.586414893624,0.162699678447,0.591709354077,0.164372864039,-0.0772744678085,0.350411078242,0.7885658604,-0.600427121098,0.182805656858,2.68124355634e-05,0.00501133321709,0.591671319906,0.150976040224,4.9763025578e-07,-0.000124407563933,0.591698132341,0.586741044132,0.163448476967,0.155987373441,0.592930521586,0.162971162945,0.00123238924447,0.00698378950425,-2.17986412409,0.182805656858,0.182805656858,0.514434886268,0.514783942282,-0.0772744678085,0.350411078242,-0.00529446045336,-0.00167318559268,0.00533308244385,4,0
700,1.4,1,-0.398747473955,0,-0.356132864952,0,0,-0.371795760468,-0.136532558722,-0.398747472302,-0.143041419321,0.0790079781748,-0.265007978673,-3.56482130422,3.20068520718,-0.356132861139,-4.04090228631e-05,-0.00751832761922,-0.398689852684,-0.1227232428,-5.14119304296e-07,0.000128529826076,-0.398730261707,-0.372069613281,-0.137311995765,-0.130241570419,-0.401384541626,-0.137765424604,-0.00265427991845,-0.00752385418502,3.27904106079,-0.356132861139,-0.356132861139,-0.319739494127,-0.408049397995,0.0790079781748,-0.265007978673,0.0269517118342,0.00650886059916,-0.00800323589358,4,0
700,1.4,2,0.595080435276,0,0.224663540721,0,0,0.589744700991,0.170665698597,0.595080430137,0.173241682265,-0.0704060615746,0.336820064661,0.835541625475,-0.605128867108,0.224663543948,2.9110415787e-05,0.00539988942978,0.595038762828,0.158535448541,6.42649128468e-07,-0.000160662282109,0.595067873243,0.590087017007,0.171639994898,0.163935337971,0.596647653458,0.170953321616,0.00157978021434,0.00701798364529,-2.10632468083,0.224663543948,0.224663543948,0.524674368562,0.510061746925,-0.0704060615746,0.336820064661,-0.00533572914534,-0.00257598366799,0.00574921441923,4,0
710,1.42,1,-0.4016931355,0,-0.183375969529,0,0,-0.374589974185,-0.142071161039,-0.401693130935,-0.149031223781,0.07382953059,-0.253579683795,-3.41647170862,3.22545275874,-0.183375962642,-3.83803268961e-05,-0.00718242331133,-0.401638764064,-0.129887204555,-2.0173595755e-07,5.04339893824e-05,-0.40167714439,-0.374874430131,-0.142379274772,-0.137069627866,-0.402947648124,-0.143252730787,-0.00127050373365,-0.00618310292069,3.50333446262,-0.183375962642,-0.183375962642,-0.327863600345,-0.402610907576,0.07382953059,-0.253579683795,0.0271031567491,0.0069600627417,-0.00764298723408,4,0
710,1.42,2,0.598645865917,0,0.172751247883,0,0,0.593237468141,0.177588951382,0.598645840972,0.180076250898,-0.0638163396517,0.323187382788,0.797070970906,-0.61903455383,0.172751246601,2.6490773013e-05,0.00496728119799,0.598608384556,0.166890808446,2.52169935377e-07,-6.3042483831e-05,0.598634875329,0.593593038073,0.177974093531,0.171858089644,0.599824247763,0.177863400533,0.00118937243461,0.00600531088964,-2.41114416507,0.172751246601,0.172751246601,0.534829501321,0.503263633686,-0.0638163396517,0.323187382788,-0.00540837283117,-0.00248729951598,0.00528517047415,4,0
720,1.44,1,-0.404679119587,0,-0.249845549464,0,0,-0.37745734498,-0.144667490292,-0.404679113499,-0.150006910508,0.0688778314576,-0.241264812788,-3.4873094983,3.22975419793,-0.249845543297,-3.89117309863e-05,-0.00724281629964,-0.404623650167,-0.130450307549,-2.51120474637e-07,6.27801186546e-05,-0.404662561898,-0.377747037313,-0.14503450701,-0.137693123849,-0.406403755306,-0.145873590722,-0.00174119340776,-0.00818046687319,3.48400368222,-0.249845543297,-0.249845543297,-0.335801282042,-0.391271723296,0.0688778314576,-0.241264812788,0.0272217685191,0.00533942021573,-0.00770975707148,4,0
720,1.44,2,0.602249979973,0,0.210537239909,0,0,0.596821681634,0.180834362786,0.602249989242,0.181160384962,-0.0574983858189,0.307929268066,0.824093335802,-0.608178327337,0.210537240317,2.72131638017e-05,0.00505121018235,0.602211057777,0.167420674721,3.13900585969e-07,-7.84751464901e-05,0.602238270941,0.597183797051,0.181293133673,0.172471884903,0.60363248705,0.181118146345,0.00139421610922,0.00864626144213,-2.32880318141,0.210537240317,0.210537240317,0.544751603423,0.489089653028,-0.0574983858189,0.307929268066,-0.00542830760735,-0.000326022175511,0.00537776814797,4,0
730,1.46,1,-0.407780945301,0,-0.197763741016,0,0,-0.380402969582,-0.149791809762,-0.407780953972,-0.158926345638,0.0642074011558,-0.226861199568,-3.47216689269,3.26622427658,-0.197763739256,-4.08625730545e-05,-0.00768852597252,-0.407723388783,-0.138677376532,-1.26216952501e-07,3.15542381187e-05,-0.407764251356,-0.380702771567,-0.149995655327,-0.146365902505,-0.409219507668,-0.150992498849,-0.00145525631278,-0.00462659634434,3.59239771221,-0.197763739256,-0.197763739256,-0.343573552816,-0.385787545206,0.0642074011558,-0.226861199568,0.0273779843898,0.00913453587604,-0.00817887684917,4,0
730,1.46,2,0.606006324291,0,0.180617764592,0,0,0.600503712384,0.187239762046,0.606006317615,0.192531110814,-0.051539375747,0.289703319484,0.826810455715,-0.640189462232,0.180617768596,2.98237605399e-05,0.00564533976012,0.60596455354,0.177856356742,1.5777118112e-07,-3.94427952779e-05,0.605994377301,0.600878464865,0.187494568989,0.183501696502,0.607331918117,0.187524270618,0.00133754081678,0.00402257411647,-2.56153650006,0.180617768596,0.180617768596,0.554466941868,0.482234430298,-0.051539375747,0.289703319484,-0.00550260523053,-0.00529134876777,0.0060032248866,4,0
740,1.48,1,-0.410922855139,0,-0.0718723759055,0,0,-0.383400182372,-0.149153742411,-0.410922860352,-0.154431113436,0.0597877177768,-0.2145083334,-3.34855065711,3.2693735263,-0.0718723755504,-3.6785402936e-05,-0.0068633304242,-0.410870548802,-0.135993473259,1.30042718649e-07,-3.25106796562e-05,-0.410907334205,-0.383698288731,-0.148955647477,-0.142856803684,-0.411195642214,-0.150311886571,-0.000288308009264,-0.00745508288775,3.76271172553,-0.0718723755504,-0.0718723755504,-0.351135142576,-0.368939446836,0.0597877177768,-0.2145083334,0.0275226779806,0.0052773710249,-0.00730475525943,4,0
740,1.48,2,0.609798550606,0,0.161897853017,0,0,0.604250228367,0.186442177684,0.609798571893,0.186008685862,-0.0458796428527,0.275165621172,0.790417040307,-0.623654182839,0.161897847476,2.45159502268e-05,0.00457081858925,0.609763646469,0.173691778405,-1.62553409844e-07,4.06383524618e-05,0.609788162419,0.604622861315,0.186194558998,0.178262596994,0.610785149936,0.186714466083,0.00099698751696,0.00845186908817,-2.68511712824,0.161897847476,0.161897847476,0.56391892904,0.461174307034,-0.0458796428527,0.275165621172,-0.00554834352619,0.000433491821613,0.00486500999197,4,0
750,1.5,1,-0.414010375738,0,-0.451416820288,0,0,-0.386379015644,-0.150240357109,-0.414010386201,-0.158030635611,0.0556523549133,-0.198492047319,-3.74189941121,3.28183273184,-0.451416832839,-4.39006887731e-05,-0.00812303827141,-0.413947396406,-0.135789110385,-3.93585848968e-07,9.83964622485e-05,-0.413991297095,-0.386680147645,-0.150861189977,-0.143912148656,-0.417435511156,-0.151534377755,-0.0034442140612,-0.00762222909909,3.43373989588,-0.451416832839,-0.451416832839,-0.358358031288,-0.35652268293,0.0556523549133,-0.198492047319,0.0276313705572,0.00779027850245,-0.00864984653668,4,0
750,1.5,2,0.61352866888,0,0.280822873116,0,0,0.607973769949,0.187800445936,0.613528667943,0.19174088349,-0.0405811280445,0.253912468484,0.916456510598,-0.628998655731,0.280822875607,3.38799416837e-05,0.00622841995949,0.613479686703,0.174416636428,4.91982307782e-07,-0.000122995576935,0.613513566645,0.60835018495,0.188576487016,0.180645056387,0.615542475929,0.188115808685,0.00202890928432,0.00747075229788,-2.28761994187,0.280822875607,0.280822875607,0.572947539898,0.445653351974,-0.0405811280445,0.253912468484,-0.00555489799362,-0.00394043755347,0.00663497925969,4,0
760,1.52,1,-0.417219251394,0,0.0502879209816,0,0,-0.38940176289,-0.149874276738,-0.417219246014,-0.157535812196,0.0518354541636,-0.184382278853,-3.2751754408,3.31818422434,0.050287921117,-3.64395034513e-05,-0.00684186353851,-0.417167758834,-0.139410807344,4.06479580384e-07,-0.000101619895101,-0.417204198337,-0.389700919126,-0.149273258334,-0.146252670883,-0.41658703543,-0.151006996428,0.000617162907013,-0.00475432554492,3.98478957484,0.050287921117,0.050287921117,-0.36538379185,-0.341918091049,0.0518354541636,-0.184382278853,0.0278174831237,0.00766153545729,-0.00727913757993,4,0
760,1.52,2,0.617417931557,0,0.112953513861,0,0,0.611752203997,0.187342845343,0.617417948322,0.190158375095,-0.0356882077559,0.237239236841,0.773599712804,-0.655793767791,0.112953516151,2.41696851777e-05,0.00456239264117,0.617383950088,0.178197227629,-5.08099488039e-07,0.000127024871999,0.617408119773,0.612126149291,0.186591572319,0.182759620271,0.618147328716,0.187609308873,0.000739208942808,0.00484968860273,-3.03861438539,0.112953516151,0.112953516151,0.581729740566,0.427397611937,-0.0356882077559,0.237239236841,-0.00566574432504,-0.0028155297521,0.0048524288633,4,0
770,1.54,1,-0.420235872269,0,-0.162042081356,0,0,-0.392335879839,-0.143988976874,-0.42023587744,-0.147222688725,0.0482672645888,-0.170452483868,-3.46967809672,3.29998364309,-0.162042088314,-3.87845132424e-05,-0.00718695116283,-0.420180299093,-0.127601863908,1.34994953604e-07,-3.37487384071e-05,-0.420219083606,-0.39262360943,-0.143763549628,-0.134788815071,-0.421136093895,-0.145188985793,-0.000917010289195,-0.0104001707221,3.80859298719,-0.162042088314,-0.162042088314,-0.371968612851,-0.317675172593,0.0482672645888,-0.170452483868,0.0278999976011,0.00323371185177,-0.00765236532174,4,0
770,1.54,2,0.621053338051,0,0.206604585052,0,0,0.615419850169,0.17998622034,0.621053359241,0.177825117653,-0.0310925924641,0.219268845957,0.831192160874,-0.619247747175,0.206604578121,2.72325479013e-05,0.00501304500273,0.621014015233,0.163909182101,-1.68743700013e-07,4.21859249976e-05,0.62104124778,0.615779512157,0.179704436271,0.168922227103,0.622290025492,0.180272477645,0.00124877771177,0.0113502505418,-2.67554308655,0.206604578121,0.206604578121,0.589960766777,0.39709396361,-0.0310925924641,0.219268845957,-0.00563350907169,0.00216110268754,0.00533983557754,4,0
780,1.56,1,-0.423281669617,0,-0.0283057261258,0,0,-0.395226478477,-0.144835799273,-0.423281668648,-0.155427974152,0.0450592165035,-0.151931552103,-3.39105316674,3.35427099599,-0.0283057270501,-4.20225096198e-05,-0.00797217358059,-0.423222931289,-0.134794417184,3.72990370145e-07,-9.3247592534e-05,-0.423264953799,-0.395515644189,-0.144303113145,-0.142766590765,-0.423365764908,-0.146008269541,-0.000100811109742,-0.00324167877622,3.99649721054,-0.0283057270501,-0.0283057270501,-0.378222452145,-0.307359526255,0.0450592165035,-0.151931552103,0.0280551901707,0.0105921748785,-0.00847644369603,4,0
780,1.56,2,0.624756932259,0,0.123609855771,0,0,0.619033098452,0.181044748246,0.624756914228,0.189194852715,-0.0269788483781,0.195004552878,0.81009576911,-0.680058176654,0.123609856274,3.15215142035e-05,0.00604947801203,0.624713354849,0.173924235682,-4.66237972563e-07,0.000116559493149,0.624744876363,0.61939455559,0.180378890572,0.179973713694,0.625718725069,0.181323316022,0.000973848705273,0.00134960232817,-3.11938669948,0.123609856274,0.123609856274,0.59777806585,0.384199405593,-0.0269788483781,0.195004552878,-0.00572381577681,-0.00815010446889,0.00642773618247,4,0
790,1.58,1,-0.426213860512,0,0.165481120348,0,0,-0.398037792183,-0.135138035409,-0.426213870558,-0.137708901903,0.0421163836465,-0.14054433524,-3.17896248268,3.33760411383,0.165481118745,-3.44951134852e-05,-0.0064255462269,-0.426164684722,-0.120360008291,7.36452811734e-07,-0.000184113202933,-0.426199179835,-0.398306946139,-0.134024638623,-0.126785554518,-0.424426337029,-0.136237558111,0.00177284280591,-0.00945200359275,4.21855709273,0.165481118745,0.165481118745,-0.384097486911,-0.278253237143,0.0421163836465,-0.14054433524,0.0281760783748,0.00257086649467,-0.00683948758872,4,0
790,1.58,2,0.628301978111,0,0.0938056334853,0,0,0.622547240565,0.168922543243,0.628301977819,0.165872960694,-0.0231801185575,0.181943583275,0.737506889608,-0.639403505249,0.0938056354734,2.17266733616e-05,0.00403702880569,0.628270850604,0.154878134379,-9.20566025853e-07,0.000230141506473,0.628292577278,0.622883683008,0.167530797243,0.158915163185,0.628646727351,0.169176688526,0.000354150073072,0.010261525341,-3.21933544386,0.0938056354734,0.0938056354734,0.605121859261,0.347816543969,-0.0231801185575,0.181943583275,-0.00575473725423,0.0030495825494,0.00429774888603,4,0
800,1.6,1,-0.428884834051,0,-0.485144793987,0,0,-0.400660599156,-0.12988767839,-0.428884828008,-0.13660278094,0.0394689216766,-0.122203356953,-3.83586915788,3.34150668134,-0.485144787049,-4.69848650888e-05,-0.00865387111678,-0.428817070279,-0.11265219982,-2.03678074184e-07,5.09195185424e-05,-0.428864055144,-0.400920785061,-0.130245711211,-0.121306070937,-0.432494094907,-0.131214074047,-0.00363003976251,-0.00990800310957,3.60675079573,-0.485144787049,-0.485144787049,-0.389415906331,-0.258806137894,0.0394689216766,-0.122203356953,0.0282242288521,0.00671510255001,-0.00921768949784,4,0
800,1.6,2,0.631541252136,0,0.287662059069,0,0,0.625825749259,0.162359596848,0.631541233619,0.167126245638,-0.019771350133,0.156381424138,0.939274041478,-0.6442055103,0.287662045616,3.80572182664e-05,0.00694979894333,0.631485815051,0.147495947732,2.54597588345e-07,-6.36493970725e-05,0.631523872269,0.626150981639,0.162807137867,0.154445746675,0.633577853711,0.1626826012,0.00205398144161,0.00823685452464,-2.48566126511,0.287662045616,0.287662045616,0.611769883486,0.323507669776,-0.019771350133,0.156381424138,-0.00571548435973,-0.00476664879048,0.00740648556253,4,0
810,1.62,1,-0.431616485119,0,0.332869082689,0,0,-0.403221085219,-0.122729547562,-0.431616496527,-0.128668774391,0.0371834082169,-0.108258789926,-3.0569257947,3.38294925188,0.332869078886,-3.41558901699e-05,-0.00643575101636,-0.431568363762,-0.111729220511,1.05511221676e-06,-0.000263778054194,-0.431602519652,-0.403464983651,-0.121157882183,-0.118164971528,-0.428594369153,-0.123786767726,0.00300815049899,-0.00562179619861,4.45958236999,0.332869078886,0.332869078886,-0.394433088311,-0.236927564317,0.0371834082169,-0.108258789926,0.0283954113088,0.0059392268292,-0.0068456216984,4,0
810,1.62,2,0.6348772645,0,0.0064647262916,0,0,0.629026356814,0.153411933186,0.634877259336,0.155981232062,-0.0168358984284,0.140178220611,0.692496496745,-0.681704861188,0.00646472617314,2.13928143354e-05,0.00407019561194,0.634847349846,0.145465449499,-1.31889028221e-06,0.000329722570551,0.63486874266,0.629331229852,0.151447351445,0.149535645111,0.634751164473,0.153650466838,-0.000117578187205,0.00411482172754,-3.65135914612,0.00646472617314,0.00646472617314,0.618041360907,0.296159452673,-0.0168358984284,0.140178220611,-0.00585090252174,-0.0025692988762,0.00432690938397,4,0
820,1.64,1,-0.433913290501,0,-0.0247002094984,0,0,-0.405517975512,-0.107898011455,-0.433913297634,-0.106788187867,0.0351013553625,-0.0961335514146,-3.36996784725,3.337743594,-0.0247002102072,-3.8288233429e-05,-0.00706458423887,-0.433858153684,-0.0872989522813,5.5289288331e-07,-0.000138223220822,-0.433896441917,-0.405732871426,-0.107033287694,-0.0943635365202,-0.433489778389,-0.109063503242,0.000406663528345,-0.0146999667217,4.11536857905,-0.0247002102072,-0.0247002102072,-0.398811942271,-0.202921739282,0.0351013553625,-0.0961335514146,0.0283953221221,-0.00110982358799,-0.00752404304001,4,0
820,1.64,2,0.637655138969,0,0.153082311153,0,0,0.631897469653,0.134872512899,0.637655156104,0.129860607214,-0.0141402278027,0.123791563994,0.778000370072,-0.619715425983,0.153082317738,2.67345959556e-05,0.00488181119898,0.637616170695,0.116043331592,-6.91116111562e-07,0.000172779027884,0.637642905291,0.632166089544,0.133791608186,0.120925142791,0.638326289705,0.135140380401,0.000683384414069,0.0142152376099,-3.00159827032,0.153082317738,0.153082317738,0.623514928302,0.253652171208,-0.0141402278027,0.123791563994,-0.00575768645118,0.00501190568519,0.00520262635044,4,0
830,1.66,1,-0.436138510704,0,0.184462189674,0,0,-0.407639070854,-0.103861961932,-0.43613851499,-0.113266563325,0.0334013904183,-0.0758445203771,-3.22621121558,3.40203436846,0.184462192777,-4.25370834601e-05,-0.00812859489383,-0.436079470495,-0.0925497593573,8.8582359703e-07,-0.000221455899255,-0.436122007578,-0.407845540403,-0.102570406733,-0.100678354251,-0.434405702472,-0.104977238249,0.00171630510639,-0.00429888399788,4.36391284,0.184462192777,0.184462192777,-0.402737124571,-0.189111083702,0.0334013904183,-0.0758445203771,0.0284994441355,0.00940460139325,-0.00863903989535,4,0
830,1.66,2,0.64039683342,0,0.020307039842,0,0,0.634548838802,0.129827450902,0.640396806588,0.139809983747,-0.0119754004702,0.0965788679273,0.731372008019,-0.704400757443,0.0203070391195,3.23199798629e-05,0.00627637169856,0.640352658289,0.124363883476,-1.10727950486e-06,0.000276819876205,0.640384978269,0.634806925735,0.128213006891,0.130640255175,0.640577603834,0.130078649445,0.000192625564717,-0.000561605729306,-3.62134684275,0.0203070391195,0.0203070391195,0.628421406118,0.236388851674,-0.0119754004702,0.0965788679273,-0.00584796778647,-0.00998253284456,0.00666421145691,4,0
840,1.68,1,-0.43809351325,0,0.426396369934,0,0,-0.409544586453,-0.0852714005652,-0.438093526768,-0.0830262351441,0.0319290713491,-0.068491277568,-2.94183724045,3.36188748877,0.426396362826,-3.20605594164e-05,-0.00596138778822,-0.438047683129,-0.066843736867,1.31486234833e-06,-0.000328715587083,-0.438079743688,-0.409713128405,-0.0832848292653,-0.0728051246552,-0.433964616616,-0.086288901822,0.00411512707216,-0.0134837771668,4.60692072213,0.426396362826,0.426396362826,-0.406164455419,-0.151517512712,0.0319290713491,-0.068491277568,0.0285489403156,-0.00224516542107,-0.00634611450121,4,0
840,1.68,2,0.642781674862,0,-0.0172791723162,0,0,0.636930733268,0.106589249054,0.642781661942,0.100600483003,-0.0100760923246,0.088796404797,0.627140178369,-0.640733936016,-0.017279172272,1.87059611804e-05,0.00346094309136,0.642754678568,0.0910514629165,-1.6435779443e-06,0.000410894486069,0.642773384529,0.637141410705,0.104106034916,0.0945124060079,0.642117185376,0.106805351225,-0.000656199152982,0.0122929452172,-3.6708174629,-0.017279172272,-0.017279172272,0.632705569618,0.1893968878,-0.0100760923246,0.088796404797,-0.00585092867388,0.00598876605111,0.00368541462553,4,0
850,1.7,1,-0.439591765404,0,-0.446727603674,0,0,-0.411096887413,-0.0737538231052,-0.439591778205,-0.0770139622802,0.0307024084483,-0.0505456138979,-3.80897680676,3.35267301502,-0.446727596159,-4.89636845404e-05,-0.00898863136109,-0.439520916327,-0.0519479723874,2.23152903933e-08,-5.57882259378e-06,-0.439569880011,-0.411244502618,-0.0737908662502,-0.0609366037485,-0.442703686258,-0.075070773057,-0.0031338062468,-0.0141341693086,3.74925280938,-0.446727596159,-0.446727596159,-0.408889369757,-0.127559576178,0.0307024084483,-0.0505456138979,0.0284948907922,0.00326013917507,-0.00957619557558,4,0
850,1.7,2,0.644628226757,0,0.236436754465,0,0,0.638871109434,0.092192277127,0.644628239436,0.0968175508922,-0.00851652695908,0.0626319161732,0.887475054871,-0.643152781051,0.236436748549,4.06929688512e-05,0.00739720964442,0.644568698693,0.0757068502386,-2.78941175713e-08,6.97352939892e-06,0.644609391662,0.639055628438,0.0922385810515,0.0831040598831,0.646188318693,0.0924971608461,0.00157892703111,0.00939310096305,-2.64448431411,0.236436748549,0.236436748549,0.636111712477,0.159449467065,-0.00851652695908,0.0626319161732,-0.00575713000166,-0.0046252737652,0.00788552527063,4,0
860,1.72,1,-0.441080033779,0,0.617742419243,0,0,-0.412479744563,-0.0601353655656,-0.441080044644,-0.0620466918643,0.029832080014,-0.0391948403988,-2.7801681408,3.39152860196,0.617742442148,-3.17469393676e-05,-0.0060010177164,-0.441035411395,-0.0463421377285,1.62565890072e-06,-0.000406414725186,-0.441067158334,-0.412597600588,-0.0577087685071,-0.0523431554449,-0.435554568769,-0.0610968165742,0.00551258956495,-0.00875366112934,4.82273422198,0.617742442148,0.617742442148,-0.41124796463,-0.101241532263,0.029832080014,-0.0391948403988,0.0286003000808,0.00191132629866,-0.00638198098881,4,0
860,1.72,2,0.646492779255,0,-0.134327471256,0,0,0.640599680836,0.0751692051023,0.646492773134,0.0766312894777,-0.00743281712963,0.049920622632,0.555850767609,-0.68643286194,-0.134327475991,1.8368065085e-05,0.00352496487927,0.646467262172,0.0676680269873,-2.03207363358e-06,0.000508018408403,0.646485630237,0.640747000864,0.0721359587675,0.0711929918666,0.64519258526,0.0753605761199,-0.00129304497715,0.00416758425334,-4.11330365086,-0.134327475991,-0.134327475991,0.639059956004,0.12655191211,-0.00743281712963,0.049920622632,-0.00589309229811,-0.00146208437539,0.00374538166029,4,0
870,1.74,1,-0.441925227642,0,0.142123267055,0,0,-0.413442779965,-0.0375478576391,-0.441925219141,-0.0304741447633,0.0290716765715,-0.0314043314609,-3.18455702018,3.31936758742,0.142123264108,-3.73348869428e-05,-0.00686467822382,-0.441871233551,-0.0113777735568,9.2449213468e-07,-0.000231123033669,-0.441908568438,-0.41351639962,-0.0361164583282,-0.0182424517806,-0.439873928582,-0.0386491554981,0.0020346398558,-0.0204067037175,4.32848458849,0.142123264108,0.142123264108,-0.412853542569,-0.0618784762241,0.0290716765715,-0.0314043314609,0.0284824391755,-0.00707371287586,-0.00731269686714,4,0
870,1.74,2,0.647537648678,0,0.053474612534,0,0,0.641803475051,0.0469348200912,0.64753762424,0.0388737778388,-0.00647069587566,0.0384743141587,0.661305270085,-0.60289605169,0.053474611344,2.55260232326e-05,0.0046282947724,0.647500106038,0.0255539674029,-1.15561517366e-06,0.000288903793411,0.647525632062,0.641895499616,0.0451455709445,0.0301822621753,0.647263750931,0.0471623315862,-0.00026188113092,0.0169800694109,-3.21757977732,0.053474611344,0.053474611344,0.641066928364,0.0773480919975,-0.00647069587566,0.0384743141587,-0.00573414918867,0.00806104225246,0.0049346070512,4,0
880,1.76,1,-0.442603051662,0,0.407042473555,0,0,-0.414111763941,-0.0289253997679,-0.442603036894,-0.0345265875151,0.0286615018875,-0.0118354840479,-2.98515972237,3.38360914719,0.407042478043,-4.2091270159e-05,-0.00808795798492,-0.442544919652,-0.0141533436732,1.31527861397e-06,-0.000328819653498,-0.442587010923,-0.414167728938,-0.0269960391489,-0.0222413016581,-0.438873497064,-0.029957138648,0.00371351385827,-0.00771583698984,4.60643432979,0.407042478043,0.407042478043,-0.413941535006,-0.046362071563,0.0286615018875,-0.0118354840479,0.0284912729523,0.00560118774719,-0.00859305322683,4,0
880,1.76,2,0.648441195488,0,-0.11631090939,0,0,0.642639704981,0.036156747678,0.648441216663,0.0462616698669,-0.00601429781856,0.0116909162883,0.59177042244,-0.701478844599,-0.116310906335,3.17338127051e-05,0.00622167842324,0.648398278319,0.0312634665597,-1.64409827308e-06,0.000411024568274,0.648430012132,0.642709661222,0.0337450468961,0.0374851449829,0.647507653168,0.0363595788525,-0.000922358964027,-0.00112556613043,-3.94201899405,-0.116310906335,-0.116310906335,0.642426918844,0.0579525861552,-0.00601429781856,0.0116909162883,-0.00580151168174,-0.0101049221889,0.0066024841757,4,0
890,1.78,1,-0.442880302668,0,0.666452229023,0,0,-0.414449237114,-0.00332593810252,-0.442880288919,0.00515457966355,0.028403159963,-0.0103062897331,-2.65951794987,3.32009322376,0.666452199681,-2.97366898163e-05,-0.0055200855173,-0.442837662308,0.0202113878527,1.75145903714e-06,-0.000437864759289,-0.442867398997,-0.414453224444,-0.000680070459765,0.0146913023354,-0.436524587055,-0.00424574435003,0.00634281194256,-0.0189370466854,4.83208019048,0.666452199681,0.666452199681,-0.414477128956,-0.00515171006955,0.028403159963,-0.0103062897331,0.0284310518046,-0.00848051776606,-0.0058769257951,4,0
890,1.78,2,0.648822963238,0,-0.155569791794,0,0,0.643061546406,0.00415742051858,0.648822948025,-0.00491146254907,-0.00572653680938,0.0113510968161,0.466726498955,-0.619224252565,-0.155569795707,1.5664903674e-05,0.00288406325397,0.648800180127,-0.0129849592051,-2.18932380081e-06,0.000547330950204,0.64881584503,0.643066530564,0.000850085958534,-0.0101008959511,0.646918637208,0.00431813263534,-0.001897207822,0.0144190285865,-3.91577115836,-0.155569795707,-0.155569795707,0.643096411215,0.006439634267,-0.00572653680938,0.0113510968161,-0.00576140161866,0.00906888306764,0.00307204209806,4,0
900,1.8,1,-0.442554354668,0,-0.33331272006,0,0,-0.414306369089,0.0131674822325,-0.442554368316,0.0153342667929,0.0282988604617,0.00487889061834,-3.63803532413,3.29511335554,-0.333312713936,-4.92158198226e-05,-0.00901866482196,-0.442483011744,0.0405840793281,2.4345223204e-07,-6.08630580114e-05,-0.442532227564,-0.414279830294,0.0134519868751,0.0315654145062,-0.44449084939,0.0119097955533,-0.00195862182643,-0.0196556189529,3.81545146263,-0.333312713936,-0.333312713936,-0.414255507854,0.0202131574112,0.0282988604617,0.00487889061834,0.0282479992264,-0.00216678456041,-0.00960925465983,4,0
900,1.8,2,0.648490607738,0,0.130368739367,0,0,0.642882961332,-0.0164593549606,0.648490585061,-0.0132559354603,-0.00567120028909,-0.0120105146183,0.755534171102,-0.617259304153,0.130368745835,4.09060357221e-05,0.00741524868559,0.648430567013,-0.0345470240221,-3.04315294186e-07,7.60788235509e-05,0.648471473049,0.642849787833,-0.0168149857701,-0.0271317753365,0.64910239745,-0.016200211789,0.00063092440081,0.0109315635475,-2.6983280464,0.130368745835,0.130368745835,0.642819384772,-0.0252664500786,-0.00567120028909,-0.0120105146183,-0.0056076237287,-0.00320341950026,0.00790612111426,4,0
910,1.82,1,-0.44215080142,0,0.854485690594,0,0,-0.413906783838,0.0316327757626,-0.44215081556,0.0355733030241,0.0285008712289,0.0119876950583,-2.47477706186,3.32333254338,0.854485691112,-2.9439733281e-05,-0.00557693279554,-0.442109485124,0.0501145843422,2.00027719854e-06,-0.00050006929964,-0.442138924857,-0.413840539938,0.0346221576133,0.0445376515467,-0.43444485124,0.0307770229542,0.00769407361729,-0.0137606285925,4.97830907642,0.854485691112,0.854485691112,-0.413649944331,0.0475609980823,0.0285008712289,0.0119876950583,0.0282440317218,-0.00394052726149,-0.00593020959491,4,0
910,1.82,2,0.648096859455,0,-0.286725491285,0,0,0.642383479723,-0.0395409719253,0.648096873726,-0.0401759786835,-0.00603444342518,-0.0192752722173,0.375948778142,-0.659538853103,-0.286725505429,1.52532680026e-05,0.00295239125256,0.648075823332,-0.0475679175944,-2.50034650051e-06,0.000625086625116,0.6480910766,0.642300674845,-0.0432776992422,-0.0446155263419,0.645484873257,-0.0394117471948,-0.00260620334304,0.00520377914709,-4.28887954139,-0.286725505429,-0.286725505429,0.642062430301,-0.0594512509007,-0.00603444342518,-0.0192752722173,-0.00571339400282,0.000635006758113,0.00313543046859,4,0
920,1.84,1,-0.440972089767,0,0.313226848841,0,0,-0.412981925214,0.0591660892793,-0.440972081674,0.0729735277743,0.028697848478,0.014208017691,-2.92254846391,3.22876151331,0.313226836492,-3.58779445266e-05,-0.00658325175793,-0.440920087299,0.0913739990839,1.17306806269e-06,-0.000293267015678,-0.440955965244,-0.412861736167,0.0609743247775,0.084790747326,-0.437235939857,0.0581555053359,0.00372002538701,-0.0266352419901,4.38161546552,0.313226836492,0.313226836492,-0.412274233196,0.0871815454653,0.028697848478,0.014208017691,0.0279901564594,-0.013807438495,-0.00701378709225,4,0
920,1.84,2,0.646717846394,0,-0.077913120389,0,0,0.6412274064,-0.0739576138485,0.646717827434,-0.0849743022542,-0.00637503611643,-0.024002632823,0.488579937997,-0.561986838165,-0.0779131205023,2.34291596441e-05,0.00422507041879,0.646683189585,-0.0972864129154,-1.46633508058e-06,0.000366583770138,0.646706618745,0.641077170086,-0.0762179082243,-0.0930613424966,0.645254362803,-0.0737898239984,-0.00145225594161,0.0192715184983,-3.23518680812,-0.0779131205023,-0.0779131205023,0.640342791317,-0.108976935077,-0.00637503611643,-0.024002632823,-0.00549042103404,0.0110166884057,0.00450622033451,4,0
930,1.86,1,-0.439554005861,0,0.602290451527,0,0,-0.411683052933,0.0711659748422,-0.439553996513,0.0716244838619,0.029169917233,0.0307689643086,-2.68779196912,3.28179104142,0.602290480816,-4.04909631927e-05,-0.0078055169521,-0.439498266463,0.0911501913503,1.56990466066e-06,-0.000392476165159,-0.439538757426,-0.411538454629,0.0734765801579,0.0833446743982,-0.433973525534,0.0702372051505,0.00556523189212,-0.0131074692477,4.64893493077,0.602290480816,0.602290480816,-0.41038407928,0.102393448171,0.029169917233,0.0307689643086,0.0278709435807,-0.000458509019752,-0.00829140851041,4,0
930,1.86,2,0.645114183426,0,-0.26418659091,0,0,0.639603816002,-0.0889574708429,0.645114169174,-0.0807699469204,-0.00713407031614,-0.0472218665091,0.403126416701,-0.661151278938,-0.264186582663,2.94079278823e-05,0.00580882529146,0.64507468471,-0.0945426796071,-1.96238082684e-06,0.000490595206708,0.645104092638,0.639423068118,-0.0918457274892,-0.0887338543157,0.642906121967,-0.088819874761,-0.0021979706703,-8.60204453496e-05,-3.96787964725,-0.264186582663,-0.264186582663,0.637980098858,-0.12799181343,-0.00713407031614,-0.0472218665091,-0.00551035317239,-0.00818752392255,0.00616172042605,4,0
940,1.88,1,-0.43765810132,0,0.841176867485,0,0,-0.409981579076,0.100335592733,-0.437658111111,0.115625241389,0.0296995644551,0.0262562886956,-2.36290515161,3.1986007387,0.841176883449,-2.77649303271e-05,-0.00514811719361,-0.437618250856,0.129710043241,1.94646652013e-06,-0.000486616630036,-0.437646015787,-0.409777946308,0.103276234155,0.124561926048,-0.429592730732,0.0995184614142,0.00805328505514,-0.0250434646336,4.81658250724,0.841176883449,0.841176883449,-0.407958546656,0.141881530084,0.0296995644551,0.0262562886956,0.0276765320349,-0.0152896486553,-0.00548129635754,4,0
940,1.88,2,0.642892062664,0,-0.297276467085,0,0,0.637476973636,-0.125419493199,0.642892061422,-0.137345020635,-0.00794387840777,-0.0400068950899,0.273154753933,-0.567936584501,-0.297276465625,1.27815575282e-05,0.00234125636647,0.642873348143,-0.143993178219,-2.43308314873e-06,0.000608270787185,0.6428861297,0.63722243267,-0.129095294974,-0.141651921852,0.639728565612,-0.125325676867,-0.00315756408793,0.0163262449854,-3.84810492134,-0.297276465625,-0.297276465625,0.634948183014,-0.177351915725,-0.00794387840777,-0.0400068950899,-0.00541508778651,0.0119255274355,0.00249463505681,4,0
950,1.9,1,-0.435093820095,0,-0.153028100729,0,0,-0.407738792349,0.119422833413,-0.435093829036,0.128404147797,0.0302747264675,0.0369629973325,-3.31943254264,3.15716970122,-0.153028103727,-4.73008362747e-05,-0.00866712766538,-0.435025258245,0.152666422426,4.18764856236e-07,-0.000104691214054,-0.435072559082,-0.407499478703,0.119970896446,0.143999294761,-0.435275966463,0.118275451158,-0.000203407380962,-0.0257238436023,3.76858633518,-0.153028103727,-0.153028103727,-0.404819102568,0.165367145129,0.0302747264675,0.0369629973325,0.0273550366873,-0.00898131438341,-0.00923473770068,4,0
950,1.9,2,0.639876663685,0,-0.0165778007358,0,0,0.634673490181,-0.149278544052,0.639876688641,-0.14878178865,-0.00885281079752,-0.0579271458035,0.55082073491,-0.560051604701,-0.0165778014388,3.8052673271e-05,0.00689029956918,0.639820808062,-0.168607415991,-5.23456073265e-07,0.000130864018323,0.639858860735,0.634374348119,-0.149963622848,-0.161717116421,0.63919458941,-0.149090164918,-0.000664271324647,0.0126269515038,-2.59044735823,-0.0165778014388,-0.0165778014388,0.631023877843,-0.206708934454,-0.00885281079752,-0.0579271458035,-0.0052031984603,-0.000496755402004,0.00734693164843,4,0
960,1.92,1,-0.432398289442,0,0.995435476303,0,0,-0.405190503129,0.14002302799,-0.432398302125,0.151064033826,0.0310704667874,0.0391376582871,-2.17665450339,3.1665538844,0.995435477242,-2.74780816337e-05,-0.00520635925916,-0.432359721162,0.164639317116,2.08477038638e-06,-0.00052119259659,-0.432387199244,-0.404907346659,0.143141812773,0.159432957857,-0.423251800104,0.13927047395,0.00913539913982,-0.0201624839073,4.85465562449,0.995435477242,0.995435477242,-0.401327835338,0.190201692113,0.0310704667874,0.0391376582871,0.0272077989956,-0.0110410058354,-0.00553609623876,4,0
960,1.92,2,0.636735498905,0,-0.422500997782,0,0,0.631488128611,-0.175028787263,0.636735486651,-0.178602497461,-0.0100756929067,-0.0591496206289,0.173693342189,-0.59366055653,-0.42250099726,1.22504607363e-05,0.00238677739059,0.636718658189,-0.184510174296,-2.60596297874e-06,0.000651490744686,0.63673090865,0.631134183019,-0.178927268234,-0.182123396905,0.632911986296,-0.174969459859,-0.00381892235409,0.00715393704608,-4.0744141018,-0.42250099726,-0.42250099726,0.626659793744,-0.23775211809,-0.0100756929067,-0.0591496206289,-0.00524735804064,0.00357371019881,0.00253378291943,4,0
970,1.94,1,-0.428904950619,0,0.46021014452,0,0,-0.402088180666,0.168425470925,-0.428904939909,0.188880843007,0.0317558724647,0.0360657884969,-2.60448077646,3.05805706607,0.460210155807,-3.39333859872e-05,-0.00622666555803,-0.428855776992,0.206277436356,1.23836796534e-06,-0.000309591991341,-0.428889710378,-0.401749380531,0.170328843588,0.200050770798,-0.423699385466,0.167525004058,0.00519032491254,-0.0325257667395,4.22798610228,0.460210155807,0.460210155807,-0.397149067444,0.224946631504,0.0317558724647,0.0360657884969,0.0268167592424,-0.0204553720822,-0.00663386618988,4,0
970,1.94,2,0.632582604885,0,-0.219757646322,0,0,0.627610225487,-0.210531840867,0.632582605887,-0.223903750804,-0.0111462720667,-0.0572795413636,0.277368219794,-0.493214750304,-0.219757651448,2.03917753921e-05,0.00366641963317,0.632552371867,-0.234656226184,-1.54795995477e-06,0.000386989988682,0.632572763643,0.627186725313,-0.212911056693,-0.230989806551,0.629885085235,-0.210437055044,-0.00268767840817,0.0205527515064,-2.99250471622,-0.219757651448,-0.219757651448,0.62143633382,-0.281183292168,-0.0111462720667,-0.0572795413636,-0.00497238040007,0.0133719099369,0.00391112093787,4,0
980,1.96,1,-0.42513820529,0,0.732161343098,0,0,-0.398589439386,0.181848198172,-0.425138200297,0.190277557107,0.0326125514006,0.0476056743162,-2.36304584713,3.08750971089,0.732161354817,-3.75977814564e-05,-0.0072463176809,-0.425086421423,0.208422489318,1.58204107281e-06,-0.000395510268199,-0.425124019205,-0.398223446668,0.184182890136,0.201176171637,-0.418183325191,0.181031786264,0.00694069401402,-0.0201443853732,4.4395264484,0.732161354817,0.732161354817,-0.392525648896,0.237883231423,0.0326125514006,0.0476056743162,0.0265487609108,-0.00842935893431,-0.00769749105838,4,0
980,1.96,2,0.628161430359,0,-0.39609503746,0,0,0.623236798843,-0.227310249924,0.628161422082,-0.223106103841,-0.0125043615017,-0.0742479381555,0.186545370455,-0.577357609506,-0.396095024773,2.51032048622e-05,0.00498154726279,0.628127855062,-0.234808101476,-1.97755133668e-06,0.000494387834181,0.628152958267,0.62277930794,-0.230228614873,-0.229826554213,0.624744702494,-0.227247420605,-0.00340825577342,0.0025791336076,-3.62117432234,-0.396095024773,-0.396095024773,0.615657060581,-0.297354041996,-0.0125043615017,-0.0742479381555,-0.00492462323992,-0.00420414608353,0.00528278572114,4,0
990,1.98,1,-0.420888602734,0,0.911185979843,0,0,-0.394680140488,0.210071992987,-0.420888593288,0.231967638076,0.0334353600789,0.038565458107,-2.08574422785,2.99172327127,0.911185988584,-2.63787687248e-05,-0.00489039994127,-0.42085073065,0.245344993008,1.83468481169e-06,-0.000458671202927,-0.420877109419,-0.394257203808,0.212844353358,0.240454593066,-0.411987902978,0.209350836217,0.00888920644026,-0.0311037568494,4.51318291677,0.911185988584,0.911185988584,-0.387453233209,0.270533096183,0.0334353600789,0.038565458107,0.0262084527996,-0.0218956450886,-0.00520694516597,4,0
990,1.98,2,0.623120367527,0,-0.416174143553,0,0,0.618350175177,-0.262589993341,0.623120363803,-0.2765480294,-0.0138038228845,-0.061618343344,0.0703024082574,-0.484468963956,-0.416174139211,1.03225123526e-05,0.00188371336404,0.623105180681,-0.281947786324,-2.29335600688e-06,0.000573339001724,0.623115503194,0.617821504323,-0.266055443792,-0.28006407296,0.618918312367,-0.262566320958,-0.00419719082686,0.0174977520026,-3.40832316997,-0.416174139211,-0.416174139211,0.609316540919,-0.338166372744,-0.0138038228845,-0.061618343344,-0.00477018862652,0.0139580360591,0.00200758351227,4,0
1000,2,1,-0.416009515524,0,0.0725996568799,0,0,-0.390253852974,0.228633425084,-0.416009525083,0.245125207703,0.034206823569,0.0439715370695,-2.87121307286,2.93539112909,0.0725996564224,-4.3049732053e-05,-0.00790500340929,-0.415947280467,0.26713565609,5.15080752883e-07,-0.00012877018822,-0.415990330199,-0.389795948221,0.2293386868,0.25923065268,-0.41406910266,0.227641123014,0.00192122753962,-0.0315895296665,3.58483896993,0.0725996564224,0.0725996564224,-0.381802701514,0.289096744772,0.034206823569,0.0439715370695,0.0257556721097,-0.0164917826187,-0.00842160019392,4,0
1000,2,2,0.617332041264,0,-0.183439314365,0,0,0.612817315742,-0.2857917834,0.617332027563,-0.288866618446,-0.0150786513112,-0.0725043148954,0.293303334534,-0.470576514825,-0.183439310394,3.19055586651e-05,0.00578326339928,0.617285248883,-0.305455872615,-6.43850942339e-07,0.000160962735588,0.617317154442,0.612244934798,-0.286673360548,-0.299672609215,0.615205978795,-0.285692255773,-0.00211117564672,0.0139803534423,-2.29322957129,-0.183439310394,-0.183439310394,0.602253376252,-0.361370933342,-0.0150786513112,-0.0725043148954,-0.00451471182104,0.00307483504606,0.00616613010326,4,0
1010,2.02,1,-0.410970300436,0,1.00349938869,0,0,-0.385524537502,0.247968597262,-0.410970297125,0.266558939248,0.0350922501954,0.041641581904,-1.92108496372,2.91934424466,1.00349943737,-2.60700068449e-05,-0.00492731635228,-0.410933613827,0.27947057666,1.82879232385e-06,-0.000457198080962,-0.410959683834,-0.385025865416,0.250707636855,0.274543260308,-0.401462241271,0.247304526272,0.00949744256294,-0.0272387340359,4.41816274006,1.00349943737,1.00349943737,-0.375878046929,0.308200521152,0.0350922501954,0.041641581904,0.0254457596231,-0.0185903419859,-0.00524015643442,4,0
1010,2.02,2,0.611380577087,0,-0.515323579311,0,0,0.606905671362,-0.309960748543,0.611380559658,-0.316755671888,-0.0165330016831,-0.0684949817711,-0.0246414955371,-0.488684531932,-0.515323556773,9.65411970336e-06,0.00188167986711,0.611367289343,-0.321416052438,-2.28599039387e-06,0.000571497598472,0.611376943463,0.606282331252,-0.313384548018,-0.319534372571,0.606684064223,-0.309969982174,-0.00469287923964,0.00956439039693,-3.43156281097,-0.515323556773,-0.515323556773,0.594847557974,-0.385250653659,-0.0165330016831,-0.0684949817711,-0.00447488829565,0.00679492334468,0.00199752930355,4,0
1020,2.04,1,-0.405238687992,0,0.555497765541,0,0,-0.380303400113,0.272524573926,-0.405238677805,0.298602416735,0.0358010689974,0.0349660031729,-2.25934382592,2.80865563367,0.555497748029,-3.15592964897e-05,-0.0058072287206,-0.405193115809,0.314711275734,1.08950688049e-06,-0.000272376720121,-0.405224675105,-0.379756645218,0.274194577447,0.308904047013,-0.399047174551,0.271743583325,0.00617750055393,-0.0371604636884,3.84962658774,0.555497748029,0.555497748029,-0.369437608808,0.333568419908,0.0358010689974,0.0349660031729,0.0249352776923,-0.0260778428089,-0.00618594027848,4,0
1020,2.04,2,0.604553699493,0,-0.349476963282,0,0,0.600379249588,-0.340655719219,0.604553719393,-0.355090399727,-0.0177567091125,-0.0618701271274,0.0528971614314,-0.399195594982,-0.349476963901,1.65513462687e-05,0.00297991419496,0.604529233284,-0.363793355435,-1.36188359434e-06,0.000340470898598,0.604545784631,0.599695805966,-0.342743223609,-0.36081344124,0.600792853452,-0.340638485724,-0.00375293117901,0.0201749555161,-2.47806919461,-0.349476963901,-0.349476963901,0.586797010281,-0.416960526855,-0.0177567091125,-0.0618701271274,-0.00417446980492,0.0144346805085,0.00317853035018,4,0
1030,2.06,1,-0.399248152971,0,0.767377018929,0,0,-0.374731142697,0.284991467057,-0.399248157933,0.302267122503,0.0365682383922,0.0402865739671,-2.04428971027,2.80482038127,0.76737703211,-3.3586531606e-05,-0.00644332273322,-0.399201679191,0.318569666137,1.32275072495e-06,-0.000330687681232,-0.399235265722,-0.374159227734,0.286949544421,0.312126343404,-0.39168041146,0.284285247526,0.00755485426251,-0.0278410958783,3.96455625921,0.76737703211,0.76737703211,-0.36267991954,0.34255369647,0.0365682383922,0.0402865739671,0.0245170152355,-0.0172756554455,-0.0068463611125,4,0
1030,2.06,2,0.597465097904,0,-0.488312423229,0,0,0.593413927783,-0.356239335584,0.597465114638,-0.357467741266,-0.0191152159796,-0.0707243811879,-0.0306618316223,-0.453626832618,-0.48831242187,1.91133634359e-05,0.00379439726844,0.597439550043,-0.366382021287,-1.65343839675e-06,0.000413359599182,0.597458663406,0.592699034076,-0.358686932274,-0.362587624018,0.593125382153,-0.356251358318,-0.00433328125309,0.00633626570016,-2.89568038849,-0.48831242187,-0.48831242187,0.578349898658,-0.428192122454,-0.0191152159796,-0.0707243811879,-0.004051186855,0.00122840568252,0.00402375762968,4,0
1040,2.08,1,-0.392852574587,0,0.852800071239,0,0,-0.368811614417,0.307400976736,-0.392852569833,0.33461191347,0.0372347846344,0.0295234284941,-1.85872341028,2.70644880098,0.85280006937,-2.5679617556e-05,-0.0047665232559,-0.392815798199,0.347594461373,1.40091006046e-06,-0.000350227515109,-0.392841477816,-0.368194678026,0.309518877942,0.342827938117,-0.384231915824,0.306758464178,0.00860956199221,-0.036069473939,3.91993352485,0.85280006937,0.85280006937,-0.355617785198,0.364135341964,0.0372347846344,0.0295234284941,0.0240409554153,-0.0272109367337,-0.00507467866657,4,0
1040,2.08,2,0.589861810207,0,-0.490615218878,0,0,0.5860145174,-0.38425122249,0.589861787736,-0.398737308199,-0.0203395570403,-0.0564318708403,-0.114688137016,-0.374260142668,-0.490615228169,8.56651171737e-06,0.00156415034369,0.589849221751,-0.403201845022,-1.75113756207e-06,0.000437784390506,0.589857788263,0.585243346908,-0.386898598977,-0.401637694678,0.585046572148,-0.384291553543,-0.00481121611539,0.0173461411356,-2.60889023196,-0.490615228169,-0.490615228169,0.569522230696,-0.45516917904,-0.0203395570403,-0.0564318708403,-0.00384727033644,0.0144860857091,0.0016669484843,4,0
1050,2.1,1,-0.385975182056,0,0.313808321953,0,0,-0.362489971529,0.322100578348,-0.385975179425,0.345771514888,0.0377869504337,0.0296004679236,-2.33231603148,2.63893409941,0.313808311764,-3.65717251945e-05,-0.00675138312808,-0.385922632211,0.364326719379,5.13546898728e-07,-0.000128386724688,-0.385959203937,-0.361845086135,0.322827856998,0.357575336251,-0.381832439086,0.3212946422,0.00412676485017,-0.0362806940512,3.26220421705,0.313808311764,0.313808311764,-0.348188228991,0.375371982811,0.0377869504337,0.0296004679236,0.0234852078957,-0.0236709365398,-0.00719024383041,4,0
1050,2.1,2,0.581687510014,0,-0.346217572689,0,0,0.578112463759,-0.402625724383,0.581687531754,-0.409601654849,-0.0214522463464,-0.0596133250668,0.0132377262404,-0.35504560089,-0.346217585971,2.27009779342e-05,0.00413729958604,0.581654472481,-0.421306936591,-6.41933622814e-07,0.000160483405716,0.581677173459,0.577306357014,-0.403534822696,-0.417169637005,0.578185903052,-0.402622664413,-0.00349127040777,0.0145469725923,-1.81884822418,-0.346217585971,-0.346217585971,0.560235285407,-0.469214979916,-0.0214522463464,-0.0596133250668,-0.00357506799435,0.00697593046616,0.00440971132125,4,0
1060,2.12,1,-0.378938615322,0,0.862359583378,0,0,-0.355923088481,0.336656261218,-0.378938608906,0.362130887786,0.0383408443589,0.0241390824496,-1.73672276697,2.59401564255,0.862359608584,-2.53319759239e-05,-0.00476274929907,-0.378902812059,0.37473721532,1.23916495742e-06,-0.00030979123936,-0.378928144035,-0.355247915018,0.338516104987,0.36997446602,-0.370328545956,0.336056033824,0.00859959807973,-0.0339184321968,3.68638146935,0.862359608584,0.862359608584,-0.340597764547,0.386269970236,0.0383408443589,0.0241390824496,0.0230155204249,-0.025474626568,-0.00506673301016,4,0
1060,2.12,2,0.573344767094,0,-0.545639395714,0,0,0.569903859921,-0.42082032783,0.573344764731,-0.430505530839,-0.0225975599058,-0.0523319331562,-0.191541048318,-0.352499507655,-0.54563937928,7.82263607411e-06,0.00150495167434,0.573333883297,-0.434333682251,-1.54895618021e-06,0.000387239045046,0.573341705933,0.56905989309,-0.423145132516,-0.432828730576,0.568297150417,-0.420887274059,-0.00504455551553,0.0119414565168,-2.39976242205,-0.54563937928,-0.54563937928,0.550747204825,-0.482837463996,-0.0225975599058,-0.0523319331562,-0.00344090481018,0.00968520300938,0.00159882330723,4,0
1070,2.14,1,-0.371440500021,0,0.579433262348,0,0,-0.349016519583,0.352812767145,-0.371440494665,0.38250124024,0.0387104378648,0.0164730120135,-1.92095964643,2.49470663586,0.579433279063,-2.88428023814e-05,-0.0053401760102,-0.371399167461,0.397087392316,7.33017656684e-07,-0.000183254414167,-0.371428010264,-0.348309756289,0.353931410418,0.391747216306,-0.364949469518,0.352148894231,0.00647854074531,-0.0395983220748,3.26649840808,0.579433279063,0.579433279063,-0.332730056801,0.398974252253,0.0387104378648,0.0164730120135,0.0224239750822,-0.0296884730951,-0.00568628963878,4,0
1070,2.14,2,0.564423263073,0,-0.446524620056,0,0,0.561270648775,-0.441015960007,0.564423248702,-0.454710565376,-0.0235106785801,-0.0440072508354,-0.15550909411,-0.288644341677,-0.446524633022,1.22278370125e-05,0.00222446319047,0.564405389956,-0.461038811294,-9.16272061335e-07,0.000229068015341,0.564417617793,0.560387194655,-0.442414264084,-0.458814348103,0.55995725987,-0.441070684545,-0.00446035792345,0.0177436635585,-1.73495371654,-0.446524633022,-0.446524633022,0.540912570122,-0.498717816212,-0.0235106785801,-0.0440072508354,-0.00315259992668,0.0136946053694,0.00237119723462,4,0
1080,2.16,1,-0.363745361567,0,0.691898584366,0,0,-0.34187024906,0.361943195422,-0.363745370126,0.387824100666,0.0390317707619,0.0150200038342,-1.76473530208,2.45084343011,0.691898570248,-2.87117575497e-05,-0.00544590112504,-0.363705184964,0.4019479544,8.10360224202e-07,-0.000202590056049,-0.363733896722,-0.341145164197,0.363150201693,0.396502053275,-0.356502719298,0.361333509162,0.00723117742342,-0.0351685441126,3.25373936115,0.691898570248,0.691898570248,-0.324713599364,0.4028441045,0.0390317707619,0.0150200038342,0.0218751210659,-0.0258809052438,-0.00579044221563,4,0
1080,2.16,2,0.555295288563,0,-0.521925568581,0,0,0.552337810601,-0.452428995264,0.555295313867,-0.459892891572,-0.0244033155569,-0.0436622398269,-0.219002276708,-0.30043422304,-0.52192554973,1.19596643891e-05,0.00234553401033,0.555279092497,-0.465565482111,-1.01295026689e-06,0.000253237566716,0.555291052161,0.55143145452,-0.453937753084,-0.463219948101,0.550495248438,-0.452505768688,-0.00479580372329,0.010714179413,-1.8501785974,-0.52192554973,-0.52192554973,0.53089199831,-0.503555131399,-0.0244033155569,-0.0436622398269,-0.00295750326551,0.00746389630763,0.002489049983,4,0
1090,2.18,1,-0.35580059886,0,0.6619399786,0,0,-0.334506849108,0.374168921871,-0.355800587602,0.404478012084,0.039223895847,0.00608347624991,-1.70489489233,2.36174785143,0.66194000278,-2.56794180599e-05,-0.00477889066695,-0.355763980941,0.417385712265,6.86931142746e-07,-0.000171732785689,-0.355789660359,-0.333757461363,0.375209070851,0.412606821598,-0.348647365007,0.373579733709,0.00714229535187,-0.0390270878889,3.08390223418,0.66194000278,0.66194000278,-0.316576691755,0.410561488334,0.039223895847,0.00608347624991,0.0212937384939,-0.0303090902129,-0.00508704368367,4,0
1090,2.18,2,0.545858442783,0,-0.505781114101,0,0,0.543133560644,-0.467711153066,0.545858445493,-0.480738201933,-0.0251375817067,-0.0324636589335,-0.255597078531,-0.248649884649,-0.505781125688,7.82099468197e-06,0.0014403105717,0.545847146018,-0.484735239562,-8.58663910641e-07,0.000214665977672,0.545854967013,0.542196825961,-0.469011339264,-0.48329492899,0.540994513925,-0.467800280013,-0.00486045308813,0.0154946489774,-1.53094018308,-0.505781125688,-0.505781125688,0.520720863786,-0.513201860867,-0.0251375817067,-0.0324636589335,-0.00272488484894,0.0130270488666,0.00153416250788,4,0
1100,2.2,1,-0.347617179155,0,0.535152494907,0,0,-0.326936006544,0.382054289401,-0.347617180326,0.411520302273,0.0392865220126,0.00149503933812,-1.75913035724,2.28865313024,0.535152484844,-2.83424773627e-05,-0.00528960211842,-0.347576975614,0.42567674261,4.13576219771e-07,-0.00010339405495,-0.347605318091,-0.326171296997,0.382664955532,0.420387140492,-0.341523186956,0.381446490217,0.00608213113513,-0.0389406502744,2.82207334657,0.535152484844,0.535152484844,-0.308330658313,0.413015341611,0.0392865220126,0.00149503933812,0.0206811737819,-0.0294660128713,-0.00562971184677,4,0
1100,2.2,2,0.536141991615,0,-0.480781763792,0,0,0.533670007426,-0.477567862312,0.536141991958,-0.488131448239,-0.0257286699809,-0.0281377290205,-0.252796917214,-0.225755582109,-0.480781760012,1.12323492641e-05,0.00209447249809,0.536126086183,-0.493726684935,-5.16970272368e-07,0.000129242568082,0.536137318532,0.532714120491,-0.478331194973,-0.491632212437,0.531548472497,-0.477656259601,-0.00458884603492,0.0139759528356,-1.217886687,-0.480781760012,-0.480781760012,0.510413321977,-0.51626917726,-0.0257286699809,-0.0281377290205,-0.00247198453216,0.0105635859269,0.00222926068926,4,0
1110,2.22,1,-0.339304327965,0,0.578749299049,0,0,-0.31922702283,0.388838687414,-0.339304340438,0.419453007977,0.0392465624425,-0.00515737297414,-1.64147347469,2.2151974342,0.578749320508,-2.52980692896e-05,-0.00472178416923,-0.339268390831,0.432120970421,3.83308287999e-07,-9.58270720032e-05,-0.3392936889,-0.318448757265,0.389420263695,0.427399186252,-0.332840456011,0.388271461031,0.00645323288843,-0.0391277252207,2.72835571732,0.578749320508,0.578749320508,-0.300057777995,0.414295635003,0.0392465624425,-0.00515737297414,0.0200773176079,-0.0306143205638,-0.0050253610007,4,0
1110,2.22,2,0.526281177998,0,-0.503949224949,0,0,0.524033777774,-0.486048359642,0.526281200185,-0.497661278988,-0.0262089786085,-0.0202082647934,-0.302545110933,-0.199992082853,-0.503949251754,7.11506014789e-06,0.00132667724653,0.526271052233,-0.501241968794,-4.79135339848e-07,0.000119783834957,0.526278167294,0.523060945817,-0.486775329964,-0.499915291547,0.521505191273,-0.486153717413,-0.0047729760202,0.013761574134,-1.09486343693,-0.503949251754,-0.503949251754,0.500072221577,-0.517869543781,-0.0262089786085,-0.0202082647934,-0.00224742241143,0.0116129193451,0.00141205796831,4,0
1120,2.24,1,-0.330862224102,0,0.52175873518,0,0,-0.311403009705,0.393040778887,-0.330862238513,0.423565756781,0.0390801252317,-0.0108753787769,-1.6242412302,2.14083945915,0.521758716011,-2.59321527201e-05,-0.00484930122498,-0.330825531269,0.436485077488,2.14239958718e-07,-5.35599896744e-05,-0.330851463422,-0.3106166111,0.393359982528,0.431635776263,-0.324871965627,0.39247957239,0.00597949779479,-0.0391562038727,2.53509427638,0.521758716011,0.521758716011,-0.291782113281,0.412690378004,0.0390801252317,-0.0108753787769,0.019459228808,-0.0305249778941,-0.00516048705763,4,0
1120,2.24,2,0.516268730164,0,-0.495326220989,0,0,0.514253761363,-0.491300973707,0.516268729249,-0.502180481369,-0.0265410885624,-0.0136824908415,-0.318709058401,-0.175040900558,-0.495326233042,7.88141664675e-06,0.00148169708298,0.516257681188,-0.506057720478,-2.67799936671e-07,6.69499841718e-05,0.516265562604,0.513270763106,-0.491699978241,-0.504576023395,0.511589342652,-0.491411991153,-0.0046762199521,0.0131640322418,-0.856286222734,-0.495326233042,-0.495326233042,0.489727640687,-0.51586297221,-0.0265410885624,-0.0136824908415,-0.00201496788644,0.0108795076619,0.00157627408274,4,0
1130,2.26,1,-0.322323709726,0,0.506529510021,0,0,-0.30350297797,0.396899045546,-0.322323720923,0.429826961748,0.0387782491023,-0.0188835203137,-1.55343118288,2.05533135932,0.50652952507,-2.343061543e-05,-0.00434818124524,-0.322290238499,0.441637542395,1.10590309077e-07,-2.76475772704e-05,-0.322313669115,-0.30270899011,0.39707687258,0.43728936115,-0.316387291323,0.396362199156,0.005926377792,-0.0409271619939,2.38029772714,0.50652952507,0.50652952507,-0.283545471821,0.410943441434,0.0387782491023,-0.0188835203137,0.0188207429533,-0.0329279162019,-0.0046293486304,4,0
1130,2.26,2,0.506142914295,0,-0.48765912652,0,0,0.504378721693,-0.496123806914,0.506142924191,-0.509740079444,-0.0267110853224,-0.00393922192968,-0.351264270747,-0.135539333556,-0.487659141219,4.48222434062e-06,0.000801750223988,0.506136268056,-0.512106376513,-1.38237870706e-07,3.45594676829e-05,0.50614075028,0.503386236869,-0.496346090684,-0.511304626289,0.50144947546,-0.496245858841,-0.00469127482053,0.0150587674488,-0.611094342326,-0.487659141219,-0.487659141219,0.479431838869,-0.513679301373,-0.0267110853224,-0.00393922192968,-0.00176420249767,0.0136162725293,0.000855536916075,4,0
1140,2.28,1,-0.313749939203,0,0.356009453535,0,0,-0.295565852893,0.395896408787,-0.313749934622,0.426324791252,0.0383619544282,-0.022528064861,-1.63687320937,1.98766431942,0.356009441315,-2.62531791277e-05,-0.00490329311656,-0.313712729574,0.439421954672,-2.11756475021e-07,5.29391187613e-05,-0.313738982753,-0.294774376271,0.395579493289,0.434518661555,-0.309139411671,0.395330843838,0.0045995710825,-0.0391878177169,2.09852779478,0.356009441315,0.356009441315,-0.275387980194,0.403796726391,0.0383619544282,-0.022528064861,0.0181840817293,-0.0304283824648,-0.00521833126609,4,0
1140,2.28,2,0.495989173651,0,-0.456336200237,0,0,0.49445731535,-0.494870510674,0.495989173602,-0.504333969852,-0.0267541992561,-0.000411937391404,-0.331276578362,-0.123424106089,-0.456336185737,8.22183919819e-06,0.00153683921536,0.495977582099,-0.508406254787,2.64695613206e-07,-6.6173903303e-05,0.495985803938,0.493467969574,-0.494474366272,-0.506869415572,0.491687856108,-0.494985904809,-0.00429794782958,0.0118835107626,-0.315332793284,-0.456336185737,-0.456336185737,0.469234974346,-0.504745907244,-0.0267541992561,-0.000411937391404,-0.00153185825239,0.00946345917828,0.00163550128573,4,0
1150,2.3,1,-0.305244922638,0,0.700863003731,0,0,-0.287669763428,0.394968167333,-0.305244920014,0.427773242121,0.0378511232888,-0.0306233626589,-1.21912331961,1.91608807198,0.700863005673,-1.920669393e-05,-0.00366777298058,-0.305218417449,0.437046983058,2.3339198485e-07,-5.83479962182e-05,-0.305237624143,-0.286879420308,0.395346603976,0.433379210077,-0.29777908807,0.394546945473,0.00745853607245,-0.0388322646043,2.30899660041,0.700863005673,0.700863005673,-0.267393796725,0.397149879462,0.0378511232888,-0.0306233626589,0.0175751565853,-0.0328050747877,-0.00389825330774,4,0
1150,2.3,2,0.485923290253,0,-0.56585586071,0,0,0.484587203528,-0.493710208669,0.485923277761,-0.506993738562,-0.0266810327338,0.0105563901756,-0.467220527634,-0.0987667106177,-0.5658558532,-1.21356633481e-06,-0.000116822255745,0.485926025482,-0.505942645586,-2.91739977676e-07,7.2934994419e-05,0.485924811915,0.483599274629,-0.494183254468,-0.506059467842,0.48070153995,-0.493872111318,-0.00522327196516,0.0121873565237,-0.569804326285,-0.5658558532,-0.5658558532,0.459242245027,-0.496437348386,-0.0266810327338,0.0105563901756,-0.00133607423318,0.0132835298925,-0.000131385051763,4,0
1160,2.32,1,-0.296663433313,0,0.183923617005,0,0,-0.279776394754,0.392096164906,-0.296663420688,0.425043702577,0.0371531147591,-0.0363970940824,-1.64033788849,1.819162233,0.183923610531,-2.58603505495e-05,-0.00478894181608,-0.296626460967,0.438074897652,-6.18484595816e-07,0.000154621148958,-0.296652321318,-0.278993107044,0.391179991719,0.433285955836,-0.29337976631,0.391529357757,0.00327255500769,-0.0417565980783,1.65952114783,0.183923610531,0.183923610531,-0.259510305929,0.388646608495,0.0371531147591,-0.0363970940824,0.0168870259341,-0.0329475376718,-0.00509926602267,4,0
1160,2.32,2,0.475758671761,0,-0.392007470131,0,0,0.474720492697,-0.490120205433,0.475758679531,-0.502316632261,-0.0263707979781,0.0165083727931,-0.340305433108,-0.0502345914859,-0.392007484534,7.65302889524e-06,0.0013756235933,0.475747475197,-0.506280163429,7.73105765628e-07,-0.000193276441403,0.475755128226,0.47374138306,-0.488974988918,-0.504904539835,0.471877321316,-0.490238670907,-0.00387780690978,0.014665868928,0.309194439101,-0.392007484534,-0.392007484534,0.449387881553,-0.485808259468,-0.0263707979781,0.0165083727931,-0.00103818683468,0.0121964268284,0.00146745994004,4,0
1170,2.34,1,-0.288341850042,0,0.384821295738,0,0,-0.272033392822,0.382501447512,-0.288341847146,0.41056882321,0.036442996766,-0.0376290392568,-1.40104585119,1.78122383176,0.384821309182,-2.30366986278e-05,-0.00436688823201,-0.288309783483,0.421809826021,-3.88577994614e-07,9.71444986538e-05,-0.288332820182,-0.271269023225,0.381893365285,0.417442937789,-0.283649912941,0.38201742584,0.00468290724106,-0.0354255119491,1.74397383897,0.384821309182,0.384821309182,-0.25189885038,0.372939783953,0.036442996766,-0.0376290392568,0.0163084543235,-0.0280673756979,-0.00464332861554,4,0
1170,2.34,2,0.465942203999,0,-0.485969215631,0,0,0.465041740299,-0.478126808408,0.465942209446,-0.4843948823,-0.0260686473041,0.0182201538051,-0.412406166518,-0.0726856059343,-0.485969228289,3.97523096624e-06,0.000829753065015,0.465937418165,-0.486011114622,4.85722505217e-07,-0.000121430626308,0.465941393396,0.464086278304,-0.477366705606,-0.485181361557,0.461603678969,-0.478270060963,-0.00433771442714,0.00691130059345,0.0367710768004,-0.485969228289,-0.485969228289,0.439873562142,-0.466174728495,-0.0260686473041,0.0182201538051,-0.000900469147813,0.00626807389178,0.000877455836609,4,0
1180,2.36,1,-0.280047416687,0,0.231002494693,0,0,-0.264405947976,0.379984269222,-0.28004742462,0.417016981718,0.035538289308,-0.0512145961691,-1.43156604512,1.65907438197,0.231002501838,-1.83286291761e-05,-0.00327422144017,-0.280020328947,0.426628644678,-6.72235379695e-07,0.000168058844929,-0.280038657576,-0.263646922858,0.37900838219,0.423354423237,-0.276285922022,0.379489270304,0.00375273555423,-0.0438651529339,1.45413747527,0.231002501838,0.231002501838,-0.244509135312,0.365802385549,0.035538289308,-0.0512145961691,0.0156414766443,-0.0370327124959,-0.00349416499028,4,0
1180,2.36,2,0.456125468016,0,-0.386033833027,0,0,0.455507434261,-0.474980335421,0.45612547225,-0.493826212501,-0.0254890539126,0.0365732321227,-0.4070838687,0.020379207642,-0.386033818206,-2.3773998405e-06,-0.000642314053546,0.456127402971,-0.493236054329,8.40294240245e-07,-0.000210073560057,0.456125025571,0.454558652867,-0.473760476608,-0.493878368383,0.452126528674,-0.475121206488,-0.00399849689735,0.0187571618953,0.653134507848,-0.386033818206,-0.386033818206,0.430636418338,-0.457252980378,-0.0254890539126,0.0365732321227,-0.000618037989033,0.0188458770795,-0.000670842851632,4,0
1190,2.38,1,-0.271960020065,0,-0.0266143772751,0,0,-0.256944105884,0.364677521877,-0.271960006145,0.391779531405,0.0345720904382,-0.0470620564081,-1.65535130463,1.62331904876,-0.0266143769413,-2.71566243e-05,-0.00509199944555,-0.271921757919,0.405221119405,-1.15951536062e-06,0.00028987884015,-0.271948914543,-0.256216508854,0.362928878202,0.40012911996,-0.270669721903,0.364105621209,0.0012791926401,-0.0360234987508,1.0931350023,-0.0266143769413,-0.0266143769413,-0.237387915707,0.344717474997,0.0345720904382,-0.0470620564081,0.0150159002615,-0.0271020095281,-0.00541787893715,4,0
1190,2.38,2,0.446595162153,0,-0.345373660326,0,0,0.446180131671,-0.455846900959,0.446595173876,-0.460126204241,-0.0248602800104,0.0292293623372,-0.329456413571,-0.0139842212254,-0.345373656006,9.58965707951e-06,0.0018179453242,0.446581953463,-0.464741876811,1.44939421898e-06,-0.00036234855474,0.44659154312,0.445270635387,-0.453661096338,-0.462923931487,0.443423339146,-0.455961767314,-0.0031682039739,0.00696216417257,0.868758144828,-0.345373656006,-0.345373656006,0.421734893866,-0.430896841903,-0.0248602800104,0.0292293623372,-0.00041504220474,0.00427930328177,0.00193302120916,4,0
1200,2.4,1,-0.264267534018,0,0.782048106194,0,0,-0.249788027435,0.354318628982,-0.264267519228,0.387066148438,0.0335862386084,-0.0572350783704,-0.781411072286,1.56124710384,0.782048125919,-1.03156857183e-05,-0.00208830613717,-0.264254333516,0.391596436746,6.96518573373e-09,-1.74129643271e-06,-0.264264649202,-0.249079248471,0.354394706169,0.389508130609,-0.256270098656,0.354048542681,0.00799455054634,-0.0354595879283,1.78678981028,0.782048125919,0.782048125919,-0.23068128062,0.329831070067,0.0335862386084,-0.0572350783704,0.0144794917929,-0.0327475194557,-0.00221209436579,4,0
1200,2.4,2,0.437540531158,0,-0.584668815136,0,0,0.437235033641,-0.442898284662,0.437540541667,-0.457689922943,-0.0241889416209,0.0454010873656,-0.597690640583,0.0106542747532,-0.584668806881,-1.30195480915e-05,-0.00221132437233,0.437560999114,-0.450328517449,-8.70647814954e-09,2.17661953217e-06,0.437547979566,0.436349059938,-0.442993381142,-0.452539841821,0.432282605925,-0.443104635817,-0.00526537364084,0.00943520600388,0.0383373407009,-0.584668806881,-0.584668806881,0.413351600046,-0.412288835577,-0.0241889416209,0.0454010873656,-0.000305508025644,0.0147916382802,-0.00236755894943,4,0
1210,2.42,1,-0.256565213203,0,-0.268842369318,0,0,-0.242786551631,0.341429283668,-0.256565208871,0.373077988265,0.0323566720717,-0.0604320995237,-1.7246985873,1.45061045471,-0.268842367066,-2.67750201064e-05,-0.0049244652823,-0.256526760702,0.386639276203,-1.61113981129e-06,0.000402784952825,-0.256553535723,-0.242106079556,0.339027682673,0.381714810921,-0.257090491916,0.340833286157,-0.000536956193704,-0.0408815247643,0.626979515072,-0.268842367066,-0.268842367066,-0.2242085368,0.312645888742,0.0323566720717,-0.0604320995237,0.0137786572402,-0.031648704597,-0.00524576552358,4,0
1210,2.42,2,0.428444117308,0,-0.221434906125,0,0,0.428483188918,-0.426786602835,0.428444127717,-0.43818953963,-0.0231834574057,0.0473821808809,-0.298042830759,0.0783307117465,-0.221434903597,9.18324774903e-06,0.00161258561162,0.428430484378,-0.443020819784,2.01392478244e-06,-0.000503481195612,0.428439667626,0.427632598828,-0.423784601563,-0.441408234172,0.425989471494,-0.426890507727,-0.00245019613184,0.0145177264446,1.61476848513,-0.221434903597,-0.221434903597,0.405260670312,-0.390807358749,-0.0231834574057,0.0473821808809,3.90612008616e-05,0.0114029367952,0.00172278458461,4,0
1220,2.44,1,-0.249509483576,0,0.185065761209,0,0,-0.236200219435,0.3183601897,-0.249509486645,0.340561063921,0.0312620827109,-0.0556886460945,-1.27540059231,1.45628792031,0.185065761984,-2.0420789116e-05,-0.00393338451403,-0.249481632727,0.350280008119,-9.76734171126e-07,0.000244183542782,-0.249502053516,-0.235565057476,0.316848428736,0.346346623605,-0.246775377771,0.317919558103,0.00272667574578,-0.028427065502,1.00215847138,0.185065761984,0.185065761984,-0.218247403934,0.284872417827,0.0312620827109,-0.0556886460945,0.0133092672103,-0.0222008742215,-0.00417843398343,4,0
1220,2.44,2,0.420191287994,0,-0.414611130953,0,0,0.42025027371,-0.39795023513,0.420191275311,-0.398597410575,-0.0223820210354,0.0425068907017,-0.421697174247,0.00742074148384,-0.414611127029,8.70177855024e-07,0.000324252131382,0.42019156514,-0.39837051415,1.2209177242e-06,-0.000305229431051,0.420192435318,0.419456321266,-0.396060533909,-0.398046262019,0.416739436676,-0.398096520006,-0.00345299864242,-5.02579875306e-05,0.822018840232,-0.414611127029,-0.414611127029,0.397809254276,-0.356090519873,-0.0223820210354,0.0425068907017,5.89983990007e-05,0.000647175444968,0.000334694265642,4,0
1230,2.46,1,-0.242606639862,0,-0.0974485054612,0,0,-0.229917862353,0.309447952368,-0.242606640445,0.34656750933,0.0299446395867,-0.0732982554044,-1.40896633945,1.30899881959,-0.0974485031089,-1.40036583522e-05,-0.00235097284855,-0.24258488535,0.354343801039,-1.41174641796e-06,0.000352936604487,-0.242598889009,-0.229300984268,0.307380232766,0.35199282819,-0.241617944067,0.308960448963,0.000980944941879,-0.0430323792269,0.606125920476,-0.0974485031089,-0.0974485031089,-0.212662000858,0.273269253925,0.0299446395867,-0.0732982554044,0.0126887780921,-0.0371195569615,-0.00251901674878,4,0
1230,2.46,2,0.412051230669,0,-0.226651504636,0,0,0.412397327399,-0.386809938354,0.412051228536,-0.40926253512,-0.0212237280563,0.0676759702084,-0.377030908545,0.148470193374,-0.226651501421,-7.81401517844e-06,-0.00181544556807,0.41205978728,-0.40640003223,1.76468303537e-06,-0.000441170758835,0.412051973264,0.411626229797,-0.384225288832,-0.408215477798,0.409276730978,-0.386939963205,-0.00277524228656,0.0212755145933,1.7648679596,-0.226651501421,-0.226651501421,0.39082750048,-0.341586564912,-0.0212237280563,0.0676759702084,0.000346098862687,0.0224525967665,-0.00190921375022,4,0
1240,2.48,1,-0.236141204834,0,-0.431195825338,0,0,-0.223993320037,0.281060623325,-0.236141198148,0.301452341489,0.0286415446047,-0.0604745064703,-1.74865309905,1.3118356955,-0.431195824039,-2.80830080467e-05,-0.00528458340834,-0.236101859368,0.31525700377,-2.00245562326e-06,0.000500613905816,-0.236129942376,-0.223434240555,0.278037899184,0.309972420362,-0.238493408934,0.280456452955,-0.00236346655836,-0.0295159674072,0.213376315398,-0.431195824039,-0.431195824039,-0.207499653544,0.240977835018,0.0286415446047,-0.0604745064703,0.0121478781118,-0.0203917181632,-0.0056215795049,4,0
1240,2.48,2,0.404494076967,0,-0.183651015162,0,0,0.404991649548,-0.351325776826,0.404494090177,-0.349731421748,-0.0201195237884,0.0485091306758,-0.249631122379,0.0683052222008,-0.183651015904,1.14327312599e-05,0.00218792295062,0.404478553066,-0.355134814207,2.50306954314e-06,-0.000625767385782,0.404489985798,0.4042928002,-0.347547371628,-0.352946891257,0.402895653113,-0.351413110011,-0.00159433268443,0.0015337812457,1.85585072958,-0.183651015904,-0.183651015904,0.384374566389,-0.301222291072,-0.0201195237884,0.0485091306758,0.000497559370759,-0.00159435507843,0.00232511572574,4,0
1250,2.5,1,-0.230363488197,0,0.762543737888,0,0,-0.218612458322,0.262236727843,-0.230363493128,0.291020522567,0.0274140381395,-0.0712400199995,-0.505367229693,1.26709772785,0.762543718833,-2.95395994112e-06,-0.000777773156778,-0.230361300711,0.291638067805,-2.22184999399e-07,5.55462498472e-05,-0.230364254671,-0.218088125373,0.261999835732,0.290860294648,-0.222809788033,0.262061839105,0.0075544666379,-0.028798455543,1.32870202237,0.762543718833,0.762543718833,-0.202949454988,0.219780502567,0.0274140381395,-0.0712400199995,0.0117510348053,-0.0287837947234,-0.000813220676072,4,0
1250,2.5,2,0.397758483887,0,-0.52797460556,0,0,0.398265572454,-0.327795907335,0.39775847591,-0.342661648235,-0.0190716576602,0.0679360228385,-0.623205067279,0.0910675004374,-0.527974613658,-2.2500124352e-05,-0.00389295169173,0.397793144642,-0.330238185265,2.77731252996e-07,-6.94328132515e-05,0.397770644518,0.397610156272,-0.32749979219,-0.334131136957,0.393115828697,-0.328010479991,-0.00465481582071,0.00612065696554,0.528521425334,-0.527974613658,-0.527974613658,0.37868681825,-0.274725625396,-0.0190716576602,0.0679360228385,0.000507096543527,0.0148657409002,-0.00416295318396,4,0
1260,2.52,1,-0.224625274539,0,-0.720123291016,0,0,-0.213523002922,0.240656258404,-0.224625267638,0.268213096991,0.0258992234785,-0.0720732342109,-1.87306430502,1.14747867363,-0.720123268092,-2.8027764183e-05,-0.00512603013189,-0.224584911959,0.282445037028,-2.43047211221e-06,0.000607618028053,-0.224612939723,-0.2130453028,0.237027206868,0.277319006896,-0.22905937956,0.240008909377,-0.00444643983748,-0.0373100975187,-0.224180580262,-0.720123268092,-0.720123268092,-0.19872604416,0.19613986278,0.0258992234785,-0.0720732342109,0.0111022647162,-0.0275568385866,-0.00546236330208,4,0
1260,2.52,2,0.391025722027,0,-0.0074299457483,0,0,0.391903753254,-0.300820320397,0.391025717205,-0.31081959289,-0.0176181624339,0.0656447673395,-0.181644641093,0.17636074492,-0.00742994593577,1.15393282258e-05,0.0020075778239,0.39100854671,-0.316892034024,3.03809015295e-06,-0.000759522538245,0.391020086038,0.391306628107,-0.296284005958,-0.314884456201,0.390374818564,-0.300884026009,-0.000645267474129,0.014000430192,2.65740869629,-0.00742994593577,-0.00742994593577,0.373407554772,-0.24517482555,-0.0176181624339,0.0656447673395,0.000878036048287,0.00999927249344,0.00214604976261,4,0
1270,2.54,1,-0.219856664538,0,-0.0559744462371,0,0,-0.209068785069,0.206690015962,-0.219856661303,0.220634552522,0.0246691238318,-0.0607365734228,-1.25895732262,1.19913709971,-0.0559744445226,-1.85305111658e-05,-0.00362341225628,-0.219831871179,0.22924480719,-1.44807674457e-06,0.000362019186143,-0.21985040169,-0.208657703344,0.204454804936,0.225621394933,-0.219509920966,0.206254968633,0.000340480724832,-0.0193664263005,0.412512093967,-0.0559744445226,-0.0559744445226,-0.195187537472,0.159897979099,0.0246691238318,-0.0607365734228,0.0107878762343,-0.0139445365598,-0.00384577839027,4,0
1270,2.54,2,0.385556101799,0,-0.284281998873,0,0,0.386335980991,-0.258362517179,0.385556088466,-0.253162861163,-0.0165716669943,0.0532903903526,-0.344461863147,0.0602039393945,-0.284281995392,-9.89581289596e-07,3.59466149977e-05,0.385559541792,-0.251780960945,1.81009593753e-06,-0.000452523984387,0.385558552211,0.385822128841,-0.255568503386,-0.25174501433,0.383470240113,-0.258481923049,-0.0020883120983,-0.00673690871935,1.39924018636,-0.284281995392,-0.284281995392,0.368984421471,-0.199872470811,-0.0165716669943,0.0532903903526,0.00077989252592,-0.00519965601572,2.40716395226e-05,4,0
1280,2.56,1,-0.215347453952,0,-0.291598200798,0,0,-0.205071384239,0.19250720512,-0.215347455987,0.227634450713,0.0232173843413,-0.0823021357423,-1.48169341167,1.03631393867,-0.291598197868,-8.8962851859e-06,-0.00135219952454,-0.215332457302,0.233075881278,-1.98116461983e-06,0.000495291154957,-0.215341353587,-0.204689218776,0.18959685773,0.231723681753,-0.217385293064,0.191994125586,-0.00204393947684,-0.0397295561675,0.100482954618,-0.291598197868,-0.443920518058,-0.192130071646,0.145332314971,0.0232173843413,-0.0823021357423,0.0102760717483,-0.0351272455933,-0.00145895494677,4,0
1280,2.56,2,0.380296200514,0,-0.0245141368359,0,0,0.38133923001,-0.240634003549,0.380296186642,-0.265817046275,-0.0151335973917,0.0841516556694,-0.265121097452,0.237372500211,-0.0245141360865,-1.4172325125e-05,-0.00306439325225,0.380313092095,-0.260076664594,2.47645578277e-06,-0.0006191139457,0.38029891977,0.380861523187,-0.2369960693,-0.263141057846,0.379160623676,-0.240724778813,-0.00113829609375,0.0224162790327,2.58046649164,-0.0245141360865,-0.0245141360865,0.365162589251,-0.181665390606,-0.0151335973917,0.0841516556694,0.00104304336743,0.0251830427255,-0.00323446115375,4,0
1290,2.58,1,-0.211412280798,0,-0.818927764893,0,0,-0.201580194439,0.154498866566,-0.21141227897,0.167555517387,0.0218168667127,-0.0615375665541,-1.89393242238,1.06911437634,-0.818927768795,-2.9342849245e-05,-0.00553816305241,-0.211371342935,0.181905946656,-2.59502407954e-06,0.000648756019887,-0.211400685785,-0.201275142771,0.150579565561,0.176367783603,-0.217286610897,0.153844432547,-0.00588592511262,-0.0225233510561,-0.431623146413,-0.818927768795,-0.818927768795,-0.189595412257,0.106017950833,0.0218168667127,-0.0615375665541,0.00983208453089,-0.0130566508203,-0.00589027724335,4,0
1290,2.58,2,0.375822782516,0,0.0160014610738,0,0,0.376975242818,-0.193123580228,0.375822782184,-0.186062404033,-0.0138285171058,0.0535399687016,-0.104031519698,0.122879925884,0.0160014609057,1.39347605156e-05,0.00267972815461,0.375803952177,-0.192602752423,3.24378010691e-06,-0.000810945026731,0.375817886937,0.37659392824,-0.18822445396,-0.189923024268,0.376086132537,-0.19316062649,0.000268245600104,-0.00323760222136,2.53252220637,0.0160014609057,0.0160014609057,0.361994265078,-0.132522435331,-0.0138285171058,0.0535399687016,0.00115246063437,-0.00706117619535,0.0028469452808,4,0
1300,2.6,1,-0.208404302597,0,0.622353196144,0,0,-0.198802669156,0.129679327326,-0.208404301152,0.151276446475,0.0206131431328,-0.0700205034728,-0.429875704108,1.05222272018,0.622353186774,1.23974698779e-06,-2.10476658209e-05,-0.208408172888,0.149758166611,-4.09250057121e-07,0.000102312514279,-0.208406933141,-0.198543693306,0.129180987261,0.149737118945,-0.202378706868,0.129530325755,0.00602822627272,-0.0202067931906,0.981358394005,0.622353186774,0.622353186774,-0.187791158019,0.0812559430023,0.0206131431328,-0.0700205034728,0.00960163199655,-0.0215971191491,-6.17070196744e-06,4,0
1300,2.6,2,0.372453004122,0,-0.399936676025,0,0,0.373503336275,-0.162099156103,0.37245301281,-0.174113465968,-0.0127140654647,0.0725435404687,-0.538458452609,0.133397164395,-0.399936664925,-2.7524491059e-05,-0.00479432939661,0.372494969979,-0.159122880695,5.11562574135e-07,-0.000127890643532,0.372467445487,0.373179616469,-0.161476231017,-0.163917210091,0.369066590381,-0.162284020515,-0.00340085510671,0.00163318957615,0.827672828272,-0.399936664925,-0.399936664925,0.359738947346,-0.101569925499,-0.0127140654647,0.0725435404687,0.00105032346429,0.0120143098646,-0.00512462328932,4,0
1310,2.62,1,-0.205469802022,0,-1.12410616875,0,0,-0.196413498821,0.10228476234,-0.205469796316,0.124911542324,0.01910554582,-0.0706888990892,-2.05401779149,0.924439675605,-1.12410611785,-2.85719290562e-05,-0.00512913488886,-0.205428245637,0.13956561199,-2.93206970572e-06,0.00073301742643,-0.205456817566,-0.196213295647,0.0979025345834,0.134436477101,-0.213455127605,0.101574694474,-0.00799831003929,-0.0328617826262,-0.787856440325,-1.12410611785,-1.12410611785,-0.186364250496,0.054222643235,0.01910554582,-0.0706888990892,0.00905629749554,-0.0226267799838,-0.00547199803753,4,0
1310,2.62,2,0.369113653898,0,0.223688364029,0,0,0.370516873418,-0.127855949804,0.369113642732,-0.136203906395,-0.0111583297254,0.0684256056426,-0.00939796434909,0.23539927511,0.223688364477,1.30715986946e-05,0.00215608709969,0.369093711649,-0.143249727849,3.66508713695e-06,-0.000916271784242,0.369106783248,0.370266619457,-0.122378165101,-0.14109364075,0.370419451631,-0.127860009046,0.00131266838297,0.0132336317041,3.29149941313,0.223688364477,0.223688364477,0.357955313007,-0.0677783007525,-0.0111583297254,0.0684256056426,0.00140323068518,0.00834795659069,0.00231294628402,4,0
1320,2.64,1,-0.203701600432,0,-0.323576509953,0,0,-0.194795988799,0.0619430491975,-0.203701594909,0.0666508602011,0.0179947883919,-0.0524431419116,-1.34841093745,1.0210948333,-0.323576500152,-1.7873204334e-05,-0.00352512554456,-0.203677943092,0.074845068022,-1.71559602644e-06,0.000428899006606,-0.203695816296,-0.194674819529,0.0592979377656,0.0713199424775,-0.205982162803,0.061476958614,-0.00228634650695,-0.00984298386348,0.0434728894486,-0.323576500152,-0.323576500152,-0.185706806517,0.0142077182896,0.0179947883919,-0.0524431419116,0.00890560611015,-0.00470781100366,-0.00373960399657,4,0
1320,2.64,2,0.367297530174,0,-0.112624719739,0,0,0.368494985953,-0.0774288083207,0.367297541014,-0.0663148642095,-0.0101640329148,0.0485552196654,-0.192346330182,0.0797589741462,-0.112624720349,-1.09326212068e-06,5.04834583975e-05,0.367301427171,-0.0647594375355,2.14449503516e-06,-0.000536123758794,0.367300333909,0.368343524373,-0.0741224190277,-0.0647089540771,0.366894567004,-0.0774954924436,-0.000405766904307,-0.0127865383665,1.67503083054,-0.112624720349,-0.112624720349,0.357133508099,-0.0177596445441,-0.0101640329148,0.0485552196654,0.00119744493934,-0.0111139441113,3.73643129493e-05,4,0
1330,2.66,1,-0.202296942472,0,-0.488563090563,0,0,-0.193724636966,0.0446067528178,-0.202296944254,0.0717911773603,0.0167235517507,-0.0732245470007,-1.63218222959,0.874556912001,-0.48856310236,-6.85359676919e-06,-0.000952388562282,-0.202284735996,0.0762546220347,-2.27625344518e-06,0.000569063361291,-0.202291589593,-0.193638708005,0.0412572902441,0.0753022334724,-0.207293975735,0.0440413637024,-0.00500238614176,-0.03126086977,-0.146927171338,-0.48856310236,-0.756590685861,-0.185573392504,-0.00143336964041,0.0167235517507,-0.0732245470007,0.00857230728858,-0.0271844245425,-0.00103463172351,4,0
1330,2.66,2,0.365777760744,0,0.177752330899,0,0,0.367155796226,-0.0557584378172,0.365777773306,-0.0785534153569,-0.00881103265663,0.0803451307268,-0.0886525213037,0.262734275687,0.177752336813,-1.62382689287e-05,-0.00347572320247,0.365797460726,-0.0718397992951,2.84531680811e-06,-0.000711329202033,0.365781222457,0.367048385032,-0.0515716095975,-0.0753155224976,0.366448840755,-0.0557878942952,0.000667618298339,0.0195276282024,2.90628592574,0.177752336813,0.177752336813,0.356966740649,0.00179171536985,-0.00881103265663,0.0803451307268,0.00137802292032,0.0227949775397,-0.00367058242961,4,0
1340,2.68,1,-0.201536849141,0,-1.1206561327,0,0,-0.193236634739,0.00220483522098,-0.201536842755,0.00531653609528,0.0155420401218,-0.0479937837984,-2.06083007648,0.934126733378,-1.12065608396,-3.00809202515e-05,-0.0056862880961,-0.201494968601,0.0199877314096,-2.82659898654e-06,0.000706649746631,-0.201525049521,-0.193236527421,-0.00206629024053,0.0143014433135,-0.210330148644,0.00149260547493,-0.00880509912305,-0.0128088378385,-0.727295756112,-1.12065608396,-1.12065608396,-0.185994802633,-0.0426772477031,0.0155420401218,-0.0479937837984,0.00830020801519,-0.0031117008743,-0.00604725913912,4,0
1340,2.68,2,0.365129292011,0,0.213463813066,0,0,0.366545793507,-0.00275604081206,0.365129294353,0.0092039600697,-0.00763579097618,0.0441426028618,0.0841184301191,0.132565636573,0.213463814037,1.57412989782e-05,0.00303135706701,0.365108052353,0.00182747132895,3.53324873242e-06,-0.000883312183106,0.365123793652,0.366545659366,0.0025828660138,0.00485882839596,0.367218776613,-0.00272799984934,0.00209498296053,-0.0075868282453,2.74067127462,0.213463814037,0.213463814037,0.357493503377,0.0533465629315,-0.00763579097618,0.0441426028618,0.0014164991544,-0.0119600008818,0.00322025265475,4,0
1350,2.7,1,-0.201822191477,0,0.386178582907,0,0,-0.193532678696,-0.024996212264,-0.201822189032,-0.0146854358888,0.01465194346,-0.0531104160257,-0.566094197631,0.952426677385,0.38617859672,2.0401910948e-06,0.000129400741531,-0.201827172045,-0.0165920726926,-5.16945931117e-07,0.000129236482777,-0.201825131854,-0.193583207382,-0.0256520525194,-0.0164626719511,-0.198243234653,-0.0251924854288,0.0035818972009,-0.00872981347774,0.807286105273,0.38617859672,0.38617859672,-0.187170245572,-0.0677958519146,0.01465194346,-0.0531104160257,0.00828951033598,-0.0103107763751,0.000153883034669,4,0
1350,2.7,2,0.365702658892,0,-0.219399809837,0,0,0.366915848517,0.0312452685393,0.365702667482,0.0236067596716,-0.00673986036495,0.0611380584954,-0.355121148839,0.130519572935,-0.21939981205,-2.79085860459e-05,-0.00486686082189,0.365745140159,0.0387750214342,6.46182414965e-07,-0.000161545603745,0.365717231573,0.366979009381,0.0320650688604,0.0339081606123,0.36400490736,0.0311239793244,-0.00171232421342,-0.00278418128788,0.883165063696,-0.21939981205,-0.21939981205,0.358962807117,0.084744818167,-0.00673986036495,0.0611380584954,0.00121318103578,0.00763850886768,-0.00520176385444,4,0
1360,2.72,1,-0.202233761549,0,-1.37124073505,0,0,-0.194255389421,-0.0542038677039,-0.202233762526,-0.0436020195731,0.0135090560316,-0.051117452463,-2.23172046184,0.855021905479,-1.37124071767,-2.85104564769e-05,-0.0051157132092,-0.202192189437,-0.0289250842418,-3.01820493126e-06,0.000754551232817,-0.202220699894,-0.194368298826,-0.0587183561957,-0.034040797451,-0.212775425107,-0.0549755358575,-0.0105547252137,-0.0209347384065,-0.917474091712,-1.37124071767,-1.37124071767,-0.188724706495,-0.0947194720361,0.0135090560316,-0.051117452463,0.00797837310523,-0.0106018481308,-0.00545783868693,4,0
1360,2.72,2,0.366335868835,0,0.414950221777,0,0,0.367819236987,0.0677548378191,0.366335874515,0.0634364504832,-0.00542999117979,0.0549628927938,0.191067445277,0.226321479098,0.414950211089,1.37186835622e-05,0.00227408908379,0.366314871142,0.0559919848088,3.77275615987e-06,-0.000943189039971,0.366328589825,0.36796037375,0.0733979484278,0.0582660738926,0.369388418813,0.0678202203952,0.00305982898813,0.00955414650263,3.31040412846,0.414950211089,0.414950211089,0.360905883335,0.118399343277,-0.00542999117979,0.0549628927938,0.00148336247284,0.00431838733588,0.00243871328653,4,0
1370,2.74,1,-0.203855767846,0,-0.535846233368,0,0,-0.195775886498,-0.0951312060245,-0.203855771317,-0.103289958722,0.0128222699527,-0.0300332860123,-1.52607201152,0.986524660189,-0.535846215482,-1.76914854304e-05,-0.00348883802905,-0.203832337119,-0.0951678894622,-1.72420160321e-06,0.000431050400806,-0.203850028605,-0.195968876846,-0.0977883253128,-0.0986567274913,-0.208440323592,-0.0956588909034,-0.00459029498685,0.00299783658786,0.00384123743336,-0.535846215482,-0.535846215482,-0.191033501364,-0.133323244734,0.0128222699527,-0.0300332860123,0.00807988481901,0.00815875269766,-0.00370113585421,4,0
1370,2.74,2,0.368520855904,0,0.0739265754819,0,0,0.369719858396,0.118914010652,0.368520841605,0.13360689951,-0.00472896461964,0.0330471595515,0.0111934685434,0.0628489320035,0.0739265790576,-6.85356214302e-07,0.000124045763748,0.36852409857,0.134934862873,2.15525200076e-06,-0.000538813000194,0.368523413214,0.369961096338,0.122235409757,0.135058908637,0.369812012133,0.118917850391,0.00128859891908,-0.0161410582465,1.59962118216,0.0739265790576,0.0739265790576,0.363791876985,0.166654059061,-0.00472896461964,0.0330471595515,0.00119901679154,-0.0146928888583,0.000115821489177,4,0
1380,2.76,1,-0.205871343613,0,-0.742695689201,0,0,-0.197850296496,-0.112856838804,-0.205871349705,-0.100507921379,0.0120299258893,-0.0475054305233,-1.83246142687,0.880604804108,-0.742695707266,-8.11084883254e-06,-0.00119185351677,-0.205857373247,-0.0954214437125,-2.23537109259e-06,0.000558842773146,-0.205865484096,-0.198079244045,-0.116150302611,-0.0966132972293,-0.21308361845,-0.113491560552,-0.00721813435369,-0.0168782633224,-0.172009709401,-0.742695707266,-0.950567439055,-0.193841423815,-0.148013351902,0.0120299258893,-0.0475054305233,0.0080210532086,-0.0123489174247,-0.00128918370276,4,0
1380,2.76,2,0.371014654636,0,0.360726088285,0,0,0.372312870957,0.141071051599,0.371014655881,0.123113042401,-0.00371287576865,0.0619036505766,0.12483473985,0.232692022037,0.360726099813,-1.38980246468e-05,-0.00303256163049,0.371031040549,0.128662691199,2.79421386051e-06,-0.000698553465122,0.371017142524,0.372599055399,0.145187881351,0.125630129569,0.37337797247,0.141115430829,0.00236082994594,0.0154853012601,2.7377953815,0.360726099813,0.360726099813,0.367301780112,0.185016692978,-0.00371287576865,0.0619036505766,0.00129821507603,0.0179580091975,-0.00319933792625,4,0
1390,2.78,1,-0.208552911878,0,-1.23180639744,0,0,-0.200497700247,-0.153466896905,-0.208552911749,-0.165042178138,0.0113886047074,-0.0208011533789,-2.21727451459,0.979613526413,-1.23180639205,-2.91075745862e-05,-0.00550530523562,-0.208512371663,-0.150833601183,-2.64315569048e-06,0.000660788922622,-0.208541479237,-0.200808661892,-0.157463189522,-0.156338906419,-0.218894261094,-0.154233420274,-0.0103527818565,0.00210548614512,-0.556757493609,-1.23180639205,-1.23180639205,-0.197164307042,-0.185843331516,0.0113886047074,-0.0208011533789,0.00805521150236,0.0115752812322,-0.00585459613065,4,0
1390,2.78,2,0.374367952347,0,0.380539536476,0,0,0.375622125706,0.191833624108,0.374367941578,0.206429794164,-0.00291255737172,0.0258743731994,0.284829025469,0.0987751712455,0.380539546729,1.49487618591e-05,0.00288526484371,0.374347765585,0.199419197642,3.30394460402e-06,-0.000825986150999,0.374362714347,0.376010827769,0.196828989866,0.202304462486,0.377966092781,0.191931289403,0.00360337843452,-0.0103731730828,2.44870757303,0.380539546729,0.380539546729,0.371455384206,0.232304167363,-0.00291255737172,0.0258743731994,0.00125418412835,-0.0145961700552,0.00306464998602,4,0
1400,2.8,1,-0.212213769555,0,0.13269084692,0,0,-0.203883905209,-0.178877718818,-0.212213776936,-0.18338756583,0.0110466160471,-0.0246766879024,-0.895230886817,1.02769768306,0.132690843599,2.9451844182e-08,-0.000224400777564,-0.212215758914,-0.184229072581,-5.23215128889e-07,0.000130803782219,-0.212215729462,-0.204242230921,-0.179555267311,-0.184453473358,-0.211329369385,-0.179187946492,0.00088636007724,0.005265526866,0.887108083569,0.132690843599,0.132690843599,-0.201167160888,-0.208064253733,0.0110466160471,-0.0246766879024,0.0083298717266,0.00450984701235,-0.000224047355434,4,0
1400,2.8,2,0.37884503603,0,0.0010617984226,0,0,0.379854881967,0.223597151413,0.378845039608,0.219064381315,-0.0023860880356,0.0410159387207,-0.0998484270873,0.0963137240973,0.00106179845775,-2.47169344898e-05,-0.00429989823383,0.378882787155,0.23255778674,6.54018910418e-07,-0.000163504727604,0.378858070221,0.380302789113,0.224444087029,0.228257888506,0.379062491598,0.223564135148,0.000204421377083,-0.00469375335845,0.744903425975,0.00106179845775,0.00106179845775,0.376458951572,0.260080320035,-0.0023860880356,0.0410159387207,0.00100984235918,0.00453277009809,-0.0045965014477,4,0
1410,2.82,1,-0.216028004885,0,-1.37538301945,0,0,-0.207667458358,-0.205427272558,-0.216028004747,-0.212696815266,0.0105264050025,-0.0186932490274,-2.37289134079,0.991963020937,-1.37538297632,-2.84645413151e-05,-0.00520376904095,-0.215987054991,-0.198262639529,-2.6576842681e-06,0.000664421067027,-0.216015519532,-0.208082283612,-0.209405890179,-0.203466408569,-0.22736115123,-0.206247843095,-0.0113456316974,-0.00278143452512,-0.53413511129,-1.37538297632,-1.37538297632,-0.205501599744,-0.231390064294,0.0105264050025,-0.0186932490274,0.00836054638861,0.00726954270802,-0.00554534353673,4,0
1410,2.82,2,0.383405655622,0,0.549288868904,0,0,0.384584323461,0.256784093482,0.383405654115,0.25725477537,-0.00152865391588,0.0319828077508,0.387874843984,0.164055963877,0.549288861242,1.40586063817e-05,0.00247324334165,0.383384948503,0.249947249804,3.32210532239e-06,-0.000830526330596,0.383399007109,0.385102855034,0.261757365488,0.252420493146,0.387789033872,0.256917623082,0.00439002676302,0.00449712993588,2.75600020616,0.549288861242,0.549288861242,0.381877000199,0.289237583121,-0.00152865391588,0.0319828077508,0.00117866934606,-0.000470681888558,0.00264194661823,4,0
1420,2.84,1,-0.220915451646,0,-0.623708844185,0,0,-0.21215578104,-0.24082042101,-0.220915449346,-0.262736696031,0.0104379352605,-0.000844619144489,-1.76324184314,1.1358353851,-0.623708847578,-1.78289613447e-05,-0.00348366292664,-0.220891526027,-0.25441806033,-1.46245637961e-06,0.000365614094905,-0.220909354989,-0.212639735831,-0.243074237817,-0.257901723256,-0.226793237395,-0.241430315024,-0.00588388240614,0.0164714082319,0.345522861078,-0.623708847578,-0.623708847578,-0.210477514086,-0.263581315176,0.0104379352605,-0.000844619144489,0.00875966830678,0.0219162750214,-0.00369761046277,4,0
1420,2.84,2,0.389318525791,0,0.261326670647,0,0,0.390194726866,0.30102552886,0.389318523038,0.315634456654,-0.00122162985916,0.0138421898765,0.235121858521,0.0263663353309,0.261326663217,-2.45632608586e-07,0.000164478226676,0.389320756865,0.316568958779,1.82807046628e-06,-0.000457017616573,0.389320511232,0.39079967036,0.303842799857,0.316733437006,0.39214933618,0.301106970915,0.00282882494727,-0.0156264660911,1.2382566188,0.261326663217,0.261326663217,0.388096893179,0.329476646531,-0.00122162985916,0.0138421898765,0.000876203828265,-0.0146089277942,0.000161530635373,4,0
1430,2.86,1,-0.226131632924,0,-0.962183117867,0,0,-0.217119742395,-0.256008449107,-0.226131627209,-0.262058440046,0.0102686388038,-0.0133588027067,-2.04944671675,1.08510482975,-0.962183105435,-1.23632645101e-05,-0.00201042239154,-0.226111779904,-0.254913374108,-1.85275152609e-06,0.000463187881519,-0.226124143168,-0.217634446523,-0.258741627683,-0.2569237965,-0.234150907194,-0.256718080973,-0.00802676402557,0.000205715526741,0.0904875573171,-0.962183105435,-0.962183105435,-0.215862988405,-0.275417242753,0.0102686388038,-0.0133588027067,0.00901188481397,0.00604999093953,-0.00215878156566,4,0
1430,2.86,2,0.395489960909,0,0.505761921406,0,0,0.396399678611,0.320010563902,0.395489950487,0.308847822744,-0.000661214359201,0.0354237331764,0.34250917656,0.16129614886,0.505761944424,-7.8108161984e-06,-0.00186288920906,0.395497915309,0.311444002193,2.31593939609e-06,-0.000578984849019,0.395490104493,0.397043058777,0.323427037106,0.309581112984,0.399265251954,0.320129962792,0.00377514746155,0.0105488498076,2.1298899053,0.505761944424,0.505761944424,0.394828736128,0.344271555921,-0.000661214359201,0.0354237331764,0.000909728124165,0.0111627411582,-0.00195661900344,4,0
1440,2.88,1,-0.231929689646,0,-1.12268650532,0,0,-0.222557339644,-0.288704886602,-0.231929683655,-0.313690618907,0.0102728400377,0.00875841463659,-2.33577125735,1.20766073181,-1.12268652917,-2.70162109244e-05,-0.00509980184233,-0.231891954697,-0.3004580808,-2.05973741135e-06,0.000514934352837,-0.231918970908,-0.223137894052,-0.291822006821,-0.305557882642,-0.241943244068,-0.28951263262,-0.0100242731607,0.0160452500224,0.0710568891113,-1.12268652917,-1.12268652917,-0.221656843618,-0.304932204271,0.0102728400377,0.00875841463659,0.00937234401108,0.0249857323051,-0.00542399637342,4,0
1440,2.88,2,0.402393370867,0,0.507478296757,0,0,0.403196675221,0.360881110542,0.402393369335,0.374990205154,-0.00032231414338,0.00617505243188,0.466782776928,0.0431873249586,0.507478267329,1.21650147368e-05,0.00234585438085,0.40237693713,0.369279545007,2.57467174791e-06,-0.000643667936972,0.402389102145,0.403922368235,0.36477751079,0.371625399388,0.407059060877,0.361042043277,0.00466995873236,-0.0105833561108,1.76104870232,0.507478267329,0.507478267329,0.402071055191,0.381165257586,-0.00032231414338,0.00617505243188,0.000803305886767,-0.0141090946129,0.00249183455769,4,0
1450,2.9,1,-0.238463044167,0,-0.0975421890616,0,0,-0.2285761412,-0.308314656423,-0.238463051151,-0.32651516649,0.010494538503,0.00513858684509,-1.37120653035,1.27241685002,-0.0975421879203,-5.47130022943e-06,-0.00118183680819,-0.238456631904,-0.324353101519,-4.26291442535e-07,0.000106572860637,-0.238462103204,-0.229193250051,-0.308874144313,-0.325534938327,-0.239972680857,-0.308789512242,-0.00151057765287,0.0167454260847,1.21459102116,-0.0975421879203,-0.0975421879203,-0.227968512648,-0.321376579645,0.010494538503,0.00513858684509,0.00988690995163,0.0182005100673,-0.00124749241095,4,0
1450,2.9,2,0.410148531199,0,0.235221102834,0,0,0.410720177209,0.385393322661,0.410148533634,0.384133138259,-0.000187892111773,0.0175875883906,0.190118339252,0.0419130395417,0.235221098715,-1.71552496144e-05,-0.00298385692618,0.41017473092,0.393497008603,5.32864300851e-07,-0.000133216075217,0.410157575671,0.411491563278,0.386092682521,0.390513151677,0.412328285847,0.385460327188,0.00217071017636,-0.00505282448942,0.453327835639,0.235221098715,0.235221098715,0.409960641522,0.40172072665,-0.000187892111773,0.0175875883906,0.000571643575116,0.0012601844019,-0.00318971992155,4,0
1460,2.92,1,-0.245127305388,0,-1.1576846838,0,0,-0.234898293726,-0.328036450309,-0.245127305638,-0.349391049029,0.0106059309163,0.0113084786945,-2.45324969849,1.29035217622,-1.15768470889,-2.65605613658e-05,-0.00489408664434,-0.245089282983,-0.335991603268,-1.89460717037e-06,0.000473651792592,-0.245115843544,-0.235557204763,-0.330876473637,-0.340885689913,-0.255263245283,-0.328884989958,-0.0101474017389,0.012000699955,0.280495701228,-1.15768470889,-1.15768470889,-0.234521374722,-0.338082570335,0.0106059309163,0.0113084786945,0.0102290119124,0.02135459872,-0.00521281338073,4,0
1460,2.92,2,0.417996108532,0,0.623866558075,0,0,0.418622867909,0.410045564841,0.417996095914,0.413935789517,0.000155623241294,0.00866742532058,0.550544345975,0.0754989581131,0.623866583026,1.13991080146e-05,0.00203993176604,0.41797947804,0.408073619711,2.36825894318e-06,-0.000592064735794,0.417990877148,0.419446506708,0.413595593971,0.410113551477,0.423184678307,0.410235640274,0.00519380115866,0.000122088797188,1.78353447447,0.623866583026,0.623866583026,0.418151719155,0.422603214838,0.000155623241294,0.00866742532058,0.000626771994518,-0.00389022467625,0.00217672106221,4,0
1470,2.94,1,-0.252537935972,0,-0.602730751038,0,0,-0.241724436724,-0.352487933953,-0.25253793625,-0.382295719169,0.0110181897467,0.0226050054734,-2.0251330484,1.41852937639,-0.602730726434,-1.89745121131e-05,-0.00364525143771,-0.252511901264,-0.373194020545,-9.6682296874e-07,0.000241705742182,-0.252530875776,-0.242430944736,-0.353979123558,-0.376839271983,-0.258539078827,-0.353188544041,-0.0060082030512,0.0236507279419,0.985827095613,-0.602730726434,-0.602730726434,-0.241519746504,-0.359690713695,0.0110181897467,0.0226050054734,0.0108134995265,0.0298077852155,-0.00387294558307,4,0
1470,2.94,2,0.426797240973,0,0.423884242773,0,0,0.427155546692,0.440609919118,0.426797227902,0.45325130827,0.000102456015263,-0.00363791450296,0.446045325165,-0.021791133806,0.423884256311,1.16227056547e-06,0.000355987801216,0.426796799231,0.453194202642,1.20852869895e-06,-0.000302132174735,0.426797961502,0.428038681711,0.442473906105,0.453550190443,0.430863071601,0.440764399323,0.00406511009925,-0.0127857911198,0.647233055901,0.423884256311,0.423884256311,0.426899683918,0.449613393767,0.000102456015263,-0.00363791450296,0.000358318789504,-0.0126413891516,0.000369935048001,4,0
1480,2.96,1,-0.260155797005,0,-0.827238976955,0,0,-0.248872592338,-0.362587460023,-0.260155788986,-0.382186393175,0.0113707394844,0.0150473528107,-2.25074682387,1.42028501969,-0.827238987759,-1.72034484481e-05,-0.00301637504324,-0.260130029167,-0.373036722252,-1.18220578493e-06,0.000295551446235,-0.260147232616,-0.249599488851,-0.3643349109,-0.376053097295,-0.267569499159,-0.363366497807,-0.00742226654331,0.0126865994876,0.882204662089,-0.827238987759,-0.827238987759,-0.248785049502,-0.367139040364,0.0113707394844,0.0150473528107,0.0112831966483,0.0195989331521,-0.00322281642462,4,0
1480,2.96,2,0.435780584812,0,0.586790502071,0,0,0.436090741242,0.453234326587,0.435780591363,0.450391976877,0.000200721334253,0.00853182511577,0.531750518781,0.0545122696235,0.586790504299,-1.32522396518e-06,-0.000511813207652,0.435780667965,0.450317249898,1.47775721498e-06,-0.000369439303752,0.435779342741,0.436999361886,0.45541864016,0.44980543669,0.440518705759,0.453418825109,0.0047393630184,0.00361338841824,1.14694744692,0.586790504299,0.586790504299,0.435981312697,0.458923801993,0.000200721334253,0.00853182511577,0.000310149878889,0.00284234970977,-0.000527715895234,4,0
1490,2.98,1,-0.268133252859,0,-0.864509224892,0,0,-0.256320231525,-0.382370131269,-0.268133252378,-0.412563907883,0.0118340072639,0.0280487791262,-2.39849284722,1.52894726511,-0.86450922008,-2.5159347543e-05,-0.00473444985783,-0.268097929719,-0.400156553445,-1.16096014713e-06,0.00029024003678,-0.268123089066,-0.257086752303,-0.384131109184,-0.404891003303,-0.276231134695,-0.383199752234,-0.00810804562853,0.0216912510687,0.999953453367,-0.86450922008,-0.86450922008,-0.256299245114,-0.384515128757,0.0118340072639,0.0280487791262,0.0118130208526,0.0301937766139,-0.00503636202835,4,0
1490,2.98,2,0.445236116648,0,0.571939051151,0,0,0.445400290254,0.477962665334,0.445236121713,0.490399045732,0.000137935526977,-0.0097551335489,0.60260722049,-0.0287500662979,0.571939051142,9.40350995963e-06,0.00180526093105,0.445223299379,0.485929514435,1.45120016282e-06,-0.000362800040707,0.445232702889,0.44635844123,0.480163887697,0.487734775366,0.450397357436,0.478170876467,0.00516465454697,-0.00956389889899,0.76065400143,0.571939051142,0.571939051142,0.44537405724,0.480643912183,0.000137935526977,-0.0097551335489,0.000164168541009,-0.0124363803975,0.00191810305057,4,0
1500,3,1,-0.276517897844,0,-0.24268655479,0,0,-0.264102011597,-0.393052481617,-0.276517910931,-0.418982763485,0.0124158993341,0.0259302818675,-1.84420148859,1.59868502665,-0.242686550754,-1.38885382154e-05,-0.00266324872413,-0.276498749576,-0.412271201818,-1.13712793792e-07,2.84281984455e-05,-0.276512638114,-0.26488820342,-0.393181195808,-0.414934450542,-0.279420180699,-0.393690738663,-0.00290754258459,0.0212437118793,1.76120341497,-0.242686550754,-0.242686550754,-0.264102011597,-0.393052481617,0.0124158993341,0.0259302818675,0.0124158993341,0.0259302818675,-0.00282991118272,4,0
1500,3,2,0.455183357,0,0.407721549273,0,0,0.455127515367,0.491315603067,0.455183371853,0.49568277166,-5.58564864069e-05,-0.00436716859264,0.446830167905,-0.0401791075585,0.407721544922,-5.86692405816e-06,-0.00100008148694,0.455192454,0.49893378505,1.42140989701e-07,-3.55352474183e-05,0.455186587076,0.456110255147,0.491476495803,0.497933703563,0.458853551991,0.491470854593,0.00366696491473,-0.00646284896915,-0.121215348273,0.407721544922,0.407721544922,0.455127515367,0.491315603067,-5.58564864069e-05,-0.00436716859264,-5.58564864069e-05,-0.00436716859264,-0.00107048457564,4,0
1510,3.02,1,-0.284920930862,0,-0.748994827271,0,0,-0.272024331032,-0.4009742828,-0.284920941722,-0.426335366974,0.01289661069,0.0253610841746,-2.3889914075,1.6352713053,-0.748994841928,-2.39300147141e-05,-0.00443810009448,-0.284886827303,-0.414316212919,-7.31441395674e-07,0.000182860348921,-0.284910757318,-0.272827384346,-0.402075237879,-0.418754313013,-0.291858780784,-0.401800718206,-0.00694802346638,0.0169535948075,1.39386156232,-0.748994841928,-0.748994841928,-0.272024331032,-0.4009742828,0.01289661069,0.0253610841746,0.01289661069,0.0253610841746,-0.00472526027105,4,0
1510,3.02,2,0.465134203434,0,0.603528082371,0,0,0.46503041468,0.501217854335,0.465134195268,0.506415482583,-0.00010378058805,-0.00519762824775,0.630541981722,-0.0255407362801,0.603528107644,7.615652336e-06,0.00138174997013,0.465123188271,0.502534909795,9.14301721611e-07,-0.000228575430401,0.465130803923,0.466034231324,0.50259404815,0.503916659766,0.470263569708,0.501435902461,0.00513276578472,-0.0024807573044,0.453166737389,0.603528107644,0.603528107644,0.46503041468,0.501217854335,-0.00010378058805,-0.00519762824775,-0.00010378058805,-0.00519762824775,0.00147313779816,4,0
1520,3.04,1,-0.293595403433,0,-0.488367915154,0,0,-0.280138475719,-0.409199843274,-0.293595416368,-0.437136437332,0.0134569406482,0.027936594058,-2.21424305541,1.72170600631,-0.488367903273,-2.08009043074e-05,-0.00391953497974,-0.293566177668,-0.426857441088,-2.25749609672e-07,5.64374024243e-05,-0.293586978572,-0.280957244929,-0.409553916772,-0.430776976068,-0.298523839265,-0.409965900089,-0.00493686069307,0.0208110759791,1.80199933191,-0.488367903273,-0.488367903273,-0.280138475719,-0.409199843274,0.0134569406482,0.027936594058,0.0134569406482,0.027936594058,-0.00416914583143,4,0
1520,3.04,2,0.47546055913,0,0.514377117157,0,0,0.475173095552,0.511499804613,0.475460544465,0.520637578612,-0.000287448912787,-0.00913777399855,0.590884856436,-0.0757829675248,0.514377118736,3.40543401093e-06,0.000683904967588,0.475456098226,0.519098698558,2.82186999156e-07,-7.05467497911e-05,0.47545950366,0.476196557065,0.511942396465,0.519782603526,0.480082572873,0.511704366168,0.0046230692127,-0.0080782373576,-0.158251213316,0.514377118736,0.514377118736,0.475173095552,0.511499804613,-0.000287448912787,-0.00913777399855,-0.000287448912787,-0.00913777399855,0.000724770175719,4,0
1530,3.06,1,-0.30231949687,0,-0.587070763111,0,0,-0.288342340189,-0.411295589922,-0.302319499619,-0.43670818738,0.0139771594293,0.0254125974583,-2.35886629509,1.76747504887,-0.587070787967,-2.2060866082e-05,-0.00405572786538,-0.302287779895,-0.425514858102,-2.60073831915e-07,6.50184579742e-05,-0.302309840761,-0.28916531584,-0.41168288075,-0.429570585967,-0.307929549924,-0.412111723661,-0.00561970916251,0.0174588623069,1.84005787207,-0.587070787967,-0.587070787967,-0.288342340189,-0.411295589922,0.0139771594293,0.0254125974583,0.0139771594293,0.0254125974583,-0.00432045825836,4,0
1530,3.06,2,0.485849529505,0,0.571226418018,0,0,0.485427926149,0.514119487798,0.485849514765,0.520519951048,-0.000421588616423,-0.0064004632492,0.644938329407,-0.0727857891707,0.571226397998,5.08871548758e-06,0.000865077652138,0.485841749242,0.517757684565,3.25092272435e-07,-8.12730681057e-05,0.485846837958,0.486456645713,0.514603601309,0.518622762217,0.490785393217,0.514342715593,0.00493855525933,-0.00428004662441,-0.119024752674,0.571226397998,0.571226397998,0.485427926149,0.514119487798,-0.000421588616423,-0.0064004632492,-0.000421588616423,-0.0064004632492,0.000926142237989,4,0
1540,3.08,1,-0.311131089926,0,-0.507251143456,0,0,-0.296603363338,-0.414281620041,-0.311131086242,-0.442839714783,0.0145277229044,0.0285580947422,-2.3604595474,1.84853415069,-0.507251146204,-2.34518457589e-05,-0.00439282835986,-0.311097914153,-0.431163557952,-4.06187920521e-08,1.01546980132e-05,-0.311121365999,-0.297432003883,-0.41435073652,-0.435556386312,-0.316200884005,-0.415098183402,-0.00507951800629,0.02045820291,2.06413442735,-0.507251146204,-0.507251146204,-0.296603363338,-0.414281620041,0.0145277229044,0.0285580947422,0.0145277229044,0.0285580947422,-0.00467425050896,4,0
1540,3.08,2,0.496371716261,0,0.533925592899,0,0,0.49575420509,0.517852025118,0.496371703918,0.529212509638,-0.000617498828281,-0.0113604845205,0.655409210696,-0.120080693909,0.533925614003,6.96649809482e-06,0.00131930480638,0.496361970399,0.525795295712,5.07734681521e-08,-1.26933670342e-05,0.496368936897,0.496790005771,0.517938420683,0.527114600518,0.501194812157,0.518078717079,0.00482587526001,-0.00903588343957,-0.497222344649,0.533925614003,0.533925614003,0.49575420509,0.517852025118,-0.000617498828281,-0.0113604845205,-0.000617498828281,-0.0113604845205,0.00140290278352,4,0
1550,3.1,1,-0.319988876581,0,-0.535472035408,0,0,-0.30488632818,-0.413805880856,-0.319988883913,-0.443019645628,0.0151025557329,0.0292137647721,-2.45930942412,1.91914740687,-0.535472042566,-2.37420310444e-05,-0.00440507031359,-0.319954881521,-0.431015202987,5.28844751324e-09,-1.32211188042e-06,-0.319978623552,-0.305713936507,-0.413800196846,-0.435420273301,-0.325306039371,-0.414656702155,-0.00532741581912,0.0207635711455,2.17517891984,-0.535472042566,-0.535472042566,-0.30488632818,-0.413805880856,0.0151025557329,0.0292137647721,0.0151025557329,0.0292137647721,-0.00468997468612,4,0
1550,3.1,2,0.506954014301,0,0.543507039547,0,0,0.506107911141,0.517257350933,0.506954021899,0.529167277644,-0.00084611075796,-0.0119099267112,0.692932882254,-0.147994776032,0.543507052018,7.39156373781e-06,0.00134235543912,0.506943123052,0.525291467306,-6.61056209772e-09,1.65264052665e-06,0.506950514616,0.507142421549,0.517250245918,0.526633822746,0.511860439347,0.517497039608,0.00490992473089,-0.00913678313769,-0.653177582723,0.543507052018,0.543507052018,0.506107911141,0.517257350933,-0.00084611075796,-0.0119099267112,-0.00084611075796,-0.0119099267112,0.00143105420397,4,0
1560,3.12,1,-0.328862398863,0,-0.379974126816,0,0,-0.313151717021,-0.411917171718,-0.328862399978,-0.442718308338,0.0157106829568,0.0308011366203,-2.38609001916,2.00139539291,-0.379974140353,-2.36699747569e-05,-0.00443644620025,-0.328828932846,-0.430938544898,3.32535990466e-07,-8.3133997615e-05,-0.328852602821,-0.313975071022,-0.411427598836,-0.435374991098,-0.332962070157,-0.412742603099,-0.00410946733625,0.0226323879995,2.46918698124,-0.379974140353,-0.379974140353,-0.313151717021,-0.411917171718,0.0157106829568,0.0308011366203,0.0157106829568,0.0308011366203,-0.00472048589734,4,0
1560,3.12,2,0.517547905445,0,0.486871033907,0,0,0.516439647187,0.514896464291,0.517547879606,0.528019775539,-0.00110823241825,-0.0131233112473,0.675607976844,-0.187258749468,0.486871029706,7.32618411263e-06,0.00139028345987,0.517537654778,0.524429920141,-4.15670011744e-07,0.000103917502931,0.517544980962,0.517468839689,0.514284498154,0.525820203601,0.522047659215,0.515130131459,0.00450267825344,-0.0106900721414,-1.07267306092,0.486871029706,0.486871029706,0.516439647187,0.514896464291,-0.00110823241825,-0.0131233112473,-0.00110823241825,-0.0131233112473,0.00147819766923,4,0
1570,3.14,1,-0.337632983923,0,-0.411401152611,0,0,-0.32133039445,-0.405694474504,-0.337632990693,-0.435257563794,0.0163025962432,0.0295630892901,-2.48044410724,2.06428258878,-0.411401159395,-2.41042146954e-05,-0.00447110848917,-0.337598463593,-0.423067723194,3.61342735844e-07,-9.03356839669e-05,-0.337622567808,-0.322141217902,-0.405140718859,-0.427538831683,-0.341925337243,-0.406552597121,-0.00430276943505,0.0209862345621,2.56764443279,-0.411401159395,-0.411401159395,-0.32133039445,-0.405694474504,0.0163025962432,0.0295630892901,0.0163025962432,0.0295630892901,-0.00476035906551,4,0
1570,3.14,2,0.527991592884,0,0.505768060684,0,0,0.526662993964,0.507118092456,0.527991608437,0.517828210591,-0.00132861447367,-0.010710118135,0.706292798391,-0.198988288636,0.505768088858,7.93140038373e-06,0.0014412440919,0.527979931269,0.513677657164,-4.51678432656e-07,0.00011291960815,0.527987862669,0.527676523277,0.50642589788,0.515118901256,0.532525785319,0.507362375429,0.00453792264994,-0.00775652582698,-1.1477783717,0.505768088858,0.505768088858,0.526662993964,0.507118092456,-0.00132861447367,-0.010710118135,-0.00132861447367,-0.010710118135,0.0015364208965,4,0
1580,3.16,1,-0.34636592865,0,-0.342017024755,0,0,-0.329409956447,-0.402166123535,-0.346365917789,-0.437533634861,0.0169559613414,0.035367511326,-2.51599092787,2.16839005729,-0.342017012,-2.7717788556e-05,-0.00525124511656,-0.346327148249,-0.423915059704,5.28281089096e-07,-0.000132070272271,-0.346354866038,-0.330213538246,-0.401394688807,-0.42916630482,-0.350293758757,-0.403036281965,-0.00393889271897,0.0261300228552,2.77503311525,-0.342017012,-0.342017012,-0.329409956447,-0.402166123535,0.0169559613414,0.035367511326,0.0169559613414,0.035367511326,-0.00558385857924,4,0
1580,3.16,2,0.538382828236,0,0.454991579056,0,0,0.536762446445,0.502707653623,0.53838284532,0.520220547643,-0.00162039887442,-0.01751289402,0.721144540163,-0.26350925554,0.454991585864,1.27965303778e-05,0.00249014039473,0.538365442418,0.514140344269,-6.60351378468e-07,0.000165087844612,0.538378238948,0.537766923693,0.501743360188,0.516630484664,0.542739576495,0.502956700708,0.00436133754702,-0.0136737839557,-1.54914248009,0.454991585864,0.454991585864,0.536762446445,0.502707653623,-0.00162039887442,-0.01751289402,-0.00162039887442,-0.01751289402,0.00264369875926,4,0
1590,3.18,1,-0.354953080416,0,-0.129222229123,0,0,-0.33734753791,-0.390375235779,-0.354953070078,-0.420782049995,0.0176055321677,0.0304068142159,-2.36195445384,2.22832185809,-0.129222232168,-2.22381834237e-05,-0.00414350538753,-0.354921349172,-0.409590915316,9.34053141444e-07,-0.000233513285362,-0.354943587356,-0.338126879736,-0.388970372989,-0.413734420703,-0.356959689788,-0.391192408774,-0.00201610243177,0.022542011929,3.10568565291,-0.129222232168,-0.129222232168,-0.33734753791,-0.390375235779,0.0176055321677,0.0304068142159,0.0176055321677,0.0304068142159,-0.00441036358862,4,0
1590,3.18,2,0.548553466797,0,0.408508569002,0,0,0.546684423255,0.487969043611,0.54855344612,0.496926417985,-0.00186902286429,-0.00895737437456,0.669150276648,-0.259552604255,0.408508555057,5.53916383118e-06,0.00102264737019,0.548545377937,0.494061064809,-1.16756644741e-06,0.000291891611843,0.5485509171,0.547658600535,0.486212965091,0.495083712179,0.552241951097,0.488200607271,0.00369103399667,-0.00688310490871,-1.83699826836,0.408508555057,0.408508555057,0.546684423255,0.487969043611,-0.00186902286429,-0.00895737437456,-0.00186902286429,-0.00895737437456,0.00108911733616,4,0
1600,3.2,1,-0.363250285387,0,-0.699374496937,0,0,-0.3450375892,-0.38094803965,-0.36325028181,-0.415716876973,0.0182126926098,0.0347688373224,-3.00772693278,2.30177686155,-0.699374473376,-3.36960270365e-05,-0.00617124552613,-0.363201350439,-0.398393192046,1.23604536106e-07,-3.09011340295e-05,-0.363235046466,-0.345799391995,-0.380808693841,-0.404564437572,-0.370003839473,-0.381988300078,-0.00676879300704,0.0225761374937,2.65873754243,-0.699374473376,-0.699374473376,-0.3450375892,-0.38094803965,0.0182126926098,0.0347688373224,0.0182126926098,0.0347688373224,-0.00657559785056,4,0
1600,3.2,2,0.558351099491,0,0.57796472311,0,0,0.556296987343,0.476185048261,0.558351121236,0.491656406037,-0.00205413389341,-0.0154713577766,0.867994058946,-0.286054777893,0.577964717718,2.08094343744e-05,0.00372485012182,0.558320113207,0.480616706551,-1.54505672589e-07,3.86264181548e-05,0.558340922641,0.557249240833,0.476010865996,0.484341556672,0.563484671188,0.476484535088,0.00514374854701,-0.00785702158458,-1.29757856051,0.577964717718,0.577964717718,0.556296987343,0.476185048261,-0.00205413389341,-0.0154713577766,-0.00205413389341,-0.0154713577766,0.00397456333431,4,0
1610,3.22,1,-0.371524631977,0,0.0917847678065,0,0,-0.35257521262,-0.369493514733,-0.37152462113,-0.404445658919,0.0189494085099,0.0349521441861,-2.32583679015,2.4130596201,0.0917847662806,-2.26703956247e-05,-0.00428989157622,-0.371492791311,-0.39324956909,1.35343117846e-06,-0.000338357794621,-0.371515461707,-0.353312196449,-0.367476841238,-0.397539460666,-0.371885644679,-0.370298116069,-0.000370182972553,0.0272413445974,3.56797243679,0.0917847662806,0.0917847662806,-0.35257521262,-0.369493514733,0.0189494085099,0.0349521441861,0.0189494085099,0.0349521441861,-0.00456193632372,4,0
1610,3.22,2,0.568116545677,0,0.304761648178,0,0,0.56571901659,0.461866891914,0.56811656367,0.475212531786,-0.00239754708057,-0.013345639872,0.651770559762,-0.345693406644,0.304761653072,6.24172780328e-06,0.00124059931189,0.568108166298,0.472275579466,-1.69178899423e-06,0.000422947248556,0.568114408026,0.566640246373,0.459346050014,0.473516178778,0.571130081211,0.46209235294,0.00301567318549,-0.0114238258373,-2.52694748513,0.304761653072,0.304761653072,0.56571901659,0.461866891914,-0.00239754708057,-0.013345639872,-0.00239754708057,-0.013345639872,0.00131550004553,4,0
1620,3.24,1,-0.379287600517,0,-0.233387261629,0,0,-0.359758821992,-0.349628750685,-0.379287614233,-0.377827772653,0.0195287922413,0.0281990219681,-2.67699651579,2.43833571226,-0.233387260673,-2.69985073805e-05,-0.00494956076773,-0.379248416339,-0.363948103866,9.01620782368e-07,-0.000225405195595,-0.379275414846,-0.36045665224,-0.348238908538,-0.368897664634,-0.381984593691,-0.350554824505,-0.0027091788443,0.0183428401287,3.33671269014,-0.233387260673,-0.233387260673,-0.359758821992,-0.349628750685,0.0195287922413,0.0281990219681,0.0195287922413,0.0281990219681,-0.0052735428563,4,0
1620,3.24,2,0.577204465866,0,0.442942529917,0,0,0.574698528272,0.437035936574,0.577204462278,0.442119950392,-0.00250593400541,-0.00508401381741,0.748731560242,-0.303533838166,0.442942522304,1.1958456654e-05,0.00211169829204,0.577186329315,0.43563677793,-1.12702598876e-06,0.000281756497184,0.577198287772,0.575570816079,0.435298633874,0.437748476222,0.580908383611,0.437294680547,0.00371009583901,-0.000453795675579,-1.9991539755,0.442942522304,0.442942522304,0.574698528272,0.437035936574,-0.00250593400541,-0.00508401381741,-0.00250593400541,-0.00508401381741,0.00225519977189,4,0
1630,3.26,1,-0.38689827919,0,-0.0121284397319,0,0,-0.366667321765,-0.340933422892,-0.386898274737,-0.381155508469,0.0202309529717,0.0402220855775,-2.59885424521,2.58001205553,-0.0121284396064,-3.27753151485e-05,-0.00632044629496,-0.386853200879,-0.365367681414,1.24819376257e-06,-0.000312048440649,-0.386885976194,-0.36734740047,-0.339103206988,-0.371688127709,-0.38823105552,-0.341831911798,-0.00134507932634,0.0298562159108,3.67788016753,-0.0121284396064,-0.0121284396064,-0.366667321765,-0.340933422892,0.0202309529717,0.0402220855775,0.0202309529717,0.0402220855775,-0.00671375007674,4,0
1630,3.26,2,0.586144626141,0,0.298996269703,0,0,0.583334152952,0.426166776729,0.586144624136,0.447814287068,-0.00281047118391,-0.0216475103392,0.722384990404,-0.419221068742,0.298996258289,1.96426609266e-05,0.00393195144222,0.5861186448,0.438779810814,-1.56024221765e-06,0.000390060554415,0.586138287461,0.584184251329,0.423879006828,0.442711762256,0.589308924477,0.426415725543,0.00317063701547,-0.0162960367136,-2.75920971256,0.298996258289,0.298996258289,0.583334152952,0.426166776729,-0.00281047118391,-0.0216475103392,-0.00281047118391,-0.0216475103392,0.00416766337334,4,0
1640,3.28,1,-0.394131273031,0,0.300816118717,0,0,-0.373253096292,-0.315893203377,-0.394131278591,-0.34308090389,0.0208781822985,0.0271877005133,-2.30920836501,2.60582552114,0.300816112014,-2.12776146104e-05,-0.00394362451199,-0.394100679826,-0.332262015536,1.78771242171e-06,-0.000446928105423,-0.39412195744,-0.373882170601,-0.313196370419,-0.336205640048,-0.392428217893,-0.316692166777,0.00169373954715,0.0195134732712,4.06619177183,0.300816112014,0.300816112014,-0.373253096292,-0.315893203377,0.0208781822985,0.0271877005133,0.0208781822985,0.0271877005133,-0.00419895588732,4,0
1640,3.28,2,0.594578742981,0,0.245687246323,0,0,0.59156637107,0.394866502072,0.594578749845,0.397934794967,-0.00301237877524,-0.00306829289444,0.614611237249,-0.368061161508,0.245687240914,4.534579059e-06,0.000808419877748,0.594571794013,0.395431333975,-2.23464054372e-06,0.000558660135939,0.594576328592,0.592352713953,0.39149546085,0.396239753853,0.596672077018,0.39507923982,0.00209574842565,-0.00116051403268,-2.9419009989,0.245687240914,0.245687240914,0.59156637107,0.394866502072,-0.00301237877524,-0.00306829289444,-0.00301237877524,-0.00306829289444,0.000862834826456,4,0
1650,3.3,1,-0.400761991739,0,-0.744952499866,0,0,-0.379353937921,-0.298735904813,-0.400761986937,-0.332624146293,0.0214080490157,0.0338882414797,-3.41839015897,2.66525052006,-0.744952525295,-4.21861123715e-05,-0.00768088026389,-0.40070035635,-0.310778619554,2.25906853779e-07,-5.64767134497e-05,-0.400742542463,-0.379951238682,-0.298480950359,-0.318459499818,-0.407723044711,-0.299917950929,-0.00698050224781,0.0185415488884,3.11060725486,-0.744952525295,-0.744952525295,-0.379353937921,-0.298735904813,0.0214080490157,0.0338882414797,0.0214080490157,0.0338882414797,-0.00818711361235,4,0
1650,3.3,2,0.602291226387,0,0.550112485886,0,0,0.599192423061,0.373419878718,0.60229124085,0.389285974662,-0.00309881778868,-0.0158660959438,0.94899143537,-0.39276089871,0.550112473773,3.20906495713e-05,0.00573297509253,0.602243377705,0.372245996324,-2.82383569195e-07,7.05958923093e-05,0.602275468355,0.599939049008,0.373101185648,0.377978971417,0.607036083699,0.373746697911,0.00476061534416,-0.00423227350537,-1.79353255948,0.550112473773,0.550112473773,0.599192423061,0.373419878718,-0.00309881778868,-0.0158660959438,-0.00309881778868,-0.0158660959438,0.00611806288738,4,0
1660,3.32,1,-0.407323151827,0,0.572261452675,0,0,-0.385187247832,-0.279199572241,-0.407323141601,-0.311544683854,0.0221358937689,0.0323451116122,-2.21638456852,2.78421066388,0.57226147085,-2.18719022978e-05,-0.00417291265998,-0.407292620095,-0.30081493239,2.19898056375e-06,-0.000549745140941,-0.407314491998,-0.385742380446,-0.275917071287,-0.30498784505,-0.403588211656,-0.279966279067,0.00372628034114,0.0250215659827,4.50939593837,0.57226147085,0.57226147085,-0.385187247832,-0.279199572241,0.0221358937689,0.0323451116122,0.0221358937689,0.0323451116122,-0.00443537548755,4,0
1660,3.32,2,0.60995388031,0,0.0911140069366,0,0,0.606484060404,0.348999462849,0.609953871172,0.361004376954,-0.00346981076885,-0.0120049141047,0.561883875746,-0.46956488074,0.09111400808,5.47736110583e-06,0.00113925859236,0.609946784702,0.358536340573,-2.7487257207e-06,0.000687181430172,0.609952262063,0.607177976165,0.344896336632,0.359675599165,0.611148286862,0.349193805618,0.00119602479848,-0.0104817935474,-3.69631959233,0.09111400808,0.09111400808,0.606484060404,0.348999462849,-0.00346981076885,-0.0120049141047,-0.00346981076885,-0.0120049141047,0.00120498692563,4,0
1670,3.34,1,-0.413024872541,0,-0.0119846398011,0,0,-0.39044510588,-0.248266350606,-0.413024874748,-0.268891442645,0.0225797688679,0.0206250920389,-2.77915016549,2.76146533572,-0.0119846396892,-2.93923569121e-05,-0.00534748179649,-0.412981838027,-0.253624947866,1.32508799844e-06,-0.000331271999614,-0.413011230384,-0.390939534482,-0.246220485039,-0.258972429663,-0.413517133405,-0.249227685087,-0.000505903021417,0.00974474457618,3.97030295147,-0.0119846396892,-0.0119846396892,-0.39044510588,-0.248266350606,0.0225797688679,0.0206250920389,0.0225797688679,0.0206250920389,-0.00570019007943,4,0
1670,3.34,2,0.616521775723,0,0.325106203556,0,0,0.613056382912,0.3103329356,0.616521760266,0.310006665148,-0.00346537735432,0.000326270451912,0.712591784852,-0.384632044905,0.325106217095,1.52865068241e-05,0.00267008476994,0.616498336878,0.30161548846,-1.65636000571e-06,0.000414090001438,0.616513623385,0.613674418659,0.307775603629,0.30428557323,0.61896061802,0.310578945396,0.00244699463553,0.00629337216643,-2.65991277742,0.325106217095,0.325106217095,0.613056382912,0.3103329356,-0.00346537735432,0.000326270451912,-0.00346537735432,0.000326270451912,0.00285352285183,4,0
1680,3.36,1,-0.41847923398,0,0.267428904772,0,0,-0.395287502398,-0.235530582201,-0.418479238314,-0.274129457862,0.0231917359161,0.0385988756612,-2.59779948411,2.92066260259,0.267428900618,-3.80556445118e-05,-0.00738452684637,-0.418427379787,-0.256008183054,1.80639482444e-06,-0.00045159870611,-0.418465435432,-0.395755969393,-0.232878701483,-0.2633927099,-0.416833082623,-0.23642831471,0.00163235280924,0.0269643951901,4.33682148536,0.267428900618,0.330704313059,-0.395287502398,-0.235530582201,0.0231917359161,0.0385988756612,0.0231917359161,0.0385988756612,-0.00784119458051,4,0
1680,3.36,2,0.622874200344,0,0.101185023785,0,0,0.619109378505,0.29441322502,0.62287422642,0.319421137127,-0.00376484791479,-0.0250079121069,0.648519072884,-0.541657936151,0.10118502028,2.6734682077e-05,0.00535530026749,0.622839091663,0.307234763822,-2.25799354048e-06,0.000564498385118,0.622865826345,0.619694962244,0.291098374108,0.312590064089,0.624457118871,0.294636047535,0.00159129252542,-0.017954016554,-3.70474827131,0.10118502028,0.10118502028,0.619109378505,0.29441322502,-0.00376484791479,-0.0250079121069,-0.00376484791479,-0.0250079121069,0.00567611645242,4,0
1690,3.38,1,-0.423394888639,0,0.700396120548,0,0,-0.399668240109,-0.200485154056,-0.423394883017,-0.219342820655,0.0237266429083,0.0188576665992,-2.21048215748,2.90687088241,0.700396117632,-2.04022486183e-05,-0.00376256572338,-0.423365335567,-0.20887681987,2.40976194266e-06,-0.000602440485668,-0.423385737815,-0.400065546238,-0.196845743162,-0.212639385594,-0.418023662762,-0.201249963333,0.00536207505275,0.0113894222604,4.79289075151,0.700396117632,0.700396117632,-0.399668240109,-0.200485154056,0.0237266429083,0.0188576665992,0.0237266429083,0.0188576665992,-0.0040073927068,4,0
1690,3.38,2,0.628515303135,0,0.0439285673201,0,0,0.624585300588,0.250606439664,0.628515319883,0.248772464129,-0.00393001929523,0.00183397553534,0.499012440098,-0.454418696182,0.043928567241,3.65177490317e-06,0.000621355375437,0.628509375793,0.24660337602,-3.01220243892e-06,0.000753050609728,0.628513027568,0.625081933244,0.246057176031,0.247224731396,0.62873099706,0.250779177017,0.000217969492774,0.00355444562161,-3.77579106369,0.043928567241,0.043928567241,0.624585300588,0.250606439664,-0.00393001929523,0.00183397553534,-0.00393001929523,0.00183397553534,0.000665176674275,4,0
1700,3.4,1,-0.427462607622,0,-0.693215787411,0,0,-0.403389468406,-0.177820592561,-0.427462613211,-0.204191228795,0.0240731448053,0.0263706362338,-3.63983737493,2.93732488672,-0.693215801684,-4.79872522996e-05,-0.00872083950612,-0.427392484878,-0.179340641019,2.98941470966e-07,-7.47353677421e-05,-0.42744047213,-0.403744882939,-0.177483060468,-0.188061480525,-0.43359153999,-0.17907901221,-0.00615106786048,0.00898246831473,3.44426234419,-0.693215801684,-0.693215801684,-0.403389468406,-0.177820592561,0.0240731448053,0.0263706362338,0.0240731448053,0.0263706362338,-0.00929668653371,4,0
1700,3.4,2,0.633160531521,0,0.44645857811,0,0,0.629236835899,0.222275737704,0.633160518518,0.236765607223,-0.00392368261825,-0.0144898695185,0.925716697354,-0.471690975521,0.446458571831,3.96554956713e-05,0.00709128405487,0.633101596217,0.215816669232,-3.73676839915e-07,9.3419209991e-05,0.633141251713,0.62968110406,0.221853822586,0.222907953287,0.636874821735,0.222593987114,0.00373357002247,-0.000313966173211,-2.15413751294,0.446458571831,0.446458571831,0.629236835899,0.222275737704,-0.00392368261825,-0.0144898695185,-0.00392368261825,-0.0144898695185,0.00756715000293,4,0
1710,3.42,1,-0.4314648211,0,0.998520314693,0,0,-0.40676272161,-0.152733511151,-0.431464812535,-0.179828800702,0.024702090925,0.0270952895511,-2.07393654499,3.0681007591,0.998520344001,-2.10390673252e-05,-0.00410366108,-0.431435735839,-0.169592722761,2.75963772994e-06,-0.000689909432479,-0.431456774907,-0.40706408197,-0.148610452063,-0.173696383841,-0.423979335115,-0.153450870047,0.00747743979191,0.0202455137944,5.17487726751,0.998520344001,0.998520344001,-0.40676272161,-0.152733511151,0.024702090925,0.0270952895511,0.024702090925,0.0270952895511,-0.0043561298879,4,0
1710,3.42,2,0.637764751911,0,-0.153333812952,0,0,0.633453402344,0.190916885853,0.637764744851,0.20234729544,-0.00431134250734,-0.0114304095875,0.418002258932,-0.570191602555,-0.153333816855,4.60162710878e-06,0.00108925370626,0.637759240281,0.200415403114,-3.44954717091e-06,0.000862386792741,0.637763841908,0.633830102789,0.18576306198,0.20150465682,0.636921196748,0.191061377286,-0.000842645159866,-0.0104432795341,-4.55087374959,-0.153333816855,-0.153333816855,0.633453402344,0.190916885853,-0.00431134250734,-0.0114304095875,-0.00431134250734,-0.0114304095875,0.00114447323157,4,0
1720,3.44,1,-0.43438065052,0,0.224587589502,0,0,-0.409413638661,-0.114739431771,-0.434380646092,-0.125248759484,0.0249670074312,0.0105093277129,-2.77591513786,2.9945960369,0.224587582882,-3.05958635699e-05,-0.00553953348583,-0.434335614094,-0.109257394559,1.57688145502e-06,-0.000394220363756,-0.434366209957,-0.409640609179,-0.11230259796,-0.114796928045,-0.432457036546,-0.11569957335,0.00190917341174,-0.000902645305376,4.39093660822,0.224587582882,0.224587582882,-0.409413638661,-0.114739431771,0.0249670074312,0.0105093277129,0.0249670074312,0.0105093277129,-0.00590668384867,4,0
1720,3.44,2,0.64097815752,0,0.157043516636,0,0,0.636767048595,0.143424286524,0.640978152796,0.137577522199,-0.00421110420032,0.00584676432518,0.603072372445,-0.442895613746,0.157043512431,1.68989524711e-05,0.00293045883799,0.640952082742,0.128226556052,-1.97110182198e-06,0.000492775455487,0.640968981695,0.637050761737,0.140378244254,0.13115701489,0.641757876681,0.143632237695,0.000788894986748,0.0124752228043,-3.08746375234,0.157043512431,0.157043512431,0.636767048595,0.143424286524,-0.00421110420032,0.00584676432518,-0.00421110420032,0.00584676432518,0.00313324626764,4,0
1730,3.46,1,-0.436962783337,0,0.374165713787,0,0,-0.411562567993,-0.0996132242964,-0.43696277037,-0.131369746109,0.0254002023771,0.031756521813,-2.51537132133,3.14565048969,0.374165715477,-4.1909000419e-05,-0.00812835092284,-0.436905581568,-0.111376829491,2.13056570025e-06,-0.000532641425058,-0.436947490569,-0.411758730336,-0.0964832471414,-0.119505180414,-0.432415864872,-0.100482111666,0.00453162569631,0.0190230687472,4.58405222926,0.374165715477,0.638910427294,-0.411562567993,-0.0996132242964,0.0254002023771,0.031756521813,0.0254002023771,0.031756521813,-0.00863125892787,4,0
1730,3.46,2,0.643901884556,0,-0.109763592482,0,0,0.639453210196,0.124516527149,0.643901871498,0.148862903708,-0.00444866130223,-0.0243463765595,0.509722773139,-0.612788011849,-0.109763593683,3.17351865159e-05,0.0063175327348,0.643859794291,0.13423693401,-2.66320712949e-06,0.000665801782375,0.643891529478,0.639698413118,0.120604055699,0.140554466744,0.643637815407,0.124690885699,-0.000253714070471,-0.0158635810453,-4.2450189556,-0.109763593683,-0.109763593683,0.639453210196,0.124516527149,-0.00444866130223,-0.0243463765595,-0.00444866130223,-0.0243463765595,0.00669835497299,4,0
1740,3.48,1,-0.438957870007,0,1.03099799156,0,0,-0.413170715856,-0.0591029504355,-0.438957863552,-0.0685320232491,0.0257871476964,0.00942907281358,-2.08107108824,3.10828308417,1.03099805086,-1.93489600197e-05,-0.0035538674135,-0.438929663762,-0.0585265750568,2.71961114728e-06,-0.000679902786816,-0.438949012722,-0.413284780214,-0.0549924709332,-0.0620804424703,-0.430451423239,-0.0598229799098,0.0084975894838,0.00225746256054,5.21112175578,1.03099805086,1.03099805086,-0.413170715856,-0.0591029504355,0.0257871476964,0.00942907281358,0.0257871476964,0.00942907281358,-0.00378605493374,4,0
1740,3.48,2,0.646026432514,0,-0.169447004795,0,0,0.641463394959,0.0738786847581,0.646026439457,0.0670418701936,-0.00456304449721,0.00683681456454,0.338003449338,-0.507070258767,-0.169447006533,2.29012631634e-06,0.000352715588509,0.646022247823,0.0654725891638,-3.39951393713e-06,0.000849878484293,0.646024537949,0.641605975401,0.0687405853756,0.0658253047523,0.644272045931,0.073995711882,-0.00175249201818,0.00817040712966,-4.22382240255,-0.169447006533,-0.169447006533,0.641463394959,0.0738786847581,-0.00456304449721,0.00683681456454,-0.00456304449721,0.00683681456454,0.000380197104305,4,0
1750,3.5,1,-0.439948439598,0,-0.53565955162,0,0,-0.414030221517,-0.033867467207,-0.439948441621,-0.0493080981218,0.0259182201041,0.0154406309148,-3.64589783878,3.10051968313,-0.53565955238,-5.01422320224e-05,-0.00911689647913,-0.439875228178,-0.023370933914,3.33246278295e-07,-8.33115695793e-05,-0.43992537041,-0.41409770356,-0.0334910869503,-0.0324878303931,-0.444279199559,-0.0351278412921,-0.00435382914905,-0.00264001089898,3.63791502633,-0.53565955238,-0.53565955238,-0.414030221517,-0.033867467207,0.0259182201041,0.0154406309148,0.0259182201041,0.0154406309148,-0.0097186032634,4,0
1750,3.5,2,0.646980524063,0,0.288259357214,0,0,0.642537776969,0.0423343307013,0.646980543405,0.0519640640185,-0.00444276643523,-0.00962973331718,0.801896020335,-0.505577926901,0.288259358998,4.21594462941e-05,0.00755282108139,0.646918050294,0.0297587084917,-4.16557848104e-07,0.000104139462027,0.646960209741,0.642622129517,0.0418638553802,0.0373115295731,0.649141622675,0.0426094909391,0.00218141293473,0.00529796136592,-2.29717717936,0.288259358998,0.288259358998,0.642537776969,0.0423343307013,-0.00444276643523,-0.00962973331718,-0.00444276643523,-0.00962973331718,0.00805873443692,4,0
1760,3.52,1,-0.440856516361,0,1.30466961861,0,0,-0.414506391144,-0.00647983135088,-0.440856511508,-0.0242657326766,0.0263501203641,0.0177859013258,-1.91941615326,3.21948335824,1.30466960029,-2.21468463279e-05,-0.00433663315351,-0.440826589754,-0.0138235789028,2.96276589812e-06,-0.000740691474533,-0.4408487366,-0.414514936059,-0.00205038322271,-0.0181602120563,-0.430435517727,-0.00714354495849,0.0104132188734,0.0110166670978,5.46882888976,1.30466960029,1.30466960029,-0.414506391144,-0.00647983135088,0.0263501203641,0.0177859013258,0.0263501203641,0.0177859013258,-0.00460239530944,4,0
1760,3.52,2,0.647890806198,0,-0.369096010923,0,0,0.643132988937,0.00809978586925,0.647890786892,0.0161078704932,-0.00475779795422,-0.00800808462396,0.23949020203,-0.607147360177,-0.369096007878,5.91137430997e-06,0.00136791323924,0.647884393895,0.013985752701,-3.70345737299e-06,0.000925864343237,0.647890305269,0.643143670075,0.00256297570859,0.0153536659402,0.645113312145,0.00818229933625,-0.00277699312382,-0.00717136660394,-4.85423627959,-0.369096007878,-0.369096007878,0.643132988937,0.00809978586925,-0.00475779795422,-0.00800808462396,-0.00475779795422,-0.00800808462396,0.00143884973096,4,0
1770,3.54,1,-0.440595060587,0,0.439069390297,0,0,-0.414206923672,0.0336527259344,-0.440595066117,0.0353727309509,0.0263881424452,-0.00172000501648,-2.67004281914,3.1031440038,0.439069377268,-3.09644636568e-05,-0.0055966190374,-0.440549425656,0.0515837389502,1.62437967371e-06,-0.000406094918429,-0.440580390119,-0.414137030601,0.0361648203374,0.0459871199128,-0.436369069612,0.0327293031869,0.00421132050748,-0.0132578167259,4.53967326782,0.439069377268,0.439069377268,-0.414206923672,0.0336527259344,0.0263881424452,-0.00172000501648,0.0263881424452,-0.00172000501648,-0.00596819260128,4,0
1770,3.54,2,0.647309839725,0,-0.0225603282452,0,0,0.642758654531,-0.0420659107269,0.64730985563,-0.0536594303261,-0.00455120109909,0.0115935195991,0.435066563288,-0.454482106184,-0.0225603278461,1.7026560911e-05,0.00294046621953,0.647283505673,-0.0631150205862,-2.0304745908e-06,0.000507618647705,0.647300532234,0.642671288185,-0.0452060287287,-0.0601745543667,0.646351764645,-0.0419161978055,-0.000948767588766,0.0182583565612,-3.15621753442,-0.0225603278461,-0.0225603278461,0.642758654531,-0.0420659107269,-0.00455120109909,0.0115935195991,-0.00455120109909,0.0115935195991,0.00314478495047,4,0
1780,3.56,1,-0.439953923225,0,0.5686378479,0,0,-0.41338397806,0.0492096740223,-0.439953925381,0.0301358073749,0.0265699473211,0.0190738666474,-2.36437551595,3.22183247517,0.568637840639,-4.24669010621e-05,-0.00823968098891,-0.439895988145,0.0503903076471,2.17870794683e-06,-0.000544676986707,-0.439938455046,-0.413282421645,0.0524122387381,0.0421506266582,-0.432980175485,0.0483931657963,0.0069582795611,0.00624253913809,4.66256486456,0.568637840639,0.866206243022,-0.41338397806,0.0492096740223,0.0265699473211,0.0190738666474,0.0265699473211,0.0190738666474,-0.00874928380166,4,0
1780,3.56,2,0.646412312984,0,-0.297797560692,0,0,0.64172997245,-0.0615120958238,0.646412340661,-0.0421377603768,-0.00468236821121,-0.019374335447,0.324635426822,-0.615670432882,-0.29779756311,3.20155136545e-05,0.00637837088649,0.64636991685,-0.0568834180601,-2.72338493157e-06,0.000680846232882,0.646401932364,0.641603026924,-0.0655153017154,-0.0505050471736,0.644374322147,-0.0614019145864,-0.00202761021705,-0.0108968674128,-4.27876472388,-0.29779756311,-0.29779756311,0.64172997245,-0.0615120958238,-0.00468236821121,-0.019374335447,-0.00468236821121,-0.019374335447,0.00676255705035,4,0
1790,3.58,1,-0.438706636429,0,1.21370398998,0,0,-0.412011190071,0.0899364244175,-0.438706640902,0.0940244358931,0.0266954508317,-0.00408801147552,-1.93959641448,3.14950869818,1.21370403855,-1.93952833363e-05,-0.00355901145227,-0.438678335476,0.104070672768,2.67711705781e-06,-0.000669279264454,-0.43869773076,-0.41182723488,0.0939854332023,0.100511661316,-0.428114937673,0.0892654349341,0.0105827930871,-0.0112462263814,5.22728119832,1.21370403855,1.21370403855,-0.412011190071,0.0899364244175,0.0266954508317,-0.00408801147552,0.0266954508317,-0.00408801147552,-0.0037917548523,4,0
1790,3.58,2,0.644710302353,0,-0.345481574535,0,0,0.640013987398,-0.112420533763,0.644710275938,-0.124341609333,-0.0046962885396,0.0119210755704,0.153028073718,-0.498219407511,-0.345481564736,1.85548492133e-06,0.00026796512418,0.644706657126,-0.125713222504,-3.34639631749e-06,0.000836599079371,0.644708512611,0.639784043403,-0.117481794737,-0.12544525738,0.641284596835,-0.112367591703,-0.00342391577599,0.0130776656766,-4.13888443554,-0.345481564736,-0.345481564736,0.640013987398,-0.112420533763,-0.0046962885396,0.0119210755704,-0.0046962885396,0.0119210755704,0.000290230943236,4,0
1800,3.6,1,-0.43644914031,0,-0.320584118366,0,0,-0.409897618553,0.114473408567,-0.436449141843,0.113050319983,0.0265515232898,0.00142308858493,-3.43730469079,3.107051485,-0.320584126475,-4.98584178181e-05,-0.00907077830224,-0.436376388951,0.138820981437,3.24376865091e-07,-8.10942162677e-05,-0.436426247368,-0.409668425369,0.11483987448,0.129750203135,-0.438411744957,0.113285319967,-0.00198549758863,-0.0164648831678,3.63682697309,-0.320584126475,-0.320584126475,-0.409897618553,0.114473408567,0.0265515232898,0.00142308858493,0.0265515232898,0.00142308858493,-0.00966907931605,4,0
1800,3.6,2,0.641850888729,0,0.0991543009877,0,0,0.637372022937,-0.143091763899,0.641850876356,-0.138397872208,-0.00447885341928,-0.00469389169011,0.594055630842,-0.487028607366,0.0991542994045,4.11777233708e-05,0.00737859139101,0.641789851164,-0.160080776625,-4.05471080711e-07,0.000101367770171,0.641831028887,0.637085531451,-0.143549846288,-0.152702185234,0.642248414536,-0.142888580915,0.000417385648428,0.00981360431861,-2.19987173456,0.0991542994045,0.0991542994045,0.637372022937,-0.143091763899,-0.00447885341928,-0.00469389169011,-0.00447885341928,-0.00469389169011,0.00787272407146,4,0
1810,3.62,1,-0.434093624353,0,1.40852105618,0,0,-0.407415013735,0.140613352701,-0.434093629724,0.139007377252,0.0266786159889,0.00160597544899,-1.77398170384,3.17809392829,1.40852108243,-2.11743247388e-05,-0.00415476607908,-0.434064523067,0.149245740896,2.78204849458e-06,-0.00069551212364,-0.434085697392,-0.407129636155,0.144775326086,0.145090974817,-0.422135897028,0.139999982564,0.0119498003641,-0.00509099225252,5.30600080369,1.40852108243,1.40852108243,-0.407415013735,0.140613352701,0.0266786159889,0.00160597544899,0.0266786159889,0.00160597544899,-0.00440885797595,4,0
1810,3.62,2,0.638949215412,0,-0.52064460516,0,0,0.634268766851,-0.175766693999,0.638949227019,-0.173689717197,-0.00468046016809,-0.00207697680207,0.0498423521698,-0.56943899039,-0.520644605894,3.94113620944e-06,0.00100067403892,0.638944882948,-0.175200943575,-3.47756061014e-06,0.000869390152524,0.638948824085,0.63391204487,-0.180969160718,-0.174200269536,0.634674682008,-0.175749780868,-0.00427414207695,-0.00154951133183,-4.53898107179,-0.520644605894,-0.520644605894,0.634268766851,-0.175766693999,-0.00468046016809,-0.00207697680207,-0.00468046016809,-0.00207697680207,0.00104796767344,4,0
1820,3.64,1,-0.430620640516,0,0.564230024815,0,0,-0.404203959696,0.177684954347,-0.430620639663,0.193931879949,0.0264166799669,-0.0162469256022,-2.47596814112,3.03420101298,0.564230013094,-3.10390919393e-05,-0.00562467212999,-0.430575030935,0.210120071838,1.46142895185e-06,-0.000365357237959,-0.430606070027,-0.403846258137,0.17994685119,0.204495399708,-0.424751378759,0.176828811886,0.00585469126838,-0.0276665878223,4.35343598619,0.564230013094,0.564230013094,-0.404203959696,0.177684954347,0.0264166799669,-0.0162469256022,0.0264166799669,-0.0162469256022,-0.00599714123326,4,0
1820,3.64,2,0.634646356106,0,-0.191921845078,0,0,0.630254949241,-0.222106195933,0.634646384011,-0.237180810286,-0.00439143477008,0.0150746143534,0.230573702808,-0.419461836573,-0.191921852309,1.63748555347e-05,0.00283722027705,0.63462113781,-0.246232571099,-1.82678618388e-06,0.000456696545972,0.634637512666,0.629807822286,-0.224933566977,-0.243395350822,0.632147829526,-0.222027325921,-0.00248968314013,0.0213680249014,-2.86941316909,-0.191921852309,-0.191921852309,0.630254949241,-0.222106195933,-0.00439143477008,0.0150746143534,-0.00439143477008,0.0150746143534,0.00303371854347,4,0
1830,3.66,1,-0.426810383797,0,0.790900707245,0,0,-0.400515757092,0.191657139346,-0.4268103812,0.189367034039,0.0262946241082,0.00229010530702,-2.16465041346,3.1088810227,0.790900712102,-3.99075822795e-05,-0.00775034351135,-0.426756036013,0.208355754401,1.94458442343e-06,-0.000486146105863,-0.426795943595,-0.400129639211,0.194517378556,0.20060541089,-0.41845478943,0.190909679666,0.00834115416552,-0.00969573122437,4.5242570646,0.790900712102,0.952459843741,-0.400515757092,0.191657139346,0.0262946241082,0.00229010530702,0.0262946241082,0.00229010530702,-0.0082292344987,4,0
1830,3.66,2,0.630075037479,0,-0.448964029551,0,0,0.625644695926,-0.239571427126,0.630075048574,-0.22651452522,-0.00443035264781,-0.013056901906,0.117326106188,-0.560357761101,-0.448964038133,2.79056991616e-05,0.00559751483015,0.630038420842,-0.239216524503,-2.4307305212e-06,0.000607682630311,0.630066326541,0.62516204857,-0.243146726126,-0.233619009673,0.626571368145,-0.239532815783,-0.00349495839651,-0.00591380611049,-3.85239857994,-0.448964038133,-0.448964038133,0.625644695926,-0.239571427126,-0.00443035264781,-0.013056901906,-0.00443035264781,-0.013056901906,0.00593238322009,4,0
1840,3.68,1,-0.422421365976,0,1.19646704197,0,0,-0.396339886853,0.227323951152,-0.42242137471,0.246862411176,0.0260814878565,-0.0195384600232,-1.80421118815,2.9966107708,1.19646701945,-2.07635220897e-05,-0.00381827452926,-0.422391216975,0.257550318988,2.28778505978e-06,-0.000571946264945,-0.422411980498,-0.395881744703,0.230786913824,0.253732044459,-0.411315086171,0.226699984514,0.0110968943264,-0.0270320599449,4.80744822145,1.19646701945,1.19646701945,-0.396339886853,0.227323951152,0.0260814878565,-0.0195384600232,0.0260814878565,-0.0195384600232,-0.00406743679434,4,0
1840,3.68,2,0.624764621258,0,-0.470924854279,0,0,0.62042485807,-0.284154941717,0.624764620137,-0.299249536997,-0.00433976206638,0.0150945952808,-0.0320062204419,-0.43844723291,-0.47092486201,2.74236930164e-06,0.000438500227062,0.62475985846,-0.301009821566,-2.85973131264e-06,0.000714932828156,0.624762600829,0.619852180377,-0.288483645038,-0.300571321339,0.62015468022,-0.284166199127,-0.00460792060893,0.0164051222122,-3.57539970409,-0.47092486201,-0.47092486201,0.62042485807,-0.284154941717,-0.00433976206638,0.0150945952808,-0.00433976206638,0.0150945952808,0.000471408658682,4,0
1850,3.7,1,-0.417181372643,0,-0.099321603775,0,0,-0.391527065079,0.247983510506,-0.417181366934,0.261144015351,0.0256543018549,-0.0131605048456,-3.04046150997,2.93204638027,-0.0993216059577,-4.67985356079e-05,-0.0085319413129,-0.417113175725,0.285295996105,2.734823214e-07,-6.83705803496e-05,-0.41715997426,-0.391030890135,0.248292584033,0.276764054793,-0.416744684376,0.246932776368,0.0004152898847,-0.0298312784243,3.41437874399,-0.0993216059577,-0.0993216059577,-0.391527065079,0.247983510506,0.0256543018549,-0.0131605048456,0.0256543018549,-0.0131605048456,-0.0090935237402,4,0
1850,3.7,2,0.618484139442,0,-0.105721920729,0,0,0.614408830799,-0.30997939079,0.618484123509,-0.309164115505,-0.00407529270918,-0.000815275284949,0.328920942519,-0.427674109546,-0.105721917646,3.64234753566e-05,0.00653166891488,0.618430115368,-0.328361230863,-3.4185290021e-07,8.5463225066e-05,0.618466538844,0.613788612113,-0.310365732698,-0.321829561948,0.617087115931,-0.309867795576,-0.00137942291255,0.0119617663719,-1.91505186863,-0.105721917646,-0.105721917646,0.614408830799,-0.30997939079,-0.00407529270918,-0.000815275284949,-0.00407529270918,-0.000815275284949,0.00696875061916,4,0
1860,3.72,1,-0.411848455667,0,1.28918099403,0,0,-0.3864073234,0.269489163318,-0.411848447541,0.285344600595,0.025441124141,-0.0158554372769,-1.65542653927,2.94024202018,1.28918101296,-2.15065821316e-05,-0.00410745306018,-0.411818372479,0.295929548227,2.24089863315e-06,-0.000560224658285,-0.411839879062,-0.385864995845,0.272844451266,0.291822095167,-0.400142319647,0.268916871808,0.0116975594146,-0.0229052233588,4.69879709187,1.28918101296,1.28918101296,-0.3864073234,0.269489163318,0.025441124141,-0.0158554372769,0.025441124141,-0.0158554372769,-0.00436553204576,4,0
1860,3.72,2,0.612161695957,0,-0.603276789188,0,0,0.608009153647,-0.336861456669,0.612161702361,-0.340627963389,-0.00415254871303,0.00376650671909,-0.126709826513,-0.475768331543,-0.603276784555,3.40968248489e-06,0.000757710309588,0.612157467304,-0.342106860812,-2.80112327578e-06,0.000700280818948,0.612160876987,0.607331244199,-0.341055566581,-0.341349150502,0.606948424749,-0.336905653707,-0.00521245223775,0.00444349679508,-3.71035204898,-0.603276784555,-0.603276784555,0.608009153647,-0.336861456669,-0.00415254871303,0.00376650671909,-0.00415254871303,0.00376650671909,0.000798626499406,4,0
1870,3.74,1,-0.405610650778,0,0.58413785696,0,0,-0.380700695707,0.29869694247,-0.405610651047,0.326863583344,0.0249099553399,-0.0281666408747,-2.21739614838,2.79560123438,0.584137866557,-3.05302998036e-05,-0.00556641695549,-0.405566113244,0.342645860634,1.10914061402e-06,-0.000277285153502,-0.405596643544,-0.380101528222,0.30041559832,0.337079443678,-0.399097618005,0.297930404041,0.00649902553955,-0.0391490396377,3.85584003856,0.584137866557,0.584137866557,-0.380700695707,0.29869694247,0.0249099553399,-0.0281666408747,0.0249099553399,-0.0281666408747,-0.00593278055313,4,0
1870,3.74,2,0.604709148407,0,-0.340460121632,0,0,0.600875868984,-0.373371180388,0.60470917063,-0.389031377293,-0.00383330164648,0.0156601969051,0.0156269297734,-0.35331457149,-0.340460124631,1.48253564688e-05,0.00259457863763,0.60468656783,-0.397115425601,-1.38642575787e-06,0.000346606439468,0.604701393187,0.600126909622,-0.375519500186,-0.394520846963,0.600982803724,-0.373366724774,-0.00371858946315,0.0211541221894,-2.3101333263,-0.340460124631,-0.340460124631,0.600875868984,-0.373371180388,-0.00383330164648,0.0156601969051,-0.00383330164648,0.0156601969051,0.00277248291526,4,0
1880,3.76,1,-0.399137347937,0,0.884993076324,0,0,-0.374625066721,0.309274177034,-0.399137362308,0.323869321165,0.0245122955873,-0.0145951441315,-1.94028780324,2.81815600406,0.884993094003,-3.44679285619e-05,-0.00671127804125,-0.399090292224,0.34034689661,1.45852735373e-06,-0.000364631838431,-0.399124760152,-0.374004411456,0.311421528165,0.333635618568,-0.390706837897,0.308604103235,0.00841792225559,-0.0250315153336,4.05846578527,0.884993094003,0.884993094003,-0.374625066721,0.309274177034,0.0245122955873,-0.0145951441315,0.0245122955873,-0.0145951441315,-0.007124893184,4,0
1880,3.76,2,0.597068786621,0,-0.544584810734,0,0,0.593281332706,-0.386592723501,0.597068796331,-0.381588435685,-0.00378746362452,-0.00500428781562,-0.0859103426706,-0.454358568062,-0.544584831064,1.99053232622e-05,0.00407705645251,0.597042962582,-0.390554911128,-1.82315917907e-06,0.000455789794759,0.597062867906,0.59250551362,-0.389276912395,-0.386477854676,0.592530750276,-0.386623997769,-0.00453211763001,-0.000146143092684,-3.01785128849,-0.544584831064,-0.544584831064,0.593281332706,-0.386592723501,-0.00378746362452,-0.00500428781562,-0.00378746362452,-0.00500428781562,0.00431592033166,4,0
1890,3.78,1,-0.392214268446,0,1.0097039938,0,0,-0.368187125354,0.335260183047,-0.392214277274,0.36522832349,0.0240271519199,-0.0299681404433,-1.69038169262,2.69566775022,1.00970399411,-2.24618095376e-05,-0.0041483947949,-0.39218187935,0.37668820712,1.60205564309e-06,-0.000400513910778,-0.392204341159,-0.367514151537,0.337688450292,0.372539812325,-0.382212473759,0.33467579353,0.0099918674007,-0.0378640187948,4.036602335,1.00970399411,1.00970399411,-0.368187125354,0.335260183047,0.0240271519199,-0.0299681404433,0.0240271519199,-0.0299681404433,-0.00441793650935,4,0
1890,3.78,2,0.588856041431,0,-0.543516337872,0,0,0.585233905956,-0.41907523076,0.5888560276,-0.43454359754,-0.0036221216446,0.01546836678,-0.193771019824,-0.349006587762,-0.543516343652,4.00691214129e-06,0.000690653120674,0.58884968431,-0.436839412711,-2.0025695362e-06,0.000500642384039,0.588853691222,0.58439268868,-0.42211056479,-0.436148759591,0.583615800534,-0.419142651819,-0.00523789068758,0.0170061077717,-2.66391724696,-0.543516343652,-0.543516343652,0.585233905956,-0.41907523076,-0.0036221216446,0.01546836678,-0.0036221216446,0.01546836678,0.00073873606637,4,0
1900,3.8,1,-0.384720802307,0,0.126197814941,0,0,-0.361298585655,0.349365737459,-0.384720808815,0.373275915688,0.0234222231597,-0.0239101782281,-2.50449136297,2.62280639212,0.126197812266,-4.03274816916e-05,-0.00739885333326,-0.384662472457,0.393904455167,1.87156366238e-07,-4.67890915655e-05,-0.384702799938,-0.360599711637,0.349577376119,0.386505601834,-0.382067599838,0.348500361869,0.00263520010078,-0.0380052399657,3.02724646119,0.126197812266,0.126197812266,-0.361298585655,0.349365737459,0.0234222231597,-0.0239101782281,0.0234222231597,-0.0239101782281,-0.00788278311356,4,0
1900,3.8,2,0.579975366592,0,-0.301966607571,0,0,0.576623231295,-0.436707173607,0.579975382671,-0.440154410667,-0.00335215137609,0.0034472370602,0.0401463352686,-0.336870634625,-0.301966596406,2.72474588569e-05,0.00491532754326,0.579935265085,-0.454391124189,-2.33945455563e-07,5.84863638988e-05,0.579962512544,0.575749638769,-0.436971721929,-0.449475796645,0.576913594178,-0.436695075153,-0.00304891836556,0.0127807214923,-1.48119566195,-0.301966596406,-0.301966596406,0.576623231295,-0.436707173607,-0.00335215137609,0.0034472370602,-0.00335215137609,0.0034472370602,0.00524229704954,4,0
1910,3.82,1,-0.377173423767,0,1.01780807972,0,0,-0.354205002913,0.363450901903,-0.377173420691,0.389540047774,0.0229684177785,-0.026089145871,-1.5766648822,2.58991405469,1.01780805274,-2.26700854066e-05,-0.00428683922676,-0.377141509554,0.400775171629,1.40942579407e-06,-0.000352356448522,-0.377164179639,-0.353475987441,0.36556480506,0.396488332402,-0.367283181092,0.362905977812,0.00988099854741,-0.0335823545899,3.78722679425,1.01780805274,1.01780805274,-0.354205002913,0.363450901903,0.0229684177785,-0.026089145871,0.0229684177785,-0.026089145871,-0.00455888025164,4,0
1910,3.82,2,0.571062922478,0,-0.621842801571,0,0,0.567756252832,-0.454313628972,0.571062945719,-0.462000662655,-0.00330669288698,0.00768703368331,-0.268015020996,-0.352957047952,-0.621842796428,4.0192035255e-06,0.000822497037589,0.571057605138,-0.463873632627,-1.76178222178e-06,0.000440445555454,0.571061624341,0.56684498349,-0.456956007888,-0.463051135589,0.565519421649,-0.454406830271,-0.00554220269182,0.00864430531797,-2.54151011946,-0.621842796428,-0.621842796428,0.567756252832,-0.454313628972,-0.00330669288698,0.00768703368331,-0.00330669288698,0.00768703368331,0.000870727479895,4,0
1920,3.84,1,-0.369067162275,0,0.54788005352,0,0,-0.346742132261,0.381010801002,-0.369067172811,0.413626880882,0.0223250405493,-0.0326160798799,-1.92531099071,2.46757304171,0.547880039415,-2.86766777123e-05,-0.00527386828367,-0.369025766387,0.428265520224,6.13155903273e-07,-0.000153288975816,-0.369054443065,-0.34597912489,0.381963552829,0.42299165194,-0.362711848745,0.380345396148,0.00634259431977,-0.0426462557916,3.16704190381,0.547880039415,0.547880039415,-0.346742132261,0.381010801002,0.0223250405493,-0.0326160798799,0.0223250405493,-0.0326160798799,-0.00561798841622,4,0
1920,3.84,2,0.561430931091,0,-0.449989050627,0,0,0.55842766449,-0.476263502557,0.561430948838,-0.491027593383,-0.00300328434802,0.0147640908267,-0.182642487832,-0.265135620606,-0.449989064518,1.16540937786e-05,0.002071106955,0.56141349086,-0.497247016536,-7.66444867017e-07,0.000191611216751,0.561425144954,0.557473905272,-0.477454442321,-0.495175909581,0.556889888873,-0.476327576541,-0.00453525608099,0.0188483330402,-1.54818133868,-0.449989064518,-0.449989064518,0.55842766449,-0.476263502557,-0.00300328434802,0.0147640908267,-0.00300328434802,0.0147640908267,0.00221095608034,4,0
1930,3.86,1,-0.360840678215,0,0.733100891113,0,0,-0.339066214103,0.386822735671,-0.360840667767,0.411451283669,0.0217744536641,-0.0246285479981,-1.71784242525,2.4449053144,0.733100879533,-2.96190334155e-05,-0.00568256197864,-0.360799660553,0.425837806367,7.83508588953e-07,-0.000195877147237,-0.360829279586,-0.338291431375,0.387978995432,0.420155244389,-0.353306528293,0.386229389246,0.00752275129372,-0.0339258551427,3.22588084349,0.733100879533,0.733100879533,-0.339066214103,0.386822735671,0.0217744536641,-0.0246285479981,0.0217744536641,-0.0246285479981,-0.00603799037963,4,0
1930,3.86,2,0.551694393158,0,-0.571707010269,0,0,0.548832766767,-0.483528420776,0.551694407595,-0.486940557034,-0.0028616408279,0.00341213625783,-0.259426625748,-0.309528796522,-0.571707008185,1.28380588949e-05,0.00259752920822,0.551677547671,-0.49280304579,-9.79385719746e-07,0.000244846429924,0.55169038573,0.547864288354,-0.484973745453,-0.490205516581,0.54665173485,-0.483619297106,-0.00503865087968,0.00658621947535,-1.87475796969,-0.571707008185,-0.571707008185,0.548832766767,-0.483528420776,-0.0028616408279,0.00341213625783,-0.0028616408279,0.00341213625783,0.00275158591496,4,0
1940,3.88,1,-0.352381139994,0,0.73470979929,0,0,-0.33120027874,0.399761279975,-0.352381128587,0.43220542744,0.0211808498466,-0.0324441474642,-1.61041760066,2.34046099219,0.734709813638,-2.36252309211e-05,-0.00438291933586,-0.352347299499,0.444147504619,7.08769509028e-07,-0.000177192377251,-0.35237092473,-0.330399661387,0.400840253996,0.439764585284,-0.34455834747,0.399204693778,0.0078125772597,-0.0405598915052,3.07586265263,0.734709813638,0.734709813638,-0.33120027874,0.399761279975,0.0211808498466,-0.0324441474642,0.0211808498466,-0.0324441474642,-0.00466642210691,4,0
1940,3.88,2,0.541645824909,0,-0.548535823822,0,0,0.539000347543,-0.499701600843,0.541645809018,-0.514291858734,-0.00264546147503,0.0145902578906,-0.311932404344,-0.23568564672,-0.548535817231,4.79988615243e-06,0.00086016753352,0.541638618114,-0.516858330012,-8.85961864983e-07,0.000221490466248,0.541643418,0.537999575849,-0.501050318336,-0.515998162479,0.536397781133,-0.49981004111,-0.00524563686728,0.0161881213685,-1.49322009742,-0.548535817231,-0.548535817231,0.539000347543,-0.499701600843,-0.00264546147503,0.0145902578906,-0.00264546147503,0.0145902578906,0.000917766167349,4,0
1950,3.9,1,-0.343664169312,0,0.375303000212,0,0,-0.32312847619,0.405485363227,-0.343664165084,0.434974606553,0.020535688894,-0.0294892433255,-1.89654805772,2.26570439392,0.37530299219,-3.11268300677e-05,-0.00577313402349,-0.343619701074,0.450654059602,7.65830878158e-08,-1.91457719476e-05,-0.343650827904,-0.322317446769,0.405572147856,0.444880925578,-0.338854519047,0.404830111441,0.00479630885728,-0.0400508141368,2.57677859388,0.37530299219,0.37530299219,-0.32312847619,0.405485363227,0.020535688894,-0.0294892433255,0.020535688894,-0.0294892433255,-0.0061466559843,4,0
1950,3.9,2,0.53128695488,0,-0.452946156263,0,0,0.52891059434,-0.506856704709,0.531286968086,-0.516013654938,-0.0023763737459,0.00915695022899,-0.235393451776,-0.214702600765,-0.452946162389,1.46006890527e-05,0.00267490157845,0.531265870461,-0.523468129573,-9.57288570635e-08,2.39322142764e-05,0.53128047115,0.527896807562,-0.506965185492,-0.520793227995,0.526928672164,-0.5069392848,-0.00435179898635,0.0138539431946,-0.900133355983,-0.452946162389,-0.452946162389,0.52891059434,-0.506856704709,-0.0023763737459,0.00915695022899,-0.0023763737459,0.00915695022899,0.00285010984708,4,0
1960,3.92,1,-0.334928423166,0,0.660647809505,0,0,-0.314980072117,0.410325214733,-0.334928421942,0.441158691611,0.0199483498245,-0.0308334768781,-1.54582303659,2.20179318576,0.660647789074,-2.34746598412e-05,-0.00439594399291,-0.334895134211,0.452887403668,3.95352686144e-07,-9.88381715418e-05,-0.334918608871,-0.31415881742,0.410923863212,0.448491459675,-0.327800692402,0.409791022221,0.00711791646951,-0.0387004374534,2.72029092257,0.660647789074,0.660647789074,-0.314980072117,0.410325214733,0.0199483498245,-0.0308334768781,0.0199483498245,-0.0308334768781,-0.00467763991101,4,0
1960,3.92,2,0.520916819572,0,-0.5554433465,0,0,0.518725089237,-0.512906518876,0.520916818283,-0.524441595533,-0.00219172904642,0.0115350766571,-0.356200715713,-0.198346192036,-0.55544336141,4.42251113845e-06,0.000843383526463,0.520910591258,-0.52663885276,-4.94190834144e-07,0.000123547708541,0.520915013769,0.517698520864,-0.513654829439,-0.525795469234,0.515754436875,-0.513030296057,-0.00516057689409,0.0127651731762,-1.09792346206,-0.55544336141,-0.55544336141,0.518725089237,-0.512906518876,-0.00219172904642,0.0115350766571,-0.00219172904642,0.0115350766571,0.000896453660125,4,0
1970,3.94,1,-0.326027870178,0,0.481542259455,0,0,-0.306727821888,0.413962234762,-0.326027878011,0.446324842658,0.0193000561228,-0.0323626078969,-1.63574494814,2.11217677578,0.48154226936,-2.57985236984e-05,-0.00480085943394,-0.325991152235,0.459266831932,3.7732861613e-08,-9.43321540792e-06,-0.326016950759,-0.305899827193,0.414025647375,0.454465972498,-0.320292892306,0.413397023494,0.00572405845317,-0.0410689490041,2.39649959499,0.48154226936,0.48154226936,-0.306727821888,0.413962234762,0.0193000561228,-0.0323626078969,0.0193000561228,-0.0323626078969,-0.00511044171832,4,0
1970,3.94,2,0.510333299637,0,-0.493820697069,0,0,0.508409776445,-0.517452793591,0.510333325753,-0.530444334739,-0.00192354930789,0.0129915411482,-0.338861365616,-0.153510567843,-0.493820701884,7.39648938908e-06,0.00136001055207,0.51032268925,-0.534198113644,-4.71660639434e-08,1.17915159812e-05,0.510330085739,0.507374783075,-0.517532059337,-0.532838103092,0.505578773597,-0.517570752043,-0.00475131214276,0.0152673510495,-0.627294029478,-0.493820701884,-0.493820701884,0.508409776445,-0.517452793591,-0.00192354930789,0.0129915411482,-0.00192354930789,0.0129915411482,0.00144876842474,4,0
1980,3.96,1,-0.317108362913,0,0.520390629768,0,0,-0.298446079627,0.414255895637,-0.317108370278,0.446429221197,0.0186622906506,-0.0321733255594,-1.52463389064,2.04026070406,0.5203906589,-2.38809576849e-05,-0.0044772739881,-0.317074559311,0.458337684224,6.98119584364e-09,-1.74529895397e-06,-0.317098440269,-0.297617547573,0.414271263064,0.453860410236,-0.311089712585,0.413729077597,0.00600872768413,-0.040131332639,2.29565353639,0.5203906589,0.5203906589,-0.298446079627,0.414255895637,0.0186622906506,-0.0321733255594,0.0186622906506,-0.0321733255594,-0.00476384548032,4,0
1980,3.96,2,0.499740362167,0,-0.515015304089,0,0,0.498057598617,-0.51781986956,0.499740350135,-0.53010038016,-0.00168275151845,0.0122805105999,-0.380926568602,-0.133109119637,-0.515015289447,4.80645969457e-06,0.00092192369153,0.499733644847,-0.532460433877,-8.72647720751e-09,2.18161929677e-06,0.499738451306,0.497021933549,-0.517839078818,-0.531538510186,0.494880562889,-0.517952246049,-0.00485788841777,0.0135862641371,-0.520874070582,-0.515015289447,-0.515015289447,0.498057598617,-0.51781986956,-0.00168275151845,0.0122805105999,-0.00168275151845,0.0122805105999,0.000979601207865,4,0
1990,3.98,1,-0.308185964823,0,0.392361998558,0,0,-0.290171233301,0.412470705755,-0.308185965407,0.444610883717,0.0180147321055,-0.0321401779616,-1.57351996997,1.96097126622,0.392361988533,-2.47457409137e-05,-0.00461374339774,-0.308150810875,0.456993955466,-2.76342320082e-07,6.90855800196e-05,-0.308175556616,-0.289346697591,0.412060598455,0.452380212068,-0.303220322613,0.4119269937,0.00495523400311,-0.040453218368,2.02939880196,0.392361988533,0.392361988533,-0.290171233301,0.412470705755,0.0180147321055,-0.0321401779616,0.0180147321055,-0.0321401779616,-0.00491069228871,4,0
1990,3.98,2,0.489150464535,0,-0.476250529289,0,0,0.487714040713,-0.515588381877,0.489150476686,-0.527352223856,-0.00143643597319,0.011763841979,-0.371231687025,-0.103849392201,-0.476250537331,5.92973715641e-06,0.0010983012586,0.489142021309,-0.530330652703,3.45427921933e-07,-8.63569804775e-05,0.489147951046,0.486683371075,-0.515075747719,-0.529232351444,0.484616076247,-0.515717463729,-0.00453187479922,0.0135148877151,-0.178738102816,-0.476250537331,-0.476250537331,0.487714040713,-0.515588381877,-0.00143643597319,0.011763841979,-0.00143643597319,0.011763841979,0.00116945810448,4,0
2000,4,1,-0.299337923527,0,0.595481455326,0,0,-0.281961922365,0.40907172567,-0.299337938127,0.442549736515,0.0173760157629,-0.0334780108454,-1.29459880982,1.8859082708,0.595481466304,-2.06933405554e-05,-0.0039236852373,-0.299309144436,0.452643726625,-4.39120274032e-08,1.09780068551e-05,-0.299329837776,-0.281143811671,0.409022412754,0.448720041388,-0.292696842055,0.408624437349,0.00663299572081,-0.0400956040386,2.09583518684,0.595481466304,0.595481466304,-0.281961922365,0.40907172567,0.0173760157629,-0.0334780108454,0.0173760157629,-0.0334780108454,-0.00417200532397,4,0
2000,4,2,0.478659719229,0,-0.540643692017,0,0,0.47745240205,-0.511339656569,0.478659723446,-0.524880431508,-0.00120732139559,0.0135407749395,-0.461918078561,-0.0785441734133,-0.540643667458,5.08683417997e-07,0.000175311283438,0.47865977988,-0.52479540947,5.48900369046e-08,-1.37225092286e-05,0.478660288563,0.476429763685,-0.511278015421,-0.524620098186,0.473608246814,-0.511499829703,-0.00505204174895,0.0131202684831,-0.260071543718,-0.540643667458,-0.540643667458,0.47745240205,-0.511339656569,-0.00120732139559,0.0135407749395,-0.00120732139559,0.0135407749395,0.000181415484454,4,0
2010,4.02,1,-0.281468003988,0,-1.24491465092,0,0,-0.273814375651,0.40403923003,-0.281468011852,1.22775358451,0.00765363620063,-0.823714354481,-1.5664684991,-2.59741000305,-1.24491466309,0.000381810587379,0.0716116334218,-0.282004597483,1.03931146709,-6.69940931008e-07,0.000167485232746,-0.281622786896,-0.273007280609,0.40304506503,1.11092310051,-0.287479500306,0.403469849836,-0.00585671341041,-0.707453250675,-0.67338925275,-1.24491466309,-4.24007186262,-0.273814375651,0.40403923003,0.00765363620063,-0.823714354481,0.00765363620063,-0.823714354481,0.0761933604703,4,0
2010,4.02,2,0.46146774292,0,1.27501130104,0,0,0.46726796867,-0.505049036803,0.461467737076,-1.07042568786,0.00580023159485,0.565376651061,-0.379633992417,3.06472764839,1.27501126553,-0.000294126796789,-0.0554153082433,0.461878933658,-0.926183374824,8.37426186784e-07,-0.000209356546693,0.461584806862,0.46625909987,-0.503806330519,-0.981598683067,0.464600190541,-0.505160194225,0.00301538367972,0.476438488842,9.14182082845,1.27501126553,2.74403848578,0.46726796867,-0.505049036803,0.00580023159485,0.565376651061,0.00580023159485,0.565376651061,-0.0589448298048,4,0
2020,4.04,1,-0.250387609005,0,-3.24491477013,0,0,-0.265841878477,0.393282171413,-0.250387623413,1.78919680493,-0.0154542550644,-1.39591463352,-1.38614761055,-8.36368872224,-3.24491466309,0.000297572042496,0.0560165263977,-0.250806255573,1.64200671073,-5.42578717566e-07,0.000135644679393,-0.25050868353,-0.265056168551,0.392448029297,1.69802323713,-0.277868790101,0.392781050095,-0.0273601065711,-1.30524218703,-3.73936716999,-3.24491466309,-9.8094237237,-0.265841878477,0.393282171413,-0.0154542550644,-1.39591463352,-0.0154542550644,-1.39591463352,0.0595873909077,4,0
2020,4.04,2,0.437860697508,0,3.27501130104,0,0,0.457302347222,-0.491602713222,0.437860685728,-1.21402163882,0.0194416614931,0.722418925595,-0.432470891155,5.65452939007,3.27501126553,-0.000188217419856,-0.0357268335917,0.438123028536,-1.12196089111,6.78223409267e-07,-0.000169555852311,0.437934811116,0.456320209815,-0.490560035557,-1.1576877247,0.454020665847,-0.491739449946,0.0160858547313,0.665948274756,18.2796443185,3.27501126553,5.26004394154,0.457302347222,-0.491602713222,0.0194416614931,0.722418925595,0.0194416614931,0.722418925595,-0.0379854426299,4,0
2030,4.06,1,-0.210316643119,0,-5.24491453171,0,0,-0.258027265631,0.388019512821,-0.210316639792,2.15062420105,-0.0477106258394,-1.76260468823,-1.38597357065,-14.1809280605,-5.24491466309,0.000226692285543,0.0427184545726,-0.210635215117,2.03863684314,-7.70450656495e-07,0.000192612664129,-0.210408522831,-0.257252325961,0.386891996964,2.08135529771,-0.269935028537,0.387523356034,-0.0595265057059,-1.69383194168,-6.74630792297,-5.24491466309,-15.6123403931,-0.258027265631,0.388019512821,-0.0477106258394,-1.76260468823,-0.0477106258394,-1.76260468823,0.0454387619992,4,0
2030,4.06,2,0.415309339762,0,5.27501106262,0,0,0.447534081186,-0.485024389864,0.41530933492,-1.00808097976,0.0322247462655,0.5230565899,-0.434254511234,6.34016010997,5.27501126553,-9.5474451071e-05,-0.0183496446271,0.415440550738,-0.962170649664,9.63063337134e-07,-0.000240765834286,0.415345076287,0.446565406601,-0.483614995018,-0.980520294291,0.44408374491,-0.485168153876,0.0287386686225,0.495352140415,25.9853270673,5.27501126553,5.92540093678,0.447534081186,-0.485024389864,0.0322247462655,0.5230565899,0.0322247462655,0.5230565899,-0.01949533804,4,0
2040,4.08,1,-0.164841204882,0,-7.24491453171,0,0,-0.250415568448,0.3717418717,-0.164841199462,2.36396950235,-0.0855743689856,-1.99222763065,-1.58506776437,-19.9043576565,-7.24491466309,0.000200379340242,0.0373408040507,-0.165126241909,2.26351965785,-1.22565220612e-06,0.000306413051528,-0.164925862569,-0.249673938339,0.369895815146,2.3008604619,-0.263932211391,0.371178678244,-0.0990063488225,-1.92968178366,-9.676575067,-7.24491466309,-21.529170777,-0.250415568448,0.3717418717,-0.0855743689856,-1.99222763065,-0.0855743689856,-1.99222763065,0.0397453561336,4,0
2040,4.08,2,0.399714887142,0,4.82467556,0,0,0.438019459733,-0.464677338158,0.399714884573,-0.59928451111,0.03830457516,0.134607172952,-0.363497404713,5.17700811491,4.82467578771,-5.64645754103e-05,-0.0104875026126,0.399795485011,-0.570860915388,1.53206527731e-06,-0.000383016319327,0.399739020435,0.4370924221,-0.462369767436,-0.581348418001,0.435088445572,-0.464799463748,0.035349425137,0.116548954253,22.878277451,4.82467578771,4.82467578771,0.438019459733,-0.464677338158,0.03830457516,0.134607172952,0.03830457516,0.134607172952,-0.0111650775175,4,0
2050,4.1,1,-0.115615971386,0,-9.24491500854,0,0,-0.243132318693,0.359660188232,-0.115615973382,2.5363937408,-0.127516345312,-2.17673355257,-0.777507888319,-25.8356025316,-9.24491466309,0.000215042036229,0.0400541258559,-0.115922046994,2.42851903904,-1.58718053783e-07,3.96795134485e-05,-0.115707004958,-0.242413118283,0.359481166581,2.4685731649,-0.249954994758,0.359375910062,-0.1342479898,-2.10919725484,-12.6141568115,-9.24491466309,-26.6557450502,-0.243132318693,0.359660188232,-0.127516345312,-2.17673355257,-0.127516345312,-2.17673355257,0.0426346302906,4,0
2050,4.1,2,0.391003727913,0,3.23077368736,0,0,0.428915397571,-0.449575233644,0.391003735949,-0.327345124933,0.0379116616228,-0.122230108711,-0.609542691499,3.82693688819,3.23077378618,-6.77132354842e-05,-0.0125670306625,0.391100498612,-0.293212887935,1.98397569595e-07,-4.95993924007e-05,0.391032785376,0.428016397062,-0.449351456578,-0.305779918597,0.423955981818,-0.449781875967,0.0329231964419,-0.14400195737,15.5659079721,3.23077378618,3.23077378618,0.428915397571,-0.449575233644,0.0379116616228,-0.122230108711,0.0379116616228,-0.122230108711,-0.0133795894883,4,0
2060,4.12,1,-0.0633972808719,0,-11.2449150085,0,0,-0.236041196952,0.345407337954,-0.0633972811885,2.66244118197,-0.172643915764,-2.31703384402,-1.63704523179,-31.9531349698,-11.2449146631,0.000216129061388,0.0403621458864,-0.0637040265781,2.55439299959,-1.64843934775e-06,0.000412109836937,-0.0634878975167,-0.235352825973,0.34294916001,2.59475514547,-0.250016941227,0.344825015276,-0.186529043711,-2.2499301302,-15.5554318778,-11.2449146631,-33.6331358962,-0.236041196952,0.345407337954,-0.172643915764,-2.31703384402,-0.172643915764,-2.31703384402,0.042955694623,4,0
2060,4.12,2,0.386270701885,0,2.33279109001,0,0,0.420051495429,-0.431759170609,0.386270703091,-0.171156834918,0.0337807923382,-0.260602335691,-0.334716071483,2.65555013433,2.33279104827,-5.98249547348e-05,-0.0112390859602,0.386355065209,-0.141479987319,2.06054920432e-06,-0.000515137301087,0.386295240254,0.419191031709,-0.42868644815,-0.152719073279,0.417366497833,-0.431871045509,0.0310712575785,-0.27915197223,11.4518335954,2.33279104827,2.33279104827,0.420051495429,-0.431759170609,0.0337807923382,-0.260602335691,0.0337807923382,-0.260602335691,-0.011956985417,4,0
2070,4.14,1,-0.00932051986456,0,-13.2449150085,0,0,-0.229381341642,0.321649847526,-0.00932051954894,2.72953519501,-0.220060822093,-2.40788534749,-1.2101626498,-38.0949424514,-13.2449146631,0.000217262125837,0.0405471603044,-0.00962910115672,2.62082311484,-1.05259569855e-06,0.000263148924634,-0.00941183903088,-0.22873971031,0.320026219211,2.66137027515,-0.239807548552,0.321215422238,-0.230395709521,-2.34015485291,-18.461650139,-13.2449146631,-39.3482594071,-0.229381341642,0.321649847526,-0.220060822093,-2.40788534749,-0.220060822093,-2.40788534749,0.0431543058145,4,0
2070,4.14,2,0.383948922157,0,1.2156867981,0,0,0.411726676331,-0.402062307314,0.383948916059,-0.0827345762583,0.0277777602716,-0.319327731056,-0.450783239373,1.6564357126,1.21568684449,-5.02673705233e-05,-0.00943116281282,0.384019914578,-0.0577495880708,1.31574463313e-06,-0.000328936158289,0.383969647208,0.41092463717,-0.400032771905,-0.0671807508836,0.40806013462,-0.402215079886,0.0240904874125,-0.335034329002,6.68710947634,1.21568684449,1.21568684449,0.411726676331,-0.402062307314,0.0277777602716,-0.319327731056,0.0277777602716,-0.319327731056,-0.0100343712591,4,0
2080,4.16,1,0.045513164252,0,-15.2449150085,0,0,-0.223046292078,0.31151268108,0.04551316545,2.74145462236,-0.268559457528,-2.42994194128,-1.32127191101,-44.0309025012,-15.2449146631,0.000215398472976,0.0403231276362,0.0452082191695,2.63409222038,-1.44806562064e-06,0.000362016405162,0.0454236176425,-0.222425343262,0.309388358943,2.67441534801,-0.234394755055,0.311039828456,-0.279818372697,-2.36337551956,-21.3186260994,-15.2449146631,-45.3950823215,-0.223046292078,0.31151268108,-0.268559457528,-2.42994194128,-0.268559457528,-2.42994194128,0.0429079093119,4,0
2080,4.16,2,0.382526904345,0,0.476828992367,0,0,0.403807864419,-0.389390849161,0.382526899347,-0.065307341007,0.0212809650718,-0.324083508154,-0.411968140054,0.881627620518,0.476828984612,-3.4993754882e-05,-0.00674957908925,0.382574854527,-0.0485347066501,1.81008203892e-06,-0.000452520509733,0.382539860772,0.403031678403,-0.386735446471,-0.0552842857393,0.400440388765,-0.389531160647,0.0179005279929,-0.334246874908,3.71230131738,0.476828984612,0.476828984612,0.403807864419,-0.389390849161,0.0212809650718,-0.324083508154,0.0212809650718,-0.324083508154,-0.00716950414784,4,0
2090,4.18,1,0.0997489467263,0,-17.2449150085,0,0,-0.217083888861,0.282851462885,0.0997489490909,2.67680644301,-0.316832837952,-2.39395498012,-1.64510052513,-49.6596226053,-17.2449146631,0.000204561497706,0.0382277696271,0.0994587996908,2.57461421312,-2.01617088555e-06,0.000504042721385,0.0996633611885,-0.216521247354,0.279808625697,2.61284198275,-0.231107733848,0.282267136011,-0.330771095036,-2.33057484674,-24.081770326,-17.2449146631,-51.345405638,-0.217083888861,0.282851462885,-0.316832837952,-2.39395498012,-0.316832837952,-2.39395498012,0.0406825075996,4,0
2090,4.18,2,0.381535053253,0,-0.10308688134,0,0,0.396354860444,-0.35356432618,0.381535056914,-0.0362440937437,0.0148198035296,-0.317320232436,-0.289247625292,0.18478966475,-0.103086883891,-6.21539575393e-06,-0.00129649190162,0.381542807614,-0.0335873298078,2.52021362185e-06,-0.00063005340546,0.381536592218,0.395651558564,-0.349760779673,-0.0348838217094,0.393960046868,-0.353664110079,0.0124234546496,-0.31878028837,1.33100262087,-0.103086883891,-0.103086883891,0.396354860444,-0.35356432618,0.0148198035296,-0.317320232436,0.0148198035296,-0.317320232436,-0.00137107665066,4,0
2100,4.2,1,0.152071624994,0,-18,0,0,-0.211670292616,0.263652336624,0.152071629272,2.56783420919,-0.363741921888,-2.30418187257,-0.41383816736,-54.8152164358,-18,0.000216476538686,0.0402227052723,0.151762682331,2.45888608285,-2.52961125491e-07,6.32402813745e-05,0.15197915887,-0.211143179575,0.263366799656,2.49910878812,-0.215469185575,0.263494049418,-0.367448344445,-2.2356147387,-25.5127778059,-18,-55.2718750269,-0.211670292616,0.263652336624,-0.363741921888,-2.30418187257,-0.363741921888,-2.30418187257,0.0428204237365,4,0
2100,4.2,2,0.380869150162,0,-1.04301548004,0,0,0.389587865188,-0.329565418221,0.380869159736,-0.046147242093,0.00871870545158,-0.283418176128,-0.65872885086,-0.385371735806,-1.04301544946,-6.34436904281e-06,-0.00100900477385,0.380879669502,-0.0423331049708,3.16201408668e-07,-7.90503521611e-05,0.380873325133,0.388928973892,-0.329208497009,-0.0433421097446,0.384116998939,-0.329793370982,0.00324367380601,-0.286451261237,-2.38041071362,-1.04301544946,-1.04301544946,0.389587865188,-0.329565418221,0.00871870545158,-0.283418176128,0.00871870545158,-0.283418176128,-0.00108513720236,4,0
2110,4.22,1,0.202358812094,0,-18,0,0,-0.206554296741,0.242025681066,0.202358808747,2.46954816768,-0.408913105488,-2.22752248661,-1.74997528175,-59.8426904992,-18,0.000224896285627,0.0419587906596,0.202039259873,2.35696212064,-2.41337173681e-06,0.000603342934201,0.202264156159,-0.206073832757,0.238421963102,2.3989209113,-0.221483651288,0.241403624626,-0.423747807447,-2.15751728667,-26.1620463839,-18,-61.637323327,-0.206554296741,0.242025681066,-0.408913105488,-2.22752248661,-0.408913105488,-2.22752248661,0.0446575460871,4,0
2110,4.22,2,0.379350453615,0,-0.813086986542,0,0,0.383192870396,-0.302532098638,0.379350461691,-0.0943133205018,0.00384240870541,-0.208218778136,-0.226938993446,-0.587117030516,-0.813087006244,-4.73104681756e-06,-0.000912245156069,0.379356992785,-0.0920218395914,3.01671468467e-06,-0.000754178671172,0.379352261738,0.382592290422,-0.298027451163,-0.0929340847474,0.381313050841,-0.302610424453,0.00196078910235,-0.209676339705,-1.23488525683,-0.813087006244,-0.813087006244,0.383192870396,-0.302532098638,0.00384240870541,-0.208218778136,0.00384240870541,-0.208218778136,-0.00096901771788,4,0
2120,4.24,1,0.250670343637,0,-18,0,0,-0.20206991082,0.208345696068,0.250670353569,2.37300419634,-0.45274026439,-2.16465850028,-1.13210459364,-64.7694038983,-18,0.00023538565371,0.0438640273028,0.250335470031,2.25498405232,-1.42624206786e-06,0.000356560516969,0.250570855685,-0.201655485591,0.206142933152,2.29884807962,-0.21187616315,0.207937102221,-0.462447018834,-2.0909109774,-26.7680208416,-18,-65.9481971471,-0.20206991082,0.208345696068,-0.45274026439,-2.16465850028,-0.45274026439,-2.16465850028,0.0466886551473,4,0
2120,4.24,2,0.377093493938,0,-0.992138206959,0,0,0.377587388051,-0.260432117216,0.377093501462,-0.130478532691,0.000493886589194,-0.129953584525,-0.391196839966,-0.602189234558,-0.99213818983,-6.4979397461e-06,-0.00116990941651,0.37710314487,-0.127046573998,1.78280259128e-06,-0.00044570064782,0.37709664693,0.37706935652,-0.257678663561,-0.128216483415,0.374343445269,-0.260567281498,-0.00275320166177,-0.132350798084,-1.76794570961,-0.99213818983,-0.99213818983,0.377587388051,-0.260432117216,0.000493886589194,-0.129953584525,0.000493886589194,-0.129953584525,-0.00124788469347,4,0
2130,4.26,1,0.297198116779,0,-18,0,0,-0.19803517137,0.194647357544,0.297198125267,2.28749717542,-0.495233296637,-2.09284981787,-1.34034214891,-69.4994761423,-18,0.000243794249159,0.0455912604008,0.2968525463,2.16579503954,-1.93807427515e-06,0.000484518568787,0.297096340549,-0.197648661361,0.191801448863,2.21138629994,-0.209588937251,0.194165950633,-0.5066852778,-2.01722034931,-27.3460508198,-18,-70.8883350826,-0.19803517137,0.194647357544,-0.495233296637,-2.09284981787,-0.495233296637,-2.09284981787,0.0485167913907,4,0
2130,4.26,2,0.373825699091,0,-0.765118122101,0,0,0.372543963796,-0.243309194,0.373825703279,-0.185551265206,-0.00128173948276,-0.0577579287944,-0.316830007675,-0.449709176907,-0.765118129783,-6.38637396048e-06,-0.00134441831184,0.37383365108,-0.182822162143,2.42259285216e-06,-0.000605648213038,0.373827264706,0.37206082629,-0.239751808137,-0.184166580455,0.369920111155,-0.243418521194,-0.00390715355076,-0.0592519407385,-0.576348502176,-0.765118129783,-0.765118129783,0.372543963796,-0.243309194,-0.00128173948276,-0.0577579287944,-0.00128173948276,-0.0577579287944,-0.00142105479936,4,0
2140,4.28,1,0.341855317354,0,-18,0,0,-0.194494530196,0.157315809312,0.341855324883,2.18724022146,-0.536349855079,-2.02992441214,-1.74716081167,-74.1180516516,-18,0.000242711433584,0.0452778972569,0.34151039576,2.06570494504,-2.54548152726e-06,0.000636370381816,0.341753107193,-0.194183771152,0.153470410818,2.1109828423,-0.209429861186,0.156693503854,-0.551182968379,-1.95428933845,-27.8697790179,-18,-75.9134028978,-0.194494530196,0.157315809312,-0.536349855079,-2.02992441214,-0.536349855079,-2.02992441214,0.0481904344599,4,0
2140,4.28,2,0.370155155659,0,-0.497810781002,0,0,0.368118162388,-0.196644758568,0.370155155179,-0.176174810783,-0.00203699279101,-0.0204699477845,-0.158082633512,-0.338732747696,-0.497810787901,5.04244934992e-06,0.000934897301677,0.370148038671,-0.178671155908,3.18185191728e-06,-0.000795462979325,0.37015308112,0.367729713589,-0.191838010438,-0.177736258606,0.36679480954,-0.19669989827,-0.00335827157985,-0.0189636396639,0.534383279156,-0.497810787901,-0.497810787901,0.368118162388,-0.196644758568,-0.00203699279101,-0.0204699477845,-0.00203699279101,-0.0204699477845,0.000995406693876,4,0
2150,4.3,1,0.3774754107,0,-18,0,0,-0.191651954026,0.133486611806,0.377475415459,0.944345959933,-0.569127369486,-0.810859348127,-0.251892093733,-73.8144700524,-18,-0.000958287471496,-0.18680379183,0.378810662898,1.41508050724,-3.14431439663e-07,7.86078599183e-05,0.377852375427,-0.191385219274,0.13313155269,1.22827671541,-0.192097753837,0.133468036814,-0.569950129264,-1.09480867859,-27.4842600458,-18,-73.8680589046,-0.191651954026,0.133486611806,-0.569127369486,-0.810859348127,-0.569127369486,-0.810859348127,-0.198303241488,4,0
2150,4.3,2,0.37296050787,0,-1.46862745285,0,0,0.364564942239,-0.166858261616,0.372960500917,0.827846931801,-0.00839555867824,-0.994705193417,-0.603186107556,-4.34599189435,-1.46862740982,0.00106257646345,0.205895218548,0.371477080756,0.305051739157,3.93039300439e-07,-9.82598251158e-05,0.37253965722,0.364231523804,-0.16641443772,0.510946957705,0.357728209536,-0.167143125479,-0.0148114476841,-0.678090083184,-6.14374281745,-1.46862740982,-5.16782413802,0.364564942239,-0.166858261616,-0.00839555867824,-0.994705193417,-0.00839555867824,-0.994705193417,0.218646136109,4,0
2160,4.32,1,0.382186740637,0,-18,0,0,-0.189173894523,0.107288024707,0.382186747896,-0.11779353088,-0.571360642419,0.225081555586,-1.89167233947,-67.4378205546,-18,-4.30778198409e-05,-0.0114327951526,0.382223728277,-0.106224148734,-2.86563613716e-06,0.000716409034288,0.382180650457,-0.188963584765,0.103005651799,-0.117656943886,-0.204811101681,0.106636474408,-0.586991752138,0.224293418295,-26.2034948843,-18,-69.3175431651,-0.189173894523,0.107288024707,-0.571360642419,0.225081555586,-0.571360642419,0.225081555586,-0.0119497289907,4,0
2160,4.32,2,0.398548722267,0,-3.46862745285,0,0,0.361467367923,-0.134110027677,0.398548708066,1.41060856127,-0.0370813401435,-1.54471858895,-0.0704409192875,-11.8728857378,-3.46862740982,0.000224710994007,0.0450170090946,0.398251524634,1.30723728586,3.58204517742e-06,-0.000895511294358,0.398476235628,0.361204480732,-0.128757061534,1.35225429495,0.360484453868,-0.134150982429,-0.0379917817599,-1.48640527738,-17.9817084821,-3.46862740982,-11.9910401981,0.361467367923,-0.134110027677,-0.0370813401435,-1.54471858895,-0.0370813401435,-1.54471858895,0.0477135410227,4,0
2170,4.34,1,0.377208530903,0,-18,0,0,-0.187445959323,0.0680490060222,0.377208519003,-0.294323574869,-0.564654478326,0.362372580891,-1.16298156046,-65.5270456942,-18,0.000248120780322,0.0454639294747,0.376849886447,-0.421060981819,-1.61510951074e-06,0.000403777377683,0.377098007227,-0.187312431677,0.0655524907519,-0.375597052345,-0.197523654485,0.0676291020571,-0.574621661713,0.443226154402,-25.8783139452,-18,-66.7384686335,-0.187445959323,0.0680490060222,-0.564654478326,0.362372580891,-0.564654478326,0.362372580891,0.0484413788386,4,0
2170,4.34,2,0.423316180706,0,-5.46862745285,0,0,0.359307448988,-0.0850612542529,0.423316185786,1.02151085566,-0.0640087367983,-1.10657210992,-0.261685012745,-13.2879677478,-5.46862740982,-3.56627112155e-05,-0.00589252953842,0.423372518911,1.04171905176,2.01888689039e-06,-0.000504721722597,0.4233368562,0.359140539437,-0.0819406101621,1.03582652222,0.357183099339,-0.0851497688216,-0.0661537568604,-1.12097629104,-25.172409142,-5.46862740982,-13.5433322785,0.359307448988,-0.0850612542529,-0.0640087367983,-1.10657210992,-0.0640087367983,-1.10657210992,-0.006320482073,4,0
2180,4.36,1,0.371837347746,0,-18,0,0,-0.186234256697,0.0525642041765,0.371837355137,-0.229396234648,-0.558071611834,0.281960438825,-1.44146219739,-65.0207895347,-18,0.0003309690524,0.0616279545069,0.371366564424,-0.395268807547,-2.17699281532e-06,0.000544248203828,0.371697533477,-0.186132260378,0.0493654149112,-0.33364085304,-0.1987713391,0.0520418257431,-0.570468872576,0.385682678783,-25.8469894873,-18,-66.5278513152,-0.186234256697,0.0525642041765,-0.558071611834,0.281960438825,-0.558071611834,0.281960438825,0.0655995831357,4,0
2180,4.36,2,0.436106592417,0,-7.46862745285,0,0,0.35779282077,-0.0657052519281,0.436106595443,0.293984549421,-0.0783137746725,-0.35968980135,-0.161481411266,-11.3783066844,-7.46862740982,-0.000110752016451,-0.0205086168622,0.436264886178,0.349793180427,2.72124102135e-06,-0.000680310255339,0.436154134162,0.357665325378,-0.0617067653432,0.329284563565,0.356631139493,-0.0657536553147,-0.0795229946686,-0.39503821888,-30.5807601898,-7.46862740982,-11.5179504546,0.35779282077,-0.0657052519281,-0.0783137746725,-0.35968980135,-0.0783137746725,-0.35968980135,-0.0218376410596,4,0
2190,4.38,1,0.368436783552,0,-18,0,0,-0.185574090633,0.0113988705298,0.36843678114,-0.12483578986,-0.554010871773,0.13623466039,-1.87863572269,-65.2740596191,-18,0.000328834651394,0.0615910438359,0.367972003881,-0.288378549456,-2.74500849867e-06,0.00068625212467,0.368300838533,-0.185555474906,0.00724910708887,-0.22678750562,-0.201747451734,0.010724980484,-0.570048290266,0.237512486104,-25.9072212448,-18,-67.2182324014,-0.185574090633,0.0113988705298,-0.554010871773,0.13623466039,-0.554010871773,0.13623466039,0.0655370596527,4,0
2190,4.38,2,0.432617366314,0,-7.86862754822,0,0,0.356967613257,-0.0142485848433,0.43261738017,-0.554869927986,-0.0756497669129,0.540621343143,0.0126460956377,-6.54602657877,-7.86862740982,-0.000110840075363,-0.0209671763023,0.432771835815,-0.500717272375,3.43126062385e-06,-0.000857815155967,0.43266099574,0.356944343605,-0.00906138054134,-0.521684448677,0.357258303194,-0.0142364727626,-0.0754026925458,0.507447975915,-28.7131922265,-7.86862740982,-6.51108322593,0.356967613257,-0.0142485848433,-0.0756497669129,0.540621343143,-0.0756497669129,0.540621343143,-0.0222972572066,4,0
2200,4.4,1,0.366625696421,0,-18,0,0,-0.185670808751,-0.0139731708609,0.366625704008,-0.0704132825916,-0.552296512759,0.0564401117307,-0.313133285879,-65.5143219737,-18,0.000298266913504,0.0558360659508,0.366203429346,-0.219084962316,-3.35165117882e-07,8.37912794672e-05,0.366501696259,-0.185699009507,-0.0143517519095,-0.163248896365,-0.188769999501,-0.0141023038088,-0.55527169576,0.149146592556,-25.9459920006,-18,-65.8868705285,-0.185670808751,-0.0139731708609,-0.552296512759,0.0564401117307,-0.552296512759,0.0564401117307,0.0594152689128,4,0
2200,4.4,2,0.414193212986,0,-5.86862754822,0,0,0.357088510971,0.0174664668928,0.414193222149,-1.17669887503,-0.0571047111785,1.19416534192,-0.450487944176,-0.983748444625,-5.86862740982,-6.60699067165e-05,-0.012552671195,0.414285325523,-1.14436904447,4.18956397297e-07,-0.00010473909933,0.414219255616,0.357123761923,0.0179396932035,-1.15692171566,0.353451970791,0.0173149443853,-0.0607672848248,1.17423666005,-17.8367421209,-5.86862740982,-1.42089087872,0.357088510971,0.0174664668928,-0.0571047111785,1.19416534192,-0.0571047111785,1.19416534192,-0.0133455100756,4,0
2210,4.42,1,0.365429729223,0,-18,0,0,-0.186151734328,-0.0413494923249,0.365429741656,-0.0550451966856,-0.551581475984,0.0136957043607,-2.04414891646,-65.6669051648,-18,0.000281924385924,0.0527048522224,0.365030051568,-0.195802358345,-2.94663875738e-06,0.000736659689347,0.365311975954,-0.186238825792,-0.0457557109422,-0.143097506123,-0.203623375462,-0.0420774773722,-0.568935351416,0.101020028751,-25.9498611757,-18,-67.7671420261,-0.186151734328,-0.0413494923249,-0.551581475984,0.0136957043607,-0.551581475984,0.0136957043607,0.0560879448535,4,0
2210,4.42,2,0.386379420757,0,-3.8686273098,0,0,0.357689668009,0.0516868687094,0.386379427335,-1.52885545115,-0.0286897593264,1.58054231986,0.11412564143,4.40033244881,-3.86862740982,-3.8647737499e-05,-0.00734336116889,0.386433279797,-1.5099553971,3.68329844425e-06,-0.000920824611068,0.386394632059,0.357798532345,0.0571946419773,-1.51729875826,0.358704013454,0.0517291331029,-0.0276906186048,1.56902789137,-7.88588131324,-3.86862740982,4.52226522426,0.357689668009,0.0516868687094,-0.0286897593264,1.58054231986,-0.0286897593264,1.58054231986,-0.00780713401887,4,0
2220,4.44,1,0.364325225353,0,-18,0,0,-0.187404115081,-0.0810638748822,0.364325214084,-0.0568756972406,-0.551729329165,-0.0241881776415,-1.29906808989,-65.8841619724,-18,0.000275342637477,0.0514364023187,0.363934686256,-0.194407338102,-1.59472902284e-06,0.000398682255712,0.364210028893,-0.187568784393,-0.0835307027327,-0.142970935783,-0.198666301041,-0.0815331326305,-0.562876329934,0.061437803153,-25.9349902358,-18,-67.2379705763,-0.187404115081,-0.0810638748822,-0.551729329165,-0.0241881776415,-0.551729329165,-0.0241881776415,0.0547405139685,4,0
2220,4.44,2,0.354087054729,0,-1.86862742901,0,0,0.359255144016,0.101329846858,0.354087060676,-1.65299723129,0.00516808333967,1.75432707815,-0.0793800169531,9.35853814556,-1.86862740982,-2.19021811321e-05,-0.00417309014037,0.354117392004,-1.64237299147,1.99341127571e-06,-0.000498352818923,0.354095489822,0.359460980662,0.104413381667,-1.64654608161,0.358631692225,0.1013038697,0.00453620240289,1.74784995132,1.22232299237,-1.86862740982,9.28359404492,0.359255144016,0.101329846858,0.00516808333967,1.75432707815,0.00516808333967,1.75432707815,-0.00443591631396,4,0
2230,4.46,1,0.362943947315,0,-18,0,0,-0.189172433227,-0.0963289833623,0.362943942853,-0.0856807973958,-0.55211637608,-0.0106481859666,-1.61172707034,-65.9005289973,-18,0.00025471319926,0.0477668692436,0.362584193541,-0.212262212351,-2.13386779185e-06,0.000533466947964,0.36283890674,-0.189368164884,-0.0994662292793,-0.164495343107,-0.203003009293,-0.0969052573651,-0.565841916033,0.0675900857422,-25.8949006973,-18,-67.5630794952,-0.189172433227,-0.0963289833623,-0.55211637608,-0.0106481859666,-0.55211637608,-0.0106481859666,0.0508234276347,4,0
2230,4.46,2,0.321683108807,0,0.131372585893,0,0,0.361465541762,0.120411232431,0.321683099801,-1.55986303574,0.0397824419616,1.68027426817,0.0336412794896,13.1905355738,0.131372590182,5.74810667562e-06,0.000828959463374,0.321672836834,-1.56363787806,2.6673347357e-06,-0.000666833683923,0.321678584941,0.36171020634,0.124332789822,-1.5628089186,0.361737930056,0.120422581944,0.040059345115,1.68323150055,9.47905478339,0.131372590182,13.2232789165,0.361465541762,0.120411232431,0.0397824419616,1.68027426817,0.0397824419616,1.68027426817,0.000897936743481,4,0
2240,4.48,1,0.360359489918,0,-18,0,0,-0.191478271077,-0.13599486599,0.360359498816,-0.174902886241,-0.551837769893,0.038908020251,-2.02262357996,-65.6793359675,-18,0.000217499308767,0.0408241114973,0.360052516704,-0.282910674124,-2.5889017842e-06,0.000647225446047,0.360270016012,-0.191754210455,-0.139911365562,-0.242086562627,-0.208665579359,-0.136711003835,-0.568935595372,0.105375558792,-25.7826737641,-18,-67.7453936507,-0.191478271077,-0.13599486599,-0.551837769893,0.038908020251,-0.551837769893,0.038908020251,0.0434341032025,4,0
2240,4.48,2,0.293658286333,0,2.1313726902,0,0,0.364347839138,0.169993585624,0.293658294997,-1.23779820928,0.0706895441411,1.4077917949,0.200569870663,15.6049924052,2.13137259018,4.8053381588e-05,0.00873295429666,0.29358812012,-1.26265787444,3.23612722292e-06,-0.000809031805727,0.293636173502,0.364692763368,0.174889210078,-1.25392492014,0.36593891249,0.170059880347,0.072302738988,1.42398480049,16.7530043153,2.13137259018,15.796252681,0.364347839138,0.169993585624,0.0706895441411,1.4077917949,0.0706895441411,1.4077917949,0.00930959487571,4,0
2250,4.5,1,0.355293929577,0,-18,0,0,-0.194501753021,-0.159622638456,0.355293927798,-0.32580469144,-0.54979568082,0.166182052984,-0.589708218162,-64.8507587092,-18,0.000184376919739,0.0346094415184,0.355033713411,-0.417356578583,-3.12475977426e-07,7.8118994354e-05,0.355218090331,-0.194821235695,-0.159975693803,-0.382747137065,-0.199713789203,-0.159839806631,-0.554931879534,0.222907330434,-25.5736829925,-18,-65.4772888919,-0.194501753021,-0.159622638456,-0.54979568082,0.166182052984,-0.54979568082,0.166182052984,0.0368219645552,4,0
2250,4.5,2,0.274426966906,0,4.13137245178,0,0,0.368127191631,0.199528301133,0.274426952283,-0.706407768154,0.0937002393484,0.905936069286,-0.22059186021,15.9167369344,4.13137259018,8.54536239868e-05,0.0157474270032,0.274303944319,-0.749859464234,3.90594970756e-07,-9.76487426954e-05,0.274389397943,0.368526544979,0.199969620315,-0.734112037231,0.366152580353,0.199446025663,0.0917631824102,0.933558062893,23.0212367366,4.13137259018,15.6793722037,0.368127191631,0.199528301133,0.0937002393484,0.905936069286,0.0937002393484,0.905936069286,0.016772870491,4,0
2260,4.52,1,0.346635311842,0,-18,0,0,-0.197879356646,-0.18462991397,0.346635315589,-0.52742434321,-0.544514672235,0.34279442924,-2.18768880102,-63.3794569894,-18,0.000155883862082,0.0292641613881,0.346415340788,-0.604816628581,-2.64588518167e-06,0.000661471295417,0.34657122465,-0.198252566066,-0.188589124047,-0.575552467193,-0.216337507651,-0.185399003595,-0.562908732301,0.390153463598,-25.2632057025,-18,-65.5982805582,-0.197879356646,-0.18462991397,-0.544514672235,0.34279442924,-0.544514672235,0.34279442924,0.0311347677331,4,0
2260,4.52,2,0.267852753401,0,6.13137245178,0,0,0.372349196223,0.230787395434,0.267852760064,0.00532174839941,0.104496436158,0.225465647035,0.302758249082,13.8621988361,6.13137259018,0.000118146972393,0.0218770885314,0.267683550894,-0.0543894997525,3.30735646636e-06,-0.000826839116592,0.267801697866,0.372815708004,0.235736408015,-0.0325124112211,0.374674021708,0.230884263163,0.106872323842,0.263396674384,28.3315973056,6.13137259018,14.1416622329,0.372349196223,0.230787395434,0.104496436158,0.225465647035,0.104496436158,0.225465647035,0.0232948522001,4,0
2270,4.54,1,0.333477735519,0,-18,0,0,-0.201949799289,-0.219674404107,0.333477726168,-0.770116295041,-0.535427525456,0.550441890933,-1.52273380528,-61.2901764155,-18,0.000131205691636,0.0246355784001,0.333292611219,-0.835241488194,-1.36774102874e-06,0.000341935257182,0.333423816911,-0.202391331579,-0.221791950963,-0.810605909794,-0.214835294071,-0.220211299723,-0.548259110982,0.590394610071,-24.8478074128,-18,-62.8391202675,-0.201949799289,-0.219674404107,-0.535427525456,0.550441890933,-0.535427525456,0.550441890933,0.0262100466997,4,0
2270,4.54,2,0.277248591185,0,8.13137245178,0,0,0.377437249584,0.274593007949,0.277248590127,0.871047871128,0.100188659457,-0.596454863178,0.132098086553,9.28186317989,8.13137259018,0.000147024713026,0.0272898987241,0.27703856139,0.796970396793,1.70967627877e-06,-0.000427419069691,0.277185586103,0.377989164952,0.277239941507,0.824260295518,0.378294460464,0.274628725069,0.101108874362,-0.549631570448,32.7310394292,8.13137259018,9.38490707116,0.377437249584,0.274593007949,0.100188659457,-0.596454863178,0.100188659457,-0.596454863178,0.0290541952805,4,0
2280,4.56,1,0.315483868122,0,-18,0,0,-0.206469041101,-0.232742125238,0.315483857154,-0.98762608387,-0.521952898255,0.754883958632,-1.82904074635,-58.5822816582,-18,0.000166512725015,0.0307226417668,0.315244543199,-1.07213076395,-1.81428633184e-06,0.000453571582958,0.315411055924,-0.206937142426,-0.235411377215,-1.04140812219,-0.221956832082,-0.233387449862,-0.537367888005,0.808020672325,-24.3672926893,-18,-60.444043199,-0.206469041101,-0.232742125238,-0.521952898255,0.754883958632,-0.521952898255,0.754883958632,0.0327207944669,4,0
2280,4.56,2,0.30416944623,0,6.53137254715,0,0,0.383086301905,0.290927659294,0.304169458299,1.67992167875,0.0789168436054,-1.38899401945,0.243346713583,2.67565387614,6.53137259018,9.98747563823e-05,0.0191241326867,0.304031496327,1.63159109109,2.2678579048e-06,-0.000566964476204,0.304131371083,0.383671428566,0.29426422425,1.65071522378,0.384941614907,0.291004964002,0.0808102438237,-1.35971025978,22.538987334,6.53137259018,2.89867795996,0.383086301905,0.290927659294,0.0789168436054,-1.38899401945,0.0789168436054,-1.38899401945,0.0203226297633,4,0
2290,4.58,1,0.294450998306,0,-18,0,0,-0.211442146589,-0.265769584035,0.294451001282,-1.08770762796,-0.505893147871,0.821938043924,-2.16039066556,-56.2312853185,-18,0.000222131088264,0.0411719227305,0.294133213122,-1.19982422225,-2.09738602297e-06,0.000524346505743,0.29435534421,-0.211976891334,-0.268945411773,-1.15865229952,-0.229778879994,-0.266533614593,-0.524134224204,0.892118684925,-23.9543028673,-18,-58.4355134799,-0.211442146589,-0.265769584035,-0.505893147871,0.821938043924,-0.505893147871,0.821938043924,0.0438374957896,4,0
2290,4.58,2,0.343253403902,0,4.53137254715,0,0,0.389302683818,0.332211982591,0.34325339793,2.12776884001,0.0460492858888,-1.79555685742,0.381514693417,-3.41284390134,4.53137259018,2.95258017658e-05,0.00588877164798,0.343214542121,2.11429877271,2.62173251447e-06,-0.000655433128625,0.343244067923,0.389971114754,0.336181767242,2.12018754436,0.392424527386,0.332342059406,0.0491804594631,-1.78784548495,11.9490024489,4.53137259018,-3.03757228919,0.389302683818,0.332211982591,0.0460492858888,-1.79555685742,0.0460492858888,-1.79555685742,0.00624308126916,4,0
2300,4.6,1,0.272539138794,0,-18,0,0,-0.217000680631,-0.28459195614,0.272539141111,-1.08853795872,-0.489539821742,0.803946002583,-1.04565435314,-54.2852161718,-18,0.000268424659714,0.0498677455233,0.272156067346,-1.22362061057,-2.49303544059e-07,6.2325886012e-05,0.272424492005,-0.217570054166,-0.28487374517,-1.17375286504,-0.2261410053,-0.284972803001,-0.498565497305,0.888780062042,-23.6272321993,-18,-55.3839593664,-0.217000680631,-0.28459195614,-0.489539821742,0.803946002583,-0.489539821742,0.803946002583,0.0530888414398,4,0
2300,4.6,2,0.387764275074,0,2.53137254715,0,0,0.39625085142,0.355739947586,0.38776428537,2.2622570216,0.0084865660492,-1.90651707402,0.0569646154667,-8.56313529931,2.53137259018,-2.60678069334e-05,-0.00457369909765,0.387803669874,2.27629869101,3.11629428262e-07,-7.79073570614e-05,0.387777602067,0.396962568343,0.356092183872,2.27172499191,0.396765384202,0.355761386452,0.00898778213529,-1.91596360546,2.52625744924,2.53137259018,-8.50128417106,0.39625085142,0.355739947586,0.0084865660492,-1.90651707402,0.0084865660492,-1.90651707402,-0.00488651278085,4,0
2310,4.62,1,0.251535862684,0,-18,0,0,-0.222837371808,-0.303990330683,0.251535867303,-1.00774181494,-0.474373239112,0.703751484259,-2.30350183774,-52.9054779213,-18,0.000306626154278,0.0570452692101,0.251098933385,-1.16177036797,-2.00233998982e-06,0.000500584997453,0.251405559539,-0.22344834748,-0.306989590831,-1.10472509876,-0.242505114928,-0.30480981998,-0.493910674467,0.799915278781,-23.3937295038,-18,-55.2697045421,-0.222837371808,-0.303990330683,-0.474373239112,0.703751484259,-0.474373239112,0.703751484259,0.0607247830614,4,0
2310,4.62,2,0.431966125965,0,0.531372606754,0,0,0.403546715439,0.379987915609,0.431966131424,2.13078348494,-0.028419415986,-1.75079556933,0.471327334717,-12.2812002509,0.531372590182,-6.90747967379e-05,-0.0126718483431,0.432066009615,2.16609454902,2.50292496978e-06,-0.000625731242442,0.431996934819,0.404310435033,0.383736990768,2.15342270068,0.407579947305,0.380155966937,-0.0244169875136,-1.77326673374,-5.81489527696,0.531372590182,-11.7963721703,0.403546715439,0.379987915609,-0.028419415986,-1.75079556933,-0.028419415986,-1.75079556933,-0.0135007459039,4,0
2320,4.64,1,0.232900425792,0,-18,0,0,-0.22919852405,-0.329824687012,0.232900424962,-0.860723673051,-0.462098949012,0.530898986039,-1.80472894912,-52.2469147629,-18,0.00033802280814,0.0629442067509,0.232419222713,-1.03032441088,-9.63553297872e-07,0.000240888324465,0.232757245521,-0.229859715942,-0.331318610919,-0.967380204131,-0.244769236809,-0.330473466711,-0.47752648233,0.63690673742,-23.2598404604,-18,-54.1186441924,-0.22919852405,-0.329824687012,-0.462098949012,0.530898986039,-0.462098949012,0.530898986039,0.0670004804486,4,0
2320,4.64,2,0.471002668142,0,-1.46862745285,0,0,0.411498155783,0.412280860775,0.471002674199,1.77443273848,-0.0595045184166,-1.3621518777,0.345703144232,-14.1205233185,-1.46862740982,-0.000102160804802,-0.0189003500408,0.471149109388,1.82611484732,1.20444161178e-06,-0.000301110402944,0.471046948583,0.412324645652,0.414148265642,1.80721449728,0.414541450817,0.412407664734,-0.0565054977656,-1.39480683254,-13.1503830089,-1.46862740982,-13.7546938946,0.411498155783,0.412280860775,-0.0595045184166,-1.3621518777,-0.0595045184166,-1.3621518777,-0.0201262796985,4,0
2330,4.66,1,0.217810750008,0,-18,0,0,-0.23588319239,-0.339002012617,0.217810750031,-0.660406841575,-0.453693942421,0.321404828957,-2.06488131915,-52.2443417423,-18,0.000364050734922,0.0678318141377,0.217292825603,-0.84292712777,-1.25965228973e-06,0.000314913072432,0.217656876338,-0.236563017815,-0.340857451718,-0.775095313632,-0.253661342064,-0.339742768854,-0.471318218402,0.435352544778,-23.2304719252,-18,-54.3814234844,-0.23588319239,-0.339002012617,-0.453693942421,0.321404828957,-0.453693942421,0.321404828957,0.0722004229567,4,0
2330,4.66,2,0.500763118267,0,-3.46862745285,0,0,0.419853991247,0.42375251768,0.500763136421,1.22727259633,-0.0809091451738,-0.80352007865,0.440842349042,-13.9377659777,-3.46862740982,-0.000128473279685,-0.0238444757538,0.500946678476,1.2920090542,1.57456534766e-06,-0.000393641336915,0.500818205196,0.420703773032,0.426071816534,1.26816457844,0.423732495268,0.423914122014,-0.0770857099285,-0.844250456431,-19.5428747423,-3.46862740982,-13.4715374736,0.419853991247,0.42375251768,-0.0809091451738,-0.80352007865,-0.0809091451738,-0.80352007865,-0.02538615511,4,0
2340,4.68,1,0.207216113806,0,-18,0,0,-0.24287926739,-0.361112125711,0.207216108679,-0.416981436953,-0.450095376069,0.0558693112429,-2.27360925302,-53.104725254,-18,0.000386247802051,0.0719949637067,0.206666823728,-0.610538172699,-1.33414027534e-06,0.000333535068833,0.20705307153,-0.243603537844,-0.363135832496,-0.538543208993,-0.262430650602,-0.361926766678,-0.469483722133,0.176616442315,-23.3100272339,-18,-55.4549644443,-0.24287926739,-0.361112125711,-0.450095376069,0.0558693112429,-0.450095376069,0.0558693112429,0.0766299373313,4,0
2340,4.68,2,0.517737388611,0,-5.46862745285,0,0,0.428599085032,0.451390158766,0.517737367102,0.516028021685,-0.08913828207,-0.0646378629186,0.532416998468,-11.2677177885,-5.46862740982,-0.00015140937604,-0.0281379113924,0.517953391582,0.59220209569,1.66767532495e-06,-0.000416918831233,0.517801982206,0.429504423104,0.45391979222,0.564064184297,0.43327739482,0.451585088341,-0.0845245873861,-0.112479095956,-25.0381812409,-5.46862740982,-10.7053459661,0.428599085032,0.451390158766,-0.08913828207,-0.0646378629186,-0.08913828207,-0.0646378629186,-0.0299548239048,4,0
2350,4.7,1,0.201884031296,0,-18,0,0,-0.250252709328,-0.372690536855,0.201884030219,-0.141222513731,-0.452136739547,-0.231468023124,-1.62129520723,-54.7695448502,-18,0.000402590524728,0.0752735458522,0.201315035221,-0.341343154428,-1.53832216465e-07,3.84580541219e-05,0.201717625746,-0.250998207683,-0.37286455197,-0.266069608576,-0.264406468824,-0.373280276834,-0.466124094569,-0.107210668258,-23.5024758682,-18,-56.4709446896,-0.250252709328,-0.372690536855,-0.452136739547,-0.231468023124,-0.452136739547,-0.231468023124,0.080104632149,4,0
2350,4.7,2,0.518898367882,0,-6.45346021652,0,0,0.437815887485,0.465863172516,0.518898341038,-0.328888673207,-0.0810824535525,0.794751845722,0.346580153848,-6.02281431201,-6.45346000825,-0.000169963048074,-0.031860835167,0.519136604933,-0.245331235501,1.92290268153e-07,-4.80725670451e-05,0.518966641885,0.438747760433,0.466080691407,-0.277192070668,0.440981063601,0.465995054854,-0.0779855782836,0.743187125522,-25.6337234086,-6.45346000825,-5.64233376642,0.437815887485,0.465863172516,-0.0810824535525,0.794751845722,-0.0810824535525,0.794751845722,-0.0339003917439,4,0
2360,4.72,1,0.201482236385,0,-18,0,0,-0.257792306794,-0.38396682497,0.201482230409,0.0616274759826,-0.459274537204,-0.445594300953,-2.37583878969,-56.7945705501,-18,0.000342817790411,0.0643484296131,0.200998387943,-0.108605445223,-1.09937864273e-06,0.000274844660678,0.201341205733,-0.258561892849,-0.38561756155,-0.0442570156099,-0.278126180204,-0.384814069696,-0.479467385937,-0.340557054086,-23.7176112919,-18,-59.2388715829,-0.257792306794,-0.38396682497,-0.459274537204,-0.445594300953,-0.459274537204,-0.445594300953,0.068462243098,4,0
2360,4.72,2,0.504715919495,0,-4.45346021652,0,0,0.447240384346,0.47995853246,0.504715898513,-0.967767813303,-0.0574755141678,1.44772634576,0.5983112359,0.189991745391,-4.45346000825,-9.93973890969e-05,-0.0189509710748,0.504853788379,-0.919425004997,1.37422328134e-06,-0.000343555820333,0.504754390989,0.448202366917,0.482021953152,-0.938375976071,0.452385243762,0.480172901602,-0.0523691472278,1.41854887767,-14.7319155629,-4.45346000825,0.808446721035,0.447240384346,0.47995853246,-0.0574755141678,1.44772634576,-0.0574755141678,1.44772634576,-0.020143739744,4,0
2370,4.74,1,0.203933477402,0,-18,0,0,-0.265620040032,-0.397244038778,0.203933476153,0.157691304498,-0.469553516184,-0.554935343277,-2.10762819846,-58.6584414024,-18,0.000290357701146,0.0545047922157,0.203523703484,0.013521020278,-4.34530976812e-07,0.000108632744198,0.203814061185,-0.26641522982,-0.397920792188,0.0680258124937,-0.283635573756,-0.397994686017,-0.487449634941,-0.46602049851,-23.8658031184,-18,-60.8240586855,-0.265620040032,-0.397244038778,-0.469553516184,-0.554935343277,-0.469553516184,-0.554935343277,0.0579890846295,4,0
2370,4.74,2,0.481420278549,0,-2.4534599781,0,0,0.457025050914,0.496555049416,0.481420277904,-1.28032371291,-0.0243952269896,1.77687876232,0.534016733828,5.90079024477,-2.45346000825,-3.94916623422e-05,-0.00770239070779,0.4814736423,-1.26171900218,5.43163708455e-07,-0.000135790927118,0.481434150637,0.458019038151,0.497400991159,-1.26942139289,0.461535495485,0.496742984607,-0.019898655152,1.7661643775,-4.9808123895,-2.45346000825,6.44298326925,0.457025050914,0.496555049416,-0.0243952269896,1.77687876232,-0.0243952269896,1.77687876232,-0.0081762906559,4,0
2380,4.76,1,0.2072840482,0,-18,0,0,-0.273604092684,-0.401341986699,0.207284046797,0.163045619184,-0.480888139481,-0.564387605883,-2.28765440923,-60.1379909648,-18,0.00024517310768,0.0460286636373,0.206938089552,0.0413310143666,-5.4182210929e-07,0.000135455527317,0.20718326266,-0.274407566409,-0.402143228732,0.0873596780039,-0.293042222183,-0.402151908761,-0.500225484843,-0.489511586765,-23.9346802689,-18,-62.474616115,-0.273604092684,-0.401341986699,-0.480888139481,-0.564387605883,-0.480888139481,-0.564387605883,0.0489707409295,4,0
2380,4.76,2,0.455072849989,0,-0.453460007906,0,0,0.467005116748,0.501677484196,0.455072837707,-1.30765046111,0.0119322790407,1.80932794531,0.600718307239,10.5038244726,-0.453460008249,1.15579397098e-05,0.00187474665507,0.455054106197,-1.31441529432,6.77277619432e-07,-0.000169319404865,0.455065664137,0.468009458905,0.502679036713,-1.31254054766,0.471985677152,0.501885007546,0.0169200130157,1.81442555521,3.67594575182,-0.453460008249,11.1025293379,0.467005116748,0.501677484196,0.0119322790407,1.80932794531,0.0119322790407,1.80932794531,0.00201344193158,4,0
2390,4.78,1,0.209873259068,0,-18,0,0,-0.281716750224,-0.409670245283,0.209873258264,0.0913806029913,-0.491590008488,-0.501050848274,-2.34642662532,-61.1679228867,-18,0.000206091631792,0.03869758517,0.209582497145,-0.0109113891521,-3.98047986849e-07,9.95119967072e-05,0.209788588777,-0.282536712446,-0.410279646755,0.0277861960179,-0.301578911556,-0.410497835339,-0.511367500333,-0.438284031356,-23.9137483402,-18,-63.5555201967,-0.281716750224,-0.409670245283,-0.491590008488,-0.501050848274,-0.491590008488,-0.501050848274,0.0411706847515,4,0
2390,4.78,2,0.430985122919,0,1.5465400219,0,0,0.477145938686,0.512087807102,0.430985109746,-1.08481761002,0.0461608289398,1.59690541712,0.633811486879,13.6200054247,1.54653999175,5.59100144245e-05,0.0101920260959,0.4309037164,-1.11363380943,4.97559961787e-07,-0.000124389990449,0.430959626415,0.478170891464,0.512849558909,-1.10344178334,0.482328179579,0.512303733806,0.0513685531636,1.61574551714,11.2823242806,1.54653999175,14.2429539654,0.477145938686,0.512087807102,0.0461608289398,1.59690541712,0.0461608289398,1.59690541712,0.010862946269,4,0
2400,4.8,1,0.21029753983,0,-18,0,0,-0.289949822749,-0.412504637076,0.210297534555,-0.0450421526503,-0.500247357305,-0.367462484426,-2.24073815957,-61.5927112936,-18,0.000172351101135,0.0323677045934,0.210054420538,-0.130568348288,-3.84309261636e-08,9.60773153513e-06,0.21022677164,-0.29077486177,-0.412548333486,-0.0982006436945,-0.308876747483,-0.41329325894,-0.519103519123,-0.315092615245,-23.7948432891,-18,-63.867885371,-0.289949822749,-0.412504637076,-0.500247357305,-0.367462484426,-0.500247357305,-0.367462484426,0.034435917807,4,0
2400,4.8,2,0.413808256388,0,3.5465400219,0,0,0.48743727935,0.515630796641,0.413808261455,-0.64341798825,0.0736290178947,1.15904878489,0.610716710619,14.7889112468,3.54653999175,9.47079607748e-05,0.0174670418943,0.413672048715,-0.691525950444,4.80386550539e-08,-1.20096637585e-05,0.413766756676,0.488468578126,0.515685417151,-0.674058908549,0.492363004187,0.515836035176,0.0785962475118,1.18989494373,17.8796616965,3.54653999175,15.38102442,0.48743727935,0.515630796641,0.0736290178947,1.15904878489,0.0736290178947,1.15904878489,0.0186035374236,4,0
2410,4.82,1,0.207386508584,0,-18,0,0,-0.298215522666,-0.414197922374,0.207386509823,-0.235026223236,-0.50560203249,-0.179171699138,-2.39389857904,-61.3400961876,-18,0.000143342111852,0.0269246704127,0.207184354443,-0.306140616567,-5.39856495618e-08,1.34964123897e-05,0.207327696554,-0.299044014231,-0.414286271737,-0.279215946154,-0.318368396328,-0.415037625444,-0.525696092883,-0.135821679289,-23.5720859229,-18,-63.7626395424,-0.298215522666,-0.414197922374,-0.50560203249,-0.179171699138,-0.50560203249,-0.179171699138,0.0286447757549,4,0
2410,4.82,2,0.407588630915,0,5.54653978348,0,0,0.49776940425,0.517747403045,0.407588638196,-0.0126857061002,0.0901807660545,0.530433109145,0.667136410986,13.6862831136,5.54653999175,0.000128653494945,0.0238325601958,0.407404466099,-0.0776709481118,6.74820382351e-08,-1.68705095638e-05,0.407533119594,0.498805018707,0.517857839713,-0.053838387916,0.503108135693,0.517969850188,0.0955750160995,0.571808238104,23.5109504854,5.54653999175,14.3280431225,0.49776940425,0.517747403045,0.0901807660545,0.530433109145,0.0901807660545,0.530433109145,0.0253764021351,4,0
2420,4.84,1,0.200183391571,0,-18,0,0,-0.306495703201,-0.413197844347,0.200183390173,-0.468293215506,-0.506679093374,0.0550953711585,-2.39067636976,-60.3375230624,-18,0.000118553185916,0.0222722311109,0.200016224184,-0.527096996682,1.50787655417e-07,-3.76969138585e-05,0.20013477737,-0.307321868881,-0.412969749459,-0.504824765571,-0.326580593925,-0.414034714794,-0.526715371295,0.0907900507768,-23.2415647917,-18,-62.7518943015,-0.306495703201,-0.413197844347,-0.506679093374,0.0550953711585,-0.506679093374,0.0550953711585,0.0236948693419,4,0
2420,4.84,2,0.41580915451,0,7.54653978348,0,0,0.508119629917,0.516497305189,0.415809140914,0.78001368257,0.0923104890021,-0.26351637738,0.672415382872,10.0192644342,7.54653999175,0.000158196099699,0.0293740956156,0.415583245341,0.700346846149,-1.88484582275e-07,4.71211455796e-05,0.415741441441,0.509152337016,0.516212186559,0.729720941764,0.513453227981,0.516719538442,0.0977117865407,-0.213001403322,28.2218025451,7.54653999175,10.6604073683,0.508119629917,0.516497305189,0.0923104890021,-0.26351637738,0.0923104890021,-0.26351637738,0.031272448812,4,0
2430,4.86,1,0.188041821122,0,-18,0,0,-0.314744754271,-0.411685498805,0.188041819658,-0.711228504795,-0.502786573929,0.29954300599,-2.46693517717,-58.6195019787,-18,0.000128678414666,0.0236547290807,0.18785594354,-0.776944861542,2.46204645782e-07,-6.15511614414e-05,0.187984621954,-0.315567781053,-0.41132873766,-0.753290132461,-0.335476545305,-0.412549323431,-0.523461167259,0.34074080903,-22.8145295117,-18,-61.111636026,-0.314744754271,-0.411685498805,-0.502786573929,0.29954300599,-0.502786573929,0.29954300599,0.0251988700567,4,0
2430,4.86,2,0.441058158875,0,7.14654016495,0,0,0.518430943748,0.514606873137,0.441058152024,1.631275161,0.0773727917242,-1.11666828787,0.70193725288,3.92392108208,7.14653999175,0.000144670128393,0.0274766239163,0.440856808514,1.56065319534,-3.07755824713e-07,7.69389561865e-05,0.441001478642,0.519459727225,0.51416092168,1.58812981926,0.524027266139,0.514840053236,0.0830257874968,-1.07328976602,22.722953392,7.14653999175,4.59664566951,0.518430943748,0.514606873137,0.0773727917242,-1.11666828787,0.0773727917242,-1.11666828787,0.029212665457,4,0
2440,4.88,1,0.172136768699,0,-18,0,0,-0.322922946857,-0.40515292287,0.172136770941,-0.846978756525,-0.495059717798,0.441825833655,-2.36783469851,-56.8876669228,-18,0.000187375632528,0.0346672872611,0.171868190776,-0.941771143948,5.89614004454e-07,-0.000147403501119,0.172055566408,-0.323732369412,-0.404269067107,-0.907103856687,-0.342927803648,-0.40598645857,-0.514983370056,0.501117398117,-22.4244772897,-18,-59.2924174161,-0.322922946857,-0.40515292287,-0.495059717798,0.441825833655,-0.495059717798,0.441825833655,0.0369157948514,4,0
2440,4.88,2,0.480090051889,0,5.14654016495,0,0,0.52865368447,0.506441152892,0.480090060312,2.16157977094,0.0485636241588,-1.65513861805,0.672150322217,-2.33870261425,5.14653999175,7.30797683678e-05,0.014024753801,0.479989411662,2.12634555489,-7.37017527119e-07,0.000184254381782,0.480062491431,0.529665462663,0.505336333156,2.14037030869,0.534121263905,0.506668968702,0.0540587724743,-1.63370133999,11.795520161,5.14653999175,-1.68145400305,0.52865368447,0.506441152892,0.0485636241588,-1.65513861805,0.0485636241588,-1.65513861805,0.0149017110214,4,0
2450,4.9,1,0.154686659575,0,-18,0,0,-0.330949001932,-0.398876081439,0.154686654506,-0.87936404528,-0.485635656437,0.48048796384,-2.82219642492,-55.4863886582,-18,0.000235869695298,0.0437781803902,0.154349703329,-0.998206329128,8.19493408133e-08,-2.04873351996e-05,0.154585573024,-0.331746692452,-0.398783797991,-0.954428148737,-0.354814277841,-0.399870467936,-0.509399850866,0.554557680802,-22.1158688925,-18,-58.3551936999,-0.330949001932,-0.398876081439,-0.485635656437,0.48048796384,-0.485635656437,0.48048796384,0.0466086167338,4,0
2450,4.9,2,0.526112377644,0,3.14653992653,0,0,0.538686253297,0.498595100906,0.52611240373,2.37101832026,0.0125738495668,-1.87242321936,0.814672658039,-7.83194120914,3.14653999175,1.7346469115e-05,0.00353047755866,0.526090141563,2.36334323154,-1.02436678473e-07,2.56091696274e-05,0.526107488032,0.539683366445,0.498479746593,2.3668737091,0.545432324891,0.498876187222,0.0193248368591,-1.86799752188,2.04123863416,3.14653999175,-7.02100718629,0.538686253297,0.498595100906,0.0125738495668,-1.87242321936,0.0125738495668,-1.87242321936,0.00373863518804,4,0
2460,4.92,1,0.137547105551,0,-18,0,0,-0.338869929171,-0.390766987809,0.137547102937,-0.827312238706,-0.476417032108,0.436545250898,-2.35389034555,-54.5368978646,-18,0.000275524141331,0.0512312853021,0.137154264497,-0.965811927616,9.98401535224e-07,-0.000249600383806,0.137429788638,-0.339649989781,-0.38928150372,-0.914580642314,-0.358905378077,-0.39160179818,-0.496335166715,0.522978844134,-21.8971629035,-18,-56.9453257852,-0.338869929171,-0.390766987809,-0.476417032108,0.436545250898,-0.476417032108,0.436545250898,0.0545375749981,4,0
2460,4.92,2,0.573260724545,0,1.14654004574,0,0,0.548587412327,0.488458733658,0.573260718898,2.30897990859,-0.0246733065712,-1.82052117493,0.668353095554,-12.1084227404,1.14653999175,-2.47472510641e-05,-0.00440332213822,0.573297603118,2.32209595893,-1.24800194146e-06,0.000312000485353,0.573272855866,0.549562488087,0.486601878513,2.31769263679,0.554186469947,0.488692027725,-0.0190863859196,-1.82900060907,-6.62934884254,1.14653999175,-11.4353693557,0.548587412327,0.488458733658,-0.0246733065712,-1.82052117493,-0.0246733065712,-1.82052117493,-0.00470028915099,4,0
2470,4.94,1,0.122219778597,0,-18,0,0,-0.346529805816,-0.375619184553,0.122219781126,-0.707453372061,-0.468749586942,0.331834187509,-2.61589141459,-54.0892547885,-18,0.000307710699226,0.0572812924241,0.121781582205,-0.861907888589,7.16570767223e-07,-0.000179142691802,0.122089292905,-0.347279912258,-0.374515792541,-0.804626596165,-0.368798355435,-0.376547040787,-0.49088764834,0.428079555379,-21.774322339,-18,-56.7661200239,-0.346529805816,-0.375619184553,-0.468749586942,0.331834187509,-0.468749586942,0.331834187509,0.0609738208149,4,0
2470,4.94,2,0.616589546204,0,-0.853460013866,0,0,0.558162258108,0.46952397929,0.616589532979,2.01841724073,-0.0584272748709,-1.54889326144,0.742408962954,-14.8499153065,-0.853460008249,-5.59476624244e-05,-0.0102851092687,0.616670253886,2.0469429951,-8.95713470839e-07,0.000223928367713,0.616614306223,0.559099891157,0.468144739257,2.03665788583,0.564429422982,0.469785111159,-0.0521848832414,-1.56687277468,-14.298606449,-0.853460008249,-14.0965498623,0.558162258108,0.46952397929,-0.0584272748709,-1.54889326144,-0.0584272748709,-1.54889326144,-0.0109564812178,4,0
2480,4.96,1,0.109903082252,0,-18,0,0,-0.353975137142,-0.368692479738,0.109903085139,-0.533688212914,-0.463878222281,0.164995733176,-2.57837360075,-54.2970596133,-18,0.000334010994664,0.0622223723769,0.109427798328,-0.701189644612,1.00233398925e-06,-0.000250583497318,0.109761809322,-0.354711088515,-0.367223936139,-0.638967272235,-0.37597530994,-0.369609153605,-0.485737119262,0.26935811863,-21.7517205982,-18,-56.9416637183,-0.353975137142,-0.368692479738,-0.463878222281,0.164995733176,-0.463878222281,0.164995733176,0.0662305043129,4,0
2480,4.96,2,0.651931941509,0,-2.85346007347,0,0,0.567468922236,0.460865598159,0.651931932199,1.53485660919,-0.0844630099629,-1.07399101103,0.73082331271,-15.6370820739,-2.85346000825,-7.95655983704e-05,-0.0147304469308,0.652045900018,1.57507456746,-1.25291750219e-06,0.000313229375557,0.65196633442,0.56838886145,0.459029918638,1.56034412053,0.573679045329,0.461124353288,-0.0782872890902,-1.09921976724,-21.0364575222,-2.85346000825,-14.890573527,0.567468922236,0.460865598159,-0.0844630099629,-1.07399101103,-0.0844630099629,-1.07399101103,-0.0156852341112,4,0
2490,4.98,1,0.101550720632,0,-18,0,0,-0.36115932679,-0.348145406941,0.101550718875,-0.316853255266,-0.462710045665,-0.0312921516753,-2.33417231951,-55.102984436,-18,0.000356145079739,0.0663751883045,0.101044171709,-0.495355153925,1.5008876707e-06,-0.00037522191768,0.101400316789,-0.361853343728,-0.3458828032,-0.42897996562,-0.381164772187,-0.348978967166,-0.482565088976,0.0800009984545,-21.8331310372,-18,-57.5078056848,-0.36115932679,-0.348145406941,-0.462710045665,-0.0312921516753,-0.462710045665,-0.0312921516753,0.0706489292613,4,0
2490,4.98,2,0.675745666027,0,-4.85345983505,0,0,0.576449159263,0.435181756876,0.675745639639,0.886009750035,-0.0992964803758,-0.45082799316,0.641926825397,-14.3327020048,-4.85346000825,-9.91775139587e-05,-0.0184064173083,0.675887345573,0.935992364025,-1.87610960689e-06,0.000469027401727,0.675788168059,0.577316680432,0.432353502172,0.917585946717,0.581952299973,0.435411054405,-0.093835868086,-0.482174892311,-26.8956542816,-4.85346000825,-13.6711786319,0.576449159263,0.435181756876,-0.0992964803758,-0.45082799316,-0.0992964803758,-0.45082799316,-0.0195965474758,4,0
2500,5,1,0.0979345068336,0,-18,0,0,-0.367938536832,-0.333570537875,0.0979345038726,-0.0646237562299,-0.465873040705,-0.268946781645,-3.28973322944,-56.6391937838,-18,0.000375839031864,0.070062392391,0.0974000775508,-0.252941055449,1.917125379e-07,-4.79281344794e-05,0.0977759165827,-0.368605532862,-0.333354230489,-0.182878663058,-0.395925828536,-0.33473667503,-0.493701745118,-0.151858011972,-22.0226193158,-18,-60.003499474,-0.367938536832,-0.333570537875,-0.465873040705,-0.268946781645,-0.465873040705,-0.268946781645,0.0745724607734,4,0
2500,5,2,0.68495875597,0,-6.85345983505,0,0,0.584923171777,0.416963170377,0.684958778411,0.0920548161243,-0.100035606634,0.324908354253,0.931534980646,-10.5738518632,-6.85346000825,-0.000118318178782,-0.0219739840653,0.685127722014,0.151637957704,-2.39640674748e-07,5.99101686733e-05,0.685009403835,0.585756916811,0.416692786142,0.129663973639,0.592867120058,0.417294168222,-0.0921422837772,0.287630194584,-31.908305855,-6.85346000825,-9.61892308034,0.584923171777,0.416963170377,-0.100035606634,0.324908354253,-0.100035606634,0.324908354253,-0.0233938022107,4,0
2510,5.02,1,0.099581502378,0,-18,0,0,-0.374488483806,-0.316709651081,0.0995814991048,0.193120500684,-0.474069982911,-0.509830151765,-2.26070752029,-58.8587642054,-18,0.000363177783322,0.0681623826325,0.0990689314819,0.0127865736515,1.92143931438e-06,-0.000480359828599,0.0994321092652,-0.375119051541,-0.313842787657,0.080948956284,-0.393898353086,-0.317518395635,-0.493330462351,-0.398467351919,-22.3104198122,-18,-61.1919922417,-0.374488483806,-0.316709651081,-0.474069982911,-0.509830151765,-0.474069982911,-0.509830151765,0.0725205160324,4,0
2510,5.02,2,0.677233815193,0,-6.33346700668,0,0,0.593110605455,0.395887061711,0.677233788439,-0.751277449456,-0.0841231829839,1.14716451117,0.601386099141,-4.51716382389,-6.33346708044,-0.000103652665764,-0.0197478750107,0.677377621539,-0.700853020553,-2.401799161e-06,0.000600449790243,0.677273968874,0.593898815118,0.392303482404,-0.720600895564,0.59828809847,0.396102790587,-0.0789858704042,1.11670368615,-26.2902760763,-6.33346708044,-3.89478601775,0.593110605455,0.395887061711,-0.0841231829839,1.14716451117,-0.0841231829839,1.14716451117,-0.0209917069999,4,0
2520,5.04,1,0.105356812477,0,-18,0,0,-0.380535669775,-0.289376618927,0.105356810296,0.351424676703,-0.485892480071,-0.64080129563,-2.75415085308,-61.0192346403,-18,0.000308575600839,0.0579166204226,0.104921262894,0.198181490241,1.18951748052e-06,-0.00029737937013,0.105229838495,-0.381112535814,-0.287540881396,0.256098110664,-0.403959756131,-0.290352622525,-0.509189594626,-0.546450733188,-22.5731821584,-18,-63.835005021,-0.380535669775,-0.289376618927,-0.485892480071,-0.64080129563,-0.485892480071,-0.64080129563,0.0616195276326,4,0
2520,5.04,2,0.655700087547,0,-4.33346700668,0,0,0.60066958787,0.361720771282,0.655700081591,-1.29474535975,-0.0550304937208,1.65646613103,0.734606791282,1.61553082561,-4.33346708044,-4.37369565287e-05,-0.008490965362,0.655759507474,-1.27400281202,-1.48689685953e-06,0.000371724214877,0.655715770518,0.601390670414,0.359426099355,-1.28249377738,0.606855703088,0.361978526083,-0.04886006743,1.64447230347,-15.6567250007,-4.33346708044,2.35915342573,0.60066958787,0.361720771282,-0.0550304937208,1.65646613103,-0.0550304937208,1.65646613103,-0.00901580884034,4,0
2530,5.06,1,0.113213799894,0,-18,0,0,-0.386212690309,-0.277932954453,0.113213797222,0.413354938951,-0.499426487531,-0.691287893404,-2.60795003884,-62.9706269757,-18,0.000261696766131,0.0491242253528,0.112844472296,0.283415590428,1.62860445219e-06,-0.000407151113043,0.113106169062,-0.386766218992,-0.275542887765,0.332539815781,-0.408342725321,-0.278855039246,-0.521448894383,-0.611394855026,-22.769227242,-18,-65.6308416011,-0.386212690309,-0.277932954453,-0.499426487531,-0.691287893404,-0.499426487531,-0.691287893404,0.0522645865464,4,0
2530,5.06,2,0.626678824425,0,-2.33346700668,0,0,0.60776586349,0.347416190605,0.626678809483,-1.53644492623,-0.0189129459934,1.88386111684,0.683423289186,7.16688652886,-2.33346708044,6.55344469402e-06,0.000944235306318,0.626667211609,-1.54069498802,-2.03575557689e-06,0.000508938894235,0.626673765054,0.608457774338,0.344428607228,-1.53975075271,0.613442678014,0.347652724544,-0.0132310870405,1.88740347725,-6.10238482026,-2.33346708044,7.84928694141,0.60776586349,0.347416190605,-0.0189129459934,1.88386111684,-0.0189129459934,1.88386111684,0.00102287664265,4,0
2540,5.08,1,0.121375754476,0,-18,0,0,-0.391472118573,-0.246033391572,0.12137575596,0.392236078795,-0.512847874533,-0.638269470367,-2.25058730545,-64.381614961,-18,0.00022071184736,0.0414395985978,0.121064344806,0.282677796604,2.2177115877e-06,-0.000554427896922,0.121285056653,-0.39196081549,-0.242685174869,0.324117395202,-0.410561273065,-0.24682877301,-0.531846329718,-0.570946168211,-22.8851493244,-18,-66.6762904072,-0.391472118573,-0.246033391572,-0.512847874533,-0.638269470367,-0.512847874533,-0.638269470367,0.0440881407661,4,0
2540,5.08,2,0.595816373825,0,-0.333467066288,0,0,0.614340148768,0.307541736794,0.595816360792,-1.51082333717,0.0185237879762,1.81836507396,0.546970299938,11.4023232691,-0.333467080435,5.06181356728e-05,0.00920353587304,0.595742471699,-1.5369970385,-2.77213949762e-06,0.000693034874405,0.595793089835,0.614951019909,0.303356465895,-1.52779350263,0.618808718721,0.307727927209,0.0230156288857,1.83552142984,2.41203408292,-0.333467080435,11.9394826155,0.614340148768,0.307541736794,0.0185237879762,1.81836507396,0.0185237879762,1.81836507396,0.00981095350112,4,0
2550,5.1,1,0.128310576081,0,-18,0,0,-0.396126192875,-0.225048763855,0.128310574904,0.299612704195,-0.52443676778,-0.524661468051,-3.58392311564,-65.261682138,-18,0.000184769386224,0.0347000251003,0.128049947461,0.207925805303,2.7663813007e-07,-6.91595325202e-05,0.128234716847,-0.396576080746,-0.224736456558,0.242625830404,-0.426247568598,-0.226303821177,-0.554482285445,-0.468929651581,-22.9094459763,-18,-68.8825225113,-0.396126192875,-0.225048763855,-0.52443676778,-0.524661468051,-0.52443676778,-0.524661468051,0.036917257735,4,0
2550,5.1,2,0.568123221397,0,1.66653287411,0,0,0.620157741591,0.281310952033,0.568123229284,-1.24799250297,0.0520345123076,1.52930345501,0.946209555151,14.0412204336,1.66653291956,8.9916317043e-05,0.0165674706704,0.567993774527,-1.29372338743,-3.4579766417e-07,8.64494160293e-05,0.568083690844,0.620720101424,0.280920567911,-1.27715591676,0.62788235654,0.28163281099,0.0597986656966,1.55878872775,9.91600712837,1.66653291956,14.9697835223,0.620157741591,0.281310952033,0.0520345123076,1.52930345501,0.0520345123076,1.52930345501,0.0176464664749,4,0
2560,5.12,1,0.132707327604,0,-18,0,0,-0.400456571398,-0.201620521331,0.132707322831,0.146238560981,-0.533163894229,-0.347859082312,-2.12791459118,-65.4749461424,-18,0.000153443243907,0.0288243356586,0.132490941885,0.0701214148357,2.59554214638e-06,-0.000648885536588,0.132644385129,-0.40085595211,-0.197743699354,0.0989457504943,-0.418413564777,-0.202368729389,-0.551057949906,-0.301314479883,-22.8332366475,-18,-67.6335263882,-0.400456571398,-0.201620521331,-0.533163894229,-0.347859082312,-0.533163894229,-0.347859082312,0.0306656545855,4,0
2560,5.12,2,0.548032104969,0,3.66653299332,0,0,0.625570714688,0.252025648764,0.548032107322,-0.776071736235,0.0775386073659,1.028097385,0.475091915942,14.651740979,3.66653291956,0.000124952676894,0.0231341237891,0.547853125481,-0.839233394108,-3.24442769439e-06,0.000811106923588,0.547978078158,0.626069940572,0.247179621275,-0.816099270319,0.629318028601,0.252181786844,0.0813399504438,1.06828105716,16.4395806469,3.66653291956,15.1021993391,0.625570714688,0.252025648764,0.0775386073659,1.028097385,0.0775386073659,1.028097385,0.0246335559118,4,0
2570,5.14,1,0.133465200663,0,-18,0,0,-0.404107614458,-0.165643432181,0.133465201932,-0.0575561329218,-0.53757281639,-0.10808729926,-2.78934337741,-64.848188049,-18,0.000126461248162,0.0237611903724,0.133286912634,-0.120270732921,1.50835447554e-06,-0.00037708861888,0.133413373883,-0.404436503351,-0.163313180855,-0.0965095425489,-0.427522148415,-0.166619037763,-0.560935522298,-0.0701094952141,-22.6503999537,-18,-67.6628101518,-0.404107614458,-0.165643432181,-0.53757281639,-0.10808729926,-0.53757281639,-0.10808729926,0.0252787253504,4,0
2570,5.14,2,0.539425373077,0,5.66653299332,0,0,0.630134518453,0.207054287184,0.539425392779,-0.122157754721,0.0907091256743,0.329212041904,0.650330059744,12.787107139,5.66653291956,0.000155828022822,0.0289238194608,0.539202790841,-0.20066936993,-1.88544309954e-06,0.000471360774894,0.539358618864,0.630545629564,0.204141473018,-0.171745550469,0.635288373322,0.207269031137,0.0959297544584,0.379014581606,22.0183857061,5.66653291956,13.406643443,0.630134518453,0.207054287184,0.0907091256743,0.329212041904,0.0907091256743,0.329212041904,0.0307937557346,4,0
2580,5.16,1,0.129686415195,0,-18,0,0,-0.407280829306,-0.151165409133,0.129686420103,-0.301753961567,-0.536967249409,0.150588552434,-2.55390145181,-63.51848196,-18,0.000103628007242,0.0194735531894,0.129540339912,-0.353137703716,2.04387862685e-06,-0.00051096965671,0.129643967919,-0.40758022206,-0.148163468024,-0.333664150526,-0.428698799839,-0.152057824572,-0.558342767757,0.181606325954,-22.3574120308,-18,-66.0931005011,-0.407280829306,-0.151165409133,-0.536967249409,0.150588552434,-0.536967249409,0.150588552434,0.0207170892763,4,0
2580,5.16,2,0.545651674271,0,7.66653299332,0,0,0.634101036952,0.188956758326,0.545651703528,0.687364630789,0.0884493334237,-0.498407872463,0.566308949572,8.42025851182,7.66653291956,0.000182450601468,0.0339205401231,0.54539152842,0.595633906163,-2.55484828993e-06,0.000638712072492,0.545573979022,0.634475277888,0.18520433193,0.629554446286,0.638511704562,0.189140536143,0.0929377255397,-0.440413910143,26.695363172,7.66653291956,8.95045751405,0.634101036952,0.188956758326,0.0884493334237,-0.498407872463,0.0884493334237,-0.498407872463,0.0361099473407,4,0
2590,5.18,1,0.121041402221,0,-18,0,0,-0.409934103082,-0.112046151798,0.12104140574,-0.521647587023,-0.530975508822,0.409601435225,-2.13019289983,-61.436535341,-18,0.00013870919395,0.0255392408338,0.120841619435,-0.592224685488,2.64721655951e-06,-0.000661804139884,0.120980328629,-0.410154166117,-0.10804610536,-0.566685444654,-0.427881250265,-0.112793949597,-0.548861578894,0.453891495057,-21.9942278887,-18,-63.5939319919,-0.409934103082,-0.112046151798,-0.530975508822,0.409601435225,-0.530975508822,0.409601435225,0.0272037511612,4,0
2590,5.18,2,0.568335533142,0,6.06653308868,0,0,0.637417629109,0.140057686551,0.568335540463,1.44792803037,0.0690820886463,-1.30787034382,0.40011949713,1.9665038151,6.06653291956,0.000139689274544,0.026512990903,0.568140701879,1.37953764355,-3.30902070522e-06,0.000827255176313,0.568280391154,0.637692707897,0.135057628494,1.40605063445,0.640511676124,0.140186605176,0.0722312849701,-1.26586402928,16.7754763941,6.06653291956,2.33843405003,0.637417629109,0.140057686551,0.0690820886463,-1.30787034382,0.0690820886463,-1.30787034382,0.0281892621975,4,0
2600,5.2,1,0.109258525074,0,-18,0,0,-0.411860076081,-0.0873704602916,0.109258524878,-0.62871588748,-0.521118600959,0.541345427188,-3.66908119346,-59.5083432679,-18,0.000193139320484,0.0357656998696,0.108981948542,-0.726311441233,3.25723455319e-07,-8.14308638279e-05,0.109175087863,-0.412034569895,-0.0870026145233,-0.690545741363,-0.44269957333,-0.0886554393437,-0.551874661193,0.60189030202,-21.6914655875,-18,-63.215507833,-0.411860076081,-0.0873704602916,-0.521118600959,0.541345427188,-0.521118600959,0.541345427188,0.0380833717154,4,0
2600,5.2,2,0.602422475815,0,4.06653308868,0,0,0.639825095293,0.109213072121,0.602422468845,1.86586170381,0.0374026264486,-1.75664863169,0.857415377442,-4.17942790996,4.06653291956,7.62592467771e-05,0.0145756455886,0.602316954406,1.8288881679,-4.07154319815e-07,0.000101788579941,0.602393213653,0.640043212555,0.10875326491,1.84346381348,0.646828974289,0.109504900412,0.0444357606358,-1.73395891307,6.40317844021,4.06653291956,-3.33750328906,0.639825095293,0.109213072121,0.0374026264486,-1.75664863169,0.0374026264486,-1.75664863169,0.0154907565499,4,0
2610,5.22,1,0.096408188343,0,-18,0,0,-0.413409857479,-0.0604101430741,0.0964081893827,-0.64098228563,-0.509818046861,0.580572142556,-1.9752304466,-57.8845962838,-18,0.000238158811681,0.0442246159899,0.096068144187,-0.760903353758,2.93337562945e-06,-0.000733343907364,0.0963063029987,-0.413526308802,-0.0560256300193,-0.716678737768,-0.430233258255,-0.0611111181064,-0.526539561254,0.655567619662,-21.4690534994,-18,-59.9069092521,-0.413409857479,-0.0604101430741,-0.509818046861,0.580572142556,-0.509818046861,0.580572142556,0.04708252173,4,0
2610,5.22,2,0.641517281532,0,2.06653285027,0,0,0.641762321975,0.0755126755583,0.641517285668,1.98642682381,0.000245036306922,-1.91091414825,0.306515703842,-9.48750481617,2.06653291956,2.69727653263e-05,0.00529382900301,0.641481083988,1.97382217512,-3.66671954011e-06,0.000916679885035,0.641508056753,0.641907886123,0.0700320342348,1.97911600412,0.644265461261,0.0756169730285,0.00275740450793,-1.90349903109,-2.85133858717,2.06653291956,-9.18660661451,0.641762321975,0.0755126755583,0.000245036306922,-1.91091414825,0.000245036306922,-1.91091414825,0.00561750218693,4,0
2620,5.24,1,0.0841872990131,0,-18,0,0,-0.41419174128,-0.0204500625789,0.0841872980191,-0.576215871141,-0.498379039299,0.555765808562,-2.7194260559,-56.577480819,-18,0.000274967638176,0.0511423568073,0.0837953705185,-0.714386162068,1.63177434825e-06,-0.000407943587062,0.0840703381567,-0.414230043335,-0.0179271966572,-0.663243805261,-0.437267246509,-0.0214115419635,-0.521337584666,0.641832263297,-21.3348084416,-18,-59.3513488434,-0.41419174128,-0.0204500625789,-0.498379039299,0.555765808562,-0.498379039299,0.555765808562,0.0544419684654,4,0
2620,5.24,2,0.680181920528,0,0.0665329173207,0,0,0.642739676661,0.0255625749078,0.680181909942,1.85501023824,-0.0374422332806,-1.82944766333,0.501213301826,-13.6614787548,0.0665329195647,-1.03273797567e-05,-0.00173445812356,0.680198138634,1.86083755376,-2.03971793566e-06,0.000509929483911,0.680187811254,0.642787554223,0.022408992505,1.85910309564,0.64692467511,0.0257369498432,-0.0332631361444,-1.8333661458,-11.0710155935,0.0665329195647,-13.1584070663,0.642739676661,0.0255625749078,-0.0374422332806,-1.82944766333,-0.0374422332806,-1.82944766333,-0.00185838668064,4,0
2630,5.26,1,0.0739640891552,0,-18,0,0,-0.414450039841,-0.00481340290867,0.0739640928652,-0.449675524858,-0.488414132707,0.444862121949,-2.42567567166,-55.8883707883,-18,0.00030506323943,0.0567971364921,0.0735297323836,-0.602772432882,2.19435504595e-06,-0.000548588761483,0.073834795623,-0.414456508391,-0.00158850835299,-0.54597529639,-0.435131913536,-0.00567514764594,-0.508966709159,0.540300148744,-21.2942419928,-18,-58.3745043553,-0.414450039841,-0.00481340290867,-0.488414132707,0.444862121949,-0.488414132707,0.444862121949,0.0604578953652,4,0
2630,5.26,2,0.713813960552,0,-1.93346703053,0,0,0.643062549796,0.0060167503167,0.713813975542,1.51027529614,-0.070751425746,-1.50425854583,0.395374649491,-16.0773432666,-1.93346708044,-3.86070969947e-05,-0.0070594103522,0.713869991093,1.53009279319,-2.74294380764e-06,0.000685735951908,0.713831383996,0.643070635476,0.00198563212179,1.52303338283,0.646414208819,0.00615640277597,-0.0674171751775,-1.51687698006,-18.3305778711,-1.93346708044,-15.6744459216,0.643062549796,0.0060167503167,-0.070751425746,-1.50425854583,-0.070751425746,-1.50425854583,-0.00752269551614,4,0
2640,5.28,1,0.0668335482478,0,-18,0,0,-0.414153410273,0.0364573949282,0.0668335493701,-0.273668475047,-0.480986959643,0.310125869975,-1.99088777408,-55.6308360793,-18,0.00033013060411,0.0615027525896,0.066363807214,-0.439214495996,2.73375742654e-06,-0.000683439356642,0.0666939378181,-0.414076328831,0.0405910390958,-0.377711743406,-0.431259978819,0.0357446212388,-0.497953916637,0.413456364645,-21.3517093818,-18,-57.6871881732,-0.414153410273,0.0364573949282,-0.480986959643,0.310125869975,-0.480986959643,0.310125869975,0.065464319839,4,0
2640,5.28,2,0.738502562046,0,-3.93346714973,0,0,0.642691762769,-0.0455717469676,0.738502549495,0.983388202201,-0.0958107867261,-1.02895994917,0.22109829075,-16.7440637074,-3.93346708044,-6.12539495133e-05,-0.0113119644342,0.738590528483,1.0144526766,-3.41719678121e-06,0.000854299195288,0.738529274534,0.64259541096,-0.050738802174,1.00314071216,0.644631273085,-0.0454909340377,-0.0938980014483,-1.0486316462,-24.6904635071,-3.93346708044,-16.5109184048,0.642691762769,-0.0455717469676,-0.0958107867261,-1.02895994917,-0.0958107867261,-1.02895994917,-0.0120470118284,4,0
2650,5.3,1,0.0636791884899,0,-18,0,0,-0.413101759653,0.0616272540662,0.0636791911884,-0.0573347274945,-0.476780950841,0.118961981561,-3.53625094186,-56.0470270257,-18,0.000351924402889,0.0655867670258,0.0631786280776,-0.233729599026,3.32609190579e-07,-8.31522976401e-05,0.0635305524805,-0.412978252604,0.0620029814966,-0.168142832001,-0.443100185733,0.0603773196462,-0.506630738214,0.228520151647,-21.5114500627,-18,-59.6530878274,-0.413101759653,0.0616272540662,-0.476780950841,0.118961981561,-0.476780950841,0.118961981561,0.0698098598604,4,0
2650,5.3,2,0.750876665115,0,-5.93346691132,0,0,0.641377199429,-0.0770340708643,0.750876649679,0.297978224915,-0.109499450251,-0.375012295779,0.677300508162,-15.1500724548,-5.93346708044,-8.17566433872e-05,-0.0151436543152,0.75099371851,0.339289775891,-4.15761487904e-07,0.000103940371978,0.750911961867,0.641222815611,-0.077503730152,0.324146121576,0.647145728307,-0.0767937154944,-0.10376623356,-0.40093983707,-30.1923190472,-5.93346708044,-14.4566472126,0.641377199429,-0.0770340708643,-0.109499450251,-0.375012295779,-0.109499450251,-0.375012295779,-0.0161247340358,4,0
2660,5.32,1,0.0652363821864,0,-18,0,0,-0.411670159677,0.0886267617151,0.0652363826728,0.193307690024,-0.476906542349,-0.104680928309,-1.82423120412,-57.1477390252,-18,0.000372135436321,0.0693656375619,0.0647071662905,0.0068218555171,2.89117124103e-06,-0.000722792810261,0.0650793017269,-0.411488594586,0.0929509236937,0.076187493079,-0.427459934098,0.0879688544475,-0.492539235825,0.0117813613685,-21.7784250013,-18,-59.0458014921,-0.411670159677,0.0886267617151,-0.476906542349,-0.104680928309,-0.476906542349,-0.104680928309,0.0738312627978,4,0
2660,5.32,2,0.7479596138,0,-7.93346691132,0,0,0.639587699393,-0.110783455387,0.747959606464,-0.529326676468,-0.108371907071,0.418543221081,0.118064370555,-11.0824961429,-7.93346708044,-0.000103464671656,-0.0191812167003,0.74810763419,-0.477098293124,-3.61396404625e-06,0.000903491011561,0.748004169518,0.639360743023,-0.116188657852,-0.496279509824,0.640739758983,-0.110735452904,-0.107264410535,0.38554405692,-34.8559980056,-7.93346708044,-10.9440089795,0.639587699393,-0.110783455387,-0.108371907071,0.418543221081,-0.108371907071,0.418543221081,-0.0204227927602,4,0
2670,5.34,1,0.0720309913158,0,-18,0,0,-0.409481586093,0.127392745499,0.0720309946454,0.45052973096,-0.481512580739,-0.323136985461,-2.55490609381,-58.8207391628,-18,0.000361504287969,0.0678329307452,0.0715206709979,0.27097737421,1.54378725215e-06,-0.000385946813043,0.0718821752859,-0.409224339029,0.129781372344,0.338810304955,-0.43133595345,0.126482146859,-0.503218128736,-0.212328158096,-22.1445069207,-18,-61.4478162388,-0.409481586093,0.127392745499,-0.481512580739,-0.323136985461,-0.481512580739,-0.323136985461,0.0721709822008,4,0
2670,5.34,2,0.72743499279,0,-7.42252159119,0,0,0.636851982349,-0.159240935033,0.727434965792,-1.40742677225,-0.0905829834425,1.24818583721,0.307038977044,-4.77324959865,-7.42252173772,-9.43687335201e-05,-0.0179695066851,0.727565980135,-1.36149260587,-1.9297340611e-06,0.000482433515263,0.727471611402,0.636530423513,-0.162226718583,-1.37946211255,0.639565112958,-0.159127887924,-0.087906498444,1.22033422463,-28.9156783424,-7.42252173772,-4.44710869012,0.636851982349,-0.159240935033,-0.0905829834425,1.24818583721,-0.0905829834425,1.24818583721,-0.0191019314874,4,0
2680,5.36,1,0.0829778239131,0,-18,0,0,-0.406791504111,0.142162210937,0.0829778218583,0.61128118426,-0.489769325969,-0.469118973323,-2.24094389498,-60.6249106316,-18,0.00030913113026,0.0580098544318,0.0825414034305,0.457725554705,2.06053851165e-06,-0.000515134627917,0.0828505345608,-0.406504210413,0.145192252896,0.515735409136,-0.425947108877,0.141364060738,-0.508797643438,-0.374371348398,-22.4891056414,-18,-62.9275739545,-0.406791504111,0.142162210937,-0.489769325969,-0.469118973323,-0.489769325969,-0.469118973323,0.061719427995,4,0
2680,5.36,2,0.692342877388,0,-5.42252159119,0,0,0.633489379808,-0.177702766789,0.69234287145,-1.99096659708,-0.0588534916416,1.81326383029,0.193107808294,1.94479666895,-5.42252173772,-4.07868044683e-05,-0.00790812226026,0.692398366385,-1.97159077286,-2.57567313355e-06,0.000643918283398,0.692357579581,0.63313026268,-0.181490319229,-1.97949889512,0.635165680998,-0.177632920906,-0.0571918985825,1.80186597421,-17.8893096586,-5.42252173772,2.14630204116,0.633489379808,-0.177702766789,-0.0588534916416,1.81326383029,-0.0588534916416,1.81326383029,-0.00839756391388,4,0
2690,5.38,1,0.0960718616843,0,-18,0,0,-0.403583401486,0.18023764927,0.0960718589315,0.676889015118,-0.499655260417,-0.496651365848,-1.8513544759,-62.0218764056,-18,0.000263498601175,0.0494556780957,0.0956999388702,0.546033117323,2.46612225729e-06,-0.000616530564326,0.0959634374713,-0.403219161968,0.183969350708,0.595488795419,-0.419422337809,0.17957769359,-0.515385775281,-0.415911101829,-22.7693391548,-18,-63.9258485428,-0.403583401486,0.18023764927,-0.499655260417,-0.496651365848,-0.499655260417,-0.496651365848,0.0526176613098,4,0
2690,5.38,2,0.648942291737,0,-3.42252182961,0,0,0.629479251466,-0.225297064578,0.64894230012,-2.27389017408,-0.0194630486536,2.0485931095,0.0333061722087,7.92178905438,-3.42252173772,5.14998185852e-06,0.000703177849063,0.648932861087,-2.27736828375,-3.08265281201e-06,0.000770663202993,0.648938011069,0.629023952063,-0.229961691361,-2.27666510591,0.629749958111,-0.225285785134,-0.0191880529575,2.05137932077,-7.91717746256,-3.42252173772,7.95433024895,0.629479251466,-0.225297064578,-0.0194630486536,2.0485931095,-0.0194630486536,2.0485931095,0.000764977631365,4,0
2700,5.4,1,0.109542012215,0,-18,0,0,-0.399690375418,0.202640757255,0.109542011755,0.659010653565,-0.509232387172,-0.45636989631,-3.2028294878,-63.0346369383,-18,0.000222944758859,0.0418557340883,0.109227427187,0.548334474087,2.9640324406e-07,-7.41008110145e-05,0.109450371946,-0.399284868646,0.202975688418,0.590190208175,-0.426704813343,0.201515155675,-0.53615518529,-0.3886750525,-22.9699151224,-18,-66.2819974973,-0.399690375418,0.202640757255,-0.509232387172,-0.45636989631,-0.509232387172,-0.45636989631,0.0445310711946,4,0
2700,5.4,2,0.602898538113,0,-1.4225217104,0,0,0.624612968822,-0.253300949463,0.60289850911,-2.28697485991,0.021714459712,2.03367391044,0.429261244226,12.8548467626,-1.42252173772,4.651909316e-05,0.00845040911524,0.602830534348,-2.31105874197,-3.70504053882e-07,9.26260134671e-05,0.602877053442,0.624106085352,-0.253719613415,-2.30260833285,0.628109004366,-0.253155281316,0.0252319509246,2.04945305154,1.02554100834,-1.42252173772,13.2750993686,0.624612968822,-0.253300949463,0.021714459712,2.03367391044,0.021714459712,2.03367391044,0.00900863823316,4,0
2710,5.42,1,0.121833436191,0,-18,0,0,-0.395462867145,0.226181493698,0.121833437125,0.567998766816,-0.51729630427,-0.341817273118,-1.6942160806,-63.4872461976,-18,0.000186875610478,0.0350950759937,0.121569836205,0.475265762172,2.47439683398e-06,-0.000618599208494,0.121756711815,-0.395006808578,0.229885081322,0.510360838166,-0.409867473015,0.225581301787,-0.53162418483,-0.284779536379,-23.0776092041,-18,-65.2187998615,-0.395462867145,0.226181493698,-0.51729630427,-0.341817273118,-0.51729630427,-0.341817273118,0.0373375833195,4,0
2710,5.42,2,0.559303224087,0,0.577478289604,0,0,0.619328583425,-0.282726869904,0.559303233355,-2.05768871741,0.0600253500698,1.77496184751,-0.0659328599974,16.2192806093,0.577478262279,8.43519641947e-05,0.0155346778315,0.559181724547,-2.10061750367,-3.09299602941e-06,0.000773249007347,0.559266076511,0.61875851021,-0.287356354414,-2.08508282584,0.618642443295,-0.282755459076,0.0593763667839,1.80232736676,8.95498573395,0.577478262279,16.1368008479,0.619328583425,-0.282726869904,0.0600253500698,1.77496184751,0.0600253500698,1.77496184751,0.0165469014018,4,0
2720,5.44,1,0.131594464183,0,-18,0,0,-0.390587380104,0.258730995701,0.131594471135,0.413939665728,-0.52218185124,-0.155208670027,-2.31639180453,-63.1912059424,-18,0.000155122767147,0.0291409228381,0.131375731649,0.336993632857,1.25579248728e-06,-0.000313948121822,0.131530854417,-0.39006791195,0.260675921344,0.366134555695,-0.410115096157,0.257917340866,-0.541645950574,-0.108217214829,-23.0822282311,-18,-65.538600143,-0.390587380104,0.258730995701,-0.52218185124,-0.155208670027,-0.52218185124,-0.155208670027,0.0310023960439,4,0
2720,5.44,2,0.522711396217,0,2.57747817039,0,0,0.61323422457,-0.32341374722,0.522711374567,-1.61257662497,0.0905228500032,1.28916287775,0.0927344457474,17.5050446861,2.57747826228,0.000118717459515,0.0219723571271,0.522541261512,-1.67261314722,-1.56974060084e-06,0.000392435150219,0.522659978972,0.612584889372,-0.32584490426,-1.65064079009,0.613811035488,-0.323389713431,0.0911510565158,1.32725107666,15.8907176543,2.57747826228,17.5743821652,0.61323422457,-0.32341374722,0.0905228500032,1.28916287775,0.0905228500032,1.28916287775,0.0233969666413,4,0
2730,5.46,1,0.13767491281,0,-18,0,0,-0.385297435177,0.270719786699,0.137674915558,0.206889071589,-0.522972350735,0.0638307151099,-2.02251272699,-62.2348261026,-18,0.000127576760369,0.0239731056785,0.137495073626,0.143629848033,1.65976582561e-06,-0.000414941456399,0.137622650386,-0.384753599997,0.273162414439,0.167602953712,-0.402334662938,0.270009902209,-0.539957313324,0.102406948497,-22.9767835867,-18,-64.2828428564,-0.385297435177,0.270719786699,-0.522972350735,0.0638307151099,-0.522972350735,0.0638307151099,0.0255040268029,4,0
2730,5.46,2,0.497149258852,0,4.57747840881,0,0,0.606621793359,-0.338399735886,0.497149255125,-0.977991523994,0.109472538234,0.639591788107,-0.0146497992724,16.5802686033,4.57747826228,0.00014942264787,0.0277276806782,0.496935742012,-1.05330204843,-2.07470727043e-06,0.000518676817611,0.49708516466,0.605941999379,-0.341453020545,-1.02557436775,0.606254343362,-0.338415046303,0.109169178702,0.687159321447,21.8611834768,4.57747826228,16.5360980515,0.606621793359,-0.338399735886,0.109472538234,0.639591788107,0.109472538234,0.639591788107,0.0295207524526,4,0
2740,5.48,1,0.139123886824,0,-18,0,0,-0.379593490035,0.30066694511,0.139123881535,-0.0432963664526,-0.51871737157,0.343963311562,-1.72815880739,-60.3610733389,-18,0.000104040323453,0.0195553205766,0.138977257345,-0.0948686125521,1.8789849266e-06,-0.000469746231654,0.139081297668,-0.378989282037,0.303513237651,-0.0753132919754,-0.394142919041,0.300060718901,-0.533224216709,0.375374010877,-22.7571181816,-18,-62.1100359507,-0.379593490035,0.30066694511,-0.51871737157,0.343963311562,-0.51871737157,0.343963311562,0.0208038044581,4,0
2740,5.48,2,0.486119627953,0,6.57747840881,0,0,0.599491861884,-0.375833683672,0.48611961564,-0.179913821064,0.113372246243,-0.195919862608,-0.139409808563,12.9136746788,6.57747826228,0.000176349721731,0.0327779813986,0.485868068554,-0.268607954239,-2.34873114224e-06,0.000587182785566,0.486044418276,0.598736601882,-0.379391549325,-0.23582997284,0.59804184605,-0.375894100998,0.111997427774,-0.140064128158,26.9040859557,6.57747826228,12.7393706921,0.599491861884,-0.375833683672,0.113372246243,-0.195919862608,0.113372246243,-0.195919862608,0.0348941780593,4,0
2750,5.5,1,0.135190531611,0,-18,0,0,-0.373363455339,0.317400833745,0.13519053135,-0.324327112443,-0.508553986688,0.641727946188,-2.71017120011,-57.6710844778,-18,8.6688647887e-05,0.0161456454041,0.135064996905,-0.368891297486,2.21796331579e-07,-5.54490828933e-05,0.135151685553,-0.372728484881,0.317651576131,-0.352745652081,-0.396052041343,0.316455475994,-0.531203726896,0.669201128076,-22.4217388131,-18,-60.3984415871,-0.373363455339,0.317400833745,-0.508553986688,0.641727946188,-0.508553986688,0.641727946188,0.0171859091787,4,0
2750,5.5,2,0.49259096384,0,7.63136339188,0,0,0.59170431847,-0.396751044313,0.492590963817,0.747363423189,0.0991133546531,-1.1441144675,0.144852556672,6.48228126351,7.63136352014,0.000196435812786,0.0367354686477,0.492315262512,0.650680117809,-2.77245412406e-07,6.93113531138e-05,0.492511698325,0.590910605393,-0.397064472294,0.687415586456,0.592584123183,-0.396714385783,0.100072424858,-1.08412997224,27.3063917228,7.63136352014,6.58804112178,0.59170431847,-0.396751044313,0.0991133546531,-1.1441144675,0.0991133546531,-1.1441144675,0.0390926984011,4,0
2760,5.52,1,0.12625105679,0,-18,0,0,-0.366887739934,0.334432943627,0.126251050693,-0.528934210898,-0.493138790627,0.863367154525,-1.59990683515,-54.6122391408,-18,0.000148089701475,0.0273015062274,0.126037980329,-0.604192173598,1.7370482403e-06,-0.000434262060077,0.126186070031,-0.36621627324,0.337036133055,-0.57689066737,-0.380439091763,0.333868303967,-0.506625161794,0.910758971338,-22.0630364574,-18,-56.2412245586,-0.366887739934,0.334432943627,-0.493138790627,0.863367154525,-0.493138790627,0.863367154525,0.0290785826451,4,0
2760,5.52,2,0.515973329544,0,5.63136339188,0,0,0.583609674173,-0.418041181493,0.515973322142,1.45877119364,0.0676363520307,-1.87681237513,-0.222294545676,-1.08208786011,5.63136352014,0.00012088148198,0.0229929302958,0.515805182174,1.39979011264,-2.17131028124e-06,0.000542827570301,0.515926063656,0.582770340802,-0.42129516825,1.42278304293,0.581557087244,-0.418126705949,0.0656310235879,-1.84090974888,15.9373621106,5.63136352014,-1.32882591386,0.583609674173,-0.418041181493,0.0676363520307,-1.87681237513,0.0676363520307,-1.87681237513,0.0244435080796,4,0
2770,5.54,1,0.11448867619,0,-18,0,0,-0.359956990458,0.356548964384,0.114488677503,-0.621197806883,-0.474445667961,0.977746771267,-2.03245679818,-51.71205016,-18,0.000201586297322,0.0373482305412,0.114200153811,-0.72299876777,8.05101646573e-07,-0.000201275411647,0.114401740108,-0.359242601689,0.357798211069,-0.685650537229,-0.377195596193,0.355830689145,-0.491597336301,1.04148122637,-21.7758988806,-18,-53.7842742243,-0.359956990458,0.356548964384,-0.474445667961,0.977746771267,-0.474445667961,0.977746771267,0.039767266109,4,0
2770,5.54,2,0.549723803997,0,3.63136363029,0,0,0.574946237292,-0.445686207171,0.549723796365,1.82711405468,0.0252224409269,-2.27280026185,-0.114639103558,-8.25158320005,3.63136352014,5.78177450164e-05,0.0111303557058,0.549644444928,1.79935546799,-1.0063770467e-06,0.00025159426168,0.549702262673,0.574053251326,-0.44724776551,1.8104858237,0.573894203138,-0.445730041927,0.0241919404656,-2.25621586562,5.76699902637,3.63136352014,-8.37804647225,0.574946237292,-0.445686207171,0.0252224409269,-2.27280026185,0.0252224409269,-2.27280026185,0.011824168646,4,0
2780,5.56,1,0.101933524013,0,-18,0,0,-0.352752529321,0.364203855174,0.101933526265,-0.620555805746,-0.454686055587,0.98475966092,-1.79621861398,-49.2354996375,-18,0.00024583453851,0.0456617290924,0.101582617061,-0.744301488517,1.0439596928e-06,-0.000260989923206,0.1018284516,-0.35202261004,0.365742610402,-0.698639759425,-0.368099471637,0.363564399244,-0.469927923237,1.06220415867,-21.5713722173,-18,-51.0803299951,-0.352752529321,0.364203855174,-0.454686055587,0.98475966092,-0.454686055587,0.98475966092,0.0486117435545,4,0
2780,5.56,2,0.587540268898,0,1.63136351109,0,0,0.565940660838,-0.455254820549,0.587540281318,1.90253151961,-0.0215996204801,-2.35778634016,-0.201704401689,-14.3728470049,1.63136352014,8.6589330557e-06,0.00187465701139,0.587530080353,1.89908604066,-1.30494960071e-06,0.000326237400182,0.587538739286,0.565028261733,-0.457178264561,1.90096069767,0.564246244484,-0.455325421231,-0.0232924948026,-2.3562861189,-3.28823358466,1.63136352014,-14.5765299708,0.565940660838,-0.455254820549,-0.0215996204801,-2.35778634016,-0.0215996204801,-2.35778634016,0.00197856420806,4,0
2790,5.58,1,0.0902488231659,0,-18,0,0,-0.345291724814,0.382142884717,0.0902488206724,-0.544373477789,-0.435540545487,0.926516362507,-1.63473745252,-47.1715802409,-18,0.00028212977397,0.0524819459138,0.0898467445473,-0.686117392275,1.04841289056e-06,-0.000262103222642,0.0901288743212,-0.344525827408,0.383735012671,-0.633635446361,-0.359355682852,0.381556886466,-0.449484557173,1.01519233283,-21.4571395201,-18,-48.8621851966,-0.345291724814,0.382142884717,-0.435540545487,0.926516362507,-0.435540545487,0.926516362507,0.0558675032015,4,0
2790,5.58,2,0.624065279961,0,-0.368636488914,0,0,0.556614655175,-0.47767860718,0.624065300565,1.72962254514,-0.0674506453894,-2.20730115232,-0.275386444365,-19.1819591891,-0.368636479858,-2.89578368756e-05,-0.00520985848243,0.624108003753,1.74477771134,-1.31051609298e-06,0.000327629023242,0.624079045916,0.555657283415,-0.479668767092,1.73956785286,0.554369976422,-0.477772135462,-0.0697090694944,-2.21733998832,-11.3096788285,-0.368636479858,-19.4517882809,0.556614655175,-0.47767860718,-0.0674506453894,-2.20730115232,-0.0674506453894,-2.20730115232,-0.00555735252494,4,0
2800,5.6,1,0.0807781070471,0,-18,0,0,-0.337531822964,0.391039570006,0.0807781048685,-0.407437093436,-0.418309927832,0.798476663442,-2.11960230516,-45.6966018861,-18,0.000311992575938,0.0580915877092,0.0803339123583,-0.563997110027,1.18454263454e-07,-2.9613565864e-05,0.0806459049343,-0.336749653368,0.391173638312,-0.505905522318,-0.355678965872,0.390283439052,-0.436324870806,0.89618896137,-21.4387902693,-18,-47.8780396899,-0.337531822964,0.391039570006,-0.418309927832,0.798476663442,-0.418309927832,0.798476663442,0.0618354986204,4,0
2800,5.6,2,0.654759526253,0,-2.36863636971,0,0,0.546914777838,-0.488799463601,0.654759538537,1.34613114366,-0.107844760699,-1.83493060726,-0.139751352295,-22.213519424,-2.36863647986,-5.80654549884e-05,-0.01068628988,0.654843229627,1.37570143908,-1.48067826777e-07,3.70169566953e-05,0.654785164172,0.545937065842,-0.48896704898,1.3650151492,0.545846896158,-0.488843958671,-0.108938268013,-1.85385910787,-18.3688567265,-2.36863647986,-22.3418877009,0.546914777838,-0.488799463601,-0.107844760699,-1.83493060726,-0.107844760699,-1.83493060726,-0.0113830753398,4,0
2810,5.62,1,0.074601188302,0,-18,0,0,-0.329646871431,0.399356432831,0.0746011886351,-0.221582744185,-0.404248060066,0.620939177016,-1.5511074517,-44.8568100404,-18,0.000337099444666,0.0628030360415,0.0741215457133,-0.390616993282,7.74653761138e-07,-0.000193663440288,0.074458645158,-0.328846989484,0.400521963961,-0.32781395724,-0.343106468085,0.398795616304,-0.417565113243,0.726609573545,-21.5208952429,-18,-46.4747657214,-0.329646871431,0.399356432831,-0.404248060066,0.620939177016,-0.404248060066,0.620939177016,0.0668482293775,4,0
2810,5.62,2,0.675756812096,0,-4.36863660812,0,0,0.537058588403,-0.499195541923,0.675756804481,0.782327542579,-0.138698216078,-1.2815230845,-0.331372174118,-23.1872438375,-4.36863647986,-8.20636062448e-05,-0.0151880775889,0.675874402614,0.823831288666,-9.6831717844e-07,0.000242079294608,0.675792339008,0.536058735967,-0.500652455801,0.808643211077,0.534436479565,-0.499304796458,-0.141355859443,-1.30794800754,-24.5220739373,-4.36863647986,-23.5024431708,0.537058588403,-0.499195541923,-0.138698216078,-1.2815230845,-0.138698216078,-1.2815230845,-0.0161728408638,4,0
2820,5.64,1,0.0725953057408,0,-18,0,0,-0.321558783146,0.408173698161,0.0725953038225,0.00446186365633,-0.394154086969,0.403711834505,-1.73763649948,-44.6962930307,-18,0.000359166394467,0.066936833338,0.072084442445,-0.175561936689,2.50104656596e-07,-6.25261641427e-05,0.0724436088394,-0.320742027468,0.408565417865,-0.108625103351,-0.336606686061,0.407546702207,-0.409050294901,0.516171805557,-21.7079753852,-18,-46.5051763603,-0.321558783146,0.408173698161,-0.394154086969,0.403711834505,-0.394154086969,0.403711834505,0.0712468300716,4,0
2820,5.64,2,0.683714032173,0,-6.36863660812,0,0,0.526948478032,-0.510217123272,0.68371402751,0.0610549090561,-0.156765549477,-0.571272032328,-0.288734626419,-21.8402361351,-6.36863647986,-0.000104418009553,-0.0193626748636,0.683863367229,0.113741470121,-3.12630807908e-07,7.81577019868e-05,0.68375894922,0.525927533433,-0.510706772882,0.094378795257,0.524718025883,-0.510310058778,-0.159040923336,-0.604688854035,-29.806449373,-6.36863647986,-22.1083550705,0.526948478032,-0.510217123272,-0.156765549477,-0.571272032328,-0.156765549477,-0.571272032328,-0.0206156909782,4,0
2830,5.66,1,0.0754964873195,0,-18,0,0,-0.313373190549,0.410502947907,0.0754964891903,0.264962162616,-0.388869679739,0.145540785291,-1.58935174928,-45.3197440547,-18,0.000379803910607,0.0707947392636,0.0749563648923,0.074632395142,2.92901799148e-07,-7.32254497849e-05,0.0753361688029,-0.312551752952,0.410938474884,0.145427134406,-0.32722168249,0.409925927409,-0.402557851293,0.264498793004,-22.0052369302,-18,-46.9844481902,-0.313373190549,0.410502947907,-0.388869679739,0.145540785291,-0.388869679739,0.145540785291,0.0753523861909,4,0
2830,5.66,2,0.675668656826,0,-8.36863613129,0,0,0.516716487275,-0.51312868533,0.675668663532,-0.801654372412,-0.158952176257,0.288525687082,-0.344233489868,-17.8428870218,-8.36863647986,-0.000128406776415,-0.0238238720403,0.67585221723,-0.736903165226,-3.66127231421e-07,9.15318078667e-05,0.675723810454,0.515689690278,-0.513673094026,-0.760727037266,0.514063853072,-0.513239211755,-0.161659957382,0.247487825511,-34.2375811657,-8.36863647986,-18.1617557583,0.516716487275,-0.51312868533,-0.158952176257,0.288525687082,-0.158952176257,0.288525687082,-0.0253647533573,4,0
2840,5.68,1,0.0839552655816,0,-18,0,0,-0.305122122375,0.414109730752,0.0839552683436,0.556744467821,-0.389077390719,-0.142634737069,-1.58143966846,-46.7522760323,-18,0.000400343237025,0.0746275238078,0.083385966452,0.356135043862,8.20121529022e-08,-2.0503038219e-05,0.083786309689,-0.304293762546,0.414241423596,0.43076256767,-0.318938729469,0.413534038789,-0.402725039158,-0.0172285288804,-22.4189219539,-18,-48.4131473434,-0.305122122375,0.414109730752,-0.389077390719,-0.142634737069,-0.389077390719,-0.142634737069,0.0794316426521,4,0
2840,5.68,2,0.648913621902,0,-10.3686361313,0,0,0.506402652052,-0.517637163556,0.648913598572,-1.79550248707,-0.14251094652,1.27786532351,-0.357296697,-10.9701129801,-10.3686364799,-0.000156893060395,-0.0291094143789,0.649137875165,-1.7163850744,-1.02515169131e-07,2.56287922704e-05,0.648980982104,0.505367202266,-0.517801779578,-1.74549448878,0.503688159996,-0.517750267392,-0.145292822108,1.22774422139,-37.80935949,-10.3686364799,-11.296417546,0.506402652052,-0.517637163556,-0.14251094652,1.27786532351,-0.14251094652,1.27786532351,-0.0309921311037,4,0
2850,5.7,1,0.0981709957123,0,-18,0,0,-0.296837699072,0.414016589312,0.0981709961599,0.819785467413,-0.395008695232,-0.405768878101,-1.50620083163,-48.8464836419,-18,0.00036566150592,0.0686104635783,0.0976546816597,0.638109840413,-2.34324559756e-10,5.85811332221e-08,0.0980203431656,-0.296009665492,0.414016614116,0.706720303991,-0.309974885068,0.413469206562,-0.407995228234,-0.293251097429,-22.9114530217,-18,-50.4256828752,-0.296837699072,0.414016589312,-0.395008695232,-0.405768878101,-0.395008695232,-0.405768878101,0.0729984016494,4,0
2850,5.7,2,0.602231681347,0,-8.63634204865,0,0,0.496047122923,-0.517520736553,0.602231651898,-2.7229495091,-0.106184528974,2.20542877255,-0.387836119757,-1.90978826852,-8.63634179921,-0.000125242482377,-0.0237182010578,0.602406730484,-2.66146964368,2.9290836423e-10,-7.32270861725e-08,0.602281488002,0.495012080949,-0.517520767555,-2.68518784474,0.493030568257,-0.51764642633,-0.109250919745,2.16754141841,-26.272262541,-8.63634179921,-2.27240327743,0.496047122923,-0.517520736553,-0.106184528974,2.20542877255,-0.106184528974,2.20542877255,-0.0252211108463,4,0
2860,5.72,1,0.116416461766,0,-18,0,0,-0.288565058113,0.412540701465,0.116416459717,0.972249253831,-0.404981517831,-0.559708552366,-1.55305058613,-50.8967753787,-18,0.000313254161098,0.0587843497217,0.115974231114,0.816650386157,-2.88102145807e-07,7.20255364556e-05,0.116287485275,-0.287740390816,0.412117572165,0.875434735878,-0.302005008082,0.411980703549,-0.418292493357,-0.463454032329,-23.3577611157,-18,-52.5123693645,-0.288565058113,0.412540701465,-0.404981517831,-0.559708552366,-0.404981517831,-0.559708552366,0.0625433996548,4,0
2860,5.72,2,0.540780007839,0,-6.63634157181,0,0,0.485706321729,-0.515675876524,0.54078000443,-3.30981547343,-0.0550736827017,2.79413959691,-0.379057798043,7.24930987942,-6.63634179921,-7.37953459356e-05,-0.0140671168446,0.540882379838,-3.27392504188,3.60127705878e-07,-9.00319264667e-05,0.540808584492,0.484675487607,-0.515146964864,-3.28799215873,0.482677370849,-0.515802082811,-0.0581312136434,2.77219007592,-14.7331546095,-6.63634179921,6.88520474237,0.485706321729,-0.515675876524,-0.0550736827017,2.79413959691,-0.0550736827017,2.79413959691,-0.0149526609958,4,0
2870,5.74,1,0.136605173349,0,-18,0,0,-0.280367495406,0.406916877356,0.136605174167,1.02587244557,-0.416972669573,-0.618955568216,-1.46940193827,-52.7069520174,-18,0.000266427775415,0.0500110124529,0.136229167024,0.89358210344,-3.37295016639e-07,8.43237541641e-05,0.1364955948,-0.279554188823,0.406400320246,0.943593115893,-0.293033922448,0.406389109563,-0.429529517248,-0.53720400633,-23.7318248017,-18,-54.2295621014,-0.280367495406,0.406916877356,-0.416972669573,-0.618955568216,-0.416972669573,-0.618955568216,0.0532081457579,4,0
2870,5.74,2,0.471051186323,0,-4.63634157181,0,0,0.475459368354,-0.50864609607,0.471051196867,-3.58669945563,0.00440817148681,3.07805335956,-0.406889367281,15.8808555464,-4.63634179921,-2.75808845588e-05,-0.00541355640678,0.471088169835,-3.57383294327,4.21618783608e-07,-0.000105404695901,0.471060588951,0.474442735127,-0.508000399663,-3.57924649968,0.472122288227,-0.508785141076,0.00106169927636,3.0704613586,-4.28091467736,-4.63634179921,15.4797107062,0.475459368354,-0.50864609607,0.00440817148681,3.07805335956,0.00440817148681,3.07805335956,-0.00574452702148,4,0
2880,5.76,1,0.156882077456,0,-18,0,0,-0.272261268052,0.403618716619,0.156882072422,0.991644568001,-0.429143340474,-0.588025851381,-1.42835632896,-54.079896388,-18,0.000224492043147,0.0421519845105,0.156565349965,0.88021936826,-4.96103425784e-07,0.000124025856441,0.156789842008,-0.271454734717,0.402894589997,0.922371352771,-0.284516676451,0.403108074603,-0.441306518459,-0.519263278168,-24.0162585921,-18,-55.553098606,-0.272261268052,0.403618716619,-0.429143340474,-0.588025851381,-0.429143340474,-0.588025851381,0.0448458890283,4,0
2880,5.76,2,0.398920089006,0,-2.63634181023,0,0,0.465326584175,-0.504523395026,0.398920079111,-3.58282658274,0.0664065050646,3.07830318771,-0.423540992703,23.3900542531,-2.63634179921,1.48956769178e-05,0.00253945284306,0.398896942625,-3.59111979753,6.201292993e-07,-0.000155032324823,0.398911838302,0.464318417508,-0.503618236723,-3.58858034468,0.461780580485,-0.50467114518,0.0628687421829,3.0839091995,5.08901183429,-2.63634179921,22.9637950595,0.465326584175,-0.504523395026,0.0664065050646,3.07830318771,0.0664065050646,3.07830318771,0.00271820096607,4,0
2890,5.78,1,0.175611823797,0,-18,0,0,-0.264288915703,0.392425970614,0.175611819358,0.880727227054,-0.439900735061,-0.48830125644,-1.5751741985,-54.9311211727,-18,0.000187574355487,0.0352282914544,0.175347244896,0.787652274801,-8.95013792079e-07,0.000223753448019,0.175534819251,-0.263505412849,0.391080166686,0.822880566255,-0.277704403111,0.391866991972,-0.453239222363,-0.431013574284,-24.1975977516,-18,-56.5437745549,-0.264288915703,0.392425970614,-0.439900735061,-0.48830125644,-0.439900735061,-0.48830125644,0.0374791837202,4,0
2890,5.78,2,0.329686045647,0,-0.636341810226,0,0,0.455361143757,-0.490532462201,0.32968605427,-3.3270183544,0.125675089487,2.8364858922,-0.3741883997,29.3546867302,-0.63634179921,5.33184442677e-05,0.00973984206583,0.329608600189,-3.35442824736,1.118767261e-06,-0.000279691815246,0.329661918634,0.454381765191,-0.48885020726,-3.34468840529,0.452161964029,-0.490665761357,0.122500045396,2.85402264393,13.3867149725,-0.63634179921,28.9701186671,0.455361143757,-0.490532462201,0.125675089487,2.8364858922,0.125675089487,2.8364858922,0.010379663397,4,0
2900,5.8,1,0.191389784217,0,-18,0,0,-0.256553271811,0.383355069524,0.191389778156,0.704936627214,-0.447943049968,-0.32158155769,-0.949780399703,-55.1130995261,-18,0.000155886254665,0.029280551217,0.191169926386,0.627596396673,-1.18892553802e-07,2.97231384452e-05,0.191325812641,-0.255786651377,0.383221047613,0.65687694789,-0.264713534572,0.383015058576,-0.456039347213,-0.273861889314,-24.2670969989,-18,-56.0940311121,-0.256553271811,0.383355069524,-0.447943049968,-0.32158155769,-0.447943049968,-0.32158155769,0.031151186273,4,0
2900,5.8,2,0.268061578274,0,1.36365818977,0,0,0.445691588916,-0.479193835649,0.268061581476,-2.84905665629,0.17763000744,2.36986282064,-0.566830744927,33.3098015938,1.36365820079,8.69353007627e-05,0.0160465450065,0.267936659075,-2.89316883045,1.48615694751e-07,-3.71539236846e-05,0.268023594376,0.444733313376,-0.479026308258,-2.87712228544,0.44083401792,-0.479396234441,0.172810423544,2.397726051,20.6397087018,1.36365820079,32.7258810803,0.445691588916,-0.479193835649,0.17763000744,2.36986282064,0.17763000744,2.36986282064,0.0170897686156,4,0
2910,5.82,1,0.203049853444,0,-18,0,0,-0.248964715812,0.372277641864,0.203049859055,0.476151274983,-0.452014574867,-0.103873633119,-1.60614112863,-54.555552594,-18,0.000129243002112,0.0242773045572,0.202867592709,0.41203361956,-1.31353254793e-06,0.000328383136981,0.202996835711,-0.24822210417,0.370320671285,0.436310924117,-0.262540890641,0.371711967913,-0.465537726352,-0.0645989562041,-24.2201739342,-18,-56.1875219433,-0.248964715812,0.372277641864,-0.452014574867,-0.103873633119,-0.452014574867,-0.103873633119,0.0258282205825,4,0
2910,5.82,2,0.218160107732,0,3.36365818977,0,0,0.436205893943,-0.465347050873,0.218160112042,-2.17878191776,0.218045781901,1.71343486689,-0.358672888963,34.9231569492,3.36365820079,0.000115554201075,0.0214187608399,0.217994800427,-2.23710425798,1.64191570623e-06,-0.000410478926561,0.218110354628,0.435277629394,-0.462900837617,-2.21568549714,0.433032417616,-0.465479279054,0.214922062988,1.75020621809,26.8932545264,3.36365820079,34.541678649,0.436205893943,-0.465347050873,0.218045781901,1.71343486689,0.218045781901,1.71343486689,0.0228054112528,4,0
2920,5.84,1,0.209654733539,0,-18,0,0,-0.241719726192,0.35294133127,0.209654740879,0.205298496694,-0.451374467071,0.147642834576,-1.26343332699,-53.2566789954,-18,0.000106941288791,0.020090052861,0.209503943513,0.152252413624,-8.80995928959e-07,0.000220248982243,0.209610884802,-0.241015237857,0.351583420675,0.172342466485,-0.252407892642,0.352495991001,-0.462018777444,0.180153524516,-24.0549593991,-18,-54.5414856707,-0.241719726192,0.35294133127,-0.451374467071,0.147642834576,-0.451374467071,0.147642834576,0.0213733483265,4,0
2920,5.84,2,0.183515101671,0,5.36365842819,0,0,0.427149656951,-0.441176662349,0.183515104638,-1.34421925219,0.243634552313,0.903042589844,-0.453251158069,33.9806926431,5.36365820079,0.000139893212575,0.0259853657076,0.183315421804,-1.41463635026,1.10124492225e-06,-0.000275311230561,0.183455315016,0.426269046535,-0.439479274088,-1.38865098455,0.423148975559,-0.441343357407,0.239693660542,0.947307627141,32.2023328664,5.36365820079,33.4997774008,0.427149656951,-0.441176662349,0.243634552313,0.903042589844,0.243634552313,0.903042589844,0.0276640842585,4,0
2930,5.86,1,0.210467278957,0,-18,0,0,-0.234743078504,0.344443058202,0.210467276502,-0.0984453553447,-0.445210355005,0.442888413547,-1.33524828852,-51.071085858,-18,8.7946199276e-05,0.0165266586663,0.210343308067,-0.142050415331,-1.22083522847e-06,0.000305208807116,0.210431254266,-0.234055941064,0.342653093289,-0.125523756665,-0.245997126073,0.343974139554,-0.456428380339,0.469497896219,-23.7706653488,-18,-52.4239161596,-0.234743078504,0.344443058202,-0.445210355005,0.442888413547,-0.445210355005,0.442888413547,0.0175820130576,4,0
2930,5.86,2,0.167134553194,0,7.36365842819,0,0,0.418428847376,-0.430553820909,0.167134554163,-0.370055286113,0.251294293213,-0.060498534796,-0.428788429338,30.1164945651,7.36365820079,0.000161315658044,0.0299985674314,0.166904566494,-0.45114013599,1.52604405018e-06,-0.000381511012545,0.167065882152,0.41756992558,-0.428316364745,-0.421141568558,0.414596144835,-0.430713516848,0.247530262682,-0.00957194828996,36.6209286315,7.36365820079,29.6557717804,0.418428847376,-0.430553820909,0.251294293213,-0.060498534796,0.251294293213,-0.060498534796,0.0319343553279,4,0
2940,5.88,1,0.204912289977,0,-18,0,0,-0.228082312023,0.319900876314,0.204912286637,-0.427834162107,-0.43299459866,0.747735038421,-1.61809246848,-48.1076856233,-18,7.12528982762e-05,0.0133982199982,0.204811920731,-0.463131874686,-1.75608488526e-06,0.000439021221311,0.204883173629,-0.227445174029,0.317251933256,-0.449733654688,-0.241661617867,0.319335071904,-0.446544791496,0.769068726592,-23.3664226478,-18,-49.7400313466,-0.228082312023,0.319900876314,-0.43299459866,0.747735038421,-0.43299459866,0.747735038421,0.0142532547775,4,0
2940,5.88,2,0.171573653817,0,9.36365795135,0,0,0.410102889315,-0.399876093282,0.171573655515,0.722682807391,0.2385292338,-1.12255890067,-0.323315455966,23.306383152,9.36365820079,0.000181194996794,0.0337167555724,0.171315499649,0.631679192808,2.19510612348e-06,-0.000548776530876,0.171496694646,0.409306466827,-0.396564914434,0.665395948381,0.407114689233,-0.400000601619,0.235617994587,-1.06539655,40.194060207,9.36365820079,22.9471766005,0.410102889315,-0.399876093282,0.2385292338,-1.12255890067,0.2385292338,-1.12255890067,0.0358910955339,4,0
2950,5.9,1,0.192543163896,0,-18,0,0,-0.22189765047,0.303027409745,0.192543165751,-0.776961095648,-0.414440816221,1.07998850539,-0.523894361662,-44.2438969219,-18,5.63005143224e-05,0.0105962810443,0.19246393916,-0.804818850399,-2.22147480633e-07,5.55368701604e-05,0.192520239675,-0.22129176384,0.302776704529,-0.794222569355,-0.226349640062,0.302841910179,-0.418869879737,1.09706447953,-22.8410321668,-18,-44.7790631707,-0.22189765047,0.303027409745,-0.414440816221,1.07998850539,-0.414440816221,1.07998850539,0.0112718872162,4,0
2950,5.9,2,0.198997750878,0,11.3636579514,0,0,0.402372062418,-0.37878425992,0.198997749871,1.91547817148,0.203374312547,-2.2942624314,-0.653020650407,13.2597895351,11.3636582008,0.000200161441419,0.0372640082936,0.19871272463,1.81501405709,2.7768435279e-07,-6.94210881949e-05,0.198912886071,0.401614704134,-0.378470878397,1.85227806538,0.396609678257,-0.37902435926,0.197696792186,-2.23130242464,42.9562526698,11.3636582008,12.5671029391,0.402372062418,-0.37878425992,0.203374312547,-2.2942624314,0.203374312547,-2.2942624314,0.0396659455906,4,0
2960,5.92,1,0.173466831446,0,-18,0,0,-0.215976326163,0.283783594999,0.173466835585,-1.07739264586,-0.389443161748,1.36117624085,-1.70504787699,-39.7515511657,-18,0.000102808189159,0.0187845465852,0.173317560504,-1.130211395,-2.16878627421e-06,0.00054219656855,0.173420368693,-0.215411980341,0.280546321393,-1.11142684842,-0.230326962879,0.283185651802,-0.403747331572,1.39461250022,-22.2415503963,-18,-41.4766172875,-0.215976326163,0.283783594999,-0.389443161748,1.36117624085,-0.389443161748,1.36117624085,0.0200182448551,4,0
2960,5.92,2,0.249789059162,0,9.62941646576,0,0,0.39497040708,-0.354729491329,0.249789059752,2.98706912903,0.145181347329,-3.34179862036,-0.272386624905,0.927810270359,9.62941664168,0.000140455715535,0.0267473143554,0.24959390896,2.91862615796,2.71098285892e-06,-0.000677745714725,0.249734364675,0.394264974808,-0.350682899299,2.94537347232,0.392467923272,-0.354833761488,0.142733558596,-3.30020723381,30.7388301078,9.62941664168,0.626990862512,0.39497040708,-0.354729491329,0.145181347329,-3.34179862036,0.145181347329,-3.34179862036,0.0284327829419,4,0
2970,5.94,1,0.149888649583,0,-18,0,0,-0.210622545108,0.253239942588,0.149888647899,-1.24325600907,-0.360511193008,1.49649595165,-1.14798892822,-35.5027617837,-18,0.000165796964969,0.0306116892059,0.149650480686,-1.32735113612,-1.31055809471e-06,0.000327639523678,0.149816277651,-0.210118146062,0.251216604649,-1.29673944691,-0.220443745921,0.252830725887,-0.370260023572,1.5495701728,-21.7036169812,-18,-36.6833519647,-0.210622545108,0.253239942588,-0.360511193008,1.49649595165,-0.360511193008,1.49649595165,0.0326012527856,4,0
2970,5.94,2,0.317474544048,0,7.62941646576,0,0,0.388278180813,-0.316549925607,0.317474541007,3.65222787184,0.0708036398061,-3.96877779745,-0.421416020228,-11.2557942853,7.62941664168,6.26421825721e-05,0.0121116317113,0.317388996432,3.62233431252,1.63819762616e-06,-0.000409549406542,0.317451638614,0.38764768201,-0.314020753171,3.63444594423,0.384665458249,-0.316700455714,0.0672138196352,-3.95114639994,18.7542996442,7.62941664168,-11.6900736435,0.388278180813,-0.316549925607,0.0708036398061,-3.96877779745,0.0708036398061,-3.96877779745,0.0128633379021,4,0
2980,5.96,1,0.124285839498,0,-18,0,0,-0.205679347122,0.240642563681,0.124285838504,-1.29467844714,-0.329965185626,1.53532101082,-1.32364782083,-31.5591943386,-18,0.000218559900954,0.0405221670343,0.123973262075,-1.40494879399,-1.78739989534e-06,0.000446849973838,0.124191821976,-0.205200628698,0.23801866206,-1.36442662696,-0.217049546415,0.240168805377,-0.341241368391,1.60459543233,-21.2492508129,-18,-32.9259870453,-0.205679347122,0.240642563681,-0.329965185626,1.53532101082,-0.329965185626,1.53532101082,0.0431448858458,4,0
2980,5.96,2,0.394500106573,0,5.62941646576,0,0,0.382099183383,-0.300803201899,0.394500112023,3.96555562436,-0.0124009286398,-4.26635882626,-0.358987296184,-22.8243209139,5.62941664168,1.78058139809e-06,0.000649145754556,0.394500141657,3.96574610261,2.23424987938e-06,-0.000558562469844,0.394501922238,0.381500785358,-0.297523324858,3.96639524837,0.37910722934,-0.300927866651,-0.0153946928981,-4.26732311502,8.01205350249,5.62941664168,-23.1839787229,0.382099183383,-0.300803201899,-0.0124009286398,-4.26635882626,-0.0124009286398,-4.26635882626,0.000670512731333,4,0
2990,5.98,1,0.0987253412604,0,-18,0,0,-0.201193112085,0.205930545028,0.0987253405656,-1.25170236202,-0.29991845265,1.45763290704,-1.70613650386,-28.2735518772,-18,0.000261719894323,0.0486362884846,0.0983519580561,-1.38335832885,-2.38964377189e-06,0.000597410942972,0.0986136779504,-0.200784884318,0.202321650624,-1.33472204036,-0.215817001979,0.205321216282,-0.314430679929,1.54004325665,-20.8894068276,-18,-30.0314653083,-0.201193112085,0.205930545028,-0.29991845265,1.45763290704,-0.29991845265,1.45763290704,0.0517769272165,4,0
2990,5.98,2,0.474435806274,0,3.62941670418,0,0,0.376491389642,-0.257413178403,0.474435796801,3.98167244845,-0.0979444071592,-4.23908562685,-0.21105938531,-33.0233057182,3.62941664168,-4.29436798729e-05,-0.00779428068021,0.474498547316,4.00390111007,2.98705472573e-06,-0.000746763681428,0.474455603636,0.375981104939,-0.252902060383,3.99610682939,0.374804736356,-0.257483455624,-0.0996508672806,-4.25359028501,-1.58391046693,3.62941664168,-33.2260554987,0.376491389642,-0.257413178403,-0.0979444071592,-4.23908562685,-0.0979444071592,-4.23908562685,-0.00830960483868,4,0
3000,6,1,0.0748835802078,0,-18,0,0,-0.197360695957,0.183440580205,0.0748835781379,-1.13336684794,-0.272244274095,1.31680742815,-0.285128741014,-25.602569449,-18,0.000295975294144,0.0550825549215,0.0744619834685,-1.28197579818,-2.96621757823e-07,7.4155439453e-05,0.0747579587626,-0.19699403968,0.183105672173,-1.22689324326,-0.200220422815,0.183321424919,-0.274978381578,1.41021466817,-20.6309682668,-18,-25.9463324485,-0.197360695957,0.183440580205,-0.272244274095,1.31680742815,-0.272244274095,1.31680742815,0.0586342584512,4,0
3000,6,2,0.551899790764,0,1.62941658497,0,0,0.371700869541,-0.229300722281,0.551899770565,3.75092202433,-0.180198901024,-3.98022274661,-0.635135219777,-41.6464160041,1.62941664168,-7.30947412074e-05,-0.0135041074812,0.552004666392,3.78794973538,3.70777198611e-07,-9.26942996473e-05,0.551931571651,0.371242549201,-0.228882087239,3.7744456279,0.366536884997,-0.229515888304,-0.185394686654,-4.00396151621,-10.128429623,1.62941664168,-42.2671699795,0.371700869541,-0.229300722281,-0.180198901024,-3.98022274661,-0.180198901024,-3.98022274661,-0.0143812443757,4,0
3010,6.02,1,0.0464632362127,0,-18,0,0,-0.193873749378,0.158523539602,0.0464632351472,-1.70972792826,-0.240336984526,1.86825146787,-1.83825279042,-19.6881216406,-18,-0.000119110465903,-0.0228932701251,0.0466314674109,-1.65022541392,-2.74305964759e-06,0.000685764911896,0.046512356945,-0.193560784043,0.1544253728,-1.67311868405,-0.208963636613,0.157894794301,-0.255475993558,1.83101347835,-19.7510949516,-18,-21.5020518353,-0.193873749378,0.158523539602,-0.240336984526,1.86825146787,-0.240336984526,1.86825146787,-0.024322595716,4,0
3010,6.02,2,0.628510773182,0,-0.370583355427,0,0,0.367342186378,-0.198154421436,0.628510775027,3.90563323862,-0.261168588648,-4.10378766005,-0.131378948665,-51.458750197,-0.370583358318,0.000251369732909,0.0476042833194,0.628155704865,3.78043401738,3.42882456844e-06,-0.000857206142113,0.628407074598,0.366950979716,-0.193031712919,3.8280383007,0.365828151006,-0.198217506243,-0.262578923592,-4.02625580695,-19.7456719273,-0.370583358318,-51.6407498658,0.367342186378,-0.198154421436,-0.261168588648,-4.10378766005,-0.261168588648,-4.10378766005,0.0506207201143,4,0
3020,6.04,1,0.00605626916513,0,-16.7999992371,0,0,-0.191104794009,0.120729673993,0.00605626924559,-2.25212068714,-0.197161063255,2.37285036114,-1.13918549777,-11.8990465727,-16.8,-6.9746176468e-05,-0.0134009314018,0.00615218670967,-2.21855370908,-1.57032894432e-06,0.000392582236084,0.00608244053321,-0.190865832425,0.118303045286,-2.23195464048,-0.200463110367,0.120339744145,-0.206545550901,2.35229438462,-17.3724350479,-16.8,-13.023994185,-0.191104794009,0.120729673993,-0.197161063255,2.37285036114,-0.197161063255,2.37285036114,-0.0142378855194,4,0
3020,6.04,2,0.706174015999,0,-2.37058329582,0,0,0.363880992229,-0.150912089316,0.706174003229,3.81619425154,-0.342293011,-3.96710634085,-0.315609316454,-60.6250861688,-2.37058335832,0.000184157963431,0.0349029410788,0.70591685765,3.72592164216,1.96291118398e-06,-0.000490727795993,0.706101015613,0.363582290256,-0.147878803426,3.76082458324,0.36094673515,-0.151034350028,-0.345154280463,-3.91185893327,-28.8846339902,-2.37058335832,-60.9778083219,0.363880992229,-0.150912089316,-0.342293011,-3.96710634085,-0.342293011,-3.96710634085,0.03711283664,4,0
3030,6.06,1,-0.0433857366443,0,-14.8000001907,0,0,-0.188835469141,0.105665261532,-0.0433857357581,-2.62746620154,-0.145449733383,2.73313146307,-1.39607288545,-3.80283366614,-14.8,-1.33416673711e-05,-0.00279400191233,-0.0433692703881,-2.62184257338,-2.12239529271e-06,0.000530598823178,-0.0433826120555,-0.188627190814,0.102547366707,-2.62463657529,-0.200424672193,0.105182378071,-0.157042060137,2.72981895336,-14.2163380414,-14.8,-5.19595244966,-0.188835469141,0.105665261532,-0.145449733383,2.73313146307,-0.145449733383,2.73313146307,-0.00295410192078,4,0
3030,6.06,2,0.77849650383,0,-4.37058353424,0,0,0.361044336208,-0.132081573705,0.778496511445,3.40788880678,-0.417452175237,-3.53997038048,-0.223371908023,-67.6328724979,-4.37058335832,0.000105819048769,0.0201811194763,0.778349758778,3.35644200755,2.65299412039e-06,-0.000663248530097,0.778455577827,0.360783988306,-0.128184205168,3.37662312703,0.359007681599,-0.132166434314,-0.419447896228,-3.50878956134,-36.6357764673,-4.37058335832,-67.877695354,0.361044336208,-0.132081573705,-0.417452175237,-3.53997038048,-0.417452175237,-3.53997038048,0.0214509480616,4,0
3040,6.08,1,-0.0986050218344,0,-12.8000001907,0,0,-0.187104986443,0.0652805736616,-0.0986050197967,-2.84828063767,-0.0884999666465,2.91356121133,-1.82876646232,4.00732016029,-12.8,3.30877114483e-05,0.00592119032553,-0.0986540983804,-2.8657200673,-2.71360878187e-06,0.000678402195465,-0.0986210106689,-0.186978557463,0.0611792836299,-2.85979887698,-0.202370855741,0.0646444957741,-0.103749845072,2.92444337275,-11.1204569024,-12.8,2.17223545511,-0.187104986443,0.0652805736616,-0.0884999666465,2.91356121133,-0.0884999666465,2.91356121133,0.00631824286291,4,0
3040,6.08,2,0.839588999748,0,-6.37058353424,0,0,0.358881232901,-0.0816007137982,0.839589021296,2.72861877525,-0.480707788395,-2.81021948904,-0.052231219833,-71.6776931146,-6.37058335832,4.12104706939e-05,0.00804940237648,0.839533433624,2.70924663808,3.39201098065e-06,-0.000848002745169,0.839574644095,0.358723196682,-0.0764741012535,2.71729604046,0.358375651081,-0.0816217797073,-0.481198993014,-2.79891782016,-43.0636464927,-6.37058335832,-71.7384682624,0.358881232901,-0.0816007137982,-0.480707788395,-2.81021948904,-0.480707788395,-2.81021948904,0.0085439280248,4,0
3050,6.1,1,-0.156678453088,0,-10.8000001907,0,0,-0.18612133015,0.0400878316493,-0.156678446665,-2.92861216277,-0.0294428834847,2.96869999441,-0.26513773815,11.4359233447,-10.8,7.42102796111e-05,0.0136195281989,-0.156785749053,-2.96655135852,-3.32666759056e-07,8.31666897664e-05,-0.156711538774,-0.186041406929,0.0397121103128,-2.95293183032,-0.188447689579,0.0399909000065,-0.0317361508053,2.99292273033,-8.11686104932,-10.8,11.156275555,-0.18612133015,0.0400878316493,-0.0294428834847,2.96869999441,-0.0294428834847,2.96869999441,0.0145100515543,4,0
3050,6.1,2,0.884543418884,0,-8.37058353424,0,0,0.3576516626,-0.0501097862587,0.88454339349,1.82314138609,-0.52689173089,-1.87325117234,-0.515816432909,-72.6242881492,-8.37058335832,-1.45951547636e-05,-0.00240938446263,0.884566719318,1.83154615052,4.15833449174e-07,-0.000103958362294,0.884552124163,0.357551758581,-0.0496401345876,1.82913676606,0.353382142406,-0.0502876829334,-0.531169981757,-1.87942444899,-48.2787356761,-8.37058335832,-73.1375200557,0.3576516626,-0.0501097862587,-0.52689173089,-1.87325117234,-0.52689173089,-1.87325117234,-0.0025845263198,4,0
3060,6.12,1,-0.214883312583,0,-8.80000019073,0,0,-0.185520517885,0.012725729692,-0.214883313419,-2.87544145666,0.0293627955338,2.88816718635,-1.98908218093,18.1541684177,-8.8,0.000113912746748,0.0210324747703,-0.215046986545,-2.93323908669,-2.96195182145e-06,0.000740487955362,-0.214933073799,-0.18549947973,0.00829761382824,-2.91220661192,-0.202253813763,0.0120285090305,0.0126792600355,2.92423512095,-5.24332363193,-8.8,16.142686809,-0.185520517885,0.012725729692,0.0293627955338,2.88816718635,0.0293627955338,2.88816718635,0.0223994277312,4,0
3060,6.12,2,0.909222960472,0,-10.3705835342,0,0,0.356900647335,-0.0159071587969,0.909222952719,0.725063232498,-0.552322305383,-0.740970391295,0.0457176996474,-70.0982470641,-10.3705833583,-6.64787732036e-05,-0.0121074046448,0.909319860694,0.759384028623,3.70243977738e-06,-0.000925609944343,0.90925338192,0.356874349648,-0.0103720139661,0.747276623978,0.35738832442,-0.0158868389183,-0.5518650575,-0.763163462896,-52.3658359009,-10.3705833583,-70.0396242145,0.356900647335,-0.0159071587969,-0.552322305383,-0.740970391295,-0.552322305383,-0.740970391295,-0.0129051499233,4,0
3070,6.14,1,-0.27057749033,0,-6.80000019073,0,0,-0.18569512436,-0.0274219082717,-0.270577480499,-2.69073268968,0.0848823561394,2.66331078141,-1.2386230154,23.7588664994,-6.8,0.000154927076347,0.0286776511322,-0.270799485898,-2.7690864322,-1.62665347644e-06,0.000406663369112,-0.270644558821,-0.185752559264,-0.029937442232,-2.74040878107,-0.196253126091,-0.0278618250105,0.0743914327303,2.71254695606,-2.54194693143,-6.8,22.4897067079,-0.18569512436,-0.0274219082717,0.0848823561394,2.66331078141,0.0848823561394,2.66331078141,0.0305367760484,4,0
3070,6.14,2,0.910048425198,0,-12.3705835342,0,0,0.357118905495,0.0342773886523,0.910048434237,-0.542281569492,-0.552929528742,0.576558958145,-0.149918465228,-63.6690511088,-12.3705833583,-0.000119131671972,-0.0219216897015,0.910220243392,-0.481563649282,2.03331684445e-06,-0.000508329211117,0.91010111172,0.357190699132,0.037421806101,-0.503485338984,0.356066006815,0.034233517874,-0.554035104905,0.537718856857,-55.3752273068,-12.3705833583,-63.7956183043,0.357118905495,0.0342773886523,-0.552929528742,0.576558958145,-0.552929528742,0.576558958145,-0.0233512697652,4,0
3080,6.16,1,-0.32112583518,0,-4.80000019073,0,0,-0.18639367839,-0.0430016617771,-0.321125837808,-2.37389762188,0.134732159418,2.3308959601,-1.54349082087,28.149896308,-4.8,0.000198662463894,0.0368261508401,-0.321410070962,-2.47418155164,-2.1824205903e-06,0.000545605147574,-0.321211408498,-0.186482823972,-0.0462096062732,-2.4373554008,-0.199559994547,-0.0435502582836,0.121651413951,2.39380514251,-0.0565975834627,-4.8,26.5671953867,-0.18639367839,-0.0430016617771,0.134732159418,2.3308959601,0.134732159418,2.3308959601,0.0392101004068,4,0
3080,6.16,2,0.883804261684,0,-14.3705835342,0,0,0.357992098099,0.0537520805228,0.883804240663,-1.96475894679,-0.525812142564,2.01851102732,-0.0398857696848,-53.3000014657,-14.3705833583,-0.000177096392533,-0.0327012527976,0.88405871051,-1.87489475797,2.72802573598e-06,-0.000682006434,0.883881614118,0.358103530083,0.0577620111402,-1.90759601077,0.357950009834,0.0537503268451,-0.525931604283,1.96134633762,-57.3150571156,-14.3705833583,-53.3050608259,0.357992098099,0.0537520805228,-0.525812142564,2.01851102732,-0.525812142564,2.01851102732,-0.034826409508,4,0
3090,6.18,1,-0.363877028227,0,-2.79999995232,0,0,-0.187643143309,-0.0838269201632,-0.363877016934,-1.92431600055,0.176233873625,1.84048908038,-1.97035287817,30.7535889897,-2.8,0.000245176473507,0.045496851886,-0.364227386863,-2.04790396006,-2.68600814332e-06,0.000671502035832,-0.36398221039,-0.187814892811,-0.0878892570526,-2.00240710817,-0.204437252268,-0.0845266747032,0.159544958122,1.91788043347,2.17015315381,-2.8,28.734797142,-0.187643143309,-0.0838269201632,0.176233873625,1.84048908038,0.176233873625,1.84048908038,0.0484389695681,4,0
3090,6.18,2,0.827467918396,0,-16.3705825806,0,0,0.359553929314,0.104783653456,0.827467888732,-3.53613055446,-0.467913959418,3.64091420791,0.132244947843,-38.3509743421,-16.3705833583,-0.000244610669211,-0.0452406759448,0.827818761876,-3.41226612761,3.3575101745e-06,-0.000839377543625,0.827574151207,0.359768616198,0.10986157456,-3.45750680356,0.361054831513,0.104846191047,-0.466519319694,3.56235299461,-58.147449311,-16.3705833583,-38.1705533903,0.359553929314,0.104783653456,-0.467913959418,3.64091420791,-0.467913959418,3.64091420791,-0.0481760039753,4,0
3100,6.2,1,-0.396192252636,0,-0.800000011921,0,0,-0.189635685915,-0.108458555955,-0.396192263241,-1.34456426421,0.206556577326,1.23610570825,-0.466693710488,31.4445432363,-0.8,0.000293029913974,0.05443097464,-0.396609329588,-1.49146344764,-3.25612620283e-07,8.14031550702e-05,-0.396316299674,-0.189852850323,-0.108826413456,-1.437032473,-0.194000117477,-0.10864040727,0.202316182197,1.32839206573,4.10020851291,-0.8,30.9199021922,-0.189635685915,-0.108458555955,0.206556577326,1.23610570825,0.206556577326,1.23610570825,0.0579473336077,4,0
3100,6.2,2,0.738081216812,0,-18,0,0,0.362044607635,0.135573198147,0.738081208631,-5.25336815205,-0.376036600996,5.38894135019,-0.310821777485,-18.7128955697,-18,-0.000324582058164,-0.0600960819341,0.738544797482,-5.0899661929,4.0701577475e-07,-0.000101753943681,0.738220215423,0.362316063151,0.136033020022,-5.15006227484,0.359991249901,0.135487641575,-0.378228965522,5.28554991641,-56.3194799637,-18,-18.9597262806,0.362044607635,0.135573198147,-0.376036600996,5.38894135019,-0.376036600996,5.38894135019,-0.0639910666321,4,0
3110,6.22,1,-0.416162192822,0,1.20000004768,0,0,-0.191998847096,-0.134720781182,-0.416162199287,-0.71970400777,0.224163352191,0.584983226588,-2.13811599047,30.2589692433,1.2,0.00027195139496,0.0509905911405,-0.416546381757,-0.854891222592,-2.79710389242e-06,0.000699275973109,-0.416274430362,-0.19227246175,-0.138905154926,-0.803900631451,-0.210236933737,-0.135480701458,0.206037496625,0.668419929993,5.76866869596,1.2,28.0665992449,-0.191998847096,-0.134720781182,0.224163352191,0.584983226588,0.224163352191,0.584983226588,0.0542540078801,4,0
3110,6.22,2,0.614822685719,0,-16,0,0,0.364998559175,0.168400979616,0.614822709829,-6.85639842361,-0.249824150654,7.02479940323,0.235723151377,4.60382735808,-16,-0.000335247652,-0.0626196437328,0.615298315352,-6.68889305287,3.49637985775e-06,-0.000874094964434,0.6149630677,0.365340577499,0.173631446786,-6.7515126966,0.367513906976,0.168505785775,-0.247449160724,6.92001848238,-39.6866982059,-16,4.90619312501,0.364998559175,0.168400979616,-0.249824150654,7.02479940323,-0.249824150654,7.02479940323,-0.0666426155568,4,0
3120,6.24,1,-0.424047142267,0,3.20000004768,0,0,-0.195094394011,-0.172020804155,-0.424047152351,-0.13614856509,0.22895275834,-0.0358722390647,-1.43349046875,27.6579468984,3.2,0.000228891931832,0.0430298084315,-0.424369561777,-0.249529372234,-1.47223448199e-06,0.000368058620498,-0.424140669845,-0.195440784338,-0.174299339599,-0.206499563803,-0.207400254506,-0.172533548342,0.216740415339,0.0339660154609,7.28535912427,3.2,26.178679918,-0.195094394011,-0.172020804155,0.22895275834,-0.0358722390647,0.22895275834,-0.0358722390647,0.0457765116135,4,0
3120,6.24,2,0.4632396698,0,-14,0,0,0.36886799288,0.215026008214,0.463239677992,-8.1185316611,-0.0943716851118,8.33355766931,0.0540312714042,29.8238094575,-14,-0.000323157851383,-0.0604585432828,0.463697295716,-7.95742481964,1.84029309691e-06,-0.000460073274222,0.463374137865,0.369300980795,0.217874177511,-8.01788336292,0.369852680926,0.215067036882,-0.0935214569383,8.23295039981,-23.8267272317,-14,29.9421771664,0.36886799288,0.215026008214,-0.0943716851118,8.33355766931,-0.0943716851118,8.33355766931,-0.0643364374994,4,0
3130,6.26,1,-0.420966863632,0,5.19999980927,0,0,-0.198670324727,-0.186097440412,-0.420966849298,0.379284854562,0.222296524571,-0.565382294974,-1.7468333076,24.1190781943,5.2,0.000172653978479,0.032601445886,-0.42120885391,0.294266479734,-1.95969912073e-06,0.000489924780185,-0.421036199932,-0.199045344828,-0.188979824528,0.32686792562,-0.213490483628,-0.186714947033,0.207545716303,-0.513582872653,8.69677168254,5.2,22.3375715931,-0.198670324727,-0.186097440412,0.222296524571,-0.565382294974,0.222296524571,-0.565382294974,0.0346732936278,4,0
3130,6.26,2,0.290295243263,0,-12,0,0,0.373337906336,0.232621803481,0.29029524961,-9.02513520613,0.0830426567258,9.25775700961,0.167625928161,55.7883530312,-12,-0.000291627556821,-0.0546930177688,0.290707111077,-8.88021763741,2.44962389312e-06,-0.000612405973275,0.29041548352,0.373806681467,0.236224783614,-8.93491065518,0.375216465586,0.232700076783,0.0848009820666,9.16761073197,-8.97441522044,-12,56.0141715078,0.373337906336,0.232621803481,0.0830426567258,9.25775700961,0.0830426567258,9.25775700961,-0.0581925484506,4,0
3140,6.28,1,-0.408535420895,0,7.19999980927,0,0,-0.202737860965,-0.222074091841,-0.408535408902,0.805564427263,0.205797547938,-1.0276385191,-2.11254566894,19.7229697388,7.2,0.000108028967376,0.0205604330473,-0.408685520362,0.752922657683,-2.31041769827e-06,0.000577604424564,-0.408577491395,-0.203185537685,-0.22557117345,0.773483090731,-0.220493721897,-0.22281391938,0.188083769498,-0.99629701011,10.0501023889,7.2,17.5885672892,-0.202737860965,-0.222074091841,0.205797547938,-1.0276385191,0.205797547938,-1.0276385191,0.0218567806558,4,0
3140,6.28,2,0.103256575763,0,-10,0,0,0.37842232669,0.277592617604,0.103256575576,-9.56428953191,0.275165751114,9.84188214951,0.318485306041,81.8434412178,-10,-0.000243243326064,-0.0457289766707,0.103599247917,-9.44377491892,2.88802211101e-06,-0.000722005527748,0.103356004591,0.378981922596,0.281963969598,-9.48950389559,0.381476467717,0.27771987348,0.278120463126,9.76722376907,4.57620206942,-10,82.2105744205,0.37842232669,0.277592617604,0.275165751114,9.84188214951,0.275165751114,9.84188214951,-0.0486478965835,4,0
3150,6.3,1,-0.388610571623,0,9.19999980927,0,0,-0.207448455628,-0.242953432959,-0.388610569246,1.13916092835,0.181162113618,-1.38211436131,-0.863638901016,14.8945148938,9.2,4.55245163564e-05,0.00884428081893,-0.388672394737,1.11758125768,-2.76373251118e-07,6.90933127806e-05,-0.38862687022,-0.207934572605,-0.243265768295,1.1264255385,-0.214711092517,-0.243256042829,0.173915777703,-1.36968158133,11.3798881649,9.2,14.0214854178,-0.207448455628,-0.242953432959,0.181162113618,-1.38211436131,0.181162113618,-1.38211436131,0.0093905750152,4,0
3150,6.3,2,-0.0906272903085,0,-8,0,0,0.384310570074,0.303691793886,-0.0906272914315,-9.75036464163,0.474937861505,10.0540564355,-0.0466047960604,106.957735517,-8,-0.000192591577106,-0.0362341604319,-0.0903561164168,-9.65499847545,3.45466562413e-07,-8.63666405965e-05,-0.0905487079939,0.3849182163,0.304082213054,-9.69123263588,0.384243523668,0.303689000286,0.474792231662,9.99492163617,16.5932434124,-8,106.94967598,0.384310570074,0.303691793886,0.474937861505,10.0540564355,0.474937861505,10.0540564355,-0.0385452593572,4,0
3160,6.32,1,-0.364135980606,0,9.19999980927,0,0,-0.21246942737,-0.264713339546,-0.364135975018,0.787490032151,0.151666547648,-1.0522033717,-2.26595767342,9.79148029323,9.2,-1.90178100112e-05,-0.0029486875136,-0.362919819729,1.39120513338,-2.26987298083e-06,0.000567468245206,-0.362938837539,-0.213002246277,-0.268111858366,1.38825644586,-0.231293253551,-0.265497665636,0.131645583988,-1.6537541115,10.719654438,9.2,7.52869952104,-0.21246942737,-0.264713339546,0.151666547648,-1.0522033717,0.151666547648,-1.0522033717,-0.00317690123373,4,0
3160,6.32,2,-0.259999990463,0,-6,0,0,0.390586784804,0.330891676986,-0.280932700349,-7.71894208158,0.671519485153,8.04983375856,0.414209223728,105.415391987,-6,-0.0108609598581,-4.87744084846,-0.26,0,2.83734121076e-06,-0.000709335302692,-0.270860959858,0.391252808443,0.335139825488,-4.87744084846,0.435691657654,0.332771046688,0.706552617512,5.21021189515,8.00635667015,-6,110.837373577,0.390586784804,0.330891676986,0.671519485153,8.04983375856,0.671519485153,8.04983375856,-5.00777236676,4,4
3170,6.34,1,-0.379999667406,0,10.9298210144,0,0,-0.218084866511,-0.294333287206,-0.379999659688,-1.37769621755,0.161914793178,1.08336293034,-1.69839991256,24.107172966,10.929820832,-0.00056337668363,-0.115183958554,-0.379258037879,-1.1189067686,-1.12707794503e-06,0.000281769486259,-0.379821414563,-0.218675335144,-0.296079625064,-1.23409072716,-0.231199227138,-0.294879718899,0.148622187424,0.939211008258,15.3127449834,10.929820832,22.5307175322,-0.218084866511,-0.294333287206,0.161914793178,1.08336293034,0.161914793178,1.08336293034,-0.121944478758,4,0
3170,6.34,2,-0.259999990463,0,-4,0,0,0.397606083779,0.367916611344,-0.321987940955,0.396242008567,0.719594024733,-0.0283253972227,0.270077266005,56.1863737489,-4,0.197096057492,0.182882492437,-0.26,0,1.40884742184e-06,-0.000352211855457,-0.0629039425079,0.398344169575,0.370099533652,0.182882492437,0.378656000592,0.367127024545,0.4415599431,0.184244532108,-7.32783768527,-4,53.9084158326,0.397606083779,0.367916611344,0.719594024733,-0.0283253972227,0.719594024733,-0.0283253972227,2.54803518234,4,4
3180,6.36,1,-0.406331270933,0,12.9298210144,0,0,-0.224074888855,-0.30508308653,-0.406331258017,-1.13785558746,0.182256369162,0.832772500932,-1.9795481533,26.1884275798,12.929820832,7.8485908483e-05,0.013227155301,-0.406451918084,-1.18083071809,-1.48308589759e-06,0.000370771474397,-0.406373432176,-0.224687197183,-0.307266478676,-1.16760356279,-0.240660404054,-0.305774149663,0.165713028122,0.861829413124,17.6481373089,12.929820832,24.1947104403,-0.224074888855,-0.30508308653,0.182256369162,0.832772500932,0.182256369162,0.832772500932,0.0141689862028,4,0
3180,6.36,2,-0.259999990463,0,-3.59999990463,0,0,0.405093611755,0.381353860408,-0.301704961715,1.13451700064,0.70679857347,-0.753163140228,0.372597159638,-262.86081377,-3.6,2.82547120285,0.0464100359135,-0.26,1.0580443923,1.85385735907e-06,-0.000463464339765,2.56547120285,0.40585899717,0.384083100571,1.10445442821,0.125749689588,0.369714530318,-2.43972151326,-0.734739897893,-34.8439707591,-3.6,-296.440281081,0.405093611755,0.381353860408,0.70679857347,-0.753163140228,0.70679857347,-0.753163140228,33.9520644701,4,4
3190,6.38,1,-0.42225459218,0,14.9298210144,0,0,-0.230433520664,-0.331550122061,-0.422254605737,-0.501373238326,0.191821085073,0.169823116265,-2.23663340626,24.1156974031,14.929820832,0.000153680489448,0.0286497019362,-0.422472559483,-0.578090704681,-1.63549762916e-06,0.000408874407287,-0.422318878994,-0.231099125175,-0.334028878746,-0.549441002745,-0.249293504919,-0.332335954738,0.173025374075,0.217105048007,19.2689926491,14.929820832,21.848570129,-0.230433520664,-0.331550122061,0.191821085073,0.169823116265,0.191821085073,0.169823116265,0.0304938678095,4,0
3190,6.38,2,-0.259999990463,0,-3.59999990463,0,0,0.413041901558,0.414437654567,-0.282898741506,0.753051927217,0.695940643064,-0.33861427265,0.482720332587,-64972.5876642,-3.6,542.107157643,0.340973172305,-0.26,0.172219538107,2.04437201873e-06,-0.000511093004684,541.847157643,0.413873907201,0.417536100398,0.513192710412,-53.7025419699,-1.84037834008,-595.549699613,-2.35357105049,-32.2994671647,-3.6,-71477.7318088,0.413041901558,0.414437654567,0.695940643064,-0.33861427265,0.695940643064,-0.33861427265,6505.62686489,4,4
3200,6.4,1,-0.424903929234,0,16.9298210144,0,0,-0.23725187924,-0.345972114206,-0.424903915753,0.169135931903,0.187652036513,-0.515108046109,-1.40415847211,20.1685450417,16.929820832,0.000141152626366,0.0264314842032,-0.425103425076,0.098936830282,-1.91327931359e-07,4.78319828366e-05,-0.42496227245,-0.237943969173,-0.346188462305,0.125368314485,-0.249166891687,-0.346468573058,0.175795380763,-0.471836887543,20.6281678402,16.929820832,18.7362612538,-0.23725187924,-0.345972114206,0.187652036513,-0.515108046109,0.187652036513,-0.515108046109,0.0281253157195,4,0
3200,6.4,2,-0.259999990463,0,-3.59999990463,0,0,0.421564849817,0.432465144582,-0.271938220655,0.403050502576,0.693503070472,0.0294146420062,0.242981218968,-35078858.8511,-3.6,292324.513341,0.179654319838,-0.26,0.0604177192109,2.3915991193e-07,-5.97899779881e-05,292324.253341,0.422429962237,0.432735579703,0.240072039049,-29181.3664151,-1215.47536735,-321505.619756,-1215.71543939,2.96331253063,-3.6,-38586752.9479,0.421564849817,0.432465144582,0.693503070472,0.0294146420062,0.693503070472,0.0294146420062,3507894.33974,4,4
3210,6.42,1,-0.414374083281,0,15.7298212051,0,0,-0.244280162032,-0.360410564876,-0.414374076041,0.802353686784,0.170093914008,-1.16276425166,-2.35554183917,14.7746763138,15.729820832,0.00011285561933,0.0212694871881,-0.414532412205,0.746730154452,-1.44856527676e-06,0.000362141319187,-0.414419556585,-0.245003155041,-0.362582928578,0.76799964164,-0.264063861946,-0.361234885706,0.150355694639,-1.12923452735,18.6324168021,15.729820832,12.39651072,-0.244280162032,-0.360410564876,0.170093914008,-1.16276425166,0.170093914008,-1.16276425166,0.0226237546201,4,0
3210,6.42,2,-0.259999990463,0,-3.59999990463,0,0,0.430350203342,0.450513207733,-0.26632112823,0.200617266984,0.696671331572,0.249895940749,0.558428812892,-18980077497.4,-3.6,158167313.183,0.0830390327297,-0.26,0.0143588325345,1.81070657518e-06,-0.000452676643789,158167312.923,0.431253944607,0.453228662329,0.0973978652642,-15789318.8714,-657887.853725,-173956631.795,-657887.951123,-2.70347736672,-3.6,-20878085255.1,0.430350203342,0.450513207733,0.696671331572,0.249895940749,0.696671331572,0.249895940749,1898007758.28,4,4
3220,6.44,1,-0.392445087433,0,13.7298212051,0,0,-0.251687976773,-0.378512980558,-0.392445072869,1.32094708216,0.140757096096,-1.69946006272,-1.99839867565,8.52522691866,13.729820832,8.3651180346e-05,0.0157459394651,-0.392562539629,1.27967757647,-6.35901137414e-07,0.000158975284358,-0.392478888449,-0.252446024664,-0.379500871414,1.29542351594,-0.268451776531,-0.379211472215,0.124027111918,-1.67463498815,15.778403714,13.729820832,6.51007848939,-0.251687976773,-0.378512980558,0.140757096096,-1.69946006272,0.140757096096,-1.69946006272,0.0167497536293,4,0
3220,6.44,2,-0.259999990463,0,-3.59999990463,0,0,0.439609971797,0.473141227048,-0.263549524289,0.0987106340601,0.703159496086,0.374430592988,0.470581339752,-1.02695690885e+13,-3.6,85579742404.7,0.043158472115,-0.26,0.0151971723994,7.94876409749e-07,-0.000198719102441,85579742404.5,0.440557531664,0.474376090599,0.0583556445145,-8543142395.59,-355964266.028,-94122884800.1,-355964266.087,-27.9603980787,-3.6,-1.12965259973e+13,0.439609971797,0.473141227048,0.703159496086,0.374430592988,0.703159496086,0.374430592988,1.02695690886e+12,4,4
3230,6.46,1,-0.361264377832,0,11.7298212051,0,0,-0.259316044432,-0.384543236602,-0.361264371721,1.73981504722,0.101948327289,-2.12435828383,-2.21071297471,1.71197368074,11.729820832,6.34939180019e-05,0.0119427854186,-0.361353533439,1.70849512397,-8.14329260468e-07,0.000203582315121,-0.361290039521,-0.260086312466,-0.38574476414,1.72043790939,-0.277812413406,-0.385313918643,0.0834776261145,-2.10575182803,12.8804487175,11.729820832,-0.511444006399,-0.259316044432,-0.384543236602,0.101948327289,-2.12435828383,0.101948327289,-2.12435828383,0.0127047124346,4,0
3230,6.46,2,-0.259999990463,0,-3.59999990463,0,0,0.449145056397,0.480679046987,-0.262177785428,0.0494117191349,0.711322841825,0.431267327853,0.548779088846,-5.55656582749e+15,-3.6,4.63047152291e+13,0.0266709954449,-0.26,0,1.01791155932e-06,-0.000254477889825,4.63047152291e+13,0.450107891442,0.482180956385,0.0266709954449,-4.62244644228e+12,-192601935095,-5.09271616714e+13,-192601935095,4.02442578361,-3.6,-6.11222241024e+15,0.449145056397,0.480679046987,0.711322841825,0.431267327853,0.711322841825,0.431267327853,5.55656582749e+14,4,4
3240,6.48,1,-0.322703152895,0,9.72982120514,0,0,-0.267141969748,-0.398071679821,-0.32270314679,2.06906207074,0.0555611770426,-2.46713375056,-2.32561920938,-5.59321559425,9.72982083204,4.78745386609e-05,0.00900820361706,-0.322770276582,2.04549361051,-7.48688216035e-07,0.000187172054008,-0.322722402043,-0.26793926866,-0.399210972549,2.05450181413,-0.286568259446,-0.398881108558,0.0361541425977,-2.45338292269,9.95431281655,9.72982083204,-7.92841750172,-0.267141969748,-0.398071679821,0.0555611770426,-2.46713375056,0.0555611770426,-2.46713375056,0.00958269808099,4,0
3240,6.48,2,-0.259999990463,0,-3.59999990463,0,0,0.458927463063,0.497589600698,-0.261477140411,0.0259352953884,0.720404603474,0.47165430531,0.603914276163,-3.00649652674e+18,-3.6,2.50541377229e+16,0.0108926473375,-0.26,0,9.35860248852e-07,-0.000233965062211,2.50541377229e+16,0.459924086706,0.499013716576,0.0108926473375,-2.50107163403e+15,-1.04211318085e+14,-2.75552093569e+16,-1.04211318085e+14,-32.9532657627,-3.6,-3.30714617942e+18,0.458927463063,0.497589600698,0.720404603474,0.47165430531,0.720404603474,0.47165430531,3.00649652674e+17,4,4
3250,6.5,1,-0.278497904539,0,7.7298207283,0,0,-0.275184729584,-0.404167860208,-0.278497906887,2.31317196159,0.00331317730304,-2.7173398218,-2.01715702031,-13.1360793594,7.72982083204,3.41361694444e-05,0.00643654855032,-0.278545583668,2.29645269305,-8.1494835158e-08,2.03737087847e-05,-0.278511447498,-0.275993127726,-0.404260191768,2.3028892416,-0.292022191238,-0.404869421111,-0.0135107437394,-2.70775866271,7.02087177399,7.72982083204,-15.1600825623,-0.275184729584,-0.404167860208,0.00331317730304,-2.7173398218,0.00331317730304,-2.7173398218,0.00684618258366,4,0
3250,6.5,2,-0.259999990463,0,-3.59999990463,0,0,0.468980912875,0.505209825985,-0.261095394446,0.0147803330149,0.730076307321,0.49042949297,0.520578199148,-1.62672802698e+21,-3.6,1.35560668915e+19,0.0185289667328,-0.26,0,1.01868541325e-07,-2.54671353297e-05,1.35560668915e+19,0.469991410553,0.505325240432,0.0185289667328,-1.35325728414e+18,-5.63857201725e+16,-1.49093241756e+19,-5.63857201725e+16,-9.40563362133,-3.6,-1.78940082967e+21,0.468980912875,0.505209825985,0.730076307321,0.49042949297,0.730076307321,0.49042949297,1.62672802698e+20,4,4
3260,6.52,1,-0.230329468846,0,5.7298207283,0,0,-0.283309763726,-0.409414259868,-0.230329469347,2.47392042523,-0.0529802943792,-2.88333468509,-2.39405077601,-20.7424478625,5.72982083204,2.10049398743e-05,0.00398196682611,-0.230358524829,2.46375949371,-4.39586529455e-07,0.000109896632364,-0.230337519889,-0.284129262395,-0.41007902462,2.46774146054,-0.303260833137,-0.410245554427,-0.0729233132481,-2.87798701496,4.10455587883,5.72982083204,-23.1407326646,-0.283309763726,-0.409414259868,-0.0529802943792,-2.88333468509,-0.0529802943792,-2.88333468509,0.0042340261046,4,0
3260,6.52,2,-0.259999990463,0,-3.59999990463,0,0,0.479137205565,0.511767825344,-0.260866565312,0.0092508085704,0.740003770877,0.502517016774,0.649763265656,-8.80175330392e+23,-3.6,7.33479441993e+21,0.0205351266476,-0.26,0,5.49483138323e-07,-0.00013737078458,7.33479441993e+21,0.480161578903,0.512598781248,0.0205351266476,-7.3220824712e+20,-3.05086769633e+19,-8.06700266705e+21,-3.05086769633e+19,-24.0199393876,-3.6,-9.68192863431e+23,0.479137205565,0.511767825344,0.740003770877,0.502517016774,0.740003770877,0.502517016774,8.80175330392e+22,4,4
3270,6.54,1,-0.179852440953,0,3.7298207283,0,0,-0.291550223537,-0.413653858005,-0.179852441653,2.55237939381,-0.111697781884,-2.96603325182,-2.29328087601,-28.2231885443,3.72982083204,7.96908655703e-06,0.00154816608643,-0.179862965098,2.54875022416,-6.23392059085e-08,1.55848014757e-05,-0.179854996012,-0.292377640656,-0.413755314179,2.55029839025,-0.310641451304,-0.414449325828,-0.130786455292,-2.96474771608,1.23147402351,3.72982083204,-30.5181132154,-0.291550223537,-0.413653858005,-0.111697781884,-2.96603325182,-0.111697781884,-2.96603325182,0.00164379512511,4,0
3270,6.54,2,-0.259999990463,0,-3.59999990463,0,0,0.489437780335,0.517067322695,-0.260725337979,0.0055671642479,0.750163118315,0.511500158447,0.629530154313,-4.76237330017e+26,-3.6,3.96864441681e+24,0.00458658023283,-0.26,0,7.79239943127e-08,-1.94809985751e-05,3.96864441681e+24,0.490472051735,0.517194142893,0.00458658023283,-3.96176635023e+23,-1.65073597926e+22,-4.36482105183e+24,-1.65073597926e+22,-1.93744768101,-3.6,-5.23861063019e+26,0.489437780335,0.517067322695,0.750163118315,0.511500158447,0.750163118315,0.511500158447,4.76237330017e+25,4,4
3280,6.56,1,-0.128704890609,0,1.72982084751,0,0,-0.299828070784,-0.414183311919,-0.128704893973,2.54932177001,-0.171123176812,-2.96350508193,-2.4089320102,-35.362960084,1.72982083204,-5.23808092279e-06,-0.000920077202636,-0.128696663775,2.5523007278,-4.0070976759e-08,1.00177441954e-05,-0.128701901856,-0.300656505296,-0.414247309149,2.5513806506,-0.319859536235,-0.415017956313,-0.191157634379,-2.96639860691,-1.57132737425,1.72982083204,-37.7709091601,-0.299828070784,-0.414183311919,-0.171123176812,-2.96350508193,-0.171123176812,-2.96350508193,-0.000982934173709,4,0
3280,6.56,2,-0.259999990463,0,-3.59999990463,0,0,0.499785089398,0.517729139963,-0.260639447878,0.00359529484774,0.760424537275,0.514133845115,0.673203782453,-2.57678199639e+29,-3.6,2.14731833032e+27,0.0257939297501,-0.26,0,5.00887034072e-08,-1.2522175855e-05,2.14731833032e+27,0.500820632537,0.517809136474,0.0257939297501,-2.14359680809e+26,-8.93165336702e+24,-2.36167801113e+27,-8.93165336702e+24,-27.2530383991,-3.6,-2.83446019602e+29,0.499785089398,0.517729139963,0.760424537275,0.514133845115,0.760424537275,0.514133845115,2.57678199639e+28,4,4
3290,6.58,1,-0.0784975364804,0,-0.270179182291,0,0,-0.308107390136,-0.41302046511,-0.0784975361833,2.46676582004,-0.229609853953,-2.87978628515,-2.36644735449,-41.983454324,-0.270179167964,-1.80703686903e-05,-0.00332110940355,-0.0784711099684,2.47615447392,2.35118619907e-07,-5.87796549731e-05,-0.0784891803371,-0.308933088196,-0.412672691105,2.47283336451,-0.327764175445,-0.413839497831,-0.249274995108,-2.88667286235,-4.27807196849,-0.270179167964,-44.3463637246,-0.308107390136,-0.41302046511,-0.229609853953,-2.87978628515,-0.229609853953,-2.87978628515,-0.00353795382784,4,0
3290,6.58,2,-0.259999990463,0,-3.59999990463,0,0,0.510134238585,0.51627558112,-0.260576785432,0.00298396900142,0.770711024017,0.513291612118,0.666119415831,-1.39422196422e+32,-3.6,1.16185163685e+30,0.0326185196536,-0.26,0,-2.93898296699e-07,7.34745741672e-05,1.16185163685e+30,0.51116636116,0.515840863581,0.0326185196536,-1.15983802916e+29,-4.83265845483e+27,-1.27783543976e+30,-4.83265845483e+27,-25.0711773143,-3.6,-1.53364416064e+32,0.510134238585,0.51627558112,0.770711024017,0.513291612118,0.770711024017,0.513291612118,1.39422196422e+31,4,4
3300,6.6,1,-0.0307854693383,0,-2.2701792717,0,0,-0.31633255944,-0.410001033962,-0.03078546998,2.30803457434,-0.28554708946,-2.71803560831,-2.62164985777,-47.9066497757,-2.27017916796,-3.01742864921e-05,-0.00558750108979,-0.0307418916686,2.32346457863,3.88964462861e-08,-9.72411156752e-06,-0.0307720659551,-0.317152532559,-0.409957386829,2.31787707754,-0.338092284351,-0.410907689167,-0.307320218395,-2.7287847667,-6.86569381884,-2.27017916796,-50.522350041,-0.31633255944,-0.410001033962,-0.28554708946,-2.71803560831,-0.28554708946,-2.71803560831,-0.00594959252769,4,0
3300,6.6,2,-0.259999990463,0,-3.59999990463,0,0,0.520415700208,0.512501291983,-0.260518871828,0.00296480767111,0.780934572035,0.509536484312,0.749879797768,-7.54373046782e+34,-3.6,6.28644205651e+32,0.00378012344701,-0.26,0.00265189504929,-4.86205605776e-08,1.21551401435e-05,6.28644205651e+32,0.521440666605,0.512446733064,0.00643201849629,-6.27554700962e+31,-2.61481125401e+30,-6.91399675748e+32,-2.61481125401e+30,0.482446922038,-3.6,-8.2981035146e+34,0.520415700208,0.512501291983,0.780934572035,0.509536484312,0.780934572035,0.509536484312,7.54373046782e+33,4,4
3310,6.62,1,0.0129519663751,0,-4.2701792717,0,0,-0.324501693968,-0.405375677449,0.0129519667215,2.07722241637,-0.33745366069,-2.48259809382,-2.3749245227,-52.9763823509,-4.27017916796,-4.14406565208e-05,-0.00769772622147,0.0130115103958,2.09827618997,6.26343508836e-07,-0.000156585877204,0.0129700697392,-0.325311526921,-0.404446718657,2.09057846375,-0.344190258338,-0.406196034297,-0.357160328077,-2.49677449805,-9.31414274576,-4.27017916796,-55.3431118595,-0.324501693968,-0.405375677449,-0.33745366069,-2.48259809382,-0.33745366069,-2.48259809382,-0.00819501409972,4,0
3310,6.62,2,-0.259999990463,0,-3.59999990463,0,0,0.530627118357,0.506719596125,-0.260458992529,0.00314209883735,0.791086110886,0.503577497288,0.675952884148,-4.08169364933e+37,-3.6,3.40141137444e+35,0.00396342651893,-0.26,0,-7.82929409304e-07,0.000195732352325,3.40141137444e+35,0.531639409546,0.505558397601,0.00396342651893,-3.39551638073e+34,-1.41479849197e+33,-3.74096301252e+35,-1.41479849197e+33,-4.09125954678,-3.6,-4.48986301427e+37,0.530627118357,0.506719596125,0.791086110886,0.503577497288,0.791086110886,0.503577497288,4.08169364933e+36,4,4
3320,6.64,1,0.0513213761151,0,-6.2701792717,0,0,-0.332507193741,-0.395203190556,0.0513213765526,1.77872837527,-0.383828570294,-2.17393156583,-2.54332008484,-57.0150020291,-6.27017916796,-5.19688113268e-05,-0.00966911146142,0.0513958465701,1.80504061073,5.19299174773e-07,-0.000129824793693,0.0513438777588,-0.333296782826,-0.394405067743,1.79537149926,-0.353579171677,-0.396081189636,-0.404923049436,-2.1914526889,-11.6063346067,-6.27017916796,-59.5480293768,-0.332507193741,-0.395203190556,-0.383828570294,-2.17393156583,-0.383828570294,-2.17393156583,-0.0102927371973,4,0
3320,6.64,2,-0.259999990463,0,-3.59999990463,0,0,0.540633993056,0.494003987198,-0.260393856938,0.00348392848149,0.801027849994,0.490520058716,0.725837820206,-2.20848598954e+40,-3.6,1.84040499128e+38,0.00257386624303,-0.26,0,-6.49123981011e-07,0.000162280995242,1.84040499128e+38,0.541620979409,0.493006333662,0.00257386624303,-1.83721538124e+37,-7.65506408851e+35,-2.0241265294e+38,-7.65506408851e+35,-6.28694217555,-3.6,-2.42933458849e+40,0.540633993056,0.494003987198,0.801027849994,0.490520058716,0.801027849994,0.490520058716,2.20848598954e+39,4,4
3330,6.66,1,0.083017013967,0,-8.27017879486,0,0,-0.340362371684,-0.390163248146,0.0830170132543,1.41685998401,-0.423379384938,-1.80702323215,-2.54709822199,-59.942837568,-8.27017916796,-6.20399560082e-05,-0.0115527940258,0.0831057802406,1.44821037224,7.39378762271e-07,-0.000184844690565,0.0830437402846,-0.3411416436,-0.389081423811,1.43665757821,-0.361449104011,-0.391041861993,-0.444492844296,-1.8276994402,-13.727741381,-8.27017916796,-62.4776385165,-0.340362371684,-0.390163248146,-0.423379384938,-1.80702323215,-0.423379384938,-1.80702323215,-0.0122972734979,4,0
3330,6.66,2,-0.259999990463,0,-3.59999990463,0,0,0.550452965463,0.487704059067,-0.260320503131,0.00394907928978,0.810773468594,0.483754979777,0.729211720787,-1.19494768226e+43,-3.6,9.95789735219e+40,0.0035639238876,-0.26,0,-9.24223469423e-07,0.000231055867345,9.95789735219e+40,0.551427055355,0.486351778624,0.0035639238876,-9.94063929785e+39,-4.14193304077e+38,-1.0951961282e+41,-4.14193304077e+38,-17.6675559213,-3.6,-1.31444245049e+43,0.550452965463,0.487704059067,0.810773468594,0.483754979777,0.810773468594,0.483754979777,1.19494768226e+42,4,4
3340,6.68,1,0.106814004481,0,-10.2701787949,0,0,-0.348022445457,-0.374459765667,0.106814003234,0.995277744379,-0.454836448691,-1.36973751005,-2.35254782201,-61.5483560511,-10.270179168,-7.21286939664e-05,-0.0134364897695,0.106917391913,1.03182292611,1.18846431096e-06,-0.000297116077737,0.106845263219,-0.348769568116,-0.372669981312,1.01838643634,-0.367474056864,-0.375270249476,-0.474319320083,-1.39365668582,-15.6655348704,-10.270179168,-63.8866018391,-0.348022445457,-0.374459765667,-0.454836448691,-1.36973751005,-0.454836448691,-1.36973751005,-0.0143020340971,4,0
3340,6.68,2,-0.259999990463,0,-3.59999990463,0,0,0.560028057654,0.468074705662,-0.260236158641,0.00493701144777,0.820264216295,0.463137694215,0.660713612508,-6.46551515432e+45,-3.6,5.38792929526e+43,0.00458196401998,-0.26,0,-1.48558040858e-06,0.000371395102148,5.38792929526e+43,0.560961960975,0.465837475188,0.00458196401998,-5.37859146286e+42,-2.24107977619e+41,-5.92578844155e+43,-2.24107977619e+41,-31.403523534,-3.6,-7.11206666975e+45,0.560028057654,0.468074705662,0.820264216295,0.463137694215,0.820264216295,0.463137694215,6.46551515432e+44,4,4
3350,6.7,1,0.121501870453,0,-12.2701787949,0,0,-0.355364400105,-0.362715909908,0.121501871714,0.510252667241,-0.476866271819,-0.872968577149,-3.13824175217,-61.7372070111,-12.270179168,-8.71248418717e-05,-0.0164349623088,0.121628581697,0.555419887579,1.54248440798e-07,-3.85621101934e-05,0.121541456855,-0.356089715355,-0.362541938852,0.53898492527,-0.381325672549,-0.363797629593,-0.502867129404,-0.902782554863,-17.4019911816,-12.270179168,-64.8579683028,-0.355364400105,-0.362715909908,-0.476866271819,-0.872968577149,-0.476866271819,-0.872968577149,-0.0174804604113,4,0
3350,6.7,2,-0.259961634874,0,-3.59999990463,0,0,0.569205500933,0.453394885783,-0.259961636858,0.0289221314161,0.829167137792,0.424472754367,0.900619477423,-3.49830263126e+48,-3.6,2.91525219271e+46,0.0191392263805,-0.26,0,-1.92810553301e-07,4.82026383253e-05,2.91525219271e+46,0.570112144993,0.45317742196,0.0191392263805,-2.91019976257e+45,-1.2125832344e+44,-3.20627216897e+46,-1.2125832344e+44,3.97986822776,-3.6,-3.84813289438e+48,0.569205500933,0.453394885783,0.829167137792,0.424472754367,0.829167137792,0.424472754367,3.49830263126e+47,4,0
3360,6.72,1,0.125735193491,0,-14.2701787949,0,0,-0.362519270565,-0.348818042209,0.125735198529,-0.0429494206619,-0.488254469094,-0.305868621547,-2.2998046527,-60.2993526459,-14.270179168,-0.000106286704961,-0.0200176535037,0.125889144027,0.0118190711861,1.61112667607e-06,-0.000402781669017,0.125782857322,-0.36321451868,-0.346415712522,-0.00819858231763,-0.381473959442,-0.349607820912,-0.507256816764,-0.341409238595,-18.911790233,-14.270179168,-62.5778642046,-0.362519270565,-0.348818042209,-0.488254469094,-0.305868621547,-0.488254469094,-0.305868621547,-0.0212930939632,4,0
3360,6.72,2,-0.258684754372,0,-3.59999990463,0,0,0.578149088975,0.43602255097,-0.25868474859,0.100472803079,0.836833837565,0.335549747891,0.633072498493,-1.89283003871e+51,-3.6,1.57735836559e+49,0.0341996875843,-0.26,0.0388169283073,-2.01390836496e-06,0.000503477091235,1.57735836559e+49,0.579018149115,0.433019638831,0.0730166158915,-1.57462464226e+48,-6.5609360094e+46,-1.73482082982e+49,-6.5609360094e+46,-5.1863965551,-3.6,-2.08211304258e+51,0.578149088975,0.43602255097,0.836833837565,0.335549747891,0.836833837565,0.335549747891,1.89283003871e+50,4,0
3370,6.74,1,0.118189580739,0,-16.2701797485,0,0,-0.369252645791,-0.325551382057,0.118189579571,-0.660581059048,-0.487442225363,0.335029676991,-2.7155751481,-57.029310668,-16.270179168,-0.00012596344258,-0.0236877440154,0.11837149331,-0.59595772025,1.03365897347e-06,-0.000258414743365,0.118245529868,-0.369902110444,-0.323957082252,-0.619645464265,-0.391633588677,-0.326483921344,-0.509879118545,0.293161542921,-20.1789343619,-16.270179168,-59.7196865108,-0.369252645791,-0.325551382057,-0.487442225363,0.335029676991,-0.487442225363,0.335029676991,-0.0251993053264,4,0
3370,6.74,2,-0.25549313426,0,-3.59999990463,0,0,0.586565807969,0.406939225517,-0.255493132104,0.215332996058,0.842058940073,0.191606229459,0.74654965262,-1.0241554071e+54,-3.6,8.53462839246e+51,0.0825315454504,-0.26,0,-1.29207372679e-06,0.000323018431691,8.53462839246e+51,0.587377638781,0.404946350745,0.0825315454504,-8.51983700876e+50,-3.54993208698e+49,-9.38661209334e+51,-3.54993208698e+49,-17.6072212357,-3.6,-1.1265709478e+54,0.586565807969,0.406939225517,0.842058940073,0.191606229459,0.842058940073,0.191606229459,1.0241554071e+53,4,0
3380,6.76,1,0.0976174622774,0,-18,0,0,-0.375667465089,-0.315595000607,0.0976174608265,-1.33861674868,-0.473284925916,1.02302174808,-2.60708729428,-51.9224504236,-18,-0.000146416435102,-0.0275026822554,0.0978279874961,-1.26397910123,1.42303717876e-06,-0.000355759294693,0.097681571061,-0.376296614669,-0.313507512079,-1.29148178349,-0.397112131556,-0.316488528376,-0.494793702617,0.974993255113,-20.9181832547,-18,-54.5002780384,-0.375667465089,-0.315595000607,-0.473284925916,1.02302174808,-0.473284925916,1.02302174808,-0.0292596794767,4,0
3380,6.76,2,-0.249562010169,0,-3.59999990463,0,0,0.59458433205,0.394493748608,-0.249562011828,0.369806743233,0.844146343878,0.0246870053751,0.709146592986,-5.54140771453e+56,-3.6,4.61783976211e+54,0.146906871588,-0.26,0.0962587610352,-1.77879648677e-06,0.000444699121689,4.61783976211e+54,0.59537076902,0.391884387929,0.243165632623,-4.60983657361e+53,-1.92076523901e+52,-5.07882341947e+54,-1.92076523901e+52,-33.8939383609,-3.6,-6.09554848598e+56,0.59458433205,0.394493748608,0.844146343878,0.0246870053751,0.844146343878,0.0246870053751,5.54140771453e+55,4,0
3390,6.78,1,0.0633466690779,0,-18,0,0,-0.381715880958,-0.287385370643,0.0633466700601,-2.01371705457,-0.445062551018,1.72633168393,-2.28584614531,-45.0011662256,-18,-0.000137247321648,-0.0259809945799,0.0635430871743,-1.94409243039,1.98783672883e-06,-0.000496959182211,0.0634058398526,-0.382287633621,-0.284385454129,-1.97007342497,-0.400501751456,-0.288168115247,-0.463907591309,1.68190530972,-19.716713109,-18,-47.2593844085,-0.381715880958,-0.287385370643,-0.445062551018,1.72633168393,-0.445062551018,1.72633168393,-0.0276279624396,4,0
3390,6.78,2,-0.240488067269,0,-3.59999990463,0,0,0.60214485184,0.359231710912,-0.240488070759,0.518179236116,0.842632922599,-0.158947525204,0.588094617216,-2.99829491168e+59,-3.6,2.49857909307e+57,0.20403420299,-0.26,0.129484269137,-2.48479592624e-06,0.00062119898155,2.49857909307e+57,0.602859542664,0.355481815247,0.333518472127,-2.49424880001e+56,-1.03927033334e+55,-2.74800397307e+57,-1.03927033334e+55,-22.8994072968,-3.6,-3.29812440285e+59,0.60214485184,0.359231710912,0.842632922599,-0.158947525204,0.842632922599,-0.158947525204,2.99829491168e+58,4,0
3400,6.8,1,0.016074443236,0,-18,0,0,-0.387223423022,-0.268438583087,0.0160744434808,-2.64357724224,-0.403297866503,2.37513865916,-3.50049408128,-36.7299082335,-18,-0.000127488261386,-0.0241464724885,0.016257120243,-2.578783784,2.49616547154e-07,-6.24041367869e-05,0.0161296319817,-0.387760111102,-0.26815682719,-2.60293025649,-0.416130052482,-0.269643025982,-0.432259684464,2.33328723051,-18.3539874137,-18,-40.2047259831,-0.387223423022,-0.268438583087,-0.403297866503,2.37513865916,-0.403297866503,2.37513865916,-0.0256763316251,4,0
3400,6.8,2,-0.228800013661,0,-3.59999990463,0,0,0.609029279371,0.335548226332,-0.228800017663,0.635912577035,0.837829297034,-0.300364350703,0.953080805085,-1.62229037106e+62,-3.6,1.35190864255e+60,0.260133581258,-0.26,0.117164370407,-3.12020685733e-07,7.8005171431e-05,1.35190864255e+60,0.609700139465,0.335196031458,0.377297951664,-1.34956564664e+59,-5.62319019433e+57,-1.48686520722e+60,-5.62319019433e+57,-6.34800467212,-3.6,-1.78451940817e+62,0.609029279371,0.335548226332,0.837829297034,-0.300364350703,0.837829297034,-0.300364350703,1.62229037106e+61,4,0
3410,6.82,1,-0.0433034598827,0,-18,0,0,-0.39243706946,-0.247068763262,-0.0433034595024,-3.22863023229,-0.349133609958,2.98156146903,-2.17928150884,-27.1847769934,-18,-0.00011917820962,-0.0225914983841,-0.0431325315273,-3.16797049956,2.38717791468e-06,-0.000596794478666,-0.0432517097369,-0.392927658827,-0.243504300098,-3.19056199794,-0.410366441012,-0.24781582041,-0.367114731275,2.94274617753,-16.8391452158,-18,-29.3400368653,-0.39243706946,-0.247068763262,-0.349133609958,2.98156146903,-0.349133609958,2.98156146903,-0.0240216368995,4,0
3410,6.82,2,-0.215011894703,0,-3.59999990463,0,0,0.615546337367,0.308835951412,-0.215011887882,0.731608057264,0.830558225248,-0.422772105852,0.526616531678,-8.77774243552e+64,-3.6,7.31478536293e+62,0.295131335795,-0.26,0.178964370571,-2.98397240728e-06,0.000745993101824,7.31478536293e+62,0.61615957407,0.304380372436,0.474095706366,-7.30210809194e+61,-3.04254503831e+60,-8.04499617213e+62,-3.04254503831e+60,-31.8335079105,-3.6,-9.65551667907e+64,0.615546337367,0.308835951412,0.830558225248,-0.422772105852,0.830558225248,-0.422772105852,8.77774243552e+63,4,0
3420,6.84,1,-0.113873742521,0,-18,0,0,-0.397025967631,-0.21372227684,-0.113873739471,-3.76703059994,-0.28315222816,3.5533083231,-2.78894553196,-16.3951801177,-18,-0.00011108325457,-0.0210831678363,-0.113714303014,-3.71041703816,1.41410153615e-06,-0.000353525384031,-0.113825386268,-0.397451165487,-0.211538351942,-3.731500206,-0.420040423354,-0.214681212495,-0.306215037086,3.5168189935,-15.1860584439,-18,-19.1617094828,-0.397025967631,-0.21372227684,-0.28315222816,3.5533083231,-0.28315222816,3.5533083231,-0.0224161668911,4,0
3420,6.84,2,-0.199492409825,0,-3.59999990463,0,0,0.621282460025,0.267152843206,-0.19949240436,0.811468888586,0.820774864385,-0.54431604538,0.689054540047,-4.74938171604e+67,-3.6,3.9578180967e+65,0.340497801186,-0.26,0.154304102028,-1.76762692672e-06,0.000441906731667,3.9578180967e+65,0.621813957339,0.264422937073,0.494801903214,-3.95095879324e+64,-1.64623283051e+63,-4.35291397602e+65,-1.64623283051e+63,-31.3256825069,-3.6,-5.22431988764e+67,0.621282460025,0.267152843206,0.820774864385,-0.54431604538,0.820774864385,-0.54431604538,4.74938171604e+66,4,0
3430,6.86,1,-0.194425180554,0,-16.2000007629,0,0,-0.401169346766,-0.200139370256,-0.194425187738,-4.219235741,-0.206744159028,4.01909637075,-2.58268113343,-4.84400343989,-16.2,-8.08007477767e-05,-0.0156198236608,-0.194310243315,-4.17839812349,1.92233188306e-06,-0.000480582970765,-0.194391044063,-0.401566863594,-0.197316665237,-4.19401794715,-0.422516383445,-0.201028830118,-0.228125339382,3.99298911703,-11.6565527236,-16.2,-7.41009514069,-0.401169346766,-0.200139370256,-0.206744159028,4.01909637075,-0.206744159028,4.01909637075,-0.0165894326342,4,0
3430,6.86,2,-0.182703435421,0,-3.59999990463,0,0,0.626461683886,0.250174209914,-0.182703437123,0.850827951065,0.809165121009,-0.600653741151,0.615814082431,-2.56975262721e+70,-3.6,2.14146052267e+68,0.35451610657,-0.26,0.217355917841,-2.4029148622e-06,0.000600728715559,2.14146052267e+68,0.626958579916,0.246645828628,0.571872024411,-2.13774915261e+67,-8.90728813589e+65,-2.35523543793e+68,-8.90728813589e+65,-35.1475541613,-3.6,-2.82672788993e+70,0.626461683886,0.250174209914,0.809165121009,-0.600653741151,0.809165121009,-0.600653741151,2.56975262721e+69,4,0
3440,6.88,1,-0.282415658236,0,-14.1999998093,0,0,-0.404822493156,-0.163078333653,-0.282415669365,-4.52639940343,-0.122406823791,4.36332106977,-2.17684292795,7.05573991796,-14.2,-4.42740811121e-05,-0.00876274772186,-0.282352250618,-4.50368681248,2.52967198316e-06,-0.000632417995784,-0.282396524699,-0.405144801551,-0.159256943655,-4.51244956021,-0.422854095717,-0.163829650426,-0.140457571018,4.34861990978,-7.95579097871,-14.2,4.8881910267,-0.404822493156,-0.163078333653,-0.122406823791,4.36332106977,-0.122406823791,4.36332106977,-0.00929403669521,4,0
3440,6.88,2,-0.166049927473,0,-3.59999990463,0,0,0.631028116814,0.203847914014,-0.166049923335,0.807265347569,0.797078040149,-0.603417433556,0.458005837816,-1.39041857653e+73,-3.6,1.15868214711e+71,0.330695583841,-0.26,0.20262312916,-3.16208998741e-06,0.000790522496865,1.15868214711e+71,0.631431002302,0.199071176504,0.533318713001,-1.15667403247e+70,-4.8194751353e+68,-1.27434955036e+71,-4.8194751353e+68,-11.5005037202,-3.6,-1.52946043419e+73,0.631028116814,0.203847914014,0.797078040149,-0.603417433556,0.797078040149,-0.603417433556,1.39041857653e+72,4,0
3450,6.9,1,-0.375064492226,0,-12.1999998093,0,0,-0.40778208478,-0.13938329373,-0.375064481136,-4.70085856097,-0.0327176036439,4.56147526724,-3.66358732761,18.8556647492,-12.2,-1.48418121932e-05,-0.00322255621199,-0.375042438241,-4.69268900077,3.12645208389e-07,-7.81613020908e-05,-0.375057280054,-0.40806061426,-0.139030256297,-4.69591155699,-0.438230778045,-0.140651989282,-0.0631734979916,4.5552595677,-4.32985399611,-12.2,15.1954780795,-0.40778208478,-0.13938329373,-0.0327176036439,4.56147526724,-0.0327176036439,4.56147526724,-0.00340065795831,4,0
3450,6.9,2,-0.151096537709,0,-3.59999990463,0,0,0.634727606282,0.174229114037,-0.151096536909,0.689669373503,0.78582414319,-0.515440259466,0.900919112294,-7.52315144075e+75,-3.6,6.26929286729e+73,0.291971528048,-0.26,0.115019668704,-3.90806511485e-07,9.77016278697e-05,6.26929286729e+73,0.635075768126,0.173787817245,0.406991196751,-6.2584275417e+72,-2.60767814237e+71,-6.89513562146e+73,-2.60767814237e+71,-11.5715474259,-3.6,-8.27546658482e+75,0.634727606282,0.174229114037,0.78582414319,-0.515440259466,0.78582414319,-0.515440259466,7.52315144075e+74,4,0
3460,6.92,1,-0.469898074865,0,-10.1999998093,0,0,-0.410379045424,-0.113310120779,-0.469898066649,-4.7594767002,0.0595190212242,4.64616657942,-2.03128856129,30.3802222265,-10.2,6.1660403505e-06,0.000751091705195,-0.469905399816,-4.76162113736,2.85395474431e-06,-0.000713488686078,-0.469899233776,-0.410601417003,-0.1090453235,-4.76087004565,-0.427283976964,-0.114014492926,0.0426152568119,4.64685555272,-0.815571995224,-10.2,28.3481085811,-0.410379045424,-0.113310120779,0.0595190212242,4.64616657942,0.0595190212242,4.64616657942,0.000825084189401,4,0
3460,6.92,2,-0.139230877161,0,-3.59999990463,0,0,0.637973807025,0.14163764778,-0.139230881186,0.506396575554,0.777204688211,-0.364758927774,0.370931909159,-4.07055893496e+78,-3.6,3.3921324458e+76,0.210971470441,-0.26,0.151061575745,-3.56744343666e-06,0.000891860859176,3.3921324458e+76,0.638251771492,0.136306651172,0.362033046186,-3.38625353341e+75,-1.41093897225e+74,-3.73075779914e+76,-1.41093897225e+74,-26.4739542012,-3.6,-4.47761482845e+78,0.637973807025,0.14163764778,0.777204688211,-0.364758927774,0.777204688211,-0.364758927774,4.07055893496e+77,4,0
3470,6.94,1,-0.564805924892,0,-8.19999980927,0,0,-0.412228944967,-0.0742040620631,-0.564805900642,-4.7211426562,0.152576955676,4.64693859414,-2.75637825731,41.5695182424,-8.2,1.83473202036e-05,0.00307627597471,-0.564830099056,-4.72919662406,1.61133805709e-06,-0.00040283451428,-0.564811751736,-0.412374788881,-0.0717134537308,-4.72612034808,-0.435186377489,-0.0751606217515,0.129625374247,4.65095972633,2.55923272564,-8.2,38.8098435413,-0.412228944967,-0.0742040620631,0.152576955676,4.64693859414,0.152576955676,4.64693859414,0.00329644381716,4,0
3470,6.94,2,-0.131677314639,0,-3.59999990463,0,0,0.640286181388,0.0927550743126,-0.131677310191,0.26557719807,0.771963491579,-0.172822123758,0.561436009555,-2.2024613187e+81,-3.6,1.83538443225e+79,0.116337055524,-0.26,0.0878140197645,-2.01417257362e-06,0.000503543143393,1.83538443225e+79,0.640468486274,0.089641813894,0.204151075289,-1.83220352335e+78,-7.6341813473e+76,-2.01860478458e+79,-7.6341813473e+76,-32.4724798287,-3.6,-2.42270745057e+81,0.640286181388,0.0927550743126,0.771963491579,-0.172822123758,0.771963491579,-0.172822123758,2.2024613187e+80,4,0
3480,6.96,1,-0.658055186272,0,-6.19999980927,0,0,-0.413564082252,-0.0587543841433,-0.658055209637,-4.60435877368,0.244491127385,4.54560438954,-2.47956040449,52.0983708486,-6.2,2.25616413787e-05,0.00390607337699,-0.658085042824,-4.61437305291,2.17257600205e-06,-0.000543144000518,-0.658062481182,-0.41367846544,-0.0555621624078,-4.61046697954,-0.434226020977,-0.0596152982568,0.223836460206,4.55085168128,5.77602453257,-6.2,49.6146336311,-0.413564082252,-0.0587543841433,0.244491127385,4.54560438954,0.244491127385,4.54560438954,0.00417681307354,4,0
3480,6.96,2,-0.129494562745,0,-3.59999990463,0,0,0.641955102929,0.0734429768933,-0.129494560472,-0.0243505851098,0.771449663401,0.0977935620031,0.461996829026,-1.1916879077e+84,-3.6,9.93073256415e+81,0.0137273002106,-0.26,0,-2.7157200051e-06,0.000678930001275,9.93073256415e+81,0.642098081908,0.0694526997203,0.0137273002106,-9.91352158917e+80,-4.13063399549e+79,-1.09220847231e+82,-4.13063399549e+79,1.81839653302,-3.6,-1.31085669847e+84,0.641955102929,0.0734429768933,0.771449663401,0.0977935620031,0.771449663401,0.0977935620031,1.1916879077e+83,4,0
3490,6.98,1,-0.748256802559,0,-4.19999980927,0,0,-0.414348670313,-0.0176434389852,-0.748256784833,-4.42492883641,0.33390811452,4.40728539743,-2.04217205921,62.1331533388,-4.2,2.07095133088e-05,0.00359044324056,-0.748283756242,-4.43391951601,2.74377179621e-06,-0.000685942949058,-0.748263046729,-0.414379777294,-0.0134956614068,-4.43032907277,-0.431369212566,-0.0183526282458,0.316893834163,4.41197644453,8.82404993672,-4.2,60.0871423222,-0.414348670313,-0.0176434389852,0.33390811452,4.40728539743,0.33390811452,4.40728539743,0.00383895740027,4,0
3490,6.98,2,-0.133569151163,0,-3.59999990463,0,0,0.642935837939,0.0220542954143,-0.133569155256,-0.354675676827,0.776504993195,0.376729972242,0.288021441749,-6.44787746008e+86,-3.6,5.37323121673e+84,-0.0672856598752,-0.26,0,-3.42971474609e-06,0.000857428686521,5.37323121673e+84,0.642974721658,0.01686957344,-0.0672856598752,-5.36391885761e+83,-2.23496619067e+82,-5.9096231025e+84,-2.23496619067e+82,-32.6131558818,-3.6,-7.09266520609e+86,0.642935837939,0.0220542954143,0.776504993195,0.376729972242,0.776504993195,0.376729972242,6.44787746008e+85,4,0
3500,7,1,-0.834294080734,0,-2.20000004768,0,0,-0.414376877172,0.007730006932,-0.834294100697,-4.194600068,0.419917223525,4.20233007493,-3.60881179038,71.4201525748,-2.2,1.51501188688e-05,0.0025687728846,-0.834313066936,-4.20076432941,3.35168651389e-07,-8.3792162847e-05,-0.834297916818,-0.41436116275,0.00810858760655,-4.19819555652,-0.444421070154,0.00647816555776,0.389876846664,4.20467372208,11.6982209249,-2.2,67.8085902101,-0.414376877172,0.007730006932,0.419917223525,4.20233007493,0.419917223525,4.20233007493,0.00275057431102,4,0
3500,7,2,-0.144614055753,0,-3.59999990463,0,0,0.642971096446,-0.00966251198297,-0.1446140627,-0.716824385246,0.787585159146,0.707161873263,0.751610450233,-3.48875938672e+89,-3.6,2.90729948893e+87,-0.168575135834,-0.26,0,-4.18960814264e-07,0.000104740203557,2.90729948893e+87,0.642951453412,-0.0101357378262,-0.168575135834,-2.90226084164e+86,-1.20927535068e+85,-3.1975255731e+87,-1.20927535068e+85,-25.2371069372,-3.6,-3.83763532539e+89,0.642971096446,-0.00966251198297,0.787585159146,0.707161873263,0.787585159146,0.707161873263,3.48875938672e+88,4,0
3510,7.02,1,-0.915238440037,0,-0.20000000298,0,0,-0.414020698899,0.0351285840496,-0.915238435982,-3.92088522462,0.501217737082,3.95601380867,-1.87726302649,79.9332072065,-0.2,8.11107026833e-06,0.00125891878615,-0.915247396552,-3.92352569804,2.95098319419e-06,-0.000737745798555,-0.915239285482,-0.413946043008,0.039541183246,-3.92226677926,-0.429648727556,0.0344774161889,0.485590557926,3.95674419545,14.3973570133,-0.2,78.0545879283,-0.414020698899,0.0351285840496,0.501217737082,3.95601380867,0.501217737082,3.95601380867,0.00135625162937,4,0
3510,7.02,2,-0.163177102804,0,-3.59999990463,0,0,0.64252587354,-0.0439107333698,-0.163177100464,-1.10286918549,0.805702974004,1.05895845212,0.186879037396,-1.88766646603e+92,-3.6,1.57305538835e+90,-0.249203031186,-0.26,0,-3.68872899059e-06,0.00092218224766,1.57305538835e+90,0.642432553668,-0.0494264823621,-0.249203031186,-1.57032912252e+89,-6.54303801049e+87,-1.73008830061e+90,-6.54303801049e+87,-26.1450995757,-3.6,-2.07643311263e+92,0.64252587354,-0.0439107333698,0.805702974004,1.05895845212,0.805702974004,1.05895845212,1.88766646603e+91,4,0
3520,7.04,1,-0.990270614624,0,1.79999995232,0,0,-0.412891933308,0.0749277710729,-0.990270585829,-3.60773288477,0.57737865252,3.68266065585,-2.6241202163,87.6949482656,1.8,1.33176973132e-06,-1.09939987621e-05,-0.99026998069,-3.60700971335,1.5998152636e-06,-0.000399953815901,-0.990268648921,-0.412739528254,0.0774023883473,-3.60702070735,-0.43472174436,0.0740181956124,0.555546904561,3.68103890296,16.9231131504,1.8,85.0708230621,-0.412891933308,0.0749277710729,0.57737865252,3.68266065585,0.57737865252,3.68266065585,4.98723801375e-06,4,0
3520,7.04,2,-0.189658328891,0,-3.59999990463,0,0,0.641114916485,-0.0936597171063,-0.189658330614,-1.5059032768,0.830773247099,1.41224355969,0.38085939182,-1.02136154775e+95,-3.6,8.51134623127e+92,-0.370502028313,-0.26,0,-1.999769077e-06,0.000499942269252,8.51134623127e+92,0.640924410161,-0.0967529886953,-0.370502028313,-8.49659519794e+91,-3.54024799914e+90,-9.36100575106e+92,-3.54024799914e+90,-0.125902733966,-3.6,-1.12349770253e+95,0.641114916485,-0.0936597171063,0.830773247099,1.41224355969,0.830773247099,1.41224355969,1.02136154775e+94,4,0
3530,7.06,1,-1.05862057209,0,3.79999995232,0,0,-0.411245853033,0.0902426141741,-1.05862052177,-3.2565400804,0.647374668733,3.34678269458,-2.31281513475,94.4066854298,3.8,-4.03468476941e-06,-0.00102217857344,-1.05861240007,-3.25317833193,2.1413487844e-06,-0.000535337196094,-1.05861643475,-0.411062283497,0.0933907795598,-3.2542005105,-0.430477003452,0.0894413162399,0.628139431301,3.34364182674,19.279415723,3.8,92.0949408899,-0.411245853033,0.0902426141741,0.647374668733,3.34678269458,0.647374668733,3.34678269458,-0.00107059479067,4,0
3530,7.06,2,-0.224332362413,0,-3.59999990463,0,0,0.639057316076,-0.112803270957,-0.22433236233,-1.92017485747,0.863389678406,1.80737158652,0.268170605783,-5.52629095236e+97,-3.6,4.6052424603e+95,-0.456782220454,-0.26,0,-2.67668597664e-06,0.000669171494165,4.6052424603e+95,0.63882785415,-0.116738477684,-0.456782220454,-4.59726110422e+94,-1.91552546009e+93,-5.06496857072e+95,-1.91552546009e+93,-3.02842638103,-3.6,-6.0789200476e+97,0.639057316076,-0.112803270957,0.863389678406,1.80737158652,0.863389678406,1.80737158652,5.52629095236e+96,4,0
3540,7.08,1,-1.11984145641,0,5.80000019073,0,0,-0.409060234286,0.130077277836,-1.11984146318,-3.02412409235,0.710781228892,3.15420137018,-1.90065920387,100.224958647,5.8,-7.3689733765e-06,-0.0016559327212,-1.11951477762,-2.8621726234,2.60239814631e-06,-0.000650599536584,-1.1195221466,-0.40879610974,0.134014071461,-2.86382855612,-0.424857099535,0.129419075117,0.694665047063,2.99324763124,21.4720907657,5.8,98.3260438037,-0.409060234286,0.130077277836,0.710781228892,3.15420137018,0.710781228892,3.15420137018,-0.00174436040172,4,0
3540,7.08,2,-0.259999990463,0,-3.59999990463,0,0,0.636325292577,-0.162596600447,-0.266360580233,-1.83589093889,0.90268587281,1.67329433845,0.100605789923,-2.99011567034e+100,-3.6,2.49176305861e+98,-0.542520748959,-0.26,0,-3.2529976759e-06,0.000813249418962,2.49176305861e+98,0.635995136889,-0.167517592468,-0.542520748959,-2.48744457844e+97,-1.03643524102e+96,-2.74050751646e+98,-1.03643524102e+96,6.27599169566,-3.6,-3.28912723737e+100,0.636325292577,-0.162596600447,0.90268587281,1.67329433845,0.90268587281,1.67329433845,2.99011567034e+99,4,4
3550,7.1,1,-1.18530154228,0,7.80000019073,0,0,-0.406153401997,0.153841834972,-1.18530155447,-3.30073161273,0.779148152468,3.4545734477,-3.34424132305,110.461724303,7.8,-0.000216229012896,-0.0428190944389,-1.18500833891,-3.19797594909,3.14268818025e-07,-7.8567204501e-05,-1.18522456792,-0.405845479578,0.154196911302,-3.24079504353,-0.433595987623,0.152698393904,0.751628580297,3.39349343743,24.4212829885,7.8,107.162896823,-0.406153401997,0.153841834972,0.779148152468,3.4545734477,0.779148152468,3.4545734477,-0.0454138425936,4,0
3550,7.1,2,-0.259999990463,0,-3.59999990463,0,0,0.632691752155,-0.192302296796,-0.27587575014,0.109479935616,0.908567502295,-0.301782232412,0.524814617214,-1.61786482092e+103,-3.6,1.3482206841e+101,0.0299612150487,-0.26,0,-3.92836021601e-07,9.820900539e-05,1.3482206841e+101,0.632306849124,-0.192746142208,0.0299612150487,-1.34588407979e+100,-5.60785033248e+98,-1.48280909208e+101,-5.60785033248e+98,-19.1153547047,-3.6,-1.77965130301e+103,0.632691752155,-0.192302296796,0.908567502295,-0.301782232412,0.908567502295,-0.301782232412,1.61786482092e+102,4,4
3560,7.12,1,-1.24801588058,0,9.80000019073,0,0,-0.402890230017,0.179016152577,-1.24801582381,-2.96486150652,0.845125593789,3.14387765909,-1.73770901896,117.040176959,9.8,-6.22230656049e-05,-0.0119760736304,-1.24792965415,-2.93460363285,2.66569259816e-06,-0.000666423149533,-1.24799187722,-0.40252821881,0.183004872796,-2.94657970648,-0.417240202442,0.178418237059,0.830751674776,3.12499794353,26.6224677599,9.8,115.315190691,-0.402890230017,0.179016152577,0.845125593789,3.14387765909,0.845125593789,3.14387765909,-0.0127227504177,4,0
3560,7.12,2,-0.259999990463,0,-3.59999990463,0,0,0.628612787118,-0.223770193715,-0.270816156493,0.278466930547,0.899428943612,-0.502237124262,-0.00151835281627,-8.75379706791e+105,-3.6,7.29483088993e+103,0.114364421852,-0.26,0.0207551627933,-3.33211573733e-06,0.00083302893434,7.29483088993e+103,0.628160273104,-0.228756093973,0.135119584646,-7.28218820208e+102,-3.0342450842e+101,-8.02304971013e+103,-3.0342450842e+101,-11.7769109185,-3.6,-9.6291767747e+105,0.628612787118,-0.223770193715,0.899428943612,-0.502237124262,0.899428943612,-0.502237124262,8.75379706791e+104,4,4
3570,7.14,1,-1.30230093002,0,11.8000001907,0,0,-0.398929038209,0.214352224646,-1.30230090111,-2.50054986423,0.903371862898,2.71490208888,-2.40940684769,121.909580061,11.8,-4.29789794495e-05,-0.00805820186111,-1.3022398425,-2.47901478701,1.38102600844e-06,-0.000345256502114,-1.30228282148,-0.398498129251,0.216490248116,-2.48707298887,-0.418901304952,0.213520046865,0.883381516531,2.70059303574,28.5469150644,11.8,119.508747162,-0.398929038209,0.214352224646,0.903371862898,2.71490208888,0.903371862898,2.71490208888,-0.0085739496145,4,0
3570,7.14,2,-0.259999990463,0,-3.59999990463,0,0,0.6236612973,-0.267940283648,-0.26623594642,0.182255879805,0.88989724372,-0.450196163454,0.170752309696,-4.73642557248e+108,-3.6,3.9470213104e+106,0.0783249404603,-0.26,0.044018087944,-1.72628250372e-06,0.000431570625929,3.9470213104e+106,0.623122661098,-0.270612812976,0.122343028404,-3.94018071887e+105,-1.6417419662e+104,-4.34103938229e+106,-1.6417419662e+104,-16.1504613217,-3.6,-5.21006812973e+108,0.6236612973,-0.267940283648,0.88989724372,-0.450196163454,0.88989724372,-0.450196163454,4.73642557248e+107,4,4
3580,7.16,1,-1.34680366516,0,13.8000001907,0,0,-0.394515000768,0.227548095501,-1.34680363182,-1.99502770617,0.952288631049,2.22257580167,-2.10369752854,125.315428813,13.8,-4.42333647498e-05,-0.00826269829555,-1.34674062126,-1.97279847621,1.83269591891e-06,-0.00045817397973,-1.34678485463,-0.394057261134,0.230244339257,-1.98106117451,-0.41194227866,0.226821958922,0.934842575966,2.20788313343,30.3230085754,13.8,123.220524783,-0.394515000768,0.227548095501,0.952288631049,2.22257580167,0.952288631049,2.22257580167,-0.00879349867255,4,0
3580,7.16,2,-0.259999990463,0,-3.59999990463,0,0,0.618143750443,-0.28443512215,-0.263603623733,0.0959524946102,0.881747374176,-0.38038761676,0.0593327215297,-2.56274243389e+111,-3.6,2.13561869491e+109,0.0377330313227,-0.26,0,-2.29086988901e-06,0.000572717472254,2.13561869491e+109,0.617571575894,-0.287805426831,0.0377330313227,-2.13191744934e+108,-8.88298937224e+106,-2.34881043984e+109,-8.88298937224e+106,-27.5846486032,-3.6,-2.81901667728e+111,0.618143750443,-0.28443512215,0.881747374176,-0.38038761676,0.881747374176,-0.38038761676,2.56274243389e+110,4,4
3590,7.18,1,-1.3808504343,0,15.8000001907,0,0,-0.38964233632,0.260945638175,-1.38085038756,-1.45816483003,0.99120805124,1.71911046821,-1.7698470124,127.466591524,15.8,-4.55208367157e-05,-0.00851302355725,-1.38078563413,-1.43532799557,2.12386690829e-06,-0.000530966727067,-1.38083115496,-0.389117199299,0.264161410655,-1.44384101912,-0.404290137267,0.260335313136,0.976541017696,1.70417633226,31.9804752341,15.8,125.705803785,-0.38964233632,0.260945638175,0.99120805124,1.71911046821,0.99120805124,1.71911046821,-0.00905927359784,4,0
3590,7.18,2,-0.259999990463,0,-3.59999990463,0,0,0.612052919829,-0.326182050298,-0.262287261494,0.0459429792484,0.874340181323,-0.372125029547,-0.0802167396032,-1.38662556436e+114,-3.6,1.15552130363e+112,0.0226187018229,-0.26,0,-2.65483362138e-06,0.000663708405342,1.15552130363e+112,0.611396498548,-0.330201765877,0.0226187018229,-1.15351866706e+111,-4.8063277794e+109,-1.27087317034e+112,-4.8063277794e+109,3.72107467353,-3.6,-1.52528812079e+114,0.612052919829,-0.326182050298,0.874340181323,-0.372125029547,0.874340181323,-0.372125029547,1.38662556436e+113,4,4
3600,7.2,1,-1.40381169319,0,17.7999992371,0,0,-0.384177063894,0.280022453751,-1.40381170394,-0.889633910511,1.01963464005,1.16965636426,-2.90294969679,128.130767039,17.8,-4.54262533038e-05,-0.00850042420372,-1.40374712027,-0.866858946597,2.52653417243e-07,-6.31633543127e-05,-1.40379254653,-0.383616826828,0.280308023291,-0.875359370801,-0.408251136609,0.279019367387,0.995541409917,1.15437873819,33.5313545448,17.8,125.236862881,-0.384177063894,0.280022453751,1.01963464005,1.16965636426,1.01963464005,1.16965636426,-0.00904553924336,4,0
3600,7.2,2,-0.259999990463,0,-3.59999990463,0,0,0.605221329247,-0.350028069633,-0.261680036782,0.0203647268708,0.866901366029,-0.370392796504,0.249527327676,-7.50262855253e+116,-3.6,6.25219046044e+114,0.0112417907544,-0.26,0,-3.15816769736e-07,7.89541924441e-05,6.25219046044e+114,0.604521032909,-0.350385031557,0.0112417907544,-6.24135477506e+113,-2.60056448961e+112,-6.87632593794e+114,-2.60056448961e+112,-31.1281874687,-3.6,-8.25289140778e+116,0.605221329247,-0.350028069633,0.866901366029,-0.370392796504,0.866901366029,-0.370392796504,7.50262855253e+115,4,4
3610,7.22,1,-1.41521298885,0,18,0,0,-0.378429663337,0.299711015434,-1.41521293103,-0.313005632873,1.03678326769,0.612716648307,-1.62912549694,127.389496279,18,-5.33126267173e-05,-0.00990141699464,-1.41513657185,-0.286041515987,2.03504420659e-06,-0.000508761051646,-1.41518988448,-0.37782719772,0.302759092056,-0.295942932982,-0.39189448964,0.299149981005,1.02329539484,0.595092913987,33.2137769487,18,125.770911951,-0.378429663337,0.299711015434,1.03678326769,0.612716648307,1.03678326769,0.612716648307,-0.0105411685152,4,0
3610,7.22,2,-0.259999990463,0,-3.59999990463,0,0,0.598037078503,-0.374638771585,-0.261418451892,0.00882276598325,0.859455530395,-0.383461537568,-0.170355818791,-4.05945459568e+119,-3.6,3.38287882973e+117,0.00437945507426,-0.26,0,-2.5438052409e-06,0.000635951310219,3.38287882973e+117,0.597283996477,-0.378448867336,0.00437945507426,-3.37701595481e+116,-1.40708998117e+115,-3.72058042521e+117,-1.40708998117e+115,-5.64768821178,-3.6,-4.46540005525e+119,0.598037078503,-0.374638771585,0.859455530395,-0.383461537568,0.859455530395,-0.383461537568,4.05945459568e+118,4,4
3620,7.24,1,-1.41542088985,0,18,0,0,-0.372149243447,0.326005954827,-1.41542085898,0.232571948952,1.04327161554,0.0934340058745,-2.13815299132,125.554337883,18,-6.41579042475e-05,-0.0119351424816,-1.41532917039,0.264931557146,9.83315861125e-07,-0.000245828965276,-1.4153933283,-0.371495657642,0.327530389662,0.252996414664,-0.389830612909,0.325269231099,1.02556271539,0.0722728164352,32.668666883,18,123.428889929,-0.372149243447,0.326005954827,1.04327161554,0.0934340058745,1.04327161554,0.0934340058745,-0.0127050373326,4,0
3620,7.24,2,-0.259999990463,0,-3.59999990463,0,0,0.590186553597,-0.407507445582,-0.261299012192,0.00431187508447,0.851485565789,-0.411819320667,-0.0422617629865,-2.19645308295e+122,-3.6,1.83037756912e+120,0.00179681202233,-0.26,0,-1.22914481593e-06,0.000307286203977,1.83037756912e+120,0.589369571336,-0.40941298911,0.00179681202233,-1.82720533763e+119,-7.61335557347e+117,-2.01309810288e+120,-7.61335557347e+117,-3.03067905657,-3.6,-2.41609839124e+122,0.590186553597,-0.407507445582,0.851485565789,-0.411819320667,0.851485565789,-0.411819320667,2.19645308295e+121,4,4
3630,7.26,1,-1.40504539013,0,18,0,0,-0.365539116071,0.335373242631,-1.40504541488,0.74870462712,1.03950629881,-0.413331384489,-1.87713422759,122.55393608,18,-7.34381842035e-05,-0.0136788577069,-1.40494064734,0.785664151208,1.28660538978e-06,-0.000321651347444,-1.40501408553,-0.364866509481,0.33726824886,0.771985293501,-0.38103366674,0.334727636353,1.02398041879,-0.437257657148,32.0978478974,18,120.691361969,-0.365539116071,0.335373242631,1.03950629881,-0.413331384489,1.03950629881,-0.413331384489,-0.0145601159174,4,0
3630,7.26,2,-0.259999990463,0,-3.59999990463,0,0,0.581923894337,-0.419216555237,-0.261236555148,0.00245867723308,0.843160449485,-0.42167523247,-0.138127683813,-1.18843702568e+125,-3.6,9.90364188068e+122,0.000939716769895,-0.26,0.00801699550755,-1.60825672302e-06,0.000402064180743,9.90364188068e+122,0.581083136096,-0.421585313003,0.00895671227745,-9.88647785662e+121,-4.11936577359e+120,-1.08922896663e+123,-4.11936577359e+120,-15.7836869067,-3.6,-1.30728072825e+125,0.581923894337,-0.419216555237,0.843160449485,-0.42167523247,0.843160449485,-0.42167523247,1.18843702568e+124,4,4
3640,7.28,1,-1.38464212418,0,18,0,0,-0.35861069126,0.358006795674,-1.38464207161,1.23862447432,1.02603138035,-0.880617678644,-1.66432047434,118.589537695,18,-8.04600598254e-05,-0.0150054719261,-1.38452746911,1.27903843845,1.37017491308e-06,-0.000342543728268,-1.38460792917,-0.357892576677,0.360084922789,1.26403296652,-0.372323130623,0.357435444033,1.01228479855,-0.906597522489,31.4965339976,18,116.941188213,-0.35861069126,0.358006795674,1.02603138035,-0.880617678644,1.02603138035,-0.880617678644,-0.015970992644,4,0
3640,7.28,2,-0.259999990463,0,-3.59999990463,0,0,0.573263363287,-0.447508496264,-0.2611976182,0.00169957719062,0.834460981487,-0.449208073454,-0.231729817301,-6.43028788085e+127,-3.6,5.35857323404e+125,0.0325678764905,-0.26,0,-1.71271862226e-06,0.000428179655563,5.35857323404e+125,0.572365720055,-0.45010615513,0.0325678764905,-5.34928627869e+124,-2.22886928279e+123,-5.89350186191e+125,-2.22886928279e+123,-25.6783136933,-3.6,-7.07331666893e+127,0.573263363287,-0.447508496264,0.834460981487,-0.449208073454,0.834460981487,-0.449208073454,6.43028788085e+126,4,4
3650,7.3,1,-1.35468757153,0,18,0,0,-0.351295040248,0.369924344284,-1.3546876194,1.70682036305,1.00339257915,-1.33689601876,-2.33963165601,113.585465893,18,-8.44775569912e-05,-0.0157752380706,-1.35456748001,1.74917241933,1.58305125064e-07,-3.95762812675e-05,-1.35465195757,-0.350555070887,0.370103409645,1.73339718126,-0.370618514943,0.369119199505,0.984033442623,-1.36427798175,30.8543045926,18,111.262623206,-0.351295040248,0.369924344284,1.00339257915,-1.33689601876,1.00339257915,-1.33689601876,-0.0167889687545,4,0
3650,7.3,2,-0.259999990463,0,-3.59999990463,0,0,0.564118799491,-0.462405431848,-0.261167926398,0.00142385995866,0.825286725889,-0.463829291806,-0.0393081354871,-3.47924217582e+130,-3.6,2.89936847985e+128,0.00101604628085,-0.26,0,-1.97881403929e-07,4.94703509737e-05,2.89936847985e+128,0.563193837786,-0.462629263546,0.00101604628085,-2.8943435778e+127,-1.20597649075e+126,-3.18880283763e+128,-1.20597649075e+126,-0.595112812794,-3.6,-3.8271663934e+130,0.564118799491,-0.462405431848,0.825286725889,-0.463829291806,0.825286725889,-0.463829291806,3.47924217582e+129,4,4
3660,7.32,1,-1.31555783749,0,18,0,0,-0.3438080242,0.38157636896,-1.31555784042,2.15873986204,0.971749816225,-1.77716349308,-1.56305330732,107.586860014,18,-8.48961167163e-05,-0.0158760218843,-1.31543729666,2.20122043392,1.14074261581e-06,-0.000285185653948,-1.31552219278,-0.343043157506,0.383288903854,2.18534441204,-0.35667034821,0.381040438793,0.958851844569,-1.80430397325,30.1559364995,18,106.040701482,-0.3438080242,0.38157636896,0.971749816225,-1.77716349308,0.971749816225,-1.77716349308,-0.0168947752849,4,0
3660,7.32,2,-0.259999990463,0,-3.59999990463,0,0,0.554760029402,-0.476970462493,-0.26114099225,0.00137417559074,0.815901021652,-0.478344638084,-0.298467368215,-1.88251697938e+133,-3.6,1.56876414948e+131,0.0140099922415,-0.26,0,-1.42592824781e-06,0.000356482061958,1.56876414948e+131,0.553803946032,-0.479111131078,0.0140099922415,-1.5660453208e+130,-6.52518883667e+128,-1.72536868156e+131,-6.52518883667e+128,-24.5469028815,-3.6,-2.07076867732e+133,0.554760029402,-0.476970462493,0.815901021652,-0.478344638084,0.815901021652,-0.478344638084,1.88251697938e+132,4,4
3670,7.34,1,-1.26751315594,0,18,0,0,-0.33602204543,0.395423495435,-1.26751315196,2.60034573345,0.931491106527,-2.20492223802,-1.8430104465,100.6233837,18,-8.13198476329e-05,-0.0152327303018,-1.26739788863,2.64095139896,4.58210755061e-07,-0.000114552688766,-1.26747920848,-0.335230459063,0.396136841197,2.62571866866,-0.351219010793,0.394790288545,0.916260197689,-2.23092838012,29.382278444,18,98.7965818221,-0.33602204543,0.395423495435,0.931491106527,-2.20492223802,0.931491106527,-2.20492223802,-0.0162085684734,4,0
3670,7.34,2,-0.259999990463,0,-3.59999990463,0,0,0.545027555917,-0.494279370285,-0.261113698819,0.00143635600006,0.806141254736,-0.495715726285,-0.231248267868,-1.01857530996e+136,-3.6,8.48812758298e+133,0.0269405557036,-0.26,0,-5.7276343135e-07,0.00014319085785,8.48812758298e+133,0.544038072957,-0.495171052468,0.0269405557036,-8.47341678994e+132,-3.53059032914e+131,-9.33546926198e+133,-3.53059032914e+131,-33.0462028638,-3.6,-1.12043284095e+136,0.545027555917,-0.494279370285,0.806141254736,-0.495715726285,0.806141254736,-0.495715726285,1.01857530996e+135,4,4
3680,7.36,1,-1.21069312096,0,18,0,0,-0.328072213066,0.399748607191,-1.21069310004,3.03768804282,0.882620886973,-2.63793943563,-1.66009250362,92.60705266,18,-7.35367892729e-05,-0.0138047764864,-1.21058909459,3.07431289125,5.73826773043e-07,-0.000143456693256,-1.21066263138,-0.327271880075,0.400596865525,3.06050811476,-0.341760159983,0.399178276069,0.868902471398,-2.66132983869,28.5110196103,18,90.9616473743,-0.328072213066,0.399748607191,0.882620886973,-2.63793943563,0.882620886973,-2.63793943563,-0.0146872179577,4,0
3680,7.36,2,-0.259999990463,0,-3.59999990463,0,0,0.535090265443,-0.49968575986,-0.26108444776,0.0015583526949,0.796174713203,-0.501244112554,-0.299221130339,-5.51121542818e+138,-3.6,4.59267952348e+136,0.00429534172735,-0.26,0,-7.17283449303e-07,0.000179320862319,4.59267952348e+136,0.534089849203,-0.500746082752,0.00429534172735,-4.58471994025e+135,-1.9102999751e+134,-5.0511515175e+136,-1.9102999751e+134,-22.2025875931,-3.6,-6.06233697099e+138,0.535090265443,-0.49968575986,0.796174713203,-0.501244112554,0.796174713203,-0.501244112554,5.51121542818e+137,4,4
3690,7.38,1,-1.14511871338,0,18,0,0,-0.319985650343,0.408685846751,-1.14511871331,3.47654144698,0.825133062972,-3.06785560023,-1.5955371186,83.5790052109,18,-6.14897862303e-05,-0.011580629003,-1.14503201723,3.50705399371,4.38967855565e-07,-0.000109741963889,-1.14509350701,-0.319167594607,0.409357093633,3.49547336471,-0.333156273113,0.408137070802,0.811937233902,-3.0873362939,27.5173643412,18,81.9957865987,-0.319985650343,0.408685846751,0.825133062972,-3.06785560023,0.825133062972,-3.06785560023,-0.0123185064378,4,0
3690,7.38,2,-0.259999990463,0,-3.59999990463,0,0,0.524982062025,-0.510857308987,-0.261052333072,0.00171662624002,0.786034395097,-0.512573935227,-0.334804560611,-2.98195874167e+141,-3.6,2.48496561806e+139,0.00350264362412,-0.26,0,-5.48709797599e-07,0.000137177449405,2.48496561806e+139,0.523959492355,-0.511696367557,0.00350264362412,-2.48065891854e+138,-1.03360788273e+137,-2.73303150991e+139,-1.03360788273e+137,-14.0938845392,-3.6,-3.28015461583e+141,0.524982062025,-0.510857308987,0.786034395097,-0.512573935227,0.786034395097,-0.512573935227,2.98195874167e+140,4,4
3700,7.4,1,-1.07070147991,0,18,0,0,-0.311767410865,0.411900132544,-1.07070151719,3.92208955009,0.758934106321,-3.51018941755,-1.72529272208,73.4502608969,18,-4.52665906975e-05,-0.00857576944189,-1.07063804972,3.94440545341,4.344737492e-08,-1.08618437305e-05,-1.07068331632,-0.310943577046,0.411949494645,3.93582968397,-0.326044072939,0.411305271624,0.744639243376,-3.52452441235,26.3747308448,18,71.7340871434,-0.311767410865,0.411900132544,0.758934106321,-3.51018941755,0.758934106321,-3.51018941755,-0.00911896853026,4,0
3700,7.4,2,-0.259999990463,0,-3.59999990463,0,0,0.514709262669,-0.514875166026,-0.261016753223,0.00190127866937,0.775726015892,-0.516776444695,-0.304659624797,-1.61345134352e+144,-3.6,1.34454278627e+142,0.0262698218602,-0.26,0,-5.43092160132e-08,1.35773040115e-05,1.34454278627e+142,0.513679470395,-0.514936868649,0.0262698218602,-1.34221255613e+141,-5.59255231722e+139,-1.47876404188e+142,-5.59255231722e+139,3.85402918307,-3.6,-1.77479647787e+144,0.514709262669,-0.514875166026,0.775726015892,-0.516776444695,0.775726015892,-0.516776444695,1.61345134352e+143,4,4
3710,7.42,1,-0.987258970737,0,18,0,0,-0.303510770897,0.41400602471,-0.987258953589,4.37858828004,0.683748182692,-3.96458225533,-1.54635714642,62.1890511167,18,-2.51343125527e-05,-0.00483886038245,-0.987224244364,4.39076124846,9.86504075651e-08,-2.4662601894e-05,-0.987249378677,-0.302682596577,0.414161147854,4.38592238808,-0.316331984132,0.413471807492,0.670917394544,-3.97245058059,25.0556832085,18,60.6478344424,-0.303510770897,0.41400602471,0.683748182692,-3.96458225533,0.683748182692,-3.96458225533,-0.00514047213309,4,0
3710,7.42,2,-0.259999990463,0,-3.59999990463,0,0,0.504388462704,-0.517507531014,-0.260977249499,0.00210259755567,0.765365712204,-0.51961012857,-0.369519912341,-8.72991702241e+146,-3.6,7.27493085201e+144,0.0290279091133,-0.26,0,-1.23312985711e-07,3.08282464403e-05,7.27493085201e+144,0.503353244804,-0.517701434909,0.0290279091133,-7.26232265296e+143,-3.02596777207e+142,-8.0011631173e+144,-3.02596777207e+142,-10.0429708437,-3.6,-9.60290872465e+146,0.504388462704,-0.517507531014,0.765365712204,-0.51961012857,0.765365712204,-0.51961012857,8.72991702241e+145,4,4
3720,7.44,1,-0.894537568092,0,18,0,0,-0.295227957384,0.413611353064,-0.894537539876,4.84891952592,0.599309582492,-4.43530817286,-1.56084716525,49.7411910155,18,-1.6327741283e-06,-0.000468576148481,-0.894536332137,4.84928190675,-1.26258531241e-07,3.15646328164e-05,-0.894537964911,-0.294400925614,0.413421191175,4.84881333061,-0.308208413502,0.413070500726,0.586329551409,-4.43574282988,23.5333750859,18,48.1808320197,-0.295227957384,0.413611353064,0.599309582492,-4.43530817286,0.599309582492,-4.43530817286,-0.000488169438021,4,0
3720,7.44,2,-0.259999990463,0,-3.59999990463,0,0,0.494034945814,-0.517014191135,-0.260934306444,0.00223549508451,0.754969252258,-0.51924968622,-0.371854787288,-4.72350477282e+149,-3.6,3.93625397735e+147,0.00322743779822,-0.26,0,1.57823177138e-07,-3.94557942913e-05,3.93625397735e+147,0.493001156102,-0.516776488754,0.00322743779822,-3.92943204671e+146,-1.6372633528e+145,-4.32919718202e+147,-1.6372633528e+145,-32.1810650279,-3.6,-5.1958552501e+149,0.494034945814,-0.517014191135,0.754969252258,-0.51924968622,0.754969252258,-0.51924968622,4.72350477282e+148,4,4
3730,7.46,1,-0.79224807024,0,18,0,0,-0.286968372467,0.412333942444,-0.792248065351,5.33383346093,0.505279692884,-4.92149951849,-1.47967271848,36.0686334846,18,2.42043994924e-05,0.00434537953478,-0.792283606707,5.32124658215,-2.13294830409e-07,5.33237076048e-05,-0.792259402307,-0.286144001414,0.412025555504,5.32559196169,-0.299316173237,0.411819450745,0.492943229071,-4.91377251094,21.7839554792,18,34.5843249338,-0.286968372467,0.412333942444,0.505279692884,-4.92149951849,0.505279692884,-4.92149951849,0.00463583232868,4,0
3730,7.46,2,-0.259999990463,0,-3.59999990463,0,0,0.483710464673,-0.515417427735,-0.260889774152,0.00227841683857,0.744600238825,-0.517695844573,-0.403074754894,-2.55575136414e+152,-3.6,2.12979280345e+150,0.0326442361332,-0.26,0,2.66618555622e-07,-6.66546388998e-05,2.12979280345e+150,0.482680000857,-0.515031944034,0.0326442361332,-2.12610165474e+149,-8.85875689475e+147,-2.34240296892e+150,-8.85875689475e+147,3.91704996073,-3.6,-2.81132650055e+152,0.483710464673,-0.515417427735,0.744600238825,-0.517695844573,0.744600238825,-0.517695844573,2.55575136414e+151,4,4
3740,7.48,1,-0.680119097233,0,18,0,0,-0.278771338572,0.406416991069,-0.680119108981,5.8309338026,0.401347770409,-5.42451681154,-1.57175457078,21.1244921128,18,5.07105951635e-05,0.00929598518772,-0.680192246129,5.80510731041,-5.49110339698e-07,0.000137277584924,-0.680141535534,-0.27795932612,0.405594393323,5.81440329559,-0.29192898779,0.405868755685,0.388212547743,-5.40853453991,19.7902621179,18,19.5428330297,-0.278771338572,0.406416991069,0.401347770409,-5.42451681154,0.401347770409,-5.42451681154,0.00990451232969,4,0
3740,7.48,2,-0.259999990463,0,-3.59999990463,0,0,0.473464172314,-0.508021238189,-0.260844873592,0.00228648812466,0.734309045906,-0.510307726314,-0.375954408104,-1.38284289938e+155,-3.6,1.15236908282e+153,0.0118331157609,-0.26,0,6.86387946147e-07,-0.000171596986532,1.15236908282e+153,0.47244915675,-0.506992990974,0.0118331157609,-1.15037190936e+152,-4.79321628902e+150,-1.26740627375e+153,-4.79321628902e+150,-22.7861618587,-3.6,-1.52112718932e+155,0.473464172314,-0.508021238189,0.734309045906,-0.510307726314,0.734309045906,-0.510307726314,1.38284289938e+154,4,4
3750,7.5,1,-0.558159947395,0,16.189912796,0,0,-0.270715236948,0.400511582436,-0.558159939505,6.30548247083,0.287444702557,-5.90497088839,-1.13923871543,5.06851466372,16.1899120077,6.19466911632e-05,0.0115385891622,-0.558247792182,6.27456466557,-7.70392646343e-08,1.92598161541e-05,-0.558185845491,-0.269914271697,0.400424846096,6.28610325473,-0.28029461163,0.400112441824,0.277891233861,-5.88599081291,15.7717520949,16.1899120077,3.91699399883,-0.270715236948,0.400511582436,0.287444702557,-5.90497088839,0.287444702557,-5.90497088839,0.0122819494561,4,0
3750,7.5,2,-0.259999990463,0,-3.59999990463,0,0,0.463394045299,-0.5006394772,-0.260793000614,0.00317957500686,0.724187045913,-0.503819052207,-0.511896578292,-7.48216165001e+157,-3.6,6.23513470834e+155,0.0244320252285,-0.26,0,9.62990834297e-08,-2.40747708559e-05,6.23513470834e+155,0.462392838737,-0.500531056772,0.0244320252285,-6.22432858233e+154,-2.59347024264e+153,-6.85756756658e+155,-2.59347024264e+153,-19.2223343988,-3.6,-8.23037781501e+157,0.463394045299,-0.5006394772,0.724187045913,-0.503819052207,0.724187045913,-0.503819052207,7.48216165001e+156,4,4
3760,7.52,1,-0.427612960339,0,14.1899118423,0,0,-0.262758674415,0.392798510079,-0.427612945732,6.69437120136,0.164854271317,-6.30157269128,-1.58127205795,-11.6321712257,14.1899120077,5.86028889726e-05,0.0109706356823,-0.427695550617,6.66534067905,-9.56222601878e-07,0.00023905565047,-0.427636947728,-0.261974487833,0.391376124262,6.67631131473,-0.276010217666,0.392246362444,0.151626730062,-6.28406495229,11.4254670673,14.1899120077,-13.225117154,-0.262758674415,0.392798510079,0.164854271317,-6.30157269128,0.164854271317,-6.30157269128,0.01167387035,4,0
3760,7.52,2,-0.259999990463,0,-3.59999990463,0,0,0.453448342151,-0.490998136543,-0.260717032509,0.00426100871125,0.71416537466,-0.495259145254,-0.37394864487,-4.04838054865e+160,-3.6,3.3736504572e+158,0.00502859165156,-0.26,0,1.19527827486e-06,-0.00029881956871,3.3736504572e+158,0.452468108925,-0.489220154238,0.00502859165156,-3.367803576e+157,-1.40325149e+156,-3.7104308148e+158,-1.40325149e+156,-8.98905483046,-3.6,-4.45321860351e+160,0.453448342151,-0.490998136543,0.71416537466,-0.495259145254,0.71416537466,-0.495259145254,4.04838054865e+159,4,4
3770,7.54,1,-0.290429979563,0,12.1899118423,0,0,-0.255052118464,0.378213172589,-0.290429979936,6.97645479196,0.0353778614715,-6.59824161937,-1.32862637178,-28.6756150875,12.1899120077,4.52525216523e-05,0.00853329124408,-0.290493160312,6.95430184268,-6.94370204668e-07,0.000173592551161,-0.290447907791,-0.25429678863,0.377144139757,6.96283513393,-0.266180321112,0.377749497479,0.0242675866786,-6.58508563645,7.01042555717,12.1899120077,-30.0133177808,-0.255052118464,0.378213172589,0.0353778614715,-6.59824161937,0.0353778614715,-6.59824161937,0.00907632150391,4,0
3770,7.54,2,-0.259999990463,0,-3.59999990463,0,0,0.443815147237,-0.472766464381,-0.260628301965,0.00456954722113,0.704443449202,-0.477336011602,-0.445419076514,-2.19046123745e+163,-3.6,1.82538436454e+161,0.00255941444066,-0.26,0.00306236311433,8.67962767659e-07,-0.000216990691917,1.82538436454e+161,0.442870984946,-0.471430173322,0.00562177755499,-1.82222078678e+160,-7.5925866116e+158,-2.00760644322e+161,-7.5925866116e+158,3.95476025579,-3.6,-2.40950736119e+163,0.443815147237,-0.472766464381,0.704443449202,-0.477336011602,0.704443449202,-0.477336011602,2.19046123745e+162,4,4
3780,7.56,1,-0.148945093155,0,10.1899118423,0,0,-0.247552863885,0.371498736437,-0.148945095429,7.134783089,-0.0986077684554,-6.76328435256,-1.35996132509,-45.6141595298,10.1899120077,2.40704966193e-05,0.00461153194624,-0.148977923397,7.12334284681,-9.72782702752e-07,0.00024319567569,-0.1489538529,-0.246811257395,0.370073657755,7.12795437876,-0.258906999369,0.371025647459,-0.109953146469,-6.7569287313,2.61383928833,10.1899120077,-46.9790212328,-0.247552863885,0.371498736437,-0.0986077684554,-6.76328435256,-0.0986077684554,-6.76328435256,0.00490037790567,4,0
3780,7.56,2,-0.259999990463,0,-3.59999990463,0,0,0.434441079041,-0.464373419078,-0.260538404223,0.00449811724612,0.694979483264,-0.468871536324,-0.435723191112,-1.18519501196e+166,-3.6,9.87662509963e+163,0.0130413917634,-0.26,0,1.2159783942e-06,-0.000303994598544,9.87662509963e+163,0.433514070932,-0.462592070702,0.0130413917634,-9.85950789842e+162,-4.10812829101e+161,-1.08625758895e+164,-4.10812829101e+161,-21.2845598255,-3.6,-1.30371451315e+166,0.434441079041,-0.464373419078,0.694979483264,-0.468871536324,0.694979483264,-0.468871536324,1.18519501196e+165,4,4
3790,7.58,1,-0.00573462806642,0,8.18991184235,0,0,-0.240307337817,0.351494173622,-0.00573462805293,7.16186969925,-0.234572709764,-6.81037552562,-1.5970324271,-62.2045892652,8.1899120077,-1.37975082336e-07,9.20054052305e-05,-0.00573307701972,7.16254107353,-1.4660477228e-06,0.000366511930699,-0.0057332149948,-0.239606570137,0.34928430413,7.16263307893,-0.253593627814,0.350940578205,-0.247860412819,-6.81169250073,-1.6713380269,8.1899120077,-63.801712042,-0.240307337817,0.351494173622,-0.234572709764,-6.81037552562,-0.234572709764,-6.81037552562,9.03497042425e-05,4,0
3790,7.58,2,-0.259999990463,0,-3.59999990463,0,0,0.425384171488,-0.439367715269,-0.260451139912,0.00435947492152,0.6858353114,-0.443727190191,-0.349297040919,-6.41274628535e+168,-3.6,5.34395523779e+166,0.00485480380984,-0.26,0,1.83255967207e-06,-0.000458139918018,5.34395523779e+166,0.424508211892,-0.436605378376,0.00485480380984,-5.33469361693e+165,-2.22278900705e+164,-5.87742459949e+166,-2.22278900705e+164,-5.04856757064,-3.6,-7.05402091389e+168,0.425384171488,-0.439367715269,0.6858353114,-0.443727190191,0.6858353114,-0.443727190191,6.41274628535e+167,4,4
3800,7.6,1,0.136605456471,0,6.18991184235,0,0,-0.233457094354,0.33723415462,0.136605462978,7.06210663825,-0.370062557332,-6.72487248363,-0.658592096472,-78.0703887698,6.1899120077,-2.19168210663e-05,-0.00400444744364,0.136637691407,7.07356750148,-1.87544966751e-07,4.6886241688e-05,0.136615774586,-0.232782767922,0.337022557095,7.06956305404,-0.238900349651,0.337007352316,-0.375516124237,-6.73255570172,-5.76109433952,6.1899120077,-78.724713417,-0.233457094354,0.33723415462,-0.370062557332,-6.72487248363,-0.370062557332,-6.72487248363,-0.00426744929643,4,0
3800,7.6,2,-0.259999990463,0,-3.59999990463,0,0,0.416821367196,-0.421542691348,-0.260365794635,0.00431319304503,0.677187161831,-0.425855884393,-0.63360648651,-3.46975092753e+171,-3.6,2.89145910627e+169,0.00598387152879,-0.26,0,2.34431210666e-07,-5.86078026623e-05,2.89145910627e+169,0.415978459161,-0.42127819444,0.00598387152879,-2.88644791198e+168,-1.20268662999e+167,-3.18010389747e+169,-1.20268662999e+167,-0.714333813267,-3.6,-3.81672602028e+171,0.416821367196,-0.421542691348,0.677187161831,-0.425855884393,0.677187161831,-0.425855884393,3.46975092753e+170,4,4
3810,7.62,1,0.275686383247,0,4.18991184235,0,0,-0.226831433626,0.320701396378,0.275686382601,6.85024343671,-0.502517816227,-6.52954204033,-1.66464360889,-93.0116909035,4.1899120077,-3.70295378442e-05,-0.00687499200454,0.275739674476,6.86909668353,-1.88721076053e-06,0.000471802690132,0.275702644938,-0.226192831248,0.317885780924,6.86222169153,-0.24061853321,0.320126933895,-0.516321178148,-6.54209475763,-9.59176577301,4.1899120077,-94.6690151659,-0.226831433626,0.320701396378,-0.502517816227,-6.52954204033,-0.502517816227,-6.52954204033,-0.00731934645867,4,0
3810,7.62,2,-0.259999990463,0,-3.59999990463,0,0,0.408539291327,-0.40087674337,-0.260281560214,0.00423157303744,0.668820851541,-0.405108316408,-0.310626319038,-1.87738154035e+174,-3.6,1.56448461696e+172,0.00193141095582,-0.26,0,2.35901346901e-06,-0.000589753367253,1.56448461696e+172,0.407741038359,-0.397357224026,0.00193141095582,-1.56177320514e+171,-6.50738835476e+169,-1.72066193747e+172,-6.50738835476e+169,-25.2747582873,-3.6,-2.06511969438e+174,0.408539291327,-0.40087674337,0.668820851541,-0.405108316408,0.668820851541,-0.405108316408,1.87738154035e+173,4,4
3820,7.64,1,0.398604989052,0,2.18991208076,0,0,-0.220699569633,0.293815018279,0.39860498009,3.90319873374,-0.619304549723,-3.60938371546,-1.17791978094,-99.6579418096,2.1899120077,-0.00420198081277,-0.776629425668,0.404768927852,6.09163640573,-1.17252170651e-06,0.000293130426623,0.400566947039,-0.220113799621,0.292005614653,5.31500698006,-0.223618390448,0.293693400745,-0.624185337488,-5.02131357932,-11.767047322,2.1899120077,-100.008808395,-0.220699569633,0.293815018279,-0.619304549723,-3.60938371546,-0.619304549723,-3.60938371546,-0.827053195421,4,0
3820,7.64,2,-0.252420216799,0,-3.59999990463,0,0,0.40087446138,-0.367268770508,-0.252420210347,1.8865502578,0.653294671727,-2.25381902831,-0.441894016101,-1.01579667292e+177,-3.6,8.46497227434e+174,0.565454667886,-0.26,0.279514273016,1.46565214221e-06,-0.000366413035545,8.46497227434e+174,0.40014224887,-0.365007015961,0.844968940902,-8.45030161182e+173,-3.52095900492e+172,-9.31000243552e+174,-3.52095900492e+172,-19.0181976409,-3.6,-1.11737634021e+177,0.40087446138,-0.367268770508,0.653294671727,-2.25381902831,0.653294671727,-2.25381902831,1.01579667292e+176,4,0
3830,7.66,1,0.42203360796,0,0.189912006259,0,0,-0.214932222545,0.282533455424,0.422033601346,-0.189231821433,-0.636965823892,0.471765276857,-1.3180222086,-75.6853692662,0.189912007696,-0.00115641876432,-0.229262793963,0.423585004438,0.352210705369,-1.60624025558e-06,0.000401560063895,0.422428585673,-0.214369460559,0.280176313202,0.122947911406,-0.223874051782,0.282160879206,-0.646302637455,0.159212967801,-8.8799820221,0.189912007696,-76.7602516556,-0.214932222545,0.282533455424,-0.636965823892,0.471765276857,-0.636965823892,0.471765276857,-0.243139819135,4,0
3830,7.66,2,-0.181656092405,0,-3.59999990463,0,0,0.393665277568,-0.353166816853,-0.181656086257,4.21483478915,0.575321363825,-4.568001606,-0.392478376583,-5.49618102948e+179,-3.6,4.5801508579e+177,1.74754077055,-0.26,0.983335772399,2.00780033149e-06,-0.00050195008287,4.5801508579e+177,0.39296182509,-0.350220389057,2.73087654295,-4.57221298813e+176,-1.90508874505e+175,-5.03737215671e+177,-1.90508874505e+175,-37.9662581244,-3.6,-6.04579913243e+179,0.393665277568,-0.353166816853,0.575321363825,-4.568001606,0.575321363825,-4.568001606,5.49618102948e+178,4,0
3840,7.68,1,0.407223969698,0,-1.81008803844,0,0,-0.209576909282,0.251033002255,0.407223969855,-1.00418838067,-0.616800879137,1.25522138293,-1.66967159197,-67.9338612865,-1.8100879923,-0.000149301367425,-0.0303272154882,0.407419547849,-0.936199263284,-2.19304909815e-06,0.000548262274535,0.407270246482,-0.20907817538,0.247722163968,-0.966526478772,-0.223199531896,0.250465392979,-0.630469778378,1.21699187175,-9.58606998935,-1.8100879923,-69.5714140466,-0.209576909282,0.251033002255,-0.616800879137,1.25522138293,-0.616800879137,1.25522138293,-0.0321188318973,4,0
3840,7.68,2,-0.0976865589619,0,-3.59999990463,0,0,0.38697113604,-0.313791250177,-0.097686556585,4.05034249684,0.484657692624,-4.36413374702,-0.2579042647,-2.97382406481e+182,-3.6,2.47818672067e+180,1.71851346807,-0.26,0.985943161826,2.74131138595e-06,-0.000685327846483,2.47818672067e+180,0.386347718668,-0.309652702298,2.70445662989,-2.47389176968e+179,-1.03078823737e+178,-2.72557589764e+180,-1.03078823737e+178,-42.0552206439,-3.6,-3.27120647129e+182,0.38697113604,-0.313791250177,0.484657692624,-4.36413374702,0.484657692624,-4.36413374702,2.97382406481e+181,4,0
3850,7.7,1,0.387513190508,0,-3.81008791924,0,0,-0.204820017528,0.230265850995,0.387513184949,-0.787630111838,-0.592333202478,1.01789596283,-0.347171635254,-65.3773784771,-3.8100879923,0.000410691469351,0.081796971263,0.386945410149,-0.988282284356,-2.73753000268e-07,6.84382500701e-05,0.387356101618,-0.204359693287,0.22995680612,-0.906485313093,-0.208429558499,0.230115453455,-0.595785660117,1.13660076655,-11.3701150343,-3.8100879923,-65.8112753813,-0.204820017528,0.230265850995,-0.592333202478,1.01789596283,-0.592333202478,1.01789596283,0.0867252688952,4,0
3850,7.7,2,-0.0227034091949,0,-3.59999990463,0,0,0.381025021402,-0.287832310986,-0.0227034100293,3.51258356914,0.403728431431,-3.80041588012,-0.653731367467,-1.60904990592e+185,-3.6,1.3408749216e+183,1.50285592288,-0.26,0.836422491517,3.4219125189e-07,-8.55478129756e-05,1.3408749216e+183,0.380449616105,-0.28744600489,2.3392784144,-1.33855104826e+182,-5.5772960344e+180,-1.47473002643e+183,-5.5772960344e+180,-30.6136264343,-3.6,-1.76995489652e+185,0.381025021402,-0.287832310986,0.403728431431,-3.80041588012,0.403728431431,-3.80041588012,1.60904990592e+184,4,0
3860,7.72,1,0.374304026365,0,-5.81008815765,0,0,-0.200383656002,0.207055333115,0.374304022395,-0.601581259522,-0.574687678397,0.808636592637,-1.78715783097,-64.6188039973,-5.8100879923,0.000196180488456,0.036776635308,0.374031822502,-0.696640318551,-2.57369850357e-06,0.000643424625889,0.37422800299,-0.199973372916,0.2032112693,-0.659863683243,-0.215576351729,0.206422304126,-0.589804354719,0.866285987369,-13.4284485616,-5.8100879923,-66.4450926295,-0.200383656002,0.207055333115,-0.574687678397,0.808636592637,-0.574687678397,0.808636592637,0.0391308011695,4,0
3860,7.72,2,0.0409538894892,0,-3.59999990463,0,0,0.375479569551,-0.258819163518,0.0409538885031,2.9008324713,0.334525681047,-3.15965163482,-0.187567524086,-8.70610212082e+187,-3.6,7.25508510068e+185,1.24570194834,-0.26,0.703132364326,3.21712314122e-06,-0.000804280785302,7.25508510068e+185,0.374966715698,-0.254014083732,1.94883431266,-7.24251129635e+184,-3.01771304014e+183,-7.97933623032e+185,-3.01771304014e+183,-28.717379093,-3.6,-9.5767123329e+187,0.375479569551,-0.258819163518,0.334525681047,-3.15965163482,0.334525681047,-3.15965163482,8.70610212082e+186,4,0
3870,7.74,1,0.362205833197,0,-7.81008815765,0,0,-0.196620906786,0.171351219376,0.362205822556,-0.634674883556,-0.558826729342,0.806026102932,-1.12964240797,-62.8584663018,-7.8100879923,0.000113762373009,0.0213212630425,0.362049406115,-0.689094589899,-1.4987654032e-06,0.000374691350802,0.362163168488,-0.196280586908,0.169035864952,-0.667773326857,-0.206207004418,0.170951798641,-0.568370172906,0.838725125498,-15.246604993,-7.8100879923,-64.0107951213,-0.196620906786,0.171351219376,-0.558826729342,0.806026102932,-0.558826729342,0.806026102932,0.0226864115186,4,0
3870,7.74,2,0.0925438478589,0,-3.59999990463,0,0,0.370776133089,-0.214189021197,0.092543850437,2.3395489973,0.278232282652,-2.5537380185,-0.361652668383,-4.71061922063e+190,-3.6,3.9255160172e+188,1.00747061779,-0.26,0.552774754641,1.87345675923e-06,-0.000468364189805,3.9255160172e+188,0.370350733248,-0.211294828159,1.56024537244,-3.91871269654e+187,-1.63279695689e+186,-4.31738728685e+188,-1.63279695689e+186,-24.8446949202,-3.6,-5.1816811427e+190,0.370776133089,-0.214189021197,0.278232282652,-2.5537380185,0.278232282652,-2.5537380185,4.71061922063e+189,4,0
3880,7.76,1,0.34780189395,0,-9.81008815765,0,0,-0.193332664478,0.156964129585,0.347801906633,-0.806808619819,-0.541134571111,0.963772749404,-1.36055871032,-60.0160605585,-9.8100879923,6.88909771008e-05,0.0127813371382,0.347708093171,-0.839236662864,-2.03159894727e-06,0.000507899736813,0.347776984148,-0.193021656465,0.153980306913,-0.826455325726,-0.204764207542,0.156487815291,-0.55254119169,0.982943141017,-16.8816784255,-9.8100879923,-61.3902272977,-0.193332664478,0.156964129585,-0.541134571111,0.963772749404,-0.541134571111,0.963772749404,0.0136080288634,4,0
3880,7.76,2,0.134496971965,0,-3.59999990463,0,0,0.366665830265,-0.19620515891,0.134496978741,1.92118443915,0.232168851523,-2.11738959806,-0.278963877234,-2.54877936577e+193,-3.6,2.12398280481e+191,0.818195529846,-0.26,0.441442315788,2.53949869067e-06,-0.000634874672671,2.12398280481e+191,0.366277070255,-0.192475380559,1.25963784563,-2.12030172542e+190,-8.83459052259e+188,-2.33601297735e+191,-8.83459052259e+188,-36.4298804115,-3.6,-2.80365730235e+193,0.366665830265,-0.19620515891,0.232168851523,-2.11738959806,0.232168851523,-2.11738959806,2.54877936577e+192,4,0
3890,7.78,1,0.329012989998,0,-11.8100881577,0,0,-0.190561379647,0.118048874434,0.329012997513,-1.05205527352,-0.51957437716,1.17010414795,-1.78139466257,-56.4169855178,-11.8100879923,5.86172546646e-05,0.0112185053481,0.328934690747,-1.07908503091,-2.63592671418e-06,0.000658981678543,0.328993308001,-0.190329293741,0.114066007963,-1.06786652556,-0.20547978443,0.117427274235,-0.534473092431,1.18529379979,-18.3717769892,-11.8100879923,-58.2103020927,-0.190561379647,0.118048874434,-0.51957437716,1.17010414795,-0.51957437716,1.17010414795,0.011921912404,4,0
3890,7.78,2,0.169461369514,0,-3.59999990463,0,0,0.363201724288,-0.14756108986,0.169461371074,1.62378921282,0.193740353214,-1.77135030268,-0.113736264634,-1.37907055338e+196,-3.6,1.14922546115e+194,0.701098511163,-0.26,0.328747349997,3.29490839884e-06,-0.000823727099716,1.14922546115e+194,0.362911616912,-0.142582506762,1.02984586116,-1.14723373591e+193,-4.78014056631e+191,-1.26394883474e+194,-4.78014056631e+191,-30.3612839125,-3.6,-1.51697760872e+196,0.363201724288,-0.14756108986,0.193740353214,-1.77135030268,0.193740353214,-1.77135030268,1.37907055338e+195,4,0
3900,7.8,1,0.304367780685,0,-13.8100881577,0,0,-0.188514125835,0.0934651102917,0.304367769003,-1.39756300471,-0.492881894839,1.491028115,-0.246309502654,-51.6926086635,-13.8100879923,5.63281744603e-06,0.00101198060948,0.304364051046,-1.39823657038,-3.24494553755e-07,8.11236384401e-05,0.304369683863,-0.18832744178,0.0930986568373,-1.39722458977,-0.190572128556,0.0933793601783,-0.494941812419,1.49060394995,-19.6895731014,-13.8100879923,-51.9399977406,-0.188514125835,0.0934651102917,-0.492881894839,1.491028115,-0.492881894839,1.491028115,0.00107957441883,4,0
3900,7.8,2,0.199672996998,0,-3.59999990463,0,0,0.360642657089,-0.116831384632,0.199672991013,1.43406362057,0.160969666076,-1.5508950052,-0.56987065903,-7.46175058047e+198,-3.6,6.21812548373e+196,0.615031946724,-0.26,0.327814889394,4.05618192867e-07,-0.000101404548212,6.21812548373e+196,0.360409302026,-0.116373317813,0.942846836118,-6.20734883644e+195,-2.58639534852e+194,-6.83886036737e+196,-2.58639534852e+194,-28.0952832724,-3.6,-8.20792563852e+198,0.360642657089,-0.116831384632,0.160969666076,-1.5508950052,0.160969666076,-1.5508950052,7.46175058047e+197,4,0
3910,7.82,1,0.271649926901,0,-15.8100881577,0,0,-0.18684182297,0.0665839061675,0.27164991319,-1.84479345609,-0.45849173616,1.91137736226,-1.93378028987,-45.5243108064,-15.8100879923,-3.22825519496e-05,-0.006119368587,0.271699658171,-1.8266553301,-2.9267468836e-06,0.0007316867209,0.271667375619,-0.186713014015,0.0622094174341,-1.83277469869,-0.202874601042,0.0659158737479,-0.474541976661,1.89869057243,-20.7818800414,-15.8100879923,-47.4515843371,-0.18684182297,0.0665839061675,-0.45849173616,1.91137736226,-0.45849173616,1.91137736226,-0.00650675921039,4,0
3910,7.82,2,0.227086886764,0,-3.59999990463,0,0,0.358552278572,-0.0832298794328,0.227086889142,1.33147670308,0.131465389431,-1.41470658252,-0.0209957347447,-4.03733671122e+201,-3.6,3.36444725935e+199,0.558127207022,-0.26,0.268775413111,3.65843360822e-06,-0.000914608402054,3.36444725935e+199,0.358391267385,-0.0777617685105,0.826902620133,-3.35861632822e+198,-1.39942347009e+197,-3.70030889217e+199,-1.39942347009e+197,-6.72458054976,-3.6,-4.44107038234e+201,0.358552278572,-0.0832298794328,0.131465389431,-1.41470658252,0.131465389431,-1.41470658252,4.03733671122e+200,4,0
3920,7.84,1,0.229038760066,0,-17.810087204,0,0,-0.18593567714,0.0266877567004,0.229038757583,-2.37684499025,-0.414974434722,2.40353274695,-1.19074222755,-37.8964483211,-17.8100879923,-6.64008932998e-05,-0.0124973090423,0.22913687255,-2.34167284115,-1.6308343041e-06,0.000407708576024,0.229070471657,-0.185884898047,0.0241664206873,-2.3541701502,-0.195730739388,0.0262796291067,-0.424801211045,2.3804497793,-21.6373674536,-17.8100879923,-39.0738964289,-0.18593567714,0.0266877567004,-0.414974434722,2.40353274695,-0.414974434722,2.40353274695,-0.0132941197619,4,0
3920,7.84,2,0.25321418047,0,-3.59999990463,0,0,0.35741959635,-0.0333596925625,0.253214194191,1.29569434493,0.104205402159,-1.3290540375,-0.215425101538,-2.18448573749e+204,-3.6,1.82040478124e+202,0.536265229429,-0.26,0.341302512862,2.03854288078e-06,-0.000509635720195,1.82040478124e+202,0.357356122491,-0.0302080225451,0.877567742291,-1.81724983361e+201,-7.57187430671e+199,-2.0021297646e+202,-7.57187430671e+199,-11.7475217903,-3.6,-2.40293431124e+204,0.35741959635,-0.0333596925625,0.104205402159,-1.3290540375,0.104205402159,-1.3290540375,2.18448573749e+203,4,0
3930,7.86,1,0.17517323792,0,-18,0,0,-0.185552552766,0.0110590809314,0.175173233105,-2.94942202653,-0.36072578587,2.96048110746,-1.48261842579,-28.6157027576,-18,-7.77361123154e-05,-0.0148062166696,0.175285861657,-2.90925043033,-2.19375079563e-06,0.000548437698905,0.175208125545,-0.185533591837,0.0078351514221,-2.924056647,-0.197755362131,0.0105506305412,-0.372963487675,2.93460727754,-20.4647490522,-18,-30.0825821333,-0.185552552766,0.0110590809314,-0.36072578587,2.96048110746,-0.36072578587,2.96048110746,-0.0157390500174,4,0
3930,7.86,2,0.278998076916,0,-3.59999990463,0,0,0.356940690949,-0.0138238478461,0.278998086898,1.28008988723,0.0779426040507,-1.29391373507,-0.110254461722,-1.18196184233e+207,-3.6,9.84968201939e+204,0.543038739202,-0.26,0.288501926456,2.74218849494e-06,-0.000685547123731,9.84968201939e+204,0.356916989794,-0.00979393595875,0.831540665658,-9.83261151329e+203,-4.09692146387e+202,-1.08329431707e+205,-4.09692146387e+202,-22.4960448369,-3.6,-1.30015802656e+207,0.356940690949,-0.0138238478461,0.0779426040507,-1.29391373507,0.0779426040507,-1.29391373507,1.18196184233e+206,4,0
3940,7.88,1,0.110116377473,0,-18,0,0,-0.185724334322,-0.0302292520561,0.110116380215,-3.49783382562,-0.295840714538,3.46760457357,-1.91816413861,-18.2987166958,-18,-8.05408552329e-05,-0.0153123991484,0.110233093525,-3.45621880156,-2.73730289826e-06,0.000684325724567,0.11015255267,-0.185788964649,-0.0343681404824,-3.47153120071,-0.201545910052,-0.0308884843782,-0.311698462722,3.44064271633,-18.9394396076,-18,-20.200601945,-0.185724334322,-0.0302292520561,-0.295840714538,3.46760457357,-0.295840714538,3.46760457357,-0.0162788894112,4,0
3940,7.88,2,0.304070115089,0,-3.59999990463,0,0,0.357155417961,0.0377865683814,0.304070101546,1.22740202008,0.0530853164145,-1.1896154517,0.064148307795,-6.39525254271e+209,-3.6,5.32937711892e+207,0.514421158706,-0.26,0.311270245515,3.4216286211e-06,-0.000855407155272,5.32937711892e+207,0.357236205876,0.0429601789118,0.825691404221,-5.32014076343e+206,-2.2167253181e+205,-5.86139119526e+207,-2.2167253181e+205,-35.2809324561,-3.6,-7.03477779698e+209,0.357155417961,0.0377865683814,0.0530853164145,-1.1896154517,0.0530853164145,-1.1896154517,6.39525254271e+208,4,0
3950,7.9,1,0.0346026234329,0,-16.2090492249,0,0,-0.186651953486,-0.0554446427117,0.0346026235784,-3.9852928836,-0.221254577065,3.92984824089,-0.36940437569,-7.0040848664,-16.2090492926,-6.2830496822e-05,-0.0121937085131,0.0346926366859,-3.95319619313,-3.33195729563e-07,8.32989323901e-05,0.0346298061891,-0.186763095749,-0.0558210283191,-3.96538990165,-0.189617277864,-0.0555681978941,-0.224247084053,3.90982170375,-15.5042965828,-16.2090492926,-7.36054156761,-0.186651953486,-0.0554446427117,-0.221254577065,3.92984824089,-0.221254577065,3.92984824089,-0.0129476744749,4,0
3950,7.9,2,0.327477216721,0,-3.59999990463,0,0,0.358314941982,0.0693058066783,0.327477230406,1.10821401959,0.0308377115761,-1.03890821291,-0.393258462704,-3.46028557102e+212,-3.6,2.88357130918e+210,0.463711173981,-0.26,0.230240603431,4.16494661648e-07,-0.000104123665416,2.88357130918e+210,0.358453869817,0.0697762886873,0.693951777411,-2.87857378525e+209,-1.19940574385e+208,-3.17142868771e+210,-1.19940574385e+208,-6.80264421473,-3.6,-3.80631412812e+212,0.358314941982,0.0693058066783,0.0308377115761,-1.03890821291,0.0308377115761,-1.03890821291,3.46028557102e+211,4,0
3960,7.92,1,-0.0493089072406,0,-14.2090492249,0,0,-0.187960366984,-0.0825138984327,-0.0493089085119,-4.349737053,-0.138651458472,4.26722315456,-2.08575708957,4.63740063436,-14.2090492926,-3.65185153477e-05,-0.00726219513377,-0.0492561424099,-4.33075677557,-2.90061618918e-06,0.000725154047298,-0.0492926609253,-0.188129720197,-0.0868520686471,-4.33801897071,-0.205247493547,-0.0832341953728,-0.155954832621,4.25478477533,-11.8306238493,-14.2090492926,2.55934396211,-0.187960366984,-0.0825138984327,-0.138651458472,4.26722315456,-0.138651458472,4.26722315456,-0.00770041731794,4,0
3960,7.92,2,0.347313344479,0,-3.59999990463,0,0,0.359950458919,0.103142376294,0.347313349282,0.883140722915,0.012637109637,-0.779998346621,0.16716934967,-1.87226011061e+215,-3.6,1.56021675884e+213,0.374404913106,-0.26,0.180629258314,3.62577023166e-06,-0.000906442557918,1.56021675884e+213,0.360162150442,0.108565089055,0.55503417142,-1.55751274366e+212,-6.48963643193e+210,-1.71596803321e+213,-6.48963643193e+210,1.87644026797,-3.6,-2.05948612167e+215,0.359950458919,0.103142376294,0.012637109637,-0.779998346621,0.012637109637,-0.779998346621,1.87226011061e+214,4,0
3970,7.94,1,-0.139184251428,0,-12.2090492249,0,0,-0.190028221618,-0.121433278251,-0.139184250385,-4.59427552207,-0.0508439712334,4.47284224382,-1.35347264806,16.2414403986,-12.2090492926,-1.22356438563e-05,-0.00271573943871,-0.1391658806,-4.58740814751,-1.55161802509e-06,0.00038790450627,-0.139178116244,-0.190273562072,-0.123833940392,-4.59012388695,-0.201263799414,-0.121901427326,-0.0620856831703,4.46822245963,-8.16812569332,-12.2090492926,14.8908303177,-0.190028221618,-0.121433278251,-0.0508439712334,4.47284224382,-0.0508439712334,4.47284224382,-0.00286256716499,4,0
3970,7.94,2,0.36165073514,0,-3.59999990463,0,0,0.362535277277,0.151791600988,0.361650749324,0.570331765957,0.000884527953002,-0.418540164968,-0.0224442329052,-1.01302561591e+218,-3.6,8.44188013255e+215,0.249816256458,-0.26,0.0922256690743,1.93952252725e-06,-0.00048488063181,8.44188013255e+215,0.36284195285,0.154792428657,0.342041925532,-8.42724949107e+214,-3.51135395461e+213,-9.28460508166e+215,-3.51135395461e+213,-25.2839580294,-3.6,-1.1143281775e+218,0.362535277277,0.151791600988,0.000884527953002,-0.418540164968,0.000884527953002,-0.418540164968,1.01302561591e+217,4,0
3980,7.96,1,-0.232667893171,0,-10.2090492249,0,0,-0.19259985143,-0.13627874351,-0.232667886073,-4.72289347001,0.0400680346426,4.5866147265,-1.66849833664,27.7558419628,-10.2090492926,1.02448018707e-05,0.00149513299328,-0.23268134211,-4.72723236801,-2.07168797514e-06,0.000517921993787,-0.232671097308,-0.192875394096,-0.139325098842,-4.72573723502,-0.20649336747,-0.136857640012,0.0261777298379,4.588879595,-4.55959525521,-10.2090492926,26.0857255556,-0.19259985143,-0.13627874351,0.0400680346426,4.5866147265,0.0400680346426,4.5866147265,0.00161807061573,4,0
3980,7.96,2,0.368952542543,0,-3.59999990463,0,0,0.365749814605,0.170348432522,0.368952552729,0.189701648573,-0.00320273812388,-0.0193532160504,0.0915707573301,-5.48118764409e+220,-3.6,4.56765637008e+218,0.0935858261151,-0.26,0.063881658885,2.58960996313e-06,-0.000647402490786,4.56765637008e+218,0.366094242943,0.174156376678,0.157467485,-4.55974015453e+217,-1.89989173105e+216,-5.02363038553e+218,-1.89989173105e+216,-10.6687769216,-3.6,-6.0293064085e+220,0.365749814605,0.170348432522,-0.00320273812388,-0.0193532160504,-0.00320273812388,-0.0193532160504,5.48118764409e+219,4,0
3990,7.98,1,-0.327497601509,0,-8.20904922485,0,0,-0.195692443958,-0.174590982537,-0.327497613951,-4.74099867297,0.131805169992,4.56640769043,-2.0623237931,38.6955373266,-8.2090492926,3.04278016216e-05,0.00528102474334,-0.327539595624,-4.75537809987,-2.48404370706e-06,0.000621010926763,-0.327509167822,-0.196045417239,-0.178349673032,-4.75009707512,-0.212895660192,-0.175307783214,0.11461350763,4.57478929191,-1.04846799118,-8.2090492926,36.6275673751,-0.195692443958,-0.174590982537,0.131805169992,4.56640769043,0.131805169992,4.56640769043,0.0056461583628,4,0
3990,7.98,2,0.368085622787,0,-3.59999990463,0,0,0.369615555326,0.218238731183,0.368085614045,-0.23846093459,0.00152994128175,0.456699665773,0.252560250227,-2.96571157906e+223,-3.6,2.47142631588e+221,-0.0685951812287,-0.26,0,3.10505462442e-06,-0.000776263656101,2.47142631588e+221,0.370056771933,0.222937094287,-0.0685951812287,-2.46714308136e+220,-1.0279762839e+219,-2.71814062402e+221,-1.0279762839e+219,-8.30282952675,-3.6,-3.26228273696e+223,0.369615555326,0.218238731183,0.00152994128175,0.456699665773,0.00152994128175,0.456699665773,2.96571157906e+222,4,0
4000,8,1,-0.421543002129,0,-6.20904922485,0,0,-0.199474757008,-0.197171182017,-0.421542988407,-4.65613437321,0.222068231399,4.45896319119,-0.700531780143,49.0173086876,-6.2090492926,4.76441088502e-05,0.00851393697063,-0.421609265592,-4.6790621091,-2.987292336e-07,7.46823084024e-05,-0.421561621483,-0.199869326387,-0.197508736576,-4.67054817213,-0.205377987065,-0.197417149936,0.216183634418,4.4731310222,2.32567123874,-6.2090492926,48.3076912412,-0.199474757008,-0.197171182017,0.222068231399,4.45896319119,0.222068231399,4.45896319119,0.00908566627683,4,0
4000,8,2,0.358316928148,0,-3.59999990463,0,0,0.374343446698,0.246463980439,0.358316924865,-0.694582721169,0.0160265218322,0.941046701609,-0.146832062048,-1.6046604753e+226,-3.6,1.33721706275e+224,-0.144087722052,-0.26,0,3.73411540855e-07,-9.33528852109e-05,1.33721706275e+224,0.374836658428,0.246885923638,-0.144087722052,-1.33489952884e+223,-5.56208137018e+221,-1.47070701563e+224,-5.56208137018e+221,-23.4612403931,-3.6,-1.76512652283e+226,0.374343446698,0.246463980439,0.0160265218322,0.941046701609,0.0160265218322,0.941046701609,1.6046604753e+225,4,0
4010,8.02,1,-0.512842953205,0,-4.20904922485,0,0,-0.203594373398,-0.220921491382,-0.512842928307,-4.47760815036,0.309248554909,4.25668665898,-2.22338481179,58.4887867532,-4.2090492926,6.11722237167e-05,0.0110674556504,-0.512928180039,-4.50720307165,-2.49869182153e-06,0.000624672955382,-0.512867007815,-0.20403994797,-0.22466130494,-4.496135616,-0.222188644462,-0.221696252676,0.290678363353,4.27443936333,5.5301934366,-4.2090492926,56.2536004191,-0.203594373398,-0.220921491382,0.309248554909,4.25668665898,0.309248554909,4.25668665898,0.011801522335,4,0
4010,8.02,2,0.339283436537,0,-3.59999990463,0,0,0.379492967243,0.276151867036,0.339283431391,-1.16125404922,0.0402095358517,1.43740591625,0.352583518668,-8.68235218543e+228,-3.6,7.23529348785e+226,-0.261762282638,-0.26,0,3.1233647641e-06,-0.000780841191023,7.23529348785e+226,0.380049935463,0.280826633964,-0.261762282638,-7.22275398441e+225,-3.00948082684e+224,-7.9575688863e+226,-3.00948082684e+224,-31.5808819181,-3.6,-9.55058740397e+228,0.379492967243,0.276151867036,0.0402095358517,1.43740591625,0.0402095358517,1.43740591625,8.68235218543e+227,4,0
4020,8.04,1,-0.599654078484,0,-2.20904922485,0,0,-0.208368324495,-0.25382184303,-0.599654092187,-4.217528541,0.391285767692,3.96370669797,-1.59669816856,66.8818035296,-2.2090492926,6.99185199032e-05,0.0127289616966,-0.599751516139,-4.25139295566,-1.27137954961e-06,0.000317844887402,-0.59968159762,-0.208877999045,-0.255790809919,-4.23866399396,-0.2217639528,-0.254379994209,0.37791764482,3.98428399975,8.54345124392,-2.2090492926,65.2715373771,-0.208368324495,-0.25382184303,0.391285767692,3.96370669797,0.391285767692,3.96370669797,0.0135679839354,4,0
4020,8.04,2,0.310934811831,0,-3.59999990463,0,0,0.385460406168,0.317277306411,0.3109348218,-1.62447515382,0.0745255843681,1.94175246023,0.192409706259,-4.69776881978e+231,-3.6,3.91480734982e+229,-0.3729645889,-0.26,0,1.58922442878e-06,-0.000397306107197,3.91480734982e+229,0.386097499361,0.31973851501,-0.3729645889,-3.90802258838e+228,-1.62834274516e+227,-4.30560960865e+229,-1.62834274516e+227,-10.7355733393,-3.6,-5.16754570176e+231,0.385460406168,0.317277306411,0.0745255843681,1.94175246023,0.0745255843681,1.94175246023,4.69776881978e+230,4,0
4030,8.06,1,-0.680485665798,0,-0.209049299359,0,0,-0.213561537143,-0.2659607713,-0.680485655149,-3.88830409006,0.466924118006,3.62234331876,-1.89401863463,74.2591618977,-0.209049292605,7.46141409474e-05,0.0136080527519,-0.68058973883,-3.92451510248,-1.68122451719e-06,0.000420306129295,-0.680515124689,-0.214095885061,-0.268434877328,-3.91090704973,-0.229438323753,-0.266622304075,0.451076800937,3.64428474565,11.3546408164,-0.209049292605,72.3506398407,-0.213561537143,-0.2659607713,0.466924118006,3.62234331876,0.466924118006,3.62234331876,0.0145034224433,4,0
4030,8.06,2,0.273452550173,0,-3.59999990463,0,0,0.391951922029,0.33245096667,0.273452554945,-2.07473276887,0.118499367084,2.40718373554,0.300567014008,-2.54182638676e+234,-3.6,2.11818865564e+232,-0.46669245541,-0.26,0,2.10153063518e-06,-0.000525382658798,2.11818865564e+232,0.392619856932,0.335543599188,-0.46669245541,-2.1145176181e+231,-8.81049007544e+229,-2.32964041745e+232,-8.81049007544e+229,-7.46931114285,-3.6,-2.79600902544e+234,0.391951922029,0.33245096667,0.118499367084,2.40718373554,0.118499367084,2.40718373554,2.54182638676e+233,4,0
4040,8.08,1,-0.754036784172,0,1.79095065594,0,0,-0.219174275187,-0.296333316878,-0.754036756978,-3.49701123539,0.534862481791,3.20067791851,-2.19504361861,80.3081504897,1.7909507074,7.80532210186e-05,0.0142787256517,-0.754145418839,-3.53480797012,-1.90896051411e-06,0.000477240128528,-0.754067365618,-0.219769861439,-0.299224846667,-3.52052924447,-0.237561178337,-0.297099437843,0.516506187281,3.22342980662,13.9568272944,1.7909507074,78.0978915068,-0.219174275187,-0.296333316878,0.534862481791,3.20067791851,0.534862481791,3.20067791851,0.0152153643039,4,0
4040,8.08,2,0.227156043053,0,-3.59999990463,0,0,0.398967844633,0.370416648419,0.227156048656,-2.50727038878,0.171811795977,2.8776870372,0.427362975101,-1.37530849821e+237,-3.6,1.14609041517e+235,-0.577969976646,-0.26,0,2.38620062681e-06,-0.0005965501567,1.14609041517e+235,0.399712327453,0.37403106063,-0.577969976646,-1.14410412329e+234,-4.76710051371e+232,-1.2605008275e+235,-4.76710051371e+232,-19.2552240135,-3.6,-1.51283934803e+237,0.398967844633,0.370416648419,0.171811795977,2.8776870372,0.171811795977,2.8776870372,1.37530849821e+236,4,0
4050,8.1,1,-0.819192647934,0,3.79095077515,0,0,-0.225321258892,-0.313352913631,-0.819192667112,-3.05591890606,0.59387140822,2.74256599243,-1.19656938259,85.0953352298,3.7909507074,7.63808613313e-05,0.0139893201225,-0.819298733346,-3.09278303348,-2.25560424588e-07,5.63901061447e-05,-0.819222352485,-0.225948136361,-0.313607904757,-3.07879371335,-0.235399389413,-0.313772835737,0.583822963072,2.76502087762,16.3546643626,3.7909507074,83.8838599567,-0.225321258892,-0.313352913631,0.59387140822,2.74256599243,0.59387140822,2.74256599243,0.0149058904585,4,0
4050,8.1,2,0.172411710024,0,-3.59999990463,0,0,0.406651574309,0.391691144209,0.172411713443,-2.92149180575,0.234239860866,3.31318294996,0.13780965075,-7.44139519161e+239,-3.6,6.20116265967e+237,-0.693389600876,-0.26,0,2.81950528702e-07,-7.04876321801e-05,6.20116265967e+237,0.407435171149,0.392009883114,-0.693389600876,-6.19041541069e+236,-2.57933975446e+235,-6.82020420074e+237,-2.57933975446e+235,-7.99606225081,-3.6,-8.18553471077e+239,0.406651574309,0.391691144209,0.234239860866,3.31318294996,0.234239860866,3.31318294996,7.44139519161e+238,4,0
4060,8.12,1,-0.875086188316,0,5.79095077515,0,0,-0.231718355105,-0.330707269752,-0.875086206216,-2.57616420469,0.643367851111,2.24545693494,-2.32852564353,88.5410837476,5.7909507074,7.14773897889e-05,0.0130851006886,-0.875185185684,-2.61052064341,-1.77304569388e-06,0.000443261423472,-0.875113708294,-0.232382423956,-0.333364209509,-2.59743554272,-0.251205094568,-0.331519217229,0.623908613727,2.26591632549,18.5605294704,5.7909507074,86.1986152747,-0.231718355105,-0.330707269752,0.643367851111,2.24545693494,0.643367851111,2.24545693494,0.0139428293661,4,0
4060,8.12,2,0.109567902982,0,-3.59999990463,0,0,0.414647944618,0.413384089189,0.109567900815,-3.31930798027,0.305080043803,3.73269206945,0.511589850134,-4.02632300098e+242,-3.6,3.35526916748e+240,-0.804306376756,-0.26,0,2.2163070984e-06,-0.000554076774599,3.35526916748e+240,0.415478030685,0.416705263857,-0.804306376756,-3.34945414293e+239,-1.39560589289e+238,-3.69021458178e+240,-1.39560589289e+238,-29.3264182773,-3.6,-4.42895530108e+242,0.414647944618,0.413384089189,0.305080043803,3.73269206945,0.305080043803,3.73269206945,4.02632300098e+241,4,0
4070,8.14,1,-0.921030879021,0,7.79095077515,0,0,-0.238579906282,-0.353326138913,-0.921030861269,-2.0650726524,0.682450954987,1.71174651349,-1.88849835564,90.5522973134,7.7909507074,6.52226808241e-05,0.011918186516,-0.921120926676,-2.09628464299,-8.26425593126e-07,0.000206606398278,-0.921055703995,-0.23928788328,-0.354608318098,-2.08436645648,-0.254395774963,-0.353985133441,0.666659929032,1.73038132304,20.5873474536,7.7909507074,88.6510980991,-0.238579906282,-0.353326138913,0.682450954987,1.71174651349,0.682450954987,1.71174651349,0.0127008586859,4,0
4070,8.14,2,0.0389188118279,0,-3.59999990463,0,0,0.423224883626,0.441657675375,0.0389188115294,-3.70391591239,0.384306072097,4.14557358777,0.401680551311,-2.17852653848e+245,-3.6,1.81543878206e+243,-0.878906165458,-0.26,0,1.03303198012e-06,-0.000258257995034,1.81543878206e+243,0.424109854877,0.443260399339,-0.878906165458,-1.81229244102e+242,-7.55121850425e+240,-1.99666802617e+243,-7.55121850425e+240,-9.08960528958,-3.6,-2.39637919233e+245,0.423224883626,0.441657675375,0.384306072097,4.14557358777,0.384306072097,4.14557358777,2.17852653848e+244,4,0
4080,8.16,1,-0.956447303295,0,9.79095077515,0,0,-0.245721887326,-0.361185853168,-0.956447317301,-1.52646623335,0.710725429975,1.16528038018,-2.12943495386,91.2034386405,9.7909507074,5.92853233275e-05,0.0108020057384,-0.956529000389,-1.55472772126,-1.07294749985e-06,0.000268236874963,-0.956469715066,-0.246445812251,-0.362767173381,-1.54392571553,-0.263532203168,-0.361927949661,0.692937511898,1.18199776586,22.4460465322,9.7909507074,89.0624902571,-0.245721887326,-0.361185853168,0.710725429975,1.16528038018,0.710725429975,1.16528038018,0.0115134296183,4,0
4080,8.16,2,-0.0393099822104,0,-3.59999990463,0,0,0.432152359965,0.451482318086,-0.0393099824552,-4.07880637953,0.47146234242,4.53028869761,0.490030771858,-1.17873749267e+248,-3.6,9.82281243891e+245,-0.983905124821,-0.26,0,1.3411843594e-06,-0.000335296089858,9.82281243891e+245,0.433057266125,0.45345896833,-0.983905124821,-9.80578850054e+244,-4.08574520856e+243,-1.0803391289e+246,-4.08574520856e+243,-16.2127947085,-3.6,-1.29661124194e+248,0.432152359965,0.451482318086,0.47146234242,4.53028869761,0.47146234242,4.53028869761,1.17873749267e+247,4,0
4090,8.18,1,-0.980798840523,0,11.7909507751,0,0,-0.253127604205,-0.379683744682,-0.980798837123,-0.961158740965,0.727671232918,0.581474996283,-2.2984701788,90.31150083,11.7909507074,5.5108029477e-05,0.0100074035237,-0.980874712302,-0.987383312571,-1.08655908376e-06,0.000271639770934,-0.980819604273,-0.253888641361,-0.381333497293,-0.977375909047,-0.272337078412,-0.38048413944,0.70848252586,0.596891769607,24.1436658366,11.7909507074,88.0023619513,-0.253127604205,-0.379683744682,0.727671232918,0.581474996283,0.727671232918,0.581474996283,0.0106686998774,4,0
4090,8.18,2,-0.12495841831,0,-3.59999990463,0,0,0.441409506093,0.474604682182,-0.124958417119,-4.44697549082,0.566367923212,4.921580173,0.566255067786,-6.37780652236e+250,-3.6,5.31483876864e+248,-1.03041181479,-0.26,0,1.35819883446e-06,-0.000339549708615,5.31483876864e+248,0.442360802541,0.476666872915,-1.03041181479,-5.30562760959e+247,-2.21067817066e+246,-5.8454015296e+248,-2.21067817066e+246,-4.84609377615,-3.6,-7.0155871746e+250,0.441409506093,0.474604682182,0.566367923212,4.921580173,0.566367923212,4.921580173,6.37780652236e+249,4,0
4100,8.2,1,-0.993535280228,0,13.7909507751,0,0,-0.260842876888,-0.388937739369,-0.993535303792,-0.367293619576,0.732692426904,-0.0216441197926,-1.79245167451,87.8973245334,13.7909507074,5.40589311021e-05,0.00979004401619,-0.993609892859,-0.393081721124,-1.23168797439e-07,3.07921993561e-05,-0.993555833928,-0.261620846398,-0.389077131303,-0.383291677108,-0.275840925491,-0.389562658061,0.717714908437,-0.00627098095318,25.6817440425,13.7909507074,86.0944341077,-0.260842876888,-0.388937739369,0.732692426904,-0.0216441197926,0.732692426904,-0.0216441197926,0.0104387511894,4,0
4100,8.2,2,-0.217914953828,0,-3.59999990463,0,0,0.451053596972,0.486172175352,-0.217914961042,-4.81029963973,0.668968558014,5.29647181508,0.424084331245,-3.45084603567e+253,-3.6,2.87570502972e+251,-1.10741622509,-0.26,0,1.53960994342e-07,-3.84902485813e-05,2.87570502972e+251,0.452026058861,0.486346415267,-1.10741622509,-2.87072113886e+250,-1.19613380786e+249,-3.16277714361e+251,-1.19613380786e+249,6.13463781544,-3.6,-3.79593063923e+253,0.451053596972,0.486172175352,0.668968558014,5.29647181508,0.668968558014,5.29647181508,3.45084603567e+252,4,0
4110,8.22,1,-1.00219142437,0,15.7909507751,0,0,-0.268688667548,-0.397647772654,-1.00219139009,-0.957275725828,0.733502722538,0.559627953174,-2.38660833376,89.296060667,15.7909507074,-0.00106058479588,-0.217965577098,-1.0007429683,-0.444137075891,-8.17689976729e-07,0.000204422494188,-1.00180355309,-0.269485196242,-0.398877614802,-0.662102652989,-0.286623495187,-0.398395057139,0.715180057905,0.26370759585,28.0382167066,15.7909507074,87.1401449279,-0.268688667548,-0.397647772654,0.733502722538,0.559627953174,0.733502722538,0.559627953174,-0.230692594648,4,0
4110,8.22,2,-0.259999990463,0,-3.59999990463,0,0,0.460860835317,0.49705971675,-0.292350597869,-1.31016086441,0.753211433186,1.80722058116,0.623815346495,-1.86715265195e+256,-3.6,1.55596054329e+254,-0.325103124955,-0.26,0,1.02211244818e-06,-0.000255528112039,1.55596054329e+254,0.461856496187,0.498597019401,-0.325103124955,-1.55326390457e+253,-6.47193293571e+251,-1.71128693375e+254,-6.47193293571e+251,-6.39783041648,-3.6,-2.05386791715e+256,0.460860835317,0.49705971675,0.753211433186,1.80722058116,0.753211433186,1.80722058116,1.86715265195e+255,4,4
4120,8.24,1,-1.02321350574,0,17.7909507751,0,0,-0.276748860269,-0.407054737869,-1.02321353972,-0.925913525783,0.74646467945,0.518858787913,-2.18997211784,92.0688951268,17.7909507074,-9.25101506904e-05,-0.0198468108177,-1.02309884358,-0.886367109288,-2.74402831568e-07,6.86007078926e-05,-1.02319135373,-0.277563416694,-0.407484014706,-0.906213920106,-0.29479266077,-0.40780656289,0.728398692963,0.498407357215,30.4985504093,17.7909507074,89.8998799416,-0.276748860269,-0.407054737869,0.74646467945,0.518858787913,0.74646467945,0.518858787913,-0.020956932626,4,0
4120,8.24,2,-0.259999990463,0,-3.59999990463,0,0,0.470936076234,0.508818422956,-0.291177338423,0.584419392476,0.762113414658,-0.0756009695199,0.578398398108,-1.01026211824e+259,-3.6,8.4188509853e+256,0.221298421668,-0.26,0.0901350784991,3.43003526582e-07,-8.57508816468e-05,8.4188509853e+256,0.471954271767,0.509355018982,0.311433500167,-8.40426025569e+255,-3.50177510654e+254,-9.25927701087e+256,-3.50177510654e+254,-33.3018352416,-3.6,-1.11128833006e+259,0.470936076234,0.508818422956,0.762113414658,-0.0756009695199,0.762113414658,-0.0756009695199,1.01026211824e+258,4,4
4130,8.26,1,-1.03447628021,0,18,0,0,-0.284914319662,-0.409616961062,-1.03447627037,-0.240144602218,0.749561950708,-0.169472358844,-2.34301072448,89.2157819826,18,6.8695282613e-05,0.0125418626646,-1.03457535033,-0.275099171099,-3.25663162715e-07,8.14157906737e-05,-1.03450665504,-0.285734032417,-0.410100625153,-0.262557308435,-0.304516762065,-0.410433729495,0.729989892978,-0.147876421061,30.1843479637,18,86.859405052,-0.284914319662,-0.409616961062,0.749561950708,-0.169472358844,0.749561950708,-0.169472358844,0.013366206056,4,0
4130,8.26,2,-0.259999990463,0,-3.59999990463,0,0,0.481142900486,0.512021201823,-0.278849155726,0.556089255453,0.759992056212,-0.0440680536298,0.63546205881,-5.46623516012e+261,-3.6,4.55519596677e+259,0.243568025695,-0.26,0.129795846385,4.0707893606e-07,-0.000101769734012,4.55519596677e+259,0.482167541432,0.512625781911,0.37336387208,-4.54730134637e+258,-1.89470889432e+257,-5.0099261014e+259,-1.89470889432e+257,-28.1024617036,-3.6,-6.01285867613e+261,0.481142900486,0.512021201823,0.759992056212,-0.0440680536298,0.759992056212,-0.0440680536298,5.46623516012e+260,4,4
4140,8.28,1,-1.03108847141,0,18,0,0,-0.293153556638,-0.413843676481,-1.03108847275,0.503026091653,0.737934916113,-0.916869768134,-2.35784064262,84.0952800673,18,7.9092581465e-05,0.0147571719773,-1.03120056621,0.46357314577,-1.23386864503e-07,3.08467161323e-05,-1.03112147363,-0.293981447389,-0.414037915745,0.478330317747,-0.312898834355,-0.414666396385,0.71822263927,-0.892996714133,29.4120060101,18,81.7217331417,-0.293153556638,-0.413843676481,0.737934916113,-0.916869768134,0.737934916113,-0.916869768134,0.0157062829549,4,0
4140,8.28,2,-0.259999990463,0,-3.59999990463,0,0,0.491441946713,0.517304595767,-0.27029738674,0.327186605197,0.761739333453,0.190117990571,0.651184978022,-2.95762122388e+264,-3.6,2.46468435323e+262,0.148014990342,-0.26,0.014065174069,1.54233558647e-07,-3.85583896557e-05,2.46468435323e+262,0.492476810153,0.517547394814,0.162080164411,-2.46041280322e+261,-1.02517200134e+260,-2.71072563355e+262,-1.02517200134e+260,-33.5369509088,-3.6,-3.25338334626e+264,0.491441946713,0.517304595767,0.761739333453,0.190117990571,0.761739333453,0.190117990571,2.95762122388e+263,4,4
4150,8.3,1,-1.0175755024,0,18,0,0,-0.301437554596,-0.414133153966,-1.01757547209,0.651708824094,0.716137917495,-1.06584197806,-2.40951491423,80.1372582294,18,-0.000359710245852,-0.0692835359653,-1.01710641883,0.812384523733,-4.81985157341e-09,1.20496289063e-06,-1.01746612908,-0.302265825141,-0.414138887578,0.743100987768,-0.320869775229,-0.414942829825,0.69659635385,-1.15804381759,29.0051818211,18,77.8013433741,-0.301437554596,-0.414133153966,0.716137917495,-1.06584197806,0.716137917495,-1.06584197806,-0.0736000589155,4,0
4150,8.3,2,-0.259999990463,0,-3.59999990463,0,0,0.501796944162,0.51766644242,-0.265641421428,0.168265745651,0.76743836559,0.349400696769,0.67474049434,-1.60028301888e+267,-3.6,1.3335691824e+265,0.0769540497094,-0.26,0.0484390325003,6.0248117606e-09,-1.50620293737e-06,1.3335691824e+265,0.502832282343,0.517673609432,0.12539308221,-1.33125797064e+264,-5.54690821101e+262,-1.46669497946e+265,-5.54690821101e+262,-3.9319431145,-3.6,-1.76031132076e+267,0.501796944162,0.51766644242,0.76743836559,0.349400696769,0.76743836559,0.349400696769,1.60028301888e+266,4,4
4160,8.32,1,-1.00066125393,0,18,0,0,-0.309715566545,-0.413070423013,-1.00066122545,1.06266970992,0.690945658907,-1.47574013294,-2.38856934087,75.5053264381,18,-2.67019218594e-05,-0.00567277862996,-1.00062807531,1.07407812443,2.43602789496e-07,-6.09006973762e-05,-1.00065477723,-0.310541359617,-0.412713833511,1.0684053458,-0.329535957305,-0.413896272628,0.671118819925,-1.48230161842,28.5019612581,18,73.1227502989,-0.309715566545,-0.413070423013,0.690945658907,-1.47574013294,0.690945658907,-1.47574013294,-0.00599320169228,4,0
4160,8.32,2,-0.259999990463,0,-3.59999990463,0,0,0.512144459096,0.51633802851,-0.263311044595,0.0828834077309,0.775455503691,0.433454620779,0.674454685969,-8.65866703901e+269,-3.6,7.21555586584e+267,0.0390959278494,-0.26,0,-3.04503510629e-07,7.61258776479e-05,7.21555586584e+267,0.513176700435,0.515892291597,0.0390959278494,-7.20305056971e+266,-3.00127107071e+265,-7.93586092281e+267,-3.00127107071e+265,1.50894701727,-3.6,-9.52453374291e+269,0.512144459096,0.51633802851,0.775455503691,0.433454620779,0.775455503691,0.433454620779,8.65866703901e+268,4,4
4170,8.34,1,-0.973088741302,0,18,0,0,-0.317930150476,-0.40804675082,-0.973088759891,1.6413546054,0.655158609415,-2.04940135622,-2.46048990269,68.3979767338,18,1.55983498338e-05,0.0028386192192,-0.97311112605,1.63348833659,3.1317059962e-07,-7.82926499058e-05,-0.973095527701,-0.318745755251,-0.407567509705,1.63632695581,-0.338423868621,-0.408900655742,0.634671659079,-2.04522761155,27.6354499882,18,65.9344610317,-0.317930150476,-0.40804675082,0.655158609415,-2.04940135622,0.655158609415,-2.04940135622,0.00302579941721,4,0
4170,8.34,2,-0.259999990463,0,-3.59999990463,0,0,0.522412689,0.510058437949,-0.262170783248,0.0404504199901,0.784583472248,0.469608017959,0.699308698699,-4.68495347436e+272,-3.6,3.9041278953e+270,0.0159647709066,-0.26,0.0100296923956,-3.91463262361e-07,9.78658155969e-05,3.9041278953e+270,0.523432194968,0.509459386536,0.0259944633022,-3.89736164245e+269,-1.62390068435e+268,-4.29386405954e+270,-1.62390068435e+268,-33.0371947784,-3.6,-5.15344882179e+272,0.522412689,0.510058437949,0.784583472248,0.469608017959,0.784583472248,0.469608017959,4.68495347436e+271,4,4
4180,8.36,1,-0.933892190456,0,18,0,0,-0.3260611999,-0.404979530288,-0.933892193585,2.21761650642,0.607830993685,-2.62259603671,-2.5055119946,59.8553949069,18,1.77824706357e-05,0.00329797127008,-0.933917380994,2.20876508403,4.63812952989e-07,-0.000115953238246,-0.933899598524,-0.326870501372,-0.404302876431,2.2120630553,-0.346933491246,-0.405849209094,0.586966107278,-2.61791226439,26.6190763185,18,57.3463715514,-0.3260611999,-0.404979530288,0.607830993685,-2.62259603671,0.607830993685,-2.62259603671,0.00351136091771,4,0
4180,8.36,2,-0.259999990463,0,-3.59999990463,0,0,0.532576500768,0.506224412161,-0.261612057575,0.0200231007456,0.794188558343,0.486201311415,0.717578678312,-2.53489237524e+275,-3.6,2.1124103127e+273,0.0230183441309,-0.26,0,-5.79766208375e-07,0.000144941552093,2.1124103127e+273,0.533588127607,0.505378594815,0.0230183441309,-2.10874928962e+272,-8.78645537343e+270,-2.32328524166e+273,-8.78645537343e+270,-3.51476861852,-3.6,-2.78838161276e+275,0.532576500768,0.506224412161,0.794188558343,0.486201311415,0.794188558343,0.486201311415,2.53489237524e+274,4,4
4190,8.38,1,-0.883361816406,0,18,0,0,-0.334066510291,-0.394387471167,-0.88336183657,2.7773075069,0.549295326279,-3.17169497807,-2.36395338064,50.0932578756,18,2.19304424443e-05,0.00403494996711,-0.883393240406,2.76624119589,8.55770924624e-07,-0.000213942731161,-0.883371309964,-0.334853996012,-0.393101032126,2.77027614586,-0.353767735907,-0.395208355568,0.529603574057,-3.16548450142,25.4672672147,18,47.7250063797,-0.334066510291,-0.394387471167,0.549295326279,-3.17169497807,0.549295326279,-3.17169497807,0.00429811527644,4,0
4190,8.38,2,-0.259999990463,0,-3.59999990463,0,0,0.54258313874,0.49298433794,-0.26133016961,0.0104026220307,0.80391330835,0.48258171591,0.670644953448,-1.37155670578e+278,-3.6,1.14296392148e+276,0.0346969253525,-0.26,0,-1.06971367664e-06,0.000267428419167,1.14296392148e+276,0.543567495889,0.491376289107,0.0346969253525,-1.14098304814e+275,-4.75409603391e+273,-1.2570622263e+276,-4.75409603391e+273,0.535282399495,-3.6,-1.50871237636e+278,0.54258313874,0.49298433794,0.80391330835,0.48258171591,0.80391330835,0.48258171591,1.37155670578e+277,4,4
4200,8.4,1,-0.821738004684,0,18,0,0,-0.341845987766,-0.385674927761,-0.821738009773,3.32945293079,0.479892022007,-3.71512785855,-2.96641440987,39.0670158131,18,3.32522615404e-05,0.00610586059131,-0.821785840754,3.31257446648,1.14153537012e-07,-2.85383842534e-05,-0.821752588493,-0.342617251516,-0.385546260224,3.31868032708,-0.366577378803,-0.386705402387,0.45517520969,-3.70538572946,24.1588342911,18,36.0940965155,-0.341845987766,-0.385674927761,0.479892022007,-3.71512785855,0.479892022007,-3.71512785855,0.00650488772979,4,0
4200,8.4,2,-0.259999990463,0,-3.59999990463,0,0,0.55230748556,0.482093658491,-0.261177341961,0.00596962695964,0.813484827521,0.476124031532,0.856758881538,-7.42109533151e+280,-3.6,6.18424610959e+278,0.00377264170996,-0.26,0,-1.42691923721e-07,3.56729809345e-05,6.18424610959e+278,0.553271565246,0.481932824068,0.00377264170996,-6.17352817873e+277,-2.5723034078e+276,-6.80159892747e+278,-2.5723034078e+276,-21.5464495291,-3.6,-8.16320486466e+280,0.55230748556,0.482093658491,0.813484827521,0.476124031532,0.813484827521,0.476124031532,7.42109533151e+279,4,4
4210,8.42,1,-0.749058127403,0,18,0,0,-0.349483750773,-0.37497711627,-0.749058157104,3.88426834091,0.399574406331,-4.25924545718,-2.33290867541,26.7393038123,18,5.18215160206e-05,0.00953163090862,-0.749132686227,3.85796122486,1.27333523164e-06,-0.000318333807908,-0.749080864711,-0.350231821363,-0.373080293605,3.86749285577,-0.368975429092,-0.375789269533,0.380105435619,-4.24328212531,22.666802631,18,24.3962416478,-0.349483750773,-0.37497711627,0.399574406331,-4.25924545718,0.399574406331,-4.25924545718,0.0101534891009,4,0
4210,8.42,2,-0.259999990463,0,-3.59999990463,0,0,0.561854689294,0.468721393926,-0.26108304643,0.00400249367706,0.822937735724,0.464718900249,0.656382545946,-4.01533933575e+283,-3.6,3.34611611313e+281,0.0232498960556,-0.26,0,-1.59166906111e-06,0.000397917265268,3.34611611313e+281,0.562789777529,0.466350365562,0.0232498960556,-3.34031695175e+280,-1.3917987299e+279,-3.6801478083e+281,-1.3917987299e+279,1.0492161737,-3.6,-4.41687326933e+283,0.561854689294,0.468721393926,0.822937735724,0.464718900249,0.822937735724,0.464718900249,4.01533933575e+282,4,4
4220,8.44,1,-0.665226578712,0,16.7999992371,0,0,-0.356788473192,-0.356173656041,-0.665226578519,4.43840831192,0.308438105327,-4.79458196796,-2.6639680669,13.1520576679,16.8,6.91152256405e-05,0.0128465738549,-0.665324889232,4.40378345606,8.6017074491e-07,-0.000215042686224,-0.665255774006,-0.35749945942,-0.354847985775,4.41663002991,-0.379063501464,-0.357101782218,0.286192272543,-4.77373181213,19.7792391796,16.8,10.4744136445,-0.356788473192,-0.356173656041,0.308438105327,-4.79458196796,0.308438105327,-4.79458196796,0.0136759565626,4,0
4220,8.44,2,-0.259999990463,0,-3.59999990463,0,0,0.570985592286,0.445217068355,-0.261011618416,0.00363812051171,0.831997210702,0.441578947843,0.748190578818,-2.17258359595e+286,-3.6,1.81048632996e+284,0.00455779102096,-0.26,0,-1.07521344217e-06,0.000268803360539,1.81048632996e+284,0.571874325068,0.443559980505,0.00455779102096,-1.80734857202e+283,-7.53061905009e+281,-1.99122118716e+284,-7.53061905009e+281,-32.5774413036,-3.6,-2.38984195555e+286,0.570985592286,0.445217068355,0.831997210702,0.441578947843,0.831997210702,0.441578947843,2.17258359595e+285,4,4
4230,8.46,1,-0.570855975151,0,14.8000001907,0,0,-0.363831682366,-0.347874370132,-0.570855950654,4.93859424184,0.207024268287,-5.28646861197,-2.59510354742,-1.46362307115,14.8,7.72196123988e-05,0.0143492901342,-0.570965876898,4.89986835202,1.19319908715e-06,-0.000298299771783,-0.570888657286,-0.364525722292,-0.346125063231,4.91421764216,-0.385547144186,-0.348779181041,0.185341513099,-5.2629968232,15.9404745007,14.8,-4.07400254405,-0.363831682366,-0.347874370132,0.207024268287,-5.28646861197,0.207024268287,-5.28646861197,0.015275925483,4,0
4230,8.46,2,-0.259999990463,0,-3.59999990463,0,0,0.579789603719,0.434842960863,-0.260928576027,0.00462246011307,0.840718179746,0.43022050075,0.725219091838,-1.17552193892e+289,-3.6,9.79601615769e+286,0.0102442971318,-0.26,0,-1.49149887363e-06,0.000372874718402,9.79601615769e+286,0.580657153622,0.432656327215,0.0102442971318,-9.77903866001e+285,-4.07459944167e+284,-1.07739200237e+287,-4.07459944167e+284,-32.0524101321,-3.6,-1.29307413281e+289,0.579789603719,0.434842960863,0.840718179746,0.43022050075,0.840718179746,0.43022050075,1.17552193892e+288,4,4
4240,8.48,1,-0.467271119356,0,12.8000001907,0,0,-0.370565926199,-0.32383580655,-0.467271111991,5.35797346326,0.0967051857919,-5.68180926981,-2.31552880546,-16.7031957717,12.8,6.53577776326e-05,0.0123565745144,-0.467362297972,5.32599110915,1.72405803051e-06,-0.000431014507622,-0.467296940194,-0.371210982998,-0.32123535574,5.33834768367,-0.389937874955,-0.324642971082,0.0773590652394,-5.66299065475,11.9803760511,12.8,-19.031865445,-0.370565926199,-0.32383580655,0.0967051857919,-5.68180926981,0.0967051857919,-5.68180926981,0.0131408678459,4,0
4240,8.48,2,-0.259999990463,0,-3.59999990463,0,0,0.588207408472,0.404794756116,-0.260832657967,0.00483340551984,0.849040066439,0.399961350596,0.621648924868,-6.36040809414e+291,-3.6,5.30034007845e+289,0.00212528113261,-0.26,0.00252302976397,-2.1550725553e-06,0.000538768138813,5.30034007845e+289,0.589013729466,0.401544192577,0.00464831089658,-5.29115404712e+288,-2.20464751963e+287,-5.82945548316e+289,-2.20464751963e+287,1.99856529085,-3.6,-6.99644890355e+291,0.588207408472,0.404794756116,0.849040066439,0.399961350596,0.849040066439,0.399961350596,6.36040809414e+290,4,4
4250,8.5,1,-0.356739521027,0,10.8000001907,0,0,-0.376833001338,-0.307250008858,-0.356739529518,5.64338383906,-0.0200934718204,-5.95063384792,-3.39084285111,-32.115175817,10.8,3.35902929872e-05,0.00645517644764,-0.356785393547,5.62738122406,2.18337593172e-07,-5.45843982934e-05,-0.356751803254,-0.377447336065,-0.307003609888,5.6338364005,-0.405098105902,-0.308427721548,-0.048346302648,-5.94226412205,7.99088391203,10.8,-35.512876928,-0.376833001338,-0.307250008858,-0.0200934718204,-5.95063384792,-0.0200934718204,-5.95063384792,0.00685825996349,4,0
4250,8.5,2,-0.259999990463,0,-3.59999990463,0,0,0.596041252352,0.384062508847,-0.26074258257,0.00425140503956,0.856783834922,0.379811103807,0.946175808858,-3.44143225103e+294,-3.6,2.86786020919e+292,0.00208303770851,-0.26,0,-2.7292199356e-07,6.82304983812e-05,2.86786020919e+292,0.596809170755,0.383754510132,0.00208303770851,-2.8628899142e+291,-1.19287079758e+290,-3.15414920061e+292,-1.19287079758e+290,-23.5218345911,-3.6,-3.78557547613e+294,0.596041252352,0.384062508847,0.856783834922,0.379811103807,0.856783834922,0.379811103807,3.44143225103e+293,4,4
4260,8.52,1,-0.242071837187,0,8.80000019073,0,0,-0.382840993583,-0.288303087813,-0.242071844362,5.78521334695,-0.140769149221,-6.07351643476,-2.22703241522,-47.2676809806,8.8,-1.54060680054e-06,-9.51326666419e-05,-0.242067766457,5.78680776452,2.13809882149e-06,-0.000534524705367,-0.242069307064,-0.383414424286,-0.285111777685,5.78671263186,-0.401366487893,-0.28907498341,-0.15929718083,-6.07578761527,4.04294514678,8.8,-49.4945997759,-0.382840993583,-0.288303087813,-0.140769149221,-6.07351643476,-0.140769149221,-6.07351643476,-0.000113619948248,4,0
4260,8.52,2,-0.259999990463,0,-3.59999990463,0,0,0.603551242612,0.360378857383,-0.260665876438,0.00359838895318,0.86421711905,0.356780468429,0.571658815731,-1.86205912626e+297,-3.6,1.55171593855e+295,0.00443240972917,-0.26,0,-2.67262354336e-06,0.000668155885835,1.55171593855e+295,0.604268030987,0.356389719698,0.00443240972917,-1.54902665616e+294,-6.454277734e+292,-1.70661860417e+295,-6.454277734e+292,-26.9637699412,-3.6,-2.04826503889e+297,0.603551242612,0.360378857383,0.86421711905,0.356780468429,0.86421711905,0.356780468429,1.86205912626e+296,4,4
4270,8.54,1,-0.126153156161,0,6.80000019073,0,0,-0.388289480241,-0.25815594999,-0.126153158502,5.783643754,-0.262136321739,-6.04179970399,-2.77460566319,-61.7284279707,6.8,-3.59872655937e-05,-0.00654459026077,-0.126100332845,5.80239839127,1.29573018159e-06,-0.000323932545392,-0.12613632011,-0.388803735036,-0.256155599769,5.79585380101,-0.411313085585,-0.25911526688,-0.285176765475,-6.05496906788,0.204457565509,6.8,-64.4960571964,-0.388289480241,-0.25815594999,-0.262136321739,-6.04179970399,-0.262136321739,-6.04179970399,-0.0069764374479,4,0
4270,8.54,2,-0.259999990463,0,-3.59999990463,0,0,0.610361850884,0.322694934891,-0.260599982218,0.00316845005017,0.870961833102,0.319526484841,0.718547506761,-1.00750615929e+300,-3.6,8.39588466074e+297,0.00114239948144,-0.26,0.00631633985654,-1.61966273493e-06,0.000404915683737,8.39588466074e+297,0.611004669373,0.320194497102,0.00745873933798,-8.38133373411e+296,-3.49222238921e+295,-9.23401803415e+297,-3.49222238921e+295,-4.00228326092,-3.6,-1.10825677522e+300,0.610361850884,0.322694934891,0.870961833102,0.319526484841,0.870961833102,0.319526484841,1.00750615929e+299,4,4
4280,8.56,1,-0.0117595046759,0,4.80000019073,0,0,-0.393332355655,-0.245699825117,-0.0117595050058,5.6484402409,-0.38157285065,-5.89414006602,-2.60110654988,-75.3689197305,4.8,-6.53060062024e-05,-0.0120615360173,-0.0116654112412,5.68170633521,1.76799852714e-06,-0.000441999631786,-0.0117307172474,-0.393821216652,-0.243104499247,5.66964479919,-0.414863819157,-0.24659696943,-0.40313310191,-5.91624176862,-3.46477764843,4.8,-77.9571810723,-0.393332355655,-0.245699825117,-0.38157285065,-5.89414006602,-0.38157285065,-5.89414006602,-0.0128452080917,4,0
4280,8.56,2,-0.259999990463,0,-3.59999990463,0,0,0.6166654451,0.307124778724,-0.260540331197,0.00294877057336,0.877205776297,0.30417600815,0.657358150822,-5.45132346599e+302,-3.6,4.54276955499e+300,0.0231085363838,-0.26,0,-2.20999816936e-06,0.000552499542345,4.54276955499e+300,0.61727652134,0.30388062137,0.0231085363838,-4.53489647084e+299,-1.88954019618e+298,-4.99625920208e+300,-1.88954019618e+298,-29.2821055106,-3.6,-5.99645581259e+302,0.6166654451,0.307124778724,0.877205776297,0.30417600815,0.877205776297,0.30417600815,5.45132346599e+301,4,4
4290,8.58,1,0.0986234769225,0,2.79999995232,0,0,-0.397923067888,-0.211329109169,0.0986234744053,5.39764786739,-0.496546542293,-5.60897697656,-2.22012586647,-87.7720318046,2.8,-8.59959502874e-05,-0.0159842614036,0.0987464584179,5.44105678463,2.36898221684e-06,-0.000592245554203,0.0986604624676,-0.398342124465,-0.207751551887,5.42507252323,-0.416250496549,-0.21209275203,-0.514910959016,-5.63716527526,-6.92095397159,2.8,-89.9751414583,-0.397923067888,-0.211329109169,-0.496546542293,-5.60897697656,-0.496546542293,-5.60897697656,-0.017016212807,4,0
4290,8.58,2,-0.259999990463,0,-3.59999990463,0,0,0.622403835335,0.264161383605,-0.260483454291,0.0028769865771,0.882887289626,0.261284397028,0.510643101993,-2.9495529389e+305,-3.6,2.45796078241e+303,0.00222131521638,-0.26,0,-2.96122778221e-06,0.000740306945548,2.45796078241e+303,0.622927656051,0.259689436986,0.00222131521638,-2.45370088504e+302,-1.02237536877e+301,-2.70333087092e+303,-1.02237536877e+301,-12.4893330501,-3.6,-3.24450823279e+305,0.622403835335,0.264161383605,0.882887289626,0.261284397028,0.882887289626,0.261284397028,2.9495529389e+304,4,4
4300,8.6,1,0.202933803201,0,0.800000011921,0,0,-0.401865800389,-0.189018855043,0.202933804877,5.05446754332,-0.604799605266,-5.24348639836,-3.62942714081,-98.950007994,0.8,-9.6227741188e-05,-0.017960184877,0.203070794586,5.10277411502,2.94234595521e-07,-7.35586488806e-05,0.202974566845,-0.402243615035,-0.188686647227,5.08481393015,-0.431899593579,-0.190270263093,-0.634874160424,-5.27508419324,-10.1399492832,0.8,-102.560320217,-0.401865800389,-0.189018855043,-0.604799605266,-5.24348639836,-0.604799605266,-5.24348639836,-0.0191149177712,4,0
4300,8.6,2,-0.259999990463,0,-3.59999990463,0,0,0.627332250903,0.236273565851,-0.260426335106,0.00297515800785,0.887758586008,0.233298407843,0.93163821007,-1.595917504e+308,-3.6,1.32993125334e+306,0.0049576078077,-0.26,0,-3.67793245637e-07,9.19483114107e-05,1.32993125334e+306,0.627804519205,0.23585830608,0.0049576078077,-1.32762634648e+305,-5.53177644368e+303,-1.46269388798e+306,-5.53177644368e+303,-0.450280691803,-3.6,-1.7555092544e+308,0.627332250903,0.236273565851,0.887758586008,0.233298407843,0.887758586008,0.233298407843,1.595917504e+307,4,4
