cycle,t,joint_id,motor_q,motor_dq,motor_tau,motor_kp,motor_kd,q_ref_shaped,dq_ref_shaped,q_actual,dq_actual,q_error_raw,dq_error_raw,u_star,u_feedback,u_t,eta_q,eta_dq,x_hat_q,x_hat_dq,rho_q,rho_dq,x_bar_q,q_ref_shaped_next,dq_ref_shaped_next,x_bar_dq,r_d_q,r_d_dq,e_q,e_dq,observer_qacc,observer_tau_applied,u_raw,q_ref_raw,dq_ref_raw,q_error_raw2,dq_error_raw2,q_error_shaped,dq_error_shaped,eta_u,flags,joint_flags
0,0,1,-0.414400011301,0,0.20000000298,0,0,-0.4144,0,-0.4144,0,0,-0.000596700463356,-3.76504506842,0,0.2,-0.4144,0,0,0,-2.05735428693e-12,5.14335262627e-10,-0.4144,-0.414400000002,-2.32626813238e-09,0,0.216169885046,0.0262737452103,0.630569885046,0.0262737452103,3.94498265864,0.2,75.7997549316,-0.4144,-0.000596700463356,0,-0.000596700463356,0,0,-79.5648,4,0
0,0,2,0.643000006676,0,-0.20000000298,0,0,0.643,0,0.643,0,0,0.000745872260646,0.807493368248,0,-0.2,0.643,0,0,0,2.57160959194e-12,-6.42905513529e-10,0.643,0.643000000002,2.90782222792e-09,0,-0.377299535238,-0.0425124806349,-1.02029953524,-0.0425124806349,-4.02758156744,-0.2,-122.648506632,0.643,0.000745872260646,0,0.000745872260646,0,0,123.456,4,0
10,0.02,1,-0.414725840092,0,-1.79999995232,0,0,-0.414400000327,2.50388597634e-08,-0.41472584399,-0.0478288131383,0.000323380810239,0.0482632110757,-3.76503108757,0.00698633954352,-1.8,-0.000116102527541,-0.0107405832052,-0.414471850176,0.0138541973803,2.13670747762e-11,-5.34177393538e-09,-0.414587952704,-0.414400000246,5.63492049257e-08,0.00311361417513,-0.444105844938,-0.00123771848662,-0.0295178922345,-0.00435133266175,1.95490367603,-1.8,-3.56390373145,-0.41440246318,0.000434397937324,0.000323380810239,0.0482632110757,0.000325843662787,0.0478288381772,-0.194141016571,4,0
10,0.02,2,0.643565416336,0,0.436414539814,0,0,0.643000000409,-3.12984354504e-08,0.643565388637,0.0767576133033,-0.000562309676063,-0.077300608309,0.807488995555,-0.175458107331,0.43641453535,0.000116851034622,0.0108238096392,0.64330829484,0.0140642893421,-2.67087463257e-11,6.67718928406e-09,0.643425145875,0.643000000308,-7.04361927704e-08,0.0248880989813,0.648090102116,0.000212056272684,0.00466495624077,-0.0246760427086,-1.59069294391,0.43641453535,0.43641453535,0.643003078961,-0.000542995005749,-0.000562309676063,-0.077300608309,-0.000565388228052,-0.0767576446017,0.195616352874,4,0
20,0.04,1,-0.41691339016,0,-2.72040390968,0,0,-0.414399997759,3.83562947459e-08,-0.416913391284,-0.163423365558,0.00251763024385,0.16328493105,-3.76508231777,0.790987183866,-2.72040379078,-0.000152972794797,-0.0140200354074,-0.416592308725,-0.0878905527605,-6.35007602057e-11,1.58751939653e-08,-0.41674528152,-0.414399997771,-5.3598054414e-08,-0.101910588168,-0.443610875885,-0.00121708156559,-0.026865594365,0.100693506602,1.17692290814,-2.72040379078,-2.72040379078,-0.41439576104,-0.000138434507498,0.00251763024385,0.16328493105,0.00251339352444,0.163423403914,-0.25369134312,4,0
20,0.04,2,0.646169006824,0,-0.315948098898,0,0,0.642999997199,-4.79451551097e-08,0.646169021527,0.16431472337,-0.00317432020352,-0.164141681006,0.807504918592,-0.852804660687,-0.315948109607,0.000163241219344,0.0149566283373,0.645826613119,0.0838476845172,7.93756171902e-11,-1.98439139138e-08,0.645989854338,0.642999997214,6.69972699349e-08,0.0988043128546,0.647466048231,0.000186037514491,0.00147619389245,-0.0986182753401,-4.94068370614,-0.315948109607,-0.315948109607,0.642994701323,0.000173042364471,-0.00317432020352,-0.164141681006,-0.00316902432782,-0.164314771315,0.270648367511,4,0
30,0.06,1,-0.421089559793,0,-1.82553946972,0,0,-0.414399972952,9.98840577442e-06,-0.421089565689,-0.236685365148,0.00671241016127,0.244365181401,-3.76276339311,1.74593855571,-1.82553952105,-0.00011565568053,-0.0105674641059,-0.420850535441,-0.181021022555,3.79151715579e-09,-9.47879284879e-07,-0.420966191122,-0.414399947731,1.54540247282e-05,-0.191588486661,-0.444110709119,-0.00122795893452,-0.0231445179973,0.190360527726,2.22153339671,-1.82553952105,-1.82553952105,-0.414377155527,0.00767981625359,0.00671241016127,0.244365181401,0.00668959273642,0.236695353553,-0.191285316356,4,0
30,0.06,2,0.649486362934,0,-0.696279644966,0,0,0.64299996619,-1.24855124484e-05,0.649486375089,0.154220858301,-0.00651493071292,-0.163820631937,0.806774129055,-1.3110392663,-0.696279667686,0.000116236941586,0.0106060648537,0.649247520253,0.0988583187839,-4.73939687495e-09,1.18484921167e-06,0.649363757195,0.642999934664,-1.93175367157e-05,0.109464383638,0.648114084168,0.000200602736637,-0.00124967302651,-0.109263780901,-6.56530285624,-0.696279667686,-0.696279667686,0.642971444376,-0.00959977363577,-0.00651493071292,-0.163820631937,-0.0064864088987,-0.154233343813,0.192014530443,4,0
40,0.08,1,-0.426161468029,0,-1.072676301,0,0,-0.41439880784,0.000131973284938,-0.426161463465,-0.262058255041,0.0123304028017,0.310945651081,-3.756392538,2.5420366315,-1.07267630986,-8.55291087458e-05,-0.00782862548505,-0.425983456672,-0.220362456969,1.37005730649e-08,-3.42514326038e-06,-0.42606898578,-0.414398523762,0.00015231472383,-0.228191082454,-0.444469210125,-0.00112096014361,-0.0184002243451,0.227070122311,3.08555389792,-1.07267630986,-1.07267630986,-0.413831060663,0.04888739604,0.0123304028017,0.310945651081,0.0117626556243,0.262190228326,-0.14167959664,4,0
40,0.08,2,0.651926219463,0,-0.695811927319,0,0,0.6429985098,-0.000164966618242,0.651926198533,0.0922059951432,-0.00963737280431,-0.15331524349,0.80467656856,-1.37277235124,-0.695811943649,7.72140436907e-05,0.00705569153613,0.651766642038,0.0550455013277,-1.71257168446e-08,4.28142920167e-06,0.651843856082,0.642998154702,-0.00019039341767,0.0621011928639,0.648630069517,6.9681703281e-05,-0.00321378656539,-0.0620315111606,-6.41933521198,-0.695811943649,-0.695811943649,0.642288825729,-0.061109248347,-0.00963737280431,-0.15331524349,-0.00892768873327,-0.0923709617615,0.127716160967,4,0
50,0.1,1,-0.431412041187,0,-0.447183340788,0,0,-0.414393912006,0.000361395321284,-0.431412052344,-0.259850816081,0.0188799596543,0.333799849652,-3.7550228297,3.18767651126,-0.447183338975,-7.24104469657e-05,-0.00664126085276,-0.431260058909,-0.22400726968,1.56463250689e-08,-3.91158126947e-06,-0.431332469356,-0.414393166793,0.000384341164443,-0.230648530533,-0.444631914226,-0.000898521437896,-0.0132994448704,0.229750009095,3.7912426299,-0.447183338975,-0.447183338975,-0.412532092689,0.0739490335709,0.0188799596543,0.333799849652,0.0170181403379,0.260212211403,-0.120162979462,4,0
50,0.1,2,0.653017282486,0,-0.500000953674,0,0,0.642992390007,-0.000451744172879,0.653017290855,0.0251586382416,-0.0123521751587,-0.117594933471,0.804030697674,-1.20725798142,-0.50000097709,5.83922497707e-05,0.00534764883681,0.652895488713,-0.00342357968087,-1.95579069606e-08,4.88947675166e-06,0.652953880963,0.642991458491,-0.000480426477885,0.00192406915594,0.648875983804,-0.000206594431344,-0.00407789715961,-0.00213066358729,-5.41623289076,-0.50000097709,-0.50000097709,0.640665115697,-0.0924362952289,-0.0123521751587,-0.117594933471,-0.0100249008488,-0.0256103824145,0.0967736933449,4,0
60,0.12,1,-0.436426788568,0,0.0804202705622,0,0,-0.414383438341,0.000743140342969,-0.436426778296,-0.241331897357,0.0255716540036,0.342122541323,-3.74032745742,3.70691763372,0.0804202686467,-6.85291917247e-05,-0.0062920304707,-0.43628226624,-0.207131785743,3.81673597727e-08,-9.54183993962e-06,-0.436350795432,-0.41438189584,0.000799875677585,-0.213423816214,-0.44455187396,-0.000513877807837,-0.00820107852819,0.212909938406,4.37608256126,0.0804202686467,0.0804202686467,-0.410855124292,0.100790643966,0.0255716540036,0.342122541323,0.0220433399551,0.2420750377,-0.113830092342,4,0
60,0.12,2,0.652922987938,0,-0.243409216404,0,0,0.642979297925,-0.000928925461417,0.652922995887,-0.0261700151784,-0.0143540907513,-0.0998182929992,0.799091199588,-0.958922729237,-0.243409220057,5.03691890024e-05,0.00461917538251,0.652817306767,-0.0510846277538,-4.77092004791e-08,1.1927300112e-05,0.652867675956,0.642977369799,-0.000999844630927,-0.0464654523713,0.648931576684,-0.00068091384645,-0.00393609927234,0.0457845385248,-4.19545959702,-0.243409220057,-0.243409220057,0.638568905135,-0.125988308178,-0.0143540907513,-0.0998182929992,-0.00994369796181,0.025241089717,0.0835776904086,4,0
70,0.14,1,-0.440949350595,0,0.491977542639,0,0,-0.414362188145,0.0014127915177,-0.4409493368,-0.212508947304,0.0325227036634,0.351732374718,-3.73252016037,4.11042771306,0.491977539882,-6.86399361491e-05,-0.00630569496574,-0.440804249179,-0.178110232843,4.85248902171e-08,-1.21312225526e-05,-0.440872889116,-0.414359289605,0.00148566359262,-0.184415927809,-0.444463680054,0.000158562688178,-0.00359079093834,0.184574490497,4.82603335273,0.491977539882,0.491977539882,-0.408426633137,0.139223427414,0.0325227036634,0.351732374718,0.0265871486551,0.213921738822,-0.114069987192,4,0
70,0.14,2,0.65203076601,0,0.00415303744376,0,0,0.64295273518,-0.00176598944303,0.652030789714,-0.0565291794287,-0.0164974985858,-0.117500107966,0.796014724292,-0.713716439811,0.00415303725115,4.70574583519e-05,0.00431938845167,0.651931668358,-0.0799658652074,-6.06561136873e-08,1.51640284253e-05,0.651978725816,0.642949112005,-0.0018570795381,-0.0756464767557,0.648924612979,-0.00151716120141,-0.00305411283767,0.0741293155543,-3.07293222315,0.00415303725115,0.00415303725115,0.635533291128,-0.174029287394,-0.0164974985858,-0.117500107966,-0.00907805453382,0.0547631899857,0.0781452472303,4,0
80,0.16,1,-0.444823592901,0,0.801354825497,0,0,-0.414326766076,0.0021645662603,-0.444823589234,-0.177568191195,0.0393220805201,0.331399027103,-3.72043608636,4.4047293484,0.801354813686,-7.04429511667e-05,-0.00647103156361,-0.444674691639,-0.142269427512,6.65466020622e-08,-1.66366505133e-05,-0.44474513459,-0.414322339094,0.00226340067906,-0.148740459076,-0.444302845394,0.000915562955371,0.0004422891961,0.149656022031,5.15765576918,0.801354813686,0.801354813686,-0.405501508714,0.153830835908,0.0393220805201,0.331399027103,0.0304968231581,0.179732757455,-0.117061551642,4,0
80,0.16,2,0.650751471519,0,0.198106005788,0,0,0.642908457592,-0.00270570788664,0.650751442788,-0.0676129507774,-0.018874557251,-0.12467559719,0.791518042098,-0.517038900162,0.198106004829,4.59902436867e-05,0.00422143814491,0.650654535602,-0.0905290040982,-8.31832536186e-08,2.0795813411e-05,0.650700525846,0.642902923865,-0.00282925091168,-0.0863075659533,0.648857669973,-0.00245782403742,-0.00184285587292,0.0838497419158,-2.23164750532,0.198106004829,0.198106004829,0.631876885537,-0.192288547967,-0.018874557251,-0.12467559719,-0.00784298519587,0.0649072428907,0.0763731371063,4,0
90,0.18,1,-0.447946965694,0,1.01088070869,0,0,-0.414272106578,0.0033759382974,-0.447946964083,-0.138194798388,0.0458823636025,0.329601552979,-3.7007205598,4.59227284146,1.01088076133,-7.1803499274e-05,-0.00659638798785,-0.447795174078,-0.102205338014,9.41067424542e-08,-2.35266856184e-05,-0.447866977577,-0.414265214144,0.00351679718186,-0.108801726002,-0.444065316256,0.00213455456079,0.00380166132098,0.110936280562,5.37415162688,1.01088076133,1.01088076133,-0.402064600481,0.191406754591,0.0458823636025,0.329601552979,0.0336748575053,0.141570736685,-0.119328479666,4,0
90,0.18,2,0.649401068687,0,0.328096777201,0,0,0.642840133218,-0.0042199229492,0.649401059272,-0.0659075050603,-0.0218203090874,-0.173350941124,0.784198595932,-0.381776441351,0.328096777355,4.47454211331e-05,0.00410839102303,0.649306684911,-0.0882441564452,-1.1763342922e-07,2.94083573017e-05,0.649351430332,0.642831517675,-0.00439599655643,-0.0841357654222,0.648745491017,-0.00397386637426,-0.000605939315704,0.0801618990479,-1.69606180686,0.328096777355,0.328096777355,0.627580750185,-0.239258446184,-0.0218203090874,-0.173350941124,-0.00656092605416,0.0616875821111,0.074325377226,4,0
100,0.2,1,-0.450262457132,0,1.09893012047,0,0,-0.414190450859,0.00476614833566,-0.450262456874,-0.0975086473309,0.0523096278036,0.310949085524,-3.70260737656,4.6789531733,1.09893010156,-7.37507524628e-05,-0.00677651002156,-0.45010643634,-0.0604943067023,8.79697959477e-08,-2.19924489916e-05,-0.450180187093,-0.414180789949,0.0048964323934,-0.0672708167238,-0.443972271907,0.00352523912536,0.00620791518595,0.0707960558492,5.45580188805,1.09893010156,1.09893010156,-0.39795282907,0.213440438194,0.0523096278036,0.310949085524,0.0360720060145,0.102274795667,-0.122584304818,4,0
100,0.2,2,0.648183345795,0,0.402245372534,0,0,0.642738063568,-0.00595768551474,0.648183366558,-0.0557512879722,-0.0257423306936,-0.211049262614,0.783407835771,-0.306633018985,0.402245359334,4.4843592582e-05,0.00411996797972,0.64808854666,-0.0782388901312,-1.09962246198e-07,2.74905615561e-05,0.648133390253,0.64272598743,-0.00612054058887,-0.0741189221515,0.648635145398,-0.00571197377183,0.0005017551453,0.0684069483797,-1.41745968011,0.402245359334,0.402245359334,0.622441035864,-0.266800550586,-0.0257423306936,-0.211049262614,-0.00544530298966,0.0497936024575,0.0745294574513,4,0
110,0.22,1,-0.451768815517,0,1.13652408123,0,0,-0.414079488982,0.00646855306282,-0.451768820827,-0.0571839637655,0.0582563755827,0.293729982549,-3.66560112135,4.67711803858,1.13652407462,-7.52287070257e-05,-0.00691020285278,-0.451609866695,-0.0195102977291,1.40796084458e-07,-3.51990211151e-05,-0.451685095402,-0.414066342436,0.00667887005335,-0.0264205005818,-0.443533303587,0.00524131078762,0.00815179181477,0.0316618113695,5.47555858241,1.13652407462,1.13652407462,-0.393512445245,0.236546018784,0.0582563755827,0.293729982549,0.0376893318455,0.0636525168283,-0.125007157393,4,0
110,0.22,2,0.647214949131,0,0.411326766014,0,0,0.642599361219,-0.00808569144232,0.64721494453,-0.0424721712556,-0.0303243885035,-0.25321035495,0.770198170462,-0.284134642508,0.411326774941,4.49848105738e-05,0.0041312293364,0.64711998043,-0.0649644887932,-1.7599510671e-07,4.39987766857e-05,0.647164965241,0.642582928037,-0.00834858768225,-0.0608332594568,0.648384828817,-0.00784463029242,0.001219863576,0.0529886291644,-1.41659090804,0.411326774941,0.411326774941,0.616890556026,-0.295682526205,-0.0303243885035,-0.25321035495,-0.00461558331047,0.0343864798133,0.0747367530125,4,0
120,0.24,1,-0.452484816313,0,1.06924176216,0,0,-0.413928100785,0.00869964298835,-0.452484816947,-0.0188878862454,0.0640475818644,0.287259584777,-3.65547762061,4.59703172061,1.06924179377,-7.68238163471e-05,-0.00705859506448,-0.452322323845,0.0196570189557,1.48502256714e-07,-3.71255641825e-05,-0.452399147661,-0.413910477699,0.00892291974876,0.0125984238912,-0.443275400003,0.00747683885426,0.00912374765792,-0.00512158503693,5.38070325959,1.06924179377,1.06924179377,-0.388437235083,0.268371698532,0.0640475818644,0.287259584777,0.0385567161622,0.0275875292338,-0.12768769377,4,0
120,0.24,2,0.646508097649,0,0.390631973743,0,0,0.64241012597,-0.0108745538671,0.646508100147,-0.029552611279,-0.0359615568755,-0.305912014415,0.764819550209,-0.297799579395,0.390631983454,4.5946542653e-05,0.00422289069813,0.646410800557,-0.0526564357865,-1.85627822225e-07,4.64069555479e-05,0.6464567471,0.642388097113,-0.0111536498195,-0.0484335450884,0.648137112975,-0.0106359294086,0.00168036587546,0.0377976156798,-1.53596197219,0.390631983454,0.390631983454,0.610546543271,-0.335464625694,-0.0359615568755,-0.305912014415,-0.00409797417624,0.0186780574119,0.0763879873595,4,0
130,0.26,1,-0.452488183975,0,0.958856940269,0,0,-0.413732430538,0.0109236037007,-0.452488171187,0.0144590622645,0.069530715205,0.265593009036,-3.63313284689,4.46012412068,0.958856949446,-7.93580492569e-05,-0.00728930813763,-0.452320472717,0.0542056931864,1.77442845473e-07,-4.43607113694e-05,-0.452399830766,-0.413710320472,0.0111881151322,0.0469163850487,-0.442859089848,0.0097099928961,0.00954074091841,-0.0372063921526,5.23674302527,0.958856949446,0.958856949446,-0.382957455982,0.280052071301,0.069530715205,0.265593009036,0.0387557406492,-0.00353545856382,-0.131865675659,4,0
130,0.26,2,0.646054446697,0,0.333680391312,0,0,0.642165538159,-0.0136545047778,0.646054465098,-0.0175326841417,-0.0423576457516,-0.33253240743,0.755606227126,-0.340957711664,0.333680400106,4.87214255119e-05,0.00447585010362,0.645951423807,-0.0419693823172,-2.21803558076e-07,5.54508895166e-05,0.646000145233,0.642137900576,-0.0139851440691,-0.0374935322136,0.64777777895,-0.0134206614115,0.00177763371747,0.0240728708021,-1.79903117,0.333680400106,0.333680400106,0.603696819346,-0.350065091572,-0.0423576457516,-0.33253240743,-0.00388892693847,0.0038781793639,0.0809681153562,4,0
140,0.28,1,-0.451870441437,0,0.813002645969,0,0,-0.413485266748,0.0138929305967,-0.451870453786,0.0435251374097,0.0747954456142,0.265602987068,-3.60312283996,4.28196389429,0.813002641461,-8.07249788132e-05,-0.00741639945003,-0.451699768983,0.0840020043121,2.13160718743e-07,-5.32901796829e-05,-0.451780493962,-0.413457161387,0.0142125512021,0.0765856048621,-0.442343176651,0.0126905176841,0.00943731731125,-0.0638950871779,5.05264655839,0.813002641461,0.813002641461,-0.377075008172,0.309128124478,0.0747954456142,0.265602987068,0.0383851870377,-0.029632206813,-0.134161587133,4,0
140,0.28,2,0.645792961121,0,0.260737240314,0,0,0.641856583419,-0.0173661634149,0.645792978231,-0.00999983621714,-0.0494492186941,-0.376410321591,0.743262680627,-0.398548581422,0.260737232828,5.05065107982e-05,0.00464247601896,0.645685974714,-0.0354164705024,-2.66450899455e-07,6.66127248641e-05,0.645736481225,0.641821451717,-0.0177656891732,-0.0307739944835,0.647341110123,-0.0171376414689,0.00160462889796,0.0136363530145,-2.11267898289,0.260737232828,0.260737232828,0.596343759536,-0.386410157808,-0.0494492186941,-0.376410321591,-0.00393639481163,-0.0073663271978,0.0839768663766,4,0
150,0.3,1,-0.450741440058,0,0.611552298069,0,0,-0.413175927921,0.0169768537193,-0.450741437174,0.0658204076676,0.0800582971482,0.259458839616,-3.60838620851,4.08122975636,0.611552296862,-8.3442936899e-05,-0.00766798157017,-0.45056482782,0.107735112084,1.94223461203e-07,-4.8555865299e-05,-0.450648270757,-0.413141688091,0.0172655823671,0.100067130514,-0.442039795868,0.0157741925548,0.00860847488883,-0.0842929379595,4.81155257886,0.611552296862,0.611552296862,-0.370683140026,0.325279247283,0.0800582971482,0.259458839616,0.0375655092533,-0.0488435539483,-0.138708749007,4,0
150,0.3,2,0.645650744438,0,0.187893480062,0,0,0.641469909881,-0.0212210673364,0.645650762157,-0.00493869812719,-0.0572968378458,-0.401660363031,0.741730000184,-0.463245374392,0.187893478537,5.44584896039e-05,0.00500844482812,0.645535128367,-0.0324526846992,-2.42779327975e-07,6.06948319921e-05,0.645589586856,0.641427110093,-0.0215819781483,-0.0274442398711,0.646886662903,-0.0209953692937,0.00129707604709,0.00644887057733,-2.41451016831,0.187893478537,0.187893478537,0.588353924312,-0.406599061158,-0.0572968378458,-0.401660363031,-0.00418085227659,-0.0162823692092,0.0905911472539,4,0
160,0.32,1,-0.449239075184,0,0.465282559395,0,0,-0.412803745695,0.0204272592682,-0.449239081082,0.0821052160082,0.0851844597346,0.259550103974,-3.55460225963,3.87832343768,0.465282574164,-8.51929294894e-05,-0.00782527210362,-0.449059092456,0.124760796399,2.63778923926e-07,-6.59447309875e-05,-0.449144285385,-0.412762497271,0.0208220464436,0.116935524296,-0.441196459984,0.0192442295062,0.00794782540094,-0.0976912947896,4.62625071532,0.465282574164,0.465282574164,-0.364054621347,0.341655319982,0.0851844597346,0.259550103974,0.0364353353864,-0.06167795674,-0.14156139612,4,0
160,0.32,2,0.645574092865,0,0.0947500094771,0,0,0.641004682095,-0.0255340742898,0.645574074899,-0.00385385833214,-0.0655057989764,-0.423215293523,0.721427600708,-0.531186259296,0.0947500069435,5.7447365213e-05,0.0052788400217,0.645452507183,-0.0327022013392,-3.29723655823e-07,8.24309139495e-05,0.645509954548,0.640953121564,-0.0260275582603,-0.0274233613175,0.646211777551,-0.0253171119791,0.000701823002096,0.00210624933838,-2.78549248366,0.0947500069435,0.0947500069435,0.580068275923,-0.427069151855,-0.0655057989764,-0.423215293523,-0.00456939280466,-0.0216802159576,0.0954913344681,4,0
170,0.34,1,-0.447467058897,0,0.282448530197,0,0,-0.412354953021,0.0244599678659,-0.447467068927,0.0929281448868,0.090476850298,0.269822527554,-3.54348692483,3.68157242249,0.282448515376,-8.6860341495e-05,-0.00798036450938,-0.447283383256,0.13649282172,2.62604897272e-07,-6.56512243178e-05,-0.447370243597,-0.412305637526,0.0248547009323,0.12851245721,-0.440631893669,0.0232817620055,0.00673834992834,-0.105230695205,4.40569381892,0.282448515376,0.282448515376,-0.356990218629,0.362750672441,0.090476850298,0.269822527554,0.0351121159065,-0.068468177021,-0.144363017717,4,0
170,0.34,2,0.645470261574,0,0.0225808806717,0,0,0.640443691247,-0.0305749600493,0.645470252652,-0.00654523334799,-0.0742324801614,-0.446893108807,0.713784794874,-0.59053353617,0.0225808799404,6.05385282281e-05,0.00556543633398,0.645341912857,-0.0370439324549,-3.28256122617e-07,8.20640306539e-05,0.645402451385,0.640382046879,-0.0310683763838,-0.031478496121,0.645544123132,-0.0303624420541,0.00014167174672,0.00111605406681,-3.05582388438,0.0225808799404,0.0225808799404,0.571237772491,-0.453438342155,-0.0742324801614,-0.446893108807,-0.00502656140507,-0.0240297267013,0.100670378763,4,0
180,0.36,1,-0.445551782846,0,0.142469286919,0,0,-0.411827201008,0.0283767907256,-0.445551779929,0.0974243885795,0.095886054092,0.272566352724,-3.51352150414,3.5080512918,0.14246928225,-8.90476887436e-05,-0.00817764614744,-0.445363758148,0.141958694418,2.93038087906e-07,-7.32595219749e-05,-0.445452805837,-0.411770011221,0.0288146721296,0.13378104827,-0.439825110273,0.0272102111729,0.00562769556447,-0.106570837097,4.23184341325,0.14246928225,0.14246928225,-0.349665725837,0.369990741303,0.095886054092,0.272566352724,0.0337245789214,-0.069047597854,-0.147939494598,4,0
180,0.36,2,0.645298659801,0,-0.0516566634178,0,0,0.639784001227,-0.0354709886408,0.645298667669,-0.0107563231883,-0.083216511199,-0.451732104934,0.700316336801,-0.644990660577,-0.0516566650764,6.43823711954e-05,0.00591380787698,0.645162574678,-0.0430176041494,-3.66297610577e-07,9.15744026566e-05,0.64522695705,0.639712513992,-0.036018340397,-0.0371037962724,0.644719881952,-0.0352653269439,-0.000507075097657,0.0018384693285,-3.3269055599,-0.0516566650764,-0.0516566650764,0.56208215647,-0.462488428122,-0.083216511199,-0.451732104934,-0.00551466644244,-0.0247146654525,0.106982341301,4,0
190,0.38,1,-0.44358253479,0,0.0285668056458,0,0,-0.411213823336,0.033041793169,-0.443582539293,0.0987854162815,0.10148269151,0.28801452109,-3.48096101212,3.36115958365,0.0285668064714,-8.92925941109e-05,-0.00820150355451,-0.443393929227,0.143476943633,3.20843595969e-07,-8.02108989889e-05,-0.443483221821,-0.411147258212,0.0335231949248,0.135275440078,-0.438937298779,0.0318866483589,0.00454592304223,-0.103388791719,4.08687890943,0.0285668064714,0.0285668064714,-0.342099847783,0.386799937371,0.10148269151,0.28801452109,0.0323687159564,-0.0657436231125,-0.148368234941,4,0
190,0.38,2,0.644997775555,0,-0.110196143389,0,0,0.639017279133,-0.0413022417025,0.64499775276,-0.0188933937712,-0.0923729438839,-0.464606529134,0.685262020117,-0.686218743602,-0.110196140263,6.57240505438e-05,0.00603877494212,0.644858736877,-0.0518696310001,-4.0105449528e-07,0.000100263623833,0.644924460928,0.638934072727,-0.0419039938977,-0.045830856058,0.643809148277,-0.0411025804882,-0.00111531265094,0.00472827556982,-3.52051326868,-0.110196140263,-0.110196140263,0.552624808876,-0.483499922905,-0.0923729438839,-0.464606529134,-0.00598047362664,-0.0224088479314,0.109239416778,4,0
200,0.4,1,-0.441629141569,0,-0.0823494791985,0,0,-0.410505594819,0.0377150796336,-0.441629148235,0.0961188632921,0.107373157286,0.298857153191,-3.47838164803,3.24566736979,-0.0823494828235,-9.04862069588e-05,-0.00831196523016,-0.441437934833,0.14144140021,3.02000046193e-07,-7.55000115437e-05,-0.44152842104,-0.410429716356,0.03816573188,0.13312943498,-0.438191003645,0.0365615209325,0.00333741739511,-0.0965679140474,3.94871768772,-0.0823494828235,-0.0823494828235,-0.334255990949,0.394976016484,0.107373157286,0.298857153191,0.0311235534156,-0.0584037836586,-0.150364795419,4,0
200,0.4,2,0.644522547722,0,-0.149103701115,0,0,0.638131993482,-0.0471438497926,0.644522534218,-0.02766606002,-0.101702546407,-0.466053961583,0.679442893508,-0.715136625543,-0.149103700312,6.82253298356e-05,0.00626941905922,0.644378144367,-0.0619309729107,-3.77500058768e-07,9.43750146978e-05,0.644446369697,0.638037145402,-0.0477071651022,-0.0556615538515,0.642840759584,-0.046947651205,-0.00160561011287,0.00871390264655,-3.62802089656,-0.149103700312,-0.149103700312,0.542819987811,-0.493720021603,-0.101702546407,-0.466053961583,-0.00639054073658,-0.0194777897726,0.113409968276,4,0
210,0.42,1,-0.439756333828,0,-0.112340800464,0,0,-0.409703111778,0.0426730671928,-0.439756325923,0.0916272727044,0.113458220845,0.310873681969,-3.42785166287,3.16550625265,-0.112340802069,-9.02989749901e-05,-0.00829170030978,-0.439565794919,0.136735087751,3.53153651489e-07,-8.82884128775e-05,-0.439656093894,-0.409617236702,0.0432024034222,0.128443387441,-0.436971163533,0.0415368983696,0.00268493036072,-0.0869064890711,3.89484749379,-0.112340802069,-0.112340802069,-0.326298105078,0.402500954674,0.113458220845,0.310873681969,0.0300532141447,-0.0489542055116,-0.150004608155,4,0
210,0.42,2,0.643858969212,0,-0.189966022968,0,0,0.637128889675,-0.053341334248,0.643858975974,-0.038154289023,-0.110986345519,-0.464971905106,0.658355111106,-0.734011413425,-0.189966023358,6.88069686939e-05,0.00631867394061,0.643713747672,-0.0725456846964,-4.41442064125e-07,0.000110360516045,0.643782554641,0.637021545829,-0.0540030045345,-0.0662270107558,0.641654743873,-0.0531527569897,-0.00212781076824,0.0130742537661,-3.73701275448,-0.189966023358,-0.189966023358,0.532872630455,-0.503126194129,-0.110986345519,-0.464971905106,-0.0067300862989,-0.015187045225,0.114309721039,4,0
220,0.44,1,-0.437979489565,0,-0.148105636239,0,0,-0.408796564661,0.0479693413919,-0.437979480634,0.0863742453292,0.119819731559,0.323758694542,-3.41188139452,3.11428288379,-0.148105632136,-8.99797591172e-05,-0.00826354780261,-0.437789517808,0.131366702165,3.47103490672e-07,-8.67758726656e-05,-0.437879497567,-0.408700104521,0.0484903977518,0.123103154363,-0.43593601852,0.0468385308145,0.00194347904671,-0.0762646235482,3.83733752514,-0.148105632136,-0.148105632136,-0.318159749075,0.410132939872,0.119819731559,0.323758694542,0.0291829159728,-0.0384049039373,-0.149492878592,4,0
220,0.44,2,0.64296913147,0,-0.20549954474,0,0,0.635995705774,-0.0599616769939,0.642969126502,-0.0495855375697,-0.120269441063,-0.463080637741,0.647608883789,-0.738339878804,-0.205499541955,6.9071116357e-05,0.00634418078753,0.642823227522,-0.0841561107675,-4.33879363437e-07,0.000108469840868,0.642892298639,0.635875130598,-0.060612997444,-0.0778119299799,0.640428346358,-0.0597769836363,-0.00246395228061,0.0180349463437,-3.7365361803,-0.205499541955,-0.205499541955,0.522699685439,-0.512666175311,-0.120269441063,-0.463080637741,-0.00697342072788,-0.0103761394242,0.114768546941,4,0
230,0.46,1,-0.436317354441,0,-0.138555496931,0,0,-0.407785219297,0.0532114417798,-0.436317356336,0.0805636825254,0.126377878114,0.331431024341,-3.38005092049,3.09260784841,-0.138555495403,-8.96371599467e-05,-0.00822982762237,-0.436128301774,0.125304970993,3.65191318519e-07,-9.12978296333e-05,-0.436217938933,-0.407678249733,0.053758675701,0.117075143371,-0.434664914358,0.0520914544856,0.00155302457519,-0.064983688885,3.82734960537,-0.138555495403,-0.138555495403,-0.309939478222,0.411994706866,0.126377878114,0.331431024341,0.0285321370385,-0.0273522407456,-0.148887576668,4,0
230,0.46,2,0.641857206821,0,-0.217515930533,0,0,0.634731524063,-0.0665143024839,0.641857196775,-0.0606359289372,-0.129432849911,-0.454357454992,0.631886211713,-0.734613385791,-0.217515934919,6.91139594148e-05,0.00634493003961,0.641711471638,-0.0951140321765,-4.56489147815e-07,0.000114122286964,0.641780585597,0.634597812107,-0.067198344885,-0.0887691021368,0.639033201298,-0.0663350659325,-0.0027473842995,0.0224340362043,-3.72046017938,-0.217515934919,-0.217515934919,0.512424346863,-0.514993383929,-0.129432849911,-0.454357454992,-0.00712567271126,-0.0058783735467,0.114788760841,4,0
240,0.48,1,-0.434758484364,0,-0.116252817214,0,0,-0.406665846134,0.0587300854524,-0.434758475732,0.0759257298805,0.133088097149,0.338433575382,-3.3562560506,3.09305715853,-0.116252815858,-8.84587016413e-05,-0.00812262534343,-0.434571840842,0.120108160926,3.66014237474e-07,-9.15035593695e-05,-0.434660299544,-0.406547836568,0.0592792936142,0.111985535583,-0.433363745401,0.0576176729829,0.00129655414285,-0.0543678625999,3.83069987051,-0.116252815858,-0.116252815858,-0.301670378583,0.414359305263,0.133088097149,0.338433575382,0.0280926295977,-0.0171956444281,-0.14694607621,4,0
240,0.48,2,0.640516936779,0,-0.215699121356,0,0,0.633332307604,-0.0734126070632,0.640516956474,-0.0721265191019,-0.138428984162,-0.445822612493,0.618307768955,-0.721219018595,-0.215699117289,6.78991178116e-05,0.00623445231429,0.640373730112,-0.106026974674,-4.57517795871e-07,0.000114379448973,0.64044162923,0.633184795646,-0.074099117264,-0.0997925223596,0.637537672468,-0.0732373835272,-0.00290395676209,0.0265551388324,-3.64466246229,-0.215699117289,-0.215699117289,0.502087972311,-0.517949131594,-0.138428984162,-0.445822612493,-0.00718464886927,-0.00128608796129,0.112787867648,4,0
250,0.5,1,-0.433281630278,0,-0.0679850056767,0,0,-0.405436352272,0.06424338835,-0.433281619302,0.0724137859404,0.139890863626,0.341087290571,-3.32414259217,3.11089069648,-0.0679850063476,-8.74584029898e-05,-0.00802967974811,-0.433097190262,0.116054042226,3.78115350586e-07,-9.45288376508e-05,-0.433184648665,-0.405307298366,0.0648105397069,0.108024362477,-0.431881072157,0.0631415250214,0.00130357650777,-0.044882837456,3.86001027515,-0.0679850063476,-0.0679850063476,-0.293390755676,0.413501076511,0.139890863626,0.341087290571,0.0278452670296,-0.00817039759043,-0.145266889344,4,0
250,0.5,2,0.638955652714,0,-0.210533648729,0,0,0.631795440273,-0.0803042356778,0.638955658641,-0.0828966938201,-0.147217214961,-0.433979651632,0.602048493908,-0.701752527367,-0.210533653023,6.67362424718e-05,0.00612601631309,0.638815031921,-0.11615161589,-4.72644188454e-07,0.000118161047103,0.638881768163,0.631634122889,-0.0810131748743,-0.110025599577,0.635881836454,-0.0801339691702,-0.00299993170879,0.0298916304063,-3.55459374029,-0.210533653023,-0.210533653023,0.49173844368,-0.516876345452,-0.147217214961,-0.433979651632,-0.00716021836877,0.00259245814233,0.110829619564,4,0
260,0.52,1,-0.431853979826,0,-0.0263045877218,0,0,-0.404095222321,0.069824629375,-0.431853994141,0.0707027851698,0.146719495709,0.340497190389,-3.30897981884,3.13948894517,-0.0263045877582,-8.61948869139e-05,-0.00791480422664,-0.43167213176,0.113756148378,3.59692887864e-07,-8.99232219649e-05,-0.431758326647,-0.403955032333,0.0703647640256,0.105841344151,-0.430431113063,0.0687273005941,0.00132721358357,-0.0371140435573,3.88174640976,-0.0263045877582,-0.0263045877582,-0.285134498432,0.411199975559,0.146719495709,0.340497190389,0.0277587718199,-0.000878155794804,-0.143186285914,4,0
260,0.52,2,0.63718265295,0,-0.194563135505,0,0,0.630119027829,-0.0872807869471,0.63718262407,-0.0931002382872,-0.15576450194,-0.420899730756,0.590899582563,-0.677364064294,-0.194563135911,6.50797472125e-05,0.00597520891973,0.637045381443,-0.125577583678,-4.49616108122e-07,0.000112404027033,0.63711046119,0.629943790343,-0.0879559552579,-0.119602374758,0.634135396037,-0.0871134382717,-0.00297506515285,0.0324889364862,-3.42007999785,-0.194563135911,-0.194563135911,0.481418122131,-0.513999969043,-0.15576450194,-0.420899730756,-0.00706359624131,0.00581945134017,0.10809865418,4,0
270,0.54,1,-0.430446863174,0,0.0373663008213,0,0,-0.402645349153,0.0751564300075,-0.430446855045,0.0703914213184,0.153470289004,0.333988398909,-3.27938690641,3.17522809715,0.0373662996723,-8.52070154661e-05,-0.00782283512221,-0.430267186315,0.112902705961,3.63893263355e-07,-9.09733158394e-05,-0.430352393331,-0.40249449292,0.0757010366558,0.105079870839,-0.428748878837,0.0740687829373,0.00160351449317,-0.0310110879016,3.92425253592,0.0373662996723,0.0373662996723,-0.276976566041,0.404379820227,0.153470289004,0.333988398909,0.0278015058922,0.0047650086891,-0.141525108925,4,0
270,0.54,2,0.63522285223,0,-0.182658791542,0,0,0.628306686364,-0.0939455377127,0.635222834373,-0.101919152082,-0.16400212772,-0.403555622479,0.575398894911,-0.652364937089,-0.182658785427,6.3648716874e-05,0.00584201185059,0.635088768324,-0.133612098372,-4.54866577959e-07,0.000113716644503,0.63515241704,0.628118116072,-0.0946262960212,-0.127770086521,0.632214120555,-0.0937827279548,-0.00293829648549,0.0339873585664,-3.30402863701,-0.182658785427,-0.182658785427,0.471220706654,-0.505474774561,-0.16400212772,-0.403555622479,-0.00691614800907,0.00797361436908,0.105692743249,4,0
280,0.56,1,-0.429013282061,0,0.0939365401864,0,0,-0.401085484709,0.080839353852,-0.429013279251,0.0730243816051,0.160087772627,0.327597699738,-3.25388833094,3.2096540432,0.093936538716,-8.31636196143e-05,-0.00763771321831,-0.428837744958,0.114596431271,3.5425354078e-07,-8.85633852007e-05,-0.428920908578,-0.400923270676,0.081372706999,0.106958718052,-0.427004798438,0.0797593824466,0.00191611013954,-0.0271993356058,3.95666630961,0.093936538716,0.093936538716,-0.268925506624,0.400622081343,0.160087772627,0.327597699738,0.0279277945415,0.00781497224688,-0.138170826459,4,0
280,0.56,2,0.633080661297,0,-0.16433647275,0,0,0.626356855806,-0.101049192506,0.633080655683,-0.111203002727,-0.171923773285,-0.389574598107,0.560744474849,-0.624145110163,-0.164336470961,6.07544992303e-05,0.0055794357372,0.632952474572,-0.141552564576,-4.4281692424e-07,0.000110704231053,0.633013229071,0.626154088263,-0.101715883937,-0.135973128838,0.630181953671,-0.100889813428,-0.00283127540011,0.0350833154104,-3.15885295251,-0.164336470961,-0.164336470961,0.461156882397,-0.500777600834,-0.171923773285,-0.389574598107,-0.00672379987679,0.0101538102214,0.100935835647,4,0
290,0.58,1,-0.427523553371,0,0.128952518106,0,0,-0.399418190367,0.0857626187785,-0.427523546216,0.0757426561185,0.166499045231,0.312493076864,-3.25129729223,3.24202774432,0.12895252183,-8.3205482259e-05,-0.00764041357209,-0.42734797008,0.117309128171,3.1101142095e-07,-7.77528552323e-05,-0.427431175562,-0.399246199079,0.086228902424,0.109668714599,-0.42531552324,0.0846835632421,0.00211565232181,-0.0249851513573,3.96590406774,0.12895252183,0.12895252183,-0.261024500984,0.388235732982,0.166499045231,0.312493076864,0.0281053558489,0.01001996266,-0.138222069747,4,0
290,0.58,2,0.630784869194,0,-0.145959451795,0,0,0.624272737874,-0.107203273629,0.630784840716,-0.117394035312,-0.179504215348,-0.367900629756,0.553834354835,-0.599314010801,-0.145959444488,6.04954156649e-05,0.00555404179462,0.630657277244,-0.147575348106,-3.88764273662e-07,9.71910684128e-05,0.63071777266,0.624057748765,-0.107786128182,-0.142021306311,0.628044145012,-0.107046131665,-0.00267362764768,0.0349751746467,-3.01919841333,-0.145959444488,-0.145959444488,0.451280625368,-0.485294665067,-0.179504215348,-0.367900629756,-0.00651210284125,0.0101907616831,0.100479788522,4,0
300,0.6,1,-0.425957888365,0,0.241754472256,0,0,-0.397654106259,0.0908850829864,-0.425957894393,0.0811772580556,0.172576103446,0.297277127422,-3.16278790431,3.26985140369,0.241754471758,-8.11300796134e-05,-0.00744462481831,-0.425787178492,0.121500282579,3.96037743433e-07,-9.90094358638e-05,-0.425868308572,-0.397471732481,0.0914839173277,0.11405565776,-0.422844514011,0.0898354826634,0.00302379456036,-0.024220175097,4.04973191083,0.241754471758,0.241754471758,-0.253381790948,0.378454385478,0.172576103446,0.297277127422,0.0283037881348,0.0097078249308,-0.134690972379,4,0
300,0.6,2,0.628365576267,0,-0.153185337782,0,0,0.622067632736,-0.113606353861,0.628365561189,-0.124561852174,-0.186638323342,-0.348506128325,0.519921615993,-0.577802068643,-0.153185331005,5.7445747267e-05,0.00526720592999,0.628245060173,-0.152950102478,-4.95047178362e-07,0.000123761794585,0.62830250592,0.621839665513,-0.114354896786,-0.147682896548,0.625599973015,-0.113459173016,-0.00270253290555,0.0342237235321,-2.98123033904,-0.153185331005,-0.153185331005,0.441727237847,-0.473067980499,-0.186638323342,-0.348506128325,-0.00629792845308,0.0109554983131,0.0953048783551,4,0
310,0.62,1,-0.424259364605,0,0.197418123484,0,0,-0.395783867875,0.0957586203077,-0.424259354512,0.0873357139211,0.178362540413,0.279289654042,-3.21983200822,3.28284222447,0.197418120743,-8.08766359166e-05,-0.00742997439944,-0.424088385819,0.127869619731,2.53371389758e-07,-6.33428474445e-05,-0.424169262455,-0.395591966668,0.0961406319779,0.120439645331,-0.421451174111,0.0946891492146,0.0027180883444,-0.0257504961169,3.97312411411,0.197418120743,0.197418120743,-0.245896814099,0.366625367963,0.178362540413,0.279289654042,0.0284754866368,0.00842290638661,-0.134407904487,4,0
310,0.62,2,0.625800848007,0,-0.115699566901,0,0,0.619729834755,-0.119698275479,0.625800866984,-0.130056386193,-0.193429850169,-0.328225322214,0.531430376575,-0.55275635074,-0.115699568135,5.67774287399e-05,0.00521702047828,0.625680754053,-0.158548747257,-3.16714233839e-07,7.91785584661e-05,0.625737531482,0.619489958246,-0.120175790062,-0.153331726778,0.623365662409,-0.11954678266,-0.00237186907271,0.0337849441182,-2.76181285741,-0.115699568135,-0.115699568135,0.432371016815,-0.458281708407,-0.193429850169,-0.328225322214,-0.00607103222887,0.0103581107144,0.0943735939706,4,0
320,0.64,1,-0.422460019588,0,0.264178574085,0,0,-0.393831775293,0.0994967436682,-0.422460034269,0.0925286440419,0.183683815805,0.253708023494,-3.1653452653,3.29524546614,0.26417856268,-8.08622131386e-05,-0.00742205105731,-0.422289687182,0.132800279944,2.9070958335e-07,-7.26773958433e-05,-0.422370549395,-0.393632354229,0.0999285642698,0.125378228887,-0.419046889915,0.0984461138923,0.00332365948043,-0.0269321149943,4.0069432154,0.26417856268,0.26417856268,-0.238776218465,0.346236667536,0.183683815805,0.253708023494,0.0286282589761,0.00696809962633,-0.13427836184,4,0
320,0.64,2,0.623172342777,0,-0.125944957137,0,0,0.617289719026,-0.124370929632,0.623172371665,-0.132948996952,-0.199702099359,-0.299846835645,0.509234746321,-0.541573255103,-0.125944960718,5.63977253865e-05,0.00517363054135,0.623053824245,-0.160921979808,-3.63386976732e-07,9.08467441741e-05,0.62311022197,0.617040442696,-0.12491070538,-0.155748349266,0.620747285426,-0.124226864365,-0.00236293654353,0.0315214849013,-2.74496626834,-0.125944960718,-0.125944960718,0.423470272306,-0.432795832597,-0.199702099359,-0.299846835645,-0.00588265263927,0.00857806732047,0.0936064519357,4,0
330,0.66,1,-0.420506119728,0,0.262782931328,0,0,-0.391792158661,0.104419702715,-0.420506126667,0.101830800081,0.188568689127,0.23551546218,-3.15522830457,3.28900343568,0.262782939334,-7.75909107923e-05,-0.00713189708497,-0.420341926567,0.140807524277,2.40366731352e-07,-6.00916828401e-05,-0.420419517478,-0.391582947165,0.104786022825,0.133675627192,-0.416966956551,0.103370752803,0.00345256092732,-0.0303048743887,3.96725027836,0.262782939334,0.262782939334,-0.23193743754,0.337346262261,0.188568689127,0.23551546218,0.0287139680058,0.0025889026345,-0.129007808232,4,0
330,0.66,2,0.620432198048,0,-0.10867651552,0,0,0.614740198235,-0.130524628409,0.620432202258,-0.13994770996,-0.20551040607,-0.281735115939,0.499652460203,-0.522063644452,-0.108676516341,5.18487890651e-05,0.00476939778697,0.620322257109,-0.166095081222,-3.0045841104e-07,7.51146027596e-05,0.620374105898,0.614478683865,-0.130982528541,-0.161325683435,0.618179120618,-0.130381339976,-0.00219498528029,0.0309443434588,-2.60347948202,-0.108676516341,-0.108676516341,0.414921796188,-0.4216828259,-0.20551040607,-0.281735115939,-0.00569200402329,0.00942308155178,0.086265332092,4,0
340,0.68,1,-0.41841802001,0,0.228348404169,0,0,-0.389674531533,0.107047681462,-0.418418024145,0.106110253785,0.19298987163,0.205703445265,-3.18414187324,3.27851273444,0.228348405774,-8.06397355068e-05,-0.00740591970952,-0.418247736802,0.146443334379,1.43226460969e-07,-3.5806615244e-05,-0.418328376537,-0.389460223867,0.107261253294,0.139037414669,-0.41504851555,0.105990432128,0.00327986098732,-0.0330469825409,3.89543223197,0.228348405774,0.228348405774,-0.225428152515,0.311813699049,0.19298987163,0.205703445265,0.0287434926117,0.0009374276773,-0.13397754457,4,0
340,0.68,2,0.617631137371,0,-0.102350108325,0,0,0.612093164326,-0.133809601786,0.617631158549,-0.13969284706,-0.210845968602,-0.250074274565,0.504298134611,-0.514375536297,-0.102350109284,5.55402559892e-05,0.00510056115299,0.617513879994,-0.167465197854,-1.79033072256e-07,4.47582680578e-05,0.61756942025,0.611825279742,-0.13407656657,-0.162364636701,0.615520758866,-0.133666785347,-0.00204866138379,0.0286978513541,-2.52259876971,-0.102350109284,-0.102350109284,0.406785189948,-0.389767121625,-0.210845968602,-0.250074274565,-0.00553799422349,0.00588324527442,0.0922727075978,4,0
350,0.7,1,-0.416228353977,0,0.376968473196,0,0,-0.387506171014,0.110364335156,-0.416228367796,0.11363675316,0.196815849707,0.180739716753,-3.01573981758,3.26427381398,0.376968479787,-7.74135534106e-05,-0.00709819257087,-0.416065961346,0.151900658196,3.41781517088e-07,-8.54453792657e-05,-0.4161433749,-0.387284906203,0.110888741481,0.144802465625,-0.411525348837,0.10936353608,0.00461802606262,-0.0354389295455,4.00387727747,0.376968479787,0.376968479787,-0.219412518089,0.294376469913,0.196815849707,0.180739716753,0.0287221967828,-0.00327241800407,-0.128434483389,4,0
350,0.7,2,0.614807724953,0,-0.149469614029,0,0,0.609382713677,-0.137955418856,0.614807739089,-0.144205310528,-0.215542092128,-0.223765274529,0.446866607997,-0.511662214945,-0.149469617292,5.1109110935e-05,0.00467881631531,0.614701199258,-0.16917206479,-4.27226894195e-07,0.000106806723545,0.614752308369,0.609106132664,-0.138610926758,-0.164493248474,0.612395754351,-0.137829875494,-0.00235655401827,0.02666337298,-2.65076907615,-0.149469617292,-0.149469617292,0.399265646961,-0.367970585056,-0.215542092128,-0.223765274529,-0.00542502541168,0.00624989167187,0.0846740103445,4,0
360,0.72,1,-0.413872122765,0,0.184076979756,0,0,-0.385263428427,0.113078614209,-0.413872113261,0.119339186591,0.200203564243,0.155212875319,-3.1758743672,3.22884740458,0.184076973494,-7.88409604387e-05,-0.00724790448212,-0.413704982976,0.159046529996,3.34774492017e-08,-8.3693622985e-06,-0.413783823936,-0.385037214146,0.113132248499,0.151798625514,-0.410592541199,0.11202323451,0.00319128273763,-0.0397753910042,3.76860243924,0.184076973494,0.184076973494,-0.213668549018,0.274552061909,0.200203564243,0.155212875319,0.0286086848341,-0.00626057238201,-0.131103936118,4,0
360,0.72,2,0.611878335476,0,-0.0922332778573,0,0,0.606579285446,-0.14134826762,0.611878343607,-0.14588520096,-0.219792657937,-0.19730487394,0.492143512499,-0.496426389359,-0.0922332752826,5.28474356418e-05,0.00486273067376,0.611765902906,-0.172672877921,-4.18468070196e-08,1.04617017599e-05,0.611818750342,0.606296517596,-0.141415310476,-0.167810147248,0.60994172383,-0.14120816602,-0.00187702651182,0.0266019812272,-2.35485395286,-0.0922332752826,-0.0922332752826,0.392085685669,-0.3431900749,-0.219792657937,-0.19730487394,-0.00529905816039,0.00453693334021,0.0879503984233,4,0
370,0.74,1,-0.41147467494,0,0.254270642996,0,0,-0.382997994171,0.113616297196,-0.411474670541,0.120929744056,0.202966860972,0.122306560941,-3.08666261491,3.20827109468,0.254270630501,-7.99174259024e-05,-0.00733237531006,-0.411306566847,0.160618216013,1.27742019462e-07,-3.19355048647e-05,-0.411386484273,-0.382770586657,0.113799563884,0.153285840703,-0.407572001499,0.112592380224,0.00381448277411,-0.0406934604786,3.79995849885,0.254270630501,0.254270630501,-0.208507809569,0.243236304998,0.202966860972,0.122306560941,0.0284766763693,-0.0073134468601,-0.132662150734,4,0
370,0.74,2,0.608997225761,0,-0.133897423744,0,0,0.60374749263,-0.14202037129,0.608997250867,-0.143650932395,-0.223362489457,-0.160394446164,0.461871507604,-0.506036500636,-0.133897426535,5.40993657422e-05,0.00495908470501,0.608883849911,-0.170343115384,-1.59677520761e-07,3.99193801882e-05,0.608937949277,0.603463233237,-0.142249454644,-0.165384030679,0.606843276956,-0.141891380277,-0.00209467232123,0.0234926504026,-2.47821065204,-0.133897426535,-0.133897426535,0.38563476141,-0.30404537856,-0.223362489457,-0.160394446164,-0.00524975823703,0.00163056110513,0.0897324335026,4,0
380,0.76,1,-0.408964365721,0,0.19129639864,0,0,-0.38069527556,0.116546914106,-0.408964374277,0.12878171142,0.205197058638,0.101583331677,-3.0996395249,3.166565786,0.19129639429,-7.47301950337e-05,-0.00687637098401,-0.408805705124,0.166553962116,3.02691903209e-08,-7.56729758225e-06,-0.408880435319,-0.380462115801,0.116602581256,0.159677591132,-0.405446216773,0.115515624889,0.00343421854589,-0.0441619662434,3.69224007384,0.19129639429,0.19129639429,-0.203767315639,0.230365043097,0.205197058638,0.101583331677,0.0282690987168,-0.0122347973143,-0.124370133191,4,0
380,0.76,2,0.606043934822,0,-0.11064402014,0,0,0.60086909437,-0.145683642379,0.606043962645,-0.150188712037,-0.226334818593,-0.137767589076,0.461111102403,-0.492880564403,-0.110644023418,4.73054571189e-05,0.00436199460323,0.605942905047,-0.174376311302,-3.78364838349e-08,9.45912094746e-06,0.605990210504,0.600577644673,-0.145753226311,-0.170014316699,0.60404887842,-0.145551151377,-0.00194133208358,0.0244631653223,-2.31259078238,-0.110644023418,-0.110644023418,0.379709144052,-0.287956301113,-0.226334818593,-0.137767589076,-0.00517486827456,0.00450506965858,0.0788745614185,4,0
390,0.78,1,-0.406407862902,0,0.103141784668,0,0,-0.378371283233,0.115386569492,-0.406407850107,0.126307514358,0.206914778711,0.0686866601312,-3.1649049548,3.13338401557,0.103141782046,-8.10481832721e-05,-0.00744384188049,-0.406236633454,0.166867169957,-1.19096193962e-07,2.9774048492e-05,-0.406317681637,-0.378140694468,0.115205060637,0.159423328077,-0.403579537516,0.114336225563,0.00273814412177,-0.0450871025132,3.56518154012,0.103141782046,0.103141782046,-0.199493071395,0.194994174489,0.206914778711,0.0686866601312,0.0280365668734,-0.0109209448663,-0.134662721276,4,0
390,0.78,2,0.603102505207,0,-0.10896088928,0,0,0.597964103968,-0.144233211543,0.603102501008,-0.143938551662,-0.228736162203,-0.0998041635203,0.480440182505,-0.497167019114,-0.108960890529,5.55090096588e-05,0.00509852025413,0.60298517326,-0.171736207226,1.4887024713e-07,-3.7217561775e-05,0.60304068227,0.597675868012,-0.144006325468,-0.166637686972,0.601193548365,-0.14409865136,-0.00184713390493,0.0225390356124,-2.26515442017,-0.108960890529,-0.108960890529,0.374366338805,-0.243742715182,-0.228736162203,-0.0998041635203,-0.00513839704027,-0.000294659881013,0.0922340539205,4,0
400,0.8,1,-0.403874754906,0,0.327035844326,0,0,-0.376070653406,0.115662252708,-0.403874744163,0.129223488195,0.207990867058,0.0429366818529,-2.90609471696,3.1074348943,0.327035854812,-7.5828398169e-05,-0.00694603906413,-0.403716283411,0.166436314572,2.17126415347e-07,-5.42816038407e-05,-0.403792111809,-0.375838963752,0.116007671903,0.159490275508,-0.399200489437,0.11469850954,0.0045916223721,-0.044791765968,3.74882461077,0.327035854812,0.327035854812,-0.195883877106,0.172160170048,0.207990867058,0.0429366818529,0.0278040907568,-0.0135612354871,-0.125695677474,4,0
400,0.8,2,0.600226581097,0,-0.187384128571,0,0,0.595088316691,-0.144577815504,0.600226586249,-0.146772005565,-0.230371740247,-0.0684282039762,0.397620988699,-0.504501679526,-0.187384131384,4.86792094785e-05,0.00444731452104,0.600125935703,-0.170195951427,-2.71408016062e-07,6.78520040062e-05,0.600174614912,0.594798704624,-0.145009589493,-0.165748636906,0.59772638295,-0.144467896077,-0.00244823196275,0.0212807408294,-2.52952208327,-0.187384131384,-0.187384131384,0.369854846002,-0.215200209542,-0.230371740247,-0.0684282039762,-0.00513826955731,0.00219419006136,0.0805034405565,4,0
410,0.82,1,-0.401261180639,0,0.00688344519585,0,0,-0.373750596434,0.115025943396,-0.401261175568,0.128823741473,0.208636091244,0.0180850109431,-3.18282526989,3.0587755812,0.00688344499656,-7.86937458006e-05,-0.0072389959064,-0.40109391948,0.168638226079,-2.68087625876e-07,6.7021906473e-05,-0.401172613226,-0.373520937411,0.114628445652,0.161399230173,-0.399138953893,0.113968095168,0.00203365933348,-0.0474311350042,3.38786465619,0.00688344499656,0.00688344499656,-0.192625084324,0.146908752416,0.208636091244,0.0180850109431,0.0275105791344,-0.013797798077,-0.130933133696,4,0
410,0.82,2,0.597268998623,0,-0.0922123193741,0,0,0.592188245484,-0.143782428803,0.597269001617,-0.144862810993,-0.23148764653,-0.0387731264233,0.482249748097,-0.486947580556,-0.0922123164334,5.25249274594e-05,0.0048393561189,0.597156649428,-0.171734561727,3.3510953712e-07,-8.3777384269e-05,0.597209174355,0.591901171706,-0.143285556616,-0.166895205608,0.595472005047,-0.143645605487,-0.00173716930864,0.0232496001207,-2.08993570114,-0.0922123164334,-0.0922123164334,0.365781355086,-0.183635937416,-0.23148764653,-0.0387731264233,-0.00508075613312,0.00108038219009,0.0875144839746,4,0
420,0.84,1,-0.39876639843,0,0.122595064342,0,0,-0.371490931473,0.111238953565,-0.398766403181,0.122501292561,0.208673594795,-0.0137781937685,-3.0549465279,3.04423751274,0.122595061921,-8.03417884355e-05,-0.00736740335601,-0.398597747853,0.162250650412,-1.00848632334e-07,2.52121580817e-05,-0.398678089641,-0.371268630413,0.11107489353,0.154883247056,-0.395795756021,0.110226252542,0.00288233362073,-0.0446569945132,3.47085672701,0.122595061921,0.122595061921,-0.190092808386,0.108723098792,0.208673594795,-0.0137781937685,0.0272754717084,-0.0112623389955,-0.133304077076,4,0
420,0.84,2,0.594474673271,0,-0.152513459325,0,0,0.589363664292,-0.139048691447,0.594474688645,-0.137320716498,-0.231858678418,0.00141684621135,0.444015359786,-0.505940843355,-0.152513463297,5.46624271777e-05,0.00500579960692,0.594360533755,-0.164103087739,1.26060794359e-07,-3.15151986005e-05,0.594415196182,0.589085787968,-0.138843616397,-0.159097288132,0.592303788078,-0.138926186289,-0.00211140810428,0.0201711018432,-2.31076331951,-0.152513463297,-0.152513463297,0.362616010227,-0.135903870287,-0.231858678418,0.00141684621135,-0.00511102435265,-0.00172797494865,0.0905879797289,4,0
430,0.86,1,-0.396268874407,0,0.0308972410858,0,0,-0.36926466299,0.111219356839,-0.396268876177,0.126096460326,0.208204112937,-0.0325579244527,-3.09507866078,3.00480346634,0.0308972405348,-7.27382960571e-05,-0.00670041763358,-0.396113930445,0.163087219229,-2.42019143115e-07,6.05047857721e-05,-0.396186668741,-0.369042558315,0.110870823129,0.156386801595,-0.394004264175,0.110188540122,0.00218240456581,-0.0461982614725,3.33953607887,0.0308972405348,0.0308972405348,-0.18806476324,0.093538535873,0.208204112937,-0.0325579244527,0.0270042131868,-0.0148771034872,-0.12117243498,4,0
430,0.86,2,0.591651797295,0,-0.107251815498,0,0,0.5865808287,-0.139024195482,0.591651786116,-0.143014772635,-0.231570832258,0.0260916060271,0.454542624678,-0.486881653996,-0.107251818803,4.48302447985e-05,0.00414408640521,0.591555300284,-0.16625519499,3.02523933127e-07,-7.56309832754e-05,0.591600130529,0.586303197857,-0.138588528339,-0.162111108584,0.589738927848,-0.138892608017,-0.00186120268033,0.0232185005673,-2.0659625331,-0.107251818803,-0.107251818803,0.360080953858,-0.116923166608,-0.231570832258,0.0260916060271,-0.00507095741675,0.00399057715318,0.0749127894847,4,0
440,0.88,1,-0.3938562572,0,-0.0733719244599,0,0,-0.367092140537,0.105436754161,-0.393856264994,0.115309652129,0.207276949104,-0.0623977644205,-3.19353167357,2.98402424677,-0.0733719214008,-8.19376245822e-05,-0.00752521759258,-0.393683169812,0.156308327989,-4.28317019741e-07,0.00010707925494,-0.393765107437,-0.366881919009,0.104789526437,0.148783110397,-0.392526285437,0.104376998123,0.00123882199972,-0.0444061122734,3.20583034194,-0.0733719214008,-0.0733719214008,-0.18657931589,0.0529118877082,0.207276949104,-0.0623977644205,0.0267641244567,-0.00987289796784,-0.136135505401,4,0
440,0.88,2,0.588926792145,0,-0.0983303710818,0,0,0.583865175646,-0.13179594207,0.588926820628,-0.129999883761,-0.230702675891,0.0638600274188,0.488672750952,-0.492463550492,-0.0983303676946,5.69001121915e-05,0.00522592166335,0.588806549975,-0.158487740222,5.35396278867e-07,-0.000133849069707,0.588863450087,0.583602398736,-0.130986907408,-0.153261818559,0.58714392656,-0.131659327448,-0.00171952352706,0.0216024911105,-2.01528595311,-0.0983303676946,-0.0983303676946,0.358224144737,-0.0661398563423,-0.230702675891,0.0638600274188,-0.00506164498223,-0.00179605830846,0.0945395681544,4,0
450,0.9,1,-0.391609489918,0,0.244818970561,0,0,-0.365031937762,0.101963565096,-0.39160948665,0.113148058497,0.205765330344,-0.0855086569019,-2.85486128499,2.9763482121,0.244818969816,-7.44651873327e-05,-0.00681467042104,-0.391454468992,0.149436507115,3.95665362696e-08,-9.89163406721e-06,-0.391528934179,-0.364827897329,0.102049891407,0.142621836694,-0.387755231285,0.101016761199,0.0037737028941,-0.0416050754951,3.49386735638,0.244818969816,0.244818969816,-0.185844156306,0.0276394015947,0.205765330344,-0.0855086569019,0.0265775488877,-0.0111844934006,-0.123332042705,4,0
450,0.9,2,0.586372077465,0,-0.19354750216,0,0,0.58128992219,-0.12745445568,0.586372084503,-0.130105262648,-0.229066889181,0.0955560139654,0.384744126015,-0.500474562788,-0.193547507209,4.71404017332e-05,0.00429788208152,0.586275424902,-0.152440859936,-4.94581665622e-08,1.23645416442e-05,0.586322565303,0.58103487165,-0.127562363563,-0.148142977855,0.583843214853,-0.127348068486,-0.00247935045046,0.0207949093692,-2.36959369256,-0.193547507209,-0.193547507209,0.357305195322,-0.0345492486822,-0.229066889181,0.0955560139654,-0.00508216231377,0.00265080696762,0.0778170704372,4,0
460,0.92,1,-0.389369726181,0,-0.164970785379,0,0,-0.363021137577,0.0973937178153,-0.389369716678,0.107093788859,0.203876979086,-0.106861329307,-3.23513268546,2.9394848114,-0.164970779052,-7.85039971632e-05,-0.00722527047172,-0.389202507561,0.146959001561,-5.91300951369e-07,0.000147825237849,-0.389281011559,-0.362827226625,0.0965120002306,0.139733731089,-0.388846764673,0.0963176500196,0.000434246885803,-0.0434160810698,3.05415112581,-0.164970779052,-0.164970779052,-0.185492737593,0.000232459551969,0.203876979086,-0.106861329307,0.026348579101,-0.00970007104372,-0.130677095003,4,0
460,0.92,2,0.583785653114,0,-0.0563574843109,0,0,0.578776421973,-0.121742146521,0.583785663558,-0.123428945517,-0.22691974156,0.123138374397,0.505554710837,-0.474232204978,-0.0563574842298,5.25778858527e-05,0.00484906475032,0.583672735421,-0.150518162299,7.39126193028e-07,-0.000184781548253,0.583725313307,0.578534033285,-0.120639999535,-0.145669097549,0.582252676149,-0.121597302597,-0.00147263715822,0.0240717949513,-1.78319794654,-0.0563574842298,-0.0563574842298,0.356865921997,-0.000290571120199,-0.22691974156,0.123138374397,-0.0050092415846,0.00168679899552,0.0876799900889,4,0
470,0.94,1,-0.387385517359,0,0.00724144466221,0,0,-0.361161497265,0.0890273491749,-0.387385514519,0.0943878163273,0.201468516552,-0.134263707585,-3.07423613868,2.94812667531,0.00724144477339,-8.04036304863e-05,-0.00736958819314,-0.387217035212,0.13403420017,-3.50927371329e-07,8.77318428255e-05,-0.387297438842,-0.360984001861,0.0884845064176,0.126664611977,-0.385626400396,0.0880079782111,0.00167103844671,-0.0386566337662,3.20770859782,0.00724144477339,0.00724144477339,-0.185916997966,-0.0398758912574,0.201468516552,-0.134263707585,0.0262240172537,-0.00536046715243,-0.133350908144,4,0
470,0.94,2,0.58149433136,0,-0.126145496964,0,0,0.576451871598,-0.111284185667,0.581494309508,-0.109777364781,-0.224098061978,0.159622232158,0.461705155085,-0.496741314752,-0.126145503256,5.50209709163e-05,0.00503408232335,0.581379805527,-0.136560922645,4.38659217505e-07,-0.00010966480439,0.581434826498,0.576230002345,-0.110605632215,-0.131526840322,0.57953481769,-0.11115572958,-0.00190000880804,0.0203711107418,-2.07650877305,-0.126145503256,-0.126145503256,0.35739624753,0.0498448673763,-0.224098061978,0.159622232158,-0.00504243791024,-0.00150682088606,0.0911093435896,4,0
480,0.96,1,-0.385481774807,0,-0.0983238816261,0,0,-0.359412775869,0.0856338472292,-0.385481768343,0.0949476689689,0.198617620314,-0.150354165381,-3.1400430962,2.9234901753,-0.0983238784018,-7.09134396845e-05,-0.00653835387988,-0.385330290403,0.13119643742,-5.20951160987e-07,0.00013023779024,-0.385401203843,-0.359242255013,0.0848697144783,0.12465808354,-0.384550917044,0.0845864246803,0.000850286799138,-0.0400716588597,3.07523064849,-0.0983238784018,-0.0983238784018,-0.186864148028,-0.0554064964121,0.198617620314,-0.150354165381,0.0260689924735,-0.00931382173965,-0.118229042498,4,0
480,0.96,2,0.579246044159,0,-0.057987138629,0,0,0.57426596987,-0.107042308181,0.579246055507,-0.112862996132,-0.220665870333,0.182121119937,0.483813607426,-0.470335503117,-0.0579871397338,4.26843385027e-05,0.00395436569066,0.579153588598,-0.135256846849,6.51188954537e-07,-0.000162797238643,0.579196272937,0.574052818802,-0.106087142238,-0.131302481158,0.577696250882,-0.106899379806,-0.00150002205414,0.0244031013526,-1.76366928446,-0.0579871397338,-0.0579871397338,0.358580185174,0.0692581238046,-0.220665870333,0.182121119937,-0.00498008563695,0.00582068795095,0.0714652440431,4,0
490,0.98,1,-0.383754849434,0,-0.202019959688,0,0,-0.35779608802,0.0753912717317,-0.3837548603,0.0784723011749,0.195394913372,-0.174497779079,-3.25941051716,2.92079237899,-0.202019954731,-8.2220721867e-05,-0.00755073780287,-0.383581188509,0.119599242803,-7.16039389392e-07,0.000179009847352,-0.383663409231,-0.357646392483,0.074310738644,0.112048505001,-0.383774422858,0.0743088411134,-0.000111013627459,-0.0377396638872,2.95761160513,-0.202019954731,-0.202019954731,-0.188359946928,-0.0960254779045,0.195394913372,-0.174497779079,0.0259587722801,-0.00308102944322,-0.136598183444,4,0
490,0.98,2,0.577200293541,0,-0.0424635373056,0,0,0.572245110075,-0.0942390887661,0.577200266841,-0.0929245115242,-0.216750332977,0.212956362135,0.529132909973,-0.47605539296,-0.0424635365312,5.75097245959e-05,0.00528119915136,0.577078744025,-0.121696657507,8.9504923928e-07,-0.000223762309822,0.57713625375,0.572057990657,-0.0928884224027,-0.116415458355,0.575852113387,-0.0940887969615,-0.0012841403625,0.0223266613939,-1.72314172161,-0.0424635365312,-0.0424635365312,0.360449933864,0.12003185061,-0.216750332977,0.212956362135,-0.00495515676531,-0.00131457724186,0.0955410535442,4,0
500,1,1,-0.382286250591,0,0.175602853298,0,0,-0.356376239528,0.0682383549113,-0.382286248759,0.0731523881714,0.19169218201,-0.193614619085,-2.87658645229,2.93095529377,0.175602853053,-7.32350355398e-05,-0.00669830529717,-0.382134140077,0.108692855483,-1.60967573271e-07,4.02418933238e-05,-0.382207375112,-0.356239941579,0.0680282488086,0.101994550186,-0.379297715638,0.0672832934068,0.00290965947459,-0.0347112567794,3.32070249432,0.175602853053,0.175602853053,-0.19059406675,-0.120462230914,0.19169218201,-0.193614619085,0.0259100092316,-0.00491403326005,-0.121234011578,4,0
500,1,2,0.575437486172,0,-0.144594296813,0,0,0.570470299479,-0.0852979426969,0.575437478397,-0.0891480911442,-0.212194894691,0.239725882961,0.41549262986,-0.48473988201,-0.144594292273,4.56976835506e-05,0.00416081780504,0.575344285003,-0.110583181072,2.01209470196e-07,-5.03023675528e-05,0.575389982686,0.570299927045,-0.0850353100629,-0.106422363267,0.573299933501,-0.0851800412793,-0.00209004918508,0.0212423219873,-2.13916649441,-0.144594292273,-0.144594292273,0.363242583705,0.150577791817,-0.212194894691,0.239725882961,-0.0049671789174,0.00385014844725,0.0753470401223,4,0
510,1.02,1,-0.380879431963,0,-0.281453371048,0,0,-0.355074736329,0.0599934152669,-0.380879443035,0.0636153857588,0.187683892352,-0.210089335716,-3.31653860239,2.90494276711,-0.281453379372,-7.81631515617e-05,-0.00719594567588,-0.380712759563,0.103389280777,-8.59593114022e-07,0.000214898278503,-0.380790922714,-0.35495602905,0.0587089446093,0.0961933351013,-0.381582017963,0.0588889451988,-0.000791095248828,-0.0373043899026,2.84971468292,-0.281453379372,-0.281453379372,-0.193195550682,-0.146473949957,0.187683892352,-0.210089335716,0.0258047067061,-0.0036219704919,-0.130142455914,4,0
510,1.02,2,0.573718607426,0,0.016903379932,0,0,0.568843420499,-0.0749917681022,0.573718625826,-0.0773649817164,-0.207224187143,0.260457422268,0.558951294573,-0.454789343956,0.0169033805688,5.22995209848e-05,0.00482606637619,0.573606032932,-0.104417852571,1.07449139408e-06,-0.000268622848512,0.573658332453,0.568695036403,-0.0733861797779,-0.0995917861952,0.572767380773,-0.0748282697575,-0.000890951680164,0.0247635164377,-1.48892422699,0.0169033805688,0.0169033805688,0.366494438684,0.183092440552,-0.207224187143,0.260457422268,-0.00487520532678,0.00237321361415,0.0872585700481,4,0
520,1.04,1,-0.379806995392,0,-0.078748062253,0,0,-0.354001852076,0.0478791539045,-0.379807003878,0.0473841690686,0.183285622198,-0.230692869582,-3.13966194226,2.92803262699,-0.078748062069,-8.01363981581e-05,-0.00734344154738,-0.379639229064,0.0868363913166,-5.67154214204e-07,0.000141788553548,-0.379719365462,-0.353906980674,0.0470103355485,0.0794929497692,-0.379014932332,0.0468369422272,0.000704433130342,-0.032656007542,3.05135073599,-0.078748062069,-0.078748062069,-0.196521381679,-0.183308700513,0.183285622198,-0.230692869582,0.0258051518015,0.000494984835915,-0.132881253204,4,0
520,1.04,2,0.572411000729,0,-0.0574730299413,0,0,0.567502315204,-0.0598489413778,0.572411026855,-0.0584391049719,-0.201759299364,0.287574983591,0.514348035971,-0.481112989179,-0.0574730288494,5.48004536805e-05,0.00501164928344,0.572297179597,-0.0850299491531,7.08942769823e-07,-0.000177235692454,0.572351980051,0.567383725953,-0.0587629184299,-0.0800182998697,0.571026529778,-0.0597020991039,-0.00132545027232,0.0203162007658,-1.84040084643,-0.0574730288494,-0.0574730288494,0.370651727491,0.229135878619,-0.201759299364,0.287574983591,-0.00490871165096,-0.00140983640596,0.0907080756417,4,0
530,1.06,1,-0.378865927458,0,-0.194028317928,0,0,-0.35310706238,0.0413766770543,-0.378865915296,0.0457712869034,0.17854489779,-0.242944544003,-3.22316319043,2.91210240716,-0.194028324607,-7.01708920905e-05,-0.00647247796132,-0.378715832843,0.0817232661134,-7.40591669046e-07,0.000185147917261,-0.378786003735,-0.353025384863,0.0402833145002,0.075250788152,-0.378946624793,0.0403000286204,-0.000160621057911,-0.0349507595316,2.92636042455,-0.194028324607,-0.194028324607,-0.200321017506,-0.1971732571,0.17854489779,-0.242944544003,0.0257588529159,-0.00439460984908,-0.117032458663,4,0
530,1.06,2,0.571228265762,0,0.0213336385787,0,0,0.566383828104,-0.0517208452761,0.57122826847,-0.0577828857547,-0.195826996137,0.304249460049,0.545638250092,-0.454249064408,0.0213336383322,4.18057722654e-05,0.00387680244226,0.571137425114,-0.0798375016293,9.25739587543e-07,-0.000231434896879,0.571179230887,0.56628173121,-0.0503541420815,-0.075960699187,0.570340148681,-0.0515559985854,-0.000839082205633,0.0244047006016,-1.51994388724,0.0213336383322,0.0213336383322,0.375401272333,0.246466574294,-0.195826996137,0.304249460049,-0.00484444036596,0.00606204047853,0.0700555473511,4,0
540,1.08,1,-0.378153979778,0,-0.288428515196,0,0,-0.35240787998,0.0279663754888,-0.378153977709,0.0265567150942,0.173549705521,-0.259078834052,-3.34287107614,2.91801623657,-0.288428508194,-8.21216665527e-05,-0.00754118571234,-0.377980547674,0.0676192585356,-9.07290652885e-07,0.000226822663215,-0.378062669341,-0.352353323119,0.0265979627571,0.0600780728233,-0.379081943715,0.0268549561666,-0.00101927437425,-0.0332231166567,2.83628386213,-0.288428508194,-0.288428508194,-0.204604272189,-0.232522118958,0.173549705521,-0.259078834052,0.025746097729,0.00140966039469,-0.136426331376,4,0
540,1.08,2,0.5703368783,0,0.0364052392542,0,0,0.565509850125,-0.0349579683152,0.570336876093,-0.0332190066611,-0.18958153535,0.323871658107,0.594851534857,-0.462947413482,0.0364052392319,5.74902900839e-05,0.00527879665295,0.570215438814,-0.0619611777698,1.13411331593e-06,-0.000283528328987,0.570272929105,0.565441654051,-0.0332474524008,-0.0566823811168,0.569663910321,-0.0347848824737,-0.000609018783199,0.0218974986431,-1.5200370487,0.0364052392319,0.0364052392319,0.380755340743,0.290652651446,-0.18958153535,0.323871658107,-0.00482702596772,-0.0017389616541,0.0954988821433,4,0
550,1.1,1,-0.377746075392,0,0.0805976614356,0,0,-0.351964176634,0.0180698372673,-0.377746074453,0.0191660122253,0.168227847775,-0.272123210966,-2.97518008134,2.93483313388,0.08059766323,-7.30495875781e-05,-0.00668244311719,-0.377594253068,0.0546606781322,-3.47948859558e-07,8.69872148864e-05,-0.377667302656,-0.351928497225,0.0175787429337,0.047978235015,-0.375708249873,0.0170805008823,0.00195905278245,-0.0308977341327,3.20933172422,0.08059766323,0.08059766323,-0.209518226678,-0.25295719874,0.168227847775,-0.272123210966,0.0257818978192,-0.00109617495802,-0.12094461069,4,0
550,1.1,2,0.569808185101,0,-0.0601534321904,0,0,0.564955220963,-0.0225872955229,0.569808170482,-0.0257685477439,-0.182910386573,0.341965048797,0.489360564086,-0.474394495463,-0.0601534306362,4.55461887153e-05,0.00414841443906,0.569715162444,-0.0471885149331,4.34936077376e-07,-0.000108734019335,0.569760708632,0.564910621704,-0.0219734276013,-0.0430401004941,0.568401247152,-0.0224437110983,-0.00135946148012,0.0205963893957,-1.9511268002,-0.0601534306362,-0.0601534306362,0.386897783909,0.316196501053,-0.182910386573,0.341965048797,-0.00485294951937,0.003181252221,0.0751194992583,4,0
560,1.12,1,-0.377443552017,0,-0.357248514891,0,0,-0.351692473428,0.00730752765894,-0.37744354166,0.00760666148999,0.162707967549,-0.281810369069,-3.40263532116,2.91516552292,-0.357248526524,-7.82191796084e-05,-0.00720019932654,-0.377276814865,0.047376077194,-9.96244860996e-07,0.000249061215246,-0.377355034044,-0.35167934567,0.00581669541652,0.0401758778675,-0.378915328605,0.00617324202655,-0.001560294561,-0.034002635841,2.77660614519,-0.357248526524,-0.357248526524,-0.214735574111,-0.274203707579,0.162707967549,-0.281810369069,0.025751068232,-0.000299133831052,-0.130221271709,4,0
560,1.12,2,0.569398641586,0,0.0960244238377,0,0,0.564615591977,-0.00913440850549,0.569398661605,-0.010488372867,-0.175979193354,0.35324300983,0.632207498898,-0.448630136298,0.096024423103,5.24875256509e-05,0.00484220841074,0.569285765752,-0.0375944608609,1.24530607448e-06,-0.000311326518612,0.569338253277,0.564599182282,-0.00727086820504,-0.0327522524502,0.569146513788,-0.00894562009669,-0.00019173948887,0.0238066323535,-1.36011658714,0.096024423103,0.096024423103,0.393419468251,0.342754636963,-0.175979193354,0.35324300983,-0.00478306962801,0.00135396436154,0.0875529394969,4,0
570,1.14,1,-0.377502650023,0,-0.163236185908,0,0,-0.351692262182,-0.00665424129854,-0.377502641891,-0.00968428836055,0.156970549173,-0.293308388264,-3.23733013576,2.94151462621,-0.163236188048,-7.99433454179e-05,-0.00732688744887,-0.377335171245,0.0297181787051,-6.94772961496e-07,0.000173693240373,-0.37741511459,-0.351706646007,-0.00771299229674,0.0223912912562,-0.377520345212,-0.0077304114248,-0.000105230622019,-0.030121702681,2.98826609037,-0.163236188048,-0.163236188048,-0.220532092717,-0.302992676624,0.156970549173,-0.293308388264,0.0258103797086,0.00303004706201,-0.132579321502,4,0
570,1.14,2,0.569452106953,0,0.0265075601637,0,0,0.564615327941,0.00831780266654,0.569452119653,0.0106127263067,-0.168787003097,0.368128121738,0.593888957286,-0.476842310557,0.0265075610427,5.46837058119e-05,0.00500248838566,0.569338381327,-0.0159819138046,8.68466201731e-07,-0.00021711655042,0.569393065032,0.564633307724,0.00964124141388,-0.0109794254189,0.568802640564,0.00849227402585,-0.000590424468176,0.0194716994448,-1.72607028015,0.0265075610427,0.0265075610427,0.400665116556,0.378740848045,-0.168787003097,0.368128121738,-0.00483679171226,-0.00229492364018,0.0905390856864,4,0
580,1.16,1,-0.377730250359,0,-0.273859739304,0,0,-0.351909847827,-0.0153007356901,-0.377730239346,-0.0137584918306,0.151038292547,-0.299636449426,-3.32438632046,2.93154756154,-0.273859748994,-7.13686531018e-05,-0.00657976428272,-0.377577799488,0.0227132038047,-8.3891691055e-07,0.000209729227638,-0.377649168141,-0.351941678944,-0.0165447458956,0.016133439522,-0.37857528126,-0.0164117954165,-0.000926113119185,-0.0325452349384,2.88806930652,-0.273859748994,-0.273859748994,-0.226691946799,-0.313394941257,0.151038292547,-0.299636449426,0.0258203915188,-0.00154224385955,-0.118979009919,4,0
580,1.16,2,0.569693207741,0,0.100119203329,0,0,0.564887310019,0.0191259206694,0.569693210371,0.0150443728534,-0.161328276167,0.376699305888,0.629283240335,-0.456297940795,0.100119205929,4.35315613176e-05,0.00403175211491,0.569598946111,-0.00777026697479,1.04864613659e-06,-0.000262161534154,0.569642477672,0.564927098916,0.0206809334241,-0.00373851485987,0.56951608351,0.0193187862315,-0.000126394162732,0.0230573010913,-1.46534774888,0.100119205929,0.100119205929,0.408364934204,0.391743678742,-0.161328276167,0.376699305888,-0.0048059003524,0.00408154781591,0.0728660936115,4,0
590,1.18,1,-0.378210037947,0,-0.341429263353,0,0,-0.352354828884,-0.0295735441746,-0.37821003297,-0.0328014545056,0.145002299178,-0.306092554253,-3.41835353765,2.94115186193,-0.341429254142,-8.17327544644e-05,-0.00750498329523,-0.378037480434,0.00804629006495,-9.37372149123e-07,0.000234343037278,-0.378119213189,-0.352415396504,-0.0309868392482,0.000541306769722,-0.379662262778,-0.0307113539202,-0.0015430495891,-0.0312526606899,2.84366629395,-0.341429254142,-0.341429254142,-0.233207733792,-0.338894008758,0.145002299178,-0.306092554253,0.0258552040868,0.00322791033106,-0.135772421581,4,0
590,1.18,2,0.570262670517,0,0.109704129398,0,0,0.56544353636,0.0369669312281,0.570262684072,0.0396710607365,-0.153753016087,0.383946452122,0.672311446592,-0.467645539729,0.109704127443,5.71725762034e-05,0.00524904029929,0.570141985991,0.0111120659011,1.17171518277e-06,-0.000292928795687,0.570199158567,0.565519245887,0.0387335500646,0.0163611062004,0.570246445203,0.0371670524299,4.72866357989e-05,0.0208059462295,-1.5176547162,0.109704127443,0.109704127443,0.416509667986,0.423617512858,-0.153753016087,0.383946452122,-0.00481914771275,-0.00270412950845,0.0949617794197,4,0
600,1.2,1,-0.378996163607,0,-0.0585742928088,0,0,-0.353069240653,-0.0405104774659,-0.37899616397,-0.0416330960288,0.138831275751,-0.311046821928,-3.14093698575,2.95916898546,-0.0585742932876,-7.4339065414e-05,-0.00680753790282,-0.378841013732,-0.00523004519803,-4.85503365344e-07,0.000121375841338,-0.378915352797,-0.353150941766,-0.0412146841269,-0.0120375831009,-0.378173517495,-0.041556489001,0.000741835301776,-0.0295189059001,3.14998741978,-0.0585742932876,-0.0585742932876,-0.240164888219,-0.352679917957,0.138831275751,-0.311046821928,0.0259269233172,0.0011226185629,-0.123193707005,4,0
600,1.2,2,0.571205794811,0,0.0382109507918,0,0,0.566336551091,0.0506380978198,0.571205780512,0.0494318039046,-0.145999669457,0.391418095281,0.596907469703,-0.480232677123,0.0382109517972,4.74740420441e-05,0.00433430154435,0.57110789882,0.0266986091932,6.0687920822e-07,-0.000151719802067,0.571155372862,0.566438677485,0.0515183561487,0.0310329107376,0.570649427034,0.0508178009841,-0.000505945828627,0.0197848902465,-1.8797550027,0.0382109517972,0.0382109517972,0.425206111055,0.440849899186,-0.145999669457,0.391418095281,-0.00486922942055,0.00120629391521,0.0784638407821,4,0
610,1.22,1,-0.379927933216,0,-0.384617626667,0,0,-0.353980295894,-0.0518748473525,-0.37992793234,-0.0537453188406,0.132605774447,-0.312663274488,-3.4650383982,2.94947687641,-0.384617614772,-7.86985118726e-05,-0.00723961204627,-0.379760619307,-0.0139140843839,-9.42234362034e-07,0.000235558590505,-0.379839317819,-0.354085456685,-0.0532870712214,-0.0211536964302,-0.381716263932,-0.0530305126874,-0.00187694611238,-0.0318768162573,2.84903126126,-0.384617614772,-0.384617614772,-0.247322157893,-0.366408593329,0.132605774447,-0.312663274488,0.0259476364456,0.00187047148804,-0.13094390702,4,0
610,1.22,2,0.572322547436,0,0.156049311161,0,0,0.567475370162,0.0648435601441,0.572322527385,0.0652184407639,-0.138169829204,0.392792302446,0.709213366268,-0.464253163213,0.15604930684,5.33624285454e-05,0.00491658187091,0.572208337257,0.0379057023528,1.17779294695e-06,-0.000294448236737,0.572261699686,0.567606821153,0.066608839972,0.0428222842237,0.572635598683,0.0650585696658,0.00037389899691,0.0222362854421,-1.47622338284,0.15604930684,0.15604930684,0.434152698181,0.45801074321,-0.138169829204,0.392792302446,-0.00484715722313,-0.000374880619712,0.0889108962152,4,0
620,1.24,1,-0.38118943572,0,-0.23927372694,0,0,-0.355154465961,-0.0649814844167,-0.381189443934,-0.0692121271067,0.126351056472,-0.314209855768,-3.34564581277,2.97413410014,-0.239273730055,-7.96957031446e-05,-0.00730852547288,-0.381022112828,-0.0297635572823,-6.9200258962e-07,0.000173000647412,-0.381101808531,-0.355285489559,-0.0660308009346,-0.0370720827552,-0.381886454843,-0.0660953172868,-0.000784646311643,-0.0290232345316,3.02910473279,-0.239273730055,-0.239273730055,-0.254838387462,-0.383421982875,0.126351056472,-0.314209855768,0.0260349779734,0.00423064268996,-0.13223798257,4,0
620,1.24,2,0.573858320713,0,0.106985859573,0,0,0.568943082764,0.0812268563967,0.573858298726,0.0840603612277,-0.130310313555,0.395217118624,0.685415783092,-0.487840782917,0.106985857967,5.46577803724e-05,0.00500592802354,0.573744105284,0.0572527577545,8.65003234263e-07,-0.000216250808567,0.573798763064,0.569106862263,0.0825385020396,0.062258685778,0.573891380643,0.081433035475,9.26175790178e-05,0.019174349697,-1.77841641299,0.106985857967,0.106985857967,0.44354798517,0.479277479852,-0.130310313555,0.395217118624,-0.00491521596151,-0.00283350483098,0.0905891422081,4,0
630,1.26,1,-0.382638305426,0,-0.319255411625,0,0,-0.35654547232,-0.0742475270438,-0.382638307702,-0.0758353060631,0.120077897019,-0.313178968522,-3.41772603476,2.97440197327,-0.3192554201,-7.45163633846e-05,-0.00686009372671,-0.382479812293,-0.0380552758889,-7.72320542963e-07,0.000193080135736,-0.382554328657,-0.356695110755,-0.0753984581847,-0.0449153696156,-0.383945048556,-0.0753891760536,-0.00139071989925,-0.030473806438,2.97990633409,-0.3192554201,-0.3192554201,-0.262560410682,-0.389014274585,0.120077897019,-0.313178968522,0.026092835382,0.00158777901936,-0.124068641397,4,0
630,1.26,2,0.575609266758,0,0.159821525216,0,0,0.57068184073,0.0928094096617,0.575609263991,0.0917032762046,-0.122408749771,0.394564568167,0.717772475306,-0.477870587072,0.159821524073,4.79857349107e-05,0.00442919394111,0.575506379351,0.0670137485927,9.65400673958e-07,-0.000241350168479,0.575554365086,0.570868888776,0.094248073581,0.0714429425338,0.575986731776,0.0930304467886,0.000432366689995,0.0215875042548,-1.63629653958,0.159821524073,0.159821524073,0.45320051422,0.486267844372,-0.122408749771,0.394564568167,-0.00492742326059,0.00110613345708,0.0800803641605,4,0
640,1.28,1,-0.38432186842,0,-0.336685419083,0,0,-0.358151653564,-0.0864273495967,-0.384321880595,-0.091001208644,0.113857313149,-0.310358769218,-3.45880677762,2.98808948874,-0.336685419018,-8.06898792139e-05,-0.00740871331548,-0.384151611895,-0.0507009769904,-7.67837648963e-07,0.000191959412243,-0.384232301774,-0.358325670814,-0.0875845030601,-0.0581096903058,-0.385810093005,-0.0875797845734,-0.00157779123067,-0.0294700942676,3.00176253588,-0.336685419018,-0.336685419018,-0.270464567446,-0.401359977862,0.113857313149,-0.310358769218,0.0261702270307,0.00457385904726,-0.134031869857,4,0
640,1.28,2,0.577656447887,0,0.161836206913,0,0,0.572689567302,0.108034187752,0.5776564415,0.110850225991,-0.114575731307,0.390849747162,0.743411860891,-0.488331932054,0.161836206723,5.61438811938e-05,0.00515400605783,0.577538014921,0.0828363720953,9.59797054056e-07,-0.000239949263515,0.577594158802,0.572907088865,0.10948062957,0.0879903781531,0.578098245059,0.108259549325,0.000504086257182,0.0202691711722,-1.73200946865,0.161836206723,0.161836206723,0.463080710194,0.501699973153,-0.114575731307,0.390849747162,-0.0049668741988,-0.00281603823873,0.0932437221145,4,0
650,1.3,1,-0.386255770922,0,-0.216421768069,0,0,-0.359984935243,-0.0962145021686,-0.386255785595,-0.0999786897871,0.107692208344,-0.306731972584,-3.34970498177,3.00576754668,-0.216421768233,-7.68228411593e-05,-0.00704785508466,-0.386094279044,-0.0618521570005,-5.45650800043e-07,0.000136412700005,-0.386171101885,-0.360178161352,-0.097022292766,-0.0689000120852,-0.386789976337,-0.0973313788809,-0.000618874452117,-0.0284313667957,3.1622648122,-0.216421768233,-0.216421768233,-0.278563577251,-0.406710662371,0.107692208344,-0.306731972584,0.0262708503529,0.00376418761851,-0.127515666857,4,0
650,1.3,2,0.580005466938,0,0.137632921338,0,0,0.574981169414,0.120268128404,0.580005476586,0.121109196622,-0.106801004122,0.387279131968,0.72028417978,-0.497854780472,0.137632923184,5.1130425448e-05,0.00468621465239,0.579898406805,0.0959120422532,6.82063499902e-07,-0.00017051587497,0.57994953723,0.575222702052,0.121277866651,0.100598256906,0.580267722235,0.120488401438,0.000318185004341,0.0198901445325,-1.92259245077,0.137632923184,0.137632923184,0.473204472464,0.50838832859,-0.106801004122,0.387279131968,-0.00502430717222,-0.000841068217728,0.0847964761243,4,0
660,1.32,1,-0.388357818127,0,-0.332531601191,0,0,-0.362001582407,-0.105832136444,-0.388357820411,-0.110355419396,0.101624322032,-0.300787445787,-3.47654817598,3.01240720765,-0.332531605694,-7.91796645842e-05,-0.00727542918961,-0.388190274598,-0.0706092242353,-6.71727423185e-07,0.00016793185579,-0.388269454263,-0.362214258349,-0.106841767011,-0.0778846534249,-0.389827763176,-0.106991560642,-0.00155830891339,-0.0291069072175,3.08825698559,-0.332531605694,-0.332531605694,-0.286733498379,-0.411142865183,0.101624322032,-0.300787445787,0.0263562380039,0.00452328295206,-0.131609362634,4,0
660,1.32,2,0.582553803921,0,0.184717670083,0,0,0.577501978382,0.132290171172,0.58255381058,0.133986616594,-0.0991369366951,0.379941965294,0.770563698688,-0.495473668883,0.184717672531,5.43471384324e-05,0.00499610666846,0.58243856394,0.10660641357,8.39659269891e-07,-0.000209914817465,0.582492911079,0.577767823312,0.133552209367,0.111602520239,0.583160415885,0.132525939401,0.000667504805994,0.0209234191624,-1.8252349418,0.184717672531,0.184717672531,0.483416873885,0.513928581888,-0.0991369366951,0.379941965294,-0.00505183219759,-0.00169644542224,0.0903723572743,4,0
670,1.34,1,-0.390682429075,0,-0.275378584862,0,0,-0.364213950104,-0.11505689512,-0.390682425543,-0.120356082162,0.0956867630075,-0.293820397914,-3.43810418358,3.03154241514,-0.275378585984,-7.89884049636e-05,-0.00725108804398,-0.390515930611,-0.0809710362291,-5.40428181595e-07,0.000135107045399,-0.390594919016,-0.364444879103,-0.115869820237,-0.0882221242731,-0.391723864845,-0.116203141568,-0.00112894582925,-0.0279810172948,3.19148991816,-0.275378585984,-0.275378585984,-0.294995662536,-0.414176480076,0.0956867630075,-0.293820397914,0.0264684754386,0.00529918704166,-0.131183182457,4,0
670,1.34,2,0.585375487804,0,0.172704160213,0,0,0.580267438016,0.143821119391,0.585375468645,0.145955040875,-0.0916308895597,0.371765559309,0.769227072347,-0.506632645324,0.172704163567,5.41415369594e-05,0.00496844302246,0.585261497028,0.11902239224,6.7553522165e-07,-0.000168883805419,0.585315638565,0.580556099264,0.144837275779,0.123990835263,0.585918766755,0.144056591421,0.000603128189785,0.0200657561586,-1.97479607359,0.172704163567,0.172704163567,0.493744579086,0.517720600184,-0.0916308895597,0.371765559309,-0.00510803062967,-0.00213392148429,0.0898902634556,4,0
680,1.36,1,-0.393178671598,0,-0.298170924187,0,0,-0.366595562856,-0.123128638023,-0.393178669641,-0.128740881287,0.0898992530273,-0.28549339985,-3.47530634508,3.04578122464,-0.298170913843,-7.90409830112e-05,-0.00726114611627,-0.393011611655,-0.0891415820657,-5.27229851832e-07,0.000131807462953,-0.393090652638,-0.366842615924,-0.12392195617,-0.096402728182,-0.394413535586,-0.12428772022,-0.00132288294709,-0.0278849920384,3.21565775214,-0.298170913843,-0.298170913843,-0.303279416614,-0.414234281137,0.0898992530273,-0.28549339985,0.0265831067846,0.00561224326403,-0.131354206598,4,0
680,1.36,2,0.588400125504,0,0.189899489284,0,0,0.583244453965,0.153910797968,0.588400151185,0.155963851988,-0.084300879501,0.361828999397,0.790492413723,-0.510303070668,0.189899481927,5.43162772804e-05,0.00499132099315,0.588285219229,0.128698134104,6.59037307171e-07,-0.000164759326796,0.588339535507,0.5835532703,0.15490244564,0.133689455097,0.589069362548,0.154153502492,0.000729827041268,0.0204640473949,-2.0005263812,0.189899481927,0.189899481927,0.504099271684,0.517792851385,-0.084300879501,0.361828999397,-0.00515569721995,-0.00205305402012,0.0902898611282,4,0
690,1.38,1,-0.395837694407,0,-0.247589230537,0,0,-0.369131914577,-0.130159742524,-0.395837693978,-0.135832919427,0.0842897856932,-0.275994234691,-3.44065845798,3.06243882765,-0.247589228976,-7.86461443082e-05,-0.00722064635297,-0.395671834624,-0.096581273113,-3.98104212707e-07,9.95260531737e-05,-0.395750480769,-0.369392834984,-0.130758781352,-0.103801919466,-0.396667676574,-0.13130706594,-0.000917195805036,-0.0275051464742,3.31457236259,-0.247589228976,-0.247589228976,-0.311547908284,-0.411827154119,0.0842897856932,-0.275994234691,0.0267057794002,0.00567317690375,-0.130630401355,4,0
690,1.38,2,0.591619491577,0,0.182978570461,0,0,0.586414893624,0.162699678447,0.59161946614,0.164347555809,-0.0771845798716,0.350436386472,0.7885658604,-0.516135597685,0.182978574827,5.38651507164e-05,0.00494434868437,0.59150596472,0.137503979363,4.9763025578e-07,-0.000124407563933,0.591559829871,0.586741044132,0.163448476967,0.142448328048,0.592230748092,0.162942005716,0.000670918220705,0.0204936776685,-2.12250280483,0.182978574827,0.182978574827,0.514434886268,0.514783942282,-0.0771845798716,0.350436386472,-0.00520457251644,-0.00164787736257,0.0894516878874,4,0
700,1.4,1,-0.398623228073,0,-0.355789572001,0,0,-0.371795760468,-0.136532558722,-0.398623218014,-0.14303032219,0.0788837238868,-0.265019075804,-3.56482130422,3.07609717138,-0.355789578986,-7.9923602215e-05,-0.00734932638927,-0.398453641664,-0.102695351448,-5.14119304296e-07,0.000128529826076,-0.398533565266,-0.372069613281,-0.137311995765,-0.110044677838,-0.400345251632,-0.137722120854,-0.00181168636587,-0.0276774430164,3.2562419978,-0.355789578986,-0.355789578986,-0.319739494127,-0.408049397995,0.0788837238868,-0.265019075804,0.0268274575461,0.00649776346803,-0.132934553854,4,0
700,1.4,2,0.594990313053,0,0.224151402712,0,0,0.589744700991,0.170665698597,0.594990285211,0.173225633385,-0.0703159166488,0.33683611354,0.835541625475,-0.518753769739,0.224151399748,5.56382564757e-05,0.00512211942151,0.594871699363,0.144911054036,6.42649128468e-07,-0.000160662282109,0.59492733762,0.590087017007,0.171639994898,0.150033173458,0.595924847982,0.170923204721,0.000997510361923,0.0208900312636,-2.05021035658,0.224151399748,0.224151399748,0.524674368562,0.510061746925,-0.0703159166488,0.33683611354,-0.00524558421955,-0.00255993478853,0.0926364559875,4,0
710,1.42,1,-0.401568293571,0,-0.183718651533,0,0,-0.374589974185,-0.142071161039,-0.401568286531,-0.149000241141,0.0737046861868,-0.253610666434,-3.41647170862,3.10119932701,-0.18371864933,-7.92550562107e-05,-0.00727104759303,-0.401401645409,-0.109657748143,-2.0173595755e-07,5.04339893824e-05,-0.401480900465,-0.374874430131,-0.142379274772,-0.116928795736,-0.401916848165,-0.143209780788,-0.000435947700589,-0.0262809850518,3.47991772438,-0.18371864933,-0.18371864933,-0.327863600345,-0.402610907576,0.0737046861868,-0.253610666434,0.026978312346,0.00692908010205,-0.131553732281,4,0
710,1.42,2,0.598554611206,0,0.173229917884,0,0,0.593237468141,0.177588951382,0.598554593914,0.1800188124,-0.0637250925935,0.323244821286,0.797070970906,-0.532938427368,0.173229916013,5.48077227368e-05,0.00502372154744,0.598439759799,0.152982530168,2.52169935377e-07,-6.3042483831e-05,0.598494567522,0.593593038073,0.177974093531,0.158006251715,0.599112005486,0.177833723772,0.00061743796442,0.0198274720566,-2.35127550805,0.173229916013,0.173229916013,0.534829501321,0.503263633686,-0.0637250925935,0.323244821286,-0.00531712577298,-0.00242986101742,0.0909026275245,4,0
720,1.44,1,-0.404554158449,0,-0.250001937151,0,0,-0.37745734498,-0.144667490292,-0.404554156545,-0.150019309776,0.068752874503,-0.24125241352,-3.4873094983,3.10832162231,-0.250001943875,-7.75701136737e-05,-0.00713077939343,-0.404389787194,-0.110960739492,-2.51120474637e-07,6.27801186546e-05,-0.404467357308,-0.377747037313,-0.14503450701,-0.118091518886,-0.405394872047,-0.14583155392,-0.000927514739208,-0.027740035034,3.4613269515,-0.250001943875,-0.250001943875,-0.335801282042,-0.391271723296,0.068752874503,-0.24125241352,0.0270968115646,0.00535181948458,-0.12898593212,4,0
720,1.44,2,0.602158665657,0,0.21061873436,0,0,0.596821681634,0.180834362786,0.602158661109,0.181192877169,-0.0574070576863,0.30789677586,0.824093335802,-0.525737277779,0.210618732239,5.27200533251e-05,0.00485094222157,0.602046550064,0.154468752522,3.13900585969e-07,-7.84751464901e-05,0.602099270118,0.597183797051,0.181293133673,0.159319694744,0.602947346882,0.181089598838,0.000848076764728,0.0217699040944,-2.27334448722,0.210618732239,0.210618732239,0.544751603423,0.489089653028,-0.0574070576863,0.30789677586,-0.00533697947479,-0.000358514382168,0.0877373257835,4,0
730,1.46,1,-0.407655775547,0,-0.197298198938,0,0,-0.380402969582,-0.149791809762,-0.407655774586,-0.158877029821,0.0640822217705,-0.226910515385,-3.47216689269,3.13534942142,-0.197298200476,-8.41344823054e-05,-0.00771034063714,-0.407479241574,-0.117301598011,-1.26216952501e-07,3.15542381187e-05,-0.407563376057,-0.380702771567,-0.149995655327,-0.125011938648,-0.408126901272,-0.150946973583,-0.000563525215019,-0.0259350349348,3.56851084033,-0.197298200476,-0.197298200476,-0.343573552816,-0.385787545206,0.0640822217705,-0.226910515385,0.0272528050046,0.0090852200587,-0.139519270797,4,0
730,1.46,2,0.605914592743,0,0.180057913065,0,0,0.600503712384,0.187239762046,0.605914585232,0.192429339451,-0.0514476433638,0.289805090847,0.826810455715,-0.545167402789,0.180057905766,6.13517833619e-05,0.00561285029717,0.605786494301,0.162401183514,1.5777118112e-07,-3.94427952779e-05,0.605847846084,0.600878464865,0.187494568989,0.168014033812,0.606536782542,0.187491139969,0.000688936458142,0.0194771061578,-2.4991682997,0.180057905766,0.180057905766,0.554466941868,0.482234430298,-0.0514476433638,0.289805090847,-0.00541087284732,-0.00518957740496,0.10158514716,4,0
740,1.48,1,-0.410797029734,0,-0.0728197023273,0,0,-0.383400182372,-0.149153742411,-0.410797039434,-0.154435232488,0.0596618968588,-0.214504214348,-3.34855065711,3.15020517495,-0.0728196999939,-7.55750352839e-05,-0.00693846096174,-0.410637753737,-0.11674080282,1.30042718649e-07,-3.25106796562e-05,-0.410713328773,-0.383698288731,-0.148955647477,-0.123679263782,-0.410212174399,-0.150270908746,0.000501154373532,-0.0265916449636,3.73969294944,-0.0728196999939,-0.0728196999939,-0.351135142576,-0.368939446836,0.0596618968588,-0.214504214348,0.0273968570627,0.00528149007655,-0.125525782162,4,0
740,1.48,2,0.60970556736,0,0.163090065122,0,0,0.604250228367,0.186442177684,0.609705585441,0.186023616117,-0.0457866564006,0.275150690917,0.790417040307,-0.543874052685,0.163090064574,5.02549402145e-05,0.00461274840793,0.609599810705,0.161008145125,-1.62553409844e-07,4.06383524618e-05,0.609650065646,0.604622861315,0.186194558998,0.165620893533,0.610131385668,0.186687225905,0.000481320022615,0.0210663323721,-2.62727818226,0.163090064574,0.163090064574,0.56391892904,0.461174307034,-0.0457866564006,0.275150690917,-0.00545535707414,0.000418561567274,0.083452923048,4,0
750,1.5,1,-0.413885086775,0,-0.450042754412,0,0,-0.386379015644,-0.150240357109,-0.413885094735,-0.158042481153,0.0555270634476,-0.198480201777,-3.74189941121,3.15350774295,-0.450042754186,-8.29992417082e-05,-0.0076508162292,-0.413707287961,-0.115420572068,-3.93585848968e-07,9.83964622485e-05,-0.413790287202,-0.386680147645,-0.150861189977,-0.123071388298,-0.416356558774,-0.151489421406,-0.00256627157203,-0.0284180331086,3.41127011286,-0.450042754186,-0.450042754186,-0.358358031288,-0.35652268293,0.0555270634476,-0.198480201777,0.0275060790916,0.00780212404381,-0.138348914075,4,0
750,1.5,2,0.613436818123,0,0.278857976198,0,0,0.607973769949,0.187800445936,0.613436844835,0.191763811316,-0.0404893049363,0.253889540658,0.916456510598,-0.537182241383,0.278857962374,6.00823281194e-05,0.00555503124019,0.613306614315,0.160251622323,4.91982307782e-07,-0.000122995576935,0.613366696643,0.60835018495,0.188576487016,0.165806653563,0.614762319304,0.188083302159,0.00139562266161,0.022276648596,-2.23346077354,0.278857962374,0.278857962374,0.572947539898,0.445653351974,-0.0404893049363,0.253889540658,-0.00546307488545,-0.00396336537953,0.100416306842,4,0
760,1.52,1,-0.417092949152,0,0.0491933114827,0,0,-0.38940176289,-0.149874276738,-0.417092963752,-0.157485561345,0.0517091719017,-0.184432529704,-3.2751754408,3.19397102628,0.0491933122687,-7.86816019141e-05,-0.0072056787014,-0.416928733995,-0.118927138323,4.06479580384e-07,-0.000101619895101,-0.417007415597,-0.389700919126,-0.149273258334,-0.126132817025,-0.415562825329,-0.150964321007,0.00144459026816,-0.024831503982,3.96064845975,0.0491933122687,0.0491933122687,-0.36538379185,-0.341918091049,0.0517091719017,-0.184432529704,0.0276912008617,0.0076112846068,-0.13039772679,4,0
760,1.52,2,0.617323994637,0,0.11452908814,0,0,0.611752203997,0.187342845343,0.617324000828,0.190054061345,-0.0355942602613,0.237343550591,0.773599712804,-0.569108530021,0.11452909028,5.43992992061e-05,0.00496983919098,0.617211580308,0.163864097518,-5.08099488039e-07,0.000127024871999,0.617265979607,0.612126149291,0.186591572319,0.168833936709,0.617439310717,0.187579808123,0.000173331110068,0.0187458714144,-2.97403870319,0.11452909028,0.11452909028,0.581729740566,0.427397611937,-0.0355942602613,0.237343550591,-0.00557179683042,-0.0027112160018,0.0899620925032,4,0
770,1.54,1,-0.420109957457,0,-0.162285163999,0,0,-0.392335879839,-0.143988976874,-0.420109950485,-0.147282363163,0.0481413376344,-0.17039280943,-3.46967809672,3.18180924526,-0.162285169008,-7.54162828342e-05,-0.00694398475915,-0.419949166799,-0.108877963339,1.34994953604e-07,-3.37487384071e-05,-0.420024583082,-0.39262360943,-0.143763549628,-0.115821948098,-0.420155036145,-0.145148108386,-0.000130453063057,-0.0293261602882,3.7864836678,-0.162285169008,-0.162285169008,-0.371968612851,-0.317675172593,0.0481413376344,-0.17039280943,0.0277740706467,0.00329338628962,-0.125583682451,4,0
770,1.54,2,0.620960235596,0,0.206667110324,0,0,0.615419850169,0.17998622034,0.620960210763,0.177950419352,-0.0309994439864,0.219143544258,0.831192160874,-0.540506320527,0.206667107198,5.03438243154e-05,0.00464704493007,0.620851863789,0.151863860855,-1.68743700013e-07,4.21859249976e-05,0.620902207613,0.615779512157,0.179704436271,0.156510905785,0.621635504334,0.18024520593,0.000733296720588,0.0237343001454,-2.62312812704,0.206667107198,0.206667107198,0.589960766777,0.39709396361,-0.0309994439864,0.219143544258,-0.00554036059395,0.00203580098775,0.0840187331496,4,0
780,1.56,1,-0.423155814409,0,-0.0274394955486,0,0,-0.395226478477,-0.144835799273,-0.423155812081,-0.155350049717,0.0449333599364,-0.152009476538,-3.39105316674,3.21659755015,-0.0274394961491,-8.88396881691e-05,-0.00812243126954,-0.422970730009,-0.112038688766,3.72990370145e-07,-9.3247592534e-05,-0.423059569697,-0.395515644189,-0.144303113145,-0.120161120036,-0.422213268464,-0.145960248856,0.000846301232933,-0.0257991288202,3.9717061276,-0.0274394961491,-0.0274394961491,-0.378222452145,-0.307359526255,0.0449333599364,-0.152009476538,0.0279293336037,0.0105142504436,-0.147016120441,4,0
780,1.56,2,0.624663770199,0,0.122620344162,0,0,0.619033098452,0.181044748246,0.624663776994,0.189022150998,-0.0268857111439,0.195177254595,0.81009576911,-0.575588004364,0.122620344566,6.78060396391e-05,0.00617929128559,0.624523881025,0.156576931127,-4.66237972563e-07,0.000116559493149,0.624591687064,0.61939455559,0.180378890572,0.162756222412,0.624841417472,0.181286761539,0.000249730407777,0.0185305391265,-3.05170634087,0.122620344566,0.122620344566,0.59777806585,0.384199405593,-0.0268857111439,0.195177254595,-0.0056306785426,-0.00797740275181,0.11188742018,4,0
790,1.58,1,-0.426087200642,0,0.163723558187,0,0,-0.398037792183,-0.135138035409,-0.426087188725,-0.13773825042,0.0419897018138,-0.140514986724,-3.17896248268,3.22358090868,0.163723559064,-7.17091322333e-05,-0.00658356122989,-0.425936134876,-0.101989412102,7.36452811734e-07,-0.000184113202933,-0.426007844008,-0.398306946139,-0.134024638623,-0.108572973332,-0.423492411382,-0.136198644542,0.00251543262596,-0.0276256712102,4.19574462422,0.163723559064,0.163723559064,-0.384097486911,-0.278253237143,0.0419897018138,-0.140514986724,0.028049396542,0.00260021501099,-0.119105133067,4,0
790,1.58,2,0.628207027912,0,0.0960396751761,0,0,0.622547240565,0.168922543243,0.628207055736,0.165935627013,-0.0230851964744,0.181880916956,0.737506889608,-0.565708344873,0.096039678128,4.562082017e-05,0.00418747932094,0.628111142486,0.143248187103,-9.20566025853e-07,0.000230141506473,0.628156763306,0.622883683008,0.167530797243,0.147435666424,0.628052250115,0.169151918641,-0.000104513191327,0.0217162522174,-3.16202666715,0.096039678128,0.096039678128,0.605121859261,0.347816543969,-0.0230851964744,0.181880916956,-0.00565981517112,0.00298691622958,0.0757588666078,4,0
800,1.6,1,-0.428759485483,0,-0.482748687267,0,0,-0.400660599156,-0.12988767839,-0.428759493779,-0.136641702988,0.0393435874479,-0.122164434906,-3.83586915788,3.21057343445,-0.482748686726,-8.53491714484e-05,-0.00788499973686,-0.428575047328,-0.0921222292913,-2.03678074184e-07,5.09195185424e-05,-0.4286603965,-0.400920785061,-0.130245711211,-0.100007229028,-0.431384942625,-0.131167859368,-0.00272454612522,-0.03116063034,3.58481289787,-0.482748686726,-0.482748686726,-0.389415906331,-0.258806137894,0.0393435874479,-0.122164434906,0.0280988946234,0.00675402459765,-0.142547036708,4,0
800,1.6,2,0.631449043751,0,0.284275174141,0,0,0.625825749259,0.162359596848,0.631449035299,0.167195037851,-0.0196791518133,0.156312631925,0.939274041478,-0.548493772761,0.284275185867,6.35189664427e-05,0.00589434008086,0.631309383857,0.133032325788,2.54597588345e-07,-6.36493970725e-05,0.631372902823,0.626150981639,0.162807137867,0.138926665869,0.6327534633,0.162648251599,0.00138056047678,0.0237215857305,-2.43439792108,0.284275185867,0.284275185867,0.611769883486,0.323507669776,-0.0196791518133,0.156312631925,-0.00562328603998,-0.00483544100338,0.106505082851,4,0
810,1.62,1,-0.431489884853,0,0.331044733524,0,0,-0.403221085219,-0.122729547562,-0.431489882171,-0.128604893729,0.0370567938603,-0.108322670589,-3.0569257947,3.26006348556,0.3310447474,-7.72991059678e-05,-0.00706660176218,-0.431329720998,-0.0912132056703,1.05511221676e-06,-0.000263778054194,-0.431407020104,-0.403464983651,-0.121157882183,-0.0982798074325,-0.427587272295,-0.123744805357,0.00381974780852,-0.0254649979245,4.43497948538,0.3310447474,0.3310447474,-0.394433088311,-0.236927564317,0.0370567938603,-0.108322670589,0.0282687969522,0.00587534616636,-0.127907056541,4,0
810,1.62,2,0.634782135487,0,0.00910092331469,0,0,0.629026356814,0.153411933186,0.634782118769,0.15584040332,-0.0167407578621,0.140319049354,0.692496496745,-0.596161915299,0.00910092363666,5.29061949248e-05,0.004817229274,0.634674324595,0.131006111534,-1.31889028221e-06,0.000329722570551,0.63472723079,0.629331229852,0.151447351445,0.135823340808,0.634061472285,0.153621729664,-0.000665758505368,0.0177983888562,-3.58341523447,0.00910092363666,0.00910092363666,0.618041360907,0.296159452673,-0.0167407578621,0.140319049354,-0.00575576195547,-0.00242847013402,0.0872336578096,4,0
820,1.64,1,-0.433787554502,0,-0.0250172689557,0,0,-0.405517975512,-0.107898011455,-0.433787565848,-0.106896176974,0.0349756235768,-0.0960255623077,-3.36996784725,3.22385381887,-0.0250172696619,-7.26164259069e-05,-0.00669715030838,-0.433631794079,-0.0694971850844,5.5289288331e-07,-0.000138223220822,-0.433704410505,-0.405732871426,-0.107033287694,-0.0761943353928,-0.432544979368,-0.109024136616,0.00115943113712,-0.0328298012232,4.09402767334,-0.0250172696619,-0.0250172696619,-0.398811942271,-0.202921739282,0.0349756235768,-0.0960255623077,0.0282695903363,-0.00100183448114,-0.121096758708,4,0
820,1.64,2,0.637561798096,0,0.153122395277,0,0,0.631897469653,0.134872512899,0.637561785973,0.130079251683,-0.0140468576717,0.123572919525,0.778000370072,-0.546049199113,0.153122390148,4.70922793715e-05,0.00436169144817,0.637459145022,0.105110237725,-6.91116111562e-07,0.000172779027884,0.637506237301,0.632166089544,0.133791608186,0.109471929174,0.637713801765,0.135114860071,0.000207564463865,0.0256429308969,-2.95315348781,0.153122390148,0.153122390148,0.623514928302,0.253652171208,-0.0140468576717,0.123572919525,-0.00566431632019,0.00479326121653,0.07882878081,4,0
830,1.66,1,-0.436013221741,0,0.18566608429,0,0,-0.407639070854,-0.103861961932,-0.436013229392,-0.113169139638,0.0332761048205,-0.0759419440639,-3.22621121558,3.2597499434,0.185666085519,-9.20917617221e-05,-0.00840285871541,-0.435822550308,-0.0687953827136,8.8582359703e-07,-0.000221455899255,-0.43591464207,-0.407845540403,-0.102570406733,-0.077198241429,-0.433212038823,-0.104927502264,0.00270260324743,-0.0277292608346,4.33856760047,0.185666085519,0.185666085519,-0.402737124571,-0.189111083702,0.0332761048205,-0.0759419440639,0.0283741585376,0.00930717770641,-0.152127357697,4,0
830,1.66,2,0.640304028988,0,0.0189646556973,0,0,0.634548838802,0.129827450902,0.640304014,0.139584603641,-0.0118826078822,0.0968042480328,0.731372008019,-0.59350811036,0.0189646555882,7.22553943555e-05,0.00656413789715,0.640156381442,0.10564978226,-1.10727950486e-06,0.000276819876205,0.640228636836,0.634806925735,0.128213006891,0.112213920157,0.639643932869,0.130039746488,-0.000584703967233,0.0178258263312,-3.55019429228,0.0189646555882,0.0189646555882,0.628421406118,0.236388851674,-0.0118826078822,0.0968042480328,-0.0057551751985,-0.00975715273901,0.118899242071,4,0
840,1.68,1,-0.43796736002,0,0.423941522837,0,0,-0.409544586453,-0.0852714005652,-0.437967369969,-0.0830829999529,0.0318029145496,-0.0684345127592,-2.94183724045,3.2538383271,0.423941535883,-6.73926635801e-05,-0.00618756611405,-0.43782546552,-0.0494929783164,1.31486234833e-06,-0.000328715587083,-0.437892858184,-0.409713128405,-0.0832848292653,-0.0556805444304,-0.433086188875,-0.0862523006661,0.00480666930885,-0.0305717562357,4.5845743928,0.423941535883,0.423941535883,-0.406164455419,-0.151517512712,0.0318029145496,-0.0684345127592,0.0284227835161,-0.00218840061221,-0.111940449232,4,0
840,1.68,2,0.642686843872,0,-0.0141525091603,0,0,0.636930733268,0.106589249054,0.642686814786,0.100713640313,-0.00998124516795,0.0886832474866,0.627140178369,-0.574304005475,-0.0141525091905,4.03361146474e-05,0.00370275925454,0.642602098515,0.0806664582122,-1.6435779443e-06,0.000410894486069,0.64264243463,0.637141410705,0.104106034916,0.0843692174667,0.641590572405,0.106783409018,-0.00105186222456,0.0224141915513,-3.61537732129,-0.0141525091905,-0.0141525091905,0.632705569618,0.1893968878,-0.00998124516795,0.0886832474866,-0.00575608151724,0.00587560874064,0.0669886820849,4,0
850,1.7,1,-0.439467787743,0,-0.443500965834,0,0,-0.411096887413,-0.0737538231052,-0.439467775406,-0.0770815665895,0.030578405649,-0.0504780095886,-3.80897680676,3.22120306353,-0.443500966372,-8.62488540793e-05,-0.00798206230459,-0.439280108679,-0.0315450906073,2.23152903933e-08,-5.57882259378e-06,-0.439366357533,-0.411244502618,-0.0737908662502,-0.0395271529118,-0.441583160105,-0.0750240844673,-0.00221680257162,-0.0354969315555,3.728042106,-0.443500966372,-0.443500966372,-0.408889369757,-0.127559576178,0.030578405649,-0.0504780095886,0.028370887993,0.00332774348435,-0.144272776857,4,0
850,1.7,2,0.644537627697,0,0.231904953718,0,0,0.638871109434,0.092192277127,0.644537622348,0.0969347174767,-0.00842590987124,0.0625147495887,0.887475054871,-0.546447902833,0.231904954707,6.49168060199e-05,0.00604113566092,0.644393334195,0.0613493244296,-2.78941175713e-08,6.97352939892e-06,0.644458251001,0.639055628438,0.0922385810515,0.0673904600905,0.645346141871,0.0924620701452,0.000887890870282,0.0250716100547,-2.59702344455,0.231904954707,0.231904954707,0.636111712477,0.159449467065,-0.00842590987124,0.0625147495887,-0.00566651291382,-0.00474244034971,0.109122197331,4,0
860,1.72,1,-0.440954685211,0,0.615330636501,0,0,-0.412479744563,-0.0601353655656,-0.440954677639,-0.0619796501486,0.0297067130094,-0.0392618821145,-2.7801681408,3.27158874845,0.61533062763,-7.49836067507e-05,-0.00684457296772,-0.440800301689,-0.0261155646927,1.62565890072e-06,-0.000406414725186,-0.440875285296,-0.412597600588,-0.0577087685071,-0.0329601376604,-0.434576865845,-0.0610560789524,0.00629841945075,-0.028095941292,4.79810955658,0.61533062763,0.61533062763,-0.41124796463,-0.101241532263,0.0297067130094,-0.0392618821145,0.0284749330762,0.00184428458296,-0.12391001998,4,0
860,1.72,2,0.64639878273,0,-0.130841657519,0,0,0.640599680836,0.0751692051023,0.646398811389,0.0764745995295,-0.00733885538428,0.0500773125802,0.555850767609,-0.604377743951,-0.130841653162,5.00606091063e-05,0.00454393999196,0.646298171049,0.0535355941582,-2.03207363358e-06,0.000508018408403,0.646348231658,0.640747000864,0.0721359587675,0.0580795341501,0.644538975872,0.0753333423954,-0.00180925578657,0.0172538082453,-4.04443754784,-0.130841653162,-0.130841653162,0.639059956004,0.12655191211,-0.00733885538428,0.0500773125802,-0.00579913055277,-0.00130539442724,0.0823146768198,4,0
870,1.74,1,-0.441801279783,0,0.141761735082,0,0,-0.413442779965,-0.0375478576391,-0.441801283878,-0.0306257663264,0.0289477413086,-0.0312527098977,-3.18455702018,3.2105878162,0.141761728407,-6.93122335275e-05,-0.00640143647164,-0.441651812907,0.00541629980269,9.2449213468e-07,-0.000231123033669,-0.441721125141,-0.41351639962,-0.0361164583282,-0.000985136668947,-0.438972009119,-0.0386115755205,0.0027491160222,-0.0376264388515,4.30808331155,0.141761728407,0.141761728407,-0.412853542569,-0.0618784762241,0.0289477413086,-0.0312527098977,0.0283585039126,-0.0069220913127,-0.115730932384,4,0
870,1.74,2,0.647446393967,0,0.0534908361733,0,0,0.641803475051,0.0469348200912,0.647446416765,0.0391745730603,-0.00637948840092,0.0381735189372,0.661305270085,-0.535651541521,0.0534908363667,4.29855555298e-05,0.00399435409599,0.647351589338,0.0158843780906,-1.15561517366e-06,0.000288903793411,0.647394574893,0.641895499616,0.0451455709445,0.0198787321866,0.646704486167,0.0471390288877,-0.000690088726158,0.0272602967011,-3.17393309614,0.0534908363667,0.0534908363667,0.641066928364,0.0773480919975,-0.00637948840092,0.0381735189372,-0.00564294171392,0.00776024703096,0.0721628921975,4,0
880,1.76,1,-0.442479997873,0,0.408451378345,0,0,-0.414111763941,-0.0289253997679,-0.442479990424,-0.034424639161,0.0285384554176,-0.011937432402,-2.98515972237,3.24040042063,0.408451374926,-9.28706468394e-05,-0.00846121952961,-0.442288594188,0.00992855708077,1.31527861397e-06,-0.000328819653498,-0.442381464835,-0.414167728938,-0.0269960391489,0.00146733755116,-0.437670438845,-0.0299070112222,0.00471102598994,-0.0313743487733,4.58109908999,0.408451374926,0.408451374926,-0.413941535006,-0.046362071563,0.0285384554176,-0.011937432402,0.0283682264824,0.00549923939316,-0.153210676667,4,0
880,1.76,2,0.648351311684,0,-0.117852389812,0,0,0.642639704981,0.036156747678,0.648351287164,0.0460151337388,-0.0059243683195,0.0119374524165,0.59177042244,-0.589333660536,-0.117852391394,7.32568171083e-05,0.00663899027578,0.648202748954,0.0121132705405,-1.64409827308e-06,0.000411024568274,0.648276005772,0.642709661222,0.0337450468961,0.0187522608163,0.64656190618,0.036320172728,-0.00171409959127,0.0175679119117,-3.87048361388,-0.117852391394,-0.117852391394,0.642426918844,0.0579525861552,-0.0059243683195,0.0119374524165,-0.00571158218268,-0.00985838606073,0.120289153297,4,0
890,1.78,1,-0.442756533623,0,0.663550198078,0,0,-0.414449237114,-0.00332593810252,-0.442756525073,0.00507030754094,0.0282793961175,-0.0102220176105,-2.65951794987,3.21839171553,0.663550224647,-6.30137610954e-05,-0.0057861135537,-0.442623855285,0.0364849986971,1.75145903714e-06,-0.000437864759289,-0.442686869046,-0.414453224444,-0.000680070459765,0.0306988851434,-0.435702684526,-0.00421149841131,0.00698418452017,-0.0349103835547,4.81050137243,0.663550224647,0.663550224647,-0.414477128956,-0.00515171006955,0.0282793961175,-0.0102220176105,0.028307287959,-0.00839624564346,-0.104676458989,4,0
890,1.78,2,0.64873111248,0,-0.151863247156,0,0,0.643061546406,0.00415742051858,0.648731096348,-0.00474900234933,-0.00563468513258,0.0111886366163,0.466726498955,-0.560977680944,-0.151863243537,3.46842405177e-05,0.00318454296059,0.648658304138,-0.0219861936011,-2.18932380081e-06,0.000547330950204,0.648692988379,0.643066530564,0.000850085958534,-0.0188016506405,0.646464924741,0.00429922794922,-0.00222806363738,0.0231008785897,-3.86392943341,-0.151863243537,-0.151863243537,0.643096411215,0.006439634267,-0.00563468513258,0.0111886366163,-0.00566954994186,0.00890642286791,0.0576120615488,4,0
900,1.8,1,-0.442433446646,0,-0.329605787992,0,0,-0.414306369089,0.0131674822325,-0.442433456854,0.0152394582111,0.0281779489996,0.0049736992001,-3.63803532413,3.1659857047,-0.329605794516,-8.50757702814e-05,-0.00788182981392,-0.44224757785,0.0604829998353,2.4345223204e-07,-6.08630580114e-05,-0.44233265362,-0.414279830294,0.0134519868751,0.0526011700213,-0.443385813104,0.0119558387319,-0.0010531594839,-0.0406453312895,3.79515340975,-0.329605794516,-0.329605794516,-0.414255507854,0.0202131574112,0.0281779489996,0.0049736992001,0.0281270877643,-0.00207197597865,-0.142443824917,4,0
900,1.8,2,0.648404240608,0,0.125188142061,0,0,0.642882961332,-0.0164593549606,0.648404236201,-0.0130926161772,-0.00558485142981,-0.0121738339014,0.755534171102,-0.523785037625,0.125188144836,6.32842576822e-05,0.0059006506978,0.648262527387,-0.0482314056295,-3.04315294186e-07,7.60788235509e-05,0.648325811644,0.642849787833,-0.0168149857701,-0.0423307549317,0.648281698378,-0.0162344075836,-4.41132658654e-05,0.0260963473481,-2.65562004229,0.125188144836,0.125188144836,0.642819384772,-0.0252664500786,-0.00558485142981,-0.0121738339014,-0.00552127486942,-0.00336673878337,0.10656098864,4,0
910,1.82,1,-0.442028790712,0,0.851766347885,0,0,-0.413906783838,0.0316327757626,-0.442028783599,0.0356272916216,0.0283788392688,0.0119337064607,-2.47477706186,3.2081843606,0.851766335063,-7.16878764503e-05,-0.00653718525311,-0.441881827236,0.0696546394766,2.00027719854e-06,-0.00050006929964,-0.441953515112,-0.413840539938,0.0346221576133,0.0631174542235,-0.433509568106,0.0308159930847,0.00844394700631,-0.0323014611388,4.95427744464,0.851766335063,0.851766335063,-0.413649944331,0.0475609980823,0.0283788392688,0.0119337064607,0.0281219997617,-0.00399451585906,-0.118359036328,4,0
910,1.82,2,0.648007392883,0,-0.282763451338,0,0,0.642383479723,-0.0395409719253,0.648007388019,-0.0403193494475,-0.00594495771757,-0.0191319014532,0.375948778142,-0.583934762183,-0.282763440466,4.5582762452e-05,0.00412659787717,0.647916800283,-0.0607742970926,-2.50034650051e-06,0.000625086625116,0.647962383045,0.642300674845,-0.0432776992422,-0.0566476992155,0.644888891065,-0.0394365797861,-0.00307349198011,0.0172111194294,-4.2225917785,-0.282763440466,-0.282763440466,0.642062430301,-0.0594512509007,-0.00594495771757,-0.0191319014532,-0.0056239082952,0.000778377522206,0.0747774564254,4,0
920,1.84,1,-0.440852046013,0,0.312891125679,0,0,-0.412981925214,0.0591660892793,-0.440852034735,0.0727878196418,0.0285778015392,0.0143937258235,-2.92254846391,3.12566746239,0.312891128984,-6.56914704946e-05,-0.00607246051047,-0.440709898921,0.107153021556,1.17306806269e-06,-0.000293267015678,-0.440775590391,-0.412861736167,0.0609743247775,0.101080561045,-0.436381104418,0.0581911234792,0.00439448597346,-0.0428894375663,4.36231006641,0.312891128984,0.312891128984,-0.412274233196,0.0871815454653,0.0285778015392,0.0143937258235,0.0278701095207,-0.0136217303625,-0.109772130503,4,0
920,1.84,2,0.646632015705,0,-0.0779255852103,0,0,0.6412274064,-0.0739576138485,0.646632001079,-0.0846144259413,-0.00628920976175,-0.0243625091359,0.488579937997,-0.502541237696,-0.0779255817428,3.80086519708e-05,0.00354166380407,0.64654730029,-0.10558069113,-1.46633508058e-06,0.000366583770138,0.646585308942,0.641077170086,-0.0762179082243,-0.102039027326,0.64475973768,-0.0738104333785,-0.00182557126232,0.0282285939471,-3.19713262816,-0.0779255817428,-0.0779255817428,0.640342791317,-0.108976935077,-0.00628920976175,-0.0243625091359,-0.00540459467936,0.0106568120927,0.0639642820435,4,0
930,1.86,1,-0.439435392618,0,0.603796064854,0,0,-0.411683052933,0.0711659748422,-0.439435381202,0.0717039654616,0.0290513019217,0.030689482709,-2.68779196912,3.14246515647,0.603796036641,-9.04690779977e-05,-0.0082345491448,-0.439249474521,0.11467286868,1.56990466066e-06,-0.000392476165159,-0.439339943599,-0.411538454629,0.0734765801579,0.106438319536,-0.432801964155,0.0702860202079,0.006537979444,-0.0361522993277,4.6244083456,0.603796036641,0.603796036641,-0.41038407928,0.102393448171,0.0290513019217,0.030689482709,0.0277523282694,-0.000537990619381,-0.149122849292,4,0
930,1.86,2,0.6450304389,0,-0.265758186579,0,0,0.639603816002,-0.0889574708429,0.645030428976,-0.0809932462246,-0.00705033011784,-0.0469985672049,0.403126416701,-0.5545950896,-0.26575818266,6.97236995631e-05,0.00630640996528,0.644889908251,-0.112884445665,-1.96238082684e-06,0.000490595206708,0.644959631951,0.639423068118,-0.0918457274892,-0.106578035699,0.642006618694,-0.0888573540641,-0.00295301325696,0.0177206816352,-3.90018998276,-0.26575818266,-0.26575818266,0.637980098858,-0.12799181343,-0.00705033011784,-0.0469985672049,-0.00542661297408,-0.0079642246183,0.114289509761,4,0
940,1.88,1,-0.437539279461,0,0.838251709938,0,0,-0.409981579076,0.100335592733,-0.437539275221,0.115512154464,0.029580728565,0.0263693756199,-2.36290515161,3.10319636995,0.838251699103,-5.89624657311e-05,-0.00541498045898,-0.437415094721,0.144930773854,1.94646652013e-06,-0.000486616630036,-0.437474057187,-0.409777946308,0.103276234155,0.139515793395,-0.428823406494,0.0995505165908,0.00865065069269,-0.0399652768039,4.79615654115,0.838251699103,0.838251699103,-0.407958546656,0.141881530084,0.029580728565,0.0263693756199,0.0275576961449,-0.0151765617311,-0.0979604807641,4,0
940,1.88,2,0.642807006836,0,-0.293442249298,0,0,0.637476973636,-0.125419493199,0.642807020892,-0.137140846705,-0.00785883787744,-0.0402110690196,0.273154753933,-0.518569181321,-0.293442235242,2.89057140309e-05,0.0026548694225,0.642746363093,-0.151519610471,-2.43308314873e-06,0.000608270787185,0.642775268807,0.63722243267,-0.129095294974,-0.148864741049,0.639349780119,-0.125341459596,-0.00342548868755,0.0235232814529,-3.8019177479,-0.293442235242,-0.293442235242,0.634948183014,-0.177351915725,-0.00785883787744,-0.0402110690196,-0.00533004725618,0.0117213535057,0.048027807854,4,0
950,1.9,1,-0.4349783957,0,-0.149260729551,0,0,-0.407738792349,0.119422833413,-0.434978384316,0.128286006746,0.0301592817472,0.0370811383828,-3.31943254264,3.03383165812,-0.149260727093,-8.14181219246e-05,-0.00754424237623,-0.434800375343,0.171632770958,4.18764856236e-07,-0.000104691214054,-0.434881793465,-0.407499478703,0.119970896446,0.164088528582,-0.434218590354,0.118319508496,0.000663203111133,-0.0457690200857,3.74941922508,-0.149260727093,-0.149260727093,-0.404819102568,0.165367145129,0.0301592817472,0.0370811383828,0.0272395919669,-0.00886317333316,-0.136340157429,4,0
950,1.9,2,0.639797985554,0,-0.0217393673956,0,0,0.634673490181,-0.149278544052,0.639797956666,-0.148583638368,-0.00877407882315,-0.0581252960857,0.55082073491,-0.47497943385,-0.0217393672237,5.79005166036e-05,0.00540398556853,0.639667812094,-0.18093998118,-5.23456073265e-07,0.000130864018323,0.639725712611,0.634374348119,-0.149963622848,-0.175535995611,0.638443944808,-0.149121441776,-0.00128176780332,0.026414553835,-2.55340502551,-0.0217393672237,-0.0217393672237,0.631023877843,-0.206708934454,-0.00877407882315,-0.0581252960857,-0.00512446648593,-0.000694905684165,0.0975806682844,4,0
960,1.92,1,-0.432282209396,0,0.992781996727,0,0,-0.405190503129,0.14002302799,-0.432282204737,0.151093993924,0.0309543693996,0.0391076981887,-2.17665450339,3.05803086162,0.992781975925,-6.74887297383e-05,-0.00615298634922,-0.432143995652,0.183073392073,2.08477038638e-06,-0.00052119259659,-0.432211484382,-0.404907346659,0.143141812773,0.176920405723,-0.422371083114,0.139307170491,0.0098404012674,-0.0376132352325,4.83191783963,0.992781975925,0.992781975925,-0.401327835338,0.190201692113,0.0309543693996,0.0391076981887,0.0270917016078,-0.0110709659339,-0.111405617697,4,0
960,1.92,2,0.636654376984,0,-0.418531000614,0,0,0.631488128611,-0.175028787263,0.636654371791,-0.178704925647,-0.00999457804688,-0.0590471924429,0.173693342189,-0.527735257794,-0.4185310003,3.93748467174e-05,0.0035580696328,0.636576762608,-0.196112017594,-2.60596297874e-06,0.000651490744686,0.636616137455,0.631134183019,-0.178927268234,-0.192553947961,0.632396586905,-0.174990934834,-0.00421955054947,0.0175630131273,-4.01474722043,-0.4185310003,-0.4185310003,0.626659793744,-0.23775211809,-0.00999457804688,-0.0590471924429,-0.00516624318085,0.00367613838483,0.0644890846946,4,0
970,1.94,1,-0.428791195154,0,0.459978014231,0,0,-0.402088180666,0.168425470925,-0.428791203472,0.188681702235,0.0316421360279,0.0362649292691,-2.60448077646,2.96084965753,0.459978022317,-6.19996515721e-05,-0.00573157550855,-0.428657022944,0.221127321243,1.23836796534e-06,-0.000309591991341,-0.428719022596,-0.401749380531,0.170328843588,0.215395745734,-0.422892658741,0.167558617672,0.00582636385524,-0.0478371280623,4.20986389307,0.459978022317,0.459978022317,-0.397149067444,0.224946631504,0.0316421360279,0.0362649292691,0.0267030228056,-0.02025623131,-0.103609141239,4,0
970,1.94,2,0.632505774498,0,-0.219791829586,0,0,0.627610225487,-0.210531840867,0.632505796514,-0.223520663369,-0.0110694626938,-0.0576626287992,0.277368219794,-0.442719607513,-0.219791836536,3.23000344257e-05,0.00301492763801,0.632433365746,-0.241533414046,-1.54795995477e-06,0.000386989988682,0.63246566578,0.627186725313,-0.212911056693,-0.238518486408,0.629464737273,-0.210454569543,-0.00300092850717,0.0280639168649,-2.96058461693,-0.219791836536,-0.219791836536,0.62143633382,-0.281183292168,-0.0110694626938,-0.0576626287992,-0.00489557102709,0.0129888225014,0.0544404488179,4,0
980,1.96,1,-0.425026208162,0,0.733433663845,0,0,-0.398589439386,0.181848198172,-0.425026195681,0.19033649682,0.0325005467841,0.0475467346025,-2.36304584713,2.95755758615,0.733433647583,-8.42766734474e-05,-0.00767129920389,-0.424853044442,0.230357141645,1.58204107281e-06,-0.000395510268199,-0.424937321115,-0.398223446668,0.184182890136,0.222685842441,-0.417091683589,0.181077271331,0.00784563752613,-0.0416085711103,4.41651865358,0.733433647583,0.733433647583,-0.392525648896,0.237883231423,0.0325005467841,0.0475467346025,0.0264367562943,-0.00848829864802,-0.138921908564,4,0
980,1.96,2,0.628087341785,0,-0.397355258465,0,0,0.623236798843,-0.227310249924,0.628087369717,-0.223274600811,-0.0124303091358,-0.074079441185,0.186545370455,-0.484406978109,-0.397355271512,6.07523397822e-05,0.00548932591372,0.62796539781,-0.250862611581,-1.97755133668e-06,0.000494387834181,0.628026150149,0.62277930794,-0.230228614873,-0.245373285668,0.623960972485,-0.227280076023,-0.00406517766447,0.0180932096451,-3.56173999756,-0.397355271512,-0.397355271512,0.615657060581,-0.297354041996,-0.0124303091358,-0.074079441185,-0.004850570874,-0.00403564911302,0.0994936638577,4,0
990,1.98,1,-0.420776724815,0,0.908576607704,0,0,-0.394680140488,0.210071992987,-0.420776734358,0.231846397052,0.0333235011489,0.0386866991315,-2.08574422785,2.90181890544,0.908576619193,-5.56670372873e-05,-0.00511336690303,-0.420659395906,0.259659717737,1.83468481169e-06,-0.000458671202927,-0.420715062944,-0.394257203808,0.212844353358,0.254546350834,-0.411261705434,0.209381094448,0.00945335750935,-0.0451652563858,4.49407014608,0.908576619193,0.908576619193,-0.387453233209,0.270533096183,0.0333235011489,0.0386866991315,0.0260965938696,-0.021774404064,-0.0925019416076,4,0
990,1.98,2,0.62304598093,0,-0.412731528282,0,0,0.618350175177,-0.262589993341,0.623045995435,-0.276316619728,-0.0137294545166,-0.0618497530159,0.0703024082574,-0.444035697705,-0.412731530974,2.34600868998e-05,0.0021558690526,0.622996706818,-0.288018524322,-2.29335600688e-06,0.000573339001724,0.623020166904,0.617821504323,-0.266055443792,-0.28586265527,0.618610591122,-0.262579142676,-0.00440957578285,0.0232835125937,-3.36963301273,-0.412731530974,-0.412731530974,0.609316540919,-0.338166372744,-0.0137294545166,-0.0618497530159,-0.00469582025865,0.0137266263872,0.0389982415264,4,0
1000,2,1,-0.415901064873,0,0.0757863894105,0,0,-0.390253852974,0.228633425084,-0.415901063667,0.245001713852,0.0340983621528,0.0440950309202,-2.87121307286,2.82118754481,0.0757863889588,-7.51966606395e-05,-0.00696088488568,-0.415737278919,0.284763743545,5.15080752883e-07,-0.00012877018822,-0.415812475579,-0.389795948221,0.2293386868,0.27780285866,-0.413092545431,0.227681812898,0.00271993014805,-0.0501210457614,3.56678837546,0.0757863889588,0.0757863889588,-0.381802701514,0.289096744772,0.0340983621528,0.0440950309202,0.0256472106936,-0.0163682887679,-0.125811917014,4,0
1000,2,2,0.617264211178,0,-0.187835589051,0,0,0.612817315742,-0.2857917834,0.617264195522,-0.288645819755,-0.0150108192701,-0.0727251135866,0.293303334534,-0.399201375272,-0.187835592488,4.86328318875e-05,0.00453750300169,0.617155012962,-0.315760932591,-6.43850942339e-07,0.000160962735588,0.617203645794,0.612244934798,-0.286673360548,-0.31122342959,0.614575644611,-0.285718519697,-0.00262800118291,0.0255049098924,-2.26254615597,-0.187835592488,-0.187835592488,0.602253376252,-0.361370933342,-0.0150108192701,-0.0727251135866,-0.00444687977999,0.00285403635478,0.0819375517495,4,0
1010,2.02,1,-0.410861730576,0,1.00120091438,0,0,-0.385524537502,0.247968597262,-0.410861724491,0.266559306872,0.0349836775617,0.0416412142799,-1.92108496372,2.81884374238,1.0012008691,-6.26160583486e-05,-0.00571373795233,-0.410733041224,0.296420461473,1.82879232385e-06,-0.000457198080962,-0.410795657282,-0.385025865416,0.250707636855,0.290706723521,-0.400645310104,0.24733856507,0.0101503471779,-0.0433681584506,4.39726134329,1.0012008691,1.0012008691,-0.375878046929,0.308200521152,0.0349836775617,0.0416412142799,0.0253371869894,-0.0185907096101,-0.10344209044,4,0
1010,2.02,2,0.611311793327,0,-0.511936724186,0,0,0.606905671362,-0.309960748543,0.611311764018,-0.316784512754,-0.0164642060436,-0.0684661409047,-0.0246414955371,-0.43529885147,-0.511936726743,3.17566181129e-05,0.00286869431612,0.611249289495,-0.330778666598,-2.28599039387e-06,0.000571497598472,0.611281046113,0.606282331252,-0.313384548018,-0.327909972282,0.606268129245,-0.309987312798,-0.00501291686803,0.0179226594842,-3.38278029456,-0.511936726743,-0.511936726743,0.594847557974,-0.385250653659,-0.0164642060436,-0.0684661409047,-0.00440609265609,0.00682376421107,0.0519963797355,4,0
1020,2.04,1,-0.405132561922,0,0.555318176746,0,0,-0.380303400113,0.272524573926,-0.405132551763,0.298415481177,0.035694942955,0.035152938731,-2.25934382592,2.71704444917,0.555318190356,-5.84683631436e-05,-0.00539947758658,-0.405006507934,0.328792990097,1.08950688049e-06,-0.000272376720121,-0.405064976297,-0.379756645218,0.274194577447,0.32339351251,-0.398286564831,0.271775275397,0.00677841146604,-0.0516182371138,3.83256249475,0.555318190356,0.555318190356,-0.369437608808,0.333568419908,0.035694942955,0.035152938731,0.0248291516499,-0.0258909072508,-0.0976175671089,4,0
1020,2.04,2,0.604489564896,0,-0.349567949772,0,0,0.600379249588,-0.340655719219,0.604489581859,-0.354725212365,-0.0176925715784,-0.0622353144892,0.0528971614314,-0.358213966914,-0.349567943053,2.6263576606e-05,0.00245053317888,0.604430772926,-0.369330344954,-1.36188359434e-06,0.000340470898598,0.604457036502,0.599695805966,-0.342743223609,-0.366879811776,0.600451174917,-0.34065272233,-0.00400586158568,0.0262270894456,-2.45255079477,-0.349567943053,-0.349567943053,0.586797010281,-0.416960526855,-0.0176925715784,-0.0622353144892,-0.00411033227087,0.0140694931467,0.0442511375705,4,0
1030,2.06,1,-0.399143993855,0,0.768169164658,0,0,-0.374731142697,0.284991467057,-0.399143988975,0.30227967779,0.0364640694346,0.0402740186798,-2.04428971027,2.68937581969,0.768169157782,-7.45957761459e-05,-0.00679754120923,-0.398990248917,0.337922692236,1.32275072495e-06,-0.000330687681232,-0.399064844693,-0.374159227734,0.286949544421,0.331125151027,-0.39071345115,0.284325537539,0.00835139354353,-0.0467996134884,3.94380298419,0.768169157782,0.768169157782,-0.36267991954,0.34255369647,0.0364640694346,0.0402740186798,0.024412846278,-0.0172882107328,-0.123083048368,4,0
1030,2.06,2,0.597404360771,0,-0.489117026329,0,0,0.593413927783,-0.356239335584,0.597404354751,-0.357533362371,-0.0190544560923,-0.0706587600831,-0.0306618316223,-0.381759336144,-0.48911701935,4.6840865569e-05,0.0042314003372,0.597310434253,-0.378759204746,-1.65343839675e-06,0.000413359599182,0.597357275118,0.592699034076,-0.358686932274,-0.374527804408,0.592520830938,-0.356276547952,-0.00483644418026,0.0182512564562,-2.84929939937,-0.48911701935,-0.48911701935,0.578349898658,-0.428192122454,-0.0190544560923,-0.0706587600831,-0.00399042696767,0.00129402678732,0.0766958515844,4,0
1040,2.08,1,-0.392749190331,0,0.850908637047,0,0,-0.368811614417,0.307400976736,-0.392749204412,0.334486989992,0.0371314192143,0.029648351972,-1.85872341028,2.62094080853,0.850908635494,-5.33647773145e-05,-0.00490282500025,-0.392636580084,0.361195570699,1.40091006046e-06,-0.000350227515109,-0.392689944862,-0.368194678026,0.309518877942,0.356292745699,-0.383536318803,0.306787447387,0.00915362605877,-0.0495052983117,3.90230537333,0.850908635494,0.850908635494,-0.355617785198,0.364135341964,0.0371314192143,0.029648351972,0.0239375899952,-0.0270860132558,-0.0886912372485,4,0
1040,2.08,2,0.589802086353,0,-0.488173931837,0,0,0.5860145174,-0.38425122249,0.589802091445,-0.39850189323,-0.0202798607491,-0.0566672858099,-0.114688137016,-0.342035290053,-0.488173946109,1.89072148141e-05,0.00173877086223,0.589762238747,-0.407982020827,-1.75113756207e-06,0.000437784390506,0.589781145961,0.585243346908,-0.386898598977,-0.406243249964,0.584798805876,-0.384301877137,-0.00498234008538,0.0219413728272,-2.57930838515,-0.488173946109,-0.488173946109,0.569522230696,-0.45516917904,-0.0202798607491,-0.0566672858099,-0.0037875740452,0.0142506707394,0.03145051904,4,0
1050,2.1,1,-0.385874956846,0,0.315838545561,0,0,-0.362489971529,0.322100578348,-0.385874950189,0.345648680967,0.0376867211982,0.0297233018445,-2.33231603148,2.53701599871,0.315838550716,-6.65758638031e-05,-0.006147251102,-0.385731362276,0.380235828362,5.13546898728e-07,-0.000128386724688,-0.38579793814,-0.361845086135,0.322827856998,0.37408857726,-0.380967704199,0.32133067282,0.00483023394099,-0.0527579044405,3.24529024379,0.315838550716,0.315838550716,-0.348188228991,0.375371982811,0.0376867211982,0.0297233018445,0.0233849786602,-0.0235481026189,-0.111138583482,4,0
1050,2.1,2,0.581633746624,0,-0.349106013775,0,0,0.578112463759,-0.402625724383,0.581633750948,-0.409384835479,-0.0213984655409,-0.0598301444375,0.0132377262404,-0.30196746105,-0.349106022835,3.59270494746e-05,0.0033423934079,0.581553965529,-0.429032917245,-6.41933622814e-07,0.000160483405716,0.581589892579,0.577306357014,-0.403534822696,-0.425690523837,0.577720323211,-0.402642063573,-0.00386956936796,0.0230484602639,-1.79472312625,-0.349106022835,-0.349106022835,0.560235285407,-0.469214979916,-0.0213984655409,-0.0598301444375,-0.00352128718892,0.00675911109549,0.0603762880255,4,0
1060,2.12,1,-0.378839194775,0,0.860827922821,0,0,-0.355923088481,0.336656261218,-0.378839201021,0.362083496436,0.0382414364743,0.0241864737999,-1.73672276697,2.50259415532,0.860827945347,-5.73668733104e-05,-0.00524638233262,-0.378720224448,0.389891880663,1.23916495742e-06,-0.00030979123936,-0.378777591321,-0.355247915018,0.338516104987,0.38464549833,-0.369580762325,0.336087191475,0.00919682899687,-0.0485583068554,3.66791942631,0.860827945347,0.860827945347,-0.340597764547,0.386269970236,0.0382414364743,0.0241864737999,0.0229161125403,-0.0254272352177,-0.0949565569976,4,0
1060,2.12,2,0.573291838169,0,-0.543450474739,0,0,0.569903859921,-0.42082032783,0.57329186657,-0.4304443604,-0.0225446617444,-0.0523931035954,-0.191541048318,-0.313421409496,-0.543450460935,2.34446754744e-05,0.00212416408935,0.573245178863,-0.441014536834,-1.54895618021e-06,0.000387239045046,0.573268623538,0.56905989309,-0.423145132516,-0.438890372744,0.567990273358,-0.420900060603,-0.00527835018032,0.0179903121408,-2.36543155288,-0.543450460935,-0.543450460935,0.550747204825,-0.482837463996,-0.0225446617444,-0.0523931035954,-0.00338800664874,0.00962403257017,0.0384880031207,4,0
1070,2.14,1,-0.371343523264,0,0.579351425171,0,0,-0.349016519583,0.352812767145,-0.371343511237,0.382344818561,0.0386134544362,0.0166294336923,-1.92095964643,2.40826555144,0.579351447022,-5.52443748363e-05,-0.00508991387827,-0.371225452621,0.410589828635,7.33017656684e-07,-0.000183254414167,-0.371280696996,-0.348309756289,0.353931410418,0.405499914756,-0.364231056327,0.352178828114,0.00704964066863,-0.0533210866426,3.25043946131,0.579351447022,0.579351447022,-0.332730056801,0.398974252253,0.0386134544362,0.0166294336923,0.0223269916536,-0.0295320514162,-0.0920455420208,4,0
1070,2.14,2,0.564374685287,0,-0.44665440917,0,0,0.561270648775,-0.441015960007,0.564374695411,-0.454422559792,-0.0234621252889,-0.0442952564201,-0.15550909411,-0.256722438539,-0.446654419031,2.05151706184e-05,0.00190524835145,0.56432954179,-0.465482517084,-9.16272061335e-07,0.000229068015341,0.56435005696,0.560387194655,-0.442414264084,-0.463577268732,0.559690625367,-0.441081794316,-0.00465943159263,0.0224954744168,-1.71518470261,-0.446654419031,-0.446654419031,0.540912570122,-0.498717816212,-0.0234621252889,-0.0442952564201,-0.00310404663543,0.0134065997848,0.0344228863818,4,0
1080,2.16,1,-0.363650530577,0,0.692065954208,0,0,-0.34187024906,0.361943195422,-0.363650538085,0.387770155673,0.0389369387207,0.0150739488272,-1.76473530208,2.35433763612,0.692065930816,-6.1940469214e-05,-0.00566068916766,-0.363521786869,0.417859836029,8.10360224202e-07,-0.000202590056049,-0.363583727338,-0.341145164197,0.363150201693,0.412199146861,-0.355698505881,0.361367018054,0.00788522145708,-0.0508321288066,3.23594581625,0.692065930816,0.692065930816,-0.324713599364,0.4028441045,0.0389369387207,0.0150739488272,0.0217802890247,-0.0258269602509,-0.102463596772,4,0
1080,2.16,2,0.555250346661,0,-0.52208930254,0,0,0.552337810601,-0.452428995264,0.555250334249,-0.459829713627,-0.0243583359396,-0.0437254177715,-0.219002276708,-0.255551535525,-0.522089305176,2.89687514314e-05,0.00262334329179,0.555191875553,-0.47313484033,-1.01295026689e-06,0.000253237566716,0.555220844304,0.55143145452,-0.453937753084,-0.470511497038,0.550120511997,-0.452521382706,-0.00510033230698,0.0179901143322,-1.8203869032,-0.522089305176,-0.522089305176,0.53089199831,-0.503555131399,-0.0243583359396,-0.0437254177715,-0.00291252364825,0.00740071836301,0.0475354929434,4,0
1090,2.18,1,-0.355707377195,0,0.661170840263,0,0,-0.334506849108,0.374168921871,-0.355707385142,0.404359540893,0.0391306933867,0.00620194744073,-1.70489489233,2.27933066534,0.661170824154,-5.21829025208e-05,-0.00479474586624,-0.355597107637,0.430516129006,6.86931142746e-07,-0.000171732785689,-0.355649290539,-0.333757461363,0.375209070851,0.42572138314,-0.347968144148,0.373608034578,0.00768114639136,-0.0521133485617,3.06789598232,0.661170824154,0.661170824154,-0.316576691755,0.410561488334,0.0391306933867,0.00620194744073,0.0212005360337,-0.0301906190221,-0.0867350511438,4,0
1090,2.18,2,0.545815944672,0,-0.504831790924,0,0,0.543133560644,-0.467711153066,0.545815931249,-0.480536445036,-0.0250950674631,-0.0326654158301,-0.255597078531,-0.222678723756,-0.504831776375,1.59551723874e-05,0.00146828631186,0.545782116564,-0.488591960833,-8.58663910641e-07,0.000214665977672,0.545798071736,0.542196825961,-0.469011339264,-0.487123674521,0.540786360206,-0.467808953085,-0.00501171152964,0.0193147214364,-1.51078690325,-0.504831776375,-0.504831776375,0.520720863786,-0.513201860867,-0.0250950674631,-0.0326654158301,-0.00268237060538,0.01282529197,0.0265559740881,4,0
1100,2.2,1,-0.347526490688,0,0.535587012768,0,0,-0.326936006544,0.382054289401,-0.347526499956,0.411408311275,0.0391958416425,0.00160703033583,-1.75913035724,2.20142450322,0.535587025006,-5.61214436095e-05,-0.00515734761561,-0.347407701211,0.439594323026,4.13576219771e-07,-0.00010339405495,-0.347463822654,-0.326171296997,0.382664955532,0.43443697541,-0.34079392664,0.381476876064,0.00666989601448,-0.0529600993462,2.8063133894,0.535587025006,0.535587025006,-0.308330658313,0.413015341611,0.0391958416425,0.00160703033583,0.0205904934118,-0.0293540218736,-0.0932928790229,4,0
1100,2.2,2,0.536103785038,0,-0.48146957159,0,0,0.533670007426,-0.477567862312,0.536103758211,-0.487950773962,-0.0256904362342,-0.0283184032981,-0.252796917214,-0.193808555956,-0.481469583383,2.0945668494e-05,0.00192765886638,0.536059147893,-0.498575877246,-5.16970272368e-07,0.000129242568082,0.536080093562,0.532714120491,-0.478331194973,-0.49664821838,0.531276986747,-0.477667571507,-0.00480310681454,0.0189806468723,-1.19952514008,-0.481469583383,-0.481469583383,0.510413321977,-0.51626917726,-0.0256904362342,-0.0283184032981,-0.00243375078541,0.0103829116493,0.034864110213,4,0
1110,2.22,1,-0.339215606451,0,0.578361272812,0,0,-0.31922702283,0.388838687414,-0.339215594687,0.419351086029,0.0391578166918,-0.00505545102595,-1.64147347469,2.13324973964,0.578361261303,-5.21375866775e-05,-0.00478591123157,-0.339105796854,0.445316529362,3.83308287999e-07,-9.58270720032e-05,-0.33915793444,-0.318448757265,0.389420263695,0.440530618131,-0.33216197031,0.388299731269,0.00699596413011,-0.0522308868621,2.71277791098,0.578361261303,0.578361261303,-0.300057777995,0.414295635003,0.0391578166918,-0.00505545102595,0.0199885718572,-0.0305123986156,-0.0865849963472,4,0
1110,2.22,2,0.526245892048,0,-0.503468751907,0,0,0.524033777774,-0.486048359642,0.526245899826,-0.497504331123,-0.0261736782496,-0.0203652126579,-0.302545110933,-0.175251198329,-0.503468780211,1.54819053706e-05,0.00141874656988,0.526213584865,-0.505103802465,-4.79135339848e-07,0.000119783834957,0.52622906677,0.523060945817,-0.486775329964,-0.503685055896,0.521303371547,-0.486162126569,-0.00492569522371,0.0175229293269,-1.07696328852,-0.503468780211,-0.503468780211,0.500072221577,-0.517869543781,-0.0261736782496,-0.0203652126579,-0.00221212205245,0.0114559714805,0.0256724709493,4,0
1120,2.24,1,-0.330775618553,0,0.521798312664,0,0,-0.311403009705,0.393040778887,-0.330775629193,0.42346312327,0.0389935159123,-0.0107727452659,-1.6242412302,2.05894574498,0.521798293834,-5.24366009519e-05,-0.00481412197946,-0.330665066971,0.449613604691,2.14239958718e-07,-5.35599896744e-05,-0.330717503572,-0.3106166111,0.393359982528,0.444799482711,-0.324190371517,0.392507972144,0.00652713205557,-0.052291510567,2.51993510741,0.521798293834,0.521798293834,-0.291782113281,0.412690378004,0.0389935159123,-0.0107727452659,0.0193726194886,-0.0304223443831,-0.0870937790541,4,0
1120,2.24,2,0.516236722469,0,-0.49542850256,0,0,0.514253761363,-0.491300973707,0.51623674498,-0.502024915462,-0.026509104293,-0.0138380567484,-0.318709058401,-0.150553006732,-0.495428506303,1.5770613368e-05,0.0014461552127,0.516203651956,-0.509812396533,-2.67799936671e-07,6.69499841718e-05,0.516219422569,0.513270763106,-0.491699978241,-0.50836624132,0.511384779737,-0.491420514608,-0.00483464283222,0.0169457267125,-0.840688274831,-0.495428506303,-0.495428506303,0.489727640687,-0.51586297221,-0.026509104293,-0.0138380567484,-0.00198298361709,0.010723941755,0.0261664411699,4,0
1130,2.26,1,-0.322239279747,0,0.506009459496,0,0,-0.30350297797,0.396899045546,-0.322239286814,0.429697800815,0.0386938149934,-0.0187543593807,-1.55343118288,1.980483397,0.506009481681,-4.74740785576e-05,-0.00436514027966,-0.322138807915,0.453566802979,1.10590309077e-07,-2.76475772704e-05,-0.322186281993,-0.30270899011,0.39707687258,0.4492016627,-0.315768965481,0.396387962733,0.00641731651263,-0.0528136999669,2.36592736414,0.506009481681,0.506009481681,-0.283545471821,0.410943441434,0.0386938149934,-0.0187543593807,0.0187363088444,-0.0327987552689,-0.0789572675577,4,0
1130,2.26,2,0.506114304066,0,-0.487078785896,0,0,0.504378721693,-0.496123806914,0.506114287177,-0.509530920915,-0.0266824483083,-0.00414838045867,-0.351264270747,-0.120638862514,-0.487078779435,9.06643546024e-06,0.000839680660331,0.506094807226,-0.514239362305,-1.38237870706e-07,3.45594676829e-05,0.506103873662,0.503386236869,-0.496346090684,-0.513399681644,0.501330348034,-0.496250822483,-0.004773525627,0.0171488591612,-0.599715443824,-0.487078779435,-0.487078779435,0.479431838869,-0.513679301373,-0.0266824483083,-0.00414838045867,-0.00173556548359,0.0134071140003,0.0151756461737,4,0
1140,2.28,1,-0.313667923212,0,0.356624573469,0,0,-0.295565852893,0.395896408787,-0.313667924921,0.426228715186,0.0382799447277,-0.0224319887951,-1.63687320937,1.90700646204,0.356624579311,-5.20383377076e-05,-0.00478124786259,-0.313557835928,0.452332877206,-2.11756475021e-07,5.29391187613e-05,-0.313609874266,-0.294774376271,0.395579493289,0.447551629343,-0.308463310496,0.395359014721,0.00514656377021,-0.0521926146228,2.08414235189,0.356624579311,0.356624579311,-0.275387980194,0.403796726391,0.0382799447277,-0.0224319887951,0.0181020720287,-0.0303323063989,-0.0864913266413,4,0
1140,2.28,2,0.495964318514,0,-0.457208603621,0,0,0.49445731535,-0.494870510674,0.495964310084,-0.504201032593,-0.0267293357383,-0.000544874650541,-0.331276578362,-0.100832611247,-0.45720860654,1.50800102532e-05,0.00138775343514,0.495932177151,-0.511850345342,2.64695613206e-07,-6.6173903303e-05,0.495947257161,0.493467969574,-0.494474366272,-0.510462591907,0.491492662356,-0.494994037882,-0.00445459480553,0.0154685540248,-0.30374144999,-0.45720860654,-0.45720860654,0.469234974346,-0.504745907244,-0.0267293357383,-0.000544874650541,-0.00150699473454,0.00933052191914,0.0250994169309,4,0
1150,2.3,1,-0.305164426565,0,0.699429273605,0,0,-0.287669763428,0.394968167333,-0.305164420461,0.427685410936,0.0377706237359,-0.0305355314737,-1.21912331961,1.84464051908,0.699429256001,-4.47827610462e-05,-0.00408211040109,-0.305072657937,0.448866428396,2.3339198485e-07,-5.83479962182e-05,-0.305117440698,-0.286879420308,0.395346603976,0.444784317995,-0.297196650886,0.394571213689,0.00792078981274,-0.0502131043057,2.29433046738,0.699429256001,0.699429256001,-0.267393796725,0.397149879462,0.0377706237359,-0.0305355314737,0.0174946570323,-0.0327172436025,-0.0739120565383,4,0
1150,2.3,2,0.485900223255,0,-0.563888430595,0,0,0.484587203528,-0.493710208669,0.485900220931,-0.506875425842,-0.0266579759038,0.0104380774561,-0.467220527634,-0.0884179127125,-0.563888423735,5.35962629467e-06,0.000451308446216,0.4858926221,-0.507936611334,-2.91739977676e-07,7.2934994419e-05,0.485897981727,0.483599274629,-0.494183254468,-0.507485302888,0.480631816261,-0.493875016472,-0.00526616546512,0.013610286416,-0.555741690697,-0.563888423735,-0.563888423735,0.459242245027,-0.496437348386,-0.0266579759038,0.0104380774561,-0.00131301740317,0.013165217173,0.00824998338803,4,0
1160,2.32,1,-0.296585947275,0,0.184906244278,0,0,-0.279776394754,0.392096164906,-0.296585947756,0.424890854729,0.0370756418271,-0.036244246234,-1.64033788849,1.74626290137,0.18490623937,-4.7346040935e-05,-0.00436817416478,-0.296484153477,0.449334273132,-6.18484595816e-07,0.000154621148958,-0.296531499518,-0.278993107044,0.391179991719,0.444966098967,-0.292765150348,0.391554966756,0.00376634917023,-0.0534111322114,1.64697342515,0.18490623937,0.18490623937,-0.259510305929,0.388646608495,0.0370756418271,-0.036244246234,0.0168095530022,-0.0327946898233,-0.078981226496,4,0
1160,2.32,2,0.475740641356,0,-0.393569529057,0,0,0.474720492697,-0.490120205433,0.475740627683,-0.502068300512,-0.0263527461294,0.0162600410432,-0.340305433108,-0.0380904433111,-0.393569527905,8.87618691437e-06,0.000841838974859,0.475719437623,-0.507531662464,7.73105765628e-07,-0.000193276441403,0.47572831381,0.47374138306,-0.488974988918,-0.506689823489,0.471763301005,-0.490243421754,-0.00396501280485,0.0164464017354,0.310584272076,-0.393569527905,-0.393569527905,0.449387881553,-0.485808259468,-0.0263527461294,0.0162600410432,-0.00102013498594,0.0119480950785,0.0151736514853,4,0
1170,2.34,1,-0.288265913725,0,0.384957939386,0,0,-0.272033392822,0.382501447512,-0.288265912863,0.41054003834,0.0363670624834,-0.0376002543868,-1.40104585119,1.70312954496,0.384957932269,-5.0090549142e-05,-0.00457855331661,-0.288162063802,0.434744368525,-3.88577994614e-07,9.71444986538e-05,-0.288212154351,-0.271269023225,0.381893365285,0.430165815208,-0.282999118543,0.382044542273,0.00521303580787,-0.0481212729352,1.72954754259,0.384957932269,0.384957932269,-0.25189885038,0.372939783953,0.0363670624834,-0.0376002543868,0.0162325200409,-0.028038590828,-0.082874238501,4,0
1170,2.34,2,0.465925842524,0,-0.485967487097,0,0,0.465041740299,-0.478126808408,0.465925847818,-0.48441093388,-0.0260522856759,0.0182362053848,-0.412406166518,-0.0532308414619,-0.485967485581,1.25143121096e-05,0.00112048310477,0.46590195902,-0.489546716027,4.85722505217e-07,-0.000121430626308,0.465914473332,0.464086278304,-0.477366705606,-0.488426232922,0.461441851405,-0.478276803779,-0.00447262192749,0.0101494291435,0.0502492036739,-0.485967485581,-0.485967485581,0.439873562142,-0.466174728495,-0.0260522856759,0.0182362053848,-0.000884107519554,0.00628412547146,0.0203304776014,4,0
1180,2.36,1,-0.279973477125,0,0.229816764593,0,0,-0.264405947976,0.379984269222,-0.279973468108,0.416815390975,0.0354643327965,-0.0510130054264,-1.43156604512,1.60614065592,0.229816765164,-3.28497326659e-05,-0.00305843785576,-0.279901345881,0.434492519207,-6.72235379695e-07,0.000168058844929,-0.279934195614,-0.263646922858,0.37900838219,0.431434081351,-0.275855436148,0.379507207215,0.00407875946538,-0.0519268741364,1.44326940158,0.229816765164,0.229816765164,-0.244509135312,0.365802385549,0.0354643327965,-0.0510130054264,0.0155675201328,-0.0368311217532,-0.0552421543641,4,0
1180,2.36,2,0.456111848354,0,-0.384725093842,0,0,0.455507434261,-0.474980335421,0.456111861052,-0.493470821954,-0.0254754427141,0.0362178415753,-0.4070838687,0.00599707922389,-0.384725085019,-1.03920746339e-05,-0.000897901632958,0.456130030668,-0.489974753606,8.40294240245e-07,-0.000210073560057,0.456119638594,0.454558652867,-0.473760476608,-0.490872655239,0.452257059238,-0.475115767714,-0.00386257935537,0.0157568875252,0.646450537967,-0.384725085019,-0.384725085019,0.430636418338,-0.457252980378,-0.0254754427141,0.0362178415753,-0.00060442679053,0.0184904865321,-0.016361704457,4,0
1190,2.38,1,-0.271889090538,0,-0.0245639327914,0,0,-0.256944105884,0.364677521877,-0.271889095808,0.391720556192,0.0345011801009,-0.0470030811954,-1.65535130463,1.5433145694,-0.0245639333468,-5.26385203856e-05,-0.00483538787355,-0.27177767959,0.418119089303,-1.15951536062e-06,0.00028987884015,-0.27183031811,-0.256216508854,0.362928878202,0.41328370143,-0.269987115958,0.364134063123,0.00184320215153,-0.0491496383061,1.08021277357,-0.0245639333468,-0.0245639333468,-0.237387915707,0.344717474997,0.0345011801009,-0.0470030811954,0.0149449899243,-0.0270430343153,-0.0874728018908,4,0
1190,2.38,2,0.44658640027,0,-0.348147690296,0,0,0.446180131671,-0.455846900959,0.446586392265,-0.460088049516,-0.0248514983996,0.0291912076128,-0.329456413571,0.008252406473,-0.348147686502,1.62014214331e-05,0.00148956290554,0.446551798788,-0.46829579007,1.44939421898e-06,-0.00036234855474,0.446568000209,0.445270635387,-0.453661096338,-0.466806227165,0.443215278211,-0.45597043652,-0.00335272199773,0.0108357906452,0.873625203245,-0.348147686502,-0.348147686502,0.421734893866,-0.430896841903,-0.0248514983996,0.0291912076128,-0.00040626059392,0.00424114855737,0.0269436794038,4,0
1200,2.4,1,-0.264196813107,0,0.778729319572,0,0,-0.249788027435,0.354318628982,-0.264196826186,0.38701305178,0.0335155455662,-0.0571819817132,-0.781411072286,1.50493101218,0.77872932874,-3.38436512046e-05,-0.0030444629887,-0.264131178698,0.401424767454,6.96518573373e-09,-1.74129643271e-06,-0.264165022349,-0.249079248471,0.354394706169,0.398380304465,-0.255829219949,0.354066912627,0.00833580239943,-0.0443133918384,1.77308492523,0.77872932874,0.77872932874,-0.23068128062,0.329831070067,0.0335155455662,-0.0571819817132,0.0144087987507,-0.0326944227986,-0.0552093888505,4,0
1200,2.4,2,0.437530606985,0,-0.579968452454,0,0,0.437235033641,-0.442898284662,0.437530606806,-0.457650216145,-0.02417900676,0.0453613805681,-0.597690640583,0.00151461579859,-0.579968477585,-8.9330082012e-06,-0.000905775601569,0.437557250109,-0.44981423525,-8.70647814954e-09,2.17661953217e-06,0.437548317101,0.436349059938,-0.442993381142,-0.450720010852,0.432397739277,-0.443099838594,-0.00515057782395,0.00762017225787,0.0498462401606,-0.579968477585,-0.579968477585,0.413351600046,-0.412288835577,-0.02417900676,0.0453613805681,-0.000295573164755,0.0147519314827,-0.0162075471997,4,0
1210,2.42,1,-0.256498456001,0,-0.266469985247,0,0,-0.242786551631,0.341429283668,-0.256498443072,0.372885827142,0.0322899062723,-0.0602399384003,-1.7246985873,1.38550577334,-0.266469980636,-4.33718712062e-05,-0.00402471462825,-0.256402988729,0.396188258896,-1.61113981129e-06,0.000402784952825,-0.256446360601,-0.242106079556,0.339027682673,0.392163544268,-0.256529157557,0.340856675088,-8.27969561427e-05,-0.0513068691797,0.61724795685,-0.266469980636,-0.266469980636,-0.2242085368,0.312645888742,0.0322899062723,-0.0602399384003,0.0137118914408,-0.0314565434735,-0.0727228333237,4,0
1210,2.42,2,0.428441017866,0,-0.225077033043,0,0,0.428483188918,-0.426786602835,0.428441009536,-0.437866939924,-0.0231803392245,0.0470595811754,-0.298042830759,0.0809465532317,-0.225077040244,4.26638087567e-06,0.000447601099302,0.42842677289,-0.44217192305,2.01392478244e-06,-0.000503481195612,0.428431039271,0.427632598828,-0.423784601563,-0.44172432195,0.425937412057,-0.42689267687,-0.0024936272137,0.0148316450799,1.60163211528,-0.225077040244,-0.225077040244,0.405260670312,-0.390807358749,-0.0231803392245,0.0470595811754,4.21793820286e-05,0.0110803370897,0.00798076271696,4,0
1220,2.44,1,-0.249443441629,0,0.185257062316,0,0,-0.236200219435,0.3183601897,-0.249443438105,0.340614964144,0.0311960341708,-0.0557425463167,-1.27540059231,1.38121302373,0.185257065731,-4.82114879549e-05,-0.00438675178898,-0.24934524002,0.363141906495,-9.76734171126e-07,0.000244183542782,-0.249393451508,-0.235565057476,0.316848428736,0.358755154706,-0.246149246468,0.317945646907,0.00324420503939,-0.0408095077991,0.988283470494,0.185257065731,0.185257065731,-0.218247403934,0.284872417827,0.0311960341708,-0.0557425463167,0.0132432186702,-0.0222547744437,-0.079444634311,4,0
1220,2.44,2,0.42018789053,0,-0.414440661669,0,0,0.42025027371,-0.39795023513,0.420187889034,-0.398796930079,-0.0223786347578,0.0427064102059,-0.421697174247,0.0243264520616,-0.414440670755,1.08011300571e-05,0.000937258224927,0.420169883867,-0.402082654642,1.2209177242e-06,-0.000305229431051,0.420180684997,0.419456321266,-0.396060533909,-0.401145396417,0.416600217922,-0.398102320788,-0.0035804670742,0.00304307562975,0.835307166415,-0.414440670755,-0.414440670755,0.397809254276,-0.356090519873,-0.0223786347578,0.0427064102059,6.23846766374e-05,0.000846694949146,0.0170699485698,4,0
1230,2.46,1,-0.242542102933,0,-0.0992495715618,0,0,-0.229917862353,0.309447952368,-0.242542101883,0.346318013418,0.0298801010245,-0.0730487594932,-1.40896633945,1.27544378141,-0.0992495748257,-1.98900826712e-05,-0.00190338045878,-0.242494923062,0.358589395556,-1.41174641796e-06,0.000352936604487,-0.242514813145,-0.229300984268,0.307380232766,0.356686015098,-0.241353786287,0.308971455538,0.00116102685812,-0.04771455956,0.59833263423,-0.0992495748257,-0.0992495748257,-0.212662000858,0.273269253925,0.0298801010245,-0.0730487594932,0.01262423953,-0.0368700610503,-0.0342729832134,4,0
1230,2.46,2,0.412049680948,0,-0.22468046844,0,0,0.412397327399,-0.386809938354,0.412049674479,-0.408789953241,-0.0212221739988,0.0672033883292,-0.377030908545,0.109230318604,-0.224680466058,-2.69645141231e-05,-0.00237143357328,0.41209949405,-0.398489419786,1.76468303537e-06,-0.000441170758835,0.412072529536,0.411626229797,-0.384225288832,-0.400860853359,0.40961956004,-0.386925678661,-0.00245296949627,0.0139351746989,1.74296565141,-0.224680466058,-0.224680466058,0.39082750048,-0.341586564912,-0.0212221739988,0.0672033883292,0.000347652920155,0.0219800148872,-0.0431201238841,4,0
1240,2.48,1,-0.236079916358,0,-0.427932351828,0,0,-0.223993320037,0.281060623325,-0.236079910057,0.301444452927,0.0285802565135,-0.0604666179083,-1.74865309905,1.2317507713,-0.427932362703,-5.35547872958e-05,-0.00491796536727,-0.23596656324,0.328271586198,-2.00245562326e-06,0.000500613905816,-0.236020118027,-0.223434240555,0.278037899184,0.323353620831,-0.237800042815,0.28048534321,-0.0017799247883,-0.0428682776214,0.201569275149,-0.427932362703,-0.427932362703,-0.207499653544,0.240977835018,0.0285802565135,-0.0604666179083,0.0120865900207,-0.0203838296012,-0.0889699650371,4,0
1240,2.48,2,0.404497981071,0,-0.188089340925,0,0,0.404991649548,-0.351325776826,0.404497977596,-0.34979692897,-0.0201234112069,0.0485746378981,-0.249631122379,0.0924681117476,-0.188089334978,1.86187547195e-05,0.00170947021508,0.404458282087,-0.359174900436,2.50306954314e-06,-0.000625767385782,0.404476900842,0.4042928002,-0.347547371628,-0.35746543022,0.402657722781,-0.351423023775,-0.00181917806006,0.00604240644581,1.85641365806,-0.188089334978,-0.188089334978,0.384374566389,-0.301222291072,-0.0201234112069,0.0485746378981,0.000493671952278,-0.00152884785613,0.0309263243474,4,0
1250,2.5,1,-0.230300977826,0,0.75759267807,0,0,-0.218612458322,0.262236727843,-0.230300980706,0.291010397318,0.027351525718,-0.0712298947508,-0.505367229693,1.22328364816,0.757592678062,-2.47515738934e-05,-0.00218274733824,-0.230256976441,0.299825218173,-2.22184999399e-07,5.55462498472e-05,-0.230281728015,-0.218088125373,0.261999835732,0.297642470835,-0.222486490656,0.26207530983,0.00779523735907,-0.0355671610053,1.31571986161,0.757592678062,0.757592678062,-0.202949454988,0.219780502567,0.027351525718,-0.0712298947508,0.0116885223838,-0.0287736694747,-0.0396762595994,4,0
1250,2.5,2,0.397758305073,0,-0.520926713943,0,0,0.398265572454,-0.327795907335,0.397758307415,-0.342700990697,-0.0190714891653,0.0679753653001,-0.623205067279,0.0669075909789,-0.520926715501,-2.01156818884e-05,-0.0019692843673,0.397811904861,-0.327837342578,2.77731252996e-07,-6.94328132515e-05,0.397791789179,0.397610156272,-0.32749979219,-0.329806626945,0.393375443041,-0.327999662727,-0.00441634613827,0.00180696421817,0.539017244166,-0.520926715501,-0.520926715501,0.37868681825,-0.274725625396,-0.0190714891653,0.0679753653001,0.000507265038439,0.0149050833618,-0.0353707607994,4,0
1260,2.52,1,-0.224567249417,0,-0.716481387615,0,0,-0.213523002922,0.240656258404,-0.224567248514,0.267987755884,0.025841204354,-0.0718478931043,-1.87306430502,1.08875791649,-0.716481413782,-4.02329161143e-05,-0.00375626592837,-0.224476489535,0.290510209734,-2.43047211221e-06,0.000607618028053,-0.224516722451,-0.2130453028,0.237027206868,0.286753943806,-0.228540591805,0.240030525534,-0.00402386935352,-0.0467234182719,-0.231470151438,-0.716481413782,-0.716481413782,-0.19872604416,0.19613986278,0.025841204354,-0.0718478931043,0.0110442455918,-0.0273314974801,-0.0678249747478,4,0
1260,2.52,2,0.391033887863,0,-0.0130588430911,0,0,0.391903753254,-0.300820320397,0.391033883282,-0.310422942477,-0.017626328511,0.0652481169265,-0.181644641093,0.17225889248,-0.0130588432703,1.41313606381e-06,0.000212610783356,0.39102302689,-0.314381192222,3.03809015295e-06,-0.000759522538245,0.391024440027,0.391306628107,-0.296284005958,-0.314168581438,0.390362115244,-0.300884555314,-0.000662324782453,0.0132840261248,2.63196413585,-0.0130588432703,-0.0130588432703,0.373407554772,-0.24517482555,-0.017626328511,0.0652481169265,0.000869869971279,0.00960262208044,0.00367309465795,4,0
1270,2.54,1,-0.21979855001,0,-0.0557135716081,0,0,-0.209068785069,0.206690015962,-0.219798550791,0.22076626221,0.0246110133191,-0.0608682831111,-1.25895732262,1.1258395596,-0.0557135725327,-4.71303176459e-05,-0.00427219809379,-0.219703968981,0.24216984364,-1.44807674457e-06,0.000362019186143,-0.219751099298,-0.208657703344,0.204454804936,0.237897645546,-0.218897996567,0.206280465483,0.00085310273154,-0.0316171800635,0.398982440456,-0.0557135725327,-0.0557135725327,-0.195187537472,0.159897979099,0.0246110133191,-0.0608682831111,0.0107297657216,-0.0140762462481,-0.0774041904887,4,0
1270,2.54,2,0.38556227088,0,-0.284047216177,0,0,0.386335980991,-0.258362517179,0.385562262258,-0.253527250322,-0.0165778407863,0.0536547795111,-0.344461863147,0.0770654964493,-0.284047207918,1.0749805525e-05,0.000911679909974,0.38554618947,-0.255990295185,1.81009593753e-06,-0.000452523984387,0.385556939275,0.385822128841,-0.255568503386,-0.255078615275,0.383331923832,-0.258487686227,-0.00222501544297,-0.00340907095226,1.41353509092,-0.284047207918,-0.284047207918,0.368984421471,-0.199872470811,-0.0165778407863,0.0536547795111,0.000773718733953,-0.00483526685718,0.0166508412204,4,0
1280,2.56,1,-0.215290039778,0,-0.297118097544,0,0,-0.205071384239,0.19250720512,-0.215290040151,0.227366909559,0.0231599685054,-0.0820345945876,-1.48169341167,1.0184491451,-0.297118104242,-9.05253629402e-06,-0.000918156700966,-0.215264948405,0.234598333655,-1.98116461983e-06,0.000495291154957,-0.215274000941,-0.204689218776,0.18959685773,0.233680176954,-0.21726076227,0.191999314369,-0.00198676132886,-0.0416808625848,0.0919758795787,-0.297118104242,-0.446815672388,-0.192130071646,0.145332314971,0.0231599685054,-0.0820345945876,0.0102186559124,-0.0348597044387,-0.0164285941839,4,0
1280,2.56,2,0.380302876234,0,-0.0212099738419,0,0,0.38133923001,-0.240634003549,0.380302871487,-0.265275912928,-0.0151402822368,0.0836105223229,-0.265121097452,0.178760362823,-0.0212099741714,-4.03594108057e-05,-0.0035876095989,0.380379865247,-0.248805086347,2.47645578277e-06,-0.0006191139457,0.380339505836,0.380861523187,-0.2369960693,-0.252392695946,0.37967569861,-0.240703317358,-0.000663807225932,0.0116893785881,2.54995737037,-0.0212099741714,-0.0212099741714,0.365162589251,-0.181665390606,-0.0151402822368,0.0836105223229,0.00103635852232,0.024641909379,-0.0651507604571,4,0
1290,2.58,1,-0.211359173059,0,-0.814270496368,0,0,-0.201580194439,0.154498866566,-0.211359174621,0.16755084618,0.0217637623641,-0.0615328953472,-1.89393242238,0.988370780549,-0.814270492642,-5.49608144906e-05,-0.00504616705036,-0.211242773877,0.195091843583,-2.59502407954e-06,0.000648756019887,-0.211297734692,-0.201275142771,0.150579565561,0.190045676533,-0.216576170368,0.153874034236,-0.0052784356763,-0.0361716422971,-0.442231607274,-0.814270492642,-0.814270492642,-0.189595412257,0.106017950833,0.0217637623641,-0.0615328953472,0.00977898018238,-0.0130519796135,-0.091291149188,4,0
1290,2.58,2,0.375836282969,0,0.00981473829597,0,0,0.376975242818,-0.193123580228,0.375836276114,-0.186189880896,-0.0138420110365,0.0536674455651,-0.104031519698,0.150568834817,0.00981473784604,2.2120799517e-05,0.00202971148537,0.375789078806,-0.197330021591,3.24378010691e-06,-0.000810945026731,0.375811199606,0.37659392824,-0.18822445396,-0.195300310105,0.375804324854,-0.193172368476,-6.87475248801e-06,0.00212794162892,2.52940990263,0.00981473784604,0.00981473784604,0.361994265078,-0.132522435331,-0.0138420110365,0.0536674455651,0.00113896670368,-0.00693369933181,0.0367225772732,4,0
1300,2.6,1,-0.208349108696,0,0.616695165634,0,0,-0.198802669156,0.129679327326,-0.208349112707,0.151319119666,0.0205579546875,-0.0700631766633,-0.429875704108,1.01569432808,0.616695179295,-1.95916204058e-05,-0.00169468526296,-0.208317207424,0.157054264308,-4.09250057121e-07,0.000102312514279,-0.208336799044,-0.198543693306,0.129180987261,0.155359579045,-0.202121899509,0.129541026061,0.00621489953513,-0.0258185529841,0.969022099151,0.616695179295,0.616695179295,-0.187791158019,0.0812559430023,0.0205579546875,-0.0700631766633,0.00954644355122,-0.0216397923396,-0.0308765553253,4,0
1300,2.6,2,0.372459769249,0,-0.391537070274,0,0,0.373503336275,-0.162099156103,0.372459766639,-0.174276866402,-0.0127208192932,0.0727069409031,-0.538458452609,0.102000376,-0.391537076119,-2.56757294233e-05,-0.00249945377758,0.372526761252,-0.155945759479,5.11562574135e-07,-0.000127890643532,0.372501085523,0.373179616469,-0.161476231017,-0.158445213256,0.369397652097,-0.162270226277,-0.00310343342514,-0.00382501302056,0.838755065415,-0.391537076119,-0.391537076119,0.359738947346,-0.101569925499,-0.0127208192932,0.0727069409031,0.00104356963581,0.0121777102991,-0.0449210004906,4,0
1310,2.62,1,-0.205419480801,0,-1.11925292015,0,0,-0.196413498821,0.10228476234,-0.205419484064,0.124588988462,0.0190552335682,-0.0703663452266,-2.05401779149,0.8729868915,-1.11925289708,-3.62738567047e-05,-0.00342583890107,-0.205334843328,0.146096063675,-2.93206970572e-06,0.00073301742643,-0.205371117184,-0.196213295647,0.0979025345834,0.142670224774,-0.212986724098,0.101594211287,-0.00761560691377,-0.0410760134863,-0.792579897357,-1.11925289708,-1.11925289708,-0.186364250496,0.054222643235,0.0190552335682,-0.0703663452266,0.0090059852437,-0.0223042261211,-0.0617780029044,4,0
1310,2.62,2,0.369128882885,0,0.216751530766,0,0,0.370516873418,-0.127855949804,0.369128893198,-0.135708721893,-0.0111735801911,0.0679304211407,-0.00939796434909,0.224203722848,0.216751525718,-2.4142115556e-06,-9.26399125295e-05,0.369123002833,-0.139093219351,3.66508713695e-06,-0.000916271784242,0.369120588621,0.370266619457,-0.122378165101,-0.139185859264,0.370454879403,-0.127858532888,0.00133429078201,0.0113273263753,3.25588707964,0.216751525718,0.216751525718,0.357955313007,-0.0677783007525,-0.0111735801911,0.0679304211407,0.00138798021949,0.00785277208881,-0.00194576721915,4,0
1320,2.64,1,-0.203651607037,0,-0.322584331036,0,0,-0.194795988799,0.0619430491975,-0.203651608355,0.066809223549,0.0179448018377,-0.0526015052594,-1.34841093745,0.948300214882,-0.32258433624,-4.72867814908e-05,-0.00427795776757,-0.203557431382,0.0879704687293,-1.71559602644e-06,0.000428899006606,-0.203604718163,-0.194674819529,0.0592979377656,0.0836925109617,-0.205368338618,0.0615025346217,-0.0017636204545,-0.02218997634,0.0307042982317,-0.32258433624,-0.32258433624,-0.185706806517,0.0142077182896,0.0179448018377,-0.0526015052594,0.00885561955591,-0.00486617435151,-0.0775263863274,4,0
1320,2.64,2,0.367309778929,0,-0.112611353397,0,0,0.368494985953,-0.0774288083207,0.3673097861,-0.0668163485305,-0.0101762780008,0.0490567039864,-0.192346330182,0.099201001877,-0.11261135667,1.2559388467e-05,0.00106591411118,0.367290915128,-0.0697386483098,2.14449503516e-06,-0.000536123758794,0.367303474516,0.368343524373,-0.0741224190277,-0.0686727341986,0.36673294207,-0.0775022268159,-0.00057053244653,-0.00882949261727,1.6908720044,-0.11261135667,-0.11261135667,0.357133508099,-0.0177596445441,-0.0101762780008,0.0490567039864,0.00118519985331,-0.0106124597902,0.0194660283645,4,0
1330,2.66,1,-0.202246934175,0,-0.49412560463,0,0,-0.193724636966,0.0446067528178,-0.202246930183,0.0715479484653,0.0166735376796,-0.0729813181057,-1.63218222959,0.863280148207,-0.494125614561,-4.76919785166e-06,-0.000528719571773,-0.2022306689,0.0767386699054,-2.27625344518e-06,0.000569063361291,-0.202235438097,-0.193638708005,0.0412572902441,0.0762099503336,-0.207224591465,0.0440442547136,-0.00498915336786,-0.03216569562,-0.154255845315,-0.494125614561,-0.759526882243,-0.185573392504,-0.00143336964041,0.0166735376796,-0.0729813181057,0.00852229321746,-0.0269411956475,-0.00937519913589,4,0
1330,2.66,2,0.365788221359,0,0.181780070066,0,0,0.367155796226,-0.0557584378172,0.365788223624,-0.0780748150718,-0.00882148297507,0.0798665304417,-0.0886525213037,0.198147193882,0.181780063141,-4.47072148004e-05,-0.00398135033258,0.365874095622,-0.0595727385989,2.84531680811e-06,-0.000711329202033,0.365829388407,0.367048385032,-0.0515716095975,-0.0635540889315,0.367019639852,-0.0557641109994,0.00119025144567,0.00778997793205,2.87448062495,0.181780063141,0.181780063141,0.356966740649,0.00179171536985,-0.00882148297507,0.0798665304417,0.00136757260188,0.0223163772546,-0.0722853905629,4,0
1340,2.68,1,-0.201491132379,0,-1.11497330666,0,0,-0.193236634739,0.00220483522098,-0.201491127492,0.00532897362236,0.0154963248598,-0.0480062213255,-2.06083007648,0.853535033397,-1.11497326765,-5.55859756666e-05,-0.0051030792565,-0.201373293898,0.0332147910255,-2.82659898654e-06,0.000706649746631,-0.201428879874,-0.193236527421,-0.00206629024053,0.028111711769,-0.209612440363,0.00152250998664,-0.00818356048945,-0.0265892017824,-0.736908428082,-1.11497326765,-1.11497326765,-0.185994802633,-0.0426772477031,0.0154963248598,-0.0480062213255,0.00825449275315,-0.00312413840138,-0.092321775432,4,0
1340,2.68,2,0.365145951509,0,0.206598728895,0,0,0.366545793507,-0.00275604081206,0.365145947286,0.00901055937068,-0.00765244390987,0.0443360035608,0.0841184301191,0.163297130051,0.206598723977,2.45938152534e-05,0.00225592647905,0.365093388393,-0.00340392212216,3.53324873242e-06,-0.000883312183106,0.365117982208,0.366545659366,0.0025828660138,-0.00114799564311,0.366906014739,-0.00274103159406,0.0017880325311,-0.00159303595096,2.73734748033,0.206598723977,0.206598723977,0.357493503377,0.0533465629315,-0.00765244390987,0.0443360035608,0.0013998462207,-0.0117666001827,0.0408168361935,4,0
1350,2.7,1,-0.201773494482,0,0.38073065877,0,0,-0.193532678696,-0.024996212264,-0.201773498078,-0.0145776118292,0.0146032525056,-0.0532182400853,-0.566094197631,0.917852168589,0.380730663618,-1.84563129825e-05,-0.00158931753548,-0.201744121646,-0.0094597461388,-5.16945931117e-07,0.000129236482777,-0.201762577959,-0.193583207382,-0.0256520525194,-0.0110490636743,-0.19800093385,-0.0251823895621,0.00376164410881,-0.0141333258878,0.795486712558,0.380730663618,0.380730663618,-0.187170245572,-0.0677958519146,0.0146032525056,-0.0532182400853,0.00824081938158,-0.0104186004347,-0.0289726926604,4,0
1350,2.7,2,0.365710586309,0,-0.21056124568,0,0,0.366915848517,0.0312452685393,0.365710598125,0.0233379611541,-0.00674779100878,0.0614068570129,-0.355121148839,0.0994705322309,-0.210561252705,-2.5760654855e-05,-0.00250895738568,0.365777971727,0.0417874181627,6.46182414965e-07,-0.000161545603745,0.365752211072,0.366979009381,0.0320650688604,0.039278460777,0.364336727949,0.0311378051823,-0.00141548312276,-0.00814065559472,0.896384385475,-0.210561252705,-0.210561252705,0.358962807117,0.084744818167,-0.00674779100878,0.0614068570129,0.00120525039196,0.0079073073852,-0.0450893639031,4,0
1360,2.72,1,-0.202188774943,0,-1.36608529091,0,0,-0.194255389421,-0.0542038677039,-0.202188778825,-0.0438682526997,0.0134640723303,-0.0508512193364,-2.23172046184,0.804602465478,-1.36608533109,-3.58130833886e-05,-0.00338478457867,-0.20210489037,-0.02249203944,-3.01820493126e-06,0.000754551232817,-0.202140703453,-0.194368298826,-0.0587183561957,-0.0258768240187,-0.212313104193,-0.054956272486,-0.0101724007396,-0.0290794484673,-0.921737084344,-1.36608533109,-1.36608533109,-0.188724706495,-0.0947194720361,0.0134640723303,-0.0508512193364,0.00793338940392,-0.0103356150042,-0.0610326652694,4,0
1360,2.72,2,0.366350829601,0,0.408132761717,0,0,0.367819236987,0.0677548378191,0.366350819341,0.0638732243191,-0.00544493600578,0.0545261189579,0.191067445277,0.21651754151,0.408132751616,-1.5898415052e-06,-1.51572037547e-05,0.366342879864,0.0599372138757,3.77275615987e-06,-0.000943189039971,0.366341290023,0.36796037375,0.0733979484278,0.0599220566719,0.369413262999,0.0678212555696,0.00307197297606,0.00789919889763,3.27629609276,0.408132751616,0.408132751616,0.360905883335,0.118399343277,-0.00544493600578,0.0545261189579,0.00146841764684,0.00388161350003,-0.000547764829074,4,0
1370,2.74,1,-0.203809931874,0,-0.534716188908,0,0,-0.195775886498,-0.0951312060245,-0.203809935094,-0.103073613025,0.0127764337302,-0.0302496317092,-1.52607201152,0.914346305646,-0.534716196256,-4.69725273055e-05,-0.00424942402376,-0.20371638936,-0.0820516337677,-1.72420160321e-06,0.000431050400806,-0.203763361888,-0.195968876846,-0.0977883253128,-0.0863010577915,-0.207830479234,-0.0956334807219,-0.0040671173467,-0.00933242293041,-0.00870304825822,-0.534716196256,-0.534716196256,-0.191033501364,-0.133323244734,0.0127764337302,-0.0302496317092,0.0080340485965,0.00794240700067,-0.0770095096228,4,0
1370,2.74,2,0.368531733751,0,0.0741462633014,0,0,0.369719858396,0.118914010652,0.368531726265,0.133062907017,-0.00473984928004,0.0335911520442,0.0111934685434,0.0839693256575,0.0741462641403,1.34908004265e-05,0.00115164352366,0.368510868443,0.129660481669,2.15525200076e-06,-0.000538813000194,0.368524359243,0.369961096338,0.122235409757,0.130812125192,0.36963814142,0.118910605778,0.00111378217678,-0.0119015194147,1.61745899514,0.0741462641403,0.0741462641403,0.363791876985,0.166654059061,-0.00473984928004,0.0335911520442,0.00118813213115,-0.0141488963656,0.0210165300605,4,0
1380,2.76,1,-0.205824524164,0,-0.747893035412,0,0,-0.197850296496,-0.112856838804,-0.205824522287,-0.100698256967,0.0119830984717,-0.0473150949357,-1.83246142687,0.866939731325,-0.747893038633,-6.68717819849e-06,-0.000705719574934,-0.205804051965,-0.0944884419626,-2.23537109259e-06,0.000558842773146,-0.205810739143,-0.198079244045,-0.116150302611,-0.0951941615376,-0.212989729221,-0.113487648501,-0.00717899007761,-0.018293486963,-0.179461471697,-0.747893038633,-0.952946244127,-0.193841423815,-0.148013351902,0.0119830984717,-0.0473150949357,0.00797422579098,-0.0121585818371,-0.0125754514131,4,0
1380,2.76,2,0.371023118496,0,0.364353150129,0,0,0.372312870957,0.141071051599,0.371023113339,0.123545806865,-0.00372133322741,0.0614708861134,0.12483473985,0.173633369827,0.364353146515,-4.08660727584e-05,-0.00362742192931,0.371100659186,0.14004566781,2.79421386051e-06,-0.000698553465122,0.371059793113,0.372599055399,0.145187881351,0.136418245881,0.373899447955,0.141137158974,0.00283965484209,0.0047189130929,2.70838063733,0.364353146515,0.364353146515,0.367301780112,0.185016692978,-0.00372133322741,0.0614708861134,0.00128975761727,0.0175252447343,-0.0658850368387,4,0
1390,2.78,1,-0.208508715034,0,-1.22662901878,0,0,-0.200497700247,-0.153466896905,-0.208508713933,-0.164951474247,0.0113444068916,-0.0208918572693,-2.21727451459,0.899721675733,-1.22662899241,-5.47653362073e-05,-0.00502555636886,-0.208392900066,-0.137586511967,-2.64315569048e-06,0.000660788922622,-0.208447665402,-0.200808661892,-0.157463189522,-0.142612068336,-0.218186579289,-0.154203933532,-0.00973891388689,-0.0115918651961,-0.566752326138,-1.22662899241,-1.22662899241,-0.197164307042,-0.185843331516,0.0113444068916,-0.0208918572693,0.00801101368658,0.0114845773418,-0.0909238464536,4,0
1390,2.78,2,0.374381154776,0,0.374496936798,0,0,0.375622125706,0.191833624108,0.374381140866,0.206192051635,-0.00292575666017,0.0261121157284,0.284829025469,0.130412548052,0.374496940351,2.45806022949e-05,0.00225157234564,0.374329023308,0.193944065246,3.30394460402e-06,-0.000825986150999,0.37435360391,0.376010827769,0.196828989866,0.196195637592,0.377652637115,0.19191822875,0.00329903320465,-0.00427740884132,2.44914054961,0.374496940351,0.374496940351,0.371455384206,0.232304167363,-0.00292575666017,0.0261121157284,0.0012409848399,-0.0143584275262,0.0407446331708,4,0
1400,2.8,1,-0.212165623903,0,0.12776209414,0,0,-0.203883905209,-0.178877718818,-0.212165618735,-0.183259386594,0.0109984578465,-0.024804867139,-0.895230886817,0.990708537234,0.127762090996,-2.0348819798e-05,-0.00177359169864,-0.21213135474,-0.176818674145,-5.23215128889e-07,0.000130803782219,-0.21215170356,-0.204242230921,-0.179555267311,-0.178592265844,-0.211062662474,-0.179176833704,0.00108904108582,-0.000584567860628,0.875356872449,0.127762090996,0.127762090996,-0.201167160888,-0.208064253733,0.0109984578465,-0.024804867139,0.00828171352597,0.00438166777572,-0.0322844405794,4,0
1400,2.8,2,0.378849685192,0,0.00917462725192,0,0,0.379854881967,0.223597151413,0.378849692386,0.218828515794,-0.00239074081364,0.0412518042418,-0.0998484270873,0.0700162451793,0.00917462736411,-2.22344463459e-05,-0.00217111222335,0.378908432437,0.235013430037,6.54018910418e-07,-0.000163504727604,0.378886197991,0.380302789113,0.224444087029,0.232842317814,0.379348747191,0.223576062464,0.000462549200944,-0.00926625534984,0.758488947644,0.00917462736411,0.00917462736411,0.376458951572,0.260080320035,-0.00239074081364,0.0412518042418,0.00100518958114,0.00476863561919,-0.0390068092721,4,0
1410,2.82,1,-0.215982139111,0,-1.37074136734,0,0,-0.207667458358,-0.205427272558,-0.215982137459,-0.212821498143,0.010480537715,-0.0185685661511,-2.37289134079,0.935878164763,-1.37074142482,-3.92244943386e-05,-0.00367129051835,-0.215892928818,-0.190578936095,-2.6576842681e-06,0.000664421067027,-0.215932153312,-0.208082283612,-0.209405890179,-0.194250226613,-0.226855974875,-0.20622679408,-0.0109238215624,-0.0119765674666,-0.540009105985,-1.37074142482,-1.37074142482,-0.205501599744,-0.231390064294,0.010480537715,-0.0185685661511,0.00831467910119,0.00739422558431,-0.0662717512066,4,0
1410,2.82,2,0.383416116238,0,0.543122470379,0,0,0.384584323461,0.256784093482,0.38341610715,0.257542446483,-0.00153910695162,0.0316951366383,0.387874843984,0.163201652522,0.543122442563,3.8895103143e-06,0.000450454247643,0.383399235318,0.252042075895,3.32210532239e-06,-0.000830526330596,0.383403124829,0.385102855034,0.261757365488,0.252492530143,0.387744843031,0.256915781797,0.00434171820245,0.0044232516539,2.730985076,0.543122442563,0.543122442563,0.381877000199,0.289237583121,-0.00153910695162,0.0316951366383,0.00116821631032,-0.000758353001089,0.00795405394264,4,0
1420,2.84,1,-0.220867112279,0,-0.623149096966,0,0,-0.21215578104,-0.24082042101,-0.220867109844,-0.262484229734,0.0103895957582,-0.00109708544173,-1.76324184314,1.0649254719,-0.623149096244,-4.57695840767e-05,-0.00414871967841,-0.220775265383,-0.241690701458,-1.46245637961e-06,0.000365614094905,-0.220821034967,-0.212639735831,-0.243074237817,-0.245839421136,-0.226198689059,-0.241405542177,-0.005377654092,0.00443387895931,0.33267770152,-0.623149096244,-0.623149096244,-0.210477514086,-0.263581315176,0.0103895957582,-0.00109708544173,0.00871132880452,0.0216638087241,-0.0751672749973,4,0
1420,2.84,2,0.389324396849,0,0.261877715588,0,0,0.390194726866,0.30102552886,0.389324393289,0.31515169894,-0.00122750011039,0.0143249475906,0.235121858521,0.0462276024013,0.261877717393,1.24344070172e-05,0.00106777108638,0.389304639389,0.311775910987,1.82807046628e-06,-0.000457017616573,0.389317073796,0.39079967036,0.303842799857,0.312843682073,0.391988696627,0.3011002776,0.00267162283133,-0.0117434044733,1.25607288506,0.261877717393,0.261877717393,0.388096893179,0.329476646531,-0.00122750011039,0.0143249475906,0.000870333577042,-0.0141261700801,0.0194717435294,4,0
1430,2.86,1,-0.226081490517,0,-0.963733673096,0,0,-0.217119742395,-0.256008449107,-0.226081492912,-0.262176537396,0.0102185045067,-0.0132407053571,-2.04944671675,1.06009065112,-0.96373365272,-1.45720691891e-05,-0.00142653597644,-0.226044404817,-0.252058415556,-1.85275152609e-06,0.000463187881519,-0.226058976886,-0.217634446523,-0.258741627683,-0.253484951533,-0.233955715806,-0.256709947999,-0.00789673891992,-0.00322499646606,0.0844900896898,-0.96373365272,-0.96373365272,-0.215862988405,-0.275417242753,0.0102185045067,-0.0132407053571,0.00896175051684,0.0061680882892,-0.0256224129074,4,0
1430,2.86,2,0.395493805408,0,0.507949590683,0,0,0.396399678611,0.320010563902,0.395493798033,0.309206142778,-0.00066506190455,0.0350654131425,0.34250917656,0.118128685298,0.507949583036,-2.96419600438e-05,-0.00260127905311,0.395547698224,0.320145042233,2.31593939609e-06,-0.000578984849019,0.395518056264,0.397043058777,0.323427037106,0.31754376318,0.399642556097,0.320145683798,0.0041244998329,0.0026019206176,2.10628641405,0.507949583036,0.507949583036,0.394828736128,0.344271555921,-0.00066506190455,0.0350654131425,0.000905880578816,0.0108044211243,-0.0473117211782,4,0
1440,2.88,1,-0.23187983036,0,-1.11921095848,0,0,-0.222557339644,-0.288704886602,-0.231879825474,-0.313536487798,0.0102229818567,0.00860428352738,-2.33577125735,1.12985227342,-1.11921092577,-5.22416396913e-05,-0.00479235395869,-0.231769639604,-0.287533988931,-2.05973741135e-06,0.000514934352837,-0.231821881244,-0.223137894052,-0.291822006821,-0.29232634289,-0.241267050833,-0.289484457902,-0.00944516958922,0.00284188498802,0.0598112657709,-1.11921092577,-1.11921092577,-0.221656843618,-0.304932204271,0.0102229818567,0.00860428352738,0.0093224858301,0.0248316011959,-0.0867080581597,4,0
1440,2.88,2,0.402399808168,0,0.503153204918,0,0,0.403196675221,0.360881110542,0.40239981804,0.374760803529,-0.000328762848518,0.00640445405778,0.466782776928,0.071656471185,0.50315319536,2.13148660638e-05,0.00194959990433,0.402355017649,0.364288441347,2.57467174791e-06,-0.000643667936972,0.402376332515,0.403922368235,0.36477751079,0.366238041251,0.406786249357,0.361030676131,0.00440991684135,-0.0052073651205,1.76553169575,0.50315319536,0.50315319536,0.402071055191,0.381165257586,-0.000328762848518,0.00640445405778,0.000796857181628,-0.013879692987,0.0352860527535,4,0
1450,2.9,1,-0.23840893805,0,-0.101589344442,0,0,-0.2285761412,-0.308314656423,-0.238408933849,-0.326373883219,0.0104404212009,0.00499730357406,-1.37120653035,1.22779343177,-0.101589347288,-2.58259763451e-05,-0.00230407273958,-0.238360622328,-0.316121899533,-4.26291442535e-07,0.000106572860637,-0.238386448304,-0.229193250051,-0.308874144313,-0.318425972272,-0.239635131389,-0.308775447681,-0.00124868308537,0.00965052459112,1.2022925369,-0.101589347288,-0.101589347288,-0.227968512648,-0.321376579645,0.0104404212009,0.00499730357406,0.00983279264954,0.0180592267963,-0.0418237512916,4,0
1450,2.9,2,0.410148203373,0,0.241273328662,0,0,0.410720177209,0.385393322661,0.410148217582,0.383963330271,-0.000187576059181,0.0177573963791,0.190118339252,0.0253234489024,0.241273324768,-1.46650090266e-05,-0.00143849093003,0.410187590863,0.394901156337,5.32864300851e-07,-0.000133216075217,0.410172925854,0.411491563278,0.386092682521,0.393462665407,0.412516640648,0.385468175304,0.00234371479403,-0.00799449010304,0.465447048958,0.241273324768,0.241273324768,0.409960641522,0.40172072665,-0.000187576059181,0.0177573963791,0.000571959627709,0.00142999239032,-0.0258315366136,4,0
1460,2.92,1,-0.24507369101,0,-1.15481948853,0,0,-0.234898293726,-0.328036450309,-0.245073686347,-0.349402911649,0.0105523116248,0.0113203413146,-2.45324969849,1.2283486525,-1.15481950783,-4.17726409764e-05,-0.00387882444266,-0.244981396126,-0.326830355377,-1.89460717037e-06,0.000473651792592,-0.245023168767,-0.235557204763,-0.330876473637,-0.33070917982,-0.254723609445,-0.328862505131,-0.00970044067732,0.00184667468859,0.271753528762,-1.15481950783,-1.15481950783,-0.234521374722,-0.338082570335,0.0105523116248,0.0113203413146,0.010175392621,0.0213664613401,-0.0700815381501,4,0
1460,2.92,2,0.417999535799,0,0.619569420815,0,0,0.418622867909,0.410045564841,0.417999533107,0.414085795693,0.000152186048821,0.00851741914409,0.550544345975,0.0818690327655,0.619569417602,7.18376190904e-06,0.00071654242822,0.417978874341,0.408238651192,2.36825894318e-06,-0.000592064735794,0.417986058103,0.419446506708,0.413595593971,0.408955193621,0.423095938701,0.41023194279,0.00510988059794,0.00127674916983,1.77107597522,0.619569417602,0.619569417602,0.418151719155,0.422603214838,0.000152186048821,0.00851741914409,0.000623334802046,-0.00404023085273,0.012843961138,4,0
1470,2.94,1,-0.252481430769,0,-0.602800607681,0,0,-0.241724436724,-0.352487933953,-0.252481445029,-0.382077619463,0.0109616985258,0.022386905768,-2.0251330484,1.34805039498,-0.602800609336,-4.50657419547e-05,-0.00410183885182,-0.252389533628,-0.360952270577,-9.6682296874e-07,0.000241705742182,-0.25243459937,-0.242430944736,-0.353979123558,-0.365054109429,-0.257953353224,-0.353164138808,-0.00551875385369,0.0118899706214,0.972507952351,-0.602800609336,-0.602800609336,-0.241519746504,-0.359690713695,0.0109616985258,0.022386905768,0.0107570083057,0.0295896855101,-0.0742820440845,4,0
1470,2.94,2,0.426796913147,0,0.424324810505,0,0,0.427155546692,0.440609919118,0.426796915532,0.452907263946,0.000102768385312,-0.00329387017907,0.446045325165,-0.0038611981178,0.424324822242,1.12310377414e-05,0.000981434097421,0.426777587857,0.449202191785,1.20852869895e-06,-0.000302132174735,0.426788818894,0.428038681711,0.442473906105,0.450183625882,0.430717579444,0.44075833715,0.00392876054921,-0.00942528873259,0.6626219973,0.424324822242,0.424324822242,0.426899683918,0.449613393767,0.000102768385312,-0.00329387017907,0.000358631159553,-0.0122973448277,0.0178593048051,4,0
1480,2.96,1,-0.260097295046,0,-0.828137695789,0,0,-0.248872592338,-0.362587460023,-0.260097286977,-0.382220267502,0.0113122374754,0.0150812271374,-2.25074682387,1.37712507142,-0.828137691238,-2.67878017197e-05,-0.00252130020549,-0.260036405574,-0.366916749197,-1.18220578493e-06,0.000295551446235,-0.260063193375,-0.249599488851,-0.3643349109,-0.369438049403,-0.267217932478,-0.363351849196,-0.00715473910227,0.00608620020698,0.873399378746,-0.828137691238,-0.828137691238,-0.248785049502,-0.367139040364,0.0113122374754,0.0150812271374,0.0112246946393,0.0196328074788,-0.045484061218,4,0
1480,2.96,2,0.435778528452,0,0.58756172657,0,0,0.436090741242,0.453234326587,0.435778515107,0.450587541767,0.000202797590095,0.00833626022659,0.531750518781,0.0349819473482,0.587561742295,-1.33398126369e-05,-0.00114175200875,0.435800779798,0.454658919286,1.47775721498e-06,-0.000369439303752,0.435787439985,0.436999361886,0.45541864016,0.453517167277,0.440687592222,0.453425862045,0.00490015223716,-9.13052328304e-05,1.13504232619,0.587561742295,0.587561742295,0.435981312697,0.458923801993,0.000202797590095,0.00833626022659,0.000312226134731,0.0026467848206,-0.0208292761664,4,0
1490,2.98,1,-0.268074095249,0,-0.862682342529,0,0,-0.256320231525,-0.382370131269,-0.268074101998,-0.412433390799,0.0117748568839,0.0279182620427,-2.39849284722,1.45324156655,-0.862682330068,-4.9743968273e-05,-0.00456363179305,-0.267969270788,-0.387684015242,-1.16096014713e-06,0.00029024003678,-0.268019014756,-0.257086752303,-0.384131109184,-0.392247647035,-0.275586149556,-0.383172877853,-0.0075671347998,0.00907476918162,0.987546354563,-0.862682330068,-0.862682330068,-0.256299245114,-0.384515128757,0.0117748568839,0.0279182620427,0.0117538704726,0.0300632595304,-0.0825689505971,4,0
1490,2.98,2,0.445234805346,0,0.569306433201,0,0,0.445400290254,0.477962665334,0.445234811772,0.490218251234,0.000139245468709,-0.00957433905103,0.60260722049,-0.00444878047935,0.569306410172,1.74321065825e-05,0.00159406658593,0.445198306718,0.48168758917,1.45120016282e-06,-0.000362800040707,0.445215738824,0.44635844123,0.480163887697,0.483281655755,0.45017329704,0.478161540617,0.00495755821553,-0.00512011513824,0.768246202646,0.569306410172,0.569306410172,0.44537405724,0.480643912183,0.000139245468709,-0.00957433905103,0.000165478482741,-0.0122555858996,0.0288520298387,4,0
1500,3,1,-0.276455581188,0,-0.24492585659,0,0,-0.264102011597,-0.393052481617,-0.276455586929,-0.418866943759,0.0123535753321,0.0258144621418,-1.84420148859,1.54122449388,-0.244925856199,-3.52440720308e-05,-0.00320526729209,-0.276384079048,-0.402476636548,-1.13712793792e-07,2.84281984455e-05,-0.27641932312,-0.26488820342,-0.393181195808,-0.40568190384,-0.278960801338,-0.393671597856,-0.00254147821764,0.0120103059834,1.7482956394,-0.244925856199,-0.244925856199,-0.264102011597,-0.393052481617,0.0123535753321,0.0258144621418,0.0123535753321,0.0258144621418,-0.0580511385033,4,0
1500,3,2,0.455177247524,0,0.410733222961,0,0,0.455127515367,0.491315603067,0.45517724373,0.495534631382,-4.97283631924e-05,-0.00421902831455,0.446830167905,-0.0405414092569,0.410733225062,-2.26771284339e-06,-0.000250566596751,0.455185931046,0.49832690032,1.42140989701e-07,-3.55352474183e-05,0.455183663334,0.456110255147,0.491476495803,0.498076333723,0.458881619777,0.491472024085,0.00369795644381,-0.00660430963894,-0.109691724731,0.410733225062,0.410733225062,0.455127515367,0.491315603067,-4.97283631924e-05,-0.00421902831455,-4.97283631924e-05,-0.00421902831455,-0.00444446641395,4,0
1510,3.02,1,-0.284858256578,0,-0.747887253761,0,0,-0.272024331032,-0.4009742828,-0.28485826915,-0.426324567632,0.0128339381172,0.0253502848323,-2.3889914075,1.57026212754,-0.747887227475,-4.24387092719e-05,-0.00391836376855,-0.284766648735,-0.40427419066,-7.31441395674e-07,0.000182860348921,-0.284809087444,-0.272827384346,-0.402075237879,-0.408192554429,-0.291308762409,-0.401777800774,-0.00649967496458,0.00641475365489,1.38285061811,-0.747887227475,-0.747887227475,-0.272024331032,-0.4009742828,0.0128339381172,0.0253502848323,0.0128339381172,0.0253502848323,-0.070842052477,4,0
1510,3.02,2,0.465129137039,0,0.601528406143,0,0,0.46503041468,0.501217854335,0.465129131168,0.506471365377,-9.87164882917e-05,-0.00525351104241,0.630541981722,-0.0160887867609,0.601528383625,7.51305816619e-06,0.000717644010492,0.465110580636,0.501613671337,9.14301721611e-07,-0.000228575430401,0.465118093694,0.466034231324,0.50259404815,0.502331315347,0.470168304486,0.501431933077,0.00505021079147,-0.00089938227021,0.451745980144,0.601528383625,0.601528383625,0.46503041468,0.501217854335,-9.87164882917e-05,-0.00525351104241,-9.87164882917e-05,-0.00525351104241,0.0129248113358,4,0
1520,3.04,1,-0.29353120923,0,-0.488454848528,0,0,-0.280138475719,-0.409199843274,-0.293531213863,-0.437028899547,0.0133927381439,0.0278290562724,-2.21424305541,1.6519975093,-0.488454849105,-4.45436213196e-05,-0.00407739510687,-0.29343833167,-0.4152563603,-2.25749609672e-07,5.64374024243e-05,-0.293482875292,-0.280957244929,-0.409553916772,-0.419333755406,-0.297944665183,-0.409941767835,-0.00446178989135,0.00939198757128,1.78888607981,-0.488454849105,-0.488454849105,-0.280138475719,-0.409199843274,0.0133927381439,0.0278290562724,0.0133927381439,0.0278290562724,-0.0737906970034,4,0
1520,3.04,2,0.475453585386,0,0.514366030693,0,0,0.475173095552,0.511499804613,0.475453581748,0.520471208626,-0.000280486195364,-0.00897140401279,0.590884856436,-0.0600331643909,0.514366044675,1.00961979256e-05,0.000909198585556,0.475433827485,0.516097363775,2.82186999156e-07,-7.05467497911e-05,0.475443923683,0.476196557065,0.511942396465,0.51700656236,0.479951459857,0.511698903126,0.00450753617371,-0.00530765923416,-0.146908900312,0.514366044675,0.514366044675,0.475173095552,0.511499804613,-0.000280486195364,-0.00897140401279,-0.000280486195364,-0.00897140401279,0.0164856473706,4,0
1530,3.06,1,-0.302253842354,0,-0.58699631691,0,0,-0.288342340189,-0.411295589922,-0.302253833506,-0.436667332984,0.0139114933166,0.0253717430628,-2.35886629509,1.70339027449,-0.58699632667,-4.10042024592e-05,-0.00378793044151,-0.302165599141,-0.415443398679,-2.60073831915e-07,6.50184579742e-05,-0.302206603343,-0.28916531584,-0.41168288075,-0.41923132912,-0.307395816247,-0.412089484757,-0.00518921290403,0.00714184436281,1.82821897655,-0.58699632667,-0.58699632667,-0.288342340189,-0.411295589922,0.0139114933166,0.0253717430628,0.0139114933166,0.0253717430628,-0.0684796939364,4,0
1530,3.06,2,0.48584061861,0,0.570850551128,0,0,0.485427926149,0.514119487798,0.485840613146,0.520487262036,-0.000412686997483,-0.00636777423757,0.644938329407,-0.0646341685311,0.570850578342,5.40140514267e-06,0.0005260320466,0.485826958087,0.516813889228,3.25092272435e-07,-8.12730681057e-05,0.485832359492,0.486456645713,0.514603601309,0.517339921274,0.490714454372,0.514339759808,0.00488209488063,-0.00300016146665,-0.115130281913,0.570850578342,0.570850578342,0.485427926149,0.514119487798,-0.000412686997483,-0.00636777423757,-0.000412686997483,-0.00636777423757,0.009453582533,4,0
1540,3.08,1,-0.311064004898,0,-0.506819665432,0,0,-0.296603363338,-0.414281620041,-0.311063991568,-0.442739219054,0.0144606282302,0.0284575990134,-2.3604595474,1.77465234418,-0.506819676462,-4.75750587961e-05,-0.00436581971698,-0.310963775061,-0.419054586397,-4.06187920521e-08,1.01546980132e-05,-0.31101135012,-0.297432003883,-0.41435073652,-0.423420406114,-0.315582679974,-0.415072424901,-0.00457132985442,0.00834798121353,2.05075833882,-0.506819676462,-0.506819676462,-0.296603363338,-0.414281620041,0.0144606282302,0.0284575990134,0.0144606282302,0.0284575990134,-0.0789875267606,4,0
1540,3.08,2,0.496360719204,0,0.533275663853,0,0,0.49575420509,0.517852025118,0.49636071715,0.529043012328,-0.000606512060434,-0.0111909872103,0.655409210696,-0.0987188968701,0.533275668284,1.41369798403e-05,0.0012937715883,0.496331174686,0.522115475082,5.07734681521e-08,-1.26933670342e-05,0.496345311665,0.496790005771,0.517938420683,0.52340924667,0.501011698873,0.518071087359,0.00466638720701,-0.00533815931157,-0.484569881895,0.533275668284,0.533275668284,0.49575420509,0.517852025118,-0.000606512060434,-0.0111909872103,-0.000606512060434,-0.0111909872103,0.0234146455422,4,0
1550,3.1,1,-0.319919705391,0,-0.535296916962,0,0,-0.30488632818,-0.413805880856,-0.319919711913,-0.442920373635,0.0150333837331,0.0291144927796,-2.45930942412,1.8462236564,-0.53529690358,-4.67407239648e-05,-0.00430091532115,-0.319820290625,-0.419212820769,5.28844751324e-09,-1.32211188042e-06,-0.319867031349,-0.305713936507,-0.413800196846,-0.423513736091,-0.324697937691,-0.414631364585,-0.00483090634255,0.00888237150526,2.16175345893,-0.53529690358,-0.53529690358,-0.30488632818,-0.413805880856,0.0150333837331,0.0291144927796,0.0150333837331,0.0291144927796,-0.0777888641397,4,0
1550,3.1,2,0.506939530373,0,0.543286144733,0,0,0.506107911141,0.517257350933,0.506939504473,0.529001209253,-0.000831593331284,-0.0117438583203,0.692932882254,-0.127771262624,0.543286137152,1.30572291858e-05,0.00121053090469,0.506910926228,0.522015336965,-6.61056209772e-09,1.65264052665e-06,0.506923983457,0.507142421549,0.517250245918,0.52322586787,0.51169036438,0.517489953151,0.00476638092288,-0.00573591471868,-0.639945195132,0.543286137152,0.543286137152,0.506107911141,0.517257350933,-0.000831593331284,-0.0117438583203,-0.000831593331284,-0.0117438583203,0.0218754824787,4,0
1560,3.12,1,-0.328790992498,0,-0.380017966032,0,0,-0.313151717021,-0.411917171718,-0.328790987193,-0.442600142332,0.0156392701722,0.0306829706137,-2.38609001916,1.92497651978,-0.38001796454,-4.88691081102e-05,-0.00448204163019,-0.328688310454,-0.418379333044,3.32535990466e-07,-8.3133997615e-05,-0.328737179562,-0.313975071022,-0.411427598836,-0.422861374674,-0.332326714464,-0.412716129945,-0.00358953490156,0.0101452447294,2.45488186088,-0.38001796454,-0.38001796454,-0.313151717021,-0.411917171718,0.0156392701722,0.0306829706137,0.0156392701722,0.0306829706137,-0.0810955348402,4,0
1560,3.12,2,0.517529547215,0,0.487046539783,0,0,0.516439647187,0.514896464291,0.517529536436,0.527818001165,-0.00108988924815,-0.0129215368732,0.675607976844,-0.162233297407,0.487046532004,1.59230406644e-05,0.00145443272656,0.517496573917,0.52014029655,-4.15670011744e-07,0.000103917502931,0.517512496958,0.517468839689,0.514284498154,0.521594729276,0.521840935196,0.515121517959,0.00432843823827,-0.00647321131777,-1.05447774524,0.487046532004,0.487046532004,0.516439647187,0.514896464291,-0.00108988924815,-0.0129215368732,-0.00108988924815,-0.0129215368732,0.0263281474325,4,0
1570,3.14,1,-0.33755967021,0,-0.411478668451,0,0,-0.32133039445,-0.405694474504,-0.33755967369,-0.435182826436,0.0162292792397,0.0294883519319,-2.48044410724,1.99005667677,-0.411478668192,-4.74098125164e-05,-0.004362879892,-0.33745879977,-0.411123366782,3.61342735844e-07,-9.03356839669e-05,-0.337506209583,-0.322141217902,-0.405140718859,-0.415486246674,-0.341308504772,-0.406526895768,-0.00380229518935,0.00895935090614,2.55375235818,-0.411478668192,-0.411478668192,-0.32133039445,-0.405694474504,0.0162292792397,0.0294883519319,0.0162292792397,0.0294883519319,-0.0789087622752,4,0
1570,3.14,2,0.527970254421,0,0.505867600441,0,0,0.526662993964,0.507118092456,0.52797026647,0.517723103385,-0.00130727250641,-0.0106050109283,0.706292798391,-0.1768846877,0.505867602407,1.4053288215e-05,0.00130264230915,0.527939536376,0.510218090879,-4.51678432656e-07,0.00011291960815,0.527953589664,0.527676523277,0.50642589788,0.511520733188,0.532342735718,0.507354748363,0.00438914605447,-0.00416598482582,-1.13236178378,0.505867602407,0.505867602407,0.526662993964,0.507118092456,-0.00130727250641,-0.0106050109283,-0.00130727250641,-0.0106050109283,0.0235405082837,4,0
1580,3.16,1,-0.346290498972,0,-0.341156482697,0,0,-0.329409956447,-0.402166123535,-0.346290499335,-0.437375380088,0.0168805428877,0.0352092565529,-2.51599092787,2.07963264214,-0.341156478019,-5.74922570595e-05,-0.00526020589732,-0.346170369765,-0.409202712269,5.28281089096e-07,-0.000132070272271,-0.346227862022,-0.330213538246,-0.401394688807,-0.414462918166,-0.349548236823,-0.403005218551,-0.0033203748008,0.0114576996154,2.759273029,-0.341156478019,-0.341156478019,-0.329409956447,-0.402166123535,0.0168805428877,0.0352092565529,0.0168805428877,0.0352092565529,-0.0952018077126,4,0
1580,3.16,2,0.538358151913,0,0.454078942537,0,0,0.536762446445,0.502707653623,0.538358122465,0.519941026977,-0.00159567601968,-0.0172333733543,0.721144540163,-0.221833762188,0.454078945863,2.7481106146e-05,0.00249721623326,0.538301785421,0.506973507861,-6.60351378468e-07,0.000165087844612,0.538329266527,0.537766923693,0.501743360188,0.509470724094,0.542385290464,0.50294193879,0.00405602393653,-0.00652878530407,-1.52326260921,0.454078945863,0.454078945863,0.536762446445,0.502707653623,-0.00159567601968,-0.0172333733543,-0.00159567601968,-0.0172333733543,0.0452318321122,4,0
1590,3.18,1,-0.354874938726,0,-0.130429580808,0,0,-0.33734753791,-0.390375235779,-0.354874944939,-0.42069861448,0.0175274070285,0.0303233787005,-2.36195445384,2.15423081457,-0.130429585727,-4.65457283737e-05,-0.00427232960628,-0.354776977853,-0.397525412982,9.34053141444e-07,-0.000233513285362,-0.354823523581,-0.338126879736,-0.388970372989,-0.401797742588,-0.356353378329,-0.391167145797,-0.00152985474737,0.0106305967915,3.09073228969,-0.130429585727,-0.130429585727,-0.33734753791,-0.390375235779,0.0175274070285,0.0303233787005,0.0175274070285,0.0303233787005,-0.0772940535482,4,0
1590,3.18,2,0.548524260521,0,0.4101998806,0,0,0.546684423255,0.487969043611,0.548524268212,0.496819011678,-0.00183984495714,-0.00884996806687,0.669150276648,-0.237381464179,0.410199884691,1.300863907e-05,0.00119195431727,0.54849717085,0.490435232515,-1.16756644741e-06,0.000291891611843,0.548510179489,0.547658600535,0.486212965091,0.491627186833,0.55207158179,0.48819350855,0.00356140230088,-0.00343367828292,-1.81566581172,0.410199884691,0.410199884691,0.546684423255,0.487969043611,-0.00183984495714,-0.00884996806687,-0.00183984495714,-0.00884996806687,0.0215689277778,4,0
1600,3.2,1,-0.363171130419,0,-0.697063028812,0,0,-0.3450375892,-0.38094803965,-0.363171135616,-0.415641626767,0.0181335464156,0.0346935871163,-3.00772693278,2.21217173722,-0.697063006179,-5.88380686782e-05,-0.00544970501235,-0.363042717596,-0.384397486931,1.23604536106e-07,-3.09011340295e-05,-0.363101555665,-0.345799391995,-0.380808693841,-0.389847191943,-0.369239195384,-0.381956439908,-0.00613763971963,0.00789075203543,2.6443121101,-0.697063006179,-0.697063006179,-0.3450375892,-0.38094803965,0.0181335464156,0.0346935871163,0.0181335464156,0.0346935871163,-0.0984921893838,4,0
1600,3.2,2,0.558321118355,0,0.574798047543,0,0,0.556296987343,0.476185048261,0.558321132129,0.491561184779,-0.00202414478653,-0.0153761365177,0.867994058946,-0.243300315623,0.574798054209,2.94423935357e-05,0.00276517184719,0.558253399405,0.474419432608,-1.54505672589e-07,3.86264181548e-05,0.558282841798,0.557249240833,0.476010865996,0.477184604455,0.563102658357,0.476468617886,0.00481981655876,-0.000715986568606,-1.28055383784,0.574798054209,0.574798054209,0.556296987343,0.476185048261,-0.00202414478653,-0.0153761365177,-0.00202414478653,-0.0153761365177,0.0498956891138,4,0
1610,3.22,1,-0.371441990137,0,0.0902294367552,0,0,-0.35257521262,-0.369493514733,-0.371441998683,-0.404270321977,0.0188667860632,0.0347768072444,-2.32583679015,2.32784939361,0.0902294387353,-5.33894638054e-05,-0.0048728786387,-0.371332090795,-0.378744091479,1.35343117846e-06,-0.000338357794621,-0.371385480259,-0.353312196449,-0.367476841238,-0.383616970118,-0.371189728709,-0.37026911957,0.000195751549954,0.0133478505482,3.55054849943,0.0902294387353,0.0902294387353,-0.35257521262,-0.369493514733,0.0188667860632,0.0347768072444,0.0188667860632,0.0347768072444,-0.0882168352699,4,0
1610,3.22,2,0.568080604076,0,0.307187974453,0,0,0.56571901659,0.461866891914,0.568080582994,0.474918161319,-0.00236156640445,-0.0130512694045,0.651770559762,-0.308533715325,0.307187969192,2.20787202251e-05,0.00198811006013,0.568037644883,0.465408556607,-1.69178899423e-06,0.000422947248556,0.568059723603,0.566640246373,0.459346050014,0.467396666667,0.570841138055,0.462080313642,0.00278141445263,-0.00531635302486,-2.49177510475,0.307187969192,0.307187969192,0.56571901659,0.461866891914,-0.00236156640445,-0.0130512694045,-0.00236156640445,-0.0130512694045,0.0360488752452,4,0
1620,3.24,1,-0.379203647375,0,-0.233583509922,0,0,-0.359758821992,-0.349628750685,-0.379203651677,-0.377826841032,0.0194448296851,0.0281980903478,-2.67699651579,2.36077552903,-0.233583503266,-4.94458804686e-05,-0.0045714921526,-0.379096586348,-0.351919318669,9.01620782368e-07,-0.000225405195595,-0.379146032228,-0.36045665224,-0.348238908538,-0.356490810821,-0.381341011516,-0.350528008581,-0.00219497928721,0.00596280223997,3.32216140939,-0.233583503266,-0.233583503266,-0.359758821992,-0.349628750685,0.0194448296851,0.0281980903478,0.0194448296851,0.0281980903478,-0.0826374834915,4,0
1620,3.24,2,0.577167272568,0,0.442903220654,0,0,0.574698528272,0.437035936574,0.577167270375,0.442196745545,-0.00246874210252,-0.0051608089708,0.748731560242,-0.276688308249,0.442903219511,1.71496053363e-05,0.00161545676614,0.577127510391,0.43205098008,-1.12702598876e-06,0.000281756497184,0.577144659996,0.575570816079,0.435298633874,0.433666436846,0.580684731623,0.437285361714,0.00354007162644,0.00361892486765,-1.98200372215,0.442903219511,0.442903219511,0.574698528272,0.437035936574,-0.00246874210252,-0.0051608089708,-0.00246874210252,-0.0051608089708,0.0291400324829,4,0
1630,3.26,1,-0.386812418699,0,-0.0105967279524,0,0,-0.366667321765,-0.340933422892,-0.38681240877,-0.380925899336,0.0201450870043,0.0399924764444,-2.59885424521,2.46914103514,-0.0105967275021,-7.22491976818e-05,-0.00657778978826,-0.386663737984,-0.346535870138,1.24819376257e-06,-0.000312048440649,-0.386735987182,-0.36734740047,-0.339103206988,-0.353113659927,-0.387295989461,-0.341792950713,-0.000560002279769,0.011320709214,3.65859496898,-0.0105967275021,-0.0105967275021,-0.366667321765,-0.340933422892,0.0201450870043,0.0399924764444,0.0201450870043,0.0399924764444,-0.119116482567,4,0
1630,3.26,2,0.586104810238,0,0.29730629921,0,0,0.583334152952,0.426166776729,0.586104825233,0.447398976033,-0.00277067228077,-0.0212321993038,0.722384990404,-0.348111553214,0.29730630841,4.70629997909e-05,0.00424568955129,0.586010614659,0.426178804865,-1.56024221765e-06,0.000390060554415,0.586057677658,0.584184251329,0.423879006828,0.430424494416,0.588703313673,0.426390491759,0.00264563601412,-0.00403400265693,-2.71536064927,0.29730630841,0.29730630841,0.583334152952,0.426166776729,-0.00277067228077,-0.0212321993038,-0.00277067228077,-0.0212321993038,0.0769671287805,4,0
1640,3.28,1,-0.394042044878,0,0.29812374711,0,0,-0.373253096292,-0.315893203377,-0.394042043457,-0.343028458399,0.0207889471652,0.0271352550221,-2.30920836501,2.53127154001,0.298123757806,-4.57922018517e-05,-0.00420428000329,-0.393945715769,-0.320221351094,1.78771242171e-06,-0.000446928105423,-0.39399150797,-0.373882170601,-0.313196370419,-0.324425631097,-0.391830408865,-0.316667258067,0.00216109910548,0.00775837302952,4.04977051441,0.298123757806,0.298123757806,-0.373253096292,-0.315893203377,0.0207889471652,0.0271352550221,0.0207889471652,0.0271352550221,-0.0760605828081,4,0
1640,3.28,2,0.594533443451,0,0.24919423461,0,0,0.59156637107,0.394866502072,0.594533471967,0.39791244423,-0.00296710089666,-0.00304594215812,0.614611237249,-0.344813898757,0.249194238693,1.24095653065e-05,0.00113877895374,0.594507671875,0.391801453986,-2.23464054372e-06,0.000558660135939,0.59452008144,0.592352713953,0.39149546085,0.39294023294,0.596507859909,0.395072397441,0.00198777846825,0.00213216450068,-2.9136560043,0.249194238693,0.249194238693,0.59156637107,0.394866502072,-0.00296710089666,-0.00304594215812,-0.00296710089666,-0.00304594215812,0.0206030997987,4,0
1650,3.3,1,-0.400672912598,0,-0.740912973881,0,0,-0.379353937921,-0.298735904813,-0.400672904218,-0.332582858827,0.0213189662974,0.0338469540135,-3.41839015897,2.56109063834,-0.740912956127,-6.93076397793e-05,-0.00644246860373,-0.400519521893,-0.294874165193,2.25906853779e-07,-5.64767134497e-05,-0.400588829533,-0.379951238682,-0.298480950359,-0.301316633797,-0.406822945293,-0.299880446787,-0.0062341157598,0.00143618700982,3.09519106403,-0.740912956127,-0.740912956127,-0.379353937921,-0.298735904813,0.0213189662974,0.0338469540135,0.0213189662974,0.0338469540135,-0.116386564497,4,0
1650,3.3,2,0.602247834206,0,0.544416487217,0,0,0.599192423061,0.373419878718,0.602247857652,0.389265845348,-0.00305543459016,-0.0158459666298,0.94899143537,-0.330709574452,0.544416468241,4.34815634582e-05,0.00409480828086,0.602146794964,0.363518502136,-2.82383569195e-07,7.05958923093e-05,0.602190276528,0.599939049008,0.373101185648,0.367613310417,0.60647250106,0.373723215301,0.00428222453181,0.00610990488472,-1.77329887905,0.544416468241,0.544416468241,0.599192423061,0.373419878718,-0.00305543459016,-0.0158459666298,-0.00305543459016,-0.0158459666298,0.0738653926777,4,0
1660,3.32,1,-0.407230049372,0,0.569455206394,0,0,-0.385187247832,-0.279199572241,-0.407230047199,-0.311345767972,0.0220427993668,0.0321461957305,-2.21638456852,2.69150313321,0.569455234131,-5.72673358555e-05,-0.00520883380945,-0.407113885295,-0.284677649919,2.19898056375e-06,-0.000549745140941,-0.40717115263,-0.385742380446,-0.275917071287,-0.289886483729,-0.402840332608,-0.27993511744,0.0043308200224,0.00995136628841,4.48936369713,0.569455234131,0.569455234131,-0.385187247832,-0.279199572241,0.0220427993668,0.0321461957305,0.0220427993668,0.0321461957305,-0.0943366694355,4,0
1660,3.32,2,0.609903097153,0,0.0952983945608,0,0,0.606484060404,0.348999462849,0.609903109427,0.360646984397,-0.00341904902362,-0.0116475215478,0.561883875746,-0.422120778314,0.0952983929458,2.73918787315e-05,0.00245034148558,0.60985142613,0.349499094512,-2.7487257207e-06,0.000687181430172,0.609878818008,0.607177976165,0.344896336632,0.351949435998,0.610788413995,0.349178810915,0.000909595986309,-0.00277062508226,-3.6473569312,0.0952983929458,0.0952983929458,0.606484060404,0.348999462849,-0.00341904902362,-0.0116475215478,-0.00341904902362,-0.0116475215478,0.0444647044857,4,0
1670,3.34,1,-0.412931293249,0,-0.0122847231105,0,0,-0.39044510588,-0.248266350606,-0.41293129098,-0.26896830926,0.0224861850996,0.0207019586533,-2.77915016549,2.68099701039,-0.0122847229245,-5.1224646736e-05,-0.00475208125044,-0.412818964059,-0.241511683622,1.32508799844e-06,-0.000331271999614,-0.412870188705,-0.390939534482,-0.246220485039,-0.246263764873,-0.412850222552,-0.249199897134,1.99661531985e-05,-0.00293613226167,3.95518324085,-0.0122847229245,-0.0122847229245,-0.39044510588,-0.248266350606,0.0224861850996,0.0207019586533,0.0224861850996,0.0207019586533,-0.0858684321804,4,0
1670,3.34,2,0.616471290588,0,0.324965059757,0,0,0.613056382912,0.3103329356,0.616471315073,0.31023073119,-0.00341493216169,0.000102204409743,0.712591784852,-0.353531774249,0.324965055285,1.99186353293e-05,0.00189191108343,0.616423770987,0.297852018321,-1.65636000571e-06,0.000414090001438,0.616443689622,0.613674418659,0.307775603629,0.299743929405,0.618700723955,0.310568116477,0.0022570343327,0.0108241870722,-2.64103825345,0.324965055285,0.324965055285,0.613056382912,0.3103329356,-0.00341493216169,0.000102204409743,-0.00341493216169,0.000102204409743,0.0340949553182,4,0
1680,3.36,1,-0.418384492397,0,0.272210210562,0,0,-0.395287502398,-0.235530582201,-0.418384478047,-0.273880171001,0.0230969756493,0.0383495888002,-2.59779948411,2.79121044144,0.272210214813,-8.49370021198e-05,-0.00772196222761,-0.418210571776,-0.233858555121,1.80639482444e-06,-0.00045159870611,-0.418295508778,-0.395755969393,-0.232878701483,-0.241580517349,-0.415734838418,-0.236382554535,0.00256067036089,0.00519796281424,4.31725767607,0.272210214813,0.333270257377,-0.395287502398,-0.235530582201,0.0230969756493,0.0383495888002,0.0230969756493,0.0383495888002,-0.139859300049,4,0
1680,3.36,2,0.62282204628,0,0.0983224585652,0,0,0.619109378505,0.29441322502,0.622822064925,0.318918718697,-0.00371268642017,-0.0245054936769,0.648519072884,-0.445967512855,0.0983224616858,6.37313784543e-05,0.00574954210502,0.62269465999,0.290280876756,-2.25799354048e-06,0.000564498385118,0.622758391369,0.619694962244,0.291098374108,0.296030418861,0.623637267375,0.294601887056,0.000878876005887,-0.00142853180413,-3.64802328007,0.0983224616858,0.0983224616858,0.619109378505,0.29441322502,-0.00371268642017,-0.0245054936769,-0.00371268642017,-0.0245054936769,0.104229098344,4,0
1690,3.38,1,-0.423296242952,0,0.696433126926,0,0,-0.399668240109,-0.200485154056,-0.423296253267,-0.21931723157,0.0236280131578,0.0188320775138,-2.21048215748,2.83202929345,0.696433108611,-4.50774404405e-05,-0.00413944400491,-0.423201504262,-0.196871370507,2.40976194266e-06,-0.000602440485668,-0.423246581702,-0.400065546238,-0.196845743162,-0.201010814512,-0.417434031595,-0.201225395368,0.00581255010743,-0.000214580856233,4.77523586943,0.696433108611,0.696433108611,-0.399668240109,-0.200485154056,0.0236280131578,0.0188320775138,0.0236280131578,0.0188320775138,-0.0748859726431,4,0
1690,3.38,2,0.628456532955,0,0.0490450151265,0,0,0.624585300588,0.250606439664,0.628456519344,0.248805919929,-0.00387121875631,0.00180051973561,0.499012440098,-0.430199861286,0.0490450143453,1.18948819986e-05,0.00109273419513,0.628431878201,0.24295033786,-3.01220243892e-06,0.000753050609728,0.628443773083,0.625081933244,0.246057176031,0.244043072055,0.628572086382,0.250772555739,0.000128313299382,0.00672948368388,-3.74135012394,0.0490450143453,0.0490450143453,0.624585300588,0.250606439664,-0.00387121875631,0.00180051973561,-0.00387121875631,0.00180051973561,0.0197675644659,4,0
1700,3.4,1,-0.427365273237,0,-0.688017785549,0,0,-0.403389468406,-0.177820592561,-0.427365281752,-0.204209483528,0.0239758133465,0.026388890967,-3.63983737493,2.82300092205,-0.688017789477,-7.6597642055e-05,-0.00713199475805,-0.427194772154,-0.162123148834,2.98941470966e-07,-7.47353677421e-05,-0.427271369797,-0.403744882939,-0.177483060468,-0.169255143592,-0.432597249715,-0.179037583449,-0.00532587991828,-0.00978243985662,3.42812236078,-0.688017789477,-0.688017789477,-0.403389468406,-0.177820592561,0.0239758133465,0.026388890967,0.0239758133465,0.026388890967,-0.128818663403,4,0
1700,3.4,2,0.633105874062,0,0.439159989357,0,0,0.629236835899,0.222275737704,0.633105859215,0.236838647378,-0.00386902331508,-0.0145629096738,0.925716697354,-0.39627239901,0.439159997193,5.31229300238e-05,0.00500529366168,0.63298227836,0.205359354473,-3.73676839915e-07,9.3419209991e-05,0.63303540129,0.62968110406,0.221853822586,0.210364648135,0.636186706786,0.222565315658,0.00315130549648,0.012200667523,-2.13123414353,0.439159997193,0.439159997193,0.629236835899,0.222275737704,-0.00386902331508,-0.0145629096738,-0.00386902331508,-0.0145629096738,0.0902843011515,4,0
1710,3.42,1,-0.431363105774,0,0.994497299194,0,0,-0.40676272161,-0.152733511151,-0.43136309508,-0.179561034188,0.0246003734699,0.0268275230371,-2.07393654499,2.96678821835,0.994497270879,-6.19890924681e-05,-0.00560898073502,-0.431239406732,-0.15155399293,2.75963772994e-06,-0.000689909432479,-0.431301395825,-0.40706408197,-0.148610452063,-0.157162973665,-0.423169994656,-0.153417147528,0.00813140116829,0.00374582613694,5.15203780678,0.994497270879,0.994497270879,-0.40676272161,-0.152733511151,0.0246003734699,0.0268275230371,0.0246003734699,0.0268275230371,-0.101645597514,4,0
1710,3.42,2,0.637701809406,0,-0.147528707981,0,0,0.633453402344,0.190916885853,0.637701782698,0.201884776099,-0.00424838035369,-0.0109678902464,0.418002258932,-0.511245724507,-0.147528705775,3.37231991994e-05,0.00298814912215,0.637639891991,0.188892773314,-3.44954717091e-06,0.000862386792741,0.637673615191,0.633830102789,0.18576306198,0.191880922436,0.63647912451,0.19104295761,-0.00119449068036,-0.000837964826364,-4.48754526659,-0.147528705775,-0.147528705775,0.633453402344,0.190916885853,-0.00424838035369,-0.0109678902464,-0.00424838035369,-0.0109678902464,0.0542852402007,4,0
1720,3.44,1,-0.434278458357,0,0.223767131567,0,0,-0.409413638661,-0.114739431771,-0.434278471034,-0.125370838071,0.0248648323727,0.0106314062999,-2.77591513786,2.91281299345,0.223767132049,-5.17177988121e-05,-0.00480871619346,-0.434164127588,-0.0972403528547,1.57688145502e-06,-0.000394220363756,-0.434215845387,-0.409640609179,-0.11230259796,-0.102049069048,-0.431783517578,-0.11567151006,0.00243232780922,-0.0136224410115,4.3751287627,0.223767132049,0.223767132049,-0.409413638661,-0.114739431771,0.0248648323727,0.0106314062999,0.0248648323727,0.0106314062999,-0.0868692764673,4,0
1720,3.44,2,0.640916287899,0,0.157243356109,0,0,0.636767048595,0.143424286524,0.640916309067,0.137927554946,-0.00414926047198,0.0054967315787,0.603072372445,-0.410092995541,0.157243358525,2.07703514553e-05,0.00198425693125,0.640865752743,0.12459124072,-1.97110182198e-06,0.000492775455487,0.640886523095,0.637050761737,0.140378244254,0.126575497652,0.64148665778,0.143620936907,0.000600134685409,0.0170454392553,-3.06684280085,0.157243358525,0.157243358525,0.636767048595,0.143424286524,-0.00414926047198,0.0054967315787,-0.00414926047198,0.0054967315787,0.0357360183794,4,0
1730,3.46,1,-0.436860442162,0,0.379546940327,0,0,-0.411562567993,-0.0996132242964,-0.436860446911,-0.131151263291,0.0252978789179,0.0315380389946,-2.51537132133,3.00515688985,0.379546935297,-9.25327179909e-05,-0.00841546641516,-0.436670658224,-0.0874141850783,2.13056570025e-06,-0.000532641425058,-0.436763190942,-0.411758730336,-0.0964832471414,-0.0958296514935,-0.431219754074,-0.100432273716,0.00554343686782,-0.00460262222302,4.56302329708,0.379546935297,0.642199313024,-0.411562567993,-0.0996132242964,0.0252978789179,0.0315380389946,0.0252978789179,0.0315380389946,-0.152413744497,4,0
1730,3.46,2,0.643840372562,0,-0.113672710955,0,0,0.639453210196,0.124516527149,0.643840345437,0.148396693711,-0.00438713524164,-0.0238801665622,0.509722773139,-0.503209590524,-0.113672710473,7.33793369868e-05,0.00663106627413,0.64369271899,0.115018063839,-2.66320712949e-06,0.000665801782375,0.643766098326,0.639698413118,0.120604055699,0.121649130113,0.642693724969,0.124651548597,-0.00107237335746,0.0030024184844,-4.18277871013,-0.113672710473,-0.113672710473,0.639453210196,0.124516527149,-0.00438713524164,-0.0238801665622,-0.00438713524164,-0.0238801665622,0.120185893088,4,0
1740,3.48,1,-0.438851326704,0,1.02580857277,0,0,-0.413170715856,-0.0591029504355,-0.438851321097,-0.0685083336579,0.025680605241,0.00940538322234,-2.08107108824,3.03291504796,1.02580853247,-4.45304537393e-05,-0.00408842035244,-0.438758013441,-0.0464336667313,2.71961114728e-06,-0.000679902786816,-0.438802543895,-0.413284780214,-0.0549924709332,-0.0505220870837,-0.429867615811,-0.0597986546003,0.00893492808378,-0.0092765675166,5.1922129803,1.02580853247,1.02580853247,-0.413170715856,-0.0591029504355,0.025680605241,0.00940538322234,0.025680605241,0.00940538322234,-0.073964572757,4,0
1740,3.48,2,0.645958006382,0,-0.163021072745,0,0,0.641463394959,0.0738786847581,0.645958010664,0.06711742384,-0.00449461570443,0.00676126091819,0.338003449338,-0.482490501477,-0.163021068393,1.11628988882e-05,0.00102442122921,0.64593529528,0.0617588465505,-3.39951393713e-06,0.000849878484293,0.645946458179,0.641605975401,0.0687405853756,0.0627832677797,0.644121026292,0.073989419397,-0.00182543188732,0.0112061516173,-4.18454742183,-0.163021068393,-0.163021068393,0.641463394959,0.0738786847581,-0.00449461570443,0.00676126091819,-0.00449461570443,0.00676126091819,0.0185340162539,4,0
1750,3.5,1,-0.43984401226,0,-0.530324578285,0,0,-0.414030221517,-0.033867467207,-0.439844001989,-0.0493891389043,0.0258137804724,0.0155216716973,-3.64589783878,2.98195552001,-0.53032458508,-7.94362850735e-05,-0.00739787293451,-0.439666978773,-0.00567205328204,3.33246278295e-07,-8.33115695793e-05,-0.439746415058,-0.41409770356,-0.0334910869503,-0.0130699262165,-0.443248496221,-0.0350848953197,-0.00350208116304,-0.0220149691031,3.62116033509,-0.53032458508,-0.53032458508,-0.414030221517,-0.033867467207,0.0258137804724,0.0155216716973,0.0258137804724,0.0155216716973,-0.133617733686,4,0
1750,3.5,2,0.646918416023,0,0.280442655087,0,0,0.642537776969,0.0423343307013,0.646918388478,0.052160177592,-0.00438061150823,-0.00982584689065,0.801896020335,-0.425622733436,0.280442644546,5.64064605711e-05,0.00531253762023,0.646787291615,0.0188042332308,-4.16557848104e-07,0.000104139462027,0.646843698075,0.642622129517,0.0418638553802,0.024116770851,0.648411457757,0.0425790674008,0.00156775968164,0.0184622965498,-2.27355089462,0.280442644546,0.280442644546,0.642537776969,0.0423343307013,-0.00438061150823,-0.00982584689065,-0.00438061150823,-0.00982584689065,0.0958306423533,4,0
1760,3.52,1,-0.44074845314,0,1.30043363571,0,0,-0.414506391144,-0.00647983135088,-0.440748438805,-0.0239974076781,0.0262420476608,0.0175175763273,-1.91941615326,3.11273406695,1.30043365822,-6.53579301371e-05,-0.00591043887133,-0.440618796371,0.00515010988977,2.96276589812e-06,-0.000740691474533,-0.440684154301,-0.414514936059,-0.00205038322271,-0.000760328981552,-0.429582720367,-0.00710801173519,0.0111014339332,-0.00634768275364,5.44478046807,1.30043365822,1.30043365822,-0.414506391144,-0.00647983135088,0.0262420476608,0.0175175763273,0.0262420476608,0.0175175763273,-0.107115744528,4,0
1760,3.52,2,0.64782166481,0,-0.363314896822,0,0,0.643132988937,0.00809978586925,0.647821664441,0.0156579837248,-0.00468867550388,-0.00755819785552,0.23949020203,-0.542099506044,-0.363314896519,3.76850062753e-05,0.00334187945628,0.647752916114,0.00139511523704,-3.70345737299e-06,0.000925864343237,0.64779060112,0.643143670075,0.00256297570859,0.00473699469331,0.644620278583,0.00816175627116,-0.00317032253673,0.00342476157785,-4.78686431466,-0.363314896519,-0.363314896519,0.643132988937,0.00809978586925,-0.00468867550388,-0.00755819785552,-0.00468867550388,-0.00755819785552,0.0607055925053,4,0
1770,3.54,1,-0.440487056971,0,0.437859117985,0,0,-0.414206923672,0.0336527259344,-0.440487046569,0.0352044720569,0.026280122897,-0.00155174612247,-2.67004281914,3.0208170164,0.437859104595,-5.18101112363e-05,-0.00482108537325,-0.440372188907,0.0635202163429,1.62437967371e-06,-0.000406094918429,-0.440423999018,-0.414137030601,0.0361648203374,0.0586991309697,-0.435694268519,0.0327574198991,0.00472973049957,-0.0259417110705,4.52342471092,0.437859104595,0.437859104595,-0.414206923672,0.0336527259344,0.026280122897,-0.00155174612247,0.026280122897,-0.00155174612247,-0.0870849073294,4,0
1770,3.54,2,0.647243022919,0,-0.0222047790885,0,0,0.642758654531,-0.0420659107269,0.647243021076,-0.053215449775,-0.00448436654531,0.011149539048,0.435066563288,-0.422233860369,-0.022204779405,2.030664021e-05,0.00194616296273,0.64719307924,-0.0664788540075,-2.0304745908e-06,0.000507618647705,0.647213385881,0.642671288185,-0.0452060287287,-0.0645326910447,0.646086452778,-0.0419272524666,-0.00112693310246,0.0226054385781,-3.13578326292,-0.022204779405,-0.022204779405,0.642758654531,-0.0420659107269,-0.00448436654531,0.011149539048,-0.00448436654531,0.011149539048,0.0350374823241,4,0
1780,3.56,1,-0.439846724272,0,0.573911070824,0,0,-0.41338397806,0.0492096740223,-0.439846738547,0.0303072319283,0.0264627604865,0.0189024420941,-2.36437551595,3.07910686522,0.573911075896,-9.38979222655e-05,-0.00853888630048,-0.439654203775,0.0746661545607,2.17870794683e-06,-0.000544676986707,-0.439748101697,-0.413282421645,0.0524122387381,0.0661272682602,-0.431766438517,0.04844373817,0.00798166318005,-0.0176835300902,4.64103838008,0.573911075896,0.869381931154,-0.41338397806,0.0492096740223,0.0264627604865,0.0189024420941,0.0264627604865,0.0189024420941,-0.154650581883,4,0
1780,3.56,2,0.64634758234,0,-0.301846772432,0,0,0.64172997245,-0.0615120958238,0.646347598624,-0.0425276230163,-0.00461762617375,-0.0189844728074,0.324635426822,-0.504901462908,-0.301846760712,7.42417716873e-05,0.00670789402893,0.646198321504,-0.0762618770751,-2.72338493157e-06,0.000680846232882,0.646272563275,0.641603026924,-0.0655153017154,-0.0695539830461,0.643419162347,-0.0614417129114,-0.00285340092822,0.00811227013473,-4.21643954802,-0.301846760712,-0.301846760712,0.64172997245,-0.0615120958238,-0.00461762617375,-0.0189844728074,-0.00461762617375,-0.0189844728074,0.121580724627,4,0
1790,3.58,1,-0.438596189022,0,1.20832157135,0,0,-0.412011190071,0.0899364244175,-0.438596175454,0.0939979479439,0.0265849853829,-0.0040615235264,-1.93959641448,3.07370283466,1.20832157052,-4.46722732951e-05,-0.004102379617,-0.438502532137,0.116162581255,2.67711705781e-06,-0.000669279264454,-0.43854720441,-0.41182723488,0.0939854332023,0.112060201638,-0.427529093135,0.0892898451232,0.0110181112758,-0.0227703565147,5.20812784839,1.20832157052,1.20832157052,-0.412011190071,0.0899364244175,0.0265849853829,-0.0040615235264,0.0265849853829,-0.0040615235264,-0.0742151503447,4,0
1790,3.58,2,0.644640028477,0,-0.339033216238,0,0,0.640013987398,-0.112420533763,0.64464002036,-0.12419563534,-0.0046260329624,0.0117751015767,0.153028073718,-0.47475997837,-0.339033225838,1.04120917652e-05,0.000956387472884,0.644618869475,-0.129191985622,-3.34639631749e-06,0.000836599079371,0.644629281567,0.639784043403,-0.117481794737,-0.128235598149,0.641143083433,-0.112373488095,-0.00348619813423,0.0158621100541,-4.10050473184,-0.339033225838,-0.339033225838,0.640013987398,-0.112420533763,-0.0046260329624,0.0117751015767,-0.0046260329624,0.0117751015767,0.0173013211851,4,0
1800,3.6,1,-0.436341792345,0,-0.315419971943,0,0,-0.409897618553,0.114473408567,-0.436341783336,0.112919786045,0.0264441647825,0.00155362252292,-3.43730469079,2.98845152256,-0.315419977116,-7.93490152959e-05,-0.00738738626159,-0.436165168513,0.156496065716,3.24376865091e-07,-8.10942162677e-05,-0.436244517528,-0.409668425369,0.11483987448,0.149108679454,-0.437382164824,0.113328219139,-0.00113764729619,-0.0357804603145,3.61991631351,-0.315419977116,-0.315419977116,-0.409897618553,0.114473408567,0.0264441647825,0.00155362252292,0.0264441647825,0.00155362252292,-0.133433191122,4,0
1800,3.6,2,0.641788184643,0,0.0914212092757,0,0,0.637372022937,-0.143091763899,0.641788200877,-0.138140684963,-0.00441617793988,-0.0049510789353,0.594055630842,-0.408992511567,0.0914212124346,5.51214486766e-05,0.00519116179336,0.641660123634,-0.170721754883,-4.05471080711e-07,0.000101367770171,0.641715245083,0.637085531451,-0.143549846288,-0.165530593089,0.641534910069,-0.142918310268,-0.000180335013933,0.0226122828213,-2.17738702781,0.0914212124346,0.0914212124346,0.637372022937,-0.143091763899,-0.00441617793988,-0.0049510789353,-0.00441617793988,-0.0049510789353,0.0936419068397,4,0
1810,3.62,1,-0.433983743191,0,1.40401029587,0,0,-0.407415013735,0.140613352701,-0.43398374567,0.139214187289,0.026568731935,0.00139916541229,-1.77398170384,3.07394932343,1.40401025209,-6.35098002436e-05,-0.00574054692789,-0.433857472104,0.167707271004,2.78204849458e-06,-0.00069551212364,-0.433920981904,-0.407129636155,0.144775326086,0.161966724076,-0.421307054536,0.140034517668,0.0126139273677,-0.0219322064079,5.28219375859,1.40401025209,1.40401025209,-0.407415013735,0.140613352701,0.026568731935,0.00139916541229,0.026568731935,0.00139916541229,-0.104042632493,4,0
1810,3.62,2,0.638881087303,0,-0.514649391174,0,0,0.634268766851,-0.175766693999,0.638881068653,-0.174051724596,-0.00461230180259,-0.00171496940322,0.0498423521698,-0.509948103217,-0.514649412849,3.398156794e-05,0.00300120004738,0.638819456332,-0.186810378585,-3.47756061014e-06,0.000869390152524,0.6388534379,0.63391204487,-0.180969160718,-0.183809178538,0.634229657169,-0.17576832357,-0.00462378073075,0.0080408549682,-4.47485799658,-0.514649412849,-0.514649412849,0.634268766851,-0.175766693999,-0.00461230180259,-0.00171496940322,-0.00461230180259,-0.00171496940322,0.0545436618025,4,0
1820,3.64,1,-0.430511802435,0,0.563176512718,0,0,-0.404203959696,0.177684954347,-0.430511805616,0.193728211107,0.0263078459201,-0.01604325676,-2.47596814112,2.95103359606,0.563176488455,-5.24654660098e-05,-0.00487735400234,-0.430395895794,0.222221226675,1.46142895185e-06,-0.000365357237959,-0.43044836126,-0.403846258137,0.17994685119,0.217343872673,-0.424068282255,0.17685727424,0.00638007900515,-0.0404865984326,4.3371810153,0.563176488455,0.563176488455,-0.404203959696,0.177684954347,0.0263078459201,-0.01604325676,0.0263078459201,-0.01604325676,-0.0881110335113,4,0
1820,3.64,2,0.634581685066,0,-0.191781207919,0,0,0.630254949241,-0.222106195933,0.634581711459,-0.236708667726,-0.00432676221804,0.0146024717934,0.230573702808,-0.388411195734,-0.191781202406,1.96986671139e-05,0.00188509783712,0.634533497818,-0.249466988492,-1.82678618388e-06,0.000456696545972,0.634553196485,0.629807822286,-0.224933566977,-0.247581890655,0.631890692686,-0.222038039956,-0.00266250379916,0.0255438506986,-2.85057221649,-0.191781202406,-0.191781202406,0.630254949241,-0.222106195933,-0.00432676221804,0.0146024717934,-0.00432676221804,0.0146024717934,0.0339437094799,4,0
1830,3.66,1,-0.426702916622,0,0.79577255249,0,0,-0.400515757092,0.191657139346,-0.426702925327,0.189500726246,0.0261871682348,0.00215641310027,-2.16465041346,2.97186157607,0.795772536899,-8.97018142501e-05,-0.00815285417583,-0.426519475853,0.231679772123,1.94458442343e-06,-0.000486146105863,-0.426609177667,-0.400129639211,0.194517378556,0.223526917947,-0.417294810111,0.190958012137,0.00931436755678,-0.0325689058093,4.5034260777,0.795772536899,0.954879577767,-0.400515757092,0.191657139346,0.0261871682348,0.00215641310027,0.0261871682348,0.00215641310027,-0.147668415149,4,0
1830,3.66,2,0.630013108253,0,-0.452145308256,0,0,0.625644695926,-0.239571427126,0.630013089978,-0.226838232273,-0.0043683940524,-0.0127331948526,0.117326106188,-0.459384654249,-0.452145316744,6.73353762838e-05,0.00607239852734,0.629878717843,-0.256999469831,-2.4307305212e-06,0.000607682630311,0.629946053219,0.62516204857,-0.243146726126,-0.250927071303,0.625704919184,-0.239568917823,-0.00424113403453,0.0113581534798,-3.7937230426,-0.452145316744,-0.452145316744,0.625644695926,-0.239571427126,-0.0043683940524,-0.0127331948526,-0.0043683940524,-0.0127331948526,0.110086768684,4,0
1840,3.68,1,-0.422312051058,0,1.19191348553,0,0,-0.396339886853,0.227323951152,-0.422312045982,0.246775243935,0.025972159129,-0.019451292783,-1.80421118815,2.92023461561,1.19191350064,-4.56532882684e-05,-0.00419529011481,-0.422215902506,0.269592372725,2.28778505978e-06,-0.000571946264945,-0.422261555794,-0.395881744703,0.230786913824,0.26539708261,-0.410717601501,0.226724879709,0.0115439542929,-0.0386722029013,4.78899549347,1.19191350064,1.19191350064,-0.396339886853,0.227323951152,0.025972159129,-0.019451292783,0.025972159129,-0.019451292783,-0.0758900731844,4,0
1840,3.68,2,0.624699234962,0,-0.465574741364,0,0,0.62042485807,-0.284154941717,0.624699263905,-0.299032702843,-0.00427440583419,0.0148777611267,-0.0320062204419,-0.416881580495,-0.465574741158,1.00102957325e-05,0.000922810215033,0.624678430492,-0.304027421043,-2.85973131264e-06,0.000714932828156,0.624688440788,0.619852180377,-0.288483645038,-0.303104610828,0.620019784984,-0.284171819762,-0.00466865580406,0.0189327910658,-3.54252591798,-0.465574741158,-0.465574741158,0.62042485807,-0.284154941717,-0.00427440583419,0.0148777611267,-0.00427440583419,0.0148777611267,0.0166869402212,4,0
1850,3.7,1,-0.417075663805,0,-0.094863936305,0,0,-0.391527065079,0.247983510506,-0.417075653437,0.261020896748,0.0255485883577,-0.0130373862426,-3.04046150997,2.81749751716,-0.0948639367885,-7.62818272849e-05,-0.00709087157383,-0.416906798511,0.302519244848,2.734823214e-07,-6.83705803496e-05,-0.416983080338,-0.391030890135,0.248292584033,0.295428373274,-0.415754682027,0.246974026466,0.00122839831042,-0.0484543468078,3.39751660769,-0.0948639367885,-0.0948639367885,-0.391527065079,0.247983510506,0.0255485883577,-0.0130373862426,0.0255485883577,-0.0130373862426,-0.12810005602,4,0
1850,3.7,2,0.618426501751,0,-0.112503297627,0,0,0.614408830799,-0.30997939079,0.618426488347,-0.308925629399,-0.00401765754757,-0.00105376139072,0.328920942519,-0.357429736761,-0.112503299446,4.94943751845e-05,0.00465572407309,0.618311903649,-0.338010780899,-3.4185290021e-07,8.5463225066e-05,0.618361398024,0.613788612113,-0.310365732698,-0.333355056826,0.616446347089,-0.309894494278,-0.00191505093489,0.0234605625482,-1.89415827202,-0.112503299446,-0.112503299446,0.614408830799,-0.30997939079,-0.00401765754757,-0.00105376139072,-0.00401765754757,-0.00105376139072,0.0839945052049,4,0
1860,3.72,1,-0.411741316319,0,1.28538763523,0,0,-0.3864073234,0.269489163318,-0.41174131474,0.285416038097,0.0253339913399,-0.0159268747791,-1.65542653927,2.84355369815,1.28538769228,-5.90869870683e-05,-0.00536973949211,-0.411622023636,0.312719056538,2.24089863315e-06,-0.000560224658285,-0.411681110623,-0.385864995845,0.272844451266,0.307349317046,-0.399369536274,0.268949071115,0.0123115743494,-0.0384002459308,4.67712323799,1.28538769228,1.28538769228,-0.3864073234,0.269489163318,0.0253339913399,-0.0159268747791,0.0253339913399,-0.0159268747791,-0.097260533391,4,0
1860,3.72,2,0.612100422382,0,-0.598224401474,0,0,0.608009153647,-0.336861456669,0.612100419807,-0.340801550388,-0.00409126615959,0.00394009371863,-0.126709826513,-0.428676621427,-0.598224386192,2.64903507692e-05,0.00235948693152,0.612051569146,-0.351139359709,-2.80112327578e-06,0.000700280818948,0.612078059497,0.607331244199,-0.341055566581,-0.348779872777,0.606598704305,-0.336920225392,-0.00547935519265,0.0118596473853,-3.6589288039,-0.598224386192,-0.598224386192,0.608009153647,-0.336861456669,-0.00409126615959,0.00394009371863,-0.00409126615959,0.00394009371863,0.042837938252,4,0
1870,3.74,1,-0.405506014824,0,0.583690822124,0,0,-0.380700695707,0.29869694247,-0.405506006978,0.326634600029,0.024805311271,-0.027937657559,-2.21739614838,2.71182553467,0.583690818994,-5.32718228964e-05,-0.00493957766925,-0.405389411866,0.355079124756,1.10914061402e-06,-0.000277285153502,-0.405442683689,-0.380101528222,0.30041559832,0.350139547087,-0.398404416046,0.297959287455,0.00703826764293,-0.0521802596314,3.8400208839,0.583690818994,0.583690818994,-0.380700695707,0.29869694247,0.024805311271,-0.027937657559,0.024805311271,-0.027937657559,-0.0892614327041,4,0
1870,3.74,2,0.604652523994,0,-0.340744584799,0,0,0.600875868984,-0.373371180388,0.604652540439,-0.388592673309,-0.00377667145476,0.0152214929209,0.0156269297734,-0.323984247607,-0.340744570308,1.89069091323e-05,0.00179732037005,0.604607294542,-0.400379630444,-1.38642575787e-06,0.000346606439468,0.604626201451,0.600126909622,-0.375519500186,-0.398582310074,0.600736441689,-0.373376989858,-0.00388975976157,0.025205320216,-2.29365237584,-0.340744570308,-0.340744570308,0.600875868984,-0.373371180388,-0.00377667145476,0.0152214929209,-0.00377667145476,0.0152214929209,0.0323872524742,4,0
1880,3.76,1,-0.399034708738,0,0.886300265789,0,0,-0.374625066721,0.309274177034,-0.399034695743,0.323934480713,0.0244096290214,-0.0146603036787,-1.94028780324,2.69556749323,0.886300252875,-7.96549720361e-05,-0.00723292551596,-0.398872216102,0.361236908377,1.45852735373e-06,-0.000364631838431,-0.398951871074,-0.374004411456,0.311421528165,0.354003982861,-0.389676163348,0.308647048008,0.0092757077262,-0.0453569348537,4.03682402853,0.886300252875,0.886300252875,-0.374625066721,0.309274177034,0.0244096290214,-0.0146603036787,0.0244096290214,-0.0146603036787,-0.131020562886,4,0
1880,3.76,2,0.597014963627,0,-0.546146929264,0,0,0.593281332706,-0.386592723501,0.597014963099,-0.381810232446,-0.0037336303927,-0.00478249105416,-0.0859103426706,-0.374448060238,-0.546146952007,5.26838325535e-05,0.00472957832802,0.596911257598,-0.404815299166,-1.82315917907e-06,0.000455789794759,0.59696394143,0.59250551362,-0.389276912395,-0.400085720838,0.591852988372,-0.386652237848,-0.00511095305799,0.0134334829903,-2.96787700282,-0.546146952007,-0.546146952007,0.593281332706,-0.386592723501,-0.0037336303927,-0.00478249105416,-0.0037336303927,-0.00478249105416,0.0857885490985,4,0
1890,3.78,1,-0.392111897469,0,1.00682020187,0,0,-0.368187125354,0.335260183047,-0.392111887004,0.365084222314,0.0239247616493,-0.0298240392673,-1.69038169262,2.6182600091,1.00682017318,-4.7477857141e-05,-0.00436413175818,-0.392011625381,0.388899782191,1.60205564309e-06,-0.000400513910778,-0.392059103238,-0.367514151537,0.337688450292,0.384535650432,-0.381592517403,0.334701625045,0.0104665858343,-0.0498340253877,4.01954564906,1.00682017318,1.00682017318,-0.368187125354,0.335260183047,0.0239247616493,-0.0298240392673,0.0239247616493,-0.0298240392673,-0.078941856702,4,0
1890,3.78,2,0.588801264763,0,-0.539871990681,0,0,0.585233905956,-0.41907523076,0.588801267597,-0.434311208505,-0.00356736164123,0.0152359777454,-0.193771019824,-0.328459426845,-0.539871967814,1.05700199313e-05,0.00097575483236,0.588778919073,-0.439693095506,-2.0025695362e-06,0.000500642384039,0.588789489093,0.58439268868,-0.42211056479,-0.438717340674,0.583475188111,-0.41914851067,-0.00531430098194,0.0195688300039,-2.63789786102,-0.539871967814,-0.539871967814,0.585233905956,-0.41907523076,-0.00356736164123,0.0152359777454,-0.00356736164123,0.0152359777454,0.0176415211446,4,0
1900,3.8,1,-0.384622275829,0,0.129586741328,0,0,-0.361298585655,0.349365737459,-0.384622278938,0.373137709181,0.023323693283,-0.0237719717212,-2.50449136297,2.51804677652,0.129586748257,-6.93041010765e-05,-0.00642030920632,-0.384470867356,0.409974750611,1.87156366238e-07,-4.67890915655e-05,-0.384540171457,-0.360599711637,0.349577376119,0.403554441405,-0.381167923845,0.348537848368,0.00337224761199,-0.0550165930363,3.01112958757,0.129586748257,0.129586748257,-0.361298585655,0.349365737459,0.023323693283,-0.0237719717212,0.023323693283,-0.0237719717212,-0.116031334708,4,0
1900,3.8,2,0.579927146435,0,-0.30671107769,0,0,0.576623231295,-0.436707173607,0.579927135251,-0.439953982919,-0.00330390395562,0.00324680931281,0.0401463352686,-0.281205665582,-0.306711069126,3.88199929609e-05,0.00363739376024,0.579838553104,-0.462202837499,-2.33945455563e-07,5.84863638988e-05,0.579877373097,0.575749638769,-0.436971721929,-0.458565443739,0.576411054628,-0.436716014301,-0.00346631846928,0.0218494294377,-1.46225577591,-0.306711069126,-0.306711069126,0.576623231295,-0.436707173607,-0.00330390395562,0.00324680931281,-0.00330390395562,0.00324680931281,0.0656517388124,4,0
1910,3.82,1,-0.377074956894,0,1.01547837257,0,0,-0.354205002913,0.363450901903,-0.377074962995,0.38952843668,0.0228699600828,-0.0260775347774,-1.5766648822,2.50018999683,1.01547835592,-5.56885781999e-05,-0.00507881464221,-0.376960817062,0.415967782649,1.40942579407e-06,-0.000352356448522,-0.37701650564,-0.353475987441,0.36556480506,0.410888968007,-0.366556156944,0.362936270485,0.0104603486961,-0.0479526975219,3.7682837243,1.01547835592,1.01547835592,-0.354205002913,0.363450901903,0.0228699600828,-0.0260775347774,0.0228699600828,-0.0260775347774,-0.0919532412898,4,0
1910,3.82,2,0.571013092995,0,-0.618360817432,0,0,0.567756252832,-0.454313628972,0.571013112362,-0.46205321951,-0.00325685953009,0.0077395905376,-0.268015020996,-0.316981800965,-0.618360836769,2.05272977297e-05,0.00183892335278,0.570974246668,-0.470480699331,-1.76178222178e-06,0.000440445555454,0.570994773966,0.56684498349,-0.456956007888,-0.468641775978,0.56524911354,-0.454418093109,-0.00574566042595,0.014223682869,-2.50400771623,-0.618360836769,-0.618360836769,0.567756252832,-0.454313628972,-0.00325685953009,0.0077395905376,-0.00325685953009,0.0077395905376,0.0333640148085,4,0
1920,3.84,1,-0.368971377611,0,0.547871887684,0,0,-0.346742132261,0.381010801002,-0.36897138234,0.41343374935,0.022229250079,-0.0324229483481,-1.92531099071,2.38528365424,0.547871915211,-5.26272697205e-05,-0.00486217599379,-0.368857741587,0.440853924441,6.13155903273e-07,-0.000153288975816,-0.368910368857,-0.34597912489,0.381963552829,0.435991748447,-0.3620273599,0.380373916517,0.00688300895718,-0.05561783193,3.15185448884,0.547871915211,0.547871915211,-0.346742132261,0.381010801002,0.022229250079,-0.0324229483481,0.022229250079,-0.0324229483481,-0.087899251687,4,0
1920,3.84,2,0.561385333538,0,-0.450193077326,0,0,0.55842766449,-0.476263502557,0.561385316359,-0.490692582952,-0.00295765186968,0.014429080395,-0.182642487832,-0.239591395593,-0.450193077458,1.64659087555e-05,0.001549858722,0.561347262799,-0.500360623402,-7.66444867017e-07,0.000191611216751,0.561363728708,0.557473905272,-0.477454442321,-0.49881076468,0.556675692093,-0.476336501406,-0.00468803661521,0.0224742632734,-1.53333177527,-0.450193077458,-0.450193077458,0.55842766449,-0.476263502557,-0.00295765186968,0.014429080395,-0.00295765186968,0.014429080395,0.0279591940331,4,0
1930,3.86,1,-0.360747009516,0,0.733719587326,0,0,-0.339066214103,0.386822735671,-0.360747017441,0.411443336266,0.0216808033382,-0.0246206005953,-1.71784242525,2.34220703169,0.733719573358,-6.62854266218e-05,-0.00603926031277,-0.360610515939,0.443074683948,7.83508588953e-07,-0.000195877147237,-0.360676801366,-0.338291431375,0.387978995432,0.437035423635,-0.352447045645,0.386265201023,0.00822975572016,-0.0507702226123,3.20732193379,0.733719573358,0.733719573358,-0.339066214103,0.386822735671,0.0216808033382,-0.0246206005953,0.0216808033382,-0.0246206005953,-0.109354966916,4,0
1930,3.86,2,0.551651775837,0,-0.572190642357,0,0,0.548832766767,-0.483528420776,0.551651765245,-0.486998136155,-0.00281899847782,0.00346971537868,-0.259426625748,-0.257324238055,-0.572190664974,3.39863590061e-05,0.00305715126509,0.551584591271,-0.501980185152,-9.79385719746e-07,0.000244846429924,0.55161857763,0.547864288354,-0.484973745453,-0.498923033887,0.54621342734,-0.483637559919,-0.0054051502901,0.0152854739676,-1.84051465072,-0.572190664974,-0.572190664974,0.548832766767,-0.483528420776,-0.00281899847782,0.00346971537868,-0.00281899847782,0.00346971537868,0.0554398011706,4,0
1940,3.88,1,-0.352288603783,0,0.733303904533,0,0,-0.33120027874,0.399761279975,-0.352288612533,0.432077273997,0.0210883337921,-0.0323159940216,-1.61041760066,2.26307589084,0.733303892991,-4.85049021402e-05,-0.00445829135029,-0.352186061969,0.456427308293,7.08769509028e-07,-0.000177192377251,-0.352234566871,-0.330399661387,0.400840253996,0.451969016943,-0.343926284962,0.399231029716,0.00830828190938,-0.0527379872269,3.06018976914,0.733303892991,0.733303892991,-0.33120027874,0.399761279975,0.0210883337921,-0.0323159940216,0.0210883337921,-0.0323159940216,-0.0806456028155,4,0
1940,3.88,2,0.541604280472,0,-0.546585440636,0,0,0.539000347543,-0.499701600843,0.541604286491,-0.514078825055,-0.0026039389481,0.0143772242122,-0.311932404344,-0.217112395959,-0.546585417173,1.05111168296e-05,0.000970155152408,0.541581905426,-0.519458932797,-8.85961864983e-07,0.000221490466248,0.541592416542,0.537999575849,-0.501050318336,-0.518488777644,0.536259497453,-0.49981580293,-0.00533291908953,0.0186729747141,-1.47452303745,-0.546585417173,-0.546585417173,0.539000347543,-0.499701600843,-0.0026039389481,0.0143772242122,-0.0026039389481,0.0143772242122,0.0175406168698,4,0
1950,3.9,1,-0.343574613333,0,0.376730799675,0,0,-0.32312847619,0.405485363227,-0.343574618339,0.434855168646,0.0204461421487,-0.0293698054185,-1.89654805772,2.17592680821,0.376730797853,-5.84171256514e-05,-0.00538349745208,-0.343449567322,0.464791697226,7.65830878158e-08,-1.91457719476e-05,-0.343507984448,-0.322317446769,0.405572147856,0.459408199774,-0.338095791354,0.404861725095,0.00541219309372,-0.0545464746787,2.56150925292,0.376730797853,0.376730797853,-0.32312847619,0.405485363227,0.0204461421487,-0.0293698054185,0.0204461421487,-0.0293698054185,-0.0973520473583,4,0
1950,3.9,2,0.531250536442,0,-0.454872578382,0,0,0.52891059434,-0.506856704709,0.531250536039,-0.515822705991,-0.00233994169925,0.00896600128131,-0.235393451776,-0.180245970294,-0.454872569286,2.33808676185e-05,0.00217150128952,0.531198931024,-0.528460233171,-9.57288570635e-08,2.39322142764e-05,0.531222311891,0.527896807562,-0.506965185492,-0.526288731881,0.526626005648,-0.506951895905,-0.00459630624305,0.0193368359761,-0.884788715351,-0.454872569286,-0.454872569286,0.52891059434,-0.506856704709,-0.00233994169925,0.00896600128131,-0.00233994169925,0.00896600128131,0.0392331472151,4,0
1960,3.92,1,-0.334840238094,0,0.659694433212,0,0,-0.314980072117,0.410325214733,-0.33484022563,0.441083708088,0.0198601535129,-0.0307584933551,-1.54582303659,2.12085099728,0.659694404186,-5.1073755317e-05,-0.00467876765513,-0.334733581733,0.466143783827,3.95352686144e-07,-9.88381715418e-05,-0.334784655488,-0.31415881742,0.410923863212,0.461465016172,-0.327135274278,0.409818747976,0.00764938120971,-0.0516462681959,2.70433445328,0.659694404186,0.659694404186,-0.314980072117,0.410325214733,0.0198601535129,-0.0307584933551,0.0198601535129,-0.0307584933551,-0.0846664435029,4,0
1960,3.92,2,0.520882070065,0,-0.553996682167,0,0,0.518725089237,-0.512906518876,0.520882071593,-0.52433707106,-0.0021569823558,0.011430552184,-0.356200715713,-0.175690295937,-0.553996674553,1.34536007656e-05,0.00122016072225,0.52085522497,-0.530434764427,-4.94190834144e-07,0.000123547708541,0.520868678571,0.517698520864,-0.513654829439,-0.529214603705,0.515577999779,-0.513037647603,-0.00529067879219,0.016176956102,-1.07761338807,-0.553996674553,-0.553996674553,0.518725089237,-0.512906518876,-0.0021569823558,0.011430552184,-0.0021569823558,0.011430552184,0.0221056629029,4,0
1970,3.94,1,-0.325941979885,0,0.481611549854,0,0,-0.306727821888,0.413962234762,-0.325941965587,0.446197486543,0.0192141436991,-0.0322352517813,-1.63574494814,2.03310919266,0.481611544431,-5.06423010039e-05,-0.00465774863205,-0.325834454056,0.471772732123,3.7732861613e-08,-9.43321540792e-06,-0.325885096357,-0.305899827193,0.414025647375,0.467114983491,-0.319634561423,0.413424453948,0.00625053493456,-0.0536905295433,2.38191355905,0.481611544431,0.481611544431,-0.306727821888,0.413962234762,0.0192141436991,-0.0322352517813,0.0192141436991,-0.0322352517813,-0.0842472999055,4,0
1970,3.94,2,0.510302364826,0,-0.493969917297,0,0,0.508409776445,-0.517452793591,0.510302370449,-0.530227295519,-0.00189259400391,0.0127745019285,-0.338861365616,-0.133632476665,-0.493969915603,1.2840339714e-05,0.00118817050611,0.510274487642,-0.536975705653,-4.71660639434e-08,1.17915159812e-05,0.510287327982,0.507374783075,-0.517532059337,-0.535787535147,0.505412168634,-0.517577693916,-0.00487515934799,0.018209841231,-0.615307337381,-0.493969915603,-0.493969915603,0.508409776445,-0.517452793591,-0.00189259400391,0.0127745019285,-0.00189259400391,0.0127745019285,0.0214760733228,4,0
1980,3.96,1,-0.317024618387,0,0.52010846138,0,0,-0.298446079627,0.414255895637,-0.317024626965,0.446330401172,0.0185785473377,-0.0320745055344,-1.52463389064,1.96159700927,0.520108462929,-5.01282337905e-05,-0.00459504521303,-0.31691951525,0.471097071571,6.98119584364e-09,-1.74529895397e-06,-0.316969643484,-0.297617547573,0.414271263064,0.466502026358,-0.310437665454,0.413756246228,0.00653197802985,-0.0527457801305,2.28077052612,0.520108462929,0.520108462929,-0.298446079627,0.414255895637,0.0185785473377,-0.0320745055344,0.0185785473377,-0.0320745055344,-0.0831453442963,4,0
1980,3.96,2,0.499712914228,0,-0.514641344547,0,0,0.498057598617,-0.51781986956,0.499712906184,-0.529945744099,-0.00165530756715,0.012125874539,-0.380926568602,-0.113950975291,-0.514641354943,1.2006133483e-05,0.00109116458883,0.499688516166,-0.535551007476,-8.72647720751e-09,2.18161929677e-06,0.499700522299,0.497021933549,-0.517839078818,-0.534459842887,0.494724299098,-0.51795875704,-0.0049762232015,0.0165010858473,-0.506997577825,-0.514641354943,-0.514641354943,0.498057598617,-0.51781986956,-0.00165530756715,0.012125874539,-0.00165530756715,0.012125874539,0.01976381105,4,0
1990,3.98,1,-0.308104336262,0,0.392502784729,0,0,-0.290171233301,0.412470705755,-0.308104345818,0.444506259123,0.0179331125165,-0.0320355533677,-1.57351996997,1.88405051036,0.392502776021,-4.93102006864e-05,-0.00453154231866,-0.307999995388,0.469265880902,-2.76342320082e-07,6.90855800196e-05,-0.308049305589,-0.289346697591,0.412060598455,0.464734338584,-0.302579256048,0.411953704807,0.00547004954087,-0.0527806337767,2.0152602564,0.392502776021,0.392502776021,-0.290171233301,0.412470705755,0.0179331125165,-0.0320355533677,0.0179331125165,-0.0320355533677,-0.0819722356304,4,0
1990,3.98,2,0.489126414061,0,-0.476487100124,0,0,0.487714040713,-0.515588381877,0.489126422418,-0.527187082326,-0.0014123817055,0.0115987004496,-0.371231687025,-0.0870677004764,-0.476487085887,1.09085230331e-05,0.00100582887271,0.489103062421,-0.532778996209,3.45427921933e-07,-8.63569804775e-05,0.489113970944,0.486683371075,-0.515075747719,-0.531773167336,0.484474503364,-0.515723362599,-0.00463946757977,0.0160498047371,-0.168896299013,-0.476487085887,-0.476487085887,0.487714040713,-0.515588381877,-0.0014123817055,0.0115987004496,-0.0014123817055,0.0115987004496,0.0181876983858,4,0
2000,4,1,-0.299258172512,0,0.594598770142,0,0,-0.281961922365,0.40907172567,-0.299258177014,0.44245355649,0.0172962546498,-0.0333818308199,-1.29459880982,1.81351434727,0.594598792912,-4.57599207382e-05,-0.00418108441742,-0.299163503645,0.464486129474,-4.39120274032e-08,1.09780068551e-05,-0.299209263566,-0.281143811671,0.409022412754,0.460305045056,-0.292101947773,0.408649224611,0.00710731579283,-0.0516558204456,2.08153078246,0.594598792912,0.594598792912,-0.281961922365,0.40907172567,0.0172962546498,-0.0333818308199,0.0172962546498,-0.0333818308199,-0.0756832554604,4,0
2000,4,2,0.478638470173,0,-0.539488971233,0,0,0.47745240205,-0.511339656569,0.478638461256,-0.52473418203,-0.00118605920584,0.0133945254612,-0.461918078561,-0.0678127810649,-0.539488952967,6.14808763079e-06,0.000536103782295,0.47862806061,-0.526676563678,5.48900369046e-08,-1.37225092286e-05,0.478634208698,0.476429763685,-0.511278015421,-0.526140459896,0.473528579477,-0.511503149176,-0.00510562922139,0.01463731072,-0.248893823812,-0.539488952967,-0.539488952967,0.47745240205,-0.511339656569,-0.00118605920584,0.0133945254612,-0.00118605920584,0.0133945254612,0.00975809334184,4,0
2010,4.02,1,-0.297335445881,0,2.35388064384,0,0,-0.273814375651,0.40403923003,-0.297335444492,-0.144694727447,0.0235210688415,0.548733957477,-1.5664684991,4.24137474287,2.35388058121,-0.000618302615855,-0.0566381166064,-0.296037775997,0.160603269149,-6.69940931008e-07,0.000167485232746,-0.296656078613,-0.273007280609,0.40304506503,0.103965152543,-0.278319425477,0.403851519621,0.018336653136,0.299886367078,4.14621282024,2.35388058121,3.69983021172,-0.273814375651,0.40403923003,0.0235210688415,0.548733957477,0.0235210688415,0.548733957477,-1.02492396795,4,0
2010,4.02,2,0.492078661919,0,-2.32342362404,0,0,0.46726796867,-0.505049036803,0.492078676432,1.55689745936,-0.0248107077621,-2.06194649616,-0.379633992417,-8.64441993049,-2.3234236366,0.00210761324528,0.193696173102,0.487598078011,0.491633434139,8.37426186784e-07,-0.000209356546693,0.489705691256,0.46625909987,-0.503806330519,0.685329607241,0.434962101037,-0.506395114621,-0.0547435902193,-1.19172472186,-12.4287567716,-2.3234236366,-12.5278544356,0.46726796867,-0.505049036803,-0.0248107077621,-2.06194649616,-0.0248107077621,-2.06194649616,3.50380051272,4,0
2020,4.04,1,-0.304059684277,0,4.35388040543,0,0,-0.265841878477,0.393282171413,-0.304059687084,-0.452922030435,0.038217808607,0.846204201848,-1.38614761055,7.90694261804,4.35388058121,-0.000447825652063,-0.0408177798947,-0.303143190087,-0.24130927803,-5.42578717566e-07,0.000135644679393,-0.303591015739,-0.265056168551,0.392448029297,-0.282127057924,-0.271224871396,0.393057880041,0.0323661443431,0.675184937966,6.6294898313,4.35388058121,7.259862011,-0.265841878477,0.393282171413,0.038217808607,0.846204201848,0.038217808607,0.846204201848,-0.739067003511,4,0
2020,4.04,2,0.540365219116,0,-4.32342386246,0,0,0.457302347222,-0.491602713222,0.540365239588,3.02971095138,-0.0830628923661,-3.52131366461,-0.432470891155,-23.2728175679,-4.3234236366,0.00201209560875,0.18442205305,0.536150801491,2.03788555023,6.78223409267e-07,-0.000169555852311,0.5381628971,0.456320209815,-0.490560035557,2.22230760328,0.425943904822,-0.492909314988,-0.112218992278,-2.71521691827,-27.4661403203,-4.3234236366,-27.0423636647,0.457302347222,-0.491602713222,-0.0830628923661,-3.52131366461,-0.0830628923661,-3.52131366461,3.33707520568,4,0
2030,4.06,1,-0.314133942127,0,6.35388040543,0,0,-0.258027265631,0.388019512821,-0.314133954593,-0.509889242164,0.0561066889619,0.897908754985,-1.38597357065,10.7771301072,6.35388058121,-0.00023168546251,-0.0209951307896,-0.313671584496,-0.405387273979,-7.70450656495e-07,0.000192612664129,-0.313903269959,-0.257252325961,0.386891996964,-0.426382404768,-0.266392474942,0.387670962433,0.0475107950169,0.814053367202,8.92518105593,6.35388058121,9.77156223803,-0.258027265631,0.388019512821,0.0561066889619,0.897908754985,0.0561066889619,0.897908754985,-0.380405701436,4,0
2030,4.06,2,0.612101256847,0,-6.32342386246,0,0,0.447534081186,-0.485024389864,0.61210127026,3.96860917174,-0.164567189074,-4.4536335616,-0.434254511234,-38.2610044194,-6.3234236366,0.00175837344279,0.161156710277,0.608420146313,3.10255325807,9.63063337134e-07,-0.000240765834286,0.610178519755,0.446565406601,-0.483614995018,3.26370996834,0.419662722489,-0.486185696476,-0.190515797266,-3.74989566482,-40.9526496824,-6.3234236366,-41.6113739961,0.447534081186,-0.485024389864,-0.164567189074,-4.4536335616,-0.164567189074,-4.4536335616,2.91611506545,4,0
2040,4.08,1,-0.322870612144,0,8.35388088226,0,0,-0.250415568448,0.3717418717,-0.322870597563,-0.346225997629,0.0724550291157,0.717967869329,-1.58506776437,12.250316336,8.35388058121,-3.9095837782e-05,-0.00334535735169,-0.322811325789,-0.33653956184,-1.22565220612e-06,0.000306413051528,-0.322850421627,-0.249673938339,0.369895815146,-0.339884919191,-0.263093854583,0.371213609777,0.0597565670437,0.711098528969,10.969617073,8.35388058121,10.7262806901,-0.250415568448,0.3717418717,0.0724550291157,0.717967869329,0.0724550291157,0.717967869329,-0.0610321184812,4,0
2040,4.08,2,0.697499036789,0,-8.32342338562,0,0,0.438019459733,-0.464677338158,0.697499009634,4.45435493001,-0.259479549901,-4.91903226816,-0.363497404713,-52.4323732221,-8.3234236366,0.00154276248673,0.141423320771,0.694266741908,3.6934129136,1.53206527731e-06,-0.000383016319327,0.695809504395,0.4370924221,-0.462369767436,3.83483623437,0.413707659931,-0.465690329816,-0.282101844464,-4.30052656419,-52.7919826685,-8.3234236366,-55.3548541566,0.438019459733,-0.464677338158,-0.259479549901,-4.91903226816,-0.259479549901,-4.91903226816,2.55898352978,4,0
2050,4.1,1,-0.326184391975,0,10.3538808823,0,0,-0.243132318693,0.359660188232,-0.326184400038,0.00858110405071,0.0830520813447,0.351079084181,-0.777507888319,12.0428060589,10.3538805812,0.00012754991079,0.0119249551851,-0.326473724266,-0.063693442843,-1.58718053783e-07,3.96795134485e-05,-0.326346174355,-0.242413118283,0.359481166581,-0.051768487658,-0.251391286492,0.359316064573,0.0749548878632,0.411084552231,12.7277292568,10.3538805812,11.0500093047,-0.243132318693,0.359660188232,0.0830520813447,0.351079084181,0.0830520813447,0.351079084181,0.215288865833,4,0
2050,4.1,2,0.788350403309,0,-10.3234233856,0,0,0.428915397571,-0.449575233644,0.788350405747,4.56364840532,-0.359435008176,-5.01322363896,-0.609542691499,-65.2495876839,-10.3234236366,0.00137506488514,0.126085264939,0.785466222039,3.88403569374,1.98397569595e-07,-4.95993924007e-05,0.786841286924,0.428016397062,-0.449351456578,4.01012095868,0.404866154825,-0.450577285425,-0.381975132099,-4.4606982441,-63.1134242141,-10.3234236366,-68.1405070724,0.428915397571,-0.449575233644,-0.359435008176,-5.01322363896,-0.359435008176,-5.01322363896,2.28137669697,4,0
2060,4.12,1,-0.320967763662,0,8.88328266144,0,0,-0.236041196952,0.345407337954,-0.320967762896,0.464077402448,0.0849265659439,-0.118670064494,-1.63704523179,10.0999307186,8.88328264612,0.000227022811541,0.0208855597424,-0.321451046578,0.348923478036,-1.64843934775e-06,0.000412109836937,-0.321224023767,-0.235352825973,0.34294916001,0.369809037779,-0.252802119524,0.34470896618,0.0684219042426,-0.0251000715984,10.7646901043,8.88328264612,8.08512815112,-0.236041196952,0.345407337954,0.0849265659439,-0.118670064494,0.0849265659439,-0.118670064494,0.377757335695,4,0
2060,4.12,2,0.878177762032,0,-12.3234233856,0,0,0.420051495429,-0.431759170609,0.878177742665,4.40822595449,-0.458126247236,-4.8399851251,-0.334716071483,-76.3392953446,-12.3234236366,0.00130240088481,0.119634084422,0.875426483837,3.75620847086,2.06054920432e-06,-0.000515137301087,0.876728884722,0.419191031709,-0.42868644815,3.87584255528,0.399263232895,-0.432625348215,-0.477465651827,-4.3084679035,-72.1297352795,-12.3234236366,-78.8382177367,0.420051495429,-0.431759170609,-0.458126247236,-4.8399851251,-0.458126247236,-4.8399851251,2.16420632063,4,0
2070,4.14,1,-0.307036370039,0,6.88328266144,0,0,-0.229381341642,0.321649847526,-0.307036366053,0.879410480769,0.0776550244115,-0.557760633243,-1.2101626498,7.05815458238,6.88328264612,0.000242521872747,0.0222770726122,-0.307548877964,0.757942205226,-1.05259569855e-06,0.000263148924634,-0.307306356091,-0.22873971031,0.320026219211,0.780219277838,-0.242801043641,0.321090693276,0.0645053124502,-0.459128584562,8.14761714549,6.88328264612,5.44499457122,-0.229381341642,0.321649847526,0.0776550244115,-0.557760633243,0.0776550244115,-0.557760633243,0.402997361362,4,0
2070,4.14,2,0.963315546513,0,-14.3234233856,0,0,0.411726676331,-0.402062307314,0.963315535093,4.11433529167,-0.551588858762,-4.51639759898,-0.450783239373,-85.8631376263,-14.3234236366,0.001332685058,0.122448258726,0.960496614883,3.44565399258,1.31574463313e-06,-0.000328936158289,0.961829299941,0.41092463717,-0.400032771905,3.56810225131,0.389549920059,-0.402986338826,-0.572279379881,-3.97108859014,-80.3149967079,-14.3234236366,-88.5289685365,0.411726676331,-0.402062307314,-0.551588858762,-4.51639759898,-0.551588858762,-4.51639759898,2.21504767075,4,0
2080,4.16,1,-0.285385102034,0,4.88328266144,0,0,-0.223046292078,0.31151268108,-0.285385094185,1.23964048696,0.0623388021071,-0.928127805877,-1.32127191101,3.36122658038,4.88328264612,0.000240829113438,0.0221051171074,-0.285892445081,1.11969002123,-1.44806562064e-06,0.000362016405162,-0.285651615967,-0.222425343262,0.309388358943,1.14179513834,-0.237364708504,0.310916080395,0.0482869074631,-0.830879057942,5.45668060024,4.88328264612,1.64003360586,-0.223046292078,0.31151268108,0.0623388021071,-0.928127805877,0.0623388021071,-0.928127805877,0.399921063498,4,0
2080,4.16,2,1.0412812233,0,-16.3234233856,0,0,0.403807864419,-0.389390849161,1.0412812051,3.70579814573,-0.637473340678,-4.09518899489,-0.411968140054,-93.9602619934,-16.3234236366,0.00137890029165,0.126704201863,1.03836357142,3.01352677274,1.81008203892e-06,-0.000452520509733,1.03974247171,0.403031678403,-0.386735446471,3.1402309746,0.38131371488,-0.390328105392,-0.658428756827,-3.53055908,-87.8445220019,-16.3234236366,-96.6642462193,0.403807864419,-0.389390849161,-0.637473340678,-4.09518899489,-0.637473340678,-4.09518899489,2.2920160858,4,0
2090,4.18,1,-0.257241874933,0,2.88328266144,0,0,-0.217083888861,0.282851462885,-0.257241872148,1.53320519165,0.0401579832864,-1.25035372876,-1.64510052513,-0.944738505154,2.88328264612,0.000227868637986,0.0209005841513,-0.257719744875,1.42069027677,-2.01617088555e-06,0.000504042721385,-0.257491876237,-0.216521247354,0.279808625697,1.44159086092,-0.233915173299,0.282150159367,0.0235767029381,-1.15944070155,2.72349141221,2.88328264612,-2.9679991552,-0.217083888861,0.282851462885,0.0401579832864,-1.25035372876,0.0401579832864,-1.25035372876,0.378160124914,4,0
2090,4.18,2,1.10999488831,0,-18,0,0,0.396354860444,-0.35356432618,1.1099948946,3.20266633835,-0.713640034153,-3.55623066453,-0.289247625292,-100.285677251,-18,0.0014323381118,0.1316196399,1.10696294086,2.48298143961,2.52021362185e-06,-0.00063005340546,1.10839527897,0.395651558564,-0.349760779673,2.61460107951,0.374142001259,-0.354489861979,-0.734253277708,-2.96909094149,-93.4921467388,-18,-102.955848032,0.396354860444,-0.35356432618,-0.713640034153,-3.55623066453,-0.713640034153,-3.55623066453,2.38092315587,4,0
2100,4.2,1,-0.224334195256,0,0.883282661438,0,0,-0.211670292616,0.263652336624,-0.224334198598,1.71754739016,0.0126639059815,-1.45389505354,-0.41383816736,-5.40839656236,0.883282646118,0.000167313485728,0.0152566302399,-0.224677225871,1.6382258933,-2.52961125491e-07,6.32402813745e-05,-0.224509912385,-0.211143179575,0.263366799656,1.65348252354,-0.217410896627,0.263413144791,0.00709901575788,-1.39006937875,0.000278271364228,0.883282646118,-6.09846500282,-0.211670292616,0.263652336624,0.0126639059815,-1.45389505354,0.0126639059815,-1.45389505354,0.276230273097,4,0
2100,4.2,2,1.16881096363,0,-18,0,0,0.389587865188,-0.329565418221,1.16881090842,2.74560093097,-0.779223043233,-3.07516634919,-0.65872885086,-105.531589805,-18,0.00152705483611,0.140389947958,1.16557299752,1.97607010285,3.16201408668e-07,-7.90503521611e-05,1.16710005235,0.388928973892,-0.329208497009,2.11646005081,0.362982700154,-0.330673966764,-0.804117352198,-2.44713401758,-92.3544519028,-18,-108.729752352,0.389587865188,-0.329565418221,-0.779223043233,-3.07516634919,-0.779223043233,-3.07516634919,2.53943369587,4,0
2110,4.22,1,-0.189138874412,0,-1.11671733856,0,0,-0.206554296741,0.242025681066,-0.18913887591,1.77620090371,-0.0174154208309,-1.53417522264,-1.74997528175,-9.5844312037,-1.11671735388,9.07307198581e-05,0.00823128087558,-0.189320838071,1.73490009557,-2.41337173681e-06,0.000603342934201,-0.189230107351,-0.206073832757,0.238421963102,1.74313137645,-0.222352669627,0.241367415529,-0.0331225622757,-1.50176396092,-2.63862217753,-1.11671735388,-11.4835272777,-0.206554296741,0.242025681066,-0.0174154208309,-1.53417522264,-0.0174154208309,-1.53417522264,0.149120792222,4,0
2110,4.22,2,1.21981036663,0,-18,0,0,0.383192870396,-0.302532098638,1.21981041047,2.40630800001,-0.836617540072,-2.70884009865,-0.226938993446,-110.361300239,-18,0.00163203643086,0.150019365335,1.21635188288,1.58472340983,3.01671468467e-06,-0.000754178671172,1.21798391932,0.382592290422,-0.298027451163,1.73474277517,0.358730341452,-0.303551370677,-0.859253577864,-2.03829414584,-91.5352752126,-18,-113.301900073,0.383192870396,-0.302532098638,-0.836617540072,-2.70884009865,-0.836617540072,-2.70884009865,2.71366084008,4,0
2120,4.24,1,-0.154062226415,0,-3.11671733856,0,0,-0.20206991082,0.208345696068,-0.154062220998,1.7188136632,-0.0480076898223,-1.51046796713,-1.13210459364,-13.2871109856,-3.11671735388,2.07270144539e-05,0.0018123292458,-0.154097336085,1.71211632196,-1.42624206786e-06,0.000356560516969,-0.154076609071,-0.201655485591,0.206142933152,1.7139286512,-0.211762096179,0.207941855012,-0.0576854871084,-1.50598679619,-5.15752490075,-3.11671735388,-14.452192434,-0.20206991082,0.208345696068,-0.0480076898223,-1.51046796713,-0.0480076898223,-1.51046796713,0.0329768547079,4,0
2120,4.24,2,1.26517188549,0,-18,0,0,0.377587388051,-0.260432117216,1.26517185747,2.16933588664,-0.887584469417,-2.42976800386,-0.391196839966,-114.873668447,-18,0.00172883093374,0.158898351956,1.26150996786,1.29976936235,1.78280259128e-06,-0.00044570064782,1.2632387988,0.37706935652,-0.257678663561,1.45866771431,0.350422000095,-0.261564008381,-0.912816798703,-1.72023172269,-91.0327861877,-18,-118.139174458,0.377587388051,-0.260432117216,-0.887584469417,-2.42976800386,-0.887584469417,-2.42976800386,2.87430917057,4,0
2130,4.26,1,-0.121325723827,0,-5.11671733856,0,0,-0.19803517137,0.194647357544,-0.121325720785,1.55431231015,-0.0767094505848,-1.35966495261,-1.34034214891,-16.113102675,-5.11671735388,-4.25322609132e-05,-0.00398881888725,-0.121228084948,1.57890741157,-1.93807427515e-06,0.000484518568787,-0.121270617209,-0.197648661361,0.191801448863,1.57491859268,-0.208586476903,0.194207719814,-0.087315859694,-1.38071087287,-7.52953045013,-5.11671735388,-17.3814575276,-0.19803517137,0.194647357544,-0.0767094505848,-1.35966495261,-0.0767094505848,-1.35966495261,-0.0719872962913,4,0
2130,4.26,2,1.3068022728,0,-18,0,0,0.372543963796,-0.243309194,1.30680229106,2.02231716562,-0.934258327268,-2.26562635962,-0.316830007675,-119.45975742,-18,0.00181888607047,0.167160423755,1.30295107488,1.10805793459,2.42259285216e-06,-0.000605648213038,1.30476996095,0.37206082629,-0.239751808137,1.27521835835,0.344753686528,-0.24446712222,-0.960016274424,-1.51968548057,-90.8272795712,-18,-122.800380334,0.372543963796,-0.243309194,-0.934258327268,-2.26562635962,-0.934258327268,-2.26562635962,3.02379290561,4,0
2140,4.28,1,-0.092980414629,0,-7.11671733856,0,0,-0.194494530196,0.157315809312,-0.0929804112005,1.29086311384,-0.101514118995,-1.13354730453,-1.74716081167,-18.0834291529,-7.11671735388,-0.000100335646702,-0.00929095660539,-0.092761350968,1.34410435055,-2.54548152726e-06,0.000636370381816,-0.0928616866147,-0.194183771152,0.153470410818,1.33481339394,-0.207632064159,0.156768412063,-0.114770377544,-1.17804498188,-9.73046000617,-7.11671735388,-19.6626702147,-0.194494530196,0.157315809312,-0.101514118995,-1.13354730453,-0.101514118995,-1.13354730453,-0.167919749853,4,0
2140,4.28,2,1.34637737274,0,-18,0,0,0.368118162388,-0.196644758568,1.34637734937,1.95410760707,-0.978259186984,-2.15075236564,-0.158082633512,-123.984243853,-18,0.00190303855722,0.174880445366,1.34234925846,0.998104335585,3.18185191728e-06,-0.000795462979325,1.34425229702,0.367729713589,-0.191838010438,1.17298478095,0.340486524296,-0.197796076822,-1.00376577272,-1.37078085777,-90.8983938213,-18,-127.305797015,0.368118162388,-0.196644758568,-0.978259186984,-2.15075236564,-0.978259186984,-2.15075236564,3.16347052884,4,0
2150,4.3,1,-0.0709245353937,0,-9.11671733856,0,0,-0.191651954026,0.133486611806,-0.0709245354132,0.935631249079,-0.120727418613,-0.802144637273,-0.251892093733,-18.8484638578,-9.11671735388,-0.000154273351593,-0.0142405158023,-0.0705919832096,1.01568316001,-3.14431439663e-07,7.86078599183e-05,-0.0707462565612,-0.191385219274,0.13313155269,1.00144264421,-0.191605562545,0.133488544784,-0.120859305984,-0.867954099426,-11.7381999521,-9.11671735388,-18.8428872152,-0.191651954026,0.133486611806,-0.120727418613,-0.802144637273,-0.120727418613,-0.802144637273,-0.257468736343,4,0
2150,4.3,2,1.38535130024,0,-18,0,0,0.364564942239,-0.166858261616,1.38535135911,1.9535610936,-1.02078641687,-2.12041935522,-0.603186107556,-128.768736952,-18,0.00198082807922,0.182014618656,1.38115996273,0.959054144454,3.93039300439e-07,-9.82598251158e-05,1.38314079081,0.364231523804,-0.16641443772,1.14106876311,0.332156714878,-0.168208604423,-1.05098407593,-1.30927736753,-91.2216831813,-18,-132.66447595,0.364564942239,-0.166858261616,-1.02078641687,-2.12041935522,-1.02078641687,-2.12041935522,3.2925528897,4,0
2160,4.32,1,-0.0569268129766,0,-11.1167173386,0,0,-0.189173894523,0.107288024707,-0.0569268128803,0.494486543605,-0.132247081642,-0.387198518898,-1.89167233947,-18.2687975931,-11.1167173539,-0.000206220382496,-0.0190100706242,-0.0564847068589,0.600466399206,-2.86563613716e-06,0.000716409034288,-0.0566909272414,-0.188963584765,0.103005651799,0.581456328582,-0.202050846171,0.106751485055,-0.14535991893,-0.474704843527,-13.5319554522,-11.1167173539,-19.8167144892,-0.189173894523,0.107288024707,-0.132247081642,-0.387198518898,-0.132247081642,-0.387198518898,-0.343755443426,4,0
2160,4.32,2,1.42494821548,0,-18,0,0,0.361467367923,-0.134110027677,1.42494818584,2.0087551749,-1.06348081792,-2.14286520257,-0.0704409192875,-133.854657685,-18,0.00205082706395,0.188430729123,1.42061017323,0.979743603169,3.58204517742e-06,-0.000895511294358,1.4226610003,0.361204480732,-0.128757061534,1.16817433229,0.332525186586,-0.135315951899,-1.09013581371,-1.30349028419,-91.765462207,-18,-137.333749066,0.361467367923,-0.134110027677,-1.06348081792,-2.14286520257,-1.06348081792,-2.14286520257,3.40865046225,4,0
2170,4.34,1,-0.052655171603,0,-13.1167173386,0,0,-0.187445959323,0.0680490060222,-0.0526551732453,-0.0282398492918,-0.134790786078,0.0962888553139,-1.16298156046,-16.2702270515,-13.1167173539,-0.000258296580891,-0.0237945671437,-0.0521029507808,0.103855896406,-1.61510951074e-06,0.000403777377683,-0.0523612473617,-0.187312431677,0.0655524907519,0.080061329262,-0.193541007165,0.0677950456954,-0.141179759803,-0.0122662835666,-15.0912095907,-13.1167173539,-17.0029025942,-0.187445959323,0.0680490060222,-0.134790786078,0.0962888553139,-0.134790786078,0.0962888553139,-0.43030601783,4,0
2170,4.34,2,1.46613991261,0,-18,0,0,0.359307448988,-0.0850612542529,1.46613988566,2.10649052153,-1.10683243668,-2.19155177578,-0.261685012745,-139.17300116,-18,0.00211087734635,0.19392967451,1.46167658814,1.04808890726,2.01888689039e-06,-0.000504721722597,1.46378746549,0.359140539437,-0.0819406101621,1.24201858177,0.327946492964,-0.0863679607539,-1.13584097252,-1.32838654252,-92.4886715301,-18,-142.942849415,0.359307448988,-0.0850612542529,-1.10683243668,-2.19155177578,-1.10683243668,-2.19155177578,3.50816324265,4,0
2180,4.36,1,-0.059666980058,0,-13.5155496597,0,0,-0.186234256697,0.0525642041765,-0.0596669784571,-0.617669001389,-0.126567278239,0.670233205566,-1.44146219739,-12.4997255669,-13.5155495464,-0.000306247278066,-0.0280999479113,-0.059021405491,-0.465149228786,-2.17699281532e-06,0.000544248203828,-0.0593276527691,-0.186132260378,0.0493654149112,-0.493249176697,-0.193996310521,0.0522407852672,-0.134668657751,0.545489961965,-14.8078129517,-13.5155495464,-13.4327891204,-0.186234256697,0.0525642041765,-0.126567278239,0.670233205566,-0.126567278239,0.670233205566,-0.508398643969,4,0
2180,4.36,2,1.50959527493,0,-18,0,0,0.35779282077,-0.0657052519281,1.50959531145,2.22567730332,-1.15180249068,-2.29138255525,-0.161481411266,-144.998386071,-18,0.00215259362763,0.197652173539,1.5050529405,1.15041466821,2.72124102135e-06,-0.000680310255339,1.50720553413,0.357665325378,-0.0617067653432,1.34806684174,0.326703344186,-0.0670006467858,-1.18050218994,-1.41506748853,-93.3358895575,-18,-148.735600235,0.35779282077,-0.0657052519281,-1.15180249068,-2.29138255525,-1.15180249068,-2.29138255525,3.57573275313,4,0
2190,4.38,1,-0.0778581276536,0,-11.5155496597,0,0,-0.185574090633,0.0113988705298,-0.0778581266441,-1.13115033813,-0.107715963989,1.14254920866,-1.87863572269,-7.76821898687,-11.5155495464,-0.000263131839895,-0.0240820364083,-0.0773103897543,-1.00288895262,-2.74500849867e-06,0.00068625212467,-0.0775735215942,-0.185555474906,0.00724910708887,-1.02697098902,-0.197576601498,0.0108987659105,-0.120003079904,1.03786975493,-11.9989159741,-11.5155495464,-9.21102081377,-0.185574090633,0.0113988705298,-0.107715963989,1.14254920866,-0.107715963989,1.14254920866,-0.435833895793,4,0
2190,4.38,2,1.55487763882,0,-18,0,0,0.356967613257,-0.0142485848433,1.55487761176,2.28341514515,-1.19790999851,-2.29766373,0.0126460956377,-150.686167241,-18,0.00210235825323,0.19297864256,1.55044817317,1.23601618496,3.43126062385e-06,-0.000857815155967,1.55255053142,0.356944343605,-0.00906138054134,1.42899482752,0.328028979192,-0.0154543612627,-1.22452155223,-1.44444918879,-94.0692859617,-18,-154.164832211,0.356967613257,-0.0142485848433,-1.19790999851,-2.29766373,-1.19790999851,-2.29766373,3.49131106559,4,0
2200,4.4,1,-0.105078361928,0,-9.51554965973,0,0,-0.185670808751,-0.0139731708609,-0.105078359821,-1.53268165427,-0.08059244893,1.51870848341,-0.313133285879,-2.50566448562,-9.51554954645,-0.000204376024803,-0.0186909273957,-0.104654313497,-1.43364020784,-3.35165117882e-07,8.37912794672e-05,-0.104858689522,-0.185699009507,-0.0143517519095,-1.45233113523,-0.185461490907,-0.013964449284,-0.0806028013846,1.43836668595,-9.15421361493,-9.51554954645,-2.4805027364,-0.185670808751,-0.0139731708609,-0.08059244893,1.51870848341,-0.08059244893,1.51870848341,-0.338295035094,4,0
2200,4.4,2,1.60045921803,0,-18,0,0,0.357088510971,0.0174664668928,1.60045919767,2.26484472718,-1.2433706867,-2.24737826029,-0.450487944176,-156.039167338,-18,0.00203369587957,0.186674511307,1.59617467732,1.25174872958,4.18956397297e-07,-0.00010473909933,1.5982083732,0.357123761923,0.0179396932035,1.43842324088,0.325245878869,0.0161396905552,-1.27296249433,-1.42228355033,-94.4856158448,-18,-159.866917072,0.357088510971,0.0174664668928,-1.2433706867,-2.24737826029,-1.2433706867,-2.24737826029,3.37726178979,4,0
2210,4.42,1,-0.139142423868,0,-7.51554965973,0,0,-0.186151734328,-0.0413494923249,-0.139142429061,-1.826895867,-0.047009305267,1.78554637467,-2.04414891646,2.97662824338,-7.51554954645,-0.000149534693807,-0.0136598273335,-0.138833650717,-1.75506048769,-2.94663875738e-06,0.000736659689347,-0.13898318541,-0.186238825792,-0.0457557109422,-1.76872031502,-0.201099791323,-0.0419723280331,-0.0621166059124,1.72674798699,-6.30859422832,-7.51554954645,1.17974722546,-0.186151734328,-0.0413494923249,-0.047009305267,1.78554637467,-0.047009305267,1.78554637467,-0.247267898547,4,0
2210,4.42,2,1.64493024349,0,-18,0,0,0.357689668009,0.0516868687094,1.64493027962,2.1808642307,-1.28724061161,-2.12917736199,0.11412564143,-160.852504015,-18,0.00196853603727,0.180698863602,1.64078254177,1.200014973,3.68329844425e-06,-0.000920824611068,1.64275107781,0.357798532345,0.0571946419773,1.38071383661,0.331443441912,0.0505932759553,-1.3113076359,-1.33012056065,-94.5906123849,-18,-164.007519111,0.357689668009,0.0516868687094,-1.28724061161,-2.12917736199,-1.28724061161,-2.12917736199,3.26914073678,4,0
2220,4.44,1,-0.177941203117,0,-5.51554965973,0,0,-0.187404115081,-0.0810638748822,-0.177941204697,-2.01700667132,-0.00946291038444,1.93594279644,-1.29906808989,8.34589590306,-5.51554954645,-9.78521951111e-05,-0.00891655646657,-0.177741235395,-1.97088715881,-1.59472902284e-06,0.000398682255712,-0.177839087591,-0.187568784393,-0.0835307027327,-1.97980371527,-0.196867814755,-0.0814581957019,-0.0190287271646,1.89834551957,-3.49194219784,-5.51554954645,7.2082803381,-0.187404115081,-0.0810638748822,-0.00946291038444,1.93594279644,-0.00946291038444,1.93594279644,-0.161452524926,4,0
2220,4.44,2,1.6871175766,0,-18,0,0,0.359255144016,0.101329846858,1.68711759366,2.04388162638,-1.32786244964,-1.94255177952,-0.0793800169531,-164.918228289,-18,0.0019103416796,0.175365608528,1.68309166831,1.09168511274,1.99341127571e-06,-0.000498352818923,1.68500200999,0.359460980662,0.104413381667,1.26705072127,0.332201983343,0.10020263183,-1.35280002664,-1.16684808944,-94.423290802,-18,-168.170243644,0.359255144016,0.101329846858,-1.32786244964,-1.94255177952,-1.32786244964,-1.94255177952,3.17263533894,4,0
2230,4.46,1,-0.219419851899,0,-3.51554965973,0,0,-0.189172433227,-0.0963289833623,-0.219419858509,-2.10541610661,0.0302474252826,2.00908712324,-1.61172707034,13.5851870599,-3.51554954645,-4.78799887932e-05,-0.00432877463163,-0.219325239252,-2.08422115638,-2.13386779185e-06,0.000533466947964,-0.219373119241,-0.189368164884,-0.0994662292793,-2.08854993101,-0.201927569879,-0.0968604473895,0.017445549362,1.99168948362,-0.734666803658,-3.51554954645,12.0519133415,-0.189172433227,-0.0963289833623,0.0302474252826,2.00908712324,0.0302474252826,2.00908712324,-0.0784533519545,4,0
2230,4.46,2,1.72610259056,0,-18,0,0,0.361465541762,0.120411232431,1.72610261923,1.86676212012,-1.36463707746,-1.74635088769,0.0336412794896,-168.455630189,-18,0.00186065200306,0.170814773824,1.72218041787,0.938909821732,2.6673347357e-06,-0.000666833683923,1.72404106987,0.36171020634,0.124332789822,1.10972459556,0.336037684961,0.119351738398,-1.38800338491,-0.990372857158,-94.032002833,-18,-171.512270475,0.361465541762,0.120411232431,-1.36463707746,-1.74635088769,-1.36463707746,-1.74635088769,3.09028156577,4,0
2240,4.48,1,-0.261568427086,0,-1.51554954052,0,0,-0.191478271077,-0.13599486599,-0.261568417548,-2.09432108879,0.0700901464713,1.9583262228,-2.02262357996,18.2192156672,-1.51554954645,1.27118426911e-06,0.000184374569541,-0.261577490243,-2.09767162243,-2.5889017842e-06,0.000647225446047,-0.261576219058,-0.191754210455,-0.139911365562,-2.09748724786,-0.208330826838,-0.136697055813,0.0532453922206,1.96079019205,1.93270700169,-1.51554954645,16.1933980267,-0.191478271077,-0.13599486599,0.0700901464713,1.9583262228,0.0700901464713,1.9583262228,0.00319406049232,4,0
2240,4.48,2,1.76122093201,0,-18,0,0,0.364347839138,0.169993585624,1.76122089951,1.66195387301,-1.39687306037,-1.49196028739,0.200569870663,-171.137481024,-18,0.00182012041805,0.167105229447,1.75738306199,0.753856322617,3.23612722292e-06,-0.000809031805727,1.7592031824,0.364692763368,0.174889210078,0.920961552064,0.340867129919,0.169015222739,-1.41833605249,-0.751946329325,-93.468443945,-18,-173.960057945,0.364347839138,0.169993585624,-1.39687306037,-1.49196028739,-1.39687306037,-1.49196028739,3.02314679142,4,0
2250,4.5,1,-0.302423238754,0,0.48445045948,0,0,-0.194501753021,-0.159622638456,-0.302423233402,-1.98619327602,0.10792148038,1.82657063757,-0.589708218162,22.205957719,0.484450453553,4.9967894665e-05,0.00465597514197,-0.302535058207,-2.0138700624,-3.12475977426e-07,7.8118994354e-05,-0.302485090313,-0.194821235695,-0.159975693803,-2.00921408726,-0.200107002155,-0.159856190504,0.102378088158,1.84935789676,4.48056901759,0.484450453553,21.5321600628,-0.194501753021,-0.159622638456,0.10792148038,1.82657063757,0.10792148038,1.82657063757,0.0840894380471,4,0
2250,4.5,2,1.79204499722,0,-18,0,0,0.368127191631,0.199528301133,1.79204505574,1.44071496276,-1.42391786411,-1.24118666163,-0.22059186021,-173.195105371,-18,0.00178858082921,0.164220590407,1.78827267938,0.54791113909,3.90594970756e-07,-9.76487426954e-05,1.79006126021,0.368526544979,0.199969620315,0.712131729497,0.341577211797,0.198422051973,-1.44848404841,-0.513709677524,-92.7831280903,-18,-176.386634197,0.368127191631,0.199528301133,-1.42391786411,-1.24118666163,-1.42391786411,-1.24118666163,2.97093696572,4,0
2260,4.52,1,-0.340075850487,0,2.48445034027,0,0,-0.197879356646,-0.18462991397,-0.340075843198,-1.78405047175,0.142196486552,1.59942055778,-2.18768880102,25.2880542883,2.48445045355,9.8251043786e-05,0.00908951893481,-0.340289540602,-1.83584390067,-2.64588518167e-06,0.000661471295417,-0.340191289559,-0.198252566066,-0.188589124047,-1.82675438173,-0.217445265591,-0.185445160176,0.122746023968,1.64130922155,6.88122379928,2.48445045355,22.9360689839,-0.197879356646,-0.18462991397,0.142196486552,1.59942055778,0.142196486552,1.59942055778,0.164296503364,4,0
2260,4.52,2,1.81835329533,0,-18,0,0,0.372349196223,0.230787395434,1.81835330117,1.21242936078,-1.44600410495,-0.981641965347,0.302758249082,-174.59682765,-18,0.00176505670246,0.162070075812,1.81462964876,0.330990627812,3.30735646636e-06,-0.000826839116592,1.81639470546,0.372815708004,0.235736408015,0.493060703625,0.350476720514,0.22987604228,-1.46591798495,-0.263184661345,-92.0214172962,-18,-177.2260815,0.372349196223,0.230787395434,-1.44600410495,-0.981641965347,-1.44600410495,-0.981641965347,2.93201209987,4,0
2270,4.54,1,-0.372684717178,0,4.48445034027,0,0,-0.201949799289,-0.219674404107,-0.372684725126,-1.49149980073,0.170734925837,1.27182539662,-1.52273380528,27.178505399,4.48445045355,0.000146063479823,0.0134797918011,-0.372999297249,-1.56717284819,-1.36774102874e-06,0.000341935257182,-0.372853233769,-0.202391331579,-0.221791950963,-1.55369305638,-0.216644742753,-0.220286693418,0.156208491016,1.33340636297,9.10954942345,4.48445045355,25.4120507368,-0.201949799289,-0.219674404107,0.170734925837,1.27182539662,0.170734925837,1.27182539662,0.243720856944,4,0
2270,4.54,2,1.84008550644,0,-18,0,0,0.377437249584,0.274593007949,1.84008545857,0.984035214274,-1.46264820899,-0.709442206325,0.132098086553,-175.269199639,-18,0.00174780349632,0.160492470674,1.83639757077,0.110945472648,1.70967627877e-06,-0.000427419069691,1.83814537427,0.377989164952,0.277239941507,0.271437943321,0.354382610703,0.273632397996,-1.48376276357,0.0021944546742,-91.2201993598,-18,-178.040559355,0.377437249584,0.274593007949,-1.46264820899,-0.709442206325,-1.46264820899,-0.709442206325,2.90345780208,4,0
2280,4.56,1,-0.398485779762,0,6.48445034027,0,0,-0.206469041101,-0.232742125238,-0.398485777326,-1.11259724124,0.192016736225,0.879855116004,-1.82904074635,27.8753757434,6.48445045355,0.000193439511662,0.0178301796762,-0.398900320276,-1.21193930168,-1.81428633184e-06,0.000453571582958,-0.398706880764,-0.206937142426,-0.235411377215,-1.194109122,-0.22436683527,-0.233487866662,0.174340045494,0.960621255341,11.1431365898,6.48445045355,25.723911736,-0.206469041101,-0.232742125238,0.192016736225,0.879855116004,0.192016736225,0.879855116004,0.322423261058,4,0
2280,4.56,2,1.85728907585,0,-18,0,0,0.383086301905,0.290927659294,1.8572890555,0.759594066466,-1.4742027536,-0.468666407173,0.243346713583,-175.480373039,-18,0.00173439682697,0.15926427829,1.85362917183,-0.106916413246,2.2678579048e-06,-0.000566964476204,1.85536356865,0.383671428566,0.29426422425,0.0523478650437,0.361142016873,0.290013314084,-1.49422155178,0.23766544904,-90.4053499107,-18,-178.118258969,0.383086301905,0.290927659294,-1.4742027536,-0.468666407173,-1.4742027536,-0.468666407173,2.88123264341,4,0
2290,4.58,1,-0.415798813105,0,8.48445034027,0,0,-0.211442146589,-0.265769584035,-0.415798803694,-0.651615724373,0.204356657105,0.385846140338,-2.16039066556,26.9886703657,8.48445045355,0.000240606780937,0.0221618767475,-0.416312921222,-0.77454150548,-2.09738602297e-06,0.000524346505743,-0.416072314441,-0.211976891334,-0.268945411773,-0.752379628733,-0.232748300035,-0.266657340429,0.183324014406,0.485722288304,12.9618855585,8.48445045355,24.4274931702,-0.211442146589,-0.265769584035,0.204356657105,0.385846140338,0.204356657105,0.385846140338,0.400786529899,4,0
2290,4.58,2,1.87005853653,0,-18,0,0,0.389302683818,0.332211982591,1.87005848919,0.540013359788,-1.48075580537,-0.207801377197,0.381514693417,-174.989980258,-18,0.00172185149908,0.158110674405,1.86642521541,-0.320167834335,2.62173251447e-06,-0.000655433128625,1.86814706691,0.389971114754,0.336181767242,-0.162057159929,0.368681388138,0.331352761938,-1.49946567877,0.493409921867,-89.5900243001,-18,-177.468831843,0.389302683818,0.332211982591,-1.48075580537,-0.207801377197,-1.48075580537,-0.207801377197,2.86036627831,4,0
2300,4.6,1,-0.42302942276,0,10.4844503403,0,0,-0.217000680631,-0.28459195614,-0.423029413433,-0.112835376864,0.206028732802,-0.171756579276,-1.04565435314,24.5044297254,10.4844504536,0.000287976024493,0.0265127830599,-0.423643593725,-0.259472194613,-2.49303544059e-07,6.2325886012e-05,-0.423355617701,-0.217570054166,-0.28487374517,-0.232959411553,-0.229688239276,-0.285120604417,0.193667378424,-0.0521611928639,14.5471953284,10.4844504536,22.9792794466,-0.217000680631,-0.28459195614,0.206028732802,-0.171756579276,0.206028732802,-0.171756579276,0.479495925661,4,0
2300,4.6,2,1.87847030163,0,-18,0,0,0.39625085142,0.355739947586,1.87847024237,0.322911295054,-1.48221939095,0.0328286525316,0.0569646154667,-173.996629872,-18,0.0017067462997,0.156716957147,1.87486945541,-0.529459442108,3.11629428262e-07,-7.79073570614e-05,1.87657620171,0.396962568343,0.356092183872,-0.372742484961,0.373139292417,0.35477696596,-1.50343690929,0.727519450921,-88.7737015612,-18,-176.774831861,0.39625085142,0.355739947586,-1.48221939095,0.0328286525316,-1.48221939095,0.0328286525316,2.8351666039,4,0
2310,4.62,1,-0.418668031693,0,12.4844503403,0,0,-0.222837371808,-0.303990330683,-0.418668027878,0.499531838898,0.19583065607,-0.803522169581,-2.30350183774,20.2265328713,12.4844504536,0.000336015513149,0.0309258193755,-0.419383740651,0.328825755605,-2.00233998982e-06,0.000500584997453,-0.419047725138,-0.22344834748,-0.306989590831,0.35975157498,-0.246652941386,-0.304982646082,0.172394783753,-0.664734221062,15.8810125513,12.4844504536,17.363702945,-0.222837371808,-0.303990330683,0.19583065607,-0.803522169581,0.19583065607,-0.803522169581,0.559328088532,4,0
2310,4.62,2,1.88251674175,0,-18,0,0,0.403546715439,0.379987915609,1.88251672032,0.102597703545,-1.47897000488,0.277390212064,0.471327334717,-172.432889737,-18,0.00168533532086,0.154738745095,1.87896224045,-0.738593530158,2.50292496978e-06,-0.000625731242442,1.88064757577,0.404310435033,0.383736990768,-0.583854785064,0.384179697331,0.379180956521,-1.49646787844,0.963035741585,-87.9418065941,-18,-174.760966705,0.403546715439,0.379987915609,-1.47897000488,0.277390212064,-1.47897000488,0.277390212064,2.79940430312,4,0
2320,4.64,1,-0.401333153248,0,12.8844509125,0,0,-0.22919852405,-0.329824687012,-0.401333144994,1.16819257277,0.172134620944,-1.49801725979,-1.80472894912,13.9793122633,12.8844504536,0.000377897918111,0.034649728676,-0.402127619623,0.98089187536,-9.63553297872e-07,0.000240888324465,-0.401749721704,-0.229859715942,-0.331318610919,1.01554160404,-0.249427412853,-0.330667557379,0.152322308851,-1.34620916141,15.359386632,12.8844504536,11.5476312551,-0.22919852405,-0.329824687012,0.172134620944,-1.49801725979,0.172134620944,-1.49801725979,0.626952059093,4,0
2320,4.64,2,1.88205504417,0,-18,0,0,0.411498155783,0.412280860775,1.88205501685,-0.125574755746,-1.47055686107,0.537855616521,0.345703144232,-170.173697548,-18,0.00165734284575,0.152214826363,1.87855617246,-0.95436308447,1.20444161178e-06,-0.000301110402944,1.8802135153,0.412324645652,0.414148265642,-0.802148258107,0.391466733358,0.411446218174,-1.48874678194,1.21359447628,-87.0678801357,-18,-172.581641452,0.411498155783,0.412280860775,-1.47055686107,0.537855616521,-1.47055686107,0.537855616521,2.75364704819,4,0
2330,4.66,1,-0.371503204107,0,10.8844509125,0,0,-0.23588319239,-0.339002012617,-0.371503210237,1.73425964181,0.135620017848,-2.07326165443,-2.06488131915,6.5589176732,10.8844504536,0.00031073647537,0.0284164064227,-0.37214792363,1.58369392069,-1.25965228973e-06,0.000314913072432,-0.371837187155,-0.236563017815,-0.340857451718,1.61211032711,-0.257339319046,-0.339896017895,0.114497868109,-1.952006345,12.3115604484,10.8844504536,3.97971244802,-0.23588319239,-0.339002012617,0.135620017848,-2.07326165443,0.135620017848,-2.07326165443,0.514323906035,4,0
2330,4.66,2,1.8773213625,0,-18,0,0,0.419853991247,0.42375251768,1.87732131,-0.321378746075,-1.45746731875,0.745131263755,0.440842349042,-167.521688756,-18,0.0016750073982,0.15386138917,1.87378198273,-1.16024309336,1.57456534766e-06,-0.000393641336915,1.87545699012,0.420703773032,0.426071816534,-1.00638170419,0.400366645959,0.422940544959,-1.47509034416,1.42932224915,-86.237281706,-18,-169.864230054,0.419853991247,0.42375251768,-1.45746731875,0.745131263755,-1.45746731875,0.745131263755,2.78338364717,4,0
2340,4.68,1,-0.33191883564,0,8.88445091248,0,0,-0.24287926739,-0.361112125711,-0.331918839846,2.15899150108,0.0890395724566,-2.52010362679,-2.27360925302,-1.44950362709,8.88445045355,0.000225314658543,0.0205782761045,-0.332383722212,2.05090968754,-1.33414027534e-06,0.000333535068833,-0.332158407554,-0.243603537844,-0.363135832496,2.07148796365,-0.264892068098,-0.36202932574,0.067266339456,-2.43351728939,9.24441888195,8.88445045355,-4.09562571223,-0.24287926739,-0.361112125711,0.0890395724566,-2.52010362679,0.0890395724566,-2.52010362679,0.372512832112,4,0
2340,4.68,2,1.86910009384,0,-18,0,0,0.428599085032,0.451390158766,1.86910008055,-0.479096229481,-1.44050099551,0.930486388248,0.532416998468,-164.507030979,-18,0.00169900287084,0.156063512601,1.8655102089,-1.32991019988,1.66767532495e-06,-0.000416918831233,1.86720921177,0.429504423104,0.45391979222,-1.17384668728,0.409542105447,0.45059611795,-1.45766710633,1.62444280523,-85.5423030329,-18,-166.797838733,0.428599085032,0.451390158766,-1.44050099551,0.930486388248,-1.44050099551,0.930486388248,2.82322475281,4,0
2350,4.7,1,-0.285325795412,0,6.88445043564,0,0,-0.250252709328,-0.372690536855,-0.285325786198,2.4497430613,0.0350730768705,-2.82243359815,-1.62129520723,-9.6072630147,6.88445045355,0.000146099841928,0.0133136180886,-0.285624392123,2.38086243888,-1.53832216465e-07,3.84580541219e-05,-0.285478292281,-0.250998207683,-0.37286455197,2.39417605696,-0.265745514316,-0.373336070396,0.019732777965,-2.76751212736,6.19894361401,6.88445045355,-11.469627281,-0.250252709328,-0.372690536855,0.0350730768705,-2.82243359815,0.0350730768705,-2.82243359815,0.241069059068,4,0
2350,4.7,2,1.85811114311,0,-18,0,0,0.437815887485,0.465863172516,1.85811116634,-0.601746104508,-1.42029527885,1.06760927702,0.346580153848,-161.342998306,-18,0.0017233927883,0.158306916831,1.85446949133,-1.46489200248,1.92290268153e-07,-4.80725670451e-05,1.85619288412,0.438747760433,0.466080691407,-1.30658508565,0.416875393087,0.464990651916,-1.43931749103,1.77157573756,-84.9756441289,-18,-163.860220236,0.437815887485,0.465863172516,-1.42029527885,1.06760927702,-1.42029527885,1.06760927702,2.86380208466,4,0
2360,4.72,1,-0.234321132302,0,4.88445043564,0,0,-0.257792306794,-0.38396682497,-0.23432113369,2.61408003075,-0.0234711731045,-2.99804685572,-2.37583878969,-17.6648193831,4.88445045355,7.42201065145e-05,0.00672254676619,-0.234468950339,2.58073266741,-1.09937864273e-06,0.000274844660678,-0.234394730232,-0.258561892849,-0.38561756155,2.58745521417,-0.27856998276,-0.384832561469,-0.0441752525278,-2.97228777564,3.20866702345,4.88445045355,-20.1624691815,-0.257792306794,-0.38396682497,-0.0234711731045,-2.99804685572,-0.0234711731045,-2.99804685572,0.12181100871,4,0
2360,4.72,2,1.84506261349,0,-18,0,0,0.447240384346,0.47995853246,1.84506260831,-0.688280112423,-1.39782222396,1.16823864488,0.5983112359,-158.080086544,-18,0.00175165588761,0.160910081962,1.84136056425,-1.56585829973,1.37422328134e-06,-0.000343555820333,1.84311222014,0.448202366917,0.482021953152,-1.40494821776,0.428002383603,0.479156949096,-1.41510983654,1.88410516686,-84.5367804004,-18,-160.39265455,0.447240384346,0.47995853246,-1.39782222396,1.16823864488,-1.39782222396,1.16823864488,2.91087924181,4,0
2370,4.74,1,-0.181345015764,0,2.88445043564,0,0,-0.265620040032,-0.397244038778,-0.181345019331,2.66010844359,-0.084275020701,-3.05735248236,-2.10762819846,-25.3961059163,2.88445045355,9.64903248575e-06,0.000802649774856,-0.181357473015,2.65864130952,-4.34530976812e-07,0.000108632744198,-0.181347823982,-0.26641522982,-0.397920792188,2.65944395929,-0.283275415081,-0.397979679405,-0.101927591099,-3.0574236387,0.305488055503,2.88445045355,-27.5184291253,-0.265620040032,-0.397244038778,-0.084275020701,-3.05735248236,-0.084275020701,-3.05735248236,0.014695010635,4,0
2370,4.74,2,1.8307081461,0,-18,0,0,0.457025050914,0.496555049416,1.83070815386,-0.735682098712,-1.37368310295,1.23223714813,0.534016733828,-154.786780219,-18,0.00178601467159,0.164074788599,1.82693270078,-1.63081164434,5.43163708455e-07,-0.000135790927118,1.82871871545,0.458019038151,0.497400991159,-1.46673685574,0.436776082867,0.495711342414,-1.39194263259,1.96244819815,-84.2359493144,-18,-157.22087492,0.457025050914,0.496555049416,-1.37368310295,1.23223714813,-1.37368310295,1.23223714813,2.96811143452,4,0
2380,4.76,1,-0.128669008613,0,0.884450435638,0,0,-0.273604092684,-0.401341986699,-0.128669011127,2.59650013627,-0.144935081557,-2.99784212297,-2.28765440923,-32.5003395661,0.884450453553,-4.76719295365e-05,-0.00445163585911,-0.128561387975,2.62329677566,-5.4182210929e-07,0.000135455527317,-0.128609059905,-0.274407566409,-0.402143228732,2.6188451398,-0.291966174279,-0.402107073432,-0.163357114374,-3.02095221324,-2.4810160023,0.884450453553,-34.7076147911,-0.273604092684,-0.401341986699,-0.144935081557,-2.99784212297,-0.144935081557,-2.99784212297,-0.0803791842168,4,0
2380,4.76,2,1.81586766243,0,-18,0,0,0.467005116748,0.501677484196,1.81586765308,-0.740626986805,-1.34886253633,1.242304471,0.600718307239,-151.666765203,-18,0.00182710460955,0.167857414661,1.81200459783,-1.65666494655,6.77277619432e-07,-0.000169319404865,1.81383170244,0.468009458905,0.502679036713,-1.48880753189,0.446741925795,0.500833184573,-1.36708977665,1.98964071647,-84.0880965346,-18,-154.102569615,0.467005116748,0.501677484196,-1.34886253633,1.242304471,-1.34886253633,1.242304471,3.03652271961,4,0
2390,4.78,1,-0.0783873796463,0,-1.11554956436,0,0,-0.281716750224,-0.409670245283,-0.0783873811555,2.43221783585,-0.203329369069,-2.84188808114,-2.34642662532,-38.8355033054,-1.11554954645,-9.80431687955e-05,-0.00906841970626,-0.0781742848639,2.48383270291,-3.98047986849e-07,9.95119967072e-05,-0.0782723280327,-0.282536712446,-0.410279646755,2.4747642832,-0.29987279283,-0.410426747058,-0.221600464798,-2.88519103026,-5.12451264381,-1.11554954645,-41.018010927,-0.281716750224,-0.409670245283,-0.203329369069,-2.84188808114,-0.203329369069,-2.84188808114,-0.163919003709,4,0
2390,4.78,2,1.8014190197,0,-18,0,0,0.477145938686,0.512087807102,1.8014190091,-0.700710337606,-1.32427307042,1.21279814471,0.633811486879,-148.759495906,-18,0.00187427116581,0.172196343981,1.79745568408,-1.64062575321,4.97559961787e-07,-0.000124389990449,1.79932995525,0.478170891464,0.512849558909,-1.46842940923,0.456505189315,0.511227775878,-1.34282476594,1.97965718511,-84.1076278869,-18,-151.240685987,0.477145938686,0.512087807102,-1.32427307042,1.21279814471,-1.32427307042,1.21279814471,3.11500156753,4,0
2400,4.8,1,-0.0324163064361,0,-3.11554956436,0,0,-0.289949822749,-0.412504637076,-0.0324163052407,2.17603894191,-0.257533517509,-2.58854357899,-2.24073815957,-44.1676877314,-3.11554954645,-0.000142203254373,-0.0131162226546,-0.0321107153765,2.24942343301,-3.84309261636e-08,9.60773153513e-06,-0.0322529186309,-0.29077486177,-0.412548333486,2.23630721036,-0.306617349174,-0.413199117344,-0.274364430543,-2.6495063277,-7.60236487386,-3.11554954645,-46.1712633036,-0.289949822749,-0.412504637076,-0.257533517509,-2.58854357899,-0.257533517509,-2.58854357899,-0.237162587313,4,0
2400,4.8,2,1.78827011585,0,-18,0,0,0.48743727935,0.515630796641,1.78827014577,-0.615262912795,-1.30083286642,1.13089370944,0.610716710619,-146.242959695,-18,0.00192591765347,0.176943915836,1.78419735262,-1.58118496247,4.80386550539e-08,-1.20096637585e-05,1.78612327028,0.488468578126,0.515685417151,-1.40424104663,0.46589000338,0.514732993476,-1.3202332669,1.91897404011,-84.304529587,-18,-148.833121827,0.48743727935,0.515630796641,-1.30083286642,1.13089370944,-1.30083286642,1.13089370944,3.20087884284,4,0
2410,4.82,1,0.00749648781493,0,-5.11554956436,0,0,-0.298215522666,-0.414197922374,0.00749648787815,1.83601601234,-0.305712010544,-2.25021393471,-2.39389857904,-48.3414993785,-5.11554954645,-0.000181394733031,-0.0167098349334,0.00788427908605,1.92877001979,-5.39856495618e-08,1.34964123897e-05,0.00770288435302,-0.299044014231,-0.414286271737,1.91206018486,-0.315616258317,-0.414922953026,-0.32331914267,-2.32698313789,-9.89544771694,-5.11554954645,-50.4332128099,-0.298215522666,-0.414197922374,-0.305712010544,-2.25021393471,-0.305712010544,-2.25021393471,-0.302185147676,4,0
2410,4.82,2,1.77731883526,0,-18,0,0,0.49776940425,0.517747403045,1.77731886459,-0.48579467338,-1.27954946034,1.00354207642,0.667136410986,-144.20823425,-18,0.00197983614417,0.181896753305,1.77313212492,-1.47872386366,6.74820382351e-08,-1.68705095638e-05,1.77511196106,0.498805018707,0.517857839713,-1.29682711036,0.47594612371,0.516838099689,-1.29916583735,1.81366521005,-84.681759721,-18,-146.831574432,0.49776940425,0.517747403045,-1.27954946034,1.00354207642,-1.27954946034,1.00354207642,3.29047659256,4,0
2420,4.84,1,0.0397517606616,0,-7.11554956436,0,0,-0.306495703201,-0.413197844347,0.0397517592115,1.41899632411,-0.346247462412,-1.83219416846,-2.39067636976,-51.1931217677,-7.11554954645,-0.000217311714329,-0.0200053741901,0.0402150871087,1.5295883971,1.50787655417e-07,-3.76969138585e-05,0.0399977753944,-0.307321868881,-0.412969749459,1.50958302291,-0.323373622371,-0.413901090979,-0.363371397765,-1.92348411389,-11.9873666531,-7.11554954645,-53.2219883013,-0.306495703201,-0.413197844347,-0.346247462412,-1.83219416846,-0.346247462412,-1.83219416846,-0.361809836193,4,0
2420,4.84,2,1.76940715313,0,-18,0,0,0.508119629917,0.516497305189,1.76940716966,-0.316148900198,-1.26128753974,0.832646205388,0.672415382872,-142.755175951,-18,0.00203347669107,0.186820371278,1.76510741815,-1.33579823394,-1.88484582275e-07,4.71211455796e-05,1.76714089484,0.509152337016,0.516212186559,-1.14897786266,0.48559924379,0.515558955767,-1.28154165105,1.66453681843,-85.2336843398,-18,-145.462314034,0.508119629917,0.516497305189,-1.26128753974,0.832646205388,-1.26128753974,0.832646205388,3.37955346514,4,0
2430,4.86,1,0.0628705844283,0,-9.11554908752,0,0,-0.314744754271,-0.411685498805,0.0628705866687,0.930275259181,-0.37761534094,-1.34196075799,-2.46693517717,-52.5814642391,-9.11554954645,-0.000251977753992,-0.0231890180898,0.0634070913866,1.05819953743,2.46204645782e-07,-6.15511614414e-05,0.0631551136326,-0.315567781053,-0.41132873766,1.03501051934,-0.331777942422,-0.412395214978,-0.394933056054,-1.44740573432,-13.8632267617,-9.11554954645,-54.6289953981,-0.314744754271,-0.411685498805,-0.37761534094,-1.34196075799,-0.37761534094,-1.34196075799,-0.419404018204,4,0
2430,4.86,2,1.76527476311,0,-18,0,0,0.518430943748,0.514606873137,1.76527471837,-0.112472515091,-1.24684377462,0.627079388228,0.70193725288,-141.94095995,-18,0.00208412152197,0.191465025699,1.76086864213,-1.15718984028,-3.07755824713e-07,7.69389561865e-05,1.76295276365,0.519459727225,0.51416092168,-0.965724814578,0.495457041574,0.513649627213,-1.26749572208,1.47937444179,-85.9452514151,-18,-144.702614441,0.518430943748,0.514606873137,-1.24684377462,0.627079388228,-1.24684377462,0.627079388228,3.4635917434,4,0
2440,4.88,1,0.0754610002041,0,-11.1155490875,0,0,-0.322922946857,-0.40515292287,0.0754610007954,0.373408872036,-0.398383947653,-0.778561794906,-2.36783469851,-52.3348003344,-11.1155495464,-0.000287603368819,-0.0264639189691,0.0760730035008,0.519270735239,5.89614004454e-07,-0.000147403501119,0.075785400132,-0.323732369412,-0.404269067107,0.49280681627,-0.338638930066,-0.405807755504,-0.414424330198,-0.898614571774,-15.508148388,-11.1155495464,-54.2239924826,-0.322922946857,-0.40515292287,-0.398383947653,-0.778561794906,-0.398383947653,-0.778561794906,-0.478642550319,4,0
2440,4.88,2,1.76551377773,0,-18,0,0,0.52865368447,0.506441152892,1.76551382901,0.11688466494,-1.23686014454,0.389556487952,0.672150322217,-141.835213683,-18,0.00212894985882,0.195571514546,1.76101408439,-0.949832019744,-7.37017527119e-07,0.000184254381782,1.76314303425,0.529665462663,0.505336333156,-0.754260505197,0.504813804123,0.505447824544,-1.25832923012,1.25970832974,-86.791568156,-18,-144.700965966,0.52865368447,0.506441152892,-1.23686014454,0.389556487952,-1.23686014454,0.389556487952,3.53790260563,4,0
2450,4.9,1,0.0761826112866,0,-13.1155490875,0,0,-0.330949001932,-0.398876081439,0.0761826142785,-0.249815748542,-0.40713161621,-0.149060332897,-2.82219642492,-50.3227482557,-13.1155495464,-0.000326447637662,-0.0300374982833,0.0768772016523,-0.0842830747373,8.19493408133e-08,-2.04873351996e-05,0.0765507540147,-0.331746692452,-0.398783797991,-0.114320573021,-0.349907076158,-0.399666001199,-0.426457830173,-0.285345428178,-16.9057397865,-13.1155495464,-52.6016667616,-0.330949001932,-0.398876081439,-0.40713161621,-0.149060332897,-0.40713161621,-0.149060332897,-0.543277918964,4,0
2450,4.9,2,1.77052628994,0,-18,0,0,0.538686253297,0.498595100906,1.77052631755,0.361440009693,-1.23184006425,0.137155091213,0.814672658039,-142.419460454,-18,0.00216499800373,0.198867379781,1.76595184372,-0.722714310182,-1.02436678473e-07,2.56091696274e-05,1.76811684172,0.539683366445,0.498479746593,-0.523846930401,0.51553573654,0.497630496041,-1.25258110518,1.02147742644,-87.7375755757,-18,-145.20234549,0.538686253297,0.498595100906,-1.23184006425,0.137155091213,-1.23184006425,0.137155091213,3.59755769321,4,0
2460,4.92,1,0.0637124329805,0,-15.1155490875,0,0,-0.338869929171,-0.390766987809,0.0637124341474,-0.939245193169,-0.402582363319,0.548478205361,-2.35389034555,-46.3871538077,-15.1155495464,-0.0003706699414,-0.0341077824596,0.0645012254875,-0.751240077029,9.98401535224e-07,-0.000249600383806,0.0641305555461,-0.339649989781,-0.38928150372,-0.785347859488,-0.353319819202,-0.39136906656,-0.417450374748,0.393978792928,-18.0367643031,-15.1155495464,-48.1241510051,-0.338869929171,-0.390766987809,-0.402582363319,0.548478205361,-0.402582363319,0.548478205361,-0.616893148103,4,0
2460,4.92,2,1.78048062325,0,-18,0,0,0.548587412327,0.488458733658,1.78048064204,0.608539134507,-1.23189322972,-0.12008040085,0.668353095554,-143.663773456,-18,0.00218903383874,0.201055285264,1.77585724886,-0.486854749317,-1.24800194146e-06,0.000312000485353,1.7780462827,0.549562488087,0.486601878513,-0.285799464052,0.523890073271,0.487429677864,-1.25415620943,0.773229141916,-88.7375862179,-18,-146.632599422,0.548587412327,0.488458733658,-1.23189322972,-0.12008040085,-1.23189322972,-0.12008040085,3.63717906126,4,0
2470,4.94,1,0.0367156378925,0,-17.1155490875,0,0,-0.346529805816,-0.375619184553,0.0367156367643,-1.69600606006,-0.383245442581,1.32038687551,-2.61589141459,-40.3213347859,-17.1155495464,-0.000422115962665,-0.0388435907333,0.0376140846557,-1.48183122487,7.16570767223e-07,-0.000179142691802,0.0371919686931,-0.347279912258,-0.374515792541,-1.5206748156,-0.362446736407,-0.376282389994,-0.3996387051,1.14439242561,-18.8783223765,-17.1155495464,-42.2346824839,-0.346529805816,-0.375619184553,-0.383245442581,1.32038687551,-0.383245442581,1.32038687551,-0.702543716565,4,0
2470,4.94,2,1.79526662827,0,-18,0,0,0.558162258108,0.46952397929,1.79526660375,0.843161463796,-1.23710434564,-0.373637484506,0.742408962954,-145.543918805,-18,0.00219737618103,0.201796382099,1.79062794532,-0.255402163187,-8.95713470839e-07,0.000223928367713,1.7928253215,0.559099891157,0.468144739257,-0.0536057810876,0.533969015454,0.468515927512,-1.25885630604,0.5221217086,-89.7345536794,-18,-148.452148182,0.558162258108,0.46952397929,-1.23710434564,-0.373637484506,-1.23710434564,-0.373637484506,3.65063834034,4,0
2480,4.96,1,-0.00611209636554,0,-18,0,0,-0.353975137142,-0.368692479738,-0.00611209658831,-2.50811787029,-0.347863040554,2.13942539055,-2.57837360075,-32.0773362635,-18,-0.000472233401667,-0.0433819244913,-0.0051131185142,-2.27119814797,1.00233398925e-06,-0.000250583497318,-0.00558535191587,-0.354711088515,-0.367223936139,-2.31458007246,-0.368895849758,-0.369314176097,-0.363310497843,1.94526589636,-18.3017909501,-18,-33.8709302593,-0.353975137142,-0.368692479738,-0.347863040554,2.13942539055,-0.347863040554,2.13942539055,-0.78477960498,4,0
2480,4.96,2,1.81442070007,0,-18,0,0,0.567468922236,0.460865598159,1.81442070091,1.04229973484,-1.24695177868,-0.581434136682,0.73082331271,-147.818221385,-18,0.00217966806763,0.200092368035,1.80982623981,-0.0444701483301,-1.25291750219e-06,0.000313229375557,1.81200590788,0.56838886145,0.459029918638,0.155622219705,0.543434391811,0.459864159392,-1.26857151607,0.304241939687,-90.6543248642,-18,-150.70737223,0.567468922236,0.460865598159,-1.24695177868,-0.581434136682,-1.24695177868,-0.581434136682,3.61997415755,4,0
2490,4.98,1,-0.0650202855468,0,-18,0,0,-0.36115932679,-0.348145406941,-0.0650202843203,-3.29812572813,-0.29613904247,2.94998032119,-2.33417231951,-21.8256824886,-18,-0.000477598625149,-0.0438634982174,-0.0640117827203,-3.05922410167,1.5008876707e-06,-0.00037522191768,-0.0644893813454,-0.361853343728,-0.3458828032,-3.10308759989,-0.373975887583,-0.348679430307,-0.309486506238,2.75440816958,-16.5915252949,-18,-23.3663399006,-0.36115932679,-0.348145406941,-0.29613904247,2.94998032119,-0.29613904247,2.94998032119,-0.793514907508,4,0
2490,4.98,2,1.83671319485,0,-18,0,0,0.576449159263,0.435181756876,1.83671318957,1.16030791959,-1.26026403031,-0.725126162712,0.641926825397,-150.293536484,-18,0.0021099830488,0.193659148957,1.8322695308,0.109901394748,-1.87610960689e-06,0.000469027401727,1.83437951385,0.577316680432,0.432353502172,0.303560543705,0.552642687416,0.434189820549,-1.28173682643,0.130629276844,-91.3345550826,-18,-153.155272788,0.576449159263,0.435181756876,-1.26026403031,-0.725126162712,-1.26026403031,-0.725126162712,3.50366312868,4,0
2500,5,1,-0.139303401113,0,-16.9454231262,0,0,-0.367938536832,-0.333570537875,-0.139303403715,-4.04169953247,-0.228635133117,3.7081289946,-3.28973322944,-9.90775237257,-16.9454232752,-0.000471694503011,-0.0432465636295,-0.138313528703,-3.80845302674,1.917125379e-07,-4.79281344794e-05,-0.138785223206,-0.368605532862,-0.333354230489,-3.85169959037,-0.388795850108,-0.334439592595,-0.250010626902,3.51725999778,-13.621457146,-16.9454232752,-12.4149752394,-0.367938536832,-0.333570537875,-0.228635133117,3.7081289946,-0.228635133117,3.7081289946,-0.78251036265,4,0
2500,5,2,1.86033713818,0,-18,0,0,0.584923171777,0.416963170377,1.86033715353,1.1814007766,-1.27541398175,-0.764437606223,0.931534980646,-152.523277283,-18,0.00201635953792,0.18500024491,1.85609638668,0.180068595529,-2.39640674748e-07,5.99101686733e-05,1.85811274621,0.585756916811,0.416692786142,0.365068840438,0.564827976193,0.416125870561,-1.29328477002,0.0510570301229,-91.6647298329,-18,-154.938887252,0.584923171777,0.416963170377,-1.27541398175,-0.764437606223,-1.27541398175,-0.764437606223,3.34714494983,4,0
2510,5.02,1,-0.227125331759,0,-14.9454231262,0,0,-0.374488483806,-0.316709651081,-0.227125326897,-4.65498156285,-0.14736315691,4.33827191177,-2.26070752029,3.13573471332,-14.9454232752,-0.000410418415312,-0.0375931533309,-0.226268116467,-4.45370221458,1.92143931438e-06,-0.000480359828599,-0.226678534883,-0.375119051541,-0.313842787657,-4.49129536791,-0.387635798035,-0.317257455841,-0.160957263152,4.17403791207,-9.60026509428,-14.9454232752,1.55531798206,-0.374488483806,-0.316709651081,-0.14736315691,4.33827191177,-0.14736315691,4.33827191177,-0.680290789034,4,0
2510,5.02,2,1.88304829597,0,-18,0,0,0.593110605455,0.395887061711,1.88304832071,1.08011528117,-1.28993771526,-0.684228219463,0.601386099141,-154.149192082,-18,0.00188662940483,0.173081367084,1.87908248677,0.14403985378,-2.401799161e-06,0.000600449790243,1.88096911618,0.593898815118,0.392303482404,0.317121220864,0.572062575341,0.395010060457,-1.30890654083,0.0778888395924,-91.544511592,-18,-156.679340702,0.593110605455,0.395887061711,-1.28993771526,-0.684228219463,-1.28993771526,-0.684228219463,3.13153471907,4,0
2520,5.04,1,-0.325586020947,0,-12.9454231262,0,0,-0.380535669775,-0.289376618927,-0.325586023484,-5.11979600984,-0.0549496462914,4.83041939091,-2.75415085308,16.8466614787,-12.9454232752,-0.000337247303317,-0.0308665000402,-0.324883969189,-4.95538929342,1.18951748052e-06,-0.00029737937013,-0.325221216492,-0.381112535814,-0.287540881396,-4.98625579346,-0.398800088799,-0.290137636386,-0.0735788723071,4.69611815707,-5.56182971372,-12.9454232752,14.6511261085,-0.380535669775,-0.289376618927,-0.0549496462914,4.83041939091,-0.0549496462914,4.83041939091,-0.55861548288,4,0
2520,5.04,2,1.90250086784,0,-18,0,0,0.60066958787,0.361720771282,1.90250081618,0.870081518388,-1.3018312283,-0.508360747106,0.734606791282,-154.965469073,-18,0.00176141899742,0.161601399495,1.89879758644,-0.00413283524289,-1.48689685953e-06,0.000371724214877,1.90055900543,0.601390670414,0.359426099355,0.157468564252,0.582457805147,0.360961947002,-1.31810120029,0.20349338275,-90.9599110313,-18,-157.154677121,0.60066958787,0.361720771282,-1.3018312283,-0.508360747106,-1.3018312283,-0.508360747106,2.92381483943,4,0
2530,5.06,1,-0.431678622961,0,-10.9454231262,0,0,-0.386212690309,-0.277932954453,-0.431678612131,-5.43299579505,0.0454659218213,5.15506284059,-2.60795003884,30.6890917625,-10.9454232752,-0.000259773493069,-0.023747204528,-0.431140531788,-5.30750134312,1.62860445219e-06,-0.000407151113043,-0.431400305281,-0.386766218992,-0.275542887765,-5.33124854765,-0.40433221826,-0.278687934785,0.027068087021,5.05256061286,-1.57804532096,-10.9454232752,28.5109735068,-0.386212690309,-0.277932954453,0.0454659218213,5.15506284059,0.0454659218213,5.15506284059,-0.429831783118,4,0
2530,5.06,2,1.91678023338,0,-18,0,0,0.60776586349,0.347416190605,1.91678026816,0.575549387928,-1.30901440467,-0.228133197323,0.683423289186,-154.656887003,-18,0.00165273508048,0.151648031408,1.91330388357,-0.245432564093,-2.03575557689e-06,0.000508938894235,1.91495661865,0.608457774338,0.344428607228,-0.0937845326855,0.59062669941,0.346702058769,-1.32432991924,0.440486591454,-89.9904170463,-18,-156.717157352,0.60776586349,0.347416190605,-1.30901440467,-0.228133197323,-1.30901440467,-0.228133197323,2.74369363797,4,0
2540,5.08,1,-0.542364656925,0,-8.94542312622,0,0,-0.391472118573,-0.246033391572,-0.542364671301,-5.59472428629,0.150892552728,5.34869089472,-2.25058730545,44.4804929995,-8.94542327522,-0.000180562872881,-0.0164735679485,-0.541993754524,-5.50880565174,2.2177115877e-06,-0.000554427896922,-0.542174317397,-0.39196081549,-0.242685174869,-5.52527921969,-0.407713439724,-0.246710113287,0.134460877673,5.2785691064,2.27857982828,-8.94542327522,42.5281508528,-0.391472118573,-0.246033391572,0.150892552728,5.34869089472,0.150892552728,5.34869089472,-0.29824515877,4,0
2540,5.08,2,1.92449069023,0,-18,0,0,0.614340148768,0.307541736794,1.92449063293,0.2234858577,-1.31015048417,0.0840558790943,0.546970299938,-153.414252036,-18,0.00156589104419,0.143705673547,1.92119447536,-0.55539875281,-2.77213949762e-06,0.000693034874405,1.92276036641,0.614951019909,0.303356465895,-0.411693079263,0.597261702537,0.306830134868,-1.32549866387,0.718523214131,-88.7368714871,-18,-155.467223593,0.614340148768,0.307541736794,-1.31015048417,0.0840558790943,-1.31015048417,0.0840558790943,2.59994185723,4,0
2550,5.1,1,-0.654666781425,0,-6.94542312622,0,0,-0.396126192875,-0.225048763855,-0.654666796547,-5.61062411481,0.258540603672,5.38557535095,-3.58392311564,57.747392016,-6.94542327522,-0.000104057150936,-0.009455510806,-0.654456662192,-5.56264302103,2.7663813007e-07,-6.91595325202e-05,-0.654560719343,-0.396576080746,-0.224736456558,-5.57209853183,-0.424515705276,-0.226231660205,0.230045014067,5.34586687163,5.94182875172,-6.94542327522,54.3347360462,-0.396126192875,-0.225048763855,0.258540603672,5.38557535095,0.258540603672,5.38557535095,-0.171267145876,4,0
2550,5.1,2,1.92478406429,0,-18,0,0,0.620157741591,0.281310952033,1.92478410534,-0.158696084456,-1.30462636375,0.440007036489,0.946209555151,-151.099660018,-18,0.00150367507699,0.138026838406,1.92161600428,-0.907870389284,-3.4579766417e-07,8.64494160293e-05,1.92311967936,0.620720101424,0.280920567911,-0.769843550878,0.60725576191,0.280773369547,-1.31586391745,1.05061692042,-87.3058906061,-18,-152.650585492,0.620157741591,0.281310952033,-1.30462636375,0.440007036489,-1.30462636375,0.440007036489,2.49713502928,4,0
2560,5.12,1,-0.765787124634,0,-4.94542312622,0,0,-0.400456571398,-0.201620521331,-0.765787096282,-5.49233450808,0.365330524884,5.29071398675,-2.12791459118,70.2340532232,-4.94542327522,-3.54304919792e-05,-0.00316782232419,-0.765720468669,-5.47807947735,2.59554214638e-06,-0.000648885536588,-0.765755899161,-0.40085595211,-0.197743699354,-5.48124729967,-0.417680225716,-0.202338173595,0.348075673444,5.27890912608,9.36017953301,-4.94542327522,68.1636264437,-0.400456571398,-0.201620521331,0.365330524884,5.29071398675,0.365330524884,5.29071398675,-0.0574878116471,4,0
2560,5.12,2,1.91734325886,0,-18,0,0,0.625570714688,0.252025648764,1.91734330365,-0.545558422789,-1.29177258896,0.797584071553,0.475091915942,-147.843866767,-18,0.00146624687073,0.134622530281,1.91425109687,-1.27734262552,-3.24442769439e-06,0.000811106923588,1.91571734374,0.626069940572,0.247179621275,-1.14272009524,0.60926246123,0.251346138203,-1.30645488251,1.39406623344,-85.7989030178,-18,-149.804254734,0.625570714688,0.252025648764,-1.29177258896,0.797584071553,-1.29177258896,0.797584071553,2.43547988367,4,0
2570,5.14,1,-0.873216331005,0,-2.94542336464,0,0,-0.404107614458,-0.165643432181,-0.873216313314,-5.25628848894,0.469108698856,5.09064505676,-2.78934337741,81.8059383491,-2.94542327522,2.10539900204e-05,0.00200031524662,-0.873267130454,-5.2695083291,1.50835447554e-06,-0.00037708861888,-0.873246076464,-0.404436503351,-0.163313180855,-5.26750801386,-0.427611731927,-0.166622770409,0.445634344537,5.10088524345,12.5022037326,-2.94542327522,78.9805475616,-0.404107614458,-0.165643432181,0.469108698856,5.09064505676,0.469108698856,5.09064505676,0.0360474100298,4,0
2570,5.14,2,1.90231764317,0,-18,0,0,0.630134518453,0.207054287184,1.90231762815,-0.915750999974,-1.2721831097,1.12280528716,0.650330059744,-143.893779924,-18,0.00145126626991,0.133274765716,1.89925438585,-1.64117170163,-1.88544309954e-06,0.000471360774894,1.90070565212,0.630545629564,0.204141473018,-1.50789693591,0.615487369901,0.206443989327,-1.28521828221,1.71434092524,-84.3027758392,-18,-145.65448924,0.630134518453,0.207054287184,-1.2721831097,1.12280528716,-1.2721831097,1.12280528716,2.41103937528,4,0
2580,5.16,1,-0.974805891514,0,-0.94542324543,0,0,-0.407280829306,-0.151165409133,-0.974805871707,-4.92145494256,0.567525042401,4.77028953342,-2.55390145181,92.1013054237,-0.945423275218,6.31079163737e-05,0.0058418492214,-0.97494353147,-4.95487808116,2.04387862685e-06,-0.00051096965671,-0.974880423554,-0.40758022206,-0.148163468024,-4.94903623193,-0.429404817598,-0.152087241979,0.545475605956,4.79694898996,15.3577148901,-0.945423275218,89.4418176644,-0.407280829306,-0.151165409133,0.567525042401,4.77028953342,0.567525042401,4.77028953342,0.105586307486,4,0
2580,5.16,2,1.88022482395,0,-18,0,0,0.634101036952,0.188956758326,1.88022476782,-1.25340385709,-1.24612373087,1.44236061541,0.566308949572,-139.15747006,-18,0.00145449490027,0.133592351044,1.87715269623,-1.98128928111,-2.55484828993e-06,0.000638712072492,1.87860719113,0.634475277888,0.18520433193,-1.84769693007,0.61870749778,0.188315360861,-1.25989969335,2.03601229093,-82.8834345042,-18,-141.007901748,0.634101036952,0.188956758326,-1.24612373087,1.44236061541,-1.24612373087,1.44236061541,2.41674063755,4,0
2590,5.18,1,-1.06879150867,0,1.05457675457,0,0,-0.409934103082,-0.112046151798,-1.06879147545,-4.50690847162,0.658857372368,4.39486231982,-2.13019289983,101.239910517,1.05457672478,9.06255641554e-05,0.00834983716436,-1.06898541515,-4.55332161632,2.64721655951e-06,-0.000661804139884,-1.06889478959,-0.410154166117,-0.10804610536,-4.54497177916,-0.42891107697,-0.112836859043,0.639983712618,4.43213492012,17.9351433135,1.05457672478,98.9587201147,-0.409934103082,-0.112046151798,0.658857372368,4.39486231982,0.658857372368,4.39486231982,0.150997502948,4,0
2590,5.18,2,1.85183417797,0,-18,0,0,0.637417629109,0.140057686551,1.85183414966,-1.54862543327,-1.21441652055,1.68868311982,0.40011949713,-134.083039456,-18,0.00147065887059,0.135090232995,1.8487266605,-2.28513722155,-3.30902070522e-06,0.000827255176313,1.85019731937,0.637692707897,0.135057628494,-2.15004698855,0.620416389035,0.139349301548,-1.22978093034,2.2893962901,-81.5832636674,-18,-136.12673019,0.637417629109,0.140057686551,-1.21441652055,1.68868311982,-1.21441652055,1.68868311982,2.44381023107,4,0
2600,5.2,1,-1.15377283096,0,3.05457663536,0,0,-0.411860076081,-0.0873704602916,-1.15377286367,-4.02990430856,0.741912787586,3.94253384827,-3.66908119346,108.97336809,3.05457672478,0.000105230119919,0.00967517270442,-1.15399612293,-4.08297964936,3.25723455319e-07,-8.14308638279e-05,-1.15389089281,-0.412034569895,-0.0870026145233,-4.07330447666,-0.443838625597,-0.0887028998548,0.710052267216,3.9846015768,20.2566184211,3.05457672478,105.12927995,-0.411860076081,-0.0873704602916,0.741912787586,3.94253384827,0.741912787586,3.94253384827,0.175006946295,4,0
2600,5.2,2,1.81804955006,0,-18,0,0,0.639825095293,0.109213072121,1.8180495178,-1.79720563288,-1.17822442251,1.906418705,0.857415377442,-128.598649318,-18,0.00149428742805,0.137266290119,1.81489154758,-2.54578110737,-4.07154319815e-07,0.000101788579941,1.816385835,0.640043212555,0.10875326491,-2.40851481726,0.62630067144,0.10864955446,-1.19008516356,2.51716437172,-80.4219643155,-18,-130.224397769,0.639825095293,0.109213072121,-1.17822442251,1.906418705,-1.17822442251,1.906418705,2.48316382809,4,0
2610,5.22,1,-1.22866344452,0,5.05457687378,0,0,-0.413409857479,-0.0604101430741,-1.22866350273,-3.50473208304,0.815253645251,3.44432193997,-1.9752304466,115.290146202,5.05457672478,0.000109553651093,0.010060395213,-1.22889475839,-3.55949144453,2.93337562945e-06,-0.000733343907364,-1.22878520473,-0.413526308802,-0.0560256300193,-3.54943104932,-0.43135562722,-0.06115788348,0.797429577514,3.48827316584,22.352365289,5.05457672478,113.132915131,-0.413409857479,-0.0604101430741,0.815253645251,3.44432193997,0.815253645251,3.44432193997,0.182000624418,4,0
2610,5.22,2,1.7798037529,0,-18,0,0,0.641762321975,0.0755126755583,1.77980374305,-1.99979315988,-1.13804142108,2.07530583544,0.306515703842,-122.875683635,-18,0.0015203281655,0.139657439981,1.77659081005,-2.76137962726,-3.66671954011e-06,0.000916679885035,1.77811113822,0.641907886123,0.0700320342348,-2.62172218728,0.623295163484,0.0747432106212,-1.15481597474,2.6964653979,-79.3997486837,-18,-125.095589979,0.641762321975,0.0755126755583,-1.13804142108,2.07530583544,-1.13804142108,2.07530583544,2.52642204747,4,0
2620,5.24,1,-1.29262554646,0,7.05457687378,0,0,-0.41419174128,-0.0204500625789,-1.29262556721,-2.94229136088,0.878433825928,2.9218412983,-2.7194260559,120.251276223,7.05457672478,0.000106575448872,0.00977916879981,-1.29284979339,-2.9952490363,1.63177434825e-06,-0.000407943587062,-1.29274321794,-0.414230043335,-0.0179271966572,-2.9854698675,-0.438286204306,-0.0214539985383,0.854457013631,2.96401586897,24.2555691105,7.05457672478,117.354920981,-0.41419174128,-0.0204500625789,0.878433825928,2.9218412983,0.878433825928,2.9218412983,0.17692918698,4,0
2620,5.24,2,1.73797297478,0,-18,0,0,0.642739676661,0.0255625749078,1.73797302898,-2.16084708574,-1.09523335232,2.18640966065,0.501213301826,-117.131836878,-18,0.0015444769662,0.141869561591,1.73470962961,-2.93428592886,-2.03971793566e-06,0.000509929483911,1.73625410657,0.642787554223,0.022408992505,-2.79241636727,0.625559176742,0.0248467207445,-1.11069492983,2.81726308802,-78.5015396621,-18,-119.19707614,0.642739676661,0.0255625749078,-1.09523335232,2.18640966065,-1.09523335232,2.18640966065,2.56645256296,4,0
2630,5.26,1,-1.3450024128,0,9.05457687378,0,0,-0.414450039841,-0.00481340290867,-1.34500244696,-2.35017862868,0.93055240712,2.34536522577,-2.42567567166,123.606179342,9.05457672478,9.91673020091e-05,0.00909484123996,-1.34521064521,-2.399269599,2.19435504595e-06,-0.000548588761483,-1.34511147791,-0.414456508391,-0.00158850835299,-2.39017475776,-0.435997907461,-0.00571123072617,0.909113570445,2.38446352704,25.9982672636,9.05457672478,121.015946089,-0.414450039841,-0.00481340290867,0.93055240712,2.34536522577,0.93055240712,2.34536522577,0.164557581825,4,0
2630,5.26,2,1.69331228733,0,-18,0,0,0.643062549796,0.0060167503167,1.69331229412,-2.28759775621,-1.05024974432,2.29361450653,0.395374649491,-111.158942889,-18,0.00156326384995,0.143585105033,1.69001014418,-3.0700403746,-2.74294380764e-06,0.000685735951908,1.69157340803,0.643070635476,0.00198563212179,-2.92645526957,0.624743240068,0.00525344574469,-1.06683016796,2.93170871531,-77.7010866304,-18,-113.361076579,0.643062549796,0.0060167503167,-1.05024974432,2.29361450653,-1.05024974432,2.29361450653,2.59750833972,4,0
2640,5.28,1,-1.38525652885,0,11.0545768738,0,0,-0.414153410273,0.0364573949282,-1.38525647074,-1.73305873793,0.971103060468,1.76951613286,-1.99088777408,125.572595567,11.0545767248,8.98595490045e-05,0.00823923619998,-1.38544493254,-1.77746104951,2.73375742654e-06,-0.000683439356642,-1.38535507299,-0.414076328831,0.0405910390958,-1.76922181331,-0.431955575292,0.0357156380524,0.953399497699,1.80493745137,27.6083605711,11.0545767248,123.432626981,-0.414153410273,0.0364573949282,0.971103060468,1.76951613286,0.971103060468,1.76951613286,0.149080812608,4,0
2640,5.28,2,1.64640986919,0,-18,0,0,0.642691762769,-0.0455717469676,1.6464098471,-2.38915726285,-1.00371808433,2.34358551588,0.22109829075,-105.304677468,-18,0.00157397671387,0.144555931046,1.64308629935,-3.1764365035,-3.41719678121e-06,0.000854299195288,1.64466027607,0.64259541096,-0.050738802174,-3.03188057245,0.622776337036,-0.0464015563731,-1.02188393903,2.98547901608,-76.9643402744,-18,-107.698677603,0.642691762769,-0.0455717469676,-1.00371808433,2.34358551588,-1.00371808433,2.34358551588,2.61509842579,4,0
2650,5.3,1,-1.41291546822,0,13.0545768738,0,0,-0.413101759653,0.0616272540662,-1.41291541153,-1.09313541125,0.99981365188,1.15476266532,-3.53625094186,125.924744363,13.0545767248,8.07858281273e-05,0.00740778522282,-1.41308488395,-1.1330732806,3.32609190579e-07,-8.31522976401e-05,-1.41300409812,-0.412978252604,0.0620029814966,-1.12566549538,-0.443634471343,0.0603550577458,0.969369626775,1.18602055312,29.1075595509,13.0545767248,122.254457979,-0.413101759653,0.0616272540662,0.99981365188,1.15476266532,0.99981365188,1.15476266532,0.134035442565,4,0
2650,5.3,2,1.5976575613,0,-18,0,0,0.641377199429,-0.0770340708643,1.59765760607,-2.47583809087,-0.956280406636,2.39880402001,0.677300508162,-99.3381348934,-18,0.00157450086539,0.144588509038,1.59433441296,-3.26275674681,-4.15761487904e-07,0.000103940371978,1.59590891383,0.641222815611,-0.077503730152,-3.11816823777,0.625251696738,-0.0777059668098,-0.97065721709,3.04046227096,-76.2518232954,-18,-101.276554696,0.641377199429,-0.0770340708643,-0.956280406636,2.39880402001,-0.956280406636,2.39880402001,2.61572031076,4,0
2660,5.32,1,-1.42752814293,0,15.0545768738,0,0,-0.411670159677,0.0886267617151,-1.42752818784,-0.430585374424,1.01585802816,0.519212136139,-1.82423120412,124.65789557,15.0545767248,7.3758409537e-05,0.0067665932065,-1.42768321223,-0.467175886071,2.89117124103e-06,-0.000722792810261,-1.42760945382,-0.411488594586,0.0929509236937,-0.460409292865,-0.427864197611,0.0879520101345,0.999745256208,0.548361302999,30.5099636155,15.0545767248,122.71123726,-0.411670159677,0.0886267617151,1.01585802816,0.519212136139,1.01585802816,0.519212136139,0.122427105935,4,0
2660,5.32,2,1.54723262787,0,-18,0,0,0.639587699393,-0.110783455387,1.54723258024,-2.55868475614,-0.907644880844,2.44790130075,0.118064370555,-93.2847625075,-18,0.00156313001884,0.143526551453,1.54393505661,-3.33920919892,-3.61396404625e-06,0.000903491011561,1.54549818663,0.639360743023,-0.116188657852,-3.19568264746,0.618969483104,-0.111642547732,-0.926528703521,3.08404009973,-75.5199972213,-18,-95.7632439238,0.639587699393,-0.110783455387,-0.907644880844,2.44790130075,-0.907644880844,2.44790130075,2.59654578686,4,0
2670,5.34,1,-1.42862796783,0,17.0545768738,0,0,-0.409481586093,0.127392745499,-1.42862794391,0.256137316244,1.01914635781,-0.128744570746,-2.55490609381,121.806818965,17.0545767248,7.04352197438e-05,0.00646787811882,-1.4287765569,0.220949928299,1.54378725215e-06,-0.000385946813043,-1.42870612168,-0.409224339029,0.129781372344,0.227417806418,-0.431708961116,0.126466604873,0.99699716056,-0.100951201545,31.8209553378,17.0545767248,119.134903259,-0.409481586093,0.127392745499,1.01914635781,-0.128744570746,1.01914635781,-0.128744570746,0.117009612092,4,0
2670,5.34,2,1.49508559704,0,-18,0,0,0.636851982349,-0.159240935033,1.49508558276,-2.64919491501,-0.858233600414,2.48995397998,0.307038977044,-87.2030160636,-18,0.00153838140862,0.141234055754,1.4918421569,-3.41655712103,-1.9297340611e-06,0.000482433515263,1.49338053831,0.636530423513,-0.162226718583,-3.27532306528,0.618150490671,-0.160020163852,-0.875230047635,3.11530290143,-74.7217566731,-18,-89.4510912091,0.636851982349,-0.159240935033,-0.858233600414,2.48995397998,-0.858233600414,2.48995397998,2.55511412252,4,0
2680,5.36,1,-1.41574060917,0,18,0,0,-0.406791504111,0.142162210937,-1.41574064973,0.960432863635,1.00894914562,-0.818270652699,-2.24094389498,117.119865957,18,6.67526414364e-05,0.00608739304902,-1.41587810162,0.928577903391,2.06053851165e-06,-0.000515134627917,-1.41581134898,-0.406504210413,0.145192252896,0.93466529644,-0.426350536548,0.141347251252,0.989460812432,-0.793318045188,31.9926063257,18,114.768707266,-0.406791504111,0.142162210937,1.00894914562,-0.818270652699,1.00894914562,-0.818270652699,0.11021479594,4,0
2680,5.36,2,1.44095349312,0,-18,0,0,0.633489379808,-0.177702766789,1.44095354324,-2.75453172295,-0.807464163434,2.57682895616,0.193107808294,-80.7470490055,-18,0.00150397165722,0.138098249058,1.43778100035,-3.50548542743,-2.57567313355e-06,0.000643918283398,1.439284972,0.63313026268,-0.181490319229,-3.36738717837,0.614312450299,-0.178501805518,-0.824972521704,3.18888537285,-73.8101109495,-18,-83.0522757403,0.633489379808,-0.177702766789,-0.807464163434,2.57682895616,-0.807464163434,2.57682895616,2.49833454311,4,0
2690,5.38,1,-1.38914704323,0,18,0,0,-0.403583401486,0.18023764927,-1.38914709092,1.62485810577,0.985563689429,-1.4446204565,-1.8513544759,111.111501917,18,3.48426143506e-05,0.00315737777449,-1.3892166173,1.60914084498,2.46612225729e-06,-0.000616530564326,-1.38918177469,-0.403219161968,0.183969350708,1.61229822275,-0.419460522891,0.179576102545,0.969721251797,-1.43272212021,31.1756189945,18,109.202939615,-0.403583401486,0.18023764927,0.985563689429,-1.4446204565,0.985563689429,-1.4446204565,0.0572078263472,4,0
2690,5.38,2,1.38474035263,0,-18,0,0,0.629479251466,-0.225297064578,1.38474033856,-2.85604732658,-0.755261087097,2.630750262,0.0333061722087,-74.2491020503,-18,0.00148746224338,0.136577048618,1.38160262392,-3.59871373579,-3.08265281201e-06,0.000770663202993,1.38309008616,0.629023952063,-0.229961691361,-3.46213668717,0.609201794082,-0.226141958635,-0.773888292078,3.23599472853,-72.819211202,-18,-76.6866214067,0.629479251466,-0.225297064578,-0.755261087097,2.630750262,-0.755261087097,2.630750262,2.47082552862,4,0
2700,5.4,1,-1.34973144531,0,18,0,0,-0.399690375418,0.202640757255,-1.34973149682,2.24847679034,0.950041121404,-2.04583603309,-3.2028294878,103.789685612,18,8.9444227038e-06,0.000795073551546,-1.34974783772,2.2450729904,2.9640324406e-07,-7.41008110145e-05,-1.3497388933,-0.399284868646,0.202975688418,2.24586806395,-0.426454476579,0.201525586373,0.923284416718,-2.04434247757,30.3144247324,18,100.572417618,-0.399690375418,0.202640757255,0.950041121404,-2.04583603309,0.950041121404,-2.04583603309,0.0144385059839,4,0
2700,5.4,2,1.3264991045,0,-18,0,0,0.624612968822,-0.253300949463,1.32649913909,-2.95871104981,-0.701886170272,2.70541010034,0.429261244226,-67.5250144882,-18,0.00146387316548,0.134396465275,1.32341255307,-3.68901749507,-3.70504053882e-07,9.26260134671e-05,1.32487642624,0.624106085352,-0.253719613415,-3.5546210298,0.607957336118,-0.253994934159,-0.716919090119,3.30062609564,-71.7664555524,-18,-69.5271603361,0.624612968822,-0.253300949463,-0.701886170272,2.70541010034,-0.701886170272,2.70541010034,2.43140709217,4,0
2710,5.42,1,-1.29819607735,0,18,0,0,-0.395462867145,0.226181493698,-1.29819606571,2.84151229468,0.902733198565,-2.61533080098,-1.6942160806,95.2382491502,18,-5.0656757979e-06,-0.000474901143827,-1.29818440315,2.84444500518,2.47439683398e-06,-0.000618599208494,-1.29818946883,-0.395006808578,0.229885081322,2.84397010404,-0.409485564289,0.225597214651,0.888703904538,-2.61837288939,29.3833973284,18,93.5526040977,-0.395462867145,0.226181493698,0.902733198565,-2.61533080098,0.902733198565,-2.61533080098,-0.00857102805442,4,0
2710,5.42,2,1.26611769199,0,-18,0,0,0.619328583425,-0.282726869904,1.266117749,-3.07024720553,-0.646789165575,2.78752033562,-0.0659328599974,-60.5778748018,-18,0.00143053236925,0.131322205632,1.26310272228,-3.7833862246,-3.09299602941e-06,0.000773249007347,1.26453325465,0.61875851021,-0.287356354414,-3.65206401897,0.599015928742,-0.283573230516,-0.665517325909,3.36849078846,-70.6187890259,-18,-63.0196251668,0.619328583425,-0.282726869904,-0.646789165575,2.78752033562,-0.646789165575,2.78752033562,2.375817505,4,0
2720,5.44,1,-1.2350487709,0,18,0,0,-0.390587380104,0.258730995701,-1.23504882339,3.41323056765,0.844461443285,-3.15449957195,-2.31639180453,85.5485106658,18,-7.18948496773e-06,-0.000653849171381,-1.2350341991,3.41657891512,1.25579248728e-06,-0.000313948121822,-1.23504138858,-0.39006791195,0.260675921344,3.41592506595,-0.409758678572,0.257932191598,0.825282710008,-3.15799287435,28.3511048397,18,83.2439608292,-0.390587380104,0.258730995701,0.844461443285,-3.15449957195,0.844461443285,-3.15449957195,-0.0118419678559,4,0
2720,5.44,2,1.20335578918,0,-18,0,0,0.61323422457,-0.32341374722,1.20335580851,-3.1960630204,-0.590121583936,2.87264927318,0.0927344457474,-53.4446966618,-18,0.00138892699752,0.1274911018,1.20042958565,-3.88798843063,-1.56974060084e-06,0.000392435150219,1.20181851265,0.612584889372,-0.32584490426,-3.76049732883,0.594817887655,-0.324181094591,-0.607000624996,3.43631623424,-69.346276072,-18,-55.6584938283,0.61323422457,-0.32341374722,-0.590121583936,2.87264927318,-0.590121583936,2.87264927318,2.30653161232,4,0
2730,5.46,1,-1.16062498093,0,18,0,0,-0.385297435177,0.270719786699,-1.16062492626,3.97171993418,0.775327491084,-3.70100014748,-2.02251272699,74.5430984712,18,2.03051979222e-06,0.000207940994275,-1.16063119145,3.96985356961,1.65976582561e-06,-0.000414941456399,-1.16062916093,-0.384753599997,0.273162414439,3.97006151061,-0.40215341834,0.270017454067,0.758475742594,-3.70004405654,27.1832504119,18,72.5168688285,-0.385297435177,0.270719786699,0.775327491084,-3.70100014748,0.775327491084,-3.70100014748,0.00371691570851,4,0
2730,5.46,2,1.13788640499,0,-18,0,0,0.606621793359,-0.338399735886,1.13788644965,-3.33964089032,-0.531264656286,3.00124115444,-0.0146497992724,-45.8457876045,-18,0.00134055161757,0.123040256326,1.13506313409,-4.00704788772,-2.07470727043e-06,0.000518676817611,1.13640368571,0.605941999379,-0.341453020545,-3.8840076314,0.587981822661,-0.339176401332,-0.548421863049,3.54483123006,-67.9253790837,-18,-48.0864674155,0.606621793359,-0.338399735886,-0.531264656286,3.00124115444,-0.531264656286,3.00124115444,2.22603001179,4,0
2740,5.48,1,-1.07511436939,0,18,0,0,-0.379593490035,0.30066694511,-1.07511440576,4.52347590913,0.695520915727,-4.22280896402,-1.72815880739,62.4025986156,18,2.1621503092e-05,0.0020203221106,-1.07516328304,4.51128301583,1.8789849266e-06,-0.000469746231654,-1.07514166153,-0.378989282037,0.303513237651,4.51330333794,-0.394273298338,0.30005528643,0.680868363195,-4.21324805151,25.844360475,18,60.6379633258,-0.379593490035,0.30066694511,0.695520915727,-4.22280896402,0.695520915727,-4.22280896402,0.0364764823633,4,0
2740,5.48,2,1.06933259964,0,-18,0,0,0.599491861884,-0.375833683672,1.06933255006,-3.50270924835,-0.469840688174,3.12687556468,-0.139409808563,-37.9647261724,-18,0.00128686713757,0.118103954663,1.06662315066,-4.1430281458,-2.34873114224e-06,0.000587182785566,1.0679100178,0.598736601882,-0.379391549325,-4.02492419114,0.580556805466,-0.376622644356,-0.487353212333,3.64830154678,-66.3386340434,-18,-40.240877746,0.599491861884,-0.375833683672,-0.469840688174,3.12687556468,-0.469840688174,3.12687556468,2.13674176502,4,0
2750,5.5,1,-0.978600919247,0,18,0,0,-0.373363455339,0.317400833745,-0.978600915075,5.07273427588,0.605237459736,-4.75533344213,-2.71017120011,48.9695184115,18,4.98896708612e-05,0.00462646674237,-0.978710432397,5.046000782,2.21796331579e-07,-5.54490828933e-05,-0.978660542726,-0.372728484881,0.317651576131,5.05062724874,-0.396604551919,0.31643245472,0.582055990807,-4.73419479402,24.30000117,18,46.1757449267,-0.373363455339,0.317400833745,0.605237459736,-4.75533344213,0.605237459736,-4.75533344213,0.0836022846833,4,0
2750,5.5,2,0.997301995754,0,-18,0,0,0.59170431847,-0.396751044313,0.99730201287,-3.6851903541,-0.4055976944,3.28843930979,0.144852556672,-29.5731505161,-18,0.00122952591073,0.112834418891,0.99471400645,-4.29669649335,-2.77245412406e-07,6.93113531138e-05,0.995943532361,0.590910605393,-0.397064472294,-4.18386207446,0.575926983672,-0.397408433262,-0.420016548688,3.7864536412,-64.5751427944,-18,-31.4697176366,0.59170431847,-0.396751044313,-0.4055976944,3.28843930979,-0.4055976944,3.28843930979,2.04141967711,4,0
2760,5.52,1,-0.871116697788,0,18,0,0,-0.366887739934,0.334432943627,-0.871116725745,5.62054520315,0.504228985811,-5.28611225953,-1.59990683515,34.2700551945,18,8.408373511e-05,0.00777200007476,-0.871298943185,5.57650077303,1.7370482403e-06,-0.000434262060077,-0.87121485945,-0.36621627324,0.337036133055,5.58427277311,-0.381365961745,0.333829684385,0.489848897706,-5.25044308872,22.5200291499,18,32.5296522811,-0.366887739934,0.334432943627,0.504228985811,-5.28611225953,0.504228985811,-5.28611225953,0.140496078337,4,0
2760,5.52,2,0.921426594257,0,-18,0,0,0.583609674173,-0.418041181493,0.921426590792,-3.88492110838,-0.337816916619,3.46687992688,-0.222294545676,-20.6753043375,-18,0.00117063946035,0.107426425826,0.918962916425,-4.46697990092,-2.17131028124e-06,0.000542827570301,0.920133555885,0.582770340802,-0.42129516825,-4.3595534751,0.56559195381,-0.418791919842,-0.354541602075,3.94076155526,-62.6322304547,-18,-22.8411844728,0.583609674173,-0.418041181493,-0.337816916619,3.46687992688,-0.337816916619,3.46687992688,1.9435855896,4,0
2770,5.54,1,-0.752744793892,0,17.6858215332,0,0,-0.359956990458,0.356548964384,-0.752744809777,6.15675955366,0.392787819318,-5.80021058927,-2.03245679818,18.3754087698,17.6858215219,0.000113369152165,0.0103907102717,-0.752982378453,6.10096495238,8.05101646573e-07,-0.000201275411647,-0.752869009301,-0.359242601689,0.357798211069,6.11135566265,-0.37842887987,0.355779302325,0.374440129431,-5.75557636032,20.1721823629,17.6858215219,16.1549337301,-0.359956990458,0.356548964384,0.392787819318,-5.80021058927,0.392787819318,-5.80021058927,0.188018241563,4,0
2770,5.54,2,0.84150326252,0,-17,0,0,0.574946237292,-0.445686207171,0.841503254034,-4.07336566431,-0.266557016742,3.62767945713,-0.114639103558,-11.409674412,-17,0.00112112373103,0.102966438436,0.839136209583,-4.63418406772,-1.0063770467e-06,0.00025159426168,0.840257333314,0.574053251326,-0.44724776551,-4.53121762929,0.558496813029,-0.446371599849,-0.281760520284,4.08484602944,-56.5910342538,-17,-13.3870322869,0.574946237292,-0.445686207171,-0.266557016742,3.62767945713,-0.266557016742,3.62767945713,1.86271877134,4,0
2780,5.56,1,-0.624817311764,0,15.6858215332,0,0,-0.352752529321,0.364203855174,-0.624817326779,6.5648985624,0.272064797457,-6.20069470722,-1.79621861398,1.71128905618,15.6858215219,4.44405557855e-05,0.00393641145304,-0.624897684297,6.54842677857,1.0439596928e-06,-0.000260989923206,-0.624853243742,-0.35202261004,0.365742610402,6.55236319002,-0.368290002741,0.363556460448,0.256563241001,-6.18880672958,15.9735813347,15.6858215219,-0.156444727753,-0.352752529321,0.364203855174,0.272064797457,-6.20069470722,0.272064797457,-6.20069470722,0.0715151699595,4,0
2780,5.56,2,0.760005295277,0,-15,0,0,0.565940660838,-0.455254820549,0.760005273098,-4.03272675991,-0.19406461226,3.57747193936,-0.201704401689,-2.79425326943,-15,0.00118486499643,0.108961379296,0.75749025514,-4.63099256914,-1.30494960071e-06,0.000326237400182,0.758675120137,0.565028261733,-0.457178264561,-4.52203118984,0.547867200459,-0.456007881399,-0.210807919678,4.06602330844,-47.2018572509,-15,-4.96683381917,0.565940660838,-0.455254820549,-0.19406461226,3.57747193936,-0.19406461226,3.57747193936,1.97087614805,4,0
2790,5.58,1,-0.490782856941,0,13.6858215332,0,0,-0.345291724814,0.382142884717,-0.490782842561,6.78482307663,0.145491117747,-6.40268019191,-1.63473745252,-14.7319633347,13.6858215219,-6.62087981795e-05,-0.00624283768048,-0.490627779869,6.82443272181,1.04841289056e-06,-0.000262103222642,-0.490693988667,-0.344525827408,0.383735012671,6.81818988413,-0.357954240949,0.381615279878,0.132739747718,-6.43657460425,11.7439156935,13.6858215219,-16.2541032951,-0.345291724814,0.382142884717,0.145491117747,-6.40268019191,0.145491117747,-6.40268019191,-0.112597492138,4,0
2790,5.58,2,0.682490468025,0,-13,0,0,0.556614655175,-0.47767860718,0.682490493248,-3.70462276633,-0.125875838072,3.22694415915,-0.275386444365,3.89599857179,-13,0.00130145170259,0.11969960998,0.679726219393,-4.3624903136,-1.31051609298e-06,0.000327629023242,0.681027671095,0.555657283415,-0.479668767092,-4.24279070362,0.536312743791,-0.478524520155,-0.144714927304,3.76426618346,-38.9282742337,-13,1.45553964084,0.556614655175,-0.47767860718,-0.125875838072,3.22694415915,-0.125875838072,3.22694415915,2.16507248658,4,0
2800,5.6,1,-0.354477614164,0,11.6858215332,0,0,-0.337531822964,0.391039570006,-0.354477623433,6.81113592338,0.0169458004694,-6.42009635338,-2.11960230516,-30.503537102,11.6858215219,-0.000185066808208,-0.0171612291542,-0.354071325193,6.91029787645,1.18454263454e-07,-2.9613565864e-05,-0.354256392001,-0.336749653368,0.391173638312,6.8931366473,-0.352584771136,0.390412363832,0.00167162086551,-6.50272428347,7.5803117798,11.6858215219,-32.3130269135,-0.337531822964,0.391039570006,0.0169458004694,-6.42009635338,0.0169458004694,-6.42009635338,-0.310112493643,4,0
2800,5.6,2,0.614619493484,0,-11,0,0,0.546914777838,-0.488799463601,0.614619501879,-3.0985407535,-0.0677047240408,2.6097412899,-0.139751352295,8.0850282527,-11,0.00143551173001,0.132025675528,0.611570799455,-3.82402758998,-1.48067826777e-07,3.70169566953e-05,0.613006311185,0.545937065842,-0.48896704898,-3.69200191445,0.52588644858,-0.489675643987,-0.0871198626043,3.20232627046,-31.893433243,-11,5.5572478398,0.546914777838,-0.488799463601,-0.0677047240408,2.6097412899,-0.0677047240408,2.6097412899,2.3880290606,4,0
2810,5.62,1,-0.219744279981,0,9.6858215332,0,0,-0.329646871431,0.399356432831,-0.219744283024,6.6482459923,-0.109902588407,-6.24888955947,-1.5511074517,-45.1203451843,9.68582152194,-0.00030163336991,-0.027854469675,-0.219092970529,6.80522551858,7.74653761138e-07,-0.000193663440288,-0.219394603899,-0.328846989484,0.400521963961,6.77737104891,-0.338361095319,0.398993340169,-0.118966491421,-6.37837770874,3.57918846469,9.68582152194,-46.1678675142,-0.329646871431,0.399356432831,-0.109902588407,-6.24888955947,-0.109902588407,-6.24888955947,-0.503585121822,4,0
2810,5.62,2,0.561747133732,0,-9,0,0,0.537058588403,-0.499195541923,0.561747129044,-2.23485130512,-0.0246885406407,1.7356557632,-0.331372174118,9.17967046951,-9,0.00157509371794,0.144842461756,0.558403885434,-3.03006147556,-9.6831717844e-07,0.000242079294608,0.559978979152,0.536058735967,-0.500652455801,-2.8852190138,0.512507299202,-0.500218512306,-0.0474716799502,2.38500050149,-26.1467232255,-9,6.22840091345,0.537058588403,-0.499195541923,-0.0246885406407,1.7356557632,-0.0246885406407,1.7356557632,2.61989738194,4,0
2820,5.64,1,-0.0902093648911,0,7.6858215332,0,0,-0.321558783146,0.408173698161,-0.0902093637943,6.31216653784,-0.231349419352,-5.90399283968,-1.73763649948,-58.1894823297,7.68582152194,-0.000405270120206,-0.037346152359,-0.0893416700907,6.51993208601,2.50104656596e-07,-6.25261641427e-05,-0.0897469402109,-0.320742027468,0.408565417865,6.48258593365,-0.330395826047,0.40780548804,-0.240648885836,-6.07478044561,-0.17381568271,7.68582152194,-59.2517685284,-0.321558783146,0.408173698161,-0.231349419352,-5.90399283968,-0.231349419352,-5.90399283968,-0.675350300824,4,0
2820,5.64,2,0.528696000576,0,-7,0,0,0.526948478032,-0.510217123272,0.528696007233,-1.14500677436,-0.00174752920018,0.634789651093,-0.288734626419,6.71513162076,-7,0.00170861369848,0.157087674369,0.525072429065,-2.00631267535,-3.12630807908e-07,7.81577019868e-05,0.526781042764,0.525927533433,-0.510706772882,-1.84922500098,0.500908758825,-0.511302111572,-0.0258722839393,1.33792288941,-21.6789270006,-7,3.58494037433,0.526948478032,-0.510217123272,-0.00174752920018,0.634789651093,-0.00174752920018,0.634789651093,2.84145662002,4,0
2830,5.66,1,0.0309357941151,0,5.6858215332,0,0,-0.313373190549,0.410502947907,0.0309357944259,5.8289585091,-0.344308984975,-5.4184555612,-1.58935174928,-69.4864726645,5.68582152194,-0.000486722582141,-0.0447897429585,0.0319720080356,6.0759837997,2.92901799148e-07,-7.32254497849e-05,0.0314852854535,-0.312551752952,0.410938474884,6.03119405675,-0.319855812049,0.410232838678,-0.351341097502,-5.62096121807,-3.61737563539,5.68582152194,-70.2657377906,-0.313373190549,0.410502947907,-0.344308984975,-5.4184555612,-0.344308984975,-5.4184555612,-0.810086623106,4,0
2830,5.66,2,0.519564926624,0,-5,0,0,0.516716487275,-0.51312868533,0.51956489725,0.131530023174,-0.00284840997467,-0.644658708503,-0.344233489868,0.436810386917,-5,0.00182663824437,0.167899514077,0.515694687652,-0.787706403695,-3.66127231421e-07,9.15318078667e-05,0.517521325896,0.515689690278,-0.513673094026,-0.619806889617,0.488587486862,-0.514300727014,-0.0289338390344,0.105506162604,-18.4269087994,-5,-2.9445298711,0.516716487275,-0.51312868533,-0.00284840997467,-0.644658708503,-0.00284840997467,-0.644658708503,3.03710676815,4,0
2840,5.68,1,0.141395941377,0,3.6858215332,0,0,-0.305122122375,0.414109730752,0.141395946258,5.27787613506,-0.446518068633,-4.86376640431,-1.58143966846,-78.9239356621,3.68582152194,-0.000483647952583,-0.0442715992714,0.14240411124,5.51414640654,8.20121529022e-08,-2.0503038219e-05,0.141920463287,-0.304293762546,0.414241423596,5.46987480727,-0.311612801113,0.413839285804,-0.4535332644,-5.05603552146,-6.74098369714,3.68582152194,-79.7041693353,-0.305122122375,0.414109730752,-0.446518068633,-4.86376640431,-0.446518068633,-4.86376640431,-0.801205995238,4,0
2840,5.68,2,0.536652088165,0,-6.33081150055,0,0,0.506402652052,-0.517637163556,0.536652080019,1.39892573455,-0.0302494279661,-1.9165628981,-0.357296697,-9.20268773113,-6.33081171914,0.00185498081106,0.170236438369,0.532746310834,0.475896594083,-1.02515169131e-07,2.56287922704e-05,0.534601291645,0.505367202266,-0.517801779578,0.646133032452,0.477808660843,-0.518828579856,-0.0567926308018,-1.16496161231,-29.1240561873,-6.33081171914,-12.6399237578,0.506402652052,-0.517637163556,-0.0302494279661,-1.9165628981,-0.0302494279661,-1.9165628981,3.07993932963,4,0
2850,5.7,1,0.241362899542,0,1.6858215332,0,0,-0.296837699072,0.414016589312,0.241362904268,4.77798728781,-0.53820060334,-4.3639706985,-1.50620083163,-87.1712402682,1.68582152194,-0.000369053102408,-0.0337228170841,0.242126025809,4.95571533735,-2.34324559756e-10,5.85811332221e-08,0.241756972706,-0.296009665492,0.414016614116,4.92199252027,-0.304289574809,0.413706094489,-0.546046547516,-4.50828642578,-9.66403884122,1.68582152194,-88.0670178308,-0.296837699072,0.414016589312,-0.53820060334,-4.3639706985,-0.53820060334,-4.3639706985,-0.610423269008,4,0
2850,5.7,2,0.575349330902,0,-8.33081150055,0,0,0.496047122923,-0.517520736553,0.575349330993,2.32318722084,-0.0793022080698,-2.8407079574,-0.387836119757,-19.9047422633,-8.33081171914,0.00176604127159,0.162068740347,0.5716322766,1.444930297,2.9290836423e-10,-7.32270861725e-08,0.573398317872,0.495012080949,-0.517520767555,1.60699903734,0.468428273237,-0.518671521956,-0.104970044635,-2.1256705593,-41.6774925682,-8.33081171914,-23.2247581527,0.496047122923,-0.517520736553,-0.0793022080698,-2.8407079574,-0.0793022080698,-2.8407079574,2.93217976969,4,0
2860,5.72,1,0.331940531731,0,-0.314178466797,0,0,-0.288565058113,0.412540701465,0.331940541497,4.33315499618,-0.62050559961,-3.92061429472,-1.55305058613,-94.5680813021,-0.314178478055,-0.000247614989861,-0.0225758936279,0.332447752382,4.45036816338,-2.88102145807e-07,7.20255364556e-05,0.332200137393,-0.287740390816,0.412117572165,4.42779226975,-0.298084316706,0.41214406569,-0.630284454099,-4.01564820406,-12.4463982716,-0.314178478055,-95.7123755122,-0.288565058113,0.412540701465,-0.62050559961,-3.92061429472,-0.62050559961,-3.92061429472,-0.408756376099,4,0
2860,5.72,2,0.629032075405,0,-10.3308115005,0,0,0.485706321729,-0.515675876524,0.629032064008,2.93637932155,-0.143325742279,-3.45205519808,-0.379057798043,-30.7982544933,-10.3308117191,0.00169157771139,0.155269309274,0.625468608955,2.09381295436,3.60127705878e-07,-9.00319264667e-05,0.627160186667,0.484675487607,-0.515146964864,2.24908226363,0.459184452748,-0.516780954398,-0.167975733918,-2.76586321803,-53.2280366547,-10.3308117191,-33.9864041603,0.485706321729,-0.515675876524,-0.143325742279,-3.45205519808,-0.143325742279,-3.45205519808,2.80909186897,4,0
2870,5.74,1,0.394738525152,0,-2.3141784668,0,0,-0.280367495406,0.406916877356,0.394738522657,1.36310907051,-0.675106018063,-0.95619219315,-1.46940193827,-93.6282843656,-2.31417847806,-0.00361924921176,-0.329747809399,0.402401037127,3.16273876016,-3.37295016639e-07,8.43237541641e-05,0.398781787916,-0.279554188823,0.406400320246,2.83299095076,-0.242920350637,0.408477175055,-0.641702138553,-2.42451377571,-13.7551201832,-2.31417847806,-89.1268255048,-0.280367495406,0.406916877356,-0.675106018063,-0.95619219315,-0.675106018063,-0.95619219315,-5.97086079904,4,0
2870,5.74,2,0.707108199596,0,-12.3308115005,0,0,0.475459368354,-0.50864609607,0.707108183378,5.27836881683,-0.231648815023,-5.7870149129,-0.406889367281,-47.2864625041,-12.3308117191,0.00435357798582,0.397800529155,0.697896949745,3.10785805056,4.21618783608e-07,-0.000105404695901,0.702250527731,0.474442735127,-0.508000399663,3.50565857971,0.412172700982,-0.511283040544,-0.290077826749,-4.01694162025,-67.612406912,-12.3308117191,-54.8940473111,0.475459368354,-0.50864609607,-0.231648815023,-5.7870149129,-0.231648815023,-5.7870149129,7.20069543975,4,0
2880,5.76,1,0.398920327425,0,-4.3141784668,0,0,-0.272261268052,0.403618716619,0.398920337073,-0.359503179868,-0.671181605125,0.763121896487,-1.42835632896,-79.4503346604,-4.31417847806,-0.00153931410524,-0.13831488932,0.401881568433,0.289516000895,-4.96103425784e-07,0.000124025856441,0.400342254328,-0.271454734717,0.402894589997,0.151201111575,-0.263274950894,0.403993146501,-0.663617205222,0.252792034926,-13.0975602132,-4.31417847806,-78.3701044521,-0.272261268052,0.403618716619,-0.671181605125,0.763121896487,-0.671181605125,0.763121896487,-2.50858653733,4,0
2880,5.76,2,0.828221797943,0,-14.3308115005,0,0,0.465326584175,-0.504523395026,0.828221778372,6.36458709749,-0.362895194197,-6.86911049252,-0.423540992703,-72.2426268214,-14.3308117191,0.00280477851758,0.255386172293,0.82250850443,5.04893502644,6.201292993e-07,-0.000155032324823,0.825313282947,0.464318417508,-0.503618236723,5.30432119873,0.423330849897,-0.506273217288,-0.401982433051,-5.81059441602,-84.9804477055,-14.3308117191,-77.2908640462,0.465326584175,-0.504523395026,-0.362895194197,-6.86911049252,-0.362895194197,-6.86911049252,4.62469623206,4,0
2890,5.78,1,0.386595606804,0,-6.3141784668,0,0,-0.264288915703,0.392425970614,0.386595601044,-0.749969580101,-0.650884516747,1.14239555071,-1.5751741985,-72.6257154785,-6.31417847806,-0.000191878623103,-0.016765431335,0.386914741576,-0.689948190098,-8.95013792079e-07,0.000223753448019,0.386722862953,-0.263505412849,0.391080166686,-0.706713621433,-0.274854627466,0.391985732624,-0.661577490419,1.09869935406,-14.0517962301,-6.31417847806,-73.89580208,-0.264288915703,0.392425970614,-0.650884516747,1.14239555071,-0.650884516747,1.14239555071,-0.305087596996,4,0
2890,5.78,2,0.955126643181,0,-16.3308124542,0,0,0.455361143757,-0.490532462201,0.955126656949,6.24914923062,-0.499765513192,-6.73968169282,-0.3741883997,-89.6898288398,-16.3308117191,0.00188288752925,0.172401167129,0.951204301218,5.32960705885,1.118767261e-06,-0.000279691815246,0.953087188748,0.454381765191,-0.48885020726,5.50200822598,0.426293928677,-0.491743596163,-0.526793260071,-5.99375182214,-95.9276852444,-16.3308117191,-93.1839503192,0.455361143757,-0.490532462201,-0.499765513192,-6.73968169282,-0.499765513192,-6.73968169282,3.11993307968,4,0
2900,5.8,1,0.370807349682,0,-8.3141784668,0,0,-0.256553271811,0.383355069524,0.370807341937,-0.803850267132,-0.627360613749,1.18720533666,-0.949780399703,-68.7776033912,-8.31417847806,0.000248299790527,0.0229180807722,0.370268316688,-0.933719651983,-1.18892553802e-07,2.97231384452e-05,0.370516616479,-0.255786651377,0.383221047613,-0.910801571211,-0.267901430579,0.382882229575,-0.638418047058,1.29368380079,-15.619923722,-8.31417847806,-70.141746643,-0.256553271811,0.383355069524,-0.627360613749,1.18720533666,-0.627360613749,1.18720533666,0.414362852136,4,0
2900,5.8,2,1.0750579834,0,-18,0,0,0.445691588916,-0.479193835649,1.07505794324,5.76373450673,-0.629366354322,-6.24292834238,-0.566830744927,-103.137350776,-18,0.00165422970335,0.151958646679,1.07156432357,4.93567052835,1.48615694751e-07,-3.71539236846e-05,1.07321855327,0.444733313376,-0.479026308258,5.08762917502,0.418107967192,-0.480343153221,-0.655110586081,-5.56797232825,-102.84836074,-18,-106.453131971,0.445691588916,-0.479193835649,-0.629366354322,-6.24292834238,-0.629366354322,-6.24292834238,2.74895044991,4,0
2910,5.82,1,0.353665649891,0,-10.3141784668,0,0,-0.248964715812,0.372277641864,0.353665655927,-0.921248541987,-0.602630371739,1.29352618385,-1.60614112863,-65.3900255894,-10.3141784781,0.000223581289204,0.020393498452,0.353206392251,-1.02758328315,-1.31353254793e-06,0.000328383136981,0.35342997354,-0.24822210417,0.370320671285,-1.0071897847,-0.265397559165,0.371592940058,-0.618827532704,1.37878272476,-17.2809788566,-10.3141784781,-67.3653903008,-0.248964715812,0.372277641864,-0.602630371739,1.29352618385,-0.602630371739,1.29352618385,0.36922358276,4,0
2910,5.82,2,1.18518829346,0,-18,0,0,0.436205893943,-0.465347050873,1.1851882398,5.31762206906,-0.748982345862,-5.78296911993,-0.358672888963,-114.943353239,-18,0.00175262956034,0.161145580503,1.18147050135,4.43376432903,1.64191570623e-06,-0.000410478926561,1.18322313091,0.435277629394,-0.462900837617,4.59490990954,0.408973946192,-0.466481715363,-0.774249184723,-5.0613916249,-102.489755339,-18,-118.216860291,0.436205893943,-0.465347050873,-0.748982345862,-5.78296911993,-0.748982345862,-5.78296911993,2.91483416364,4,0
2920,5.84,1,0.332695692778,0,-12.3141784668,0,0,-0.241719726192,0.35294133127,0.332695681158,-1.17211126166,-0.57441540735,1.52505259293,-1.26343332699,-61.076909789,-12.3141784781,0.000118937231609,0.0107733571565,0.332458690391,-1.22558655964,-8.80995928959e-07,0.000220248982243,0.332577627622,-0.241015237857,0.351583420675,-1.21481320248,-0.253854017963,0.35243573578,-0.586431645585,1.56724893826,-18.7768616144,-12.3141784781,-62.5355527789,-0.241719726192,0.35294133127,-0.57441540735,1.52505259293,-0.57441540735,1.52505259293,0.195209662973,4,0
2920,5.84,2,1.2878485918,0,-18,0,0,0.427149656951,-0.441176662349,1.28784863658,4.99867035785,-0.860698979634,-5.4398470202,-0.453251158069,-126.359044228,-18,0.00188152259446,0.172953484154,1.28386126282,4.05144361597,1.10124492225e-06,-0.000275311230561,1.28574278541,0.426269046535,-0.439479274088,4.22439710012,0.397353392887,-0.442418173351,-0.888389392525,-4.66681527347,-102.378057441,-18,-129.94080347,0.427149656951,-0.441176662349,-0.860698979634,-5.4398470202,-0.860698979634,-5.4398470202,3.12850808459,4,0
2930,5.86,1,0.30529615283,0,-14.3141784668,0,0,-0.234743078504,0.344443058202,0.3052961397,-1.55078112277,-0.540039218204,1.89522418098,-1.33524828852,-55.3370608614,-14.3141784781,1.053819763e-05,0.00081616735476,0.30528820455,-1.5499646469,-1.22083522847e-06,0.000305208807116,0.305298742748,-0.234055941064,0.342653093289,-1.54914847955,-0.245976328834,0.343975006105,-0.551275071582,1.89312348565,-20.0530340626,-14.3141784781,-56.6873911615,-0.234743078504,0.344443058202,-0.540039218204,1.89522418098,-0.540039218204,1.89522418098,0.0150820116211,4,0
2930,5.86,2,1.3852417469,0,-18,0,0,0.418428847376,-0.430553820909,1.38524176064,4.77650046851,-0.966812913266,-5.20705428942,-0.428788429338,-137.707017447,-18,0.00198687616551,0.182593374112,1.38103531163,3.77801612424,1.52604405018e-06,-0.000381511012545,1.3830221878,0.41756992558,-0.428316364745,3.96060949835,0.387384721437,-0.431847326156,-0.995637466363,-4.39245682451,-102.49181374,-18,-141.438780086,0.418428847376,-0.430553820909,-0.966812913266,-5.20705428942,-0.966812913266,-5.20705428942,3.30297420958,4,0
2940,5.88,1,0.268940389156,0,-16.3141784668,0,0,-0.228082312023,0.319900876314,0.268940396059,-2.0550897129,-0.497022708082,2.37499058921,-1.61809246848,-48.0202143086,-16.3141784781,-0.000100971313419,-0.00943198475235,0.269168558175,-1.99822185046,-1.75608488526e-06,0.000439021221311,0.269067586862,-0.227445174029,0.317251933256,-2.00765383521,-0.240126354064,0.319399041229,-0.509193940925,2.32705287644,-21.072198204,-16.3141784781,-49.4680085289,-0.228082312023,0.319900876314,-0.497022708082,2.37499058921,-0.497022708082,2.37499058921,-0.170298248214,4,0
2940,5.88,2,1.47899711132,0,-18,0,0,0.410102889315,-0.399876093282,1.47899706447,4.62354019677,-1.06889417516,-5.02341629005,-0.323315455966,-148.872894441,-18,0.00206652307824,0.189871758615,1.47462588177,3.58668266352,2.19510612348e-06,-0.000548776530876,1.47669240485,0.409306466827,-0.396564914434,3.77655442214,0.378840197947,-0.401178705422,-1.0978522069,-4.17773312756,-102.749710286,-18,-152.630930466,0.410102889315,-0.399876093282,-1.06889417516,-5.02341629005,-1.06889417516,-5.02341629005,3.43472056886,4,0
2950,5.9,1,0.221110343933,0,-18,0,0,-0.22189765047,0.303027409745,0.221110341953,-2.6854471271,-0.443007992423,2.98847453684,-0.523894361662,-38.7294896275,-18,-0.000219580452884,-0.0203376011562,0.221589315554,-2.56915431729,-2.22147480633e-07,5.55368701604e-05,0.221369735101,-0.22129176384,0.302776704529,-2.58949191845,-0.223198170092,0.302973221428,-0.444567905193,2.89246513988,-21.4796468045,-18,-38.8858229237,-0.22189765047,0.303027409745,-0.443007992423,2.98847453684,-0.443007992423,2.98847453684,-0.367561065453,4,0
2950,5.9,2,1.57020366192,0,-18,0,0,0.402372062418,-0.37878425992,1.57020366727,4.5126925296,-1.16783160486,-4.89147678952,-0.653020650407,-159.980760334,-18,0.00211924943589,0.194674664523,1.56572547719,3.45134920128,2.7768435279e-07,-6.94210881949e-05,1.56784472663,0.401614704134,-0.378470878397,3.6460238658,0.367643095975,-0.380231300188,-1.20020163065,-4.02625516599,-103.062823037,-18,-164.155471508,0.402372062418,-0.37878425992,-1.16783160486,-4.89147678952,-1.16783160486,-4.89147678952,3.52169052407,4,0
2960,5.92,1,0.159799337387,0,-18,0,0,-0.215976326163,0.283783594999,0.159799331846,-3.37979223617,-0.375775658009,3.66357583117,-1.70504787699,-27.447173082,-18,-0.000300880362174,-0.0277169738621,0.160442666169,-3.22589950201,-2.16878627421e-06,0.00054219656855,0.160141785807,-0.215411980341,0.280546321393,-3.25361647587,-0.225990667368,0.283366330782,-0.386132453175,3.53698280666,-19.9116637831,-18,-28.6509803477,-0.215976326163,0.283783594999,-0.375775658009,3.66357583117,-0.375775658009,3.66357583117,-0.501240611331,4,0
2960,5.92,2,1.65916001797,0,-18,0,0,0.39497040708,-0.354729491329,1.65916005266,4.38839998319,-1.26418964558,-4.74312947451,-0.272386624905,-170.841959554,-18,0.0021099830252,0.193719571866,1.65471058872,3.33553889569,2.71098285892e-06,-0.000677745714725,1.65682057174,0.394264974808,-0.350682899299,3.52925846755,0.363549819082,-0.356038682496,-1.29327075266,-3.88529715005,-103.278702041,-18,-174.61897607,0.39497040708,-0.354729491329,-1.26418964558,-4.74312947451,-1.26418964558,-4.74312947451,3.50462989069,4,0
2970,5.94,1,0.0843674689531,0,-17.6000003815,0,0,-0.210622545108,0.253239942588,0.0843674691317,-4.09423899863,-0.29499001424,4.34747894122,-1.14798892822,-14.4631299361,-17.6,-0.000362457247458,-0.0333723254355,0.0851391969631,-3.91034458054,-1.31055809471e-06,0.000327639523678,0.0847767397156,-0.210118146062,0.251216604649,-3.94371690598,-0.215151681439,0.253051228574,-0.299928421155,4.19676813455,-17.6837933885,-17.6,-15.0075698658,-0.210622545108,0.253239942588,-0.29499001424,4.34747894122,-0.29499001424,4.34747894122,-0.60354899848,4,0
2970,5.94,2,1.74512195587,0,-18,0,0,0.388278180813,-0.316549925607,1.74512198677,4.21582189309,-1.35684380595,-4.5323718187,-0.421416020228,-181.020576745,-18,0.00206161860789,0.189248384726,1.74077845503,3.18883161088,1.63819762616e-06,-0.000409549406542,1.74284007363,0.38764768201,-0.314020753171,3.3780799956,0.356290207584,-0.317882757825,-1.38654986605,-3.69596275343,-103.204910028,-18,-184.865797693,0.388278180813,-0.316549925607,-1.35684380595,-4.5323718187,-1.35684380595,-4.5323718187,3.42380492833,4,0
2980,5.96,1,-0.00491283275187,0,-15.6000003815,0,0,-0.205679347122,0.240642563681,-0.00491283289746,-4.75083643588,-0.200766514225,4.99147899956,-1.32364782083,0.0736053558747,-15.6,-0.00036725478389,-0.0336940264352,-0.00414050196287,-4.56850265006,-1.78739989534e-06,0.000446849973838,-0.00450775674676,-0.205200628698,0.23801866206,-4.6021966765,-0.211619288718,0.240395066114,-0.207111531971,4.84259174261,-13.6547501187,-15.6,-0.640425123491,-0.205679347122,0.240642563681,-0.200766514225,4.99147899956,-0.200766514225,4.99147899956,-0.60961734147,4,0
2980,5.96,2,1.82677590847,0,-18,0,0,0.382099183383,-0.300803201899,1.82677589405,3.9590281018,-1.44467671067,-4.2598313037,-0.358987296184,-190.423010017,-18,0.00196392296815,0.180202389104,1.82264464994,2.98337106376,2.23424987938e-06,-0.000558562469844,1.82460857291,0.381500785358,-0.297523324858,3.16357345286,0.351990632408,-0.302057724856,-1.4726179405,-3.46563117772,-102.730142997,-18,-194.042308749,0.382099183383,-0.300803201899,-1.44467671067,-4.2598313037,-1.44467671067,-4.2598313037,3.26031143555,4,0
2990,5.98,1,-0.106113813818,0,-13.6000003815,0,0,-0.201193112085,0.205930545028,-0.106113815623,-5.2949439488,-0.0950792964614,5.50087449382,-1.70613650386,15.3776566478,-13.6,-0.000335431614994,-0.0307461631467,-0.10541115451,-5.12957124441,-2.38964377189e-06,0.000597410942972,-0.105746586125,-0.200784884318,0.202321650624,-5.16031740756,-0.210758131344,0.205532002558,-0.105011545218,5.36584941012,-9.51471185024,-13.6,14.2278616244,-0.201193112085,0.205930545028,-0.0950792964614,5.50087449382,-0.0950792964614,5.50087449382,-0.556341480426,4,0
2990,5.98,2,1.90226268768,0,-18,0,0,0.376491389642,-0.257413178403,1.90226263328,3.6105489099,-1.52577124363,-3.8679620883,-0.21105938531,-198.441581537,-18,0.00185027196653,0.169768409747,1.89837111112,2.69161487678,2.98705472573e-06,-0.000746763681428,1.90022138308,0.375981104939,-0.252902060383,2.86138328653,0.349183747419,-0.258550996829,-1.55103763566,-3.11993428336,-101.768288901,-18,-201.724187696,0.376491389642,-0.257413178403,-1.52577124363,-3.8679620883,-1.52577124363,-3.8679620883,3.07154677352,4,0
3000,6,1,-0.216803386807,0,-11.6000003815,0,0,-0.197360695957,0.183440580205,-0.216803393445,-5.70981917311,0.0194426974882,5.89325975332,-0.285128741014,31.1955849012,-11.6,-0.000285600066582,-0.026145509401,-0.216208224913,-5.57033579409,-2.96621757823e-07,7.4155439453e-05,-0.216493824979,-0.19699403968,0.183105672173,-5.59648130349,-0.195796456465,0.183505756851,0.0206973685141,5.77998706034,-5.33370362728,-11.6,31.3836195234,-0.197360695957,0.183440580205,0.0194426974882,5.89325975332,0.0194426974882,5.89325975332,-0.473163363199,4,0
3000,6,2,1.9699164629,0,-18,0,0,0.371700869541,-0.229300722281,1.96991650014,3.18629599168,-1.5982156306,-3.41559671396,-0.635135219777,-205.104202001,-18,0.0017425948196,0.159894311329,1.96625094927,2.32062117731,3.70777198611e-07,-9.26942996473e-05,1.96799354409,0.371242549201,-0.228882087239,2.48051548864,0.342351636351,-0.230523606997,-1.62564190774,-2.71103909564,-100.377187244,-18,-208.632224407,0.371700869541,-0.229300722281,-1.5982156306,-3.41559671396,-1.5982156306,-3.41559671396,2.89288718663,4,0
3010,6.02,1,-0.33126232028,0,-9.60000038147,0,0,-0.193873749378,0.158523539602,-0.33126232051,-5.68713443212,0.137388571132,5.84565797173,-1.83825279042,45.9580671384,-9.6,8.9985844148e-05,0.00846759329737,-0.331474566195,-5.74129753804,-2.74305964759e-06,0.000685764911896,-0.331384580351,-0.193560784043,0.1544253728,-5.73282994474,-0.2104367572,0.157833414277,0.12094782315,5.89066335902,-1.39381380776,-9.6,43.9670555731,-0.193873749378,0.158523539602,0.137388571132,5.84565797173,0.137388571132,5.84565797173,0.152758774834,4,0
3010,6.02,2,2.01483988762,0,-18,0,0,0.367342186378,-0.198154421436,2.01483994708,1.36785768374,-1.6474977607,-1.56601210517,-0.131378948665,-205.180923247,-18,0.00022382690097,0.0200114585445,2.01443338547,1.28245814559,3.42882456844e-06,-0.000857206142113,2.01465721237,0.366950979716,-0.193031712919,1.30246960414,0.363228186653,-0.198325838091,-1.65142902572,-1.50079544223,-95.7089529022,-18,-205.675460297,0.367342186378,-0.198154421436,-1.6474977607,-1.56601210517,-1.6474977607,-1.56601210517,0.363158101699,4,0
3020,6.04,1,-0.443047732115,0,-7.59999990463,0,0,-0.191104794009,0.120729673993,-0.443047737828,-5.4846986101,0.251942943819,5.60542828409,-1.13918549777,58.7530682635,-7.6,0.00021245690925,0.019659823948,-0.443510314186,-5.59691028423,-1.57032894432e-06,0.000392582236084,-0.443297857277,-0.190865832425,0.118303045286,-5.57725046028,-0.203537662564,0.120211637804,0.239760194713,5.69746209809,2.17769388171,-7.6,57.258533856,-0.191104794009,0.120729673993,0.251942943819,5.60542828409,0.251942943819,5.60542828409,0.355348909743,4,0
3020,6.04,2,2.02165532112,0,-18,0,0,0.363880992229,-0.150912089316,2.0216553379,-0.481299471345,-1.65777434567,0.330387382029,-0.315609316454,-197.265417684,-18,1.42906665233e-05,0.00124517217302,2.02163242758,-0.48545114916,1.96291118398e-06,-0.000490727795993,2.02164671825,0.363582290256,-0.147878803426,-0.484205976987,0.361066912125,-0.151029342654,-1.66057980612,0.333176634333,-88.5691789558,-18,-197.603693563,0.363880992229,-0.150912089316,-1.65777434567,0.330387382029,-1.65777434567,0.330387382029,0.0226665627408,4,0
3030,6.06,1,-0.548922002316,0,-5.59999990463,0,0,-0.188835469141,0.105665261532,-0.548922001236,-5.11106650825,0.360086532096,5.21673176978,-1.39607288545,70.0374562549,-5.6,0.000326104723884,0.0301151133247,-0.549626127504,-5.28079181543,-2.12239529271e-06,0.000530598823178,-0.54930002278,-0.188627190814,0.102547366707,-5.25067670211,-0.20497849976,0.104992635256,0.344321523021,5.35566933736,5.43935724971,-5.6,68.0969294493,-0.188835469141,0.105665261532,0.360086532096,5.21673176978,0.360086532096,5.21673176978,0.544453920181,4,0
3030,6.06,2,1.99279868603,0,-18,0,0,0.361044336208,-0.132081573705,1.99279868175,-2.21241873641,-1.63175434554,2.0803371627,-0.223371908023,-185.467346158,-18,-2.32233622488e-05,-0.00217095537804,1.99285137687,-2.19925300201,2.65299412039e-06,-0.000663248530097,1.99282815351,0.360783988306,-0.128184205168,-2.20142395738,0.359512181728,-0.132145413475,-1.63331597178,2.06927854391,-81.6874642633,-18,-185.651523894,0.361044336208,-0.132081573705,-1.63175434554,2.0803371627,-1.63175434554,2.0803371627,-0.0391941716004,4,0
3040,6.08,1,-0.645404756069,0,-3.59999990463,0,0,-0.187104986443,0.0652805736616,-0.645404785529,-4.56408155238,0.458299799086,4.62936212604,-1.82876646232,79.1487435862,-3.6,0.000446990691699,0.0412151148895,-0.646364019502,-4.79419424166,-2.71360878187e-06,0.000678402195465,-0.64591702881,-0.186978557463,0.0611792836299,-4.75297912677,-0.208518065237,0.0643883620451,0.437398963573,4.81736748882,8.3332519066,-3.6,76.5747130728,-0.187104986443,0.0652805736616,0.458299799086,4.62936212604,0.458299799086,4.62936212604,0.745264051038,4,0
3040,6.08,2,1.93053615093,0,-18,0,0,0.358881232901,-0.0816007137982,1.9305361705,-3.83464260306,-1.57165493759,3.75304188926,-0.052231219833,-169.954807108,-18,-5.16972982487e-05,-0.00479131909889,1.93064940766,-3.80704343212,3.39201098065e-06,-0.000848002745169,1.93059771036,0.358723196682,-0.0764741012535,-3.81183475122,0.359167034775,-0.0815888053868,-1.57143067559,3.73024594584,-75.1606528355,-18,-169.920451341,0.358881232901,-0.0816007137982,-1.57165493759,3.75304188926,-1.57165493759,3.75304188926,-0.0865869868459,4,0
3050,6.1,1,-0.729162871838,0,-1.60000002384,0,0,-0.18612133015,0.0400878316493,-0.729162868346,-3.85784156244,0.543041538196,3.89792939409,-0.26513773815,85.9046634554,-1.6,0.0005610398793,0.0516699023581,-0.730361122341,-4.14422470631,-3.32666759056e-07,8.31666897664e-05,-0.729800082462,-0.186041406929,0.0397121103128,-4.09255480395,-0.196100470526,0.0396720341337,0.533699611936,4.13222683808,10.82692189,-1.6,84.7050876227,-0.18612133015,0.0400878316493,0.543041538196,3.89792939409,0.543041538196,3.89792939409,0.934438094555,4,0
3050,6.1,2,1.83689546585,0,-18,0,0,0.3576516626,-0.0501097862587,1.83689547796,-5.36266761381,-1.47924381536,5.31255782755,-0.515816432909,-151.153494203,-18,-8.90069930798e-05,-0.0082396724975,1.83708950021,-5.31554320817,4.15833449174e-07,-0.000103958362294,1.83700049322,0.357551758581,-0.0496401345876,-5.32378288067,0.354599525364,-0.0502369586435,-1.48240096786,5.27354592203,-68.8483467472,-18,-151.520386533,0.3576516626,-0.0501097862587,-1.47924381536,5.31255782755,-1.47924381536,5.31255782755,-0.148924102631,4,0
3060,6.12,1,-0.797264158726,0,0.40000000596,0,0,-0.185520517885,0.012725729692,-0.79726415522,-3.01643850502,0.611743637335,3.02916423471,-1.98908218093,90.0094942333,0.4,0.000657844921863,0.0605306477168,-0.798664020719,-3.3500479748,-2.96195182145e-06,0.000740487955362,-0.798006175797,-0.18549947973,0.00829761382824,-3.28951732708,-0.211174968653,0.0116567942434,0.586831207144,3.30117412132,12.9188381838,0.4,86.9256154639,-0.185520517885,0.012725729692,0.611743637335,3.02916423471,0.611743637335,3.02916423471,1.09479658847,4,0
3060,6.12,2,1.71353280544,0,-18,0,0,0.356900647335,-0.0159071587969,1.71353275806,-6.81821626701,-1.35663211073,6.80230910821,0.0457176996474,-129.125726119,-18,-0.000147189086777,-0.0136213842207,1.71385318708,-6.74046896648,3.70243977738e-06,-0.000925609944343,1.71370599799,0.356874349648,-0.0103720139661,-6.7540903507,0.359329099205,-0.0158059733023,-1.35437689878,6.7382843774,-62.5350927626,-18,-128.833805967,0.356900647335,-0.0159071587969,-1.35663211073,6.80230910821,-1.35663211073,6.80230910821,-0.246202452192,4,0
3070,6.14,1,-0.847320079803,0,2.40000009537,0,0,-0.18569512436,-0.0274219082717,-0.847320055474,-2.06887908869,0.661624931114,2.04145718042,-1.2386230154,91.2105267522,2.4,0.000731794296649,0.0672881715973,-0.848872862072,-2.43811278832,-1.62665347644e-06,0.000406663369112,-0.848141067776,-0.185752559264,-0.029937442232,-2.37082461672,-0.206124142863,-0.028273117376,0.642016924913,2.34255149935,14.6297667448,2.4,88.7547884863,-0.18569512436,-0.0274219082717,0.661624931114,2.04145718042,0.661624931114,2.04145718042,1.21711525051,4,0
3070,6.14,2,1.56160438061,0,-18,0,0,0.357118905495,0.0342773886523,1.56160434382,-8.22854471463,-1.20448543832,8.26282210328,-0.149918465228,-103.772575963,-18,-0.000237479130454,-0.0219653615187,1.56212025463,-8.10357493719,2.03331684445e-06,-0.000508329211117,1.5618827755,0.357190699132,0.037421806101,-8.12554029871,0.359174697346,0.0343630466461,-1.20270807815,8.15990334535,-55.9540162307,-18,-103.525452651,0.357118905495,0.0342773886523,-1.20448543832,8.26282210328,-1.20448543832,8.26282210328,-0.397041777347,4,0
3080,6.16,1,-0.87753713131,0,4.40000009537,0,0,-0.18639367839,-0.0430016617771,-0.877537128902,-1.04502689407,0.691143450511,1.00202523229,-1.54349082087,89.6563413768,4.4,0.00078131958414,0.071802972511,-0.879191328432,-1.43768097867,-2.1824205903e-06,0.000545605147574,-0.878410008848,-0.186482823972,-0.0462096062732,-1.36587800616,-0.210038892182,-0.0439868790184,0.668371116666,1.32189112715,15.9912981177,4.4,86.8139896356,-0.18639367839,-0.0430016617771,0.691143450511,1.00202523229,0.691143450511,1.00202523229,1.29886092033,4,0
3080,6.16,2,1.38169574738,0,-18,0,0,0.357992098099,0.0537520805228,1.38169577114,-9.62242844716,-1.02370367304,9.67618052769,-0.0398857696848,-75.3067766053,-18,-0.000367603684689,-0.0339732376171,1.3824918154,-9.43009008762,2.72802573598e-06,-0.000682006434,1.38212421172,0.358103530083,0.0577620111402,-9.46406332523,0.36276935375,0.0539511328415,-1.01935485797,9.51801445808,-48.8148144748,-18,-74.7325106656,0.357992098099,0.0537520805228,-1.02370367304,9.67618052769,-1.02370367304,9.67618052769,-0.614151709334,4,0
3090,6.18,1,-0.886706113815,0,6.40000009537,0,0,-0.187643143309,-0.0838269201632,-0.886706107617,0.0265357878774,0.699062964307,-0.110362708041,-1.97035287817,85.093865057,6.4,0.000807038823384,0.0741321753498,-0.888411504878,-0.377660361029,-2.68600814332e-06,0.000671502035832,-0.887604466055,-0.187814892811,-0.0878892570526,-0.303528185679,-0.215190477558,-0.0849747257569,0.672413988496,0.218553459922,17.0352095231,6.4,81.7824459192,-0.187643143309,-0.0838269201632,0.699062964307,-0.110362708041,0.699062964307,-0.110362708041,1.34106625969,4,0
3090,6.18,2,1.17386710644,0,-18,0,0,0.359553929314,0.104783653456,1.17386705215,-11.0225770528,-0.814313122833,11.1273607062,0.132244947843,-43.3021595151,-18,-0.000537119620492,-0.0495873873333,1.17502537614,-10.7436209091,3.3575101745e-06,-0.000839377543625,1.17448825652,0.359768616198,0.10986157456,-10.7932082964,0.368112155551,0.105140246215,-0.806376100967,10.8983485426,-40.8509983395,-18,-42.2733894028,0.359553929314,0.104783653456,-0.814313122833,11.1273607062,-0.814313122833,11.1273607062,-0.896525164468,4,0
3100,6.2,1,-0.874195694923,0,8.39999961853,0,0,-0.189635685915,-0.108458555955,-0.874195676055,1.11406585057,0.68455999014,-1.22252440653,-0.466693710488,77.7732835035,8.4,0.000805759288098,0.0739336269364,-0.875891073426,0.713742193776,-3.25612620283e-07,8.14031550702e-05,-0.875085314138,-0.189852850323,-0.108826413456,0.787675820713,-0.204645772776,-0.109083976241,0.670439541362,-0.896759796954,17.7880488455,8.4,75.9689459787,-0.189635685915,-0.108458555955,0.68455999014,-1.22252440653,0.68455999014,-1.22252440653,1.3376438143,4,0
3100,6.2,2,0.937944829464,0,-17.3089885712,0,0,0.362044607635,0.135573198147,0.93794485472,-12.4218346117,-0.575900247085,12.5574078099,-0.310821777485,-7.94691164712,-17.3089888802,-0.000727014819826,-0.0669857993383,0.939500657765,-12.0495555205,4.0701577475e-07,-0.000101753943681,0.938773642945,0.362316063151,0.136033020022,-12.1165413199,0.369536083744,0.135885342985,-0.569237559201,12.2524266629,-29.1699048016,-17.3089888802,-7.04637378978,0.362044607635,0.135573198147,-0.575900247085,12.5574078099,-0.575900247085,12.5574078099,-1.21135963482,4,0
3110,6.22,1,-0.840526461601,0,10.3999996185,0,0,-0.191998847096,-0.134720781182,-0.840526486856,2.13201048717,0.64852763976,-2.26673126836,-2.13811599047,68.0028662163,10.4,0.000714401336736,0.0654128998886,-0.842016576706,1.78257295423,-2.79710389242e-06,0.000699275973109,-0.841302175369,-0.19227246175,-0.138905154926,1.84798585412,-0.219633266052,-0.135872215305,0.621668909317,-1.98385806942,18.3066200642,10.4,64.680978771,-0.191998847096,-0.134720781182,0.64852763976,-2.26673126836,0.64852763976,-2.26673126836,1.18377145487,4,0
3110,6.22,2,0.675870835781,0,-15.3089885712,0,0,0.364998559175,0.168400979616,0.675870816564,-13.615090709,-0.310872257389,13.7834916886,0.235723151377,29.80142086,-15.3089888802,-0.000829424995783,-0.0762080952748,0.677625809705,-13.1988229099,3.49637985775e-06,-0.000874094964434,0.67679638471,0.365340577499,0.173631446786,-13.2750310052,0.378427763542,0.168960529798,-0.298368621168,13.443991535,-11.9744688958,-15.3089888802,31.415723135,0.364998559175,0.168400979616,-0.310872257389,13.7834916886,-0.310872257389,13.7834916886,-1.37857912359,4,0
3120,6.24,1,-0.788029313087,0,12.3999996185,0,0,-0.195094394011,-0.172020804155,-0.788029288189,3.00087238666,0.592934894179,-3.17289319082,-1.43349046875,56.409678244,12.4,0.000543541618126,0.0496262578895,-0.789149619212,2.74069769515,-1.47223448199e-06,0.000368058620498,-0.788606077594,-0.195440784338,-0.174299339599,2.79032395304,-0.214492970807,-0.172829078188,0.574113106787,-2.96315303123,18.687329675,12.4,54.0778076583,-0.195094394011,-0.172020804155,0.592934894179,-3.17289319082,0.592934894179,-3.17289319082,0.898380116912,4,0
3120,6.24,2,0.393850266933,0,-13.3089885712,0,0,0.36886799288,0.215026008214,0.393850278515,-14.4320225481,-0.0249822856346,14.6470485563,0.0540312714042,68.5571650004,-13.3089888802,-0.00079003413487,-0.0723688707202,0.395501386167,-14.0442787408,1.84029309691e-06,-0.000460073274222,0.394711352032,0.369300980795,0.217874177511,-14.1166476115,0.38021179675,0.215498666708,-0.014499555282,14.3321462782,4.58875811736,-13.3089888802,69.9207847572,0.36886799288,0.215026008214,-0.0249822856346,14.6470485563,-0.0249822856346,14.6470485563,-1.30958848542,4,0
3130,6.26,1,-0.720328211784,0,14.3999996185,0,0,-0.198670324727,-0.186097440412,-0.720328189815,3.66679378054,0.521657865087,-3.85289122095,-1.7468333076,43.9523891705,14.4,0.000315992830003,0.0286843945376,-0.720963763129,3.52219902465,-1.95969912073e-06,0.000489924780185,-0.720647770299,-0.199045344828,-0.188979824528,3.55088341919,-0.217524710116,-0.186883039803,0.503123060183,-3.73776645899,19.0172519086,14.4,41.685934927,-0.198670324727,-0.186097440412,0.521657865087,-3.85289122095,0.521657865087,-3.85289122095,0.519620935962,4,0
3130,6.26,2,0.100788041949,0,-11.3089885712,0,0,0.373337906336,0.232621803481,0.100788038663,-14.7543078238,0.272549867673,14.9869296273,0.167625928161,106.408975953,-11.3089888802,-0.000599483606323,-0.054703927847,0.102021046538,-14.4684772175,2.44962389312e-06,-0.000612405973275,0.101421562932,0.373806681467,0.236224783614,-14.5231811454,0.3829710956,0.233023186367,0.281549532668,14.7562043317,19.4996284401,-11.3089888802,107.566965579,0.373337906336,0.232621803481,0.272549867673,14.9869296273,0.272549867673,14.9869296273,-0.990363697966,4,0
3140,6.28,1,-0.641629517078,0,16.3999996185,0,0,-0.202737860965,-0.222074091841,-0.641629492471,4.12659590396,0.438891631507,-4.3486699958,-2.11254566894,31.0526809599,16.4,8.58536367259e-05,0.00760668117463,-0.641784293204,4.09483692145,-2.31041769827e-06,0.000577604424564,-0.641698439567,-0.203185537685,-0.22557117345,4.10244360263,-0.221461491878,-0.222854243129,0.42023694769,-4.32529784576,19.3616558973,16.4,28.801944494,-0.202737860965,-0.222074091841,0.438891631507,-4.3486699958,0.438891631507,-4.3486699958,0.138190797045,4,0
3140,6.28,2,-0.19296681881,0,-9.30898857117,0,0,0.37842232669,0.277592617604,-0.192966822058,-14.5616100866,0.571389148749,14.8392027043,0.318485306041,142.084572931,-9.30898888016,-0.000343122555569,-0.0311829722611,-0.192273575042,-14.4032024134,2.88802211101e-06,-0.000722005527748,-0.192616697597,0.378981922596,0.281963969598,-14.4343853857,0.385770339664,0.277898784811,0.578387037261,14.7122841705,31.8733441311,-9.30898888016,142.967865324,0.37842232669,0.277592617604,0.571389148749,14.8392027043,0.571389148749,14.8392027043,-0.564807086847,4,0
3150,6.3,1,-0.592218995094,0,18,0,0,-0.207448455628,-0.242953432959,-0.592218966052,0.590702356398,0.384770510424,-0.833655789357,-0.863638901016,32.7416097479,18,-0.0046973305655,-0.424544030565,-0.582709996719,2.75228156777,-2.76373251118e-07,6.90933127806e-05,-0.587407327284,-0.207934572605,-0.243265768295,2.32773753721,-0.150622502991,-0.240585684932,0.436784824294,-2.56832322214,21.9389281029,18,39.5725628045,-0.207448455628,-0.242953432959,0.384770510424,-0.833655789357,0.384770510424,-0.833655789357,-7.69459195761,4,0
3150,6.3,2,-0.259999990463,0,-7.308989048,0,0,0.384310570074,0.303691793886,-0.360967345004,-1.59887247672,0.745277915078,1.90256427061,-0.0466047960604,86.8191673887,-7.30898888016,-0.0471367191044,-0.465406743585,-0.26,0,3.45466562413e-07,-8.63666405965e-05,-0.307136719104,0.3849182163,0.304082213054,-0.465406743585,0.521157598172,0.30939375339,0.828294317277,0.774800496975,-14.3750783795,-7.30898888016,103.269320558,0.384310570074,0.303691793886,0.745277915078,1.90256427061,0.745277915078,1.90256427061,-16.4967579654,4,4
3160,6.32,1,-0.589091598988,0,18,0,0,-0.21246942737,-0.264713339546,-0.589091598309,0.186709948794,0.376622170939,-0.45142328834,-2.26595767342,41.4222022804,18,-0.00100162242197,-0.0888984440857,-0.58728623225,0.559386903708,-2.26987298083e-06,0.000567468245206,-0.588287854672,-0.213002246277,-0.268111858366,0.470488459622,-0.217887280234,-0.264939083415,0.370400574438,-0.735427543037,23.7995920963,18,40.7709312174,-0.21246942737,-0.264713339546,0.376622170939,-0.45142328834,0.376622170939,-0.45142328834,-1.61468661039,4,0
3160,6.32,2,-0.259999990463,0,-5.308989048,0,0,0.390586784804,0.330891676986,-0.34157570932,1.85715517546,0.732162494124,-1.52626349847,0.414209223728,78.8751064461,-5.30898888016,-0.0397407958598,0.193399439251,-0.26,0.930332884455,2.83734121076e-06,-0.000709335302692,-0.29974079586,0.391252808443,0.335139825488,1.12373232371,0.431765718606,0.332607465894,0.731506514466,-0.791124857812,-12.8309579783,-5.30898888016,83.8251574469,0.390586784804,0.330891676986,0.732162494124,-1.52626349847,0.732162494124,-1.52626349847,-4.53584177706,4,4
3170,6.34,1,-0.577147185802,0,18,0,0,-0.218084866511,-0.294333287206,-0.577147186544,0.977952072361,0.359062320033,-1.27228535957,-1.69839991256,37.4480582768,18,0.000281762198921,0.0263499139468,-0.57779398115,0.815961602064,-1.12707794503e-06,0.000281769486259,-0.577512218951,-0.218675335144,-0.296079625064,0.842311516011,-0.236170941058,-0.295086873645,0.341341277893,-1.13739838966,23.2725268425,18,35.2739613989,-0.218084866511,-0.294333287206,0.359062320033,-1.27228535957,0.359062320033,-1.27228535957,0.475696965342,4,0
3170,6.34,2,-0.259999990463,0,-3.30898880959,0,0,0.397606083779,0.367916611344,-0.306770985907,1.49057008906,0.704377069685,-1.12265347771,0.270077266005,75.5698992892,-3.30898888016,-0.0230135622099,-0.0103938310178,-0.26,1.59920208824,1.40884742184e-06,-0.000352211855457,-0.28301356221,0.398344169575,0.370099533652,1.58880825722,0.437994153157,0.369599447568,0.721007715367,-1.21920880965,-6.9199280335,-3.30898888016,80.4248817958,0.397606083779,0.367916611344,0.704377069685,-1.12265347771,0.704377069685,-1.12265347771,-4.58490524059,4,4
3180,6.36,1,-0.548052370548,0,18,0,0,-0.224074888855,-0.30508308653,-0.548052394885,1.83397161542,0.32397750603,-2.13905470195,-1.9795481533,29.0951810406,18,0.000423982886509,0.0388848487354,-0.548943805759,1.62367427304,-1.48308589759e-06,0.000370771474397,-0.548519822873,-0.224687197183,-0.307266478676,1.66255912178,-0.246395391709,-0.306013107482,0.302124431164,-1.96857222926,22.0301568561,18,26.4120705933,-0.224074888855,-0.30508308653,0.32397750603,-2.13905470195,0.32397750603,-2.13905470195,0.703562293976,4,0
3180,6.36,2,-0.259999990463,0,-1.30898892879,0,0,0.405093611755,0.381353860408,-0.284300387205,0.849474705301,0.68939399896,-0.468120844893,0.372597159638,77.6502073842,-1.30898888016,-0.0119970182629,-0.0559700776859,-0.26,1.15745758168,1.85385735907e-06,-0.000463464339765,-0.271997018263,0.40585899717,0.384083100571,1.10148750399,0.434804912212,0.38259183126,0.706801930475,-0.718895672734,2.87331341349,-1.30898888016,81.2217532933,0.405093611755,0.381353860408,0.68939399896,-0.468120844893,0.68939399896,-0.468120844893,-3.19894874945,4,4
3190,6.38,1,-0.502757012844,0,17.6000003815,0,0,-0.230433520664,-0.331550122061,-0.50275699955,2.60418157084,0.272323478887,-2.9357316929,-2.23663340626,18.7951292547,17.6,0.000373528406824,0.0342321071544,-0.503537865431,2.42073151249,-1.63549762916e-06,0.000408874407287,-0.503164337024,-0.231099125175,-0.334028878746,2.45496361965,-0.254192810021,-0.332540092451,0.248971527003,-2.7875037121,20.1673276921,17.6,15.9390646799,-0.230433520664,-0.331550122061,0.272323478887,-2.9357316929,0.272323478887,-2.9357316929,0.619431168581,4,0
3190,6.38,2,-0.259999990463,0,0.69101113081,0,0,0.413041901558,0.414437654567,-0.272215792674,0.439141341428,0.685257694233,-0.0247036868609,0.482720332587,80.1471100464,0.691011119836,-0.0060373215345,-0.0552003191558,-0.26,0.738117318666,2.04437201873e-06,-0.000511093004684,-0.266037321534,0.413873907201,0.417536100398,0.68291699951,0.434047859329,0.415312902808,0.700085180864,-0.267604096702,12.4600003697,0.691011119836,82.6722012201,0.413041901558,0.414437654567,0.685257694233,-0.0247036868609,0.685257694233,-0.0247036868609,-2.04237084112,4,4
3200,6.4,1,-0.443308472633,0,15.6000003815,0,0,-0.23725187924,-0.345972114206,-0.443308477735,3.2531615596,0.206056598495,-3.59913367381,-1.40415847211,7.36984241739,15.6,0.000302705788803,0.0277060094415,-0.443938629375,3.10557045718,-1.91327931359e-07,4.78319828366e-05,-0.443635923587,-0.237943969173,-0.346188462305,3.13327646662,-0.253104142405,-0.346632625171,0.190531781181,-3.47990909179,16.5990328876,15.6,5.46426828277,-0.23725187924,-0.345972114206,0.206056598495,-3.59913367381,0.206056598495,-3.59913367381,0.501415662514,4,0
3200,6.4,2,-0.259999990463,0,2.69101119041,0,0,0.421564849817,0.432465144582,-0.266057861041,0.222701922338,0.687622710858,0.209763222244,0.242981218968,81.9695494198,2.69101111984,-0.00299678066804,-0.0548045336476,-0.26,0.522838925915,2.3915991193e-07,-5.97899779881e-05,-0.262996780668,0.422429962237,0.432735579703,0.468034392267,0.435667330058,0.433052747925,0.698664110726,-0.0349816443419,21.2723431608,2.69101111984,83.6647850654,0.421564849817,0.432465144582,0.687622710858,0.209763222244,0.687622710858,0.209763222244,-1.45225442663,4,4
3210,6.42,1,-0.372696220875,0,13.6000003815,0,0,-0.244280162032,-0.360410564876,-0.372696228541,3.72570511418,0.128416066508,-4.08611567905,-2.35554183917,-4.65564943496,13.6,0.000186966326369,0.0169683755194,-0.373072026531,3.64026850273,-1.44856527676e-06,0.000362141319187,-0.372885060204,-0.245003155041,-0.362582928578,3.65723687825,-0.266432814085,-0.361333592045,0.10645224612,-4.01857047029,12.9949088092,13.6,-7.31858281711,-0.244280162032,-0.360410564876,0.128416066508,-4.08611567905,0.128416066508,-4.08611567905,0.307391542973,4,0
3210,6.42,2,-0.259999990463,0,4.691010952,0,0,0.430350203342,0.450513207733,-0.261664801304,0.273665368621,0.692015004645,0.176847839112,0.558428812892,82.9150515052,4.69101111984,-0.00095426497117,-0.0439075513514,-0.26,0.502717697556,1.81070657518e-06,-0.000452676643789,-0.260954264971,0.431253944607,0.453228662329,0.458810146205,0.442364083486,0.451013786072,0.703318348457,-0.00779636013297,29.2762398607,4.69101111984,84.3592200142,0.430350203342,0.450513207733,0.692015004645,0.176847839112,0.692015004645,0.176847839112,-0.885739696086,4,4
3220,6.44,1,-0.294923901558,0,11.6000003815,0,0,-0.251687976773,-0.378512980558,-0.294923902021,3.99182382054,0.043235925248,-4.37033680109,-1.99839867565,-16.6100157919,11.6,4.30488973778e-05,0.00375925570225,-0.294996409825,3.97810014184,-6.35901137414e-07,0.000158975284358,-0.294953360928,-0.252446024664,-0.379500871414,3.98185939754,-0.268881561426,-0.379229379919,0.0260717995018,-4.36108877746,9.46043703589,11.6,-18.6768279471,-0.251687976773,-0.378512980558,0.043235925248,-4.37033680109,0.043235925248,-4.37033680109,0.0684134795326,4,0
3220,6.44,2,-0.252337247133,0,6.691010952,0,0,0.439609971797,0.473141227048,-0.252337249547,0.671817939854,0.691947221344,-0.198676712806,0.470581339752,81.5023562989,6.69101111984,-0.000273501478443,-0.024847516059,-0.251785768795,0.797579293031,7.94876409749e-07,-0.000198719102441,-0.252059270274,0.440557531664,0.474376090599,0.772731776972,0.447268790907,0.473460344511,0.699328061181,-0.299271432461,35.8930027759,6.69101111984,82.4230101795,0.439609971797,0.473141227048,0.691947221344,-0.198676712806,0.691947221344,-0.198676712806,-0.450072540805,4,0
3230,6.46,1,-0.21399499476,0,9.60000038147,0,0,-0.259316044432,-0.384543236602,-0.213995001773,4.06262089031,-0.0453210426584,-4.44716412691,-2.21071297471,-27.9163246435,9.6,-9.38591712825e-05,-0.00880268781619,-0.213779540689,4.11690091019,-8.14329260468e-07,0.000203582315121,-0.21387339986,-0.260086312466,-0.38574476414,4.10809822238,-0.276385152304,-0.38525444943,-0.0625117524437,-4.49335267181,6.06198339043,9.6,-29.9681736523,-0.259316044432,-0.384543236602,-0.0453210426584,-4.44716412691,-0.0453210426584,-4.44716412691,-0.158863965945,4,0
3230,6.46,2,-0.231749430299,0,8.69101142883,0,0,0.449145056397,0.480679046987,-0.231749424113,1.36187565717,0.680894480509,-0.881196610187,0.548779088846,77.1629806177,8.69101111984,-8.64144885412e-05,-0.00769754175275,-0.231589629666,1.39548687842,1.01791155932e-06,-0.000254477889825,-0.231676044154,0.450107891442,0.482180956385,1.38778933667,0.454872873426,0.48091770603,0.68654891758,-0.906871630637,41.142733089,8.69101111984,77.8515119564,0.449145056397,0.480679046987,0.680894480509,-0.881196610187,0.680894480509,-0.881196610187,-0.139752249844,4,0
3240,6.48,1,-0.133697450161,0,7.59999990463,0,0,-0.267141969748,-0.398071679821,-0.133697457592,3.94908673715,-0.133444512156,-4.34715841697,-2.32561920938,-38.2680547687,7.6,-0.000222430791643,-0.0205977677837,-0.133211745469,4.06714999801,-7.48688216035e-07,0.000187172054008,-0.133434176261,-0.26793926866,-0.399210972549,4.04655223023,-0.283391660253,-0.398748750259,-0.149957483993,-4.44530098049,2.85659940505,7.6,-40.2214029815,-0.267141969748,-0.398071679821,-0.133444512156,-4.34715841697,-0.133444512156,-4.34715841697,-0.372270996535,4,0
3240,6.48,2,-0.19461607933,0,10.6910114288,0,0,0.458927463063,0.497589600698,-0.194616084212,2.29441699646,0.653543547275,-1.79682739576,0.603914276163,69.6493276697,10.6910111198,7.60664862851e-05,0.0071921575508,-0.194796267881,2.2480758562,9.35860248852e-07,-0.000233965062211,-0.194720201394,0.459924086706,0.499013716576,2.25526801375,0.462872572165,0.497753980244,0.65759277356,-1.75751403351,45.1376589386,10.6910111198,70.1235626597,0.458927463063,0.497589600698,0.653543547275,-1.79682739576,0.653543547275,-1.79682739576,0.12967928618,4,0
3250,6.5,1,-0.0575726516545,0,5.59999990463,0,0,-0.275184729584,-0.404167860208,-0.0575726510147,3.66505076802,-0.21761207857,-4.06921862823,-2.01715702031,-47.2318261625,5.6,-0.000340630450401,-0.0314352778133,-0.0568390479224,3.84151142103,-8.1494835158e-08,2.03737087847e-05,-0.0571796783728,-0.275993127726,-0.404260191768,3.81007614322,-0.287237068126,-0.404670040981,-0.230057389753,-4.2147461842,-0.104397674923,5.6,-48.6806176913,-0.275184729584,-0.404167860208,-0.21761207857,-4.06921862823,-0.21761207857,-4.06921862823,-0.56836549149,4,0
3250,6.5,2,-0.136584505439,0,12.6910114288,0,0,0.468980912875,0.505209825985,-0.136584505152,3.42483940656,0.605565418028,-2.91962958057,0.520578199148,58.5767292883,12.6910111198,0.000216316153208,0.0200426640961,-0.137057971156,3.3095629333,1.01868541325e-07,-2.54671353297e-05,-0.136841655003,0.469991410553,0.505325240432,3.3296055974,0.470298316318,0.505264717795,0.607139971321,-2.82434087961,47.9731384063,12.6910111198,58.7350921605,0.468980912875,0.505209825985,0.605565418028,-2.91962958057,0.605565418028,-2.91962958057,0.362215326953,4,0
3260,6.52,1,0.0111699178815,0,3.59999990463,0,0,-0.283309763726,-0.409414259868,0.01116991781,3.22973211999,-0.294479681536,-3.63914637986,-2.39405077601,-54.5240127823,3.6,-0.000443619375541,-0.0408668459551,0.0121184596556,3.4566246464,-4.39586529455e-07,0.000109896632364,0.0116748402801,-0.284129262395,-0.41007902462,3.41575780044,-0.297077580604,-0.409987918905,-0.308752420885,-3.82574571935,-2.78205870616,3.6,-56.1790191029,-0.283309763726,-0.409414259868,-0.294479681536,-3.63914637986,-0.294479681536,-3.63914637986,-0.739044455386,4,0
3260,6.52,2,-0.0541641674936,0,14.6910114288,0,0,0.479137205565,0.511767825344,-0.0541641661555,4.71072287304,0.53330137172,-4.1989550477,0.649763265656,43.7593414933,14.6910111198,0.000334778791046,0.0308898593445,-0.0548847035945,4.53750079617,5.49483138323e-07,-0.00013737078458,-0.0545499248034,0.480161578903,0.512598781248,4.56839065552,0.479896287616,0.511799453763,0.53444621242,-4.05659120176,49.726270278,14.6910111198,43.8505894816,0.479137205565,0.511767825344,0.53330137172,-4.1989550477,0.53330137172,-4.1989550477,0.558515277393,4,0
3270,6.54,1,0.0697867572308,0,1.60000002384,0,0,-0.291550223537,-0.413653858005,0.0697867593704,2.67012479244,-0.361336982907,-3.08377865045,-2.29328087601,-59.9358262151,1.6,-0.000523632304921,-0.0481752231171,0.0709005067134,2.93543625745,-6.23392059085e-08,1.55848014757e-05,0.0703768744085,-0.292377640656,-0.413755314179,2.88726103433,-0.30337918634,-0.414146731455,-0.373756060748,-3.30140776579,-5.15606001887,1.6,-61.3577661187,-0.291550223537,-0.413653858005,-0.361336982907,-3.08377865045,-0.361336982907,-3.08377865045,-0.871340972419,4,0
3270,6.54,2,0.0552717372775,0,16.6910114288,0,0,0.489437780335,0.517067322695,0.0552717377048,6.10751222969,0.434166042631,-5.59044490699,0.629530154313,25.0985862786,16.6910111198,0.000427500827955,0.0393631894117,0.0543593828911,5.88960839635,7.79239943127e-08,-1.94809985751e-05,0.054786883719,0.490472051735,0.517194142893,5.92897158577,0.488752627876,0.517038774676,0.433965744157,-5.41193281109,50.4731657551,16.6910111198,25.0162252434,0.489437780335,0.517067322695,0.434166042631,-5.59044490699,0.434166042631,-5.59044490699,0.711891189555,4,0
3280,6.56,1,0.116360016167,0,-0.40000000596,0,0,-0.299828070784,-0.414183311919,0.116360014027,2.05652646094,-0.416188084812,-2.47070977286,-2.4089320102,-63.4160270881,-0.4,-0.000529728239578,-0.0484839070251,0.117464108123,2.31520719671,-4.0070976759e-08,1.00177441954e-05,0.116934379883,-0.300656505296,-0.414247309149,2.26672328969,-0.31256829963,-0.414714154788,-0.429502679513,-2.68143744448,-7.2408923094,-0.4,-64.9475087639,-0.299828070784,-0.414183311919,-0.416188084812,-2.47070977286,-0.416188084812,-2.47070977286,-0.8774503344,4,0
3280,6.56,2,0.192804679275,0,15.8910112381,0,0,0.499785089398,0.517729139963,0.19280468356,7.4548487919,0.306980405838,-6.93711965193,0.673203782453,3.05510025729,15.8910111198,0.000433238299926,0.039585390932,0.191907492883,7.24578829472,5.00887034072e-08,-1.2522175855e-05,0.192340731183,0.500820632537,0.517809136474,7.28537368565,0.499424513514,0.517714115967,0.307083782331,-6.76765956968,39.4528491229,15.8910111198,3.01175603125,0.499785089398,0.517729139963,0.306980405838,-6.93711965193,0.306980405838,-6.93711965193,0.716548008498,4,0
3290,6.58,1,0.15158508718,0,-2.40000009537,0,0,-0.308107390136,-0.41302046511,0.151585088329,1.53618470447,-0.459692478465,-1.94920516958,-2.36644735449,-65.7107846249,-2.4,-0.000389761104908,-0.0355722971101,0.152387083896,1.72219564673,2.35118619907e-07,-5.87796549731e-05,0.151997322791,-0.308933088196,-0.412672691105,1.68662334962,-0.322436317431,-0.413617503747,-0.474433640222,-2.10024085336,-9.18360580651,-2.4,-67.4332410935,-0.308107390136,-0.41302046511,-0.459692478465,-1.94920516958,-0.459692478465,-1.94920516958,-0.643990885903,4,0
3290,6.58,2,0.352607220411,0,13.8910112381,0,0,0.510134238585,0.51627558112,0.352607212142,8.36020423207,0.157527026443,-7.84392865095,0.666119415831,-19.7661751654,13.8910111198,0.000274537862807,0.0249865870552,0.352048965485,8.23198167283,-2.93898296699e-07,7.34745741672e-05,0.352323503348,0.51116636116,0.515840863581,8.25696825988,0.511911342945,0.516349627135,0.159587839597,-7.74061863275,24.6655774521,13.8910111198,-19.5525524121,0.510134238585,0.51627558112,0.157527026443,-7.84392865095,0.157527026443,-7.84392865095,0.452496662542,4,0
3300,6.6,1,0.177625849843,0,-4.40000009537,0,0,-0.31633255944,-0.410001033962,0.177625854706,1.12685649655,-0.493958414146,-1.53685753051,-2.62164985777,-67.4105310942,-4.4,-0.000228460437205,-0.0207612639925,0.178087389885,1.23227071556,3.88964462861e-08,-9.72411156752e-06,0.177858929448,-0.317152532559,-0.409957386829,1.21150945157,-0.335013504161,-0.410779406659,-0.512872433609,-1.62228885823,-11.0876953417,-4.4,-69.6561363242,-0.31633255944,-0.410001033962,-0.493958414146,-1.53685753051,-0.493958414146,-1.53685753051,-0.376044627823,4,0
3300,6.6,2,0.525792717934,0,11.8910112381,0,0,0.520415700208,0.512501291983,0.525792692126,8.84680779091,-0.00537699191792,-8.33430649893,0.749879797768,-42.0708009797,11.8910111198,0.000128563130634,0.0116457650084,0.52553671355,8.78902588757,-4.86205605776e-08,1.21551401435e-05,0.52566527668,0.521440666605,0.512446733064,8.80067165258,0.5248984463,0.512688073071,-0.000766830380064,-8.28798357951,11.2866376338,11.8910111198,-41.5319375432,0.520415700208,0.512501291983,-0.00537699191792,-8.33430649893,-0.00537699191792,-8.33430649893,0.211016361217,4,0
3310,6.62,1,0.19661745429,0,-6.40000009537,0,0,-0.324501693968,-0.405375677449,0.196617458842,0.817906091012,-0.52111915281,-1.22328176846,-2.3749245227,-68.7816608395,-6.4,-7.81508923461e-05,-0.00698939265196,0.196764606699,0.849430288513,6.26343508836e-07,-0.000156585877204,0.196686455806,-0.325311526921,-0.404446718657,0.842440895861,-0.343203303138,-0.406154911164,-0.539889758945,-1.24859580702,-12.9897549729,-6.4,-71.0297501085,-0.324501693968,-0.405375677449,-0.52111915281,-1.22328176846,-0.52111915281,-1.22328176846,-0.126835253762,4,0
3310,6.62,2,0.704865694046,0,9.8910112381,0,0,0.530627118357,0.506719596125,0.704865672474,8.99771779614,-0.174238554117,-8.49099820001,0.675952884148,-63.2882377267,9.89101111984,4.08796970945e-05,0.00369081675795,0.704785686175,8.97988958435,-7.82929409304e-07,0.000195732352325,0.704826565872,0.531639409546,0.505558397601,8.9835804011,0.535693746412,0.506930705627,-0.169132819459,-8.47664969548,-0.723003910708,9.89101111984,-62.6791868125,0.530627118357,0.506719596125,-0.174238554117,-8.49099820001,-0.174238554117,-8.49099820001,0.0669019699693,4,0
3320,6.64,1,0.210287600756,0,-8.39999961853,0,0,-0.332507193741,-0.395203190556,0.210287600872,0.581862124738,-0.542794794613,-0.977065315293,-2.54332008484,-69.8995272778,-8.4,4.26560130382e-05,0.00405386944446,0.210184491504,0.555024205355,5.19299174773e-07,-0.000129824793693,0.210227147517,-0.333296782826,-0.394405067743,0.5590780748,-0.354272506328,-0.39611007858,-0.564499653845,-0.95518815338,-14.8973740415,-8.4,-72.5158992283,-0.332507193741,-0.395203190556,-0.542794794613,-0.977065315293,-0.542794794613,-0.977065315293,0.0730518656148,4,0
3320,6.64,2,0.884136259556,0,7.8910112381,0,0,0.540633993056,0.494003987198,0.884136285463,8.90583040211,-0.343502292407,-8.41182641491,0.725837820206,-83.2180070088,7.89101111984,2.51532492397e-05,0.00234431992802,0.884080260273,8.89194697785,-6.49123981011e-07,0.000162280995242,0.884105413522,0.541620979409,0.493006333662,8.89429129778,0.546319948917,0.494240902025,-0.337785464605,-8.40005039575,-11.5072198682,7.89101111984,-82.5345077313,0.540633993056,0.494003987198,-0.343502292407,-8.41182641491,-0.343502292407,-8.41182641491,0.0423385427023,4,0
3330,6.66,1,0.219698026776,0,-10.3999996185,0,0,-0.340362371684,-0.390163248146,0.219698021684,0.381890982001,-0.560060393367,-0.772054230147,-2.54709822199,-70.7824460403,-10.4,0.000123643563371,0.0114324796125,0.21942948986,0.316921357745,7.39378762271e-07,-0.000184844690565,0.219553133423,-0.3411416436,-0.389081423811,0.328353837358,-0.363270579323,-0.391117756797,-0.582823712746,-0.719471594155,-16.7945806481,-10.4,-73.5362035003,-0.340362371684,-0.390163248146,-0.560060393367,-0.772054230147,-0.560060393367,-0.772054230147,0.206659237967,4,0
3330,6.66,2,1.05968487263,0,5.8910112381,0,0,0.550452965463,0.487704059067,1.05968490722,8.65351398656,-0.509231941758,-8.1658099275,0.729211720787,-101.753996907,5.89101111984,7.38647182371e-05,0.00689270600114,1.05951889563,8.61225565723,-9.24223469423e-07,0.000231055867345,1.05959276035,0.551427055355,0.486351778624,8.61914836323,0.555483784726,0.487913676536,-0.50410897562,-8.13123468669,-21.249852731,5.89101111984,-101.149250508,0.550452965463,0.487704059067,-0.509231941758,-8.1658099275,-0.509231941758,-8.1658099275,0.12446532192,4,0
3340,6.68,1,0.225139319897,0,-12.3999996185,0,0,-0.348022445457,-0.374459765667,0.225139321013,0.178858711078,-0.57316176647,-0.553318476745,-2.35254782201,-71.1905782641,-12.4,0.0001616589866,0.0148642680705,0.224796146506,0.0972655963005,1.18846431096e-06,-0.000297116077737,0.224957805492,-0.348769568116,-0.372669981312,0.112129864371,-0.369829707598,-0.37536840159,-0.594787513091,-0.487498265961,-18.6484159844,-12.4,-73.8119929007,-0.348022445457,-0.374459765667,-0.57316176647,-0.553318476745,-0.57316176647,-0.553318476745,0.268866814556,4,0
3340,6.68,2,1.22900748253,0,3.8910112381,0,0,0.560028057654,0.468074705662,1.2290074424,8.30119175898,-0.668979384746,-7.83311705332,0.660713612508,-119.047568341,3.89101111984,0.000167433640878,0.0155297582995,1.22863964069,8.2113622153,-1.48558040858e-06,0.000371395102148,1.22880707433,0.560961960975,0.465837475188,8.2268919736,0.563189986699,0.468206452706,-0.665617087635,-7.7586855209,-30.1225439076,3.89101111984,-118.667478121,0.560028057654,0.468074705662,-0.668979384746,-7.83311705332,-0.668979384746,-7.83311705332,0.280623391841,4,0
3350,6.7,1,0.226132526994,0,-14.3999996185,0,0,-0.355364400105,-0.362715909908,0.226132524875,-0.0648434223111,-0.58149692498,-0.297872487597,-3.13824175217,-70.9346280975,-14.4,0.000157409490254,0.0144169427982,0.225803718659,-0.142019911299,1.54248440798e-07,-3.85621101934e-05,0.225961128149,-0.356089715355,-0.362541938852,-0.127602968501,-0.383641436853,-0.363894119772,-0.609602565002,-0.236291151271,-20.4144382944,-14.4,-74.3337635566,-0.355364400105,-0.362715909908,-0.58149692498,-0.297872487597,-0.58149692498,-0.297872487597,0.2608937069,4,0
3350,6.7,2,1.39054691792,0,1.89101111889,0,0,0.569205500933,0.453394885783,1.39054690535,7.8858312827,-0.821341404413,-7.43243639691,0.900619477423,-135.071093558,1.89101111984,0.000283910707578,0.0262419072399,1.38993167284,7.73712970742,-1.92810553301e-07,4.82026383253e-05,1.39021558354,0.570112144993,0.45317742196,7.76337161466,0.572751329196,0.453542628627,-0.817464254349,-7.30982898604,-38.257991823,1.89101111984,-134.644855452,0.569205500933,0.453394885783,-0.821341404413,-7.43243639691,-0.821341404413,-7.43243639691,0.474381371694,4,0
3360,6.72,1,0.221475854516,0,-16.3999996185,0,0,-0.362519270565,-0.348818042209,0.221475848483,-0.384089112439,-0.583995119048,0.0352710702302,-2.2998046527,-69.6770232604,-16.4,0.000112760006673,0.0102621569331,0.221246440984,-0.436758864393,1.61112667607e-06,-0.000402781669017,0.221359200991,-0.36321451868,-0.346415712522,-0.42649670746,-0.383197113906,-0.349679619015,-0.604556314896,0.0768170884451,-22.0396392908,-16.4,-72.1626723453,-0.362519270565,-0.348818042209,-0.583995119048,0.0352710702302,-0.583995119048,0.0352710702302,0.18584443221,4,0
3360,6.72,2,1.54325985909,0,-0.108988881111,0,0,0.578149088975,0.43602255097,1.54325982809,7.42456664212,-0.965110739115,-6.98854409115,0.633072498493,-149.843939495,-0.108988880164,0.000404207323774,0.03728172363,1.54239130235,7.21601462956,-2.01390836496e-06,0.000503477091235,1.54279550967,0.579018149115,0.433019638831,7.25329635319,0.57780765769,0.436008324667,-0.964987851981,-6.81728802853,-45.7457240069,-0.108988880164,-149.88498238,0.578149088975,0.43602255097,-0.965110739115,-6.98854409115,-0.965110739115,-6.98854409115,0.674115384244,4,0
3370,6.74,1,0.209304794669,0,-18,0,0,-0.369252645791,-0.325551382057,0.209304792015,-0.809666892193,-0.578557437806,0.484115510136,-2.7155751481,-66.9678208764,-18,2.97478663314e-05,0.00258735590114,0.209254123826,-0.819450982284,1.03365897347e-06,-0.000258414743365,0.209283871692,-0.369902110444,-0.323957082252,-0.816863626383,-0.392235115943,-0.32650898498,-0.601518987636,0.490354641403,-23.0659478133,-18,-69.7305053093,-0.369252645791,-0.325551382057,-0.578557437806,0.484115510136,-0.578557437806,0.484115510136,0.0471092847538,4,0
3370,6.74,2,1.68626964092,0,-2.1089887619,0,0,0.586565807969,0.406939225517,1.68626961151,6.91878941407,-1.09970380354,-6.51185018856,0.74654965262,-163.382402255,-2.10898888016,0.000513255476537,0.047270603787,1.68517423697,6.6572286452,-1.29207372679e-06,0.000323018431691,1.68568749245,0.587377638781,0.404946350745,6.70449924899,0.585664663627,0.406901677836,-1.10002282882,-6.29759757115,-52.6382492269,-2.10898888016,-163.490727315,0.586565807969,0.406939225517,-1.09970380354,-6.51185018856,-1.09970380354,-6.51185018856,0.854874712088,4,0
3380,6.76,1,0.187765315175,0,-18,0,0,-0.375667465089,-0.315595000607,0.187765319837,-1.30157877539,-0.563432784927,0.985983774785,-2.60708729428,-62.785666586,-18,-3.9181867331e-05,-0.00368734294092,0.187856432641,-1.27840752117,1.42303717876e-06,-0.000355759294693,0.187817250773,-0.376296614669,-0.313507512079,-1.28209486411,-0.396802163643,-0.316475613047,-0.584619414417,0.965619251066,-22.2859172663,-18,-65.3262334747,-0.375667465089,-0.315595000607,-0.563432784927,0.985983774785,-0.563432784927,0.985983774785,-0.0665204055824,4,0
3380,6.76,2,1.8183478117,0,-4.1089887619,0,0,0.59458433205,0.394493748608,1.81834784192,6.33099601731,-1.22376350987,-5.9365022687,0.709146592986,-175.293461922,-4.10898888016,0.00056697028411,0.0521061589518,1.81714719779,6.04596390946,-1.77879648677e-06,0.000444699121689,1.81771416808,0.59537076902,0.391884387929,6.09807006841,0.592642617708,0.394412843844,-1.22507155037,-5.70365722457,-58.9024582053,-4.10898888016,-175.526872167,0.59458433205,0.394493748608,-1.22376350987,-5.9365022687,-1.22376350987,-5.9365022687,0.942556837778,4,0
3390,6.78,1,0.155894979835,0,-18,0,0,-0.381715880958,-0.287385370643,0.155894975785,-1.84023969299,-0.537610856743,1.55285432235,-2.28584614531,-57.0109297348,-18,-0.000110115007218,-0.0102217383578,0.156137679001,-1.78082036417,1.98783672883e-06,-0.000496959182211,0.156027563994,-0.382287633621,-0.284385454129,-1.79104210253,-0.399195170387,-0.28811367437,-0.555222734381,1.50292842816,-21.3051349632,-18,-59.112085985,-0.381715880958,-0.287385370643,-0.537610856743,1.55285432235,-0.537610856743,1.55285432235,-0.184689895111,4,0
3390,6.78,2,1.9375295639,0,-6.1089887619,0,0,0.60214485184,0.359231710912,1.93752959643,5.63862566768,-1.33538474459,-5.27939395676,0.588094617216,-185.372764877,-6.10898888016,0.000583895148019,0.0536267767845,1.93629646764,5.34650564661,-2.48479592624e-06,0.00062119898155,1.93688036279,0.602859542664,0.355481815247,5.4001324234,0.598966688819,0.359099287453,-1.33791367397,-5.04103313594,-64.4630666272,-6.10898888016,-185.754806556,0.60214485184,0.359231710912,-1.33538474459,-5.27939395676,-1.33538474459,-5.27939395676,0.970136296971,4,0
3400,6.8,1,0.112667120993,0,-18,0,0,-0.387223423022,-0.268438583087,0.112667120473,-2.43189801676,-0.499890543496,2.16345943367,-3.50049408128,-49.6082522839,-18,-0.000191050194617,-0.0176582387939,0.113081092178,-2.33185304766,2.49616547154e-07,-6.24041367869e-05,0.112890041984,-0.387760111102,-0.26815682719,-2.34951128646,-0.413688149177,-0.269541280011,-0.526578191161,2.07997000645,-20.0974573969,-18,-52.7895329071,-0.387223423022,-0.268438583087,-0.499890543496,2.16345943367,-0.499890543496,2.16345943367,-0.319213458068,4,0
3400,6.8,2,2.0416457653,0,-8.1089887619,0,0,0.609029279371,0.335548226332,2.04164569855,4.83422708711,-1.43261641917,-4.49867886078,0.953080805085,-193.159658558,-8.10898888016,0.000576614874998,0.0529251180571,2.04043106102,4.54707330323,-3.12020685733e-07,7.8005171431e-05,2.0410076759,0.609700139465,0.335196031458,4.59999842129,0.608992417203,0.335546690409,-1.4320152587,-4.26445173088,-69.3560746158,-8.10898888016,-193.164089698,0.609029279371,0.335548226332,-1.43261641917,-4.49867886078,-1.43261641917,-4.49867886078,0.957511944913,4,0
3410,6.82,1,0.0674559175968,0,-18,0,0,-0.39243706946,-0.247068763262,0.0674559158391,-2.26225319806,-0.459892985299,2.01518443479,-2.17928150884,-44.3924268146,-18,0.000461222121425,0.0408274162683,0.0666108717001,-2.43763073537,2.38717791468e-06,-0.000596794478666,0.0670720938215,-0.392927658827,-0.243504300098,-2.39680331911,-0.416737171919,-0.248081267531,-0.483809265741,2.14872205157,-19.3486608253,-18,-47.313501631,-0.39243706946,-0.247068763262,-0.459892985299,2.01518443479,-0.459892985299,2.01518443479,0.741793307607,4,0
3410,6.82,2,2.04999995232,0,-10.1089887619,0,0,0.615546337367,0.308835951412,2.08016253295,0.14889667524,-1.46461619558,0.159939276172,0.526616531678,-172.611015142,-10.1089888802,0.0142138822369,0.0657510307194,2.05,-0.00273312769557,-2.98397240728e-06,0.000745993101824,2.06421388224,0.61615957407,0.304380372436,0.0630179030238,0.588472795466,0.307707887166,-1.47574108677,0.244689984142,-59.2082664248,-10.1089888802,-175.865480492,0.615546337367,0.308835951412,-1.46461619558,0.159939276172,-1.46461619558,0.159939276172,3.781081881,4,4
3420,6.84,1,0.0156505275518,0,-18,0,0,-0.397025967631,-0.21372227684,0.0156505274274,-2.884765869,-0.412676495058,2.67104359216,-2.78894553196,-36.7250774932,-18,-0.000237517796,-0.0219554720664,0.016172881714,-2.75782326331,1.41410153615e-06,-0.000353525384031,0.015935363918,-0.397451165487,-0.211538351942,-2.77977873537,-0.416925208355,-0.21455141187,-0.432860572273,2.5652273235,-18.1750062519,-18,-39.1171320552,-0.397025967631,-0.21372227684,-0.412676495058,2.67104359216,-0.412676495058,2.67104359216,-0.396890969895,4,0
3420,6.84,2,2.04999995232,0,-12.1089887619,0,0,0.621282460025,0.267152843206,2.07098183232,-0.79733149085,-1.4496993723,1.06448433406,0.689054540047,-166.414115595,-12.1089888802,0.0104227804263,0.0397340378319,2.05,-1.02912576533,-1.76762692672e-06,0.000441906731667,2.06042278043,0.621813957339,0.264422937073,-0.989391727497,0.60507839286,0.266477673741,-1.45534438757,1.25586940124,-62.9980267702,-12.1089888802,-168.361979502,0.621282460025,0.267152843206,-1.4496993723,1.06448433406,-1.4496993723,1.06448433406,2.63691844715,4,4
3430,6.86,1,-0.0486899279058,0,-18,0,0,-0.401169346766,-0.200139370256,-0.048689928222,-3.47306003646,-0.352479418544,3.2729206662,-2.58268113343,-26.4664781265,-18,-0.000254292082303,-0.0232559335588,-0.0481617660915,-3.3496667376,1.92233188306e-06,-0.000480582970765,-0.0484160581738,-0.401566863594,-0.197316665237,-3.37292267116,-0.419152809782,-0.200888681215,-0.370736751608,3.17203398994,-16.5764118045,-18,-28.6282402432,-0.401169346766,-0.200139370256,-0.352479418544,3.2729206662,-0.352479418544,3.2729206662,-0.420919016743,4,0
3430,6.86,2,2.04630446434,0,-14.1089887619,0,0,0.626461683886,0.250174209914,2.04630447324,-1.61441914575,-1.41984278936,1.86459335566,0.615814082431,-159.954594142,-14.1089888802,0.000349671506888,0.0475003964768,2.04547020381,-1.87100395236,-2.4029148622e-06,0.000600728715559,2.04581987532,0.626958579916,0.246645828628,-1.82350355588,0.624703659424,0.250100958895,-1.42111621589,2.07360451478,-67.6626678246,-14.1089888802,-160.165923333,0.626461683886,0.250174209914,-1.41984278936,1.86459335566,-1.41984278936,1.86459335566,0.827143272951,4,0
3440,6.88,1,-0.123548962176,0,-17.7999992371,0,0,-0.404822493156,-0.163078333653,-0.123548961071,-3.94445004797,-0.281273532085,3.78137171431,-2.17684292795,-15.1830189768,-17.8,-0.000168763111586,-0.0153535842567,-0.12320624549,-3.86586058334,2.52967198316e-06,-0.000632417995784,-0.123375008601,-0.405144801551,-0.159256943655,-3.88121416759,-0.420618262133,-0.163736490694,-0.297243253531,3.7174776769,-14.6867522322,-17.8,-17.0818020393,-0.404822493156,-0.163078333653,-0.281273532085,3.78137171431,-0.281273532085,3.78137171431,-0.278059865532,4,0
3440,6.88,2,2.00358319283,0,-16.1089897156,0,0,0.631028116814,0.203847914014,2.00358310471,-2.58580579369,-1.3725549879,2.7896537077,0.458005837816,-149.783774688,-16.1089888802,0.000457948427673,0.0419525692475,2.0026259172,-2.81068768912,-3.16208998741e-06,0.000790522496865,2.00308386562,0.631431002302,0.199071176504,-2.76873511987,0.628522788274,0.203743525325,-1.37456107735,2.97247864519,-71.8677940144,-16.1089888802,-150.084936056,0.631028116814,0.203847914014,-1.3725549879,2.7896537077,-1.3725549879,2.7896537077,0.759167206073,4,0
3450,6.9,1,-0.205804944038,0,-15.8000001907,0,0,-0.40778208478,-0.13938329373,-0.205804947103,-4.21036876121,-0.201977137677,4.07098546748,-3.66358732761,-3.83260245378,-15.8,-4.33862828091e-06,-0.000110500379421,-0.205822702506,-4.21967335009,3.12645208389e-07,-7.81613020908e-05,-0.205827041134,-0.40806061426,-0.139030256297,-4.21978385047,-0.438237430124,-0.140652266452,-0.23241038899,4.07913158401,-11.0514312794,-15.8,-7.4935887587,-0.40778208478,-0.13938329373,-0.201977137677,4.07098546748,-0.201977137677,4.07098546748,-0.00260102270067,4,0
3450,6.9,2,1.93960297108,0,-18,0,0,0.634727606282,0.174229114037,1.93960296748,-3.72826029042,-1.3048753612,3.90248940446,0.900919112294,-136.331223743,-18,0.000356737242442,0.0325953913508,1.9388654397,-3.8999912247,-3.90806511485e-07,9.77016278697e-05,1.93922217695,0.635075768126,0.173787817245,-3.86739583335,0.637313943614,0.174336878092,-1.30190823333,4.04173271145,-74.9551457221,-18,-136.020324443,0.634727606282,0.174229114037,-1.3048753612,3.90248940446,-1.3048753612,3.90248940446,0.590019812162,4,0
3460,6.92,1,-0.2905626297,0,-13.8000001907,0,0,-0.410379045424,-0.113310120779,-0.290562628186,-4.22577941665,-0.119816417239,4.11246929587,-2.03128856129,6.64226785458,-13.8,0.000187100335159,0.0174289967869,-0.290980958764,-4.32923717637,2.85395474431e-06,-0.000713488686078,-0.290793858429,-0.410601417003,-0.1090453235,-4.31180817959,-0.429895793633,-0.114123318621,-0.139101935204,4.19768486096,-7.62493336122,-13.8,4.29619208035,-0.410379045424,-0.113310120779,-0.119816417239,4.11246929587,-0.119816417239,4.11246929587,0.314787212941,4,0
3460,6.92,2,1.85145068169,0,-18,0,0,0.637973807025,0.14163764778,1.85145071316,-4.96470960257,-1.21347690613,5.10634725035,0.370931909159,-119.600240317,-18,0.000238854424621,0.0217711530476,1.85096198519,-5.07753422398,-3.56744343666e-06,0.000891860859176,1.85120083961,0.638251771492,0.136306651172,-5.05576307094,0.63778025481,0.141629583104,-1.2134205848,5.19739265404,-69.9707772222,-18,-119.623506906,0.637973807025,0.14163764778,-1.21347690613,5.10634725035,-1.21347690613,5.10634725035,0.394198498288,4,0
3470,6.94,1,-0.372549265623,0,-11.8000001907,0,0,-0.412228944967,-0.0742040620631,-0.372549261685,-3.87760316193,-0.0396796832814,3.80339909987,-2.75637825731,15.6725805201,-11.8,0.000545715412488,0.0520711148915,-0.373815395055,-4.19581364875,1.61133805709e-06,-0.00040283451428,-0.373269679643,-0.412374788881,-0.0717134537308,-4.14374253386,-0.442961368854,-0.075484579725,-0.0696916892108,4.06825795413,-4.50907952109,-11.8,11.9782870654,-0.412228944967,-0.0742040620631,-0.0396796832814,3.80339909987,-0.0396796832814,3.80339909987,0.937915197462,4,0
3470,6.94,2,1.73840868473,0,-18,0,0,0.640286181388,0.0927550743126,1.7384086969,-6.22519729225,-1.09812251551,6.31795236656,0.561436009555,-100.029478062,-18,0.000100308449953,0.0088484824975,1.73822566788,-6.26315287443,-2.01417257362e-06,0.000503543143393,1.73832597633,0.640468486274,0.089641813894,-6.25430439193,0.643618737926,0.0928939308351,-1.09470723841,6.34719832277,-64.6736192957,-18,-99.6288769949,0.640286181388,0.0927550743126,-1.09812251551,6.31795236656,-1.09812251551,6.31795236656,0.160834942351,4,0
3480,6.96,1,-0.443570524454,0,-9.80000019073,0,0,-0.413564082252,-0.0587543841433,-0.443570526656,-3.29928132565,0.0300064444042,3.24052694151,-2.47956040449,21.265704141,-9.8,0.000680753819556,0.0624274841954,-0.444999282324,-3.63621598647,2.17257600205e-06,-0.000543144000518,-0.444318528505,-0.41367846544,-0.0555621624078,-3.57378850227,-0.443587831728,-0.0600053737048,0.000730696776473,3.51378312857,-1.98887244045,-9.8,17.656599256,-0.413564082252,-0.0587543841433,0.0300064444042,3.24052694151,0.0300064444042,3.24052694151,1.12954448048,4,0
3480,6.96,2,1.59938335419,0,-18,0,0,0.641955102929,0.0734429768933,1.59938337216,-7.55065370375,-0.957428269234,7.62409668064,0.461996829026,-77.0120862642,-18,-8.86469337216e-05,-0.00837379179419,1.59959265004,-7.49693958264,-2.7157200051e-06,0.000678930001275,1.5995040031,0.642098081908,0.0694526997203,-7.50531337444,0.647054563939,0.0736554544354,-0.952449439163,7.57896882887,-58.7421307032,-18,-76.3990885552,0.641955102929,0.0734429768933,-0.957428269234,7.62409668064,-0.957428269234,7.62409668064,-0.151000879982,4,0
3490,6.98,1,-0.503094732761,0,-7.80000019073,0,0,-0.414348670313,-0.0176434389852,-0.503094760599,-2.69669914593,0.0887460902858,2.67905570695,-2.04217205921,25.5393185706,-7.8,0.000679886844487,0.0625215863678,-0.504537403844,-3.039816419,2.74377179621e-06,-0.000685942949058,-0.503857517,-0.414379777294,-0.0134956614068,-2.97729483264,-0.440744974357,-0.018743284987,0.0631125426429,2.95855154765,0.311035708204,-7.8,22.3662628554,-0.414348670313,-0.0176434389852,0.0887460902858,2.67905570695,0.0887460902858,2.67905570695,1.13088365603,4,0
3490,6.98,2,1.43352353573,0,-18,0,0,0.642935837939,0.0220542954143,1.43352358924,-8.90377482004,-0.790587751302,8.92582911546,0.288021441749,-50.8477835299,-18,-0.000256408473496,-0.0237841155142,1.43408719324,-8.76608360693,-3.42971474609e-06,0.000857428686521,1.43383078477,0.642974721658,0.01686957344,-8.78986772245,0.648907118773,0.0223030987824,-0.784923665993,8.81217082123,-52.0757329753,-18,-50.129985813,0.642935837939,0.0220542954143,-0.790587751302,8.92582911546,-0.790587751302,8.92582911546,-0.429776275138,4,0
3500,7,1,-0.549392402172,0,-5.80000019073,0,0,-0.414376877172,0.007730006932,-0.549392410097,-1.9873216865,0.135015532925,1.99505169343,-3.60881179038,27.814982893,-5.8,0.000745240219538,0.0685257062302,-0.550973779149,-2.36335239572,3.35168651389e-07,-8.3792162847e-05,-0.550228538929,-0.41436116275,0.00810858760655,-2.29482668949,-0.454709432143,0.00604948380818,0.0955191067861,2.30087617329,2.31319940171,-5.8,22.9666736808,-0.414376877172,0.007730006932,0.135015532925,1.99505169343,0.135015532925,1.99505169343,1.23949742183,4,0
3500,7,2,1.24036467075,0,-18,0,0,0.642971096446,-0.00966251198297,1.24036471684,-10.2776843078,-0.597393620395,10.2680217959,0.751610450233,-21.3397034043,-18,-0.000432529717603,-0.0399747414273,1.24130163005,-10.051299183,-4.18960814264e-07,0.000104740203557,1.24086910033,0.642951453412,-0.0101357378262,-10.0912739244,0.655235238024,-0.00915150608389,-0.585633862309,10.0821224183,-44.5665874435,-18,-19.8654513855,0.642971096446,-0.00966251198297,-0.597393620395,10.2680217959,-0.597393620395,10.2680217959,-0.722641568617,4,0
3510,7.02,1,-0.580755591393,0,-3.79999995232,0,0,-0.414020698899,0.0351285840496,-0.58075561758,-1.22681984284,0.166734918681,1.26194842689,-1.87726302649,27.9503815788,-3.8,0.000757379636048,0.0694838299713,-0.5823482455,-1.60274755454,2.95098319419e-06,-0.000737745798555,-0.581590865863,-0.413946043008,0.039541183246,-1.53326372457,-0.440095606597,0.0340421295622,0.141495259266,1.56730585413,4.00593963683,-3.8,24.8159603826,-0.414020698899,0.0351285840496,0.166734918681,1.26194842689,0.166734918681,1.26194842689,1.25715816966,4,0
3510,7.02,2,1.02027893066,0,-16,0,0,0.64252587354,-0.0439107333698,1.0202789367,-11.566336111,-0.377753063165,11.5224253776,0.186879037396,10.9733592991,-16,-0.000586987877254,-0.0540612714417,1.0215329861,-11.2666043141,-3.68872899059e-06,0.00092218224766,1.02094599822,0.642432553668,-0.0494264823621,-11.3206655855,0.652213729785,-0.0435070726929,-0.368732268434,11.2771585128,-28.4473247508,-16,12.137920352,0.64252587354,-0.0439107333698,-0.377753063165,11.5224253776,-0.377753063165,11.5224253776,-0.977682015501,4,0
3520,7.04,1,-0.59733825922,0,-1.79999995232,0,0,-0.412891933308,0.0749277710729,-0.597338245013,-0.517707936448,0.184446311705,0.592635707521,-2.6241202163,26.5115153717,-1.8,0.000669030078835,0.0612471254067,-0.598732679508,-0.844501241786,1.5998152636e-06,-0.000399953815901,-0.598063649429,-0.412739528254,0.0774023883473,-0.783254116379,-0.443942426185,0.0736340005364,0.154121223243,0.856888116915,5.48907729524,-1.8,22.7789873738,-0.412891933308,0.0749277710729,0.184446311705,0.592635707521,0.184446311705,0.592635707521,1.10840778164,4,0
3520,7.04,2,0.777108132839,0,-14,0,0,0.641114916485,-0.0936597171063,0.777108105971,-12.5971641313,-0.135993189486,12.5035044142,0.38085939182,44.7640387381,-14,-0.000658620643475,-0.060494789966,0.778499878737,-12.2674048734,-1.999769077e-06,0.000499942269252,0.777841258093,0.640924410161,-0.0967529886953,-12.3278996633,0.653387203721,-0.0931483718048,-0.124454054372,12.2347512915,-12.3389156063,-14,46.2392699329,0.641114916485,-0.0936597171063,-0.135993189486,12.5035044142,-0.135993189486,12.5035044142,-1.094371803,4,0
3530,7.06,1,-0.601084828377,0,0.20000000298,0,0,-0.411245853033,0.0902426141741,-0.601084819635,0.0567568077497,0.189838966602,0.0334858064243,-2.31281513475,23.9535269616,0.2,0.00049202599756,0.0448729159335,-0.602094365531,-0.176780018069,2.1413487844e-06,-0.000535337196094,-0.601602339534,-0.411062283497,0.0933907795598,-0.131907102135,-0.43724447305,0.08915933834,0.164357866483,0.221066440475,6.88212210375,0.2,20.8282761804,-0.411245853033,0.0902426141741,0.189838966602,0.0334858064243,0.189838966602,0.0334858064243,0.812435646468,4,0
3530,7.06,2,0.517157018185,0,-12,0,0,0.639057316076,-0.112803270957,0.517157014216,-13.2606663003,0.121900301861,13.1478630293,0.268170605783,79.0919181786,-12,-0.000604857188386,-0.0553527653677,0.518416181587,-12.965930341,-2.67668597664e-06,0.000669171494165,0.517811324399,0.63882785415,-0.116738477684,-13.0212831064,0.649621870102,-0.112363081206,0.131810545703,12.9089200252,3.16080545339,-12,80.3618656104,0.639057316076,-0.112803270957,0.121900301861,13.1478630293,0.121900301861,13.1478630293,-1.00177682605,4,0
3540,7.08,1,-0.595501959324,0,2.20000004768,0,0,-0.409060234286,0.130077277836,-0.595501933982,0.427067253177,0.186441699696,-0.296989975341,-1.90065920387,21.3314014133,2.2,0.000240437553903,0.0216955309041,-0.59597335867,0.322245948196,2.60239814631e-06,-0.000650599536584,-0.595732921116,-0.40879610974,0.134014071461,0.343941479101,-0.428143368084,0.129282147261,0.167589553032,-0.21465933184,8.31356935577,2.2,19.0374497047,-0.409060234286,0.130077277836,0.186441699696,-0.296989975341,0.186441699696,-0.296989975341,0.393292504815,4,0
3540,7.08,2,0.249064311385,0,-10,0,0,0.636325292577,-0.162596600447,0.249064309018,-13.4448324309,0.387260983559,13.2822358305,0.100605789923,112.066513653,-10,-0.000409036137118,-0.0372062652875,0.249894539843,-13.2545381328,-3.2529976759e-06,0.000813249418962,0.249485503706,0.635995136889,-0.167517592468,-13.2917443981,0.642767782473,-0.162328163368,0.393282278767,13.1294162348,17.1821916249,-10,112.840954626,0.636325292577,-0.162596600447,0.387260983559,13.2822358305,0.387260983559,13.2822358305,-0.673835182927,4,0
3550,7.1,1,-0.585018932819,0,4.19999980927,0,0,-0.406153401997,0.153841834972,-0.585018953137,0.571174873027,0.17886555114,-0.417333038055,-3.34424132305,19.2218585998,4.2,-3.67241139488e-05,-0.00373749562904,-0.584906883324,0.604172541234,3.14268818025e-07,-7.8567204501e-05,-0.584943607438,-0.405845479578,0.154196911302,0.600435045605,-0.433417654585,0.152705824448,0.151525952854,-0.447729221158,9.8914398102,4.2,15.9444682366,-0.406153401997,0.153841834972,0.17886555114,-0.417333038055,0.17886555114,-0.417333038055,-0.0668509599429,4,0
3550,7.1,2,-0.017053488642,0,-8,0,0,0.632691752155,-0.192302296796,-0.0170534879561,-13.1200785405,0.649745240111,12.9277762437,0.524814617214,142.372299495,-8,-0.000142125613657,-0.0126988231116,-0.0167868816622,-13.0631651463,-3.92836021601e-07,9.820900539e-05,-0.0169290072759,0.632306849124,-0.192746142208,-13.0758639694,0.638974876493,-0.192040499949,0.655903883769,12.8838234695,28.9400956104,-8,143.1275834,0.632691752155,-0.192302296796,0.649745240111,12.9277762437,0.649745240111,12.9277762437,-0.230469287607,4,0
3560,7.12,1,-0.573647677898,0,6.19999980927,0,0,-0.402890230017,0.179016152577,-0.573647664693,0.542230278714,0.170757434676,-0.363214126137,-1.73770901896,18.0469256966,6.2,-0.000263241878992,-0.0244425056206,-0.57306635117,0.684618231644,2.66569259816e-06,-0.000666423149533,-0.573329593049,-0.40252821881,0.183004872796,0.660175726023,-0.413672231999,0.178566902494,0.15965736105,-0.481608823529,11.6522608685,6.2,16.7508392084,-0.402890230017,0.179016152577,0.170757434676,-0.363214126137,0.170757434676,-0.363214126137,-0.441622530697,4,0
3560,7.12,2,-0.259999990463,0,-6,0,0,0.628612787118,-0.223770193715,-0.271388663159,-12.3516116658,0.900001450278,12.1278414721,-0.00151835281627,105.458623239,-6,9.58071355239e-05,0.0089126781423,-0.26,0,-3.33211573733e-06,0.00083302893434,-0.259904192864,0.628160273104,-0.228756093973,0.0089126781423,0.627260832819,-0.223826525144,0.887165025683,-0.232739203286,-11.678447232,-6,105.296107066,0.628612787118,-0.223770193715,0.900001450278,12.1278414721,0.900001450278,12.1278414721,0.160997820297,4,4
3570,7.14,1,-0.615991711617,0,8.19999980927,0,0,-0.398929038209,0.214352224646,-0.615991709742,-3.17867846961,0.217062671533,3.39303069426,-2.40940684769,37.1053342676,8.2,-0.00322691163027,-0.290524065558,-0.609684465097,-1.78061443887,1.38102600844e-06,-0.000345256502114,-0.612911376727,-0.398498129251,0.216490248116,-2.07113850443,-0.375149112516,0.215343054883,0.237762264211,2.28648155932,16.9341875221,8.2,39.9638795019,-0.398929038209,0.214352224646,0.217062671533,3.39303069426,0.217062671533,3.39303069426,-5.26795208195,4,0
3570,7.14,2,-0.259999990463,0,-4,0,0,0.6236612973,-0.267940283648,-0.343393488929,0.233714143301,0.967054786229,-0.501654426949,0.170752309696,109.647515871,-4,-0.0397411738888,-0.0357841492987,-0.26,0,-1.72628250372e-06,0.000431570625929,-0.299741173889,0.623122661098,-0.270612812976,-0.0357841492987,0.693320395408,-0.265037821227,0.993061569297,-0.229253671928,-2.96278926264,-4,118.021119956,0.6236612973,-0.267940283648,0.967054786229,-0.501654426949,0.967054786229,-0.501654426949,-8.20285177543,4,4
3580,7.16,1,-0.681096792221,0,10.1999998093,0,0,-0.394515000768,0.227548095501,-0.681096799835,-3.11657742368,0.286581799067,3.34412551919,-2.10369752854,50.5233122703,10.2,-0.000439111595168,-0.038650443423,-0.680342173704,-2.96807308639,1.83269591891e-06,-0.00045817397973,-0.680781285299,-0.394057261134,0.230244339257,-3.00672352981,-0.406169608803,0.227062486833,0.274611676496,3.23378601665,20.8151152065,10.2,49.1223312628,-0.394515000768,0.227548095501,0.286581799067,3.34412551919,0.286581799067,3.34412551919,-0.70271652104,4,0
3580,7.16,2,-0.259999990463,0,-2,0,0,0.618143750443,-0.28443512215,-0.31779759563,1.53697305344,0.935941346073,-1.82140817559,0.0593327215297,100.998185364,-2,-0.0282760124942,0.0849228538154,-0.26,1.18507926164,-2.29086988901e-06,0.000572717472254,-0.288276012494,0.617571575894,-0.287805426831,1.27000211545,0.652497121336,-0.283003731696,0.94077313383,-1.55300584715,-0.341432428301,-2,105.127746824,0.618143750443,-0.28443512215,0.935941346073,-1.82140817559,0.935941346073,-1.82140817559,-4.07022873784,4,4
3590,7.18,1,-0.736285626888,0,12.1999998093,0,0,-0.38964233632,0.260945638175,-0.736285606768,-2.44677238726,0.346643270448,2.70771802543,-1.7698470124,55.6413488507,12.2,0.000214761995581,0.0198784125641,-0.73675771763,-2.56158768098,2.12386690829e-06,-0.000530966727067,-0.736542955635,-0.389117199299,0.264161410655,-2.54170926842,-0.40735438554,0.260207636125,0.329188570095,2.80191690454,23.1049735497,12.2,53.5122129341,-0.38964233632,0.260945638175,0.346643270448,2.70771802543,0.346643270448,2.70771802543,0.359288904177,4,0
3590,7.18,2,-0.259999990463,0,-3.0475622026e-14,0,0,0.612052919829,-0.326182050298,-0.291724741266,1.05960088477,0.903777661096,-1.38578293507,-0.0802167396032,98.3909290761,-3.0475622026e-14,-0.0156364306855,-0.0482066138754,-0.26,1.34838316071,-2.65483362138e-06,0.000663708405342,-0.275636430685,0.611396498548,-0.330201765877,1.30017654683,0.642776944293,-0.324901882612,0.918413374978,-1.62507842944,7.36164665713,-3.0475622026e-14,102.08421285,0.612052919829,-0.326182050298,0.903777661096,-1.38578293507,0.903777661096,-1.38578293507,-3.77350051361,4,4
3600,7.2,1,-0.777522146702,0,14.1999998093,0,0,-0.384177063894,0.280022453751,-0.777522123349,-1.7521898443,0.393345059455,2.03221229805,-2.90294969679,57.8412379964,14.2,0.000228813779576,0.0209181215627,-0.777996738959,-1.86296259624,2.52653417243e-07,-6.31633543127e-05,-0.77776792518,-0.383616826828,0.280308023291,-1.84204447467,-0.411476102126,0.278884993824,0.366291823054,2.1209294685,24.9458189855,14.2,54.5596661089,-0.384177063894,0.280022453751,0.393345059455,2.03221229805,0.393345059455,2.03221229805,0.378622190681,4,0
3600,7.2,2,-0.259999990463,0,2,0,0,0.605221329247,-0.350028069633,-0.276135395881,0.579284918951,0.881356725128,-0.929312988584,0.249527327676,98.5794066639,2,-0.00797438272663,-0.0697915368901,-0.26,0.960579221843,-3.15816769736e-07,7.89541924441e-05,-0.267974382727,0.604521032909,-0.350385031557,0.890787684953,0.629323430333,-0.349023815421,0.89729781306,-1.23981150037,16.8885140983,2,101.476680065,0.605221329247,-0.350028069633,0.881356725128,-0.929312988584,0.881356725128,-0.929312988584,-2.64774607375,4,4
3610,7.22,1,-0.805239796638,0,16.2000007629,0,0,-0.378429663337,0.299711015434,-0.805239776576,-1.08930312175,0.426810113239,1.38901413719,-1.62912549694,58.5002449546,16.2,0.000162654522896,0.0148623330677,-0.805575936576,-1.16759345938,2.03504420659e-06,-0.000508761051646,-0.805413282053,-0.37782719772,0.302759092056,-1.15273112631,-0.394220186688,0.299053076961,0.411193095365,1.45178420327,26.6082547426,16.2,56.6020924602,-0.378429663337,0.299711015434,0.426810113239,1.38901413719,0.426810113239,1.38901413719,0.26902699748,4,0
3610,7.22,2,-0.259999990463,0,4,0,0,0.598037078503,-0.374638771585,-0.267973374919,0.294343993508,0.866010453422,-0.668982765093,-0.170355818791,98.5223060782,4,-0.00394494074448,-0.0704950033495,-0.26,0.678963478081,-2.5438052409e-06,0.000635951310219,-0.263944940744,0.597283996477,-0.378448867336,0.608468474731,0.612303916835,-0.374044319988,0.876248857579,-0.982512794719,25.9568776492,4,100.237298936,0.598037078503,-0.374638771585,0.866010453422,-0.668982765093,0.866010453422,-0.668982765093,-1.88534867653,4,4
3620,7.24,1,-0.819824576378,0,18,0,0,-0.372149243447,0.326005954827,-0.819824584361,-0.436012963611,0.447675340914,0.762018918438,-2.13815299132,57.7731489443,18,0.000117808543027,0.0107480613296,-0.820066873393,-0.492176181714,9.83315861125e-07,-0.000245828965276,-0.819949064849,-0.371495657642,0.327530389662,-0.481428120384,-0.391555062896,0.325197379017,0.428394001954,0.806625499401,27.9168286128,18,55.4404077315,-0.372149243447,0.326005954827,0.447675340914,0.762018918438,0.447675340914,0.762018918438,0.194588221534,4,0
3620,7.24,2,-0.259999990463,0,6,0,0,0.590186553597,-0.407507445582,-0.263801888817,0.163318467524,0.853988442414,-0.570825913106,-0.0422617629865,97.7841639432,6,-0.00189582161896,-0.0727187905744,-0.26,0.558355561539,-1.22914481593e-06,0.000307286203977,-0.261895821619,0.589369571336,-0.40941298911,0.485636770965,0.602542075015,-0.40699263219,0.864437896634,-0.892629403155,34.414867281,6,99.2694005803,0.590186553597,-0.407507445582,0.853988442414,-0.570825913106,0.853988442414,-0.570825913106,-1.52749840003,4,4
3630,7.26,1,-0.821907758713,0,18,0,0,-0.365539116071,0.335373242631,-0.82190776148,0.152062178581,0.456368645409,0.18331106405,-1.87713422759,55.7360984916,18,3.74969901981e-05,0.00331629082176,-0.821974938539,0.138397064972,1.28660538978e-06,-0.000321651347444,-0.821937441549,-0.364866509481,0.33726824886,0.141713355794,-0.381656087741,0.334701702144,0.440281353808,0.192988346351,27.322071185,18,53.7987041887,-0.365539116071,0.335373242631,0.456368645409,0.18331106405,0.456368645409,0.18331106405,0.0602600752662,4,0
3630,7.26,2,-0.25981336832,0,8,0,0,0.581923894337,-0.419216555237,-0.259813360874,0.26979938703,0.841737255211,-0.689015942267,-0.138127683813,96.0564069063,8,-0.000707723310883,-0.064915448571,-0.258331966322,0.617543527356,-1.60825672302e-06,0.000402064180743,-0.259039689633,0.581083136096,-0.421585313003,0.552628078785,0.590545612484,-0.418857316981,0.849585302117,-0.971485395765,42.1027832916,8,97.0928092753,0.581923894337,-0.419216555237,0.841737255211,-0.689015942267,0.841737255211,-0.689015942267,-1.17453005282,4,0
3640,7.28,1,-0.813264071941,0,18,0,0,-0.35861069126,0.358006795674,-0.813264096855,0.649372214537,0.454653405594,-0.291365418863,-1.66432047434,52.9808033727,18,-4.60951486484e-05,-0.00433201767146,-0.813157358539,0.676404437069,1.37017491308e-06,-0.000342543728268,-0.813203453688,-0.357892576677,0.360084922789,0.672072419398,-0.371805765837,0.3574570009,0.441397687851,-0.314615418498,26.6832867835,18,51.3946454496,-0.35861069126,0.358006795674,0.454653405594,-0.291365418863,0.454653405594,-0.291365418863,-0.0781625512838,4,0
3640,7.28,2,-0.250828653574,0,10,0,0,0.573263363287,-0.447508496264,-0.250828647339,0.632079131867,0.824092010626,-1.07958762813,-0.231729817301,92.2426725042,10,-0.000590368323532,-0.0540576914046,-0.24959743621,0.920842722004,-1.71271862226e-06,0.000428179655563,-0.250187804534,0.572365720055,-0.45010615513,0.866785030599,0.579473781006,-0.447249728859,0.82966158554,-1.31403475946,48.7189984423,10,92.9892164675,0.573263363287,-0.447508496264,0.824092010626,-1.07958762813,0.824092010626,-1.07958762813,-0.978273780592,4,0
3650,7.3,1,-0.795478820801,0,18,0,0,-0.351295040248,0.369924344284,-0.795478835354,1.07641496271,0.444183795105,-0.706490618422,-2.33963165601,49.5193400897,18,-0.000108467571087,-0.0100305169232,-0.795243217851,1.13344632744,1.58305125064e-07,-3.95762812675e-05,-0.795351685422,-0.350555070887,0.370103409645,1.12341581051,-0.369249848802,0.369176227261,0.426101836619,-0.754239583251,26.0048955483,18,47.3610224781,-0.351295040248,0.369924344284,0.444183795105,-0.706490618422,0.444183795105,-0.706490618422,-0.181314044421,4,0
3650,7.3,2,-0.232060357928,0,12,0,0,0.564118799491,-0.462405431848,-0.23206035602,1.22117648318,0.796179155511,-1.68358191503,-0.0393081354871,86.1181123682,12,-0.000477095175689,-0.0436613912671,-0.231067667811,1.45355898526,-1.97881403929e-07,4.94703509737e-05,-0.231544762987,0.563193837786,-0.462629263546,1.40989759399,0.570365258266,-0.462145162732,0.801910021253,-1.87204275672,54.2805927498,12,86.8689887667,0.564118799491,-0.462405431848,0.796179155511,-1.68358191503,0.796179155511,-1.68358191503,-0.790184534007,4,0
3660,7.32,1,-0.769753038883,0,18,0,0,-0.3438080242,0.38157636896,-0.769753041613,1.4515332969,0.425945017413,-1.06995692794,-1.56305330732,45.4288163354,18,-0.000150020485421,-0.0138186070388,-0.769432350143,1.52821602321,1.14074261581e-06,-0.000285185653948,-0.769582370629,-0.343043157506,0.383288903854,1.51439741617,-0.354731989495,0.381121203739,0.414850381134,-1.13327621243,25.2796894111,18,44.1156646739,-0.3438080242,0.38157636896,0.425945017413,-1.06995692794,0.425945017413,-1.06995692794,-0.249901645821,4,0
3660,7.32,2,-0.199239596725,0,14,0,0,0.554760029402,-0.476970462493,-0.199239590597,2.01346041989,0.753999619999,-2.49043088238,-0.298467368215,77.2618956016,14,-0.000366773767269,-0.0335310809797,-0.198479667916,2.19073680421,-1.42592824781e-06,0.000356482061958,-0.198846441683,0.553803946032,-0.479111131078,2.15720572323,0.557325995356,-0.476863547245,0.75617243704,-2.63406927047,58.818017547,14,77.5703460924,0.554760029402,-0.476970462493,0.753999619999,-2.49043088238,0.753999619999,-2.49043088238,-0.606917858991,4,0
3670,7.34,1,-0.736932575703,0,18,0,0,-0.33602204543,0.395423495435,-0.736932566518,1.79220996551,0.400910521089,-1.39678647008,-1.8430104465,40.7499310851,18,-0.000171380299529,-0.0157520108987,-0.736569445264,1.87844001254,4.58210755061e-07,-0.000114552688766,-0.736740825564,-0.335230459063,0.396136841197,1.86268800164,-0.348983486716,0.394883435381,0.387757338848,-1.46780456626,24.4961759971,18,39.1918578305,-0.33602204543,0.395423495435,0.400910521089,-1.39678647008,0.400910521089,-1.39678647008,-0.284937191889,4,0
3670,7.34,2,-0.148530751467,0,16,0,0,0.545027555917,-0.494279370285,-0.148530754471,2.98839468123,0.693558310387,-3.48267405151,-0.231248267868,65.2869143046,16,-0.000256733241437,-0.0234255015927,-0.14800311842,3.11066105226,-5.7276343135e-07,0.00014319085785,-0.148259851661,0.544038072957,-0.495171052468,3.08723555067,0.54663187514,-0.49421252365,0.694891726801,-3.58144807432,62.3436783094,16,65.4797668446,0.545027555917,-0.494279370285,0.693558310387,-3.48267405151,0.693558310387,-3.48267405151,-0.424100807839,4,0
3680,7.36,1,-0.697511017323,0,18,0,0,-0.328072213066,0.399748607191,-0.697511002581,2.11634203558,0.369438789515,-1.71659342839,-1.66009250362,35.3796181052,18,-0.000171809611585,-0.0157611515518,-0.697149827961,2.20157232586,5.73826773043e-07,-0.000143456693256,-0.697321637573,-0.327271880075,0.400596865525,2.18581117431,-0.339510077607,0.399272029502,0.357811559966,-1.78653914481,23.6382035528,18,34.0046914719,-0.328072213066,0.399748607191,0.369438789515,-1.71659342839,0.369438789515,-1.71659342839,-0.285165870253,4,0
3680,7.36,2,-0.0765139088035,0,18,0,0,0.535090265443,-0.49968575986,-0.0765139105788,4.12413803089,0.611604176022,-4.62382379075,-0.299221130339,49.9802713375,18,-0.000148555547558,-0.0134985560191,-0.0762139428503,4.19262486084,-7.17283449303e-07,0.000179320862319,-0.0763624983978,0.534089849203,-0.500746082752,4.17912630482,0.534635042686,-0.499704727474,0.610997541084,-4.6788310323,64.8588899984,18,49.9255497686,0.535090265443,-0.49968575986,0.611604176022,-4.62382379075,0.611604176022,-4.62382379075,-0.244499561437,4,0
3690,7.38,1,-0.651347994804,0,18,0,0,-0.319985650343,0.408685846751,-0.651347985829,2.47840347787,0.331362335486,-2.06971763111,-1.5955371186,29.2106357441,18,-0.000108329348166,-0.00979503261892,-0.651133481388,2.52650157999,4.38967855565e-07,-0.000109741963889,-0.651241810736,-0.319167594607,0.409357093633,2.51670654737,-0.331781981949,0.408194332934,0.319459828787,-2.10851221443,22.6663413555,18,27.7926183822,-0.319985650343,0.408685846751,0.331362335486,-2.06971763111,0.331362335486,-2.06971763111,-0.177519756751,4,0
3690,7.38,2,0.0188660304993,0,18,0,0,0.524982062025,-0.510857308987,0.0188660306091,5.27566575789,0.506116031416,-5.78652306688,-0.334804560611,31.5735411751,18,-0.000103511937871,-0.00952205007499,0.0190856964892,5.32795356544,-5.48709797599e-07,0.000137177449405,0.0189821845514,0.523959492355,-0.511696367557,5.31843151536,0.523629597825,-0.510913661662,0.504647413274,-5.82934517702,58.7500840315,18,31.4109637077,0.524982062025,-0.510857308987,0.506116031416,-5.78652306688,0.506116031416,-5.78652306688,-0.172227093271,4,0
3700,7.4,1,-0.596942901611,0,18,0,0,-0.311767410865,0.411900132544,-0.596942884264,2.93497101266,0.285175473399,-2.52307088011,-1.72529272208,21.6819066834,18,1.28597189613e-05,0.00142355159763,-0.596991744578,2.91917062013,4.344737492e-08,-1.08618437305e-05,-0.596978884859,-0.310943577046,0.411949494645,2.92059417172,-0.326329950458,0.411293360061,0.2706489344,-2.50930081166,21.4880729464,18,19.9313680697,-0.311767410865,0.411900132544,0.285175473399,-2.52307088011,0.285175473399,-2.52307088011,0.0252458916026,4,0
3700,7.4,2,0.135619223118,0,17.2000007629,0,0,0.514709262669,-0.514875166026,0.13561922541,6.26237590082,0.379090037259,-6.77725106684,-0.304659624797,11.283075671,17.2,-0.000134128487398,-0.0124747267748,0.135915557385,6.33525243707,-5.43092160132e-08,1.35773040115e-05,0.135781428897,0.513679470395,-0.514936868649,6.3227777103,0.514049480401,-0.514902656954,0.378268051503,-6.83768036725,49.5347390579,17.2,11.2037643441,0.514709262669,-0.514875166026,0.379090037259,-6.77725106684,0.379090037259,-6.77725106684,-0.225348297977,4,0
3710,7.42,1,-0.53209155798,0,16.3999996185,0,0,-0.303510770897,0.41400602471,-0.532091565956,3.50027341621,0.228580795058,-3.0862673915,-1.54635714642,12.3976627614,16.4,0.000169550319246,0.0157155560195,-0.532463645379,3.40955769631,9.86504075651e-08,-2.4662601894e-05,-0.53229409506,-0.302682596577,0.414161147854,3.42527325233,-0.318737333426,0.413371584604,0.213556761633,-3.01190166773,18.4437496554,16.4,10.5673030574,-0.303510770897,0.41400602471,0.228580795058,-3.0862673915,0.228580795058,-3.0862673915,0.284002557607,4,0
3710,7.42,2,0.268463492393,0,15.1999998093,0,0,0.504388462704,-0.517507531014,0.26846350169,6.89874771201,0.235924961015,-7.41625524302,-0.369519912341,-9.35077948869,15.2,-0.000252953170724,-0.0233760937165,0.269011447983,7.03114368985,-1.23312985711e-07,3.08282464403e-05,0.268758494812,0.503353244804,-0.517701434909,7.00776759614,0.504829901284,-0.51748913774,0.236071406472,-7.52525673388,36.4227779088,15.2,-9.29771489278,0.504388462704,-0.517507531014,0.235924961015,-7.41625524302,0.235924961015,-7.41625524302,-0.422584508244,4,0
3720,7.44,1,-0.455772936344,0,14.3999996185,0,0,-0.295227957384,0.413611353064,-0.45577294321,4.07158431943,0.160544985826,-3.65797296636,-1.56084716525,1.54519382207,14.4,0.000254217377737,0.0234272750447,-0.456317447277,3.94119185397,-1.26258531241e-07,3.15646328164e-05,-0.456063229899,-0.294400925614,0.413421191175,3.96461912901,-0.31173674049,0.412923487101,0.144326489409,-3.55169564191,14.7679267867,14.4,-0.439299480414,-0.295227957384,0.413611353064,0.160544985826,-3.65797296636,0.160544985826,-3.65797296636,0.423646137241,4,0
3720,7.44,2,0.410133421421,0,13.1999998093,0,0,0.494034945814,-0.517014191135,0.410133420351,7.18240580392,0.0839015254627,-7.69941999505,-0.371854787288,-29.2555767521,13.2,-0.000364593709626,-0.0336478416168,0.410918600349,7.37129154108,1.57823177138e-07,-3.94557942913e-05,0.41055400664,0.493001156102,-0.516776488754,7.33764369947,0.496002468899,-0.516932211007,0.0854484622592,-7.85457591047,24.5022997527,13.2,-29.0190640813,0.494034945814,-0.517014191135,0.0839015254627,-7.69941999505,0.0839015254627,-7.69941999505,-0.608367458117,4,0
3730,7.46,1,-0.36837503314,0,12.3999996185,0,0,-0.286968372467,0.412333942444,-0.368375018323,4.60538381274,0.0814066458556,-4.1930498703,-1.47967271848,-10.5476173165,12.4,0.00029585970089,0.0271967688952,-0.369002241771,4.45637286731,-2.13294830409e-07,5.33237076048e-05,-0.36870638207,-0.286144001414,0.412025555504,4.48356963621,-0.303370114582,0.411650536522,0.0653362674882,-4.07191909969,10.9137381634,12.4,-12.5192433998,-0.286968372467,0.412333942444,0.0814066458556,-4.1930498703,0.0814066458556,-4.1930498703,0.491953364894,4,0
3730,7.46,2,0.553733050823,0,11.1999998093,0,0,0.483710464673,-0.515417427735,0.553733062422,7.13004737842,-0.0700225977493,-7.64546480616,-0.403074754894,-47.7120910138,11.2,-0.00048285711138,-0.0444998837171,0.554767180738,7.37772804384,2.66618555622e-07,-6.66546388998e-05,0.554284323627,0.482680000857,-0.515031944034,7.33322816012,0.487051597012,-0.515278213887,-0.0672327266147,-7.84850637401,13.8610210492,11.2,-47.3104590638,0.483710464673,-0.515417427735,-0.0700225977493,-7.64546480616,-0.0700225977493,-7.64546480616,-0.804706704859,4,0
3740,7.48,1,-0.271067291498,0,10.3999996185,0,0,-0.278771338572,0.406416991069,-0.271067299922,5.06446672443,-0.00770403865012,-4.65804973336,-1.57175457078,-23.5660155412,10.4,0.000300200149364,0.0275493468221,-0.271699310096,4.91513726547,-5.49110339698e-07,0.000137277584924,-0.271399109946,-0.27795932612,0.405594393323,4.94268661229,-0.29599296116,0.405699423461,-0.0245938512139,-4.53698718883,6.938731793,10.4,-25.6361980898,-0.278771338572,0.406416991069,-0.00770403865012,-4.65804973336,-0.00770403865012,-4.65804973336,0.498427977832,4,0
3740,7.48,2,0.692966282368,0,9.19999980927,0,0,0.473464172314,-0.508021238189,0.692966253242,6.78422235413,-0.219502080929,-7.29224359232,-0.375954408104,-64.0924301773,9.2,-0.000583198093783,-0.0536694250788,0.694208031144,7.08027836468,6.86387946147e-07,-0.000171596986532,0.69362483305,0.47244915675,-0.506992990974,7.0266089396,0.478411669801,-0.50781509246,-0.215213163249,-7.53442403206,4.54010229225,9.2,-63.4976997502,0.473464172314,-0.508021238189,-0.219502080929,-7.29224359232,-0.219502080929,-7.29224359232,-0.970684835267,4,0
3750,7.5,1,-0.16567504406,0,8.39999961853,0,0,-0.270715236948,0.400511582436,-0.165675045904,5.42043583383,-0.105040191044,-5.01992425139,-1.13923871543,-37.1155962681,8.4,0.000275616310367,0.025260879894,-0.166252200803,5.28464229724,-7.70392646343e-08,1.92598161541e-05,-0.165976584493,-0.269914271697,0.400424846096,5.30990317713,-0.283994941283,0.399958261422,-0.118018356791,-4.90994491571,2.9120452727,8.4,-38.7119273934,-0.270715236948,0.400511582436,-0.105040191044,-5.01992425139,-0.105040191044,-5.01992425139,0.457092409895,4,0
3750,7.5,2,0.822634339333,0,7.19999980927,0,0,0.463394045299,-0.5006394772,0.822634367403,6.20791521108,-0.359240322105,-6.70855468828,-0.511896578292,-78.0601401925,7.2,-0.000643535318603,-0.0591443451592,0.823997331268,6.53149889083,9.62990834297e-08,-2.40747708559e-05,0.82335379595,0.462392838737,-0.500531056772,6.47235454567,0.46803575116,-0.500446072789,-0.35531804479,-6.97280061846,-3.54358798866,7.2,-77.5021684671,0.463394045299,-0.5006394772,-0.359240322105,-6.70855468828,-0.359240322105,-6.70855468828,-1.06986830372,4,0
3760,7.52,1,-0.0544547885656,0,6.40000009537,0,0,-0.262758674415,0.392798510079,-0.0544547881706,5.65775206909,-0.208303886244,-5.26495355901,-1.58127205795,-50.8243084026,6.4,0.00023447569694,0.0214710450751,-0.0549439306902,5.5430078794,-9.56222601878e-07,0.00023905565047,-0.0547094549933,-0.261974487833,0.391376124262,5.56447892447,-0.27914545941,0.392115727371,-0.224436004417,-5.1723631971,-1.09290657594,6.4,-52.7941365155,-0.262758674415,0.392798510079,-0.208303886244,-5.26495355901,-0.208303886244,-5.26495355901,0.388556055014,4,0
3760,7.52,2,0.938888609409,0,5.19999980927,0,0,0.453448342151,-0.490998136543,0.938888588385,5.47017129069,-0.485440246234,-5.96116942724,-0.37394864487,-89.4764533867,5.2,-0.000654382786084,-0.0600711765087,0.940267908261,5.79639931753,1.19527827486e-06,-0.00029881956871,0.939613525475,0.452468108925,-0.489220154238,5.73632814103,0.459378311018,-0.490751054507,-0.480235214457,-6.22707919553,-10.5703590022,5.2,-88.7636217125,0.453448342151,-0.490998136543,-0.485440246234,-5.96116942724,-0.485440246234,-5.96116942724,-1.08678031907,4,0
3770,7.54,1,0.0601836070418,0,4.40000009537,0,0,-0.255052118464,0.378213172589,0.0601836086195,5.77515986763,-0.315235727084,-5.39694669504,-1.32862637178,-64.4099358002,4.4,0.000190689456309,0.0174567868788,0.0597863102681,5.68204470923,-6.94370204668e-07,0.000173592551161,0.0599769997244,-0.25429678863,0.377144139757,5.69950149611,-0.268732928204,0.37764313885,-0.328709927928,-5.32185835726,-5.00791351099,4.4,-66.0544831377,-0.255052118464,0.378213172589,-0.315235727084,-5.39694669504,-0.315235727084,-5.39694669504,0.315920965671,4,0
3770,7.54,2,1.03921341896,0,3.20000004768,0,0,0.443815147237,-0.472766464381,1.03921343986,4.63437489608,-0.59539829262,-5.10714136046,-0.445419076514,-98.3078472846,3.2,-0.000617240444465,-0.0565990202175,1.040508547,4.93957418915,8.67962767659e-07,-0.000216990691917,1.03989130655,0.442870984946,-0.471430173322,4.88297516893,0.448629084809,-0.472565883648,-0.591262221745,-5.35554105258,-16.7663194945,3.2,-97.7291718723,0.443815147237,-0.472766464381,-0.59539829262,-5.10714136046,-0.59539829262,-5.10714136046,-1.02409448882,4,0
3780,7.56,1,0.175945475698,0,2.40000009537,0,0,-0.247552863885,0.371498736437,0.175945472077,5.78354494144,-0.423498335962,-5.412046205,-1.35996132509,-77.548336362,2.4,0.000156042208974,0.0142942023896,0.175619534222,5.70698923888,-9.72782702752e-07,0.00024319567569,0.175775576431,-0.246811257395,0.370073657755,5.72128344127,-0.261018059039,0.370937686639,-0.43679363547,-5.35034575463,-8.77802053199,2.4,-79.1669650295,-0.247552863885,0.371498736437,-0.423498335962,-5.412046205,-0.423498335962,-5.412046205,0.258667342357,4,0
3780,7.56,2,1.12223660946,0,1.20000004768,0,0,0.434441079041,-0.464373419078,1.12223657312,3.75200881206,-0.687795494077,-4.21638223114,-0.435723191112,-104.763715562,1.2,-0.000539905595558,-0.0494494289168,1.12336389536,4.01662926469,1.2159783942e-06,-0.000303994598544,1.12282398977,0.433514070932,-0.462592070702,3.96717983578,0.438260527603,-0.464214275388,-0.684563462165,-4.43139411117,-22.3582909843,1.2,-104.304586016,0.434441079041,-0.464373419078,-0.687795494077,-4.21638223114,-0.687795494077,-4.21638223114,-0.894852737016,4,0
3790,7.58,1,0.29083737731,0,0.40000000596,0,0,-0.240307337817,0.351494173622,0.290837381771,5.70039459026,-0.531144719588,-5.34890041664,-1.5970324271,-90.1877051794,0.4,0.000136670853867,0.0125374433175,0.290550245999,5.63263565413,-1.4660477228e-06,0.000366511930699,0.290686916853,-0.239606570137,0.34928430413,5.64517309745,-0.255479932541,0.350861982175,-0.546166849393,-5.29431111527,-12.3648404365,0.4,-92.0115775035,-0.240307337817,0.351494173622,-0.531144719588,-5.34890041664,-0.531144719588,-5.34890041664,0.226839897023,4,0
3790,7.58,2,1.18746066093,0,-0.800000011921,0,0,0.425384171488,-0.439367715269,1.18746071321,2.86035369273,-0.762076541726,-3.299721408,-0.349297040919,-108.855293312,-0.8,-0.000433069559281,-0.0396065201231,1.18835947205,3.07028392311,1.83255967207e-06,-0.000458139918018,1.18792640249,0.424508211892,-0.436605378376,3.03067740298,0.428441835014,-0.439240312622,-0.759484567479,-3.4699177156,-27.5430902615,-0.8,-108.487736676,0.425384171488,-0.439367715269,-0.762076541726,-3.299721408,-0.762076541726,-3.299721408,-0.716853677352,4,0
3800,7.6,1,0.394280225039,0,-1.60000002384,0,0,-0.233457094354,0.33723415462,0.394280232111,3.35954407917,-0.627737326464,-3.02230992455,-0.658592096472,-99.4775254195,-1.6,-0.00264895208988,-0.272941349874,0.401480989726,5.33074142064,-1.87544966751e-07,4.6886241688e-05,0.398832037636,-0.232782767922,0.337022557095,5.05780007076,-0.198375763585,0.338695876735,-0.597207801221,-4.71910419403,-15.2587771422,-1.6,-95.2604571167,-0.233457094354,0.33723415462,-0.627737326464,-3.02230992455,-0.627737326464,-3.02230992455,-4.87566039925,4,0
3800,7.6,2,1.2403421402,0,-2.79999995232,0,0,0.416821367196,-0.421542691348,1.24034218559,3.29762118943,-0.823520818398,-3.71916388078,-0.63360648651,-112.422283173,-2.8,0.00135471688668,0.142500655677,1.23648221341,2.21603977326,2.34431210666e-07,-5.86078026623e-05,1.23783693029,0.415978459161,-0.42127819444,2.35854042894,0.390419515248,-0.422642768513,-0.847417415044,-2.78118319745,-33.532039539,-2.8,-115.596005792,0.416821367196,-0.421542691348,-0.823520818398,-3.71916388078,-0.823520818398,-3.71916388078,2.54011613308,4,0
3810,7.62,1,0.415298074484,0,-3.59999990463,0,0,-0.226831433626,0.320701396378,0.415298068554,-0.128192992727,-0.642129502181,0.448894389104,-1.66464360889,-80.5697405181,-3.6,-0.00310855019498,-0.280493452815,0.42140213807,1.23214243678,-1.88721076053e-06,0.000471802690132,0.418293587875,-0.226192831248,0.317885780924,0.95164898396,-0.198380051108,0.321886870649,-0.616673638983,-0.629762113311,-13.4209175529,-3.6,-77.1496472445,-0.226831433626,0.320701396378,-0.642129502181,0.448894389104,-0.642129502181,0.448894389104,-5.08473688248,4,0
3810,7.62,2,1.32463216782,0,-4.80000019073,0,0,0.408539291327,-0.40087674337,1.32463211577,4.53638702547,-0.916092824443,-4.93726376884,-0.310626319038,-130.797160158,-4.8,0.00199792213822,0.180847365485,1.32065405602,3.63900343876,2.35901346901e-06,-0.000589753367253,1.32265197816,0.407741038359,-0.397357224026,3.81985080424,0.378692897838,-0.402120343099,-0.943959080318,-4.22197114734,-48.4511093594,-4.8,-134.384945375,0.408539291327,-0.40087674337,-0.916092824443,-4.93726376884,-0.916092824443,-4.93726376884,3.27715889829,4,0
3820,7.64,1,0.402581989765,0,-5.59999990463,0,0,-0.220699569633,0.293815018279,0.402582002636,-0.883531707626,-0.623281572269,1.17734672591,-1.17791978094,-69.9258428205,-5.6,-0.000618567709227,-0.0553717829011,0.40373553732,-0.637241576553,-1.17252170651e-06,0.000293130426623,0.403116969611,-0.220113799621,0.292005614653,-0.692613359454,-0.222140453551,0.293754981449,-0.625257423162,0.986368340903,-13.5742289055,-5.6,-70.0990490749,-0.220699569633,0.293815018279,-0.623281572269,1.17734672591,-0.623281572269,1.17734672591,-1.00471352659,4,0
3820,7.64,2,1.41166937351,0,-6.80000019073,0,0,0.40087446138,-0.367268770508,1.41166932021,4.09413506229,-1.01079485883,-4.46140383279,-0.441894016101,-142.191974479,-6.8,0.000720186600544,0.0654632952212,1.41022164509,3.76404594267,1.46565214221e-06,-0.000366413035545,1.41094183169,0.40014224887,-0.365007015961,3.82950923789,0.387334779714,-0.36783292391,-1.02360705198,-4.1973421618,-57.5043817314,-6.8,-143.819557046,0.40087446138,-0.367268770508,-1.01079485883,-4.46140383279,-1.01079485883,-4.46140383279,1.18568855084,4,0
3830,7.66,1,0.382937848568,0,-7.59999990463,0,0,-0.214932222545,0.282533455424,0.382937854715,-1.00177184539,-0.59787007726,1.28430530082,-1.3180222086,-64.8450958395,-7.6,0.000154839089996,0.0148870373057,0.382545961846,-1.10652697753,-1.60624025558e-06,0.000401560063895,0.382700800936,-0.214369460559,0.280176313202,-1.09163994022,-0.228125516777,0.281983734831,-0.610826317713,1.37362367505,-14.8940622458,-7.6,-66.4310397503,-0.214932222545,0.282533455424,-0.59787007726,1.28430530082,-0.59787007726,1.28430530082,0.267921702171,4,0
3830,7.66,2,1.4844070673,0,-8.80000019073,0,0,0.393665277568,-0.353166816853,1.48440711372,3.22012846943,-1.09074183615,-3.57329528628,-0.392478376583,-148.000611863,-8.8,0.000372696582604,0.0339679672384,1.48364593159,3.04450717404,2.00780033149e-06,-0.00050195008287,1.48401862817,0.39296182509,-0.350220389057,3.07847514128,0.385283798778,-0.353516045136,-1.09873482939,-3.43199118642,-63.2529024404,-8.8,-149.008135459,0.393665277568,-0.353166816853,-1.09074183615,-3.57329528628,-1.09074183615,-3.57329528628,0.615045219674,4,0
3840,7.68,1,0.363351911306,0,-9.60000038147,0,0,-0.209576909282,0.251033002255,0.363351925137,-0.978272716529,-0.572928834419,1.22930571878,-1.66967159197,-61.8645851549,-9.6,0.000346006899811,0.03170544996,0.36262660123,-1.14894383461,-2.19304909815e-06,0.000548262274535,0.36297260813,-0.20907817538,0.247722163968,-1.11723838465,-0.22823944335,0.250255396669,-0.59121205148,1.36749378132,-16.5913003288,-9.6,-64.107977271,-0.209576909282,0.251033002255,-0.572928834419,1.22930571878,-0.572928834419,1.22930571878,0.573720524123,4,0
3840,7.68,2,1.53772139549,0,-10.8000001907,0,0,0.38697113604,-0.313791250177,1.53772141202,2.21120154961,-1.15075027598,-2.52499279979,-0.2579042647,-149.972205291,-10.8,0.000333042238377,0.0306816030742,1.53700989446,2.04104498901,2.74131138595e-06,-0.000685327846483,1.5373429367,0.386347718668,-0.309652702298,2.07172659208,0.380209924058,-0.314072967343,-1.15713301264,-2.38579955942,-67.7220279189,-10.8,-150.784959314,0.38697113604,-0.313791250177,-1.15075027598,-2.52499279979,-1.15075027598,-2.52499279979,0.554849758956,4,0
3850,7.7,1,0.342983454466,0,-11.6000003815,0,0,-0.204820017528,0.230265850995,0.342983444436,-1.06714692711,-0.547803461964,1.29741277811,-0.347171635254,-58.6607270536,-11.6,0.000280600986795,0.0256653225961,0.342400856984,-1.20328947287,-2.73753000268e-07,6.84382500701e-05,0.342681457971,-0.204359693287,0.22995680612,-1.17762415028,-0.211572396201,0.229984501884,-0.554253854172,1.40760865216,-18.2429946141,-11.6,-59.4724192398,-0.204820017528,0.230265850995,-0.547803461964,1.29741277811,-0.547803461964,1.29741277811,0.464520551002,4,0
3850,7.7,2,1.5707423687,0,-12.8000001907,0,0,0.381025021402,-0.287832310986,1.57074237815,1.18990794218,-1.18971735675,-1.47774025316,-0.653731367467,-149.260289171,-12.8,0.000402708221269,0.0370748200813,1.56988354115,0.984881231888,3.4219125189e-07,-8.55478129756e-05,1.57028624937,0.380449616105,-0.28744600489,1.02195605197,0.370008742991,-0.288291322586,-1.20027750638,-1.31024737456,-71.805622817,-12.8,-150.584537639,0.381025021402,-0.287832310986,-1.18971735675,-1.47774025316,-1.18971735675,-1.47774025316,0.670517099784,4,0
3860,7.72,1,0.319739162922,0,-13.6000003815,0,0,-0.200383656002,0.207055333115,0.319739155448,-1.25322630975,-0.520122811451,1.46028164286,-1.78715783097,-54.6729647627,-13.6,0.000210669289459,0.0192621843533,0.319302502242,-1.35513775951,-2.57369850357e-06,0.000643424625889,0.319513171531,-0.199973372916,0.2032112693,-1.33587557515,-0.218151153687,0.206315020711,-0.537664325218,1.54219059586,-19.7539280185,-13.6,-56.8087660469,-0.200383656002,0.207055333115,-0.520122811451,1.46028164286,-0.520122811451,1.46028164286,0.348643453229,4,0
3860,7.72,2,1.58308196068,0,-14.8000001907,0,0,0.375479569551,-0.258819163518,1.58308195011,0.143540786345,-1.20760238056,-0.402359949863,-0.187567524086,-145.907062431,-14.8,0.00046140060529,0.0424400917327,1.58210151506,-0.0898470757991,3.21712314122e-06,-0.000804280785302,1.58256291566,0.374966715698,-0.254014083732,-0.0474069840664,0.367533382447,-0.259150254647,-1.21502953322,-0.211743270581,-75.627567417,-14.8,-146.862260339,0.375479569551,-0.258819163518,-1.20760238056,-0.402359949863,-1.20760238056,-0.402359949863,0.767630383939,4,0
3870,7.74,1,0.291878849268,0,-15.6000003815,0,0,-0.196620906786,0.171351219376,0.291878860023,-1.5176195365,-0.48849976681,1.68897075588,-1.12964240797,-49.8467035247,-15.6,0.000156775635432,0.0143381204736,0.291553604182,-1.59359707463,-1.4987654032e-06,0.000374691350802,0.291710379817,-0.196280586908,0.169035864952,-1.57925895416,-0.20817712106,0.170869710448,-0.499887500878,1.7501286646,-21.1105136701,-15.6,-51.2358567823,-0.196620906786,0.171351219376,-0.48849976681,1.68897075588,-0.48849976681,1.68897075588,0.259510849581,4,0
3870,7.74,2,1.57410395145,0,-16.7999992371,0,0,0.370776133089,-0.214189021197,1.57410398286,-0.940160271734,-1.20332784977,0.725971250536,-0.361652668383,-139.671384482,-16.8,0.000501324978462,0.0460789362775,1.57304186915,-1.19240052609,1.87345675923e-06,-0.000468364189805,1.57354319413,0.370350733248,-0.211294828159,-1.14632158982,0.360833643983,-0.214603291577,-1.21270955015,0.931718298239,-79.1553647122,-16.8,-140.866554526,0.370776133089,-0.214189021197,-1.20332784977,0.725971250536,-1.20332784977,0.725971250536,0.833517376304,4,0
3880,7.76,1,0.258049398661,0,-17.6000003815,0,0,-0.193332664478,0.156964129585,0.25804941292,-1.84308869805,-0.451382077398,2.00005282763,-1.36055871032,-43.9230326898,-17.6,0.000118849414551,0.0108329906653,0.257805576172,-1.89943248465,-2.03159894727e-06,0.000507899736813,0.257924425586,-0.193021656465,0.153980306913,-1.88859949399,-0.206282728798,0.156424543572,-0.464207154385,2.04502403756,-22.3098817108,-17.6,-45.4797383383,-0.193332664478,0.156964129585,-0.451382077398,2.00005282763,-0.451382077398,2.00005282763,0.196146938239,4,0
3880,7.76,2,1.54295742512,0,-18,0,0,0.366665830265,-0.19620515891,1.54295748223,-2.06317450097,-1.17629165196,1.86696934206,-0.278963877234,-130.680846795,-18,0.000521368971465,0.0479109569107,1.54185422465,-2.32498107732,2.53949869067e-06,-0.000634874672671,1.54237559362,0.366277070255,-0.192475380559,-2.27707012041,0.357135359302,-0.196602261867,-1.18524023432,2.08046785854,-79.1647536208,-18,-131.826488826,0.366665830265,-0.19620515891,-1.17629165196,1.86696934206,-1.17629165196,1.86696934206,0.866678153092,4,0
3890,7.78,1,0.217051923275,0,-18,0,0,-0.190561379647,0.118048874434,0.217051923227,-2.21708842017,-0.407613302873,2.33513729461,-1.78139466257,-37.0643801623,-18,7.9612898279e-05,0.0073167207868,0.216883743768,-2.25698548541,-2.63592671418e-06,0.000658981678543,0.216963356667,-0.190329293741,0.114066007963,-2.24966876463,-0.206481639237,0.117385530285,-0.423444995904,2.36705429491,-21.7531901903,-18,-38.9781280339,-0.190561379647,0.118048874434,-0.407613302873,2.33513729461,-0.407613302873,2.33513729461,0.132353209058,4,0
3890,7.78,2,1.4899263382,0,-18,0,0,0.363201724288,-0.14756108986,1.48992629681,-3.12435729048,-1.12672457252,2.97679620062,-0.113736264634,-119.204559802,-18,0.000519887458108,0.0476845035298,1.48883408675,-3.38198763111,3.29490839884e-06,-0.000823727099716,1.48935397421,0.362911616912,-0.142582506762,-3.33430312758,0.355078271563,-0.147899567057,-1.13427570265,3.18640356053,-74.4470926549,-18,-120.181066515,0.363201724288,-0.14756108986,-1.12672457252,2.97679620062,-1.12672457252,2.97679620062,0.862770448434,4,0
3900,7.8,1,0.168878927827,0,-18,0,0,-0.188514125835,0.0934651102917,0.168878927607,-2.5595876407,-0.357393053443,2.65305275099,-0.246309502654,-29.4190375284,-18,9.08893439947e-05,0.00837276244824,0.16868466518,-2.6060524751,-3.24494553755e-07,8.11236384401e-05,0.168775554524,-0.18832744178,0.0930986568373,-2.59767971265,-0.191822752158,0.0933272508616,-0.360598306682,2.69100696351,-20.6934773818,-18,-29.8167619842,-0.188514125835,0.0934651102917,-0.357393053443,2.65305275099,-0.357393053443,2.65305275099,0.151414953219,4,0
3900,7.8,2,1.41616737843,0,-18,0,0,0.360642657089,-0.116831384632,1.41616737703,-4.14455677056,-1.05552471994,4.02772538593,-0.56987065903,-105.535707668,-18,0.00046407146776,0.0425199265061,1.4151968948,-4.3726491977,4.05618192867e-07,-0.000101404548212,1.41566096627,0.360409302026,-0.116373317813,-4.3301292712,0.349501239786,-0.117295610353,-1.06615972648,4.21283366084,-69.7098749373,-18,-106.874998873,0.360642657089,-0.116831384632,-1.05552471994,4.02772538593,-1.05552471994,4.02772538593,0.769420545908,4,0
3910,7.82,1,0.114297345281,0,-18,0,0,-0.18684182297,0.0665839061675,0.11429734581,-2.86140823661,-0.301139168781,2.92799214278,-1.93378028987,-21.2494561935,-18,0.000110920520654,0.0102162458981,0.11406038871,-2.91805627385,-2.9267468836e-06,0.0007316867209,0.11417130923,-0.186713014015,0.0622094174341,-2.90784002795,-0.204465700662,0.0658495779304,-0.318637009893,2.97368960588,-19.5614476208,-18,-23.3679931577,-0.18684182297,0.0665839061675,-0.301139168781,2.92799214278,-0.301139168781,2.92799214278,0.184756674336,4,0
3910,7.82,2,1.32227122784,0,-18,0,0,0.358552278572,-0.0832298794328,1.32227118274,-5.14290311235,-0.963718904167,5.05967323292,-0.0209957347447,-89.5408772413,-18,0.000383437410314,0.0350844647045,1.32147380502,-5.32945802842,3.65843360822e-06,-0.000914608402054,1.32185724243,0.358391267385,-0.0777617685105,-5.29437356372,0.35309535945,-0.0834572510629,-0.968761882978,5.21091631266,-64.7748326785,-18,-90.1968443941,0.358552278572,-0.0832298794328,-0.963718904167,5.05967323292,-0.963718904167,5.05967323292,0.634971418052,4,0
3920,7.84,1,0.0550685301423,0,-17.2000007629,0,0,-0.18593567714,0.0266877567004,0.0550685284731,-2.82233336181,-0.241004205613,2.84902111851,-1.19074222755,-12.9764702625,-17.2,0.000375163482826,0.0424599403991,0.0538785642479,-3.18502384808,-1.6308343041e-06,0.000407708576024,0.0542537277307,-0.185884898047,0.0241664206873,-3.14256390768,-0.202092066708,0.0260145738018,-0.256345794438,3.16857848149,-17.6128953964,-17.2,-14.9186029252,-0.18593567714,0.0266877567004,-0.241004205613,2.84902111851,-0.241004205613,2.84902111851,0.751390435088,4,0
3920,7.84,2,1.20856451988,0,-18,0,0,0.35741959635,-0.0333596925625,1.20856453454,-6.11723516341,-0.851144938188,6.08387547085,-0.215425101538,-71.0611689491,-18,0.000296422213406,0.0276029214757,1.20793244775,-6.268151391,2.03854288078e-06,-0.000509635720195,1.20822886997,0.357356122491,-0.0302080225451,-6.24054846953,0.351480033839,-0.0336071743338,-0.856748836127,6.20694129519,-59.5200166302,-18,-71.7751538593,0.35741959635,-0.0333596925625,-0.851144938188,6.08387547085,-0.851144938188,6.08387547085,0.498559808585,4,0
3930,7.86,1,0.0059931864962,0,-15.1999998093,0,0,-0.185552552766,0.0110590809314,0.00599318628817,-2.27709312836,-0.191545739054,2.2881522093,-1.48261842579,-9.84332934285,-15.2,0.000852050604551,0.0774807306347,0.00426386720949,-2.67379907504,-2.19375079563e-06,0.000548437698905,0.00511591781404,-0.185533591837,0.0078351514221,-2.59631834441,-0.209560071645,0.0100587676448,-0.214675989459,2.60637711205,-15.4029182112,-15.2,-12.7292331749,-0.185552552766,0.0110590809314,-0.191545739054,2.2881522093,-0.191545739054,2.2881522093,1.40328540623,4,0
3930,7.86,2,1.07565426826,0,-18,0,0,0.356940690949,-0.0138238478461,1.07565421587,-7.12907851141,-0.718713524925,7.11525466356,-0.110254461722,-50.5254563206,-18,0.000115182634365,0.0100536968366,1.07545982493,-7.16600987937,2.74218849494e-06,-0.000685547123731,1.07557500757,0.356916989794,-0.00979393595875,-7.15595618253,0.354501353602,-0.0139254869022,-0.721073653963,7.14203069563,-53.9389948182,-18,-50.8186849975,0.356940690949,-0.0138238478461,-0.718713524925,7.11525466356,-0.718713524925,7.11525466356,0.182974215184,4,0
3940,7.88,1,-0.037534236908,0,-13.1999998093,0,0,-0.185724334322,-0.0302292520561,-0.0375342371111,-2.10330712286,-0.148190097211,2.0730778708,-1.91816413861,-6.32856834615,-13.2,0.000516041388633,0.0472462701012,-0.0386079479771,-2.35494011854,-2.73730289826e-06,0.000684325724567,-0.0380919065885,-0.185788964649,-0.0343681404824,-2.30769384844,-0.208794152612,-0.0311904944848,-0.170702246023,2.27650335395,-13.023000249,-13.2,-9.101752753,-0.185724334322,-0.0302292520561,-0.148190097211,2.0730778708,-0.148190097211,2.0730778708,0.855020268236,4,0
3940,7.88,2,0.919939577579,0,-18,0,0,0.357155417961,0.0377865683814,0.919939578559,-8.33681492996,-0.562784160598,8.37460149834,0.064148307795,-26.1638308874,-18,-0.000198952542379,-0.0186061951917,0.920391821413,-8.22373988077,3.4216286211e-06,-0.000855407155272,0.92019286887,0.357236205876,0.0429601789118,-8.24234607596,0.36048335961,0.0379252326168,-0.559709509261,8.28027130858,-47.1112636315,-18,-25.7637845684,0.357155417961,0.0377865683814,-0.562784160598,8.37460149834,-0.562784160598,8.37460149834,-0.335898011205,4,0
3950,7.9,1,-0.0777110084891,0,-11.1999998093,0,0,-0.186651953486,-0.0554446427117,-0.0777110087786,-1.931845191,-0.108940944708,1.87640054829,-0.36940437569,-2.73515083084,-11.2,0.000448087213771,0.0410619076557,-0.0786486035063,-2.15231087685,-3.33195729563e-07,8.32989323901e-05,-0.0782005162925,-0.186763095749,-0.0558210283191,-2.1112489692,-0.19590611759,-0.0558302328826,-0.117705601297,2.05541873632,-10.5962646507,-11.2,-3.84757847406,-0.186651953486,-0.0554446427117,-0.108940944708,1.87640054829,-0.108940944708,1.87640054829,0.743023267536,4,0
3950,7.9,2,0.739812910557,0,-16.3999996185,0,0,0.358314941982,0.0693058066783,0.739812915354,-9.52570000472,-0.381497973372,9.5950058114,-0.393258462704,1.32727386851,-16.4,-0.000385798581802,-0.0355670368415,0.740640970411,-9.32714744652,4.16494661648e-07,-0.000104123665416,0.740255171829,0.358453869817,0.0697762886873,-9.36271448336,0.360393728432,0.0693924227803,-0.379861443398,9.43210690614,-33.1190344388,-16.4,1.57716132298,0.358314941982,0.0693058066783,-0.381497973372,9.5950058114,-0.381497973372,9.5950058114,-0.643145917171,4,0
3960,7.92,1,-0.114656925201,0,-9.19999980927,0,0,-0.187960366984,-0.0825138984327,-0.114656926239,-1.78553698256,-0.073303440745,1.70302308413,-2.08575708957,0.483820343434,-9.2,0.00036653094697,0.0335063631617,-0.115416346978,-1.96263755314,-2.90061618918e-06,0.000725154047298,-0.115049816031,-0.188129720197,-0.0868520686471,-1.92913118997,-0.210356758043,-0.0834470813935,-0.095306942012,1.84568410858,-8.2044301303,-9.2,-2.20841249854,-0.187960366984,-0.0825138984327,-0.073303440745,1.70302308413,-0.073303440745,1.70302308413,0.606475752405,4,0
3960,7.92,2,0.538573205471,0,-14.3999996185,0,0,0.359950458919,0.103142376294,0.538573230096,-10.4536420397,-0.178622771177,10.556784416,0.16716934967,30.4024145684,-14.4,-0.000437445326381,-0.0401501157021,0.539495024984,-10.2357613194,3.62577023166e-06,-0.000906442557918,0.539057579658,0.360162150442,0.108565089055,-10.2759114351,0.367383892848,0.103452102708,-0.171673686809,10.3793635378,-17.8018715621,-14.4,31.2959752719,0.359950458919,0.103142376294,-0.178622771177,10.556784416,-0.178622771177,10.556784416,-0.726391353899,4,0
3970,7.94,1,-0.149037688971,0,-7.19999980927,0,0,-0.190028221618,-0.121433278251,-0.149037694383,-1.67395875666,-0.0409905272349,1.55252547841,-1.35347264806,3.39855298747,-7.2,0.000281628586381,0.0255608676296,-0.149606414462,-1.8035872012,-1.55161802509e-06,0.00038790450627,-0.149324785876,-0.190273562072,-0.123833940392,-1.77802633357,-0.205139646661,-0.122062920962,-0.0558148607859,1.65596341261,-5.82127986273,-7.2,1.58203376875,-0.190028221618,-0.121433278251,-0.0409905272349,1.55252547841,-0.0409905272349,1.55252547841,0.463046570659,4,0
3970,7.94,2,0.322588980198,0,-12.3999996185,0,0,0.362535277277,0.151791600988,0.322588994912,-11.0197737015,0.0399462823651,11.1715653025,-0.0224442329052,59.889407094,-12.4,-0.000369965036628,-0.0337654622205,0.323350952422,-10.8430213982,1.93952252725e-06,-0.00048488063181,0.322980987386,0.36284195285,0.154792428657,-10.8767868604,0.367433743409,0.151995703744,0.0444527560232,11.0287825642,-3.40679273766,-12.4,60.4782435437,0.362535277277,0.151791600988,0.0399462823651,11.1715653025,0.0399462823651,11.1715653025,-0.61128068256,4,0
3980,7.96,1,-0.182751402259,0,-5.19999980927,0,0,-0.19259985143,-0.13627874351,-0.182751409318,-1.72101154467,-0.00984844211287,1.58473280116,-1.66849833664,6.78972768213,-5.2,5.2689358344e-05,0.0045161387867,-0.182832166624,-1.73442939869,-2.07168797514e-06,0.000517921993787,-0.182779477265,-0.192875394096,-0.139325098842,-1.7299132599,-0.207165172032,-0.136885631869,-0.0243856947672,1.59302762803,-3.34818039613,-5.2,5.0388547681,-0.19259985143,-0.13627874351,-0.00984844211287,1.58473280116,-0.00984844211287,1.58473280116,0.0823745773892,4,0
3980,7.96,2,0.100124262273,0,-10.3999996185,0,0,0.365749814605,0.170348432522,0.100124260616,-11.1383662656,0.265625553989,11.3087146981,0.0915707573301,88.0838863408,-10.4,-0.000183412373326,-0.0165322165675,0.100482351755,-11.0590756137,2.58960996313e-06,-0.000647402490786,0.100298939381,0.366094242943,0.174156376678,-11.0756078303,0.369005008211,0.170484065589,0.26870606883,11.2460918959,9.37075124696,-10.4,88.4751877389,0.365749814605,0.170348432522,0.265625553989,11.3087146981,0.265625553989,11.3087146981,-0.299730640759,4,0
3990,7.98,1,-0.219115182757,0,-3.20000004768,0,0,-0.195692443958,-0.174590982537,-0.21911518904,-1.91602417334,0.0234227450813,1.74143319081,-2.0623237931,11.1115568775,-3.2,-0.000162394521962,-0.0151694622877,-0.218747929676,-1.82450377001,-2.48404370706e-06,0.000621010926763,-0.218910324198,-0.196045417239,-0.178349673032,-1.8396732323,-0.210570219889,-0.175210889868,0.00834010430897,1.66446234243,-0.675672046424,-3.2,9.32312422924,-0.195692443958,-0.174590982537,0.0234227450813,1.74143319081,0.0234227450813,1.74143319081,-0.273891144819,4,0
3990,7.98,2,-0.119712732732,0,-8.39999961853,0,0,0.369615555326,0.218238731183,-0.119712734736,-10.8089166292,0.489328290063,11.0271553604,0.252560250227,114.013395674,-8.4,4.42945158716e-05,0.00436741217091,-0.119834597327,-10.8430672204,3.10505462442e-06,-0.000776263656101,-0.119790302811,0.370056771933,0.222937094287,-10.8386998082,0.371064515674,0.21829910453,0.490854818485,11.0569989128,20.0370462739,-8.4,114.187572782,0.369615555326,0.218238731183,0.489328290063,11.0271553604,0.489328290063,11.0271553604,0.078383141782,4,0
4000,8,1,-0.267070293427,0,-1.20000004768,0,0,-0.199474757008,-0.197171182017,-0.267070285644,-3.74789576498,0.0675955286356,3.55072458296,-0.700531780143,18.6489476755,-1.2,-0.00241277537594,-0.240668912052,-0.260971559915,-2.15246192627,-2.987292336e-07,7.46823084024e-05,-0.263384335291,-0.199869326387,-0.197508736576,-2.39313083832,-0.169415079907,-0.195918695471,0.0939692553841,2.19721214285,2.56940737869,-1.2,22.2623713603,-0.199474757008,-0.197171182017,0.0675955286356,3.55072458296,0.0675955286356,3.55072458296,-4.31395546501,4,0
4000,8,2,-0.259999990463,0,-6.40000009537,0,0,0.374343446698,0.246463980439,-0.307300230228,-5.05815817538,0.681643676926,5.30462215582,-0.146832062048,85.5958499877,-6.4,-0.0192561254813,-1.1863162848,-0.26,0,3.73411540855e-07,-9.33528852109e-05,-0.279256125481,0.374836658428,0.246885923638,-1.1863162848,0.561779741357,0.25427382605,0.841035866838,1.44059011085,-8.2337613087,-6.4,108.127254575,0.374343446698,0.246463980439,0.681643676926,5.30462215582,0.681643676926,5.30462215582,-22.6782366492,4,4
4010,8.02,1,-0.365907490253,0,0.800000011921,0,0,-0.203594373398,-0.220921491382,-0.365907491413,-5.35915267412,0.162313118015,5.13823118274,-2.22338481179,42.334506841,0.8,-0.00165270796484,-0.148079518346,-0.362769630589,-4.67987217749,-2.49869182153e-06,0.000624672955382,-0.364422338554,-0.20403994797,-0.22466130494,-4.82795169584,-0.199741001521,-0.22076093422,0.164681337033,4.60719076162,8.5700516571,0.8,42.797714252,-0.203594373398,-0.220921491382,0.162313118015,5.13823118274,0.162313118015,5.13823118274,-2.68659222279,4,0
4010,8.02,2,-0.259999990463,0,-4.40000009537,0,0,0.379492967243,0.276151867036,-0.324390073699,0.8847570057,0.703883040942,-0.608605138665,0.352583518668,80.7398864454,-4.4,-0.0310526132401,0.126741895824,-0.26,0.0945266137269,3.1233647641e-06,-0.000780841191023,-0.29105261324,0.380049935463,0.280826633964,0.221268509551,0.415154512567,0.277637764758,0.706207125807,0.0563692552064,-5.70587798433,-4.4,85.0267013729,0.379492967243,0.276151867036,0.703883040942,-0.608605138665,0.703883040942,-0.608605138665,-3.93423140891,4,4
4020,8.04,1,-0.47118601203,0,2.79999995232,0,0,-0.208368324495,-0.25382184303,-0.471185998399,-5.08781719402,0.262817673904,4.83399535099,-1.59669816856,55.8846729243,2.8,-2.16513182956e-06,0.000613670879676,-0.471266794619,-5.12175485262,-1.27137954961e-06,0.000317844887402,-0.471268959751,-0.208877999045,-0.255790809919,-5.12114118174,-0.221729304992,-0.254378550551,0.249539654758,4.86676263119,12.4979125114,2.8,54.2785717269,-0.208368324495,-0.25382184303,0.262817673904,4.83399535099,0.262817673904,4.83399535099,0.00940302876354,4,0
4020,8.04,2,-0.259999990463,0,-2.40000009537,0,0,0.385460406168,0.317277306411,-0.300311293709,1.18676683149,0.685771699877,-0.869489525079,0.192409706259,75.7822047633,-2.4,-0.0197830238705,0.0292311259084,-0.26,1.09744754876,1.58922442878e-06,-0.000397306107197,-0.279783023871,0.386097499361,0.31973851501,1.12667867467,0.414768293376,0.318498468378,0.694551317247,-0.808180206289,-1.48257688528,-2.4,79.3052570382,0.385460406168,0.317277306411,0.685771699877,-0.869489525079,0.685771699877,-0.869489525079,-3.3306425686,4,4
4030,8.06,1,-0.566853404045,0,4.80000019073,0,0,-0.213561537143,-0.2659607713,-0.566853433748,-4.52560643655,0.353291896605,4.25964566525,-1.89401863463,64.3309268267,4.8,0.000291149706662,0.0267509760737,-0.56747088088,-4.67206045596,-1.68122451719e-06,0.000420306129295,-0.567179731174,-0.214095885061,-0.268434877328,-4.64530947989,-0.233343318734,-0.2667850122,0.33383641244,4.37852446769,15.4478310315,4.8,61.9529918312,-0.213561537143,-0.2659607713,0.353291896605,4.25964566525,0.353291896605,4.25964566525,0.483916360859,4,0
4030,8.06,2,-0.259999990463,0,-0.40000000596,0,0,0.391951922029,0.33245096667,-0.281400148657,0.741872944811,0.673352070686,-0.409421978141,0.300567014008,76.383557606,-0.4,-0.0105628107134,-0.0455745963682,-0.26,1.00166762767,2.10153063518e-06,-0.000525382658798,-0.270562810713,0.392619856932,0.335543599188,0.956093031298,0.417389594511,0.33351086969,0.687952405224,-0.622582161608,7.06868657745,-0.4,79.4413778189,0.391951922029,0.33245096667,0.673352070686,-0.409421978141,0.673352070686,-0.409421978141,-2.75725319887,4,4
4040,8.08,1,-0.651168107986,0,6.80000019073,0,0,-0.219174275187,-0.296333316878,-0.651168100744,-3.96666056575,0.431993825557,3.67032724887,-2.19504361861,70.6977663604,6.8,0.000243922425142,0.0222859350594,-0.651672380737,-4.084072129,-1.90896051411e-06,0.000477240128528,-0.651428458312,-0.219769861439,-0.299224846667,-4.06178619394,-0.240790511042,-0.297233993372,0.410637947269,3.76455220057,18.070852092,6.8,68.0993146752,-0.219174275187,-0.296333316878,0.431993825557,3.67032724887,0.431993825557,3.67032724887,0.403408066577,4,0
4040,8.08,2,-0.259999990463,0,1.60000002384,0,0,0.398967844633,0.370416648419,-0.270301751107,0.43338108669,0.669269595741,-0.062964438271,0.427362975101,78.2118530873,1.6,-0.00512935634398,-0.0525344326842,-0.26,0.718913287089,2.38620062681e-06,-0.0005965501567,-0.265129356344,0.399712327453,0.37403106063,0.666378854404,0.417708228545,0.371197497748,0.682837584889,-0.295181356656,16.1474025765,1.6,80.4646034034,0.398967844633,0.370416648419,0.669269595741,-0.062964438271,0.669269595741,-0.062964438271,-1.82538734099,4,4
4050,8.1,1,-0.724615097046,0,8.80000019073,0,0,-0.225321258892,-0.313352913631,-0.724615097228,-3.43527726917,0.499293838336,3.12192435554,-1.19656938259,75.8535979094,8.8,0.000161628264566,0.0147338922035,-0.724945941931,-3.51169307311,-2.25560424588e-07,5.63901061447e-05,-0.724784313667,-0.225948136361,-0.313607904757,-3.49695918091,-0.23749466022,-0.313860138687,0.487289653447,3.18309904222,20.5138767028,8.8,74.3902536248,-0.225321258892,-0.313352913631,0.499293838336,3.12192435554,0.499293838336,3.12192435554,0.266774902052,4,0
4050,8.1,2,-0.259999990463,0,3.59999990463,0,0,0.406651574309,0.391691144209,-0.263153049988,0.323454343234,0.669804624297,0.0682368009757,0.13780965075,79.413643844,3.6,-0.00168284493029,-0.0509482605907,-0.26,0.599936697746,2.81950528702e-07,-7.04876321801e-05,-0.26168284493,0.407435171149,0.392009883114,0.548988437155,0.41726721144,0.392133462423,0.67895005637,-0.156854974732,24.5643617944,3.6,80.6897318908,0.406651574309,0.391691144209,0.669804624297,0.0682368009757,0.669804624297,0.0682368009757,-1.13827839607,4,4
4060,8.12,1,-0.787678003311,0,10.8000001907,0,0,-0.231718355105,-0.330707269752,-0.787677999445,-2.92480215271,0.55595964434,2.59409488296,-2.32852564353,79.856310639,10.8,8.73587406362e-05,0.00793002232838,-0.787853612209,-2.96474985916,-1.77304569388e-06,0.000443261423472,-0.787766253469,-0.232382423956,-0.333364209509,-2.95681983683,-0.252284141273,-0.331564177509,0.535482112195,2.62525565932,22.8025770671,10.8,77.38413176,-0.231718355105,-0.330707269752,0.55595964434,2.59409488296,0.55595964434,2.59409488296,0.143653235456,4,0
4060,8.12,2,-0.256217837334,0,5.59999990463,0,0,0.414647944618,0.413384089189,-0.256217847605,0.390943619767,0.670865792223,0.0224404694221,0.511589850134,79.45006536,5.6,-0.000538227087473,-0.0494083504161,-0.255083626771,0.659254531023,2.2163070984e-06,-0.000554076774599,-0.255621853858,0.415478030685,0.416705263857,0.609846180607,0.426339838338,0.413871251428,0.681961692196,-0.195974929179,32.232303369,5.6,80.8555284176,0.414647944618,0.413384089189,0.670865792223,0.0224404694221,0.670865792223,0.0224404694221,-0.893873207452,4,0
4070,8.14,1,-0.840675354004,0,12.8000001907,0,0,-0.238579906282,-0.353326138913,-0.840675365512,-2.42584934811,0.602095459229,2.0725232092,-1.88849835564,82.6562378726,12.8,2.63294987203e-05,0.00234552257294,-0.840724038835,-2.4360919627,-8.26425593126e-07,0.000206606398278,-0.840697709337,-0.23928788328,-0.354608318098,-2.43374644012,-0.254644366432,-0.353995491419,0.586053342904,2.0797509487,24.9469924604,12.8,80.725155892,-0.238579906282,-0.353326138913,0.602095459229,2.0725232092,0.602095459229,2.0725232092,0.0425836249213,4,0
4070,8.14,2,-0.24616022408,0,7.59999990463,0,0,0.423224883626,0.441657675375,-0.246160219219,0.616989611765,0.669385102845,-0.17533193639,0.401680551311,78.3100793878,7.6,-0.00052554656134,-0.0482494085637,-0.245052170402,0.879153620523,1.03303198012e-06,-0.000258257995034,-0.245577716963,0.424109854877,0.443260399339,0.830904211959,0.433827942439,0.442099469492,0.679405659402,-0.388804742468,39.2036120358,7.6,79.584655416,0.423224883626,0.441657675375,0.669385102845,-0.17533193639,0.669385102845,-0.17533193639,-0.872895476796,4,0
4080,8.16,1,-0.883715689182,0,14.8000001907,0,0,-0.245721887326,-0.361185853168,-0.883715665732,-1.92704521694,0.637993778406,1.56585936378,-2.12943495386,84.33636197,14.8,-1.92619056379e-05,-0.00181837142595,-0.88367026055,-1.91541663263,-1.07294749985e-06,0.000268236874963,-0.883689522456,-0.246445812251,-0.362767173381,-1.91723500405,-0.263163629234,-0.361912592414,0.620525893222,1.55532241164,26.9510922666,14.8,82.2397192448,-0.245721887326,-0.361185853168,0.637993778406,1.56585936378,0.637993778406,1.56585936378,-0.0327922286977,4,0
4080,8.16,2,-0.229984536767,0,9.60000038147,0,0,0.432152359965,0.451482318086,-0.229984532078,0.986226655343,0.662136892043,-0.534744337258,0.490030771858,75.6665868419,9.6,-0.000514831191343,-0.0472649814674,-0.228899122124,1.2430214499,1.3411843594e-06,-0.000335296089858,-0.229413953315,0.433057266125,0.45345896833,1.19575646843,0.443342250272,0.451948563515,0.672756203588,-0.743807904914,45.51207589,9.6,77.011704906,0.432152359965,0.451482318086,0.662136892043,-0.534744337258,0.662136892043,-0.534744337258,-0.855087292217,4,0
4090,8.18,1,-0.916656970978,0,16.7999992371,0,0,-0.253127604205,-0.379683744682,-0.916656942469,-1.41481706265,0.663529338264,1.03513331796,-2.2984701788,84.6923037784,16.8,-4.70166195985e-05,-0.00433993518617,-0.916555512171,-1.39040637512,-1.08655908376e-06,0.000271639770934,-0.91660252879,-0.253888641361,-0.381333497293,-1.39474631031,-0.271595575296,-0.380453243477,0.645006953495,1.01429306683,28.8125988763,16.8,82.4722997535,-0.253127604205,-0.379683744682,0.663529338264,1.03513331796,0.663529338264,1.03513331796,-0.0784661539416,4,0
4090,8.18,2,-0.204957097769,0,11.6000003815,0,0,0.441409506093,0.474604682182,-0.204957095988,1.48748640143,0.646366602081,-1.01288171925,0.566255067786,71.4128053058,11.6,-0.000501969992841,-0.0460770834013,-0.203899455688,1.73758306701,1.35819883446e-06,-0.000339549708615,-0.204401425681,0.442360802541,0.476666872915,1.6915059836,0.453054843833,0.475089904587,0.657456269514,-1.21641607902,51.1661948466,11.6,72.8126719466,0.441409506093,0.474604682182,0.646366602081,-1.01288171925,0.646366602081,-1.01288171925,-0.833611573047,4,0
4100,8.2,1,-0.939072191715,0,18,0,0,-0.260842876888,-0.388937739369,-0.939072208431,-0.878666285393,0.678229331543,0.489728546024,-1.79245167451,83.7040713806,18,-5.66058771892e-05,-0.00524901959092,-0.938948791654,-0.848602500479,-1.23168797439e-07,3.07921993561e-05,-0.939005397531,-0.261620846398,-0.389077131303,-0.85385152007,-0.274965017888,-0.389526161911,0.664040379643,0.464325358159,29.7282213242,18,82.006472348,-0.260842876888,-0.388937739369,0.678229331543,0.489728546024,0.678229331543,0.489728546024,-0.094852641875,4,0
4100,8.2,2,-0.168502151966,0,13.6000003815,0,0,0.451053596972,0.486172175352,-0.168502151023,2.11897088707,0.619555747995,-1.63279871171,0.424084331245,65.1645768093,13.6,-0.000477860866117,-0.0437752522452,-0.167502508849,2.35384726622,1.53960994342e-07,-3.84902485813e-05,-0.167980369715,0.452026058861,0.486346415267,2.31007201397,0.461171345216,0.486593748195,0.629151714931,-1.82347826578,56.152586838,13.6,66.3808144628,0.451053596972,0.486172175352,0.619555747995,-1.63279871171,0.619555747995,-1.63279871171,-0.792153322218,4,0
4110,8.22,1,-0.951038718224,0,18,0,0,-0.268688667548,-0.397647772654,-0.951038718245,-0.375165969594,0.682350050697,-0.0224818030603,-2.38660833376,81.5528876469,18,-9.53950726133e-05,-0.00880556010526,-0.950833026831,-0.325665637383,-8.17689976729e-07,0.000204422494188,-0.950928421904,-0.269485196242,-0.398877614802,-0.334471197488,-0.287218194215,-0.398419836265,0.663710227689,-0.0639486387771,29.3475281192,18,79.3254841287,-0.268688667548,-0.397647772654,0.682350050697,-0.0224818030603,0.682350050697,-0.0224818030603,-0.159204815626,4,0
4110,8.22,2,-0.117485292256,0,15.6000003815,0,0,0.460860835317,0.49705971675,-0.117485292589,2.933131721,0.578346127907,-2.43607200425,0.623815346495,56.4316054104,15.6,-0.000378505324647,-0.0345987357231,-0.116701414236,3.11591548748,1.02211244818e-06,-0.000255528112039,-0.117079919561,0.461856496187,0.498597019401,3.08131675175,0.471260015688,0.497493015932,0.588339935249,-2.58382373582,60.2911850338,15.6,57.6816735508,0.460860835317,0.49705971675,0.578346127907,-2.43607200425,0.578346127907,-2.43607200425,-0.626252793902,4,0
4120,8.24,1,-0.959975481033,0,18,0,0,-0.276748860269,-0.407054737869,-0.959975496749,-0.624684797728,0.68322663648,0.217630059858,-2.18997211784,81.037970567,18,-0.000989309433799,-0.0899303576545,-0.957934105086,-0.152529191598,-2.74402831568e-07,6.86007078926e-05,-0.95892341452,-0.277563416694,-0.407484014706,-0.242459549253,-0.28141691421,-0.407249240117,0.67750650031,-0.164789690864,29.3463335724,18,80.4768315829,-0.276748860269,-0.407054737869,0.68322663648,0.217630059858,0.68322663648,0.217630059858,-1.62883313376,4,0
4120,8.24,2,-0.048122484237,0,17.6000003815,0,0,0.470936076234,0.508818422956,-0.0481224843062,3.92533656861,0.519058560541,-3.41651814565,0.578398398108,44.639376856,17.6,-0.00026769538365,-0.024511643006,-0.0475650926294,4.05590743669,3.43003526582e-07,-8.57508816468e-05,-0.0478327880131,0.471954271767,0.509355018982,4.03139579369,0.479437834569,0.509172662887,0.527270622583,-3.5222231308,63.3938492328,17.6,45.6613590559,0.470936076234,0.508818422956,0.519058560541,-3.41651814565,0.519058560541,-3.41651814565,-0.443583801756,4,0
4130,8.26,1,-0.971253156662,0,18,0,0,-0.284914319662,-0.409616961062,-0.971253164049,-0.449084518056,0.686338844387,0.0394675569941,-2.34301072448,81.6817967397,18,-0.000454567903437,-0.0412178646925,-0.970345634603,-0.243497256041,-3.25663162715e-07,8.14157906737e-05,-0.970800202506,-0.285734032417,-0.410100625153,-0.284715120734,-0.298193331255,-0.410170253212,0.672606871251,-0.125455132478,29.5212722224,18,80.0855488878,-0.284914319662,-0.409616961062,0.686338844387,0.0394675569941,0.686338844387,0.0394675569941,-0.74676287254,4,0
4130,8.26,2,0.0419312268496,0,18,0,0,0.481142900486,0.512021201823,0.0419312251931,4.96069396145,0.439211675293,-4.44867275963,0.63546205881,29.9562631777,18,-0.000231771464046,-0.0212975112676,0.0424213146297,5.07694665324,4.0707893606e-07,-0.000101769734012,0.0421895431657,0.482167541432,0.512625781911,5.05564914198,0.489634178353,0.512375005067,0.447444635187,-4.54327413691,59.4106436115,18,30.9769855379,0.481142900486,0.512021201823,0.439211675293,-4.44867275963,0.439211675293,-4.44867275963,-0.385260301378,4,0
4140,8.28,1,-0.975923418999,0,18,0,0,-0.293153556638,-0.413843676481,-0.975923392127,-0.0408438418801,0.682769835489,-0.3729998346,-2.35784064262,79.658626067,18,-0.000207045419784,-0.0188381504711,-0.975505104173,0.0546754915097,-1.23386864503e-07,3.08467161323e-05,-0.975712149593,-0.293981447389,-0.414037915745,0.0358373410386,-0.309930076689,-0.414542698149,0.665782072903,-0.450380039188,29.2568384408,18,77.6419485525,-0.293153556638,-0.413843676481,0.682769835489,-0.3729998346,0.682769835489,-0.3729998346,-0.341163128136,4,0
4140,8.28,2,0.151412397623,0,17.550907135,0,0,0.491441946713,0.517304595767,0.151412403269,5.87254783591,0.340029543444,-5.35524324014,0.651184978022,13.4899746584,17.5509072944,-0.00024227520384,-0.0222799900417,0.151928278535,5.9957322953,1.54233558647e-07,-3.85583896557e-05,0.151686003331,0.492476810153,0.517547394814,5.97345230526,0.500211568824,0.517669996688,0.348525565492,-5.45578230857,52.0543607326,17.5509072944,14.5441563162,0.491441946713,0.517304595767,0.340029543444,-5.35524324014,0.340029543444,-5.35524324014,-0.402996679805,4,0
4150,8.3,1,-0.971080005169,0,18,0,0,-0.301437554596,-0.414133153966,-0.971080003424,0.494374361298,0.669642448828,-0.908507515263,-2.40951491423,75.7495860553,18,-5.09387448671e-05,-0.004456979823,-0.97099334648,0.510968149876,-4.81985157341e-09,1.20496289063e-06,-0.971044285225,-0.302265825141,-0.414138887578,0.506511170053,-0.320807451287,-0.414940232994,0.650236833938,-0.921451403047,28.7367637136,18,73.4211630573,-0.301437554596,-0.414133153966,0.669642448828,-0.908507515263,0.669642448828,-0.908507515263,-0.0810919161824,4,0
4150,8.3,2,0.276315033436,0,15.550907135,0,0,0.501796944162,0.51766644242,0.276315047877,6.49509760222,0.225481896285,-5.9774311598,0.67474049434,-3.57529932016,15.5509072944,-0.0003286318507,-0.0303337224345,0.277023175368,6.66551764435,6.0248117606e-09,-1.50620293737e-06,0.276694543517,0.502832282343,0.517673609432,6.63518392191,0.511972423138,0.518090420711,0.235277879621,-6.1170935012,39.1706096063,15.5509072944,-2.35212195153,0.501796944162,0.51766644242,0.225481896285,-5.9774311598,0.225481896285,-5.9774311598,-0.548436874287,4,0
4160,8.32,1,-0.954034566879,0,18,0,0,-0.309715566545,-0.413070423013,-0.95403457324,1.16538932523,0.644319006695,-1.57845974825,-2.38856934087,69.7137058539,18,0.000110635528643,0.0103885183278,-0.954289650432,1.10092264846,2.43602789496e-07,-6.09006973762e-05,-0.954179014903,-0.310541359617,-0.412713833511,1.11131116679,-0.331145259348,-0.41396332688,0.623033755555,-1.52527449367,27.9458817982,18,67.1376781983,-0.309715566545,-0.413070423013,0.644319006695,-1.57845974825,0.644319006695,-1.57845974825,0.187458314744,4,0
4160,8.32,2,0.409779131413,0,13.550907135,0,0,0.512144459096,0.51633802851,0.409779122922,6.76935631118,0.102365336174,-6.25301828267,0.674454685969,-19.9588918445,13.5509072944,-0.000436220596929,-0.0402020833834,0.410713395438,6.99313330292,-3.04503510629e-07,7.61258776479e-05,0.410277174841,0.513176700435,0.515892291597,6.95293121953,0.523802905194,0.516823797097,0.113525730353,-6.43610742244,27.4481600109,13.5509072944,-18.5574494698,0.512144459096,0.51633802851,0.102365336174,-6.25301828267,0.102365336174,-6.25301828267,-0.726987688745,4,0
4170,8.34,1,-0.922085464001,0,18,0,0,-0.317930150476,-0.40804675082,-0.922085483078,1.97088582493,0.604155332602,-2.37893257574,-2.46048990269,61.254752893,18,0.000277189234717,0.0256887064764,-0.922692612894,1.82296052052,3.1317059962e-07,-7.82926499058e-05,-0.92241542366,-0.318745755251,-0.407567509705,1.848649227,-0.342260656176,-0.40906052189,0.580154767484,-2.25770974889,26.847487849,18,58.3300233536,-0.317930150476,-0.40804675082,0.604155332602,-2.37893257574,0.604155332602,-2.37893257574,0.464239636688,4,0
4170,8.34,2,0.545236587524,0,11.550907135,0,0,0.522412689,0.510058437949,0.545236617016,6.73180893252,-0.0228239280155,-6.22175049457,0.699308698699,-35.0299548513,11.5509072944,-0.000532228155044,-0.0489993946843,0.546371730683,7.00280527823,-3.91463262361e-07,9.78658155969e-05,0.545839502528,0.523432194968,0.509459386536,6.95380588355,0.535602180739,0.510608000105,-0.0102373217892,-6.44319788344,16.9367340099,11.5509072944,-33.4444680319,0.522412689,0.510058437949,-0.0228239280155,-6.22175049457,-0.0228239280155,-6.22175049457,-0.886178120717,4,0
4180,8.36,1,-0.872598528862,0,18,0,0,-0.3260611999,-0.404979530288,-0.872598541066,2.90421307374,0.546537341166,-3.30919260403,-2.5055119946,50.048148485,18,0.000444027109156,0.0410036323799,-0.873556323926,2.67361346633,4.63812952989e-07,-0.000115953238246,-0.873112296817,-0.326870501372,-0.404302876431,2.71461709871,-0.353071168574,-0.406104945649,0.520041128243,-3.12072204436,25.3982843021,18,46.8013251674,-0.3260611999,-0.404979530288,0.546537341166,-3.30919260403,0.546537341166,-3.30919260403,0.741311323037,4,0
4180,8.36,2,0.676863729954,0,9.55090713501,0,0,0.532576500768,0.506224412161,0.676863712109,6.41983862379,-0.144287211341,-5.91361421163,0.717578678312,-48.2392141373,9.55090729438,-0.000614252619014,-0.05651443856,0.678170184657,6.7310753277,-5.79766208375e-07,0.000144941552093,0.677555932038,0.533588127607,0.505378594815,6.67456088914,0.547049259435,0.506827443772,-0.130506672603,-6.16773344536,7.64131311824,9.55090729438,-46.4994679392,0.532576500768,0.506224412161,-0.144287211341,-5.91361421163,-0.144287211341,-5.91361421163,-1.02216751981,4,0
4190,8.38,1,-0.803531527519,0,18,0,0,-0.334066510291,-0.394387471167,-0.803531505093,3.90706961053,0.469464994801,-4.3014570817,-2.36395338064,36.051914816,18,0.000553054822716,0.0508904844845,-0.80470872402,3.6264788949,8.55770924624e-07,-0.000213942731161,-0.804155669197,-0.334853996012,-0.393101032126,3.67736937938,-0.361388972614,-0.395525907097,0.442766696583,-4.07289528648,23.5773352067,18,32.7675271576,-0.334066510291,-0.394387471167,0.469464994801,-4.3014570817,0.469464994801,-4.3014570817,0.920434277714,4,0
4190,8.38,2,0.799593865871,0,7.55090713501,0,0,0.54258313874,0.49298433794,0.799593858624,5.8718607194,-0.257010719884,-5.37887638146,0.670644953448,-59.2329972048,7.55090729438,-0.000680600538325,-0.0625888398216,0.801038717662,6.21557313752,-1.06971367664e-06,0.000267428419167,0.800358117123,0.543567495889,0.491376289107,6.1529842977,0.557579950059,0.493609205079,-0.242778167064,-5.65937509262,-0.46245756624,7.55090729438,-57.4302555108,0.54258313874,0.49298433794,-0.257010719884,-5.37887638146,-0.257010719884,-5.37887638146,-1.1320967405,4,0
4200,8.4,1,-0.714227259159,0,17.6000003815,0,0,-0.341845987766,-0.385674927761,-0.714227272892,4.91953183218,0.372381285126,-5.30520675994,-2.96641440987,19.4907954293,17.6,0.000609683027227,0.0560391794835,-0.71551732694,4.61360655442,1.14153537012e-07,-2.85383842534e-05,-0.714907643912,-0.342617251516,-0.385546260224,4.6696457339,-0.374956008614,-0.387054511963,0.339951635298,-5.05670024587,21.0098679609,17.6,15.5106950065,-0.341845987766,-0.385674927761,0.372381285126,-5.30520675994,0.372381285126,-5.30520675994,1.01368601296,4,0
4200,8.4,2,0.909043073654,0,5.55090713501,0,0,0.55230748556,0.482093658491,0.90904306452,5.11646103418,-0.35673557896,-4.63436737569,0.856758881538,-67.6091758838,5.55090729438,-0.000742382752295,-0.06826628862,0.910617398405,5.49057440166,-1.42691923721e-07,3.56729809345e-05,0.909875015652,0.553271565246,0.481932824068,5.42230811304,0.569706919775,0.482818634917,-0.340168095878,-4.93948947813,-7.41711291263,5.55090729438,-65.5176188959,0.55230748556,0.482093658491,-0.35673557896,-4.63436737569,-0.35673557896,-4.63436737569,-1.23479810636,4,0
4210,8.42,1,-0.605619072914,0,15.6000003815,0,0,-0.349483750773,-0.37497711627,-0.605619066426,5.8222634196,0.256135315653,-6.19724053587,-2.33290867541,0.955388518623,15.6,0.000566259264894,0.051876592054,-0.606802846696,5.54413666775,1.27333523164e-06,-0.000318333807908,-0.606236587431,-0.350231821363,-0.373080293605,5.5960132598,-0.376700299214,-0.376111139122,0.229536288217,-5.97212439892,16.5722122632,15.6,-2.31626740851,-0.349483750773,-0.37497711627,0.256135315653,-6.19724053587,0.256135315653,-6.19724053587,0.938747251724,4,0
4210,8.42,2,1.0015963316,0,3.55090737343,0,0,0.561854689294,0.468721393926,1.00159632885,4.20913449767,-0.439741639553,-3.74041310374,0.656382545946,-73.1380126507,3.55090729438,-0.000765522304051,-0.070314984957,1.00321362327,4.59239702896,-1.59166906111e-06,0.000397917265268,1.00244810096,0.562789777529,0.466350365562,4.522082044,0.577896859867,0.4693898177,-0.424551241096,-4.0526922263,-13.3298114953,3.55090729438,-71.2096100631,0.561854689294,0.468721393926,-0.439741639553,-3.74041310374,-0.439741639553,-3.74041310374,-1.27202004169,4,0
4220,8.44,1,-0.480996280909,0,13.6000003815,0,0,-0.356788473192,-0.356173656041,-0.480996290727,6.53509072236,0.124207817535,-6.8912643784,-2.6639680669,-18.5857262091,13.6,0.000460289462269,0.0421010955232,-0.481952057452,6.31174956538,8.6017074491e-07,-0.000215042686224,-0.481491767989,-0.35749945942,-0.354847985775,6.3538506609,-0.385288670117,-0.357361164246,0.096203097872,-6.71121182515,11.981379404,13.6,-22.0116873811,-0.356788473192,-0.356173656041,0.124207817535,-6.8912643784,0.124207817535,-6.8912643784,0.761993105126,4,0
4220,8.44,2,1.07469499111,0,1.55090725422,0,0,0.570985592286,0.445217068355,1.07469504346,3.18536146191,-0.503709451173,-2.74014439356,0.748190578818,-75.8289030409,1.55090729438,-0.000773377661901,-0.071032270255,1.07632847636,3.57236179294,-1.07521344217e-06,0.000268803360539,1.0755550987,0.571874325068,0.443559980505,3.50132952268,0.58789952294,0.445921815465,-0.487655575757,-3.05540770722,-18.3853097059,1.55090729438,-73.7957076269,0.570985592286,0.445217068355,-0.503709451173,-2.74014439356,-0.503709451173,-2.74014439356,-1.28500483517,4,0
4230,8.46,1,-0.344424158335,0,11.6000003815,0,0,-0.363831682366,-0.347874370132,-0.34442414406,7.03624317361,-0.0194075383061,-7.38411754374,-2.59510354742,-38.5678080579,11.6,0.000331190081629,0.0302295872816,-0.345105821735,6.87808843707,1.19319908715e-06,-0.000298299771783,-0.344774631654,-0.364525722292,-0.346125063231,6.90831802435,-0.389972677358,-0.348963578257,-0.0451980457041,-7.25728160261,7.33153923599,11.6,-41.7101734975,-0.363831682366,-0.347874370132,-0.0194075383061,-7.38411754374,-0.0194075383061,-7.38411754374,0.547261892178,4,0
4230,8.46,2,1.12622666359,0,-0.449092715979,0,0,0.579789603719,0.434842960863,1.12622671471,2.06616690596,-0.546437110988,-1.63132394509,0.725219091838,-75.4117261584,-0.449092705623,-0.000774738360793,-0.0711407970403,1.12786151241,2.45319690168,-1.49149887363e-06,0.000372874718402,1.12708677405,0.580657153622,0.432656327215,2.38205610464,0.596529055586,0.435540438024,-0.530557718463,-1.94651566662,-22.6766363235,-0.449092705623,-73.3995045486,0.579789603719,0.434842960863,-0.546437110988,-1.63132394509,-0.546437110988,-1.63132394509,-1.28700251792,4,0
4240,8.48,1,-0.200194895267,0,9.60000038147,0,0,-0.370565926199,-0.32383580655,-0.200194891312,7.32368311895,-0.170371034887,-7.6475189255,-2.31552880546,-58.282635842,9.6,0.000200006580944,0.0181972254661,-0.200600951885,7.23053459491,1.72405803051e-06,-0.000431014507622,-0.200400945305,-0.371210982998,-0.32123535574,7.24873182038,-0.392570105137,-0.324752647339,-0.192169159832,-7.57348446772,2.72344980538,9.6,-60.9277215185,-0.370565926199,-0.32383580655,-0.170371034887,-7.6475189255,-0.170371034887,-7.6475189255,0.329556870998,4,0
4240,8.48,2,1.15459024906,0,-2.44909262657,0,0,0.588207408472,0.404794756116,1.15459019151,0.880464979707,-0.566382783039,-0.47567022359,0.621648924868,-71.9895284091,-2.44909270562,-0.000760263274779,-0.069782501946,1.1561917376,1.2591053595,-2.1550725553e-06,0.000538768138813,1.15543147432,0.589013729466,0.401544192577,1.18932285755,0.603881359291,0.4054478374,-0.55155011503,-0.783875020152,-26.3148743224,-2.44909270562,-70.1053889044,0.588207408472,0.404794756116,-0.566382783039,-0.47567022359,-0.566382783039,-0.47567022359,-1.26249057989,4,0
4250,8.5,1,-0.0523960776627,0,7.59999990463,0,0,-0.376833001338,-0.307250008858,-0.052396076651,7.41763658331,-0.324436924687,-7.72488659217,-3.39084285111,-77.3901811512,7.6,8.8772311714e-05,0.00802608553794,-0.0525713929784,7.37835099973,2.18337593172e-07,-5.45843982934e-05,-0.0524826206666,-0.377447336065,-0.307003609888,7.38637708526,-0.406251132391,-0.308475764318,-0.353768511724,-7.69485284958,-1.7467469034,7.6,-80.9264856548,-0.376833001338,-0.307250008858,-0.324436924687,-7.72488659217,-0.324436924687,-7.72488659217,0.145461652456,4,0
4250,8.5,2,1.1588190794,0,-4.44909286499,0,0,0.596041252352,0.384062508847,1.15881906846,-0.338348791365,-0.562777816111,0.722411300212,0.946175808858,-65.4771813871,-4.44909270562,-0.000722533129744,-0.0662819919759,1.16033763072,0.0200084926217,-2.7292199356e-07,6.82304983812e-05,1.15961509759,0.596809170755,0.383754510132,-0.0462734993542,0.613888717514,0.384806153229,-0.545726380072,0.431079652583,-29.4305576137,-4.44909270562,-63.3317673457,0.596041252352,0.384062508847,-0.562777816111,0.722411300212,-0.562777816111,0.722411300212,-1.19923823253,4,0
4260,8.52,1,0.0955072641373,0,5.59999990463,0,0,-0.382840993583,-0.288303087813,0.0955072650589,7.35718189971,-0.478348258642,-7.64548498753,-2.22703241522,-95.6076154224,5.6,1.60136607627e-05,0.00140792406786,0.0954795919354,7.3517336923,2.13809882149e-06,-0.000534524705367,0.0954956055962,-0.383414424286,-0.285111777685,7.35314161637,-0.401580408403,-0.289083896764,-0.497076013999,-7.64222551313,-6.00505280306,5.6,-97.8602492455,-0.382840993583,-0.288303087813,-0.478348258642,-7.64548498753,-0.478348258642,-7.64548498753,0.0256014079521,4,0
4260,8.52,2,1.13861715794,0,-6.44909286499,0,0,0.603551242612,0.360378857383,1.13861713478,-1.55754748748,-0.535065892163,1.91792634486,0.571658815731,-56.0301077408,-6.44909270562,-0.000659418928212,-0.0604526960957,1.13999932176,-1.23207474365,-2.67262354336e-06,0.000668155885835,1.13933990283,0.604268030987,0.356389719698,-1.29252743974,0.617406441676,0.360956157344,-0.521933461156,1.65348359708,-32.1516318242,-6.44909270562,-54.3645973534,0.603551242612,0.360378857383,-0.535065892163,1.91792634486,-0.535065892163,1.91792634486,-1.09385157175,4,0
4270,8.54,1,0.240959987044,0,3.59999990463,0,0,-0.388289480241,-0.25815594999,0.240959990486,7.19145960973,-0.629249470727,-7.44961555972,-2.77460566319,-112.775973367,3.6,-8.6434929709e-06,-0.000788481974312,0.240977958413,7.19561612147,1.29573018159e-06,-0.000323932545392,0.24096931492,-0.388803735036,-0.256155599769,7.19482763949,-0.411252367458,-0.259112736958,-0.652221682378,-7.45394037645,-10.0094501292,3.6,-115.536303768,-0.388289480241,-0.25815594999,-0.629249470727,-7.44961555972,-0.629249470727,-7.44961555972,-0.0142752622394,4,0
4270,8.54,2,1.09427940845,0,-8.44909286499,0,0,0.610361850884,0.322694934891,1.09427936683,-2.75103004418,-0.483917515948,3.07372497907,0.718547506761,-43.9264541736,-8.44909270562,-0.000575528656781,-0.0527270920696,1.09548239199,-2.46836743709,-1.61966273493e-06,0.000404915683737,1.09490686333,0.611004669373,0.320194497102,-2.52109452916,0.624276713819,0.323274720847,-0.470630149514,2.84436925,-34.5789333616,-8.44909270562,-42.2537716916,0.610361850884,0.322694934891,-0.483917515948,3.07372497907,-0.483917515948,3.07372497907,-0.954134975216,4,0
4280,8.56,1,0.380677074194,0,1.60000002384,0,0,-0.393332355655,-0.245699825117,0.380677082647,6.10846490383,-0.774009438303,-6.35416472895,-2.60110654988,-129.117997017,1.6,1.33600288393e-05,0.00129021748057,0.38236368008,6.95958386245,1.76799852714e-06,-0.000441999631786,0.382377040108,-0.393821216652,-0.243104499247,6.96087407993,-0.415163746894,-0.246609466419,-0.797540787002,-7.20748354635,-13.7480236269,1.6,-131.742312172,-0.393332355655,-0.245699825117,-0.774009438303,-6.35416472895,-0.774009438303,-6.35416472895,0.0232086052263,4,0
4280,8.56,2,1.02771556377,0,-10.449092865,0,0,0.6166654451,0.307124778724,1.02771561175,-3.2980192033,-0.41105016665,3.60514398203,0.657358150822,-29.144175371,-10.4490927056,-0.000481346092561,-0.0440739383457,1.02750737424,-3.66862020195,-2.20999816936e-06,0.000552499542345,1.02702602815,0.61727652134,0.30388062137,-3.7126941403,0.628769095269,0.307629097481,-0.398256932881,4.02032323778,-36.7665040481,-10.4490927056,-27.6892157569,0.6166654451,0.307124778724,-0.41105016665,3.60514398203,-0.41105016665,3.60514398203,-0.797601463303,4,0
4290,8.58,1,0.429105371237,0,-0.40000000596,0,0,-0.397923067888,-0.211329109169,0.429105379545,0.461448641273,-0.827028447433,-0.672777750442,-2.22012586647,-111.938841208,-0.4,-0.0048469275194,-0.438785563968,0.438791264297,2.65040698448,2.36898221684e-06,-0.000592245554203,0.433944336778,-0.398342124465,-0.207751551887,2.21162142051,-0.350247061725,-0.209342608912,-0.784191398503,-2.42096402942,-11.6954542951,-0.4,-106.207787967,-0.397923067888,-0.211329109169,-0.827028447433,-0.672777750442,-0.827028447433,-0.672777750442,-7.95117910721,4,0
4290,8.58,2,1.00232994556,0,-12.449092865,0,0,0.622403835335,0.264161383605,1.0023299625,-0.325104582475,-0.379926127162,0.589265966081,0.510643101993,-35.8477417987,-12.4490927056,0.00346958241157,0.314637103931,0.995341582406,-1.91470326816,-2.96122778221e-06,0.000740306945548,0.998811164818,0.622927656051,0.259689436986,-1.60006616423,0.579231201292,0.262362523854,-0.419579963526,1.86242868809,-52.7596548831,-12.4490927056,-41.0374521827,0.622403835335,0.264161383605,-0.379926127162,0.589265966081,-0.379926127162,0.589265966081,5.70035348591,4,0
4300,8.6,1,0.419907391071,0,-2.40000009537,0,0,-0.401865800389,-0.189018855043,0.419907392931,-0.876875042095,-0.821773193319,0.687856187052,-3.62942714081,-97.352037966,-2.4,-0.00128881021744,-0.115331202677,0.422336501753,-0.353203865364,2.94234595521e-07,-7.35586488806e-05,0.421047691536,-0.402243615035,-0.188686647227,-0.468535068041,-0.414649243047,-0.189551498487,-0.835696934583,0.278983569554,-10.850180055,-2.4,-98.8887143022,-0.401865800389,-0.189018855043,-0.821773193319,0.687856187052,-0.821773193319,0.687856187052,-2.09275080458,4,0
4300,8.6,2,0.997171282768,0,-14.449092865,0,0,0.627332250903,0.236273565851,0.997171274956,-0.451167226299,-0.369839024053,0.68744079215,0.93163821007,-38.7634510688,-14.4490927056,0.00118057471578,0.106659310311,0.994859219867,-0.966676579026,-3.67793245637e-07,9.19483114107e-05,0.996039794583,0.627804519205,0.23585830608,-0.860017268715,0.619000207087,0.235926397359,-0.377039587496,1.09594366607,-63.6689742618,-14.4490927056,-39.7650321691,0.627332250903,0.236273565851,-0.369839024053,0.68744079215,-0.369839024053,0.68744079215,1.9332193104,4,0
4310,8.62,1,0.399866551161,0,-4.40000009537,0,0,-0.405465647439,-0.164277521168,0.399866543954,-1.03379711453,-0.805332191393,0.869519593366,-2.08657077953,-92.0833113068,-4.4,1.66316166441e-05,0.00231438943934,0.39975143216,-1.07553871841,2.7258578173e-06,-0.000681464454318,0.399768063776,-0.405790146583,-0.160205178539,-1.07322432897,-0.423158216847,-0.16501471156,-0.822926280624,0.908209617412,-11.957073278,-4.4,-94.2101055878,-0.405465647439,-0.164277521168,-0.805332191393,0.869519593366,-0.805332191393,0.869519593366,0.0402235014252,4,0
4310,8.62,2,0.977246880531,0,-16.449092865,0,0,0.631832059656,0.205346898413,0.977246854897,-1.51128660274,-0.345414795241,1.71663350115,0.431619166046,-32.2949510055,-16.4490927056,0.000319662248909,0.0287940178778,0.976629032725,-1.647256166,-3.40732228088e-06,0.000851830570214,0.976948694974,0.63223768358,0.200256470112,-1.61846214813,0.631079530532,0.205315543032,-0.345869164442,1.82377769116,-68.3246374206,-16.4490927056,-32.3854112773,0.631832059656,0.205346898413,-0.345414795241,1.71663350115,-0.345414795241,1.71663350115,0.522079437836,4,0
4320,8.64,1,0.38075247407,0,-6.40000009537,0,0,-0.40835201149,-0.126692463329,0.380752483195,-0.857168126759,-0.789104494685,0.73047566343,-2.78022710857,-89.9640729684,-6.4,0.000458504891452,0.0424886476775,0.379747722402,-1.10176424813,1.56341935448e-06,-0.000390854838615,0.380206227294,-0.408602909802,-0.12427659152,-1.05927560045,-0.437868088389,-0.127922299866,-0.818074315683,0.931353300585,-13.6987297892,-6.4,-93.512151379,-0.40835201149,-0.126692463329,-0.789104494685,0.73047566343,-0.789104494685,0.73047566343,0.767851301999,4,0
4320,8.64,2,0.93210953474,0,-18,0,0,0.635440014658,0.158365576,0.932109513884,-2.90000792484,-0.296669499226,3.05837350084,0.614693569327,-20.3535829846,-18,4.92329717011e-06,0.00018314890614,0.932125083066,-2.89166077692,-1.95427419691e-06,0.000488568549221,0.932130006363,0.635753637541,0.155345736233,-2.89147762802,0.64052134219,0.15857729798,-0.291608664173,3.050054926,-68.7006481151,-18,-19.7427650708,0.635440014658,0.158365576,-0.296669499226,3.05837350084,-0.296669499226,3.05837350084,0.0038756555549,4,0
4330,8.66,1,0.366641283035,0,-8.39999961853,0,0,-0.41074121587,-0.111693271398,0.366641289173,-0.592021256779,-0.777382505043,0.480327985382,-2.52509144725,-89.5992340709,-8.4,0.000598117928063,0.0548407735783,0.365384880966,-0.888068385132,2.11374227088e-06,-0.00052843556772,0.365982998894,-0.410961562819,-0.108588167886,-0.833227611554,-0.440001936564,-0.112912468093,-0.805984935457,0.720315143461,-15.7209222855,-8.4,-93.1166165376,-0.41074121587,-0.111693271398,-0.777382505043,0.480327985382,-0.777382505043,0.480327985382,0.992291019441,4,0
4330,8.66,2,0.858787178993,0,-16.2000007629,0,0,0.638426520069,0.139616586051,0.858787204616,-4.24777765364,-0.220360684547,4.38739423969,0.523359266219,-4.69790357983,-16.2,-9.29906703226e-05,-0.00847957960546,0.858979251482,-4.20335689619,-2.6421778434e-06,0.00066054446084,0.858886260811,0.638701953749,0.135735206655,-4.2118364758,0.644057467025,0.13985120884,-0.214828793787,4.35168768464,-54.9904259985,-16.2,-4.02101683122,0.638426520069,0.139616586051,-0.220360684547,4.38739423969,-0.220360684547,4.38739423969,-0.153527482389,4,0
4340,8.68,1,0.356343328953,0,-10.3999996185,0,0,-0.412593639905,-0.0714433526481,0.35634332225,-0.479312971248,-0.768936962156,0.4078696186,-2.09257883661,-89.22421706,-10.4,0.000483645873158,0.0442087817923,0.355341706689,-0.712864541656,2.70698936533e-06,-0.000676747341338,0.355825352562,-0.412732404759,-0.067352184685,-0.668655759863,-0.436658355493,-0.0724460491309,-0.792483708055,0.596209710733,-17.7359838476,-10.4,-92.1169964129,-0.412593639905,-0.0714433526481,-0.768936962156,0.4078696186,-0.768936962156,0.4078696186,0.800200516323,4,0
4340,8.68,2,0.76236474514,0,-14.1999998093,0,0,0.640742050049,0.0893041875396,0.762364720721,-5.23351231181,-0.121622670672,5.32281649935,0.3526575297,12.0244393713,-14.2,-1.15925760241e-05,-0.000917300648283,0.762375409558,-5.23358879246,-3.38373671027e-06,0.000845934177574,0.762363816982,0.640915506109,0.0841902275802,-5.23450609311,0.643816380292,0.0894322846331,-0.11854743669,5.32393837774,-41.2210683277,-14.2,12.3939994859,0.640742050049,0.0893041875396,-0.121622670672,5.32281649935,-0.121622670672,5.32281649935,-0.0169025849692,4,0
4350,8.7,1,0.346294283867,0,-12.3999996185,0,0,-0.413701223156,-0.0462990804645,0.346294277105,-0.54851300593,-0.759995500261,0.502213925466,-3.65377722678,-88.0143079762,-12.4,0.000330641823008,0.0301485779171,0.345616676816,-0.70515106621,3.32011594328e-07,-8.3002898579e-05,0.345947318639,-0.41379356938,-0.0459241034838,-0.675002488293,-0.448637550672,-0.0477547607776,-0.794584869311,0.627247727515,-19.5840086416,-12.4,-92.2139456797,-0.413701223156,-0.0462990804645,-0.759995500261,0.502213925466,-0.759995500261,0.502213925466,0.545860476692,4,0
4350,8.7,2,0.650309503078,0,-12.1999998093,0,0,0.642126529046,0.0578738472828,0.650309513656,-5.85087260964,-0.00818298461017,5.90874645692,0.815727237058,28.8088415342,-12.2,9.84142781266e-05,0.00919813574597,0.650086672247,-5.90649797479,-4.15014493327e-07,0.000103753623324,0.650185086525,0.64224196182,0.0574051260566,-5.89729983904,0.647530992329,0.0580990332529,-0.00265409419617,5.9553988723,-28.5550682284,-12.2,29.4585030579,0.642126529046,0.0578738472828,-0.00818298461017,5.90874645692,-0.00818298461017,5.90874645692,0.166065713336,4,0
4360,8.72,1,0.332879215479,0,-14.3999996185,0,0,-0.414426541438,-0.018968734312,0.332879216643,-0.797527570888,-0.747305758082,0.778558836576,-1.93222276255,-85.4528936867,-14.4,0.000173134517189,0.015680607555,0.332534428298,-0.875289106614,2.96046422243e-06,-0.000740116055615,0.332707562816,-0.41446006805,-0.0145429576279,-0.859608499059,-0.432864150956,-0.0197369680419,-0.765571713771,0.839871531017,-21.2073387932,-14.4,-87.6692479975,-0.414426541438,-0.018968734312,-0.747305758082,0.778558836576,-0.747305758082,0.778558836576,0.284131548181,4,0
4360,8.72,2,0.529815256596,0,-10.1999998093,0,0,0.643033176833,0.0237109145737,0.529815255299,-6.11498369582,0.113217921534,6.13869461039,0.255129283442,44.7914911426,-10.2,0.000218745383176,0.0202644506095,0.529336930429,-6.23139174007,-3.7005802791e-06,0.000925145069769,0.529555675813,0.643075085091,0.0181786937171,-6.21112728946,0.642108939413,0.0236724046812,0.1125532636,6.23479969414,-17.0854525098,-10.2,44.6803901027,0.643033176833,0.0237109145737,0.113217921534,6.13869461039,0.113217921534,6.13869461039,0.366230323322,4,0
4370,8.74,1,0.312545269728,0,-16.3999996185,0,0,-0.414376835666,0.0211848551036,0.312545255725,-1.22164642451,-0.726922091391,1.24283127962,-2.68250080016,-81.0277708634,-16.4,1.5321594942e-05,0.00119169398584,0.312533264069,-1.22066277812,1.62855739222e-06,-0.000407139348052,0.312548585664,-0.414331871989,0.0237032566104,-1.21947108413,-0.436875356152,0.02024741675,-0.749423941816,1.23971850088,-22.5581317212,-16.4,-83.7322805135,-0.414376835666,0.0211848551036,-0.726922091391,1.24283127962,-0.726922091391,1.24283127962,0.0220088500023,4,0
4370,8.74,2,0.407785177231,0,-8.19999980927,0,0,0.642971044551,-0.026481072195,0.407785188222,-6.04123894989,0.235185856329,6.01475787769,0.45079916774,59.093715759,-8.2,0.000349186122866,0.0322540727587,0.407030489979,-6.22328545397,-2.03569673929e-06,0.000508924184835,0.407379676102,0.642914839948,-0.0296290740772,-6.19103138121,0.641870374337,-0.026526933454,0.234490698235,6.16450444776,-6.90553939811,-8.2,58.961406027,0.642971044551,-0.026481072195,0.235185856329,6.01475787769,0.235185856329,6.01475787769,0.58310889973,4,0
4380,8.76,1,0.281905919313,0,-18,0,0,-0.413802832061,0.0367838713247,0.28190593145,-1.80831089797,-0.695708763512,1.8450947693,-2.37912757335,-74.5941439512,-18,-0.000136246595868,-0.0127125298825,0.282211319847,-1.73274453604,2.18563697008e-06,-0.000546409242524,0.282075073251,-0.413726117584,0.0399964661423,-1.74545706592,-0.431684851462,0.036038787183,-0.713759924713,1.7814958531,-23.1961523074,-18,-76.7437117,-0.413802832061,0.0367838713247,-0.695708763512,1.8450947693,-0.695708763512,1.8450947693,-0.229559824527,4,0
4380,8.76,2,0.290740549564,0,-6.19999980927,0,0,0.642253539979,-0.0459798424622,0.290740543435,-5.65314836466,0.351512996544,5.6071685222,0.341263257568,71.3029603371,-6.2,0.000483749793024,0.044610775137,0.289703528612,-5.90159240725,-2.73204621093e-06,0.000683011552742,0.290187278405,0.642157646876,-0.0499955859818,-5.85698163211,0.638382018829,-0.0461411558434,0.348194740424,5.81084047627,1.91157578445,-6.2,70.8375712322,0.642253539979,-0.0459798424622,0.351512996544,5.6071685222,0.351512996544,5.6071685222,0.806652362453,4,0
4390,8.78,1,0.23844756186,0,-18,0,0,-0.41267697433,0.0776983543902,0.238447558993,-2.4767206565,-0.651124533323,2.55441901089,-1.95138935059,-65.8870449145,-18,-0.000231969414558,-0.021398029985,0.238946387315,-2.35688804625,2.69428845368e-06,-0.00067357211342,0.2387144179,-0.412517469571,0.0817730956438,-2.37828607624,-0.425691735452,0.0771560726767,-0.664406153352,2.45544214891,-21.9427395929,-18,-67.4515276577,-0.41267697433,0.0776983543902,-0.651124533323,2.55441901089,-0.651124533323,2.55441901089,-0.386906607355,4,0
4390,8.78,2,0.184193953872,0,-4.19999980927,0,0,0.640846217749,-0.097122946249,0.184193951465,-5.03225035762,0.456652266284,4.93512741138,0.168778352637,80.6960739985,-4.2,0.000556028249333,0.0511267093995,0.183014023787,-5.31283647824,-3.36786056288e-06,0.000841965140721,0.183570052036,0.640646836794,-0.10221637281,-5.26170976885,0.634557082873,-0.0973849935355,0.450987030836,5.16432477531,9.45139614059,-4.2,79.9400675769,0.640846217749,-0.097122946249,0.456652266284,4.93512741138,0.456652266284,4.93512741138,0.924784774264,4,0
4400,8.8,1,0.184499070048,0,-18,0,0,-0.410805913724,0.102419040803,0.184499066672,-2.6852363827,-0.595304980396,2.78765542351,-3.46240194639,-56.5680279341,-18,0.000417242040263,0.037823527447,0.183594114794,-2.89741339323,3.26774333981e-07,-8.16935834912e-05,0.184011356834,-0.410600827473,0.102788206244,-2.85958986578,-0.445310084461,0.100981367022,-0.629321441295,2.9605712328,-20.6598984834,-18,-60.7157167914,-0.410805913724,0.102419040803,-0.595304980396,2.78765542351,-0.595304980396,2.78765542351,0.685286910882,4,0
4400,8.8,2,0.0916364043951,0,-2.20000004768,0,0,0.638507391927,-0.128023804219,0.0916364079732,-4.29856906439,0.546870983954,4.17054526017,0.613987927098,87.5750704512,-2.2,0.00050272834672,0.0462694475055,0.0905747447835,-4.55098929084,-4.08467916824e-07,0.000102116979211,0.0910774731302,0.638251034107,-0.12848526102,-4.50471984333,0.636653551437,-0.128101047572,0.545576078307,4.37661879576,16.042668656,-2.2,87.3522233757,0.638507391927,-0.128023804219,0.546870983954,4.17054526017,0.546870983954,4.17054526017,0.836835002658,4,0
4410,8.82,1,0.126413881779,0,-18,0,0,-0.408562733543,0.128797575318,0.126413879571,-3.17402773512,-0.534976613113,3.30282531044,-1.78528903616,-48.0594746801,-18,-0.000102762574962,-0.0101686431655,0.126701542178,-3.09301516099,2.81152325288e-06,-0.000702880813214,0.126598779603,-0.408300944032,0.133003397932,-3.10318380415,-0.421896753628,0.128241991148,-0.548495533231,3.2314257953,-19.5557799708,-18,-49.6623350113,-0.408562733543,0.128797575318,-0.534976613113,3.30282531044,-0.534976613113,3.30282531044,-0.182428705041,4,0
4410,8.82,2,0.0155812781304,0,-0.20000000298,0,0,0.635703416636,-0.160996972303,0.0155812785482,-3.35340033372,0.620122138088,3.19240336142,0.0654733618948,91.7832921735,-0.2,0.000630520250597,0.0580762123177,0.0142327036064,-3.67556699262,-3.51440405855e-06,0.000878601014625,0.014863223857,0.635376179741,-0.166254250559,-3.61749078031,0.627510923687,-0.161338326176,0.61264769983,3.45615245413,21.7845192036,-0.2,90.7984862502,0.635703416636,-0.160996972303,0.620122138088,3.19240336142,0.620122138088,3.19240336142,1.0502792852,4,0
4420,8.84,1,0.0542937479913,0,-18,0,0,-0.405583397652,0.166317537915,0.0542937466801,-3.97597179908,-0.459877144332,4.142289337,-2.4949845931,-35.4990520417,-18,-0.000450513209192,-0.0415831525727,0.0552661970569,-3.74186685718,1.4827052387e-06,-0.000370676309673,0.0548156838477,-0.405248397323,0.168612193842,-3.78345000975,-0.420084518893,0.16571332453,-0.47490020274,3.94916333428,-17.7798896345,-18,-37.2422076574,-0.405583397652,0.166317537915,-0.459877144332,4.142289337,-0.459877144332,4.142289337,-0.751828977329,4,0
4420,8.84,2,-0.0394761152565,0,1.79999995232,0,0,0.631979246712,-0.207896925434,-0.0394761148814,-2.2469259942,0.671455361593,2.03902906876,0.248388152637,92.2551060233,1.8,0.000681043657607,0.0625657162408,-0.0409160024572,-2.58834291407,-1.8533815429e-06,0.000463345385721,-0.0402349587996,0.631560496293,-0.210765245335,-2.52577719783,0.624630141496,-0.208203138152,0.664865100296,2.31757405968,26.3216147549,1.8,91.3716823339,0.631979246712,-0.207896925434,0.671455361593,2.03902906876,0.671455361593,2.03902906876,1.13181184211,4,0
4430,8.86,1,-0.0345013141632,0,-18,0,0,-0.402120551959,0.180495424525,-0.0345013139668,-4.81843413478,-0.367619237992,4.99892955931,-2.18258773317,-20.3220086245,-18,-0.000547005117421,-0.0502955118368,-0.0333404515897,-4.54240162479,1.97436819921e-06,-0.000493592049802,-0.0338874567071,-0.401756714915,0.183399298117,-4.59269713662,-0.412709123699,0.180054234036,-0.378821666992,4.77275137066,-15.5913685127,-18,-21.5948431858,-0.402120551959,0.180495424525,-0.367619237992,4.99892955931,-0.367619237992,4.99892955931,-0.909753171934,4,0
4430,8.86,2,-0.0713476613164,0,3.79999995232,0,0,0.627650689535,-0.225619283644,-0.0713476597334,-1.04543939059,0.698998349268,0.819820106944,0.134812168621,89.4990968067,3.8,0.000697023193671,0.0640354803764,-0.0728213243941,-1.39487434771,-2.46796024128e-06,0.000616990060324,-0.0721243012004,0.627195893224,-0.229249125623,-1.33083886733,0.619135606244,-0.225974078781,0.691259907445,1.10486478855,30.0520337541,3.8,88.4755128361,0.627650689535,-0.225619283644,0.698998349268,0.819820106944,0.698998349268,0.819820106944,1.15839613921,4,0
4440,8.88,1,-0.139819860458,0,-16.3999996185,0,0,-0.398162274646,0.216773734796,-0.139819860135,-5.61620494462,-0.258342414511,5.83297867942,-1.81486207504,-3.05220522704,-16.4,-0.000562353274311,-0.0516097275098,-0.138635626596,-5.33631856689,2.33252496751e-06,-0.00058313124188,-0.139197979871,-0.397725165153,0.220304140136,-5.3879282944,-0.405492337228,0.216468315521,-0.266294357357,5.60439660992,-11.5437889159,-16.4,-3.93333983326,-0.398162274646,0.216773734796,-0.258342414511,5.83297867942,-0.258342414511,5.83297867942,-0.933727468825,4,0
4440,8.88,2,-0.0783927366138,0,5.80000019073,0,0,0.622702842835,-0.270967171324,-0.0783927398251,0.215651413057,0.70109558266,-0.486618584381,-0.0171675655595,83.1705961251,5.8,0.000685033965517,0.0628249601167,-0.0798311910159,-0.123535359224,-2.91565619781e-06,0.000728914049448,-0.0791461570504,0.622156455963,-0.275380177982,-0.0607103991073,0.613103729222,-0.271367134391,0.692249886273,-0.210656735284,33.0812603584,5.8,82.0167026763,0.622702842835,-0.270967171324,0.70109558266,-0.486618584381,0.70109558266,-0.486618584381,1.13672588325,4,0
4450,8.9,1,-0.259827077389,0,-14.3999996185,0,0,-0.393554978242,0.237868109897,-0.259827079865,-6.29685377057,-0.133727898376,6.53472188046,-3.07965814812,15.4721189969,-14.4,-0.000534584007519,-0.0490551537502,-0.258702228461,-6.03113651428,2.79201335551e-07,-6.98003338878e-05,-0.259236812469,-0.393079029771,0.238183636018,-6.08019166803,-0.411791114605,0.237108270882,-0.152554302136,6.31729993891,-6.96100963533,-14.4,13.2799834382,-0.393554978242,0.237868109897,-0.133727898376,6.53472188046,-0.133727898376,6.53472188046,-0.887522589446,4,0
4450,8.9,2,-0.0602892264724,0,7.80000019073,0,0,0.616943722274,-0.297335140088,-0.0602892250532,1.46655375611,0.677232947328,-1.7638888962,0.352414781124,73.7656378367,7.8,0.00061592339216,0.0564579176502,-0.0615795014351,1.16285458254,-3.49001667899e-07,8.72504169689e-05,-0.0609635780429,0.616348786681,-0.297729547737,1.21931250019,0.611376976825,-0.297567087815,0.672340554868,-1.516879588,35.6698447082,7.8,73.0964686441,0.616943722274,-0.297335140088,0.677232947328,-1.7638888962,0.677232947328,-1.7638888962,1.0215839737,4,0
4460,8.92,1,-0.392148286104,0,-12.3999996185,0,0,-0.388633918163,0.259877322242,-0.39214827391,-6.85970081624,0.00351435574788,7.11957813849,-1.66393137355,34.9247913089,-12.4,-0.000507152557687,-0.0465385298628,-0.391081154955,-6.60763706527,2.29833117887e-06,-0.000574582794723,-0.391588307513,-0.388110729061,0.263318299141,-6.65417559513,-0.395471560628,0.259592420473,-0.00388325311492,6.91376801561,-2.32364472639,-12.4,34.1028497042,-0.388633918163,0.259877322242,0.00351435574788,7.11957813849,0.00351435574788,7.11957813849,-0.841989768882,4,0
4460,8.92,2,-0.0174323990941,0,9.80000019073,0,0,0.610792397122,-0.324846655388,-0.0174323999123,2.69089122132,0.628224797035,-3.01573787671,-0.113060634493,61.4440844729,9.8,0.000534175213005,0.0489333385392,-0.0185484717786,2.42876375999,-2.87291395851e-06,0.00071822848962,-0.0180142965656,0.61013841074,-0.329147876489,2.47769709853,0.602485521348,-0.325192775212,0.620499817914,-2.80288987374,37.9383259422,9.8,60.4455287809,0.610792397122,-0.324846655388,0.628224797035,-3.01573787671,0.628224797035,-3.01573787671,0.885495057524,4,0
4470,8.94,1,-0.534431874752,0,-10.3999996185,0,0,-0.383110944477,0.289902703091,-0.534431888187,-7.30514430839,0.15132094371,7.59504701148,-2.24069198351,55.0968257465,-10.4,-0.000480036534255,-0.0440525122444,-0.533421577031,-7.06643387584,1.14475898805e-06,-0.000286189747014,-0.533901613565,-0.382529308964,0.291676325855,-7.11048638809,-0.395120800474,0.289402292425,0.138780813091,7.39988868051,2.28571313098,-10.4,53.6531409735,-0.383110944477,0.289902703091,0.15132094371,7.59504701148,0.15132094371,7.59504701148,-0.797007210487,4,0
4470,8.94,2,0.0494448319077,0,11.8000001907,0,0,0.603888679966,-0.362378381236,0.0494448308999,3.86986765794,0.554443849066,-4.23224603918,0.0332727949294,46.2945563443,11.8,0.000438076997532,0.0400866446647,0.0485336212849,3.65663126564,-1.43094872596e-06,0.00035773718148,0.0489716982824,0.603161635569,-0.364595409676,3.6967179103,0.598130141568,-0.362618320336,0.549158443285,-4.05933623064,39.943109043,11.8,45.602332041,0.603888679966,-0.362378381236,0.554443849066,-4.23224603918,0.554443849066,-4.23224603918,0.725497098162,4,0
4480,8.96,1,-0.684452414513,0,-8.39999961853,0,0,-0.377207890853,0.300822622763,-0.684452414862,-7.64624836378,0.307244524009,7.94707098655,-1.95928838069,75.5959203254,-8.4,-0.000465972958572,-0.0427717063654,-0.683470665862,-7.41409978473,1.50730720028e-06,-0.000376826800075,-0.683936638821,-0.376604068695,0.30304155944,-7.4568714911,-0.387069721876,0.300411713137,0.296866916945,7.75728320423,6.78067012142,-8.4,74.4104460546,-0.377207890853,0.300822622763,0.307244524009,7.94707098655,0.307244524009,7.94707098655,-0.773814109893,4,0
4480,8.96,2,0.139250129461,0,13.8000001907,0,0,0.59650986289,-0.376028280736,0.139250136131,4.98753669021,0.457259726759,-5.36356497095,-0.069770015204,28.7375812458,13.8,0.000330044850003,0.0301486357285,0.138568548464,4.82897730421,-1.88413398761e-06,0.000471033496891,0.138898593314,0.595755085188,-0.378801951563,4.85912593994,0.591389445852,-0.376241631446,0.452490852539,-5.23536757139,41.7392508875,13.8,28.1220644477,0.59650986289,-0.376028280736,0.457259726759,-5.36356497095,0.457259726759,-5.36356497095,0.545746782857,4,0
4490,8.98,1,-0.84016430378,0,-6.40000009537,0,0,-0.370930014501,0.327764669436,-0.840164277175,-7.87909471721,0.469234262673,8.20685938665,-1.69872363331,96.4003489949,-6.4,-0.000446188989707,-0.0408227874131,-0.839234546889,-7.66146502905,1.66856771688e-06,-0.000417141929222,-0.839680735879,-0.370271930649,0.330293351914,-7.70228781647,-0.378915240833,0.327431951672,0.460765495046,8.02971976814,11.0733057082,-6.4,95.4404582462,-0.370930014501,0.327764669436,0.469234262673,8.20685938665,0.469234262673,8.20685938665,-0.738832884633,4,0
4490,8.98,2,0.250482499599,0,14.1999998093,0,0,0.588662517406,-0.409705838827,0.250482499409,5.9972858868,0.338180017998,-6.40699172562,-0.181703499217,8.90938549089,14.2,0.000198454917818,0.0178696356844,0.250094170426,5.91142483682,-2.08570962867e-06,0.000521427407174,0.250292625343,0.587839912587,-0.412866691897,5.9292944725,0.584455479505,-0.409881132072,0.334162854161,-6.33917560457,37.0716037706,14.2,8.40366447651,0.588662517406,-0.409705838827,0.338180017998,-6.40699172562,0.338180017998,-6.40699172562,0.324017515171,4,0
4500,9,1,-0.998460054398,0,-4.40000009537,0,0,-0.364183387482,0.342499819878,-0.998460032419,-7.91293739185,0.634276644937,8.25543721173,-2.55292599564,116.737624383,-4.4,-0.000317438775785,-0.0289716650985,-0.997807015402,-7.76146779097,1.95455990004e-07,-4.88639975034e-05,-0.998124454178,-0.36349823901,0.342720828219,-7.79043945607,-0.381057684404,0.341796724173,0.617066769774,8.13223618024,15.0020058914,-4.4,114.709193274,-0.364183387482,0.342499819878,0.634276644937,8.25543721173,0.634276644937,8.25543721173,-0.524494886527,4,0
4500,9,2,0.3773008883,0,12.1999998093,0,0,0.580229233594,-0.428124776713,0.377300898122,6.54227381455,0.202928335472,-6.97039859126,0.0642195484818,-10.7605270643,12.2,-8.23305611751e-05,-0.0079524614527,0.377511732482,6.59912905776,-2.44319985354e-07,6.10799963314e-05,0.377429401921,0.579372798,-0.428401037137,6.5911765963,0.581953460141,-0.42805293394,0.20452405822,-7.01922953024,24.1015276945,12.2,-10.5532606649,0.580229233594,-0.428124776713,0.202928335472,-6.97039859126,0.202928335472,-6.97039859126,-0.143046850989,4,0
4510,9.02,1,-1.15536570549,0,-2.40000009537,0,0,-0.357222002812,0.357288273595,-1.1553656614,-7.76677904095,0.798143658588,8.12406731454,-1.58148030028,135.979738335,-2.4,-0.000204119195406,-0.018621431693,-1.15494666263,-7.66974726539,1.48737536787e-06,-0.000371843841972,-1.15515078183,-0.356505196668,0.359518603864,-7.68836869709,-0.367573585545,0.356856957648,0.78757719628,8.04522565473,18.4375829404,-2.4,134.735391827,-0.357222002812,0.357288273595,0.798143658588,8.12406731454,0.798143658588,8.12406731454,-0.337133792607,4,0
4510,9.02,2,0.50957930088,0,10.1999998093,0,0,0.571527502721,-0.446610343675,0.509579301613,6.60902675109,0.0619482011077,-7.05563709477,-0.258057860922,-28.6358989587,10.2,-0.000336156541109,-0.0311626672966,0.510316799367,6.78885675285,-1.85921918927e-06,0.00046480479732,0.509980642826,0.570631495037,-0.449398256481,6.75769408555,0.574065487096,-0.446504594326,0.06408484427,-7.20419867988,12.9842605954,10.2,-28.330812087,0.571527502721,-0.446610343675,0.0619482011077,-7.05563709477,0.0619482011077,-7.05563709477,-0.563144732638,4,0
4520,9.04,1,-1.30781435966,0,-0.40000000596,0,0,-0.349870928456,0.375929089527,-1.30781439961,-7.48713196918,0.957943471152,7.86306105871,-1.95007402365,154.00710105,-0.4,-0.000128128874193,-0.0116849718363,-1.30755177937,-7.42639063373,6.58501772832e-07,-0.000164625443208,-1.30767990824,-0.349118012419,0.376951894774,-7.43807560556,-0.364333434359,0.375326485114,0.943346473884,7.81340209068,21.3712484655,-0.4,152.268587319,-0.349870928456,0.375929089527,0.957943471152,7.86306105871,0.957943471152,7.86306105871,-0.211560293226,4,0
4520,9.04,2,0.638954818249,0,8.19999980927,0,0,0.562338659744,-0.469911363304,0.638954803895,6.30656024951,-0.0766161441508,-6.77647161281,-0.167399238416,-44.2305931441,8.2,-0.000513348293373,-0.0473267146515,0.640056125449,6.57063516231,-8.23127204064e-07,0.00020578180102,0.639542777156,0.561397514696,-0.471189869845,6.52330844765,0.56806530988,-0.469672752882,-0.0714774672759,-6.99298120054,3.53790455912,8.2,-43.5422020758,0.562338659744,-0.469911363304,-0.0766161441508,-6.77647161281,-0.0766161441508,-6.77647161281,-0.855790306751,4,0
4530,9.06,1,-1.45351183414,0,1.60000002384,0,0,-0.342292445853,0.382176295718,-1.45351184983,-7.10578324125,1.11121940398,7.48795953697,-1.73563596369,170.633796073,1.6,-7.59824547614e-05,-0.00691628163666,-1.45335733005,-7.07028583772,8.44964760383e-07,-0.000211241190091,-1.4534333125,-0.341526867664,0.383422817815,-7.07720211936,-0.355689078029,0.381618102711,1.09774423447,7.45882022207,23.8304692684,1.6,169.023409247,-0.342292445853,0.382176295718,1.11121940398,7.48795953697,1.11121940398,7.48795953697,-0.125249137501,4,0
4530,9.06,2,0.759163856506,0,6.19999980927,0,0,0.552865556464,-0.477720370929,0.759163869218,5.73427534044,-0.206298312754,-6.21199571137,-0.246678944983,-57.1758398928,6.2,-0.000616675885516,-0.0567250419373,0.760474676143,6.04635399853,-1.05620593416e-06,0.000264051483553,0.759858000257,0.551908583725,-0.479278523526,5.9896289566,0.559348663536,-0.477450241467,-0.200509336721,-6.46707919806,-4.4948803627,6.2,-56.3965163968,0.552865556464,-0.477720370929,-0.206298312754,-6.21199571137,-0.206298312754,-6.21199571137,-1.02600244102,4,0
4540,9.08,1,-1.59063458443,0,3.59999990463,0,0,-0.334508310132,0.396291561599,-1.59063461684,-6.63991564979,1.25612630671,7.03620721139,-1.61554149453,185.85712501,3.6,-3.28125887171e-05,-0.00295421497064,-1.5905709393,-6.62588862336,7.88436677612e-07,-0.000197109169402,-1.59060375189,-0.333714510959,0.39749091397,-6.62884283834,-0.347502201609,0.395750149454,1.24310155028,7.02459298779,25.8597212035,3.6,184.295150972,-0.334508310132,0.396291561599,1.25612630671,7.03620721139,1.25612630671,7.03620721139,-0.053567456564,4,0
4540,9.08,2,0.865718066692,0,4.19999980927,0,0,0.54313538679,-0.495364452969,0.86571806733,4.97131172073,-0.32258268054,-5.4666761737,-0.304164810208,-67.4887707747,4.2,-0.000662146773944,-0.0608364230954,0.867118688301,5.30351841137,-9.85545825949e-07,0.000246386456483,0.866456541527,0.542143137822,-0.4968636434,5.24268198827,0.549760136654,-0.495088421725,-0.316696404873,-5.73777041,-11.3641133599,4.2,-66.6924206348,0.54313538679,-0.495364452969,-0.32258268054,-5.4666761737,-0.32258268054,-5.4666761737,-1.10051495012,4,0
4550,9.1,1,-1.71757686138,0,5.59999990463,0,0,-0.326496421863,0.402758452904,-1.71757687011,-6.09598336588,1.39108044824,6.49874181879,-1.94809268882,199.463150971,5.6,1.19553093653e-05,0.00116470688798,-1.71760838752,-6.10463619978,8.63880511015e-08,-2.1597012777e-05,-1.71759643221,-0.325690838824,0.402856310399,-6.10347149289,-0.342876512692,0.402075949119,1.37471991952,6.50554744201,27.513803922,5.6,197.494127552,-0.326496421863,0.402758452904,1.39108044824,6.49874181879,1.39108044824,6.49874181879,0.0209307296058,4,0
4550,9.1,2,0.955463349819,0,2.20000004768,0,0,0.533120526436,-0.503448066903,0.955463378203,4.07440832178,-0.422342851766,-4.57785638868,-0.213835924807,-75.0222481353,2.2,-0.000668838209169,-0.061411849491,0.956874351925,4.40837371495,-1.07985061337e-07,2.69962653415e-05,0.956205513716,0.532113547636,-0.503570388769,4.34696186546,0.540583990727,-0.503137089224,-0.415621522989,-4.85009895468,-17.2821001915,2.2,-74.1250775321,0.533120526436,-0.503448066903,-0.422342851766,-4.57785638868,-0.422342851766,-4.57785638868,-1.11100652802,4,0
4560,9.12,1,-1.83279109001,0,7.59999990463,0,0,-0.318396605215,0.408410207731,-1.83279108276,-5.47474478506,1.51439447755,5.88315499279,-1.54644467496,211.296621665,7.6,6.32977129079e-05,0.00589002348999,-1.83293194574,-5.5094751211,4.83720414224e-07,-0.000120930103557,-1.83286864803,-0.317579048921,0.409140937594,-5.50358509761,-0.332146385832,0.407837300206,1.5007222622,5.91142239782,28.8552061499,7.6,209.643783453,-0.318396605215,0.408410207731,1.51439447755,5.88315499279,1.51439447755,5.88315499279,0.106393536718,4,0
4560,9.12,2,1.0261592865,0,0.20000000298,0,0,0.522995755614,-0.510512760222,1.0261593079,3.08079933071,-0.503163552286,-3.59131209093,-0.351213289066,-79.7513889869,0.2,-0.000653772364062,-0.0600099683754,1.02753668335,3.40648327653,-6.04650494451e-07,0.000151162623602,1.02688291099,0.521973810244,-0.511426172515,3.34647330815,0.5291057355,-0.510258177727,-0.497777175489,-3.85673148588,-22.4130709243,0.2,-79.016918488,0.522995755614,-0.510512760222,-0.503163552286,-3.59131209093,-0.503163552286,-3.59131209093,-1.08568378791,4,0
4570,9.14,1,-1.93472397327,0,9.60000038147,0,0,-0.310169809632,0.413251419928,-1.93472395515,-4.77560095976,1.62455414551,5.18885237968,-1.65885614338,221.171997347,9.6,0.0001213424177,0.0112280171046,-1.9349880621,-4.8396502254,8.69313745433e-08,-2.17328436351e-05,-1.93486671969,-0.309343158236,0.413390896594,-4.8284222083,-0.32565793853,0.412606081224,1.60920878116,5.24102828952,29.9524937978,9.6,219.310195186,-0.310169809632,0.413251419928,1.62455414551,5.18885237968,1.62455414551,5.18885237968,0.202946017872,4,0
4570,9.14,2,1.07613444328,0,-1.79999995232,0,0,0.512712261127,-0.516564275149,1.07613442676,2.01234547947,-0.56342216563,-2.52890975462,-0.327995001856,-81.619656694,-1.8,-0.000630624383917,-0.0578823768778,1.07746271615,2.32637350508,-1.08664205078e-07,2.71660512721e-05,1.07683209177,0.511678946881,-0.516738620961,2.2684911282,0.518695231608,-0.516314984712,-0.558136860163,-2.78480611292,-26.8720012356,-1.8,-80.9004537841,0.512712261127,-0.516564275149,-0.56342216563,-2.52890975462,-0.56342216563,-2.52890975462,-1.04719791176,4,0
4580,9.16,1,-2.02182269096,0,11.6000003815,0,0,-0.301897739709,0.414016546488,-2.02182270108,-3.99937219132,1.71992496137,4.41338873781,-1.53897277895,228.873792148,11.6,0.000183080844303,0.0168996388267,-2.0222173303,-4.09436528794,7.31516457408e-08,-1.82879114382e-05,-2.02203424946,-0.301069591119,0.414129158969,-4.07746564911,-0.317242087901,0.413377198646,1.70479216156,4.49084284776,30.8778683884,11.6,227.029273626,-0.301897739709,0.414016546488,1.71992496137,4.41338873781,1.71992496137,4.41338873781,0.305545743334,4,0
4580,9.16,2,1.10401797295,0,-3.79999995232,0,0,0.50237217372,-0.517520683223,1.1040179752,0.878907148948,-0.601645801484,-1.39642783217,-0.373233896958,-80.5027843529,-3.8,-0.000610486367863,-0.0560452187471,1.10530486354,1.18334852319,-9.14395396068e-08,2.28598849091e-05,1.10469437717,0.501336987981,-0.517661448799,1.12730330444,0.507702111902,-0.517298602466,-0.596992265273,-1.64460190691,-30.7250518421,-3.8,-79.8620813673,0.50237217372,-0.517520683223,-0.601645801484,-1.39642783217,-0.601645801484,-1.39642783217,-1.01393688258,4,0
4590,9.18,1,-2.09257769585,0,13.6000003815,0,0,-0.293615829977,0.413476307172,-2.09257758294,-3.14933379225,1.79896175296,3.56281009942,-1.57478790431,234.237643139,13.6,0.000244314884131,0.0225191803051,-2.09310112582,-3.27478795777,-1.93841455887e-07,4.84603639753e-05,-2.09285681094,-0.292789157324,0.413190945543,-3.25226877747,-0.310103898583,0.412789304314,1.78275291236,3.66505808178,31.7033152153,13.6,232.255639892,-0.293615829977,0.413476307172,1.79896175296,3.56281009942,1.79896175296,3.56281009942,0.407215342635,4,0
4590,9.18,2,1.10852539539,0,-5.80000019073,0,0,0.492019786556,-0.516845383748,1.10852541061,-0.319506856233,-0.616505624055,-0.197338527515,-0.368791818777,-76.2798334988,-5.8,-0.000603170663646,-0.0553988283056,1.10979921677,-0.0177100848347,2.42301841924e-07,-6.05754604778e-05,1.1091960461,0.490986445739,-0.516488681679,-0.0731089131403,0.497288957036,-0.516625834978,-0.611907089067,-0.443516921838,-33.9885436671,-5.8,-75.6464352972,0.492019786556,-0.516845383748,-0.616505624055,-0.197338527515,-0.616505624055,-0.197338527515,-1.00219002031,4,0
4600,9.2,1,-2.14556837082,0,15.6000003815,0,0,-0.285376672638,0.410837111555,-2.14556825708,-2.2307796622,1.86019158444,2.64161677376,-1.34257054773,237.10162313,15.6,0.000301348377959,0.0277489753321,-2.14621146363,-2.38443386693,-3.38720206328e-08,8.46800515819e-06,-2.14591011526,-0.28455502355,0.41079914013,-2.3566848916,-0.300720143348,0.410197800275,1.84518997191,2.76688269187,32.4957237431,15.6,235.257210088,-0.285376672638,0.410837111555,1.86019158444,2.64161677376,1.86019158444,2.64161677376,0.501842493881,4,0
4600,9.2,2,1.08827579021,0,-7.80000019073,0,0,0.481720839888,-0.513546389024,1.08827573676,-1.59154040874,-0.606554896867,1.07799401971,-0.445699895301,-68.7499344688,-7.8,-0.000618273998786,-0.0568248196954,1.08958506255,-1.28063744354,4.23400284832e-08,-1.05850071143e-05,1.08896678855,0.480693778529,-0.513498924739,-1.33746226324,0.4865641466,-0.513344584578,-0.602402641955,0.824117678661,-36.6263884832,-7.8,-68.1677286412,0.481720839888,-0.513546389024,-0.606554896867,1.07799401971,-0.606554896867,1.07799401971,-1.02790572289,4,0
4610,9.22,1,-2.17949008942,0,17.6000003815,0,0,-0.277187807886,0.406619945934,-2.17948997349,-1.24963672664,1.90230216561,1.65625667257,-1.56278168404,237.336621047,17.6,0.000352131108146,0.0324035731526,-2.18023952985,-1.42831765605,-5.82603661925e-07,0.00014565091548,-2.17988739874,-0.276375421171,0.405756404588,-1.3959140829,-0.295063840002,0.405875111262,1.88482355874,1.80178919416,33.3117676264,17.6,235.187773019,-0.277187807886,0.406619945934,1.90230216561,1.65625667257,1.90230216561,1.65625667257,0.586066343205,4,0
4610,9.22,2,1.04162716866,0,-9.80000019073,0,0,0.471484758958,-0.50827493178,1.04162716613,-2.95371606827,-0.57014240717,2.44544113649,-0.38030102592,-57.6572162366,-9.8,-0.000665702317551,-0.0612333884963,1.04304156936,-2.61698488988,7.28254600624e-07,-0.000182063650158,1.04237586704,0.470469275566,-0.507195505063,-2.67821827838,0.477534655957,-0.508022852739,-0.564841211081,2.17019542564,-38.5473663771,-9.8,-56.9299682016,0.471484758958,-0.50827493178,-0.57014240717,2.44544113649,-0.57014240717,2.44544113649,-1.10754906091,4,0
4620,9.24,1,-2.19327569008,0,18,0,0,-0.269151125895,0.397034343901,-2.19327570731,-0.232019868385,1.92412458142,0.629054212286,-1.40455231948,234.878733359,18,0.000384398704603,0.0353135397601,-2.19408851854,-0.424754013149,-4.95901548103e-07,0.00012397538703,-2.19370411983,-0.268357837199,0.396272421877,-0.389440473389,-0.286149726993,0.396326068855,1.90755439284,0.785766542244,32.6149703748,18,232.835359852,-0.269151125895,0.397034343901,1.92412458142,0.629054212286,1.92412458142,0.629054212286,0.638821187446,4,0
4620,9.24,2,0.966629505157,0,-11.8000001907,0,0,0.461438906486,-0.496292928927,0.966629525195,-4.41283967833,-0.505190618709,3.9165467494,-0.427433511893,-42.6570921394,-11.8,-0.000735374071219,-0.0676205793295,0.96819021258,-4.04163629026,6.1987694755e-07,-0.000154969236894,0.967454838509,0.460447295618,-0.495340526378,-4.10925686959,0.468058144579,-0.49601712734,-0.49939669393,3.61323974225,-39.6278246831,-11.8,-41.8614045604,0.461438906486,-0.496292928927,-0.505190618709,3.9165467494,-0.505190618709,3.9165467494,-1.22312109095,4,0
4630,9.26,1,-2.18685674667,0,18,0,0,-0.261257169056,0.392218263712,-2.18685667134,0.771465508546,1.92559950228,-0.379247244834,-1.39491664672,230.029866241,18,0.000391845601906,0.0359965954948,-2.18768491074,0.575109925962,-7.08138739813e-07,0.000177034684955,-2.18729306514,-0.260473742094,0.391182376899,0.611106521456,-0.278278422687,0.391509044811,1.90901464245,-0.219597476646,31.6631613434,18,227.983769711,-0.261257169056,0.392218263712,1.92559950228,-0.379247244834,1.92559950228,-0.379247244834,0.651179883483,4,0
4630,9.26,2,0.861548841,0,-13.8000001907,0,0,0.451571460458,-0.490272828572,0.861548854974,-5.95689289963,-0.409977394516,5.46662007106,-0.432661426172,-23.6651891385,-13.8,-0.000814719051451,-0.074965657501,0.863282262399,-5.54377533272,8.85173441378e-07,-0.000221293360345,0.862467543347,0.450592176757,-0.48897797003,-5.61874099022,0.459251586503,-0.48995282332,-0.403215956844,5.1287881669,-39.8332215703,-13.8,-22.7419739868,0.451571460458,-0.490272828572,-0.409977394516,5.46662007106,-0.409977394516,5.46662007106,-1.35587657789,4,0
4640,9.28,1,-2.16063213348,0,18,0,0,-0.253550460529,0.377092510713,-2.160632172,1.73712155456,1.90708171147,-1.36002904385,-1.5822128089,222.816424683,18,0.000366948723054,0.033541319136,-2.16139289782,1.55967798056,-1.15100616943e-06,0.000287751542363,-2.16102594909,-0.252798015208,0.375359405538,1.59321929969,-0.271763241699,0.376333644831,1.88926270739,-1.21688565486,30.8587806613,18,220.627096613,-0.253550460529,0.377092510713,1.90708171147,-1.36002904385,1.90708171147,-1.36002904385,0.607115261003,4,0
4640,9.28,2,0.724961996078,0,-13,0,0,0.441938074822,-0.471365637015,0.72496198953,-7.50962842221,-0.283023914708,7.03826278519,-0.366750755116,-0.724695225981,-13,-0.000897561979171,-0.082429566425,0.726857822221,-7.06052947548,1.43875773179e-06,-0.000359689432947,0.725960260242,0.440997518174,-0.469199255517,-7.1429590419,0.451292286602,-0.470975878191,-0.27466797364,6.67198316371,-28.1449414317,-13,0.399758981703,0.441938074822,-0.471365637015,-0.283023914708,7.03826278519,-0.283023914708,7.03826278519,-1.4912049628,4,0
4650,9.3,1,-2.11654019356,0,18,0,0,-0.246151470484,0.365689153114,-2.11654023706,2.56437502666,1.87038876658,-2.19868587355,-0.815574518778,213.921748484,18,0.000235313228275,0.0214013793639,-2.11701740224,2.45507292172,-1.49743752925e-07,3.74359382307e-05,-2.11678208901,-0.245420205324,0.365520272213,2.47647430109,-0.256160566318,0.365272107454,1.8606215227,-2.11120219363,30.248264325,18,212.718571755,-0.246151470484,0.365689153114,1.87038876658,-2.19868587355,1.87038876658,-2.19868587355,0.387602209651,4,0
4650,9.3,2,0.560689508915,0,-11,0,0,0.432689337296,-0.457111439834,0.560689522782,-8.73578612507,-0.128000185486,8.27867468523,-0.600813407582,24.1350093957,-11,-0.000878993532365,-0.0806615502762,0.562539464749,-8.2987589828,1.87179693523e-07,-4.67949233811e-05,0.561660471217,0.431775255849,-0.456900338705,-8.37942053308,0.439831422468,-0.456813852952,-0.121829048749,7.92260668012,-12.2092670777,-11,24.9935475508,0.432689337296,-0.457111439834,-0.128000185486,8.27867468523,-0.128000185486,8.27867468523,-1.45935156263,4,0
4660,9.32,1,-2.05760502815,0,18,0,0,-0.238934478261,0.35214942825,-2.05760495369,3.23564767912,1.81867047543,-2.88349825087,-1.62939982655,203.944791488,18,7.77463592925e-05,0.00691145508315,-2.05774756826,3.20592792284,-1.57344764831e-06,0.000393361912077,-2.0576698219,-0.238232511103,0.349803493088,3.21283937792,-0.253533386341,0.351541140413,1.80413643556,-2.86129823751,29.8287509906,18,202.189881079,-0.238934478261,0.35214942825,1.81867047543,-2.88349825087,1.81867047543,-2.88349825087,0.125510582315,4,0
4660,9.32,2,0.375930905342,0,-9,0,0,0.42366809705,-0.440186783563,0.375930912837,-9.59121289191,0.0477371842129,9.15102610835,-0.340996629615,49.7413131185,-9,-0.000813769476855,-0.07460232216,0.377636676,-9.18956251246,1.96680958048e-06,-0.000491702395113,0.376822906523,0.422790638106,-0.43725436458,-9.26416483462,0.43206089509,-0.439837083645,0.0552379885673,8.82432775098,2.74678041592,-9,50.750197383,0.42366809705,-0.440186783563,0.0477371842129,9.15102610835,0.0477371842129,9.15102610835,-1.34988089412,4,0
4670,9.34,1,-1.98700511456,0,18,0,0,-0.23212911423,0.329378889011,-1.98700507008,3.74721611499,1.75487595585,-3.41783722598,-1.22134293569,193.257206399,18,-8.8199503819e-05,-0.00832699357269,-1.98679742526,3.8004208557,-1.0144872033e-06,0.000253621800824,-1.98688562476,-0.231471963939,0.327814280246,3.79209386213,-0.241040116522,0.329007597249,1.74584550824,-3.46308626488,29.5578246549,18,192.186029665,-0.23212911423,0.329378889011,1.75487595585,-3.41783722598,1.75487595585,-3.41783722598,-0.150166201896,4,0
4670,9.34,2,0.178370982409,0,-7,0,0,0.415161392049,-0.41172360925,0.178370981796,-10.0523843785,0.236790410253,9.64066076921,-0.452267896518,75.1400641738,-7,-0.00069826986258,-0.0639318885098,0.179826909154,-9.71101848933,1.26810901441e-06,-0.000317027253603,0.179128639292,0.414339954189,-0.409767848277,-9.77495037784,0.421023798704,-0.411479342306,0.241895159412,9.36347103554,16.3793186747,-7,75.8447743071,0.415161392049,-0.41172360925,0.236790410253,9.64066076921,0.236790410253,9.64066076921,-1.15697802977,4,0
4680,9.36,1,-1.90783679485,0,18,0,0,-0.225635983872,0.319605556553,-1.90783680654,4.11084903689,1.68220082267,-3.79124348034,-1.32352537444,182.336808568,18,-0.000244068597268,-0.0226093632308,-1.90730303601,4.24072010374,-1.39768515076e-06,0.000349421287689,-1.90754710461,-0.224998776592,0.317555376312,4.21811074051,-0.233247056805,0.319288428514,1.6743000478,-3.898822312,29.3844068071,18,181.421894176,-0.225635983872,0.319605556553,1.68220082267,-3.79124348034,1.68220082267,-3.79124348034,-0.408610982369,4,0
4680,9.36,2,-0.0240283869207,0,-5,0,0,0.407044979143,-0.399506943579,-0.0240283861638,-10.1176326837,0.431073365307,9.71812574008,-0.416714825209,99.1693874272,-5,-0.000549185754686,-0.0502223545002,-0.0228890634809,-9.85156459342,1.74710645195e-06,-0.000436776612995,-0.0234382492356,0.406248470047,-0.396944218258,-9.90178694792,0.411140256883,-0.399336307006,0.434578506119,9.50245064091,28.3508385908,-5,99.6616739388,0.407044979143,-0.399506943579,0.431073365307,9.71812574008,0.431073365307,9.71812574008,-0.909001336903,4,0
4690,9.38,1,-1.82274782658,0,18,0,0,-0.21950293071,0.291853929447,-1.82274781399,4.35745136466,1.60324488328,-4.06559743521,-1.63835947588,171.232845668,18,-0.00036804733371,-0.033936270177,-1.82195778461,4.54697069561,-1.95905055536e-06,0.000489762638838,-1.82232583194,-0.218922196903,0.288897615761,4.51303442543,-0.228027415133,0.291498742596,1.59429841681,-4.22153568284,29.250122221,18,170.208131603,-0.21950293071,0.291853929447,1.60324488328,-4.06559743521,1.60324488328,-4.06559743521,-0.613645410904,4,0
4690,9.38,2,-0.223710626364,0,-3,0,0,0.399378662735,-0.364817409451,-0.223710626757,-9.82621703695,0.623089289492,9.4613996275,-0.2977985814,121.234525234,-3,-0.000404520511452,-0.0369750146192,-0.222873286802,-9.63099216045,2.44881320965e-06,-0.000612203302416,-0.223277807313,0.398652745481,-0.361122017321,-9.66796717507,0.402468877701,-0.364688650494,0.625746685014,9.30327852457,38.4836242759,-3,121.605994825,0.399378662735,-0.364817409451,0.623089289492,9.4613996275,0.623089289492,9.4613996275,-0.669268172105,4,0
4700,9.4,1,-1.76340639591,0,18,0,0,-0.213902695193,0.273163788932,-1.76340639571,1.81887311978,1.54950370052,-1.54570933085,-0.436940687792,171.746933224,18,-0.0033171828646,-0.30018489696,-1.75673442326,3.33153590355,-2.4621520861e-07,6.15538021545e-05,-1.76005160613,-0.213356554114,0.272885878173,3.03135100659,-0.172283976799,0.274897902198,1.58776762933,-2.7564531044,30.7679735254,18,176.749849998,-0.213902695193,0.273163788932,1.54950370052,-1.54570933085,1.54950370052,-1.54570933085,-5.43985746136,4,0
4700,9.4,2,-0.259999990463,0,-1,0,0,0.392378368388,-0.34145473367,-0.320869923344,-0.726792834821,0.713248291732,0.385338101151,-0.658636414711,81.1486546887,-1,-0.02860594969,-0.227562037537,-0.26,0,3.07769012609e-07,-7.69422531586e-05,-0.28860594969,0.391695692044,-0.34110734522,-0.227562037537,0.462878460115,-0.338517229848,0.751484409805,-0.110955192311,9.64734838846,-1,89.623353215,0.392378368388,-0.34145473367,0.713248291732,0.385338101151,0.713248291732,0.385338101151,-9.13333494108,4,4
4710,9.42,1,-1.73136746883,0,18,0,0,-0.208592583731,0.252055664151,-1.73136751756,1.64153426475,1.52277493383,-1.3894786006,-1.7392427477,174.14507824,18,-0.000932962731472,-0.0838820979406,-1.72957910998,2.03298984952,-2.36044126892e-06,0.00059011031723,-1.73051207271,-0.208091980537,0.248531266315,1.94910775157,-0.210406104726,0.251980100776,1.52010596798,-1.6971276508,31.843933831,18,173.927077904,-0.208592583731,0.252055664151,1.52277493383,-1.3894786006,1.52277493383,-1.3894786006,-1.52124241149,4,0
4710,9.42,2,-0.259999990463,0,1,0,0,0.385740729111,-0.315069577554,-0.30765601659,1.12471388601,0.693396745702,-1.43978346357,-0.23802717988,74.3756197126,1,-0.0232385884282,0.078965643304,-0.26,0.78634445758,2.95055160043e-06,-0.000737637900108,-0.283238588428,0.385114975123,-0.310664080238,0.865310100884,0.41036740368,-0.314043466114,0.693605992109,-1.179353567,13.2011288877,1,77.335951218,0.385740729111,-0.315069577554,0.693396745702,-1.43978346357,0.693396745702,-1.43978346357,-3.19835868536,4,4
4720,9.44,1,-1.69330120087,0,18,0,0,-0.203900216787,0.219050259009,-1.69330123099,2.14378860778,1.4894010142,-1.92473834877,-1.13450360441,168.770847085,18,-0.000181169717866,-0.0163481349133,-1.69294790022,2.22272145265,-1.40163944998e-06,0.000350409862493,-1.69312906994,-0.20346434299,0.216885668734,2.20637331774,-0.210872685639,0.218759739474,1.4822563843,-1.98761357826,31.5670942965,18,167.932698225,-0.203900216787,0.219050259009,1.4894010142,-1.92473834877,1.4894010142,-1.92473834877,-0.296354744443,4,0
4720,9.44,2,-0.259999990463,0,3,0,0,0.379875270486,-0.273812820944,-0.286966067133,0.881964920224,0.666841337619,-1.15577774117,-0.399009773706,71.2828547114,3,-0.0132828033715,-0.0527836737359,-0.26,1.19819368309,1.75204931913e-06,-0.000438012329784,-0.273282803372,0.379330428245,-0.271107083089,1.14541000935,0.404797230306,-0.272774405951,0.678080033677,-1.4181844153,19.9410599011,3,74.2786819648,0.379875270486,-0.273812820944,0.666841337619,-1.15577774117,0.666841337619,-1.15577774117,-3.39483702711,4,4
4730,9.46,1,-1.64480721951,0,18,0,0,-0.199649140135,0.205585873001,-1.6448072325,2.64113898128,1.44515809237,-2.43555310828,-1.33551767968,160.900841145,18,-0.000148223733435,-0.0137047346561,-1.64448614534,2.71876787312,-1.90615236931e-06,0.000476538092329,-1.64463436907,-0.19924070688,0.202787013503,2.70506313846,-0.208698287879,0.205208825178,1.43593608119,-2.49985431328,31.010847283,18,159.813058177,-0.199649140135,0.205585873001,1.44515809237,-2.43555310828,1.44515809237,-2.43555310828,-0.247734711318,4,0
4730,9.46,2,-0.259999990463,0,5,0,0,0.374561424728,-0.256982338369,-0.27201337883,0.685751611207,0.646574803558,-0.942733949576,-0.327291375688,70.7394230108,5,-0.0060918508894,-0.065277996559,-0.26,1.03608967085,2.38269047043e-06,-0.0005956726176,-0.266091850889,0.374050883164,-0.253483763984,0.970811674292,0.390257440867,-0.256328337697,0.656349291756,-1.22714001199,28.5355861296,5,72.6262149508,0.374561424728,-0.256982338369,0.646574803558,-0.942733949576,0.646574803558,-0.942733949576,-2.21408331571,4,4
4740,9.48,1,-1.58727276325,0,18,0,0,-0.195884319224,0.168803775387,-1.58727276519,3.05899352929,1.39138844597,-2.8901897539,-1.73732339913,152.032222505,18,-0.00021426848749,-0.0197625387246,-1.5868123613,3.16953726666,-2.51328721351e-06,0.000628321803375,-1.58702662979,-0.195550534767,0.165007262837,3.14977472794,-0.20736424904,0.168325444978,1.37966238075,-2.98144928296,30.448774971,18,150.652239275,-0.195884319224,0.168803775387,1.39138844597,-2.8901897539,1.39138844597,-2.8901897539,-0.357340169192,4,0
4740,9.48,2,-0.257620483637,0,7,0,0,0.369855398648,-0.211004716202,-0.257620481549,0.789410487606,0.627475880196,-1.00041520381,-0.170805418694,69.0586401538,7,-0.00053649497739,-0.0536703409757,-0.256453180353,1.07521936949,3.1416090257e-06,-0.000785402256431,-0.25698967533,0.369438168083,-0.206259075501,1.02154902851,0.376435034607,-0.210730564704,0.633424709937,-1.23227959321,36.2021489363,7,69.8495672264,0.369855398648,-0.211004716202,0.627475880196,-1.00041520381,0.627475880196,-1.00041520381,-0.96173249127,4,0
4750,9.5,1,-1.52253758907,0,18,0,0,-0.192808385131,0.145248281094,-1.52253762555,3.30637960817,1.32972924041,-3.16113132708,-0.256966850155,142.703155633,18,-0.000411657977563,-0.0392382071775,-1.52158751867,3.544434358,-3.10787884372e-07,7.7696971091e-05,-1.52199917664,-0.192518124258,0.144897345622,3.50519615082,-0.189065859269,0.145404219672,1.33293331737,-3.35979193115,29.8976841362,18,143.153038429,-0.192808385131,0.145248281094,1.32972924041,-3.16113132708,1.32972924041,-3.16113132708,-0.706849646532,4,0
4750,9.5,2,-0.238063290715,0,9,0,0,0.366010481094,-0.18156034826,-0.238063293937,1.18935811902,0.604073775031,-1.37091846728,-0.611718118508,64.8180100471,9,-0.000409561752922,-0.0370356314519,-0.237235179666,1.37959861409,3.88484856451e-07,-9.71212141081e-05,-0.237644741419,0.365647655009,-0.181121678919,1.34256298264,0.36650535395,-0.181539728557,0.604150095369,-1.5241027112,42.6432409075,9,64.8774978883,0.366010481094,-0.18156034826,0.604073775031,-1.37091846728,0.604073775031,-1.37091846728,-0.671205959792,4,0
4760,9.52,1,-1.45516550541,0,18,0,0,-0.190093113872,0.119306451106,-1.45516547861,3.44052089257,1.26507236474,-3.32121444146,-1.87918508038,134.173307099,18,-0.000484861482447,-0.0444031516193,-1.4541533751,3.67813112782,-2.84162438685e-06,0.000710406096714,-1.45463823658,-0.189858731037,0.115060199235,3.6337279762,-0.199041255985,0.118933611852,1.25559698059,-3.51479436435,29.4962794095,18,133.097665849,-0.190093113872,0.119306451106,1.26507236474,-3.32121444146,1.26507236474,-3.32121444146,-0.803543830539,4,0
4760,9.52,2,-0.207818821073,0,11,0,0,0.362616392082,-0.149133060704,-0.207818819303,1.79420730108,0.570435211385,-1.94334036179,-0.0848707981054,58.0345373411,11,-0.000328409138747,-0.0300968934101,-0.207131313567,1.95588311941,3.55203049029e-06,-0.000888007622578,-0.207459722706,0.362323413545,-0.143825245854,1.925786226,0.366440869457,-0.14897370748,0.573900592163,-2.07475993348,47.8753795627,11,58.4942713921,0.362616392082,-0.149133060704,0.570435211385,-1.94334036179,0.570435211385,-1.94334036179,-0.5446048492,4,0
4770,9.54,1,-1.38429749012,0,18,0,0,-0.188121670638,0.0803422447402,-1.38429748855,3.6269411815,1.19617581791,-3.54659893676,-1.15624212791,124.860071038,18,-0.000437044753046,-0.0401290736731,-1.38337592585,3.84504831003,-1.60720019915e-06,0.000401800049787,-1.38381297061,-0.187963543619,0.0778581096888,3.80491923635,-0.191700992842,0.080193106315,1.19211197777,-3.72472613004,28.9640245168,18,124.429806682,-0.188121670638,0.0803422447402,1.19617581791,-3.54659893676,1.19617581791,-3.54659893676,-0.725977771355,4,0
4770,9.54,2,-0.163861691952,0,13,0,0,0.360152088105,-0.100427802668,-0.163861685216,2.55391512727,0.524013773321,-2.65434292994,-0.274781559674,49.0702883105,13,-0.000259807056148,-0.0237366797475,-0.163324669115,2.6789287576,2.00900025116e-06,-0.000502250062794,-0.163584476171,0.359954429337,-0.0973226338505,2.65519207786,0.36144058672,-0.100374115226,0.525025062892,-2.75556619308,52.3086452849,13,49.2251765816,0.360152088105,-0.100427802668,0.524013773321,-2.65434292994,0.524013773321,-2.65434292994,-0.429669830741,4,0
4780,9.56,1,-1.30984115601,0,18,0,0,-0.186663402293,0.0649312038698,-1.30984114966,3.79869961399,1.12317774737,-3.73376841012,-1.43014894858,115.15939354,18,-0.000438136444996,-0.0402399398272,-1.30891592912,4.0178683542,-2.16766516378e-06,0.000541916290949,-1.30935406557,-0.186536658244,0.0617462755479,3.97762841438,-0.192504825216,0.064687811248,1.11684924035,-3.91294060313,28.3314916554,18,114.457205827,-0.186663402293,0.0649312038698,1.12317774737,-3.73376841012,1.12317774737,-3.73376841012,-0.727961234675,4,0
4780,9.56,2,-0.102876007557,0,15,0,0,0.358329252739,-0.0811640015589,-0.102876005423,3.47733482086,0.461205258162,-3.55849882242,-0.176268471052,37.2057534688,15,-0.000170607727937,-0.0155494692077,-0.102527058295,3.55788082416,2.70958145754e-06,-0.000677395364384,-0.102697666023,0.358170822684,-0.0771828411525,3.54233135495,0.359205063235,-0.0811275094549,0.461902729257,-3.62345886441,55.826187302,15,37.3110331888,0.358329252739,-0.0811640015589,0.461205258162,-3.55849882242,0.461205258162,-3.55849882242,-0.281548191087,4,0
4790,9.58,1,-1.23205769062,0,18,0,0,-0.185754570642,0.0238839954748,-1.23205764226,3.96440751139,1.04630307162,-3.94052351592,-1.86694960455,104.928583681,18,-0.000429203992704,-0.0393775259501,-1.23115510121,4.1774584146,-2.7419111838e-06,0.000685477795949,-1.2315843052,-0.185710979482,0.0197391469277,4.13808088865,-0.195358746915,0.0234838214634,1.03622555829,-4.11459706719,27.6056321197,18,103.774081659,-0.185754570642,0.0238839954748,1.04630307162,-3.94052351592,1.04630307162,-3.94052351592,-0.712447581801,4,0
4790,9.58,2,-0.0218918994069,0,17,0,0,0.357193213241,-0.0298549910288,-0.0218919001731,4.53410634141,0.379085113414,-4.56396133244,-0.00256724252573,22.4858811419,17,-9.3253578577e-05,-0.00847649044016,-0.0217034062602,4.57720222494,3.4273889809e-06,-0.00085684724522,-0.0217966598388,0.357138724297,-0.0246739303431,4.5687257345,0.358449043743,-0.0298026647579,0.380245703582,-4.59852839926,58.4240618346,17,22.6368424335,0.357193213241,-0.0298549910288,0.379085113414,-4.56396133244,0.379085113414,-4.56396133244,-0.153528534129,4,0
4800,9.6,1,-1.15051364899,0,18,0,0,-0.185601445221,-0.00148508526619,-1.15051362194,4.19482397874,0.964912176717,-4.19630906401,-0.29950345495,94.1353953497,18,-0.000337282321444,-0.030670857228,-1.14982901988,4.35166326961,-3.35095970416e-07,8.37739926026e-05,-1.1501663022,-0.185604669736,-0.00186357948073,4.32099241238,-0.183471905119,-0.00139635442862,0.966694397085,-4.32238876681,26.7414554174,18,94.3913838162,-0.185601445221,-0.00148508526619,0.964912176717,-4.19630906401,0.964912176717,-4.19630906401,-0.555491921365,4,0
4800,9.6,2,0.0806310921907,0,16.0999851227,0,0,0.357001806531,0.00185635990127,0.0806310891091,5.56181735891,0.276370717422,-5.55996099901,-0.466508783726,5.10364793387,16.099985629,-0.000100740187993,-0.00946715231131,0.080862612607,5.62035234412,4.18869963048e-07,-0.000104717490762,0.080761872419,0.357005837181,0.00232947766951,5.61088519181,0.354541975149,0.00175386692704,0.27378010273,-5.60913132489,48.938321245,16.099985629,4.80795570322,0.357001806531,0.00185635990127,0.276370717422,-5.55996099901,0.276370717422,-5.55996099901,-0.170816553076,4,0
4810,9.62,1,-1.06215035915,0,18,0,0,-0.185832795197,-0.0288996878371,-1.06215037105,4.63465484224,0.876317575853,-4.66355453007,-2.03151145098,81.7139070936,18,-9.35427811505e-05,-0.00821769059442,-1.06198793757,4.66650502785,-2.95465660288e-06,0.000738664150723,-1.06208148036,-0.18589499854,-0.0333176642256,4.65828733726,-0.201489514954,-0.0295520511604,0.860591965402,-4.68783938842,25.5699909653,18,79.8318389061,-0.185832795197,-0.0288996878371,0.876317575853,-4.66355453007,0.876317575853,-4.66355453007,-0.149443263492,4,0
4810,9.62,2,0.199255153537,0,14.0999860764,0,0,0.357290994067,0.0361246131081,0.199255157932,6.1669691276,0.158035836135,-6.13084451449,0.0982495688056,-12.3526898374,14.099985629,-0.000278512704482,-0.025855319774,0.199869198039,6.31732530992,3.6933207519e-06,-0.000923330187973,0.199590685335,0.357368748253,0.0416470835911,6.29146999015,0.361994570839,0.0363205954736,0.162403885504,-6.25514939468,36.1367138157,14.099985629,-11.7872807129,0.357290994067,0.0361246131081,0.158035836135,-6.13084451449,0.158035836135,-6.13084451449,-0.467159555645,4,0
4820,9.64,1,-0.96253913641,0,18,0,0,-0.186837688954,-0.0687746293347,-0.96253915027,5.29152299033,0.775701461316,-5.36029761967,-1.28405476658,66.7169547171,18,0.000170484847757,0.0159589606386,-0.962928262012,5.19395758364,-1.60453772025e-06,0.000401134430061,-0.962757777164,-0.186977795094,-0.0712564733264,5.20991654428,-0.199916076983,-0.0693195621692,0.762841700181,-5.27923610645,23.9646229088,18,65.1448234895,-0.186837688954,-0.0687746293347,0.775701461316,-5.36029761967,0.775701461316,-5.36029761967,0.288076460987,4,0
4820,9.64,2,0.325187921524,0,12.0999860764,0,0,0.35854711133,0.0859682899422,0.325187914563,6.33980910381,0.0333591967667,-6.25384081387,-0.0960432298714,-28.3767348831,12.099985629,-0.000483392681138,-0.0446814019588,0.326235619161,6.59307390491,2.00567214792e-06,-0.000501418036975,0.32575222648,0.358722244011,0.0890705949281,6.54839250295,0.364467421316,0.0862149695249,0.0387151948359,-6.46217753343,24.8247665577,12.099985629,-27.6650642868,0.35854711133,0.0859682899422,0.0333591967667,-6.25384081387,0.0333591967667,-6.25384081387,-0.80771382612,4,0
4830,9.66,1,-0.848111569881,0,18,0,0,-0.188361157054,-0.0841357245935,-0.848111561801,6.08872666708,0.659750404747,-6.17286239167,-1.59538583993,49.1379190998,18,0.000362388812142,0.0334931179618,-0.848896953016,5.89894910907,-2.14834285259e-06,0.000537085713149,-0.848534564204,-0.188532522727,-0.0872940935824,5.93244222703,-0.206669824334,-0.0848985857302,0.64186473987,-6.01734081276,21.8944699199,18,46.9370647206,-0.188361157054,-0.0841357245935,0.659750404747,-6.17286239167,0.659750404747,-6.17286239167,0.60546853932,4,0
4830,9.66,2,0.450074344873,0,10.0999860764,0,0,0.36045144652,0.105169658992,0.450074343344,6.10770059655,-0.0896228968241,-6.00253093755,0.0164576171007,-42.3350450105,10.099985629,-0.000693273504126,-0.0639597274216,0.451565460684,6.46604061268,2.68542856219e-06,-0.000671357140549,0.45087218718,0.360665653618,0.109117620223,6.40208088526,0.370208854647,0.105576217664,-0.0806633325323,-6.29650466759,15.1022874713,10.099985629,-41.1621232418,0.36045144652,0.105169658992,-0.0896228968241,-6.00253093755,-0.0896228968241,-6.00253093755,-1.15646415154,4,0
4840,9.68,1,-0.716869235039,0,18,0,0,-0.190426059709,-0.12413011123,-0.716869219076,6.95398973487,0.526443159367,-7.0781198461,-2.01060083842,28.8642868721,18,0.000486612046988,0.0448018043735,-0.717907501787,6.7060866307,-2.61530274551e-06,0.000653825686379,-0.71742088974,-0.190678309362,-0.128086303716,6.75088843507,-0.213892479575,-0.125107878725,0.503528410164,-6.8759963138,19.3713562359,18,26.0434276507,-0.190426059709,-0.12413011123,0.526443159367,-7.0781198461,0.526443159367,-7.0781198461,0.810258382998,4,0
4840,9.68,2,0.566170871258,0,8.09998607635,0,0,0.363032574903,0.155162642206,0.566170869436,5.50436087638,-0.203138294533,-5.34919823417,0.184842694264,-53.14120437,8.09998562895,-0.000901652762151,-0.0830863291245,0.568100975571,5.96648789558,3.26912842513e-06,-0.000817282106286,0.567199322809,0.363347886976,0.160107882802,5.88340156646,0.377069382866,0.155747509204,-0.190129939943,-5.72765405726,7.02563754087,8.09998562895,-51.4538630794,0.363032574903,0.155162642206,-0.203138294533,-5.34919823417,-0.203138294533,-5.34919823417,-1.50249859633,4,0
4850,9.7,1,-0.568433344364,0,16.6000003815,0,0,-0.193215581352,-0.148026049181,-0.568433328537,7.7837459246,0.375217747185,-7.93177197378,-0.55914036986,6.46701990524,16.6,0.000514580149754,0.0471581094151,-0.569511258028,7.53015817698,-3.15990196481e-07,7.89975491202e-05,-0.568996677879,-0.193511873499,-0.148383065754,7.5773162864,-0.204965760979,-0.148515639999,0.3640309169,-7.7258319264,15.0540033698,16.6,5.05455039598,-0.193215581352,-0.148026049181,0.375217747185,-7.93177197378,0.375217747185,-7.93177197378,0.853329139395,4,0
4850,9.7,2,0.666597306728,0,6.09998559952,0,0,0.366519477019,0.185032564576,0.66659730246,4.58818509289,-0.300077825441,-4.40315252832,-0.242028129419,-60.4110078585,6.09998562895,-0.00108072583089,-0.0994209376498,0.668895514207,5.13556760137,3.94987744734e-07,-9.87469361796e-05,0.667814788376,0.366889842208,0.185478835291,5.03614666372,0.379465386753,0.185571977482,-0.288349401623,-4.85057468624,0.572516393701,6.09998562895,-58.854801626,0.366519477019,0.185032564576,-0.300077825441,-4.40315252832,-0.300077825441,-4.40315252832,-1.79823436193,4,0
4860,9.72,1,-0.405414700508,0,14.6000003815,0,0,-0.196363579671,-0.173361684454,-0.405414714631,8.4166950878,0.209051134959,-8.59005677226,-2.17654190864,-17.0115685458,14.6,0.000410575247083,0.0375103258709,-0.406263301842,8.21918122501,-2.68489385905e-06,0.000671223464761,-0.405852726595,-0.196714310346,-0.177379007814,8.25669155088,-0.220118484933,-0.174351472173,0.185734241662,-8.43104302305,9.92520459919,14.6,-19.8671061158,-0.196363579671,-0.173361684454,0.209051134959,-8.59005677226,0.209051134959,-8.59005677226,0.678995661374,4,0
4860,9.72,2,0.746254265308,0,4.09998559952,0,0,0.370454474979,0.216702108583,0.746254256599,3.4607673058,-0.37579978162,-3.24406519722,0.287482801257,-63.9180138104,4.09998562895,-0.00118608663343,-0.109036458239,0.748768798001,4.05826365559,3.35611731372e-06,-0.000839029328432,0.747582711367,0.370892888329,0.221723762768,3.94922719735,0.389253460907,0.217485399663,-0.35832925046,-3.73174179769,-4.51470576965,4.09998562895,-61.6582190437,0.370454474979,0.216702108583,-0.37579978162,-3.24406519722,-0.37579978162,-3.24406519722,-1.97231196545,4,0
4870,9.74,1,-0.232397675514,0,12.6000003815,0,0,-0.200214619904,-0.208981303337,-0.232397676382,8.80423708683,0.0321830564773,-9.01321839017,-1.50139850455,-40.6916788155,12.6,0.000257224316716,0.023395671635,-0.232919366864,8.68469933157,-1.39399695467e-06,0.000348499238668,-0.232662142547,-0.200634807543,-0.211139317255,8.70809500321,-0.216229452372,-0.209648588023,0.0164326901757,-8.91774359123,4.76804509838,12.6,-42.6167951351,-0.200214619904,-0.208981303337,0.0321830564773,-9.01321839017,0.0321830564773,-9.01321839017,0.42371781497,4,0
4870,9.74,2,0.801656186581,0,2.09998559952,0,0,0.375268275329,0.261226632038,0.801656157106,2.18863266032,-0.426387881777,-1.92740602828,0.11400977276,-63.5171942928,2.09998562895,-0.00124454293313,-0.11433120915,0.804287209088,2.81241131993,1.74249618656e-06,-0.00043562404664,0.803042666155,0.375793509884,0.263924149424,2.69808011078,0.393422269331,0.261983048454,-0.409620396824,-2.43609706233,-8.48884462802,2.09998562895,-61.3349329305,0.375268275329,0.261226632038,-0.426387881777,-1.92740602828,-0.426387881777,-1.92740602828,-2.06825158956,4,0
4880,9.76,1,-0.05439542979,0,10.6000003815,0,0,-0.204522449259,-0.222302323289,-0.054395430886,8.94294219145,-0.150127018373,-9.16524451474,-1.80979970424,-63.6690445691,10.6,9.84259846892e-05,0.00883844971085,-0.0545841751963,8.90178733968,-1.8506887666e-06,0.000462672191651,-0.0544857492116,-0.204969723117,-0.225024945722,8.9106257894,-0.220911601608,-0.222985204637,-0.166425852397,-9.13361099403,-0.246899003006,10.6,-65.6391572578,-0.204522449259,-0.222302323289,-0.150127018373,-9.16524451474,-0.150127018373,-9.16524451474,0.160312984434,4,0
4880,9.76,2,0.83071064949,0,0.0999856293201,0,0,0.380653062079,0.277877906913,0.830710628641,0.845839891543,-0.450057566561,-0.56796198463,0.22596913354,-59.540603484,0.0999856289501,-0.00124407556039,-0.114197466636,0.833332173714,1.46575520456,2.31336094886e-06,-0.000578340237209,0.832088098154,0.381212154408,0.28128118494,1.35155773792,0.399719885849,0.278672357903,-0.432368212305,-1.07288538002,-11.6074202273,0.0999856289501,-57.2486123767,0.380653062079,0.277877906913,-0.450057566561,-0.56796198463,-0.450057566561,-0.56796198463,-2.06602197377,4,0
4890,9.78,1,0.123960100114,0,8.60000038147,0,0,-0.209293564664,-0.256062355528,0.123960101759,8.86995278972,-0.333253666423,-9.12601514525,-2.14960539022,-85.7001331391,8.6,-2.48929254665e-05,-0.00240799634235,0.124024432362,8.88733777022,-2.1498648444e-06,0.000537466211097,0.123999539436,-0.20980897455,-0.25931734151,8.88492977388,-0.226815627808,-0.256792441492,-0.350815167244,-9.14172221537,-4.97841863574,8.6,-87.8064311461,-0.209293564664,-0.256062355528,-0.333253666423,-9.12601514525,-0.333253666423,-9.12601514525,-0.0433073831672,4,0
4890,9.78,2,0.832850277424,0,-1.90001440048,0,0,0.38661695639,0.32007794702,0.832850293706,-0.491252412058,-0.446233337316,0.811330359078,0.367282628106,-52.0191211736,-1.90001437105,-0.00117649289982,-0.107898088001,0.835320405151,0.0911533290682,2.68733104175e-06,-0.000671832760443,0.834143912252,0.387261218753,0.324146679478,-0.0167447589331,0.40591294535,0.32088194656,-0.428230966901,0.337626705493,-14.1683346761,-1.90001437105,-49.6995825007,0.38661695639,0.32007794702,-0.446233337316,0.811330359078,-0.446233337316,0.811330359078,-1.95225604479,4,0
4900,9.8,1,0.299151957035,0,6.59999990463,0,0,-0.214664332719,-0.27538927667,0.299151971932,8.653775676,-0.513816304652,-8.92916495267,-1.00213209114,-106.484165057,6.6,-8.13231768069e-05,-0.00748374763626,0.299325451959,8.69512440626,-2.55945839217e-07,6.39864598044e-05,0.299244128782,-0.215215305924,-0.275678561784,8.68764065863,-0.221874964919,-0.275689719679,-0.521119093701,-8.9633303783,-9.3443377532,6.6,-107.350943136,-0.214664332719,-0.27538927667,-0.513816304652,-8.92916495267,-0.513816304652,-8.92916495267,-0.135354012127,4,0
4900,9.8,2,0.808944582939,0,-3.90001440048,0,0,0.39333041651,0.344236598317,0.80894459239,-1.75650937142,-0.415614175881,2.10074596974,0.0328582092567,-41.5994043163,-3.90001437105,-0.00104639484581,-0.0958757248577,0.811132946469,-1.24215405628,3.19932297321e-07,-7.99830743295e-05,0.810086551623,0.394019133021,0.344598204707,-1.33802978114,0.408036365493,0.344849346191,-0.40205018613,1.68287912733,-16.4629973129,-3.90001437105,-39.831626699,0.39333041651,0.344236598317,-0.415614175881,2.10074596974,-0.415614175881,2.10074596974,-1.73491940812,4,0
4910,9.82,1,0.429207086563,0,4.59999990463,0,0,-0.220321135746,-0.295363548485,0.429207082532,3.06692396284,-0.649528218278,-3.36228751132,-2.29532134876,-110.522722499,4.6,-0.00720290132013,-0.657133668943,0.444533785492,6.68266614227,-2.06728567145e-06,0.000516821417865,0.437330884172,-0.220914954314,-0.298459748474,6.02553247332,-0.140445022821,-0.292035377113,-0.577775906993,-6.31756785044,-10.5593789405,4.6,-100.920948091,-0.220321135746,-0.295363548485,-0.649528218278,-3.36228751132,-0.649528218278,-3.36228751132,-11.8970957566,4,0
4910,9.82,2,0.793413758278,0,-5.90001440048,0,0,0.400401420341,0.369204437934,0.793413780942,1.46359112761,-0.393012360601,-1.09438668967,0.458597929156,-41.3311961317,-5.90001437105,0.00501152586263,0.458574007746,0.782591317067,-1.11596448559,2.58410707232e-06,-0.000646026768078,0.78760284293,0.401143693556,0.373074687895,-0.657390477847,0.335174668227,0.366486656596,-0.452428174703,1.02387713444,-26.7847279039,-5.90001437105,-49.1719952921,0.400401420341,0.369204437934,-0.393012360601,-1.09438668967,-0.393012360601,-1.09438668967,8.29939708956,4,0
4920,9.84,1,0.443365514278,0,2.59999990463,0,0,-0.226519395171,-0.322113091699,0.443365501986,-0.505619225569,-0.669884897157,0.18350613387,-1.77987733621,-86.0892545876,2.6,-0.00359399367792,-0.3242961428,0.450402470276,1.06016504617,-1.0028548266e-06,0.000250713706648,0.446808476598,-0.22716522627,-0.323667690819,0.735868903367,-0.192421029267,-0.320692326453,-0.639229505865,-1.05656122982,-7.4089741789,2.6,-81.9903468528,-0.226519395171,-0.322113091699,-0.669884897157,0.18350613387,-0.669884897157,0.18350613387,-5.87878507096,4,0
4920,9.84,2,0.850844204426,0,-7.90001440048,0,0,0.408149244667,0.402641366711,0.850844191131,3.42866538835,-0.442694946464,-3.02602402164,0.328499967667,-62.9540858095,-7.90001437105,0.00283942305737,0.256510801705,0.845252315038,2.17832788461,1.25356852287e-06,-0.000313392130713,0.848091738096,0.408956533545,0.404584615595,2.43483868631,0.372204631121,0.40114367448,-0.475887106974,-2.03369501183,-48.1955542003,-7.90001437105,-67.2749278961,0.408149244667,0.402641366711,-0.442694946464,-3.02602402164,-0.442694946464,-3.02602402164,4.6493420543,4,0
4930,9.86,1,0.423050135374,0,0.600000023842,0,0,-0.233053478498,-0.331668211661,0.423050122345,-1.2285807873,-0.656103600843,0.896912575635,-2.04528599029,-75.4066924857,0.6,-0.000733977945068,-0.0653713743807,0.424396967184,-0.946153565841,-1.31326592664e-06,0.000328316481661,0.423662989239,-0.233718713308,-0.333602354112,-1.01152494022,-0.240194582704,-0.331965757669,-0.663857571944,0.679559182552,-7.35941913187,0.6,-76.2651127205,-0.233053478498,-0.331668211661,-0.656103600843,0.896912575635,-0.656103600843,0.896912575635,-1.18686575554,4,0
4930,9.86,2,0.916347265244,0,-9.90001392365,0,0,0.416316848867,0.414585266565,0.91634727723,2.97321062568,-0.500030428363,-2.55862535911,0.425491275363,-71.4812988703,-9.90001437105,0.000747130057409,0.0671822267123,0.914913476122,2.65941263842,1.64158239424e-06,-0.000410395598555,0.915660606179,0.417148392383,0.417002944608,2.72659486513,0.409721022263,0.414310440456,-0.505939583916,-2.31228442468,-58.5045658016,-9.90001437105,-72.2741721933,0.416316848867,0.414585266565,-0.500030428363,-2.55862535911,-0.500030428363,-2.55862535911,1.21836459842,4,0
4940,9.88,1,0.398823708296,0,-1.39999997616,0,0,-0.239912677655,-0.354820057979,0.398823709929,-1.14374346311,-0.638736387584,0.788923405135,-2.26552371221,-72.0835059253,-1.4,0.000224324764059,0.0212186040085,0.398288590842,-1.2815517152,-1.40589798459e-06,0.000351474496143,0.398512915606,-0.240624473074,-0.356952132876,-1.26033311119,-0.261941863633,-0.355737940728,-0.660454779239,0.904595170462,-8.76937093324,-1.4,-74.7315976564,-0.239912677655,-0.354820057979,-0.638736387584,0.788923405135,-0.638736387584,0.788923405135,0.382568018836,4,0
4940,9.88,2,0.963608920574,0,-11.9000139236,0,0,0.42489084785,0.443525074188,0.963608902955,1.8147026462,-0.538718055105,-1.37117757201,0.521497040795,-71.3703707826,-11.900014371,9.69678314115e-05,0.00853921048538,0.963441137186,1.7815258482,1.75737246183e-06,-0.000439343115455,0.963538105018,0.425780592127,0.446190167782,1.79006505868,0.427937656996,0.443652024569,-0.535600448022,-1.34641303411,-63.5470810666,-11.900014371,-71.0041189332,0.42489084785,0.443525074188,-0.538718055105,-1.37117757201,-0.538718055105,-1.37117757201,0.155245191397,4,0
4950,9.9,1,0.379237860441,0,-3.40000009537,0,0,-0.247168874225,-0.367074034108,0.379237857631,-0.825721704592,-0.626406731856,0.458647670484,-1.5705348712,-71.6389774255,-3.4,0.000545451024973,0.0503285385921,0.378062818021,-1.10825852611,-1.62742035736e-07,4.06855089352e-05,0.378608269046,-0.24790314633,-0.367258108997,-1.05792998752,-0.267804033342,-0.367933832404,-0.646412302388,0.689996155118,-10.6936937405,-3.4,-74.119495511,-0.247168874225,-0.367074034108,-0.626406731856,0.458647670484,-0.626406731856,0.458647670484,0.909983214269,4,0
4950,9.9,2,0.984978377819,0,-13.9000139236,0,0,0.433961093594,0.458842544172,0.984978402393,0.439138288396,-0.551017308798,0.0197042557757,0.32290580636,-66.2049751246,-13.900014371,-7.45166458015e-05,-0.00693021125851,0.985144836995,0.48014633823,2.03427542311e-07,-5.08568855731e-05,0.985070320349,0.434878933729,0.459072637781,0.473216126972,0.437688758475,0.458997863542,-0.547381561874,-0.0142182634301,-66.6273938303,-13.900014371,-65.7568787421,0.433961093594,0.458842544172,-0.551017308798,0.0197042557757,-0.551017308798,0.0197042557757,-0.12519057613,4,0
4960,9.92,1,0.366816997528,0,-5.40000009537,0,0,-0.254601606374,-0.379099145774,0.366817007,-0.455901853302,-0.621418613374,0.0768027075279,-2.37177534151,-72.7622683069,-5.4,0.000652629295442,0.0599538780447,0.365436576418,-0.783178852523,-1.18184719355e-06,0.000295461798383,0.366089205713,-0.255361579782,-0.380873089566,-0.723224974478,-0.283354539877,-0.38029718467,-0.649443745591,0.342927789808,-12.8469914312,-5.4,-76.2186105219,-0.254601606374,-0.379099145774,-0.621418613374,0.0768027075279,-0.621418613374,0.0768027075279,1.08456687344,4,0
4960,9.92,2,0.977896153927,0,-15.9000139236,0,0,0.443252008809,0.473873933557,0.977896164119,-1.00731987066,-0.534644155309,1.48119380422,0.589763298437,-56.9628744531,-15.900014371,-0.000100205615937,-0.0091705924626,0.978105035249,-0.95844828314,1.47730897015e-06,-0.000369327242541,0.978004829633,0.444201975572,0.476091363264,-0.967618875602,0.449538862933,0.474135885812,-0.5284659667,1.44175476141,-68.7485600763,-15.900014371,-56.207142197,0.443252008809,0.473873933557,-0.534644155309,1.48119380422,-0.534644155309,1.48119380422,-0.165968957661,4,0
4970,9.94,1,0.36119517684,0,-7.40000009537,0,0,-0.262344060211,-0.393513036198,0.361195172786,-0.154941622115,-0.623539232997,-0.238571414083,-2.08258313258,-74.6768968934,-7.4,0.000629293199762,0.0576563558497,0.359878707511,-0.464239475499,-4.8178633999e-07,0.000120446584992,0.360508000711,-0.263131863156,-0.394262812104,-0.406583119649,-0.288348156881,-0.394596540226,-0.648856157592,0.0119865794232,-15.0758884617,-7.4,-77.802806014,-0.262344060211,-0.393513036198,-0.623539232997,-0.238571414083,-0.623539232997,-0.238571414083,1.04332598795,4,0
4970,9.94,2,0.941836595535,0,-17.9000148773,0,0,0.45293007613,0.491891296287,0.941836614934,-2.44874860128,-0.488906538804,2.94063989757,0.519922106256,-44.0640013443,-17.900014371,-5.70796591152e-05,-0.00511589522464,0.941945769012,-2.42519925698,6.02232912428e-07,-0.000150558228101,0.941888689353,0.453914829813,0.492828516149,-2.4303151522,0.45802735772,0.49210368302,-0.483861331633,2.92241883522,-70.3059842786,-17.900014371,-43.4512656199,0.45293007613,0.491891296287,-0.488906538804,2.94063989757,-0.488906538804,2.94063989757,-0.0928136181444,4,0
4980,9.96,1,0.360891222954,0,-9.39999961853,0,0,-0.270257864564,-0.398064328297,0.360891214072,0.0973436789912,-0.631149078636,-0.495408007288,-2.27035796851,-76.8535875907,-9.4,0.000631138252981,0.0578986105879,0.35956351735,-0.216105904733,-6.05700953338e-07,0.000151425238333,0.360194655603,-0.271054874832,-0.398959410045,-0.158207294145,-0.297859231212,-0.399214385241,-0.658053886814,-0.241007091096,-17.3086127231,-9.4,-80.1715018732,-0.270257864564,-0.398064328297,-0.631149078636,-0.495408007288,-0.631149078636,-0.495408007288,1.04755631398,4,0
4980,9.96,2,0.877261757851,0,-18,0,0,0.46282233159,0.49758041129,0.877261729834,-3.85303761514,-0.414439398244,4.35061802643,0.58938623616,-28.1056689186,-18,-6.11169409614e-05,-0.00557061622068,0.877387813156,-3.82381993975,7.571261747e-07,-0.000189281543675,0.877326696215,0.463818594428,0.498699263451,-3.82939055597,0.468564450536,0.497819666247,-0.408762245678,4.32721022222,-64.0300974786,-18,-27.4154183703,0.46282233159,0.49758041129,-0.414439398244,4.35061802643,-0.414439398244,4.35061802643,-0.100864312196,4,0
4990,9.98,1,0.36225861311,0,-11.3999996185,0,0,-0.278316493655,-0.407608516582,0.36225861767,0.041487072096,-0.640575111324,-0.449095588678,-2.34221237927,-78.3315427993,-11.4,0.000366953905028,0.0336410923765,0.36149113999,-0.139131150315,-4.79787906404e-07,0.000119946976605,0.361858093896,-0.279132456885,-0.408341456239,-0.105490057938,-0.30286491659,-0.408631367538,-0.664723010486,-0.303141309599,-19.3736331269,-11.4,-81.2824678063,-0.278316493655,-0.407608516582,-0.640575111324,-0.449095588678,-0.640575111324,-0.449095588678,0.60871262779,4,0
4990,9.98,2,0.789578914642,0,-17,0,0,0.472895617969,0.509510646325,0.789578923354,-4.81755674235,-0.316683305385,5.32706738867,0.627631344319,-10.9049604242,-17,0.000218128623185,0.0199509154228,0.789123778344,-4.92415912021,5.99734861384e-07,-0.00014993371535,0.789341906967,0.473915572009,0.510426820863,-4.90420820478,0.475112901867,0.509603033154,-0.3142290051,5.41381123794,-54.2117556797,-17,-10.6384244223,0.472895617969,0.509510646325,-0.316683305385,5.32706738867,-0.316683305385,5.32706738867,0.361095342417,4,0
